cycle,step,t_ms,phase,servo6_q_target,servo6_q_measured,servo6_q_delta,servo6_baseline_delta,servo7_q_target,servo7_q_measured,servo7_q_delta,servo7_baseline_delta,servo8_q_target,servo8_q_measured,servo8_q_delta,servo8_baseline_delta,servo9_q_target,servo9_q_measured,servo9_q_delta,servo9_baseline_delta
0,0,9.0,CLOSE,0.005,0.0,0.005,0.00153,0.005,0.00678,-0.00178,0.00161,0.005,0.00173,0.00327,0.005,0.005,0.0,0.005,0.005
0,1,29.7,CLOSE,0.01,0.0,0.01,0.01,0.01,0.00508,0.00492,0.00661,0.01,0.00173,0.00827,0.01,0.01,0.0,0.01,0.01
0,2,49.6,CLOSE,0.015,0.0,0.015,0.015,0.015,0.00678,0.00822,0.01161,0.015,0.00173,0.01327,0.015,0.015,0.0,0.015,0.015
0,3,70.9,CLOSE,0.02,0.0,0.02,0.02,0.02,0.00678,0.01322,0.01661,0.02,0.00173,0.01827,0.02,0.02,0.0,0.02,0.02
0,4,90.8,CLOSE,0.025,0.0,0.025,0.025,0.025,0.00678,0.01822,0.02161,0.025,0.00173,0.02327,0.025,0.025,0.0,0.025,0.025
0,5,111.8,CLOSE,0.03,0.00174,0.02826,0.03,0.03,0.00508,0.02492,0.02661,0.03,0.00173,0.02827,0.03,0.03,0.0,0.03,0.03
0,6,134.0,CLOSE,0.035,0.0,0.035,0.035,0.035,0.00678,0.02822,0.03161,0.035,0.00173,0.03327,0.035,0.035,0.0,0.035,0.02923
0,7,154.1,CLOSE,0.04,0.0,0.04,0.04,0.04,0.00508,0.03492,0.03661,0.04,0.00173,0.03827,0.04,0.04,0.0,0.04,0.04
0,8,173.9,CLOSE,0.045,0.0,0.045,0.045,0.045,0.00678,0.03822,0.03992,0.045,0.00173,0.04327,0.045,0.045,0.0,0.045,0.045
0,9,196.2,CLOSE,0.05,0.0,0.05,0.04132,0.05,0.00508,0.04492,0.04492,0.05,0.00347,0.04653,0.05,0.05,0.0,0.05,0.05
0,10,218.1,CLOSE,0.055,0.00521,0.04979,0.04806,0.055,0.00847,0.04653,0.04483,0.055,0.0052,0.0498,0.05153,0.055,0.00192,0.05308,0.05115
0,11,238.1,CLOSE,0.06,0.01042,0.04958,0.04958,0.06,0.01186,0.04814,0.04983,0.06,0.01213,0.04787,0.0496,0.06,0.00577,0.05423,0.05423
0,12,259.0,CLOSE,0.065,0.01562,0.04937,0.04417,0.065,0.01356,0.05144,0.04805,0.065,0.0208,0.0442,0.04594,0.065,0.01538,0.04962,0.05154
0,13,279.6,CLOSE,0.07,0.02431,0.04569,0.04743,0.07,0.02542,0.04458,0.04966,0.07,0.0208,0.0492,0.0492,0.07,0.01923,0.05077,0.04692
0,14,300.9,CLOSE,0.075,0.03299,0.04201,0.04375,0.075,0.0322,0.0428,0.04958,0.075,0.02946,0.04554,0.0438,0.075,0.025,0.05,0.05
0,15,322.1,CLOSE,0.08,0.04167,0.03833,0.04007,0.08,0.03729,0.04271,0.04949,0.08,0.03813,0.04187,0.04014,0.08,0.03269,0.04731,0.04538
0,16,341.1,CLOSE,0.085,0.05035,0.03465,0.03639,0.085,0.04068,0.04432,0.04771,0.085,0.04159,0.04341,0.04167,0.085,0.04615,0.03885,0.04462
0,17,360.4,CLOSE,0.09,0.05903,0.03097,0.03271,0.09,0.04576,0.04424,0.04085,0.09,0.04679,0.04321,0.03801,0.09,0.05192,0.03808,0.03615
0,18,381.1,CLOSE,0.095,0.06771,0.02729,0.02903,0.095,0.05424,0.04076,0.03907,0.095,0.05373,0.04127,0.03434,0.095,0.06154,0.03346,0.03731
0,19,402.4,CLOSE,0.1,0.07639,0.02361,0.02535,0.1,0.06271,0.03729,0.03898,0.1,0.06066,0.03934,0.03414,0.1,0.06731,0.03269,0.03462
0,20,422.9,CLOSE,0.105,0.0816,0.0234,0.02514,0.105,0.07627,0.02873,0.0372,0.105,0.06759,0.03741,0.03221,0.105,0.075,0.03,0.03
0,21,444.9,CLOSE,0.11,0.08681,0.02319,0.02493,0.11,0.08136,0.02864,0.03542,0.11,0.07452,0.03548,0.02854,0.11,0.08462,0.02538,0.02923
0,22,464.3,CLOSE,0.115,0.09201,0.02299,0.02472,0.115,0.08305,0.03195,0.03364,0.115,0.08146,0.03354,0.02834,0.115,0.09231,0.02269,0.02654
0,23,485.3,CLOSE,0.12,0.09549,0.02451,0.02451,0.12,0.08983,0.03017,0.03186,0.12,0.08839,0.03161,0.02815,0.12,0.1,0.02,0.02385
0,24,506.8,CLOSE,0.125,0.10417,0.02083,0.02604,0.125,0.09492,0.03008,0.03008,0.125,0.09532,0.02968,0.02621,0.125,0.10192,0.02308,0.02115
0,25,528.2,CLOSE,0.13,0.10243,0.02757,0.02931,0.13,0.1,0.03,0.02831,0.13,0.10225,0.02775,0.02255,0.13,0.11154,0.01846,0.02423
0,26,548.8,CLOSE,0.135,0.10417,0.03083,0.0291,0.135,0.10339,0.03161,0.02483,0.135,0.10919,0.02581,0.01888,0.135,0.11538,0.01962,0.01962
0,27,568.6,CLOSE,0.14,0.1059,0.0341,0.03583,0.14,0.10678,0.03322,0.02814,0.14,0.11438,0.02562,0.02388,0.14,0.11923,0.02077,0.02654
0,28,590.0,CLOSE,0.145,0.10764,0.03736,0.03736,0.145,0.11017,0.03483,0.02297,0.145,0.11958,0.02542,0.02715,0.145,0.12115,0.02385,0.02962
0,29,611.3,CLOSE,0.15,0.10938,0.04063,0.04063,0.15,0.11356,0.03644,0.02119,0.15,0.12305,0.02695,0.03042,0.15,0.125,0.025,0.03269
0,30,631.7,CLOSE,0.155,0.11111,0.04389,0.04215,0.155,0.11695,0.03805,0.02449,0.155,0.12478,0.03022,0.03195,0.155,0.12692,0.02808,0.03577
0,31,652.0,CLOSE,0.16,0.11632,0.04368,0.04368,0.16,0.11864,0.04136,0.02441,0.16,0.12825,0.03175,0.03695,0.16,0.12885,0.03115,0.03885
0,32,673.4,CLOSE,0.165,0.11979,0.04521,0.04347,0.165,0.12373,0.04127,0.02432,0.165,0.13692,0.02808,0.03675,0.165,0.13654,0.02846,0.03423
0,33,695.5,CLOSE,0.17,0.12326,0.04674,0.04153,0.17,0.12542,0.04458,0.02593,0.17,0.13865,0.03135,0.03655,0.17,0.13462,0.03538,0.04115
0,34,716.4,CLOSE,0.175,0.13194,0.04306,0.04479,0.175,0.1339,0.0411,0.02754,0.175,0.13518,0.03982,0.03982,0.175,0.13846,0.03654,0.04231
0,35,737.2,CLOSE,0.18,0.13368,0.04632,0.04458,0.18,0.13559,0.04441,0.02576,0.18,0.13865,0.04135,0.04135,0.18,0.14231,0.03769,0.04154
0,36,757.3,CLOSE,0.185,0.14062,0.04438,0.04438,0.185,0.14068,0.04432,0.03246,0.185,0.14038,0.04462,0.03595,0.185,0.15,0.035,0.03692
0,37,778.4,CLOSE,0.19,0.14757,0.04243,0.03722,0.19,0.14576,0.04424,0.03576,0.19,0.14558,0.04442,0.04442,0.19,0.15192,0.03808,0.04
0,38,798.9,CLOSE,0.195,0.15451,0.04049,0.04049,0.195,0.15085,0.04415,0.03907,0.195,0.15078,0.04422,0.04422,0.195,0.15962,0.03538,0.03923
0,39,820.0,CLOSE,0.2,0.15972,0.04028,0.04028,0.2,0.15593,0.04407,0.04237,0.2,0.15945,0.04055,0.04402,0.2,0.16154,0.03846,0.03654
0,40,840.9,CLOSE,0.205,0.1684,0.0366,0.03486,0.205,0.16271,0.04229,0.04737,0.205,0.15945,0.04555,0.04382,0.205,0.17308,0.03192,0.03577
0,41,861.8,CLOSE,0.21,0.17361,0.03639,0.03639,0.21,0.17288,0.03712,0.0439,0.21,0.16811,0.04189,0.04362,0.21,0.17885,0.03115,0.035
0,42,882.4,CLOSE,0.215,0.18056,0.03444,0.03618,0.215,0.1678,0.0472,0.0472,0.215,0.17158,0.04342,0.04342,0.215,0.18077,0.03423,0.03423
0,43,903.4,CLOSE,0.22,0.18576,0.03424,0.03597,0.22,0.17288,0.04712,0.0539,0.22,0.17851,0.04149,0.04149,0.22,0.18654,0.03346,0.02769
0,44,923.8,CLOSE,0.225,0.19618,0.02882,0.03403,0.225,0.17797,0.04703,0.05551,0.225,0.18544,0.03956,0.03782,0.225,0.19231,0.03269,0.03269
0,45,945.1,CLOSE,0.23,0.18924,0.04076,0.03382,0.23,0.18136,0.04864,0.05712,0.23,0.19064,0.03936,0.03589,0.23,0.19808,0.03192,0.02615
0,46,965.5,CLOSE,0.235,0.20486,0.03014,0.03014,0.235,0.18644,0.04856,0.05703,0.235,0.19931,0.03569,0.03049,0.235,0.20577,0.02923,0.02923
0,47,986.0,CLOSE,0.24,0.21007,0.02993,0.03514,0.24,0.19492,0.04508,0.05695,0.24,0.20277,0.03723,0.03203,0.24,0.21538,0.02462,0.01308
0,48,1007.2,CLOSE,0.245,0.21181,0.03319,0.03667,0.245,0.2,0.045,0.05686,0.245,0.20971,0.03529,0.03529,0.245,0.225,0.02,0.01615
0,49,1028.4,CLOSE,0.25,0.21528,0.03472,0.03819,0.25,0.20169,0.04831,0.05508,0.25,0.21837,0.03163,0.0351,0.25,0.23462,0.01538,0.01346
0,50,1048.9,CLOSE,0.255,0.22049,0.03451,0.04146,0.255,0.20678,0.04822,0.04992,0.255,0.22357,0.03143,0.03143,0.255,0.24038,0.01462,0.01077
0,51,1070.4,CLOSE,0.26,0.22396,0.03604,0.04299,0.26,0.21186,0.04814,0.05661,0.26,0.22357,0.03643,0.03296,0.26,0.24808,0.01192,0.01
0,52,1090.5,CLOSE,0.265,0.22917,0.03583,0.04451,0.265,0.21864,0.04636,0.05314,0.265,0.22877,0.03623,0.03276,0.265,0.25385,0.01115,0.00923
0,53,1112.9,CLOSE,0.27,0.23438,0.03563,0.04604,0.27,0.22712,0.04288,0.05136,0.27,0.23744,0.03256,0.0343,0.27,0.25962,0.01038,0.01038
0,54,1131.6,CLOSE,0.275,0.23785,0.03715,0.0441,0.275,0.23051,0.04449,0.04958,0.275,0.23744,0.03756,0.03583,0.275,0.26154,0.01346,0.01154
0,55,1154.5,CLOSE,0.28,0.24306,0.03694,0.04215,0.28,0.23898,0.04102,0.0478,0.28,0.24263,0.03737,0.0339,0.28,0.26538,0.01462,0.01077
0,56,1174.0,CLOSE,0.285,0.24479,0.04021,0.04021,0.285,0.24407,0.04093,0.04263,0.285,0.24783,0.03717,0.0337,0.285,0.275,0.01,0.01192
0,57,1195.6,CLOSE,0.29,0.24826,0.04174,0.04,0.29,0.25254,0.03746,0.04254,0.29,0.25303,0.03697,0.03177,0.29,0.275,0.015,0.015
0,58,1215.9,CLOSE,0.295,0.25,0.045,0.03806,0.295,0.26102,0.03398,0.03907,0.295,0.25823,0.03677,0.0385,0.295,0.28077,0.01423,0.00846
0,59,1237.6,CLOSE,0.3,0.25868,0.04132,0.03611,0.3,0.2678,0.0322,0.02712,0.3,0.2617,0.0383,0.04003,0.3,0.28269,0.01731,0.01346
0,60,1258.2,CLOSE,0.305,0.26215,0.04285,0.0359,0.305,0.27119,0.03381,0.03381,0.305,0.26863,0.03637,0.0381,0.305,0.29038,0.01462,0.01462
0,61,1279.1,CLOSE,0.31,0.2691,0.0409,0.03396,0.31,0.27627,0.03373,0.03203,0.31,0.27383,0.03617,0.04137,0.31,0.29808,0.01192,0.01385
0,62,1299.7,CLOSE,0.315,0.27431,0.04069,0.02681,0.315,0.27797,0.03703,0.03534,0.315,0.27903,0.03597,0.0429,0.315,0.29808,0.01692,0.015
0,63,1319.6,CLOSE,0.32,0.28125,0.03875,0.03181,0.32,0.28136,0.03864,0.03695,0.32,0.28076,0.03924,0.04097,0.32,0.30577,0.01423,0.01423
0,64,1340.6,CLOSE,0.325,0.28819,0.03681,0.02986,0.325,0.29153,0.03347,0.03856,0.325,0.28596,0.03904,0.0425,0.325,0.31154,0.01346,0.01154
0,65,1361.6,CLOSE,0.33,0.29514,0.03486,0.02965,0.33,0.29153,0.03847,0.04017,0.33,0.28943,0.04057,0.04057,0.33,0.31731,0.01269,0.01077
0,66,1382.3,CLOSE,0.335,0.30035,0.03465,0.02944,0.335,0.29153,0.04347,0.04008,0.335,0.29116,0.04384,0.04037,0.335,0.325,0.01,0.00808
0,67,1403.2,CLOSE,0.34,0.30729,0.03271,0.02924,0.34,0.29492,0.04508,0.04339,0.34,0.29289,0.04711,0.03844,0.34,0.32885,0.01115,0.00731
0,68,1423.4,CLOSE,0.345,0.3125,0.0325,0.03076,0.345,0.29831,0.04669,0.045,0.345,0.29809,0.04691,0.03824,0.345,0.33654,0.00846,0.00462
0,69,1446.0,CLOSE,0.35,0.31771,0.03229,0.03056,0.35,0.30339,0.04661,0.04322,0.35,0.30329,0.04671,0.03804,0.35,0.35,0.0,0.00577
0,70,1465.5,CLOSE,0.355,0.32465,0.03035,0.03208,0.355,0.30847,0.04653,0.03975,0.355,0.30849,0.04651,0.03438,0.355,0.35,0.005,0.00308
0,71,1486.0,CLOSE,0.36,0.33507,0.02493,0.03188,0.36,0.31186,0.04814,0.04136,0.36,0.31542,0.04458,0.03418,0.36,0.35385,0.00615,0.00231
0,72,1507.7,CLOSE,0.365,0.34028,0.02472,0.03167,0.365,0.31864,0.04636,0.03958,0.365,0.32236,0.04264,0.02531,0.365,0.36154,0.00346,0.00154
0,73,1528.1,CLOSE,0.37,0.33854,0.03146,0.02799,0.37,0.32373,0.04627,0.04797,0.37,0.32929,0.04071,0.03205,0.37,0.36538,0.00462,0.00462
0,74,1548.9,CLOSE,0.375,0.34375,0.03125,0.03125,0.375,0.3339,0.0411,0.0428,0.375,0.33795,0.03705,0.03185,0.375,0.37308,0.00192,0.00769
0,75,1570.2,CLOSE,0.38,0.34722,0.03278,0.03104,0.38,0.3339,0.0461,0.04271,0.38,0.34315,0.03685,0.03165,0.38,0.375,0.005,0.00692
0,76,1591.6,CLOSE,0.385,0.3559,0.0291,0.03083,0.385,0.33898,0.04602,0.04263,0.385,0.35009,0.03491,0.03145,0.385,0.38077,0.00423,0.00615
0,77,1612.2,CLOSE,0.39,0.35764,0.03236,0.03236,0.39,0.34746,0.04254,0.04593,0.39,0.35529,0.03471,0.03125,0.39,0.38462,0.00538,0.00731
0,78,1634.0,CLOSE,0.395,0.36285,0.03215,0.02868,0.395,0.35254,0.04246,0.04754,0.395,0.36222,0.03278,0.02932,0.395,0.39038,0.00462,0.00077
0,79,1653.9,CLOSE,0.4,0.36806,0.03194,0.03368,0.4,0.35254,0.04746,0.04746,0.4,0.36742,0.03258,0.02738,0.4,0.39808,0.00192,0.0
0,80,1676.4,CLOSE,0.405,0.37326,0.03174,0.03,0.405,0.36102,0.04398,0.04568,0.405,0.37435,0.03065,0.03065,0.405,0.40385,0.00115,-0.00077
0,81,1695.4,CLOSE,0.41,0.38021,0.02979,0.02806,0.41,0.3661,0.0439,0.0439,0.41,0.37782,0.03218,0.02872,0.41,0.40962,0.00038,-0.00538
0,82,1715.7,CLOSE,0.415,0.38194,0.03306,0.03306,0.415,0.37119,0.04381,0.04212,0.415,0.38475,0.03025,0.03198,0.415,0.41731,-0.00231,-0.00231
0,83,1738.2,CLOSE,0.42,0.38889,0.03111,0.03111,0.42,0.37797,0.04203,0.04203,0.42,0.39515,0.02485,0.03352,0.42,0.42308,-0.00308,-0.005
0,84,1757.6,CLOSE,0.425,0.3941,0.0309,0.03264,0.425,0.38644,0.03856,0.03856,0.425,0.39515,0.02985,0.03505,0.425,0.42885,-0.00385,-0.00385
0,85,1779.2,CLOSE,0.43,0.39931,0.03069,0.03243,0.43,0.38814,0.04186,0.03847,0.43,0.40381,0.02619,0.03485,0.43,0.43654,-0.00654,-0.00269
0,86,1799.3,CLOSE,0.435,0.40278,0.03222,0.03396,0.435,0.39322,0.04178,0.04347,0.435,0.40381,0.03119,0.03639,0.435,0.44231,-0.00731,-0.00346
0,87,1819.7,CLOSE,0.44,0.40799,0.03201,0.03201,0.44,0.39661,0.04339,0.04339,0.44,0.40728,0.03272,0.03619,0.44,0.44615,-0.00615,-0.00615
0,88,1840.9,CLOSE,0.445,0.41493,0.03007,0.03181,0.445,0.40169,0.04331,0.04331,0.445,0.41248,0.03252,0.03772,0.445,0.45,-0.005,-0.00692
0,89,1860.7,CLOSE,0.45,0.41667,0.03333,0.03333,0.45,0.40678,0.04322,0.04492,0.45,0.42114,0.02886,0.03752,0.45,0.45577,-0.00577,-0.00577
0,90,1881.7,CLOSE,0.455,0.42535,0.02965,0.03486,0.455,0.41017,0.04483,0.04314,0.455,0.42461,0.03039,0.03732,0.455,0.45962,-0.00462,-0.00654
0,91,1902.9,CLOSE,0.46,0.42882,0.03118,0.02771,0.46,0.41525,0.04475,0.04475,0.46,0.42461,0.03539,0.03192,0.46,0.46731,-0.00731,-0.00731
0,92,1924.5,CLOSE,0.465,0.43229,0.03271,0.03271,0.465,0.42881,0.03619,0.04636,0.465,0.42981,0.03519,0.03519,0.465,0.47115,-0.00615,-0.00615
0,93,1943.5,CLOSE,0.47,0.43576,0.03424,0.03424,0.47,0.42203,0.04797,0.03949,0.47,0.43328,0.03672,0.03846,0.47,0.48077,-0.01077,-0.005
0,94,1963.9,CLOSE,0.475,0.43924,0.03576,0.03229,0.475,0.42881,0.04619,0.04619,0.475,0.43674,0.03826,0.03306,0.475,0.48654,-0.01154,-0.00769
0,95,1984.9,CLOSE,0.48,0.44618,0.03382,0.03208,0.48,0.4322,0.0478,0.0461,0.48,0.44194,0.03806,0.03286,0.48,0.48846,-0.00846,-0.00654
0,96,2006.5,CLOSE,0.485,0.45139,0.03361,0.03361,0.485,0.43729,0.04771,0.04432,0.485,0.44714,0.03786,0.03439,0.485,0.49231,-0.00731,-0.00731
0,97,2027.8,CLOSE,0.49,0.46181,0.02819,0.0334,0.49,0.44407,0.04593,0.03746,0.49,0.45581,0.03419,0.03419,0.49,0.5,-0.01,-0.01
0,98,2048.8,CLOSE,0.495,0.46701,0.02799,0.03319,0.495,0.44746,0.04754,0.04585,0.495,0.46101,0.03399,0.03573,0.495,0.50577,-0.01077,-0.01269
0,99,2069.2,CLOSE,0.5,0.46701,0.03299,0.03472,0.5,0.45424,0.04576,0.04068,0.5,0.4662,0.0338,0.0338,0.5,0.51538,-0.01538,-0.01154
0,100,2090.0,CLOSE,0.505,0.47222,0.03278,0.03278,0.5,0.46271,0.03729,0.03898,0.505,0.4714,0.0336,0.02666,0.5,0.51731,-0.01731,-0.01923
0,101,2110.9,CLOSE,0.51,0.47743,0.03257,0.02563,0.5,0.46271,0.03729,0.0339,0.51,0.4766,0.0334,0.03513,0.5,0.52115,-0.02115,-0.025
0,102,2131.9,CLOSE,0.515,0.48611,0.02889,0.03236,0.5,0.47627,0.02373,0.02203,0.515,0.48007,0.03493,0.0332,0.5,0.53269,-0.03269,-0.03077
0,103,2153.3,CLOSE,0.52,0.48611,0.03389,0.03042,0.5,0.47627,0.02373,0.02203,0.52,0.48527,0.03473,0.03473,0.5,0.53846,-0.03846,-0.03654
0,104,2173.7,CLOSE,0.525,0.49653,0.02847,0.03194,0.5,0.47966,0.02034,0.01695,0.525,0.49567,0.02933,0.02933,0.5,0.54038,-0.04038,-0.04231
0,105,2195.1,CLOSE,0.53,0.50694,0.02306,0.01958,0.5,0.48644,0.01356,0.01017,0.53,0.50433,0.02567,0.02567,0.5,0.54423,-0.04423,-0.04615
0,106,2216.5,CLOSE,0.535,0.51042,0.02458,0.01938,0.5,0.48983,0.01017,0.00508,0.535,0.50953,0.02547,0.022,0.5,0.54808,-0.04808,-0.05
0,107,2238.1,CLOSE,0.54,0.52257,0.01743,0.02611,0.5,0.49831,0.00169,-0.00339,0.54,0.51646,0.02354,0.0218,0.5,0.55192,-0.05192,-0.05192
0,108,2258.3,CLOSE,0.545,0.52951,0.01549,0.01896,0.5,0.50339,-0.00339,-0.00678,0.545,0.52166,0.02334,0.01987,0.5,0.55,-0.05,-0.05385
0,109,2278.5,CLOSE,0.55,0.53125,0.01875,0.01875,0.5,0.50678,-0.00678,-0.00847,0.55,0.52166,0.02834,0.02487,0.5,0.55192,-0.05192,-0.05769
0,110,2299.6,CLOSE,0.555,0.53299,0.02201,0.02201,0.5,0.50678,-0.00678,-0.00847,0.555,0.52513,0.02987,0.0316,0.5,0.55,-0.05,-0.05962
0,111,2320.7,CLOSE,0.56,0.53472,0.02528,0.01833,0.5,0.51186,-0.01186,-0.01017,0.56,0.53033,0.02967,0.02447,0.5,0.55192,-0.05192,-0.05962
0,112,2341.2,CLOSE,0.565,0.53646,0.02854,0.03028,0.5,0.50847,-0.00847,-0.00847,0.565,0.5286,0.0364,0.02774,0.5,0.55,-0.05,-0.05962
0,113,2361.7,CLOSE,0.57,0.53819,0.03181,0.03354,0.5,0.50847,-0.00847,-0.00847,0.57,0.52513,0.04487,0.03447,0.5,0.54808,-0.04808,-0.05962
0,114,2382.8,CLOSE,0.575,0.53993,0.03507,0.03681,0.5,0.50847,-0.00847,-0.00847,0.575,0.52686,0.04814,0.03774,0.5,0.55,-0.05,-0.05962
0,115,2403.8,CLOSE,0.58,0.5434,0.0366,0.04007,0.5,0.50847,-0.00847,-0.00847,0.58,0.5286,0.0514,0.04101,0.5,0.55,-0.05,-0.05962
0,116,2424.5,CLOSE,0.585,0.54688,0.03813,0.03986,0.5,0.50678,-0.00678,-0.01525,0.585,0.53206,0.05294,0.04081,0.5,0.55385,-0.05385,-0.05962
0,117,2445.2,CLOSE,0.59,0.55729,0.03271,0.03444,0.5,0.50678,-0.00678,-0.01017,0.59,0.53726,0.05274,0.04234,0.5,0.55,-0.05,-0.06154
0,118,2465.5,CLOSE,0.595,0.55556,0.03944,0.03771,0.5,0.50847,-0.00847,-0.00847,0.595,0.53899,0.05601,0.04214,0.5,0.55,-0.05,-0.05769
0,119,2487.3,CLOSE,0.6,0.55903,0.04097,0.04097,0.5,0.50678,-0.00678,-0.00847,0.6,0.55113,0.04887,0.04194,0.5,0.55192,-0.05192,-0.05962
0,120,2508.2,CLOSE,0.605,0.56424,0.04076,0.0425,0.5,0.51017,-0.01017,-0.01017,0.605,0.55286,0.05214,0.04694,0.5,0.55,-0.05,-0.05962
0,121,2529.1,CLOSE,0.61,0.56771,0.04229,0.04229,0.5,0.50847,-0.00847,-0.01017,0.61,0.56153,0.04847,0.03461,0.5,0.55,-0.05,-0.05962
0,122,2551.3,CLOSE,0.615,0.57465,0.04035,0.04035,0.5,0.51017,-0.01017,-0.00847,0.615,0.56499,0.05001,0.03961,0.5,0.55,-0.05,-0.05962
0,123,2570.8,CLOSE,0.62,0.57986,0.04014,0.04014,0.5,0.50847,-0.00847,-0.00847,0.62,0.57019,0.04981,0.03248,0.5,0.55192,-0.05192,-0.05962
0,124,2592.1,CLOSE,0.625,0.59028,0.03472,0.03646,0.5,0.50847,-0.00847,-0.00847,0.625,0.57539,0.04961,0.03575,0.5,0.55,-0.05,-0.05962
0,125,2612.8,CLOSE,0.63,0.59375,0.03625,0.03625,0.5,0.50678,-0.00678,-0.00847,0.63,0.58059,0.04941,0.03381,0.5,0.55,-0.05,-0.05962
0,126,2633.9,CLOSE,0.635,0.59722,0.03778,0.03778,0.5,0.50847,-0.00847,-0.00847,0.635,0.58579,0.04921,0.03188,0.5,0.55385,-0.05385,-0.05962
0,127,2654.4,CLOSE,0.64,0.60417,0.03583,0.03583,0.5,0.50847,-0.00847,-0.01017,0.64,0.59099,0.04901,0.02995,0.5,0.55,-0.05,-0.05962
0,128,2675.0,CLOSE,0.645,0.60764,0.03736,0.03389,0.5,0.50847,-0.00847,-0.01017,0.645,0.59619,0.04881,0.02975,0.5,0.55,-0.05,-0.05962
0,129,2695.7,CLOSE,0.65,0.61285,0.03715,0.03542,0.5,0.50678,-0.00678,-0.01017,0.65,0.60312,0.04688,0.02955,0.5,0.55192,-0.05192,-0.05962
0,130,2716.7,CLOSE,0.655,0.61806,0.03694,0.03347,0.5,0.50847,-0.00847,-0.01525,0.655,0.61179,0.04321,0.03108,0.5,0.55,-0.05,-0.06154
0,131,2736.4,CLOSE,0.66,0.62326,0.03674,0.03326,0.5,0.50678,-0.00678,-0.01525,0.66,0.60832,0.05168,0.02915,0.5,0.55192,-0.05192,-0.05962
0,132,2758.2,CLOSE,0.665,0.63368,0.03132,0.03479,0.5,0.50678,-0.00678,-0.00847,0.665,0.61872,0.04628,0.02375,0.5,0.55192,-0.05192,-0.05962
0,133,2778.2,CLOSE,0.67,0.64236,0.02764,0.02764,0.5,0.50678,-0.00678,-0.01017,0.67,0.62392,0.04608,0.03049,0.5,0.56538,-0.06538,-0.05962
0,134,2799.0,CLOSE,0.675,0.6441,0.0309,0.03264,0.5,0.50508,-0.00508,-0.00508,0.675,0.62565,0.04935,0.03202,0.5,0.55577,-0.05577,-0.05962
0,135,2820.7,CLOSE,0.68,0.64236,0.03764,0.03243,0.5,0.5,0.0,0.00508,0.68,0.62565,0.05435,0.03355,0.5,0.55577,-0.05577,-0.06346
0,136,2840.6,CLOSE,0.685,0.64757,0.03743,0.03396,0.5,0.49661,0.00339,0.00847,0.685,0.63085,0.05415,0.03335,0.5,0.55577,-0.05577,-0.05962
0,137,2861.6,CLOSE,0.69,0.65278,0.03722,0.03549,0.5,0.49492,0.00508,0.01017,0.69,0.63432,0.05568,0.03662,0.5,0.55769,-0.05769,-0.05962
0,138,2882.6,CLOSE,0.695,0.65625,0.03875,0.03528,0.5,0.49322,0.00678,0.01356,0.695,0.64125,0.05375,0.03815,0.5,0.55962,-0.05962,-0.05962
0,139,2903.9,CLOSE,0.7,0.66319,0.03681,0.03507,0.5,0.49322,0.00678,0.02881,0.7,0.63778,0.06222,0.03795,0.5,0.55769,-0.05769,-0.05962
0,140,2924.3,CLOSE,0.705,0.66667,0.03833,0.03313,0.5,0.49322,0.00678,0.01695,0.705,0.65511,0.04989,0.03949,0.5,0.55769,-0.05769,-0.05962
0,141,2945.7,CLOSE,0.71,0.67882,0.03118,0.02944,0.5,0.49153,0.00847,0.01356,0.71,0.66031,0.04969,0.03756,0.5,0.55769,-0.05769,-0.05962
0,142,2966.6,CLOSE,0.715,0.68056,0.03444,0.03271,0.5,0.48983,0.01017,0.02034,0.715,0.66551,0.04949,0.03909,0.5,0.55769,-0.05769,-0.06154
0,143,2986.7,CLOSE,0.72,0.68229,0.03771,0.03424,0.5,0.48814,0.01186,0.01356,0.72,0.66031,0.05969,0.03716,0.5,0.55769,-0.05769,-0.05962
0,144,3007.9,CLOSE,0.725,0.6875,0.0375,0.03056,0.5,0.48983,0.01017,0.01356,0.725,0.66551,0.05949,0.03869,0.5,0.55769,-0.05769,-0.05962
0,145,3028.7,CLOSE,0.73,0.69271,0.03729,0.03208,0.5,0.48983,0.01017,0.01017,0.73,0.67244,0.05756,0.03676,0.5,0.55769,-0.05769,-0.05962
0,146,3050.5,CLOSE,0.735,0.69792,0.03708,0.0284,0.5,0.49153,0.00847,0.01356,0.735,0.67418,0.06082,0.03656,0.5,0.55577,-0.05577,-0.05962
0,147,3075.6,CLOSE,0.74,0.70312,0.03688,0.02993,0.5,0.48983,0.01017,0.01356,0.74,0.68284,0.05716,0.03116,0.5,0.55769,-0.05769,-0.05962
0,148,3091.2,CLOSE,0.745,0.71181,0.03319,0.03146,0.5,0.49153,0.00847,0.01356,0.745,0.68284,0.06216,0.03269,0.5,0.55577,-0.05577,-0.06346
0,149,3112.2,CLOSE,0.75,0.71528,0.03472,0.03299,0.5,0.48983,0.01017,0.01186,0.75,0.68977,0.06023,0.02903,0.5,0.55769,-0.05769,-0.05962
0,150,3133.2,CLOSE,0.755,0.71528,0.03972,0.03104,0.5,0.48814,0.01186,0.01017,0.755,0.69671,0.05829,0.0323,0.5,0.55769,-0.05769,-0.05962
0,151,3155.2,CLOSE,0.76,0.72049,0.03951,0.0291,0.5,0.48983,0.01017,0.00678,0.76,0.69844,0.06156,0.0269,0.5,0.55577,-0.05577,-0.06154
0,152,3175.3,CLOSE,0.765,0.72743,0.03757,0.03236,0.5,0.48983,0.01017,0.00169,0.765,0.70191,0.06309,0.0267,0.5,0.55385,-0.05385,-0.05962
0,153,3195.7,CLOSE,0.77,0.73611,0.03389,0.03042,0.5,0.48983,0.01017,-0.00508,0.77,0.70711,0.06289,0.03343,0.5,0.55769,-0.05769,-0.05962
0,154,3216.1,CLOSE,0.775,0.73438,0.04063,0.03194,0.5,0.49492,0.00508,-0.00678,0.775,0.7175,0.0575,0.02803,0.5,0.55577,-0.05577,-0.05962
0,155,3236.8,CLOSE,0.78,0.73958,0.04042,0.02479,0.5,0.49492,0.00508,-0.00678,0.78,0.71404,0.06596,0.03477,0.5,0.55769,-0.05769,-0.05769
0,156,3257.5,CLOSE,0.785,0.74479,0.04021,0.03153,0.5,0.48983,0.01017,-0.00678,0.785,0.71924,0.06576,0.03457,0.5,0.55769,-0.05769,-0.05962
0,157,3278.7,CLOSE,0.79,0.75347,0.03653,0.03132,0.5,0.48814,0.01186,-0.00508,0.79,0.7279,0.0621,0.0361,0.5,0.56346,-0.06346,-0.05962
0,158,3299.2,CLOSE,0.795,0.75694,0.03806,0.03285,0.5,0.48983,0.01017,-0.00508,0.795,0.73657,0.05843,0.0359,0.5,0.55769,-0.05769,-0.06154
0,159,3320.0,CLOSE,0.8,0.75868,0.04132,0.03438,0.5,0.48814,0.01186,-0.01017,0.8,0.73657,0.06343,0.0357,0.5,0.55769,-0.05769,-0.06154
0,160,3341.2,CLOSE,0.805,0.76042,0.04458,0.03417,0.5,0.48814,0.01186,-0.00678,0.805,0.7331,0.0719,0.03377,0.5,0.55769,-0.05769,-0.05962
0,161,3361.9,CLOSE,0.81,0.76736,0.04264,0.03569,0.5,0.48983,0.01017,-0.00678,0.81,0.73484,0.07516,0.03357,0.5,0.55577,-0.05577,-0.05962
0,162,3382.7,CLOSE,0.815,0.7691,0.0459,0.03375,0.5,0.5,0.0,-0.00678,0.815,0.75217,0.06283,0.03164,0.5,0.55577,-0.05577,-0.06346
0,163,3403.4,CLOSE,0.82,0.77257,0.04743,0.03007,0.5,0.49831,0.00169,-0.01017,0.82,0.75043,0.06957,0.03144,0.5,0.55577,-0.05577,-0.06346
0,164,3425.2,CLOSE,0.825,0.78646,0.03854,0.02813,0.5,0.48983,0.01017,-0.00678,0.825,0.75737,0.06763,0.03124,0.5,0.55769,-0.05769,-0.05962
0,165,3445.6,CLOSE,0.83,0.78299,0.04701,0.03313,0.5,0.49153,0.00847,-0.00678,0.83,0.7539,0.0761,0.02931,0.5,0.55769,-0.05769,-0.06154
0,166,3466.3,CLOSE,0.835,0.78819,0.04681,0.03118,0.5,0.49492,0.00508,-0.00678,0.835,0.7695,0.0655,0.02737,0.5,0.56346,-0.06346,-0.05962
0,167,3486.7,CLOSE,0.84,0.79167,0.04833,0.03271,0.5,0.49831,0.00169,-0.00508,0.84,0.7747,0.0653,0.02891,0.5,0.56154,-0.06154,-0.05962
0,168,3509.3,CLOSE,0.845,0.80035,0.04465,0.02903,0.5,0.49831,0.00169,-0.00508,0.845,0.7799,0.0651,0.02871,0.5,0.55577,-0.05577,-0.05962
0,169,3529.2,CLOSE,0.85,0.80208,0.04792,0.02535,0.5,0.49661,0.00339,-0.00508,0.85,0.77816,0.07184,0.02331,0.5,0.55769,-0.05769,-0.05962
0,170,3549.7,CLOSE,0.855,0.8125,0.0425,0.03382,0.5,0.5,0.0,-0.00508,0.855,0.78856,0.06644,0.02658,0.5,0.55769,-0.05769,-0.06154
0,171,3571.0,CLOSE,0.86,0.82118,0.03882,0.02493,0.5,0.49661,0.00339,-0.00678,0.86,0.79723,0.06277,0.02118,0.5,0.55769,-0.05769,-0.06154
0,172,3592.0,CLOSE,0.865,0.81597,0.04903,0.0334,0.5,0.49661,0.00339,-0.00847,0.865,0.79723,0.06777,0.02964,0.5,0.55769,-0.05769,-0.06154
0,173,3612.8,CLOSE,0.87,0.82292,0.04708,0.02451,0.5,0.49831,0.00169,-0.00508,0.87,0.79723,0.07277,0.02598,0.5,0.55769,-0.05769,-0.06538
0,174,3633.4,CLOSE,0.875,0.82812,0.04688,0.03299,0.5,0.49831,0.00169,-0.00678,0.875,0.79896,0.07604,0.03098,0.5,0.55769,-0.05769,-0.06154
0,175,3654.6,CLOSE,0.88,0.82986,0.05014,0.0241,0.5,0.49661,0.00339,-0.00508,0.88,0.80416,0.07584,0.02731,0.5,0.55769,-0.05769,-0.05962
0,176,3674.6,CLOSE,0.885,0.8316,0.0534,0.03257,0.5,0.49661,0.00339,-0.00508,0.885,0.81629,0.06871,0.03231,0.5,0.55769,-0.05769,-0.06154
0,177,3695.4,CLOSE,0.89,0.83681,0.05319,0.03236,0.5,0.49831,0.00169,-0.00508,0.89,0.81976,0.07024,0.03211,0.5,0.56154,-0.06154,-0.06346
0,178,3716.4,CLOSE,0.895,0.84549,0.04951,0.03042,0.5,0.49831,0.00169,-0.00508,0.895,0.82149,0.07351,0.03192,0.5,0.55769,-0.05769,-0.06154
0,179,3736.1,CLOSE,0.9,0.84201,0.05799,0.03194,0.5,0.49492,0.00508,-0.00678,0.9,0.81629,0.08371,0.03345,0.5,0.55769,-0.05769,-0.05962
0,180,3757.9,CLOSE,0.905,0.84549,0.05951,0.03868,0.5,0.49831,0.00169,-0.00678,0.905,0.82322,0.08178,0.03325,0.5,0.55577,-0.05577,-0.05962
0,181,3778.4,CLOSE,0.91,0.84722,0.06278,0.035,0.5,0.49661,0.00339,-0.00678,0.91,0.82322,0.08678,0.03132,0.5,0.55577,-0.05577,-0.06154
0,182,3799.6,CLOSE,0.915,0.85417,0.06083,0.03479,0.5,0.49831,0.00169,-0.00678,0.915,0.83709,0.07791,0.02938,0.5,0.55769,-0.05769,-0.05962
0,183,3820.4,CLOSE,0.92,0.86111,0.05889,0.03285,0.5,0.49831,0.00169,-0.00678,0.92,0.83882,0.08118,0.02572,0.5,0.55577,-0.05577,-0.06154
0,184,3841.1,CLOSE,0.925,0.86111,0.06389,0.02917,0.5,0.49661,0.00339,-0.00508,0.925,0.84575,0.07925,0.03245,0.5,0.55769,-0.05769,-0.05962
0,185,3861.5,CLOSE,0.93,0.86285,0.06715,0.02549,0.5,0.49831,0.00169,-0.00678,0.93,0.84575,0.08425,0.02879,0.5,0.55577,-0.05577,-0.05962
0,186,3882.4,CLOSE,0.935,0.86806,0.06694,0.03396,0.5,0.49831,0.00169,-0.00678,0.935,0.85615,0.07885,0.02859,0.5,0.56154,-0.06154,-0.05962
0,187,3903.3,CLOSE,0.94,0.88021,0.05979,0.03722,0.5,0.49661,0.00339,-0.00678,0.94,0.85962,0.08038,0.02492,0.5,0.55769,-0.05769,-0.05962
0,188,3924.6,CLOSE,0.945,0.88194,0.06306,0.03701,0.5,0.49831,0.00169,-0.00678,0.945,0.86308,0.08192,0.02646,0.5,0.55769,-0.05769,-0.05962
0,189,3945.7,CLOSE,0.95,0.88889,0.06111,0.03681,0.5,0.49831,0.00169,-0.00678,0.95,0.86308,0.08692,0.02972,0.5,0.55577,-0.05577,-0.06154
0,190,3965.8,CLOSE,0.955,0.89236,0.06264,0.03313,0.5,0.49831,0.00169,-0.00678,0.955,0.86828,0.08672,0.02086,0.5,0.55577,-0.05577,-0.05962
0,191,3989.0,CLOSE,0.96,0.89583,0.06417,0.03465,0.5,0.50169,-0.00169,-0.00508,0.96,0.87348,0.08652,0.02239,0.5,0.55577,-0.05577,-0.06154
0,192,4008.6,CLOSE,0.965,0.89931,0.06569,0.03444,0.5,0.49831,0.00169,-0.01017,0.965,0.86828,0.09672,0.02739,0.5,0.55577,-0.05577,-0.06154
0,193,4029.8,CLOSE,0.97,0.90278,0.06722,0.03424,0.5,0.5,0.0,-0.00678,0.97,0.88215,0.08785,0.02893,0.5,0.55769,-0.05769,-0.06154
0,194,4050.4,CLOSE,0.975,0.89757,0.07743,0.03576,0.5,0.49831,0.00169,-0.00678,0.975,0.88735,0.08765,0.02873,0.5,0.55769,-0.05769,-0.06154
0,195,4070.5,CLOSE,0.98,0.90972,0.07028,0.02861,0.5,0.49831,0.00169,-0.00847,0.98,0.89081,0.08919,0.02679,0.5,0.55577,-0.05577,-0.06154
0,196,4092.3,CLOSE,0.985,0.9184,0.0666,0.03014,0.5,0.49831,0.00169,-0.00508,0.985,0.88735,0.09765,0.02659,0.5,0.56154,-0.06154,-0.05962
0,197,4112.1,CLOSE,0.99,0.90799,0.08201,0.03514,0.5,0.49661,0.00339,-0.00678,0.99,0.89775,0.09225,0.0212,0.5,0.55769,-0.05769,-0.06154
0,198,4133.3,CLOSE,0.995,0.92014,0.07486,0.03667,0.5,0.49831,0.00169,-0.00678,0.995,0.90295,0.09205,0.02793,0.5,0.55577,-0.05577,-0.05962
0,199,4153.7,CLOSE,1.0,0.92188,0.07812,0.02951,0.5,0.49492,0.00508,-0.00508,1.0,0.90641,0.09359,0.0312,0.5,0.55577,-0.05577,-0.06154
1,0,8.7,CLOSE,0.005,0.0,0.005,0.00153,0.005,0.00678,-0.00178,0.00161,0.005,0.0,0.005,0.005,0.005,0.0,0.005,0.005
1,1,29.0,CLOSE,0.01,0.00174,0.00826,0.01,0.01,0.00678,0.00322,0.00661,0.01,0.0,0.01,0.01,0.01,0.0,0.01,0.01
1,2,49.6,CLOSE,0.015,0.0,0.015,0.015,0.015,0.00678,0.00822,0.01161,0.015,0.0,0.015,0.015,0.015,0.0,0.015,0.015
1,3,71.3,CLOSE,0.02,0.0,0.02,0.02,0.02,0.00678,0.01322,0.01661,0.02,0.0,0.02,0.02,0.02,0.0,0.02,0.02
1,4,91.6,CLOSE,0.025,0.0,0.025,0.025,0.025,0.00678,0.01822,0.02161,0.025,0.0,0.025,0.025,0.025,0.0,0.025,0.025
1,5,111.8,CLOSE,0.03,0.0,0.03,0.03,0.03,0.00678,0.02322,0.02661,0.03,0.0,0.03,0.03,0.03,0.0,0.03,0.03
1,6,132.5,CLOSE,0.035,0.0,0.035,0.035,0.035,0.00678,0.02822,0.03161,0.035,0.0,0.035,0.035,0.035,0.0,0.035,0.02923
1,7,154.3,CLOSE,0.04,0.0,0.04,0.04,0.04,0.01525,0.02475,0.03661,0.04,0.0,0.04,0.04,0.04,0.0,0.04,0.04
1,8,175.2,CLOSE,0.045,0.01042,0.03458,0.045,0.045,0.00678,0.03822,0.03992,0.045,0.0,0.045,0.045,0.045,0.0,0.045,0.045
1,9,195.0,CLOSE,0.05,0.00521,0.04479,0.04132,0.05,0.00847,0.04153,0.04492,0.05,0.0,0.05,0.05,0.05,0.0,0.05,0.05
1,10,217.3,CLOSE,0.055,0.00521,0.04979,0.04806,0.055,0.01186,0.04314,0.04483,0.055,0.0,0.055,0.05153,0.055,0.0,0.055,0.05115
1,11,238.6,CLOSE,0.06,0.01562,0.04437,0.04958,0.06,0.01186,0.04814,0.04983,0.06,0.0,0.06,0.0496,0.06,0.00577,0.05423,0.05423
1,12,259.0,CLOSE,0.065,0.01389,0.05111,0.04417,0.065,0.02034,0.04466,0.04805,0.065,0.0104,0.0546,0.04594,0.065,0.01154,0.05346,0.05154
1,13,279.9,CLOSE,0.07,0.02431,0.04569,0.04743,0.07,0.01864,0.05136,0.04966,0.07,0.01906,0.05094,0.0492,0.07,0.01731,0.05269,0.04692
1,14,300.5,CLOSE,0.075,0.03125,0.04375,0.04375,0.075,0.02373,0.05127,0.04958,0.075,0.02946,0.04554,0.0438,0.075,0.025,0.05,0.05
1,15,321.4,CLOSE,0.08,0.03819,0.04181,0.04007,0.08,0.02881,0.05119,0.04949,0.08,0.03466,0.04534,0.04014,0.08,0.03077,0.04923,0.04538
1,16,342.0,CLOSE,0.085,0.04861,0.03639,0.03639,0.085,0.03729,0.04771,0.04771,0.085,0.04159,0.04341,0.04167,0.085,0.04038,0.04462,0.04462
1,17,363.6,CLOSE,0.09,0.05556,0.03444,0.03271,0.09,0.04576,0.04424,0.04085,0.09,0.05026,0.03974,0.03801,0.09,0.05,0.04,0.03615
1,18,383.4,CLOSE,0.095,0.0625,0.0325,0.02903,0.095,0.05593,0.03907,0.03907,0.095,0.05719,0.03781,0.03434,0.095,0.06154,0.03346,0.03731
1,19,403.5,CLOSE,0.1,0.07465,0.02535,0.02535,0.1,0.06441,0.03559,0.03898,0.1,0.06586,0.03414,0.03414,0.1,0.07115,0.02885,0.03462
1,20,424.9,CLOSE,0.105,0.0816,0.0234,0.02514,0.105,0.06949,0.03551,0.0372,0.105,0.07279,0.03221,0.03221,0.105,0.075,0.03,0.03
1,21,445.4,CLOSE,0.11,0.08854,0.02146,0.02493,0.11,0.07797,0.03203,0.03542,0.11,0.07972,0.03028,0.02854,0.11,0.08269,0.02731,0.02923
1,22,466.2,CLOSE,0.115,0.09375,0.02125,0.02472,0.115,0.07966,0.03534,0.03364,0.115,0.08666,0.02834,0.02834,0.115,0.09231,0.02269,0.02654
1,23,487.0,CLOSE,0.12,0.09896,0.02104,0.02451,0.12,0.08814,0.03186,0.03186,0.12,0.09185,0.02815,0.02815,0.12,0.1,0.02,0.02385
1,24,507.2,CLOSE,0.125,0.10417,0.02083,0.02604,0.125,0.09322,0.03178,0.03008,0.125,0.09705,0.02795,0.02621,0.125,0.10769,0.01731,0.02115
1,25,528.4,CLOSE,0.13,0.10764,0.02236,0.02931,0.13,0.1,0.03,0.02831,0.13,0.10399,0.02601,0.02255,0.13,0.11154,0.01846,0.02423
1,26,549.0,CLOSE,0.135,0.11111,0.02389,0.0291,0.135,0.10508,0.02992,0.02483,0.135,0.10745,0.02755,0.01888,0.135,0.11731,0.01769,0.01962
1,27,570.4,CLOSE,0.14,0.11285,0.02715,0.03583,0.14,0.11186,0.02814,0.02814,0.14,0.11092,0.02908,0.02388,0.14,0.11923,0.02077,0.02654
1,28,590.8,CLOSE,0.145,0.11458,0.03042,0.03736,0.145,0.11695,0.02805,0.02297,0.145,0.11612,0.02888,0.02715,0.145,0.12115,0.02385,0.02962
1,29,612.0,CLOSE,0.15,0.11806,0.03194,0.04063,0.15,0.12373,0.02627,0.02119,0.15,0.11785,0.03215,0.03042,0.15,0.125,0.025,0.03269
1,30,632.8,CLOSE,0.155,0.11632,0.03868,0.04215,0.155,0.12881,0.02619,0.02449,0.155,0.11958,0.03542,0.03195,0.155,0.12692,0.02808,0.03577
1,31,654.5,CLOSE,0.16,0.11806,0.04194,0.04368,0.16,0.13559,0.02441,0.02441,0.16,0.12305,0.03695,0.03695,0.16,0.13462,0.02538,0.03885
1,32,674.6,CLOSE,0.165,0.12847,0.03653,0.04347,0.165,0.14068,0.02432,0.02432,0.165,0.12652,0.03848,0.03675,0.165,0.13654,0.02846,0.03423
1,33,695.1,CLOSE,0.17,0.125,0.045,0.04153,0.17,0.14576,0.02424,0.02593,0.17,0.12478,0.04522,0.03655,0.17,0.13462,0.03538,0.04115
1,34,717.5,CLOSE,0.175,0.13021,0.04479,0.04479,0.175,0.15085,0.02415,0.02754,0.175,0.12998,0.04502,0.03982,0.175,0.14231,0.03269,0.04231
1,35,738.6,CLOSE,0.18,0.13368,0.04632,0.04458,0.18,0.15424,0.02576,0.02576,0.18,0.13345,0.04655,0.04135,0.18,0.14231,0.03769,0.04154
1,36,758.9,CLOSE,0.185,0.13889,0.04611,0.04438,0.185,0.15593,0.02907,0.03246,0.185,0.13865,0.04635,0.03595,0.185,0.14808,0.03692,0.03692
1,37,779.9,CLOSE,0.19,0.14583,0.04417,0.03722,0.19,0.15932,0.03068,0.03576,0.19,0.14731,0.04269,0.04442,0.19,0.15192,0.03808,0.04
1,38,799.8,CLOSE,0.195,0.15451,0.04049,0.04049,0.195,0.16271,0.03229,0.03907,0.195,0.14731,0.04769,0.04422,0.195,0.16731,0.02769,0.03923
1,39,821.7,CLOSE,0.2,0.15972,0.04028,0.04028,0.2,0.16271,0.03729,0.04237,0.2,0.15425,0.04575,0.04402,0.2,0.16346,0.03654,0.03654
1,40,842.0,CLOSE,0.205,0.16667,0.03833,0.03486,0.205,0.1661,0.0389,0.04737,0.205,0.16291,0.04209,0.04382,0.205,0.17308,0.03192,0.03577
1,41,862.1,CLOSE,0.21,0.17188,0.03813,0.03639,0.21,0.1678,0.0422,0.0439,0.21,0.16638,0.04362,0.04362,0.21,0.175,0.035,0.035
1,42,882.9,CLOSE,0.215,0.17882,0.03618,0.03618,0.215,0.1678,0.0472,0.0472,0.215,0.17504,0.03996,0.04342,0.215,0.18077,0.03423,0.03423
1,43,903.7,CLOSE,0.22,0.18924,0.03076,0.03597,0.22,0.18136,0.03864,0.0539,0.22,0.18024,0.03976,0.04149,0.22,0.18462,0.03538,0.02769
1,44,924.6,CLOSE,0.225,0.19271,0.03229,0.03403,0.225,0.17458,0.05042,0.05551,0.225,0.18718,0.03782,0.03782,0.225,0.19231,0.03269,0.03269
1,45,945.2,CLOSE,0.23,0.19792,0.03208,0.03382,0.23,0.17797,0.05203,0.05712,0.23,0.19411,0.03589,0.03589,0.23,0.19808,0.03192,0.02615
1,46,966.3,CLOSE,0.235,0.20139,0.03361,0.03014,0.235,0.18644,0.04856,0.05703,0.235,0.19931,0.03569,0.03049,0.235,0.20577,0.02923,0.02923
1,47,987.1,CLOSE,0.24,0.2066,0.0334,0.03514,0.24,0.18644,0.05356,0.05695,0.24,0.20624,0.03376,0.03203,0.24,0.21538,0.02462,0.01308
1,48,1007.6,CLOSE,0.245,0.21181,0.03319,0.03667,0.245,0.19153,0.05347,0.05686,0.245,0.21317,0.03183,0.03529,0.245,0.225,0.02,0.01615
1,49,1028.7,CLOSE,0.25,0.21528,0.03472,0.03819,0.25,0.19661,0.05339,0.05508,0.25,0.2201,0.0299,0.0351,0.25,0.23269,0.01731,0.01346
1,50,1049.2,CLOSE,0.255,0.22049,0.03451,0.04146,0.255,0.20169,0.05331,0.04992,0.255,0.2253,0.0297,0.03143,0.255,0.24231,0.01269,0.01077
1,51,1070.3,CLOSE,0.26,0.22396,0.03604,0.04299,0.26,0.20678,0.05322,0.05661,0.26,0.2253,0.0347,0.03296,0.26,0.24615,0.01385,0.01
1,52,1091.7,CLOSE,0.265,0.23264,0.03236,0.04451,0.265,0.21356,0.05144,0.05314,0.265,0.23397,0.03103,0.03276,0.265,0.25385,0.01115,0.00923
1,53,1112.4,CLOSE,0.27,0.23264,0.03736,0.04604,0.27,0.22034,0.04966,0.05136,0.27,0.23397,0.03603,0.0343,0.27,0.25769,0.01231,0.01038
1,54,1133.4,CLOSE,0.275,0.23958,0.03542,0.0441,0.275,0.22712,0.04788,0.04958,0.275,0.23917,0.03583,0.03583,0.275,0.26346,0.01154,0.01154
1,55,1154.2,CLOSE,0.28,0.23785,0.04215,0.04215,0.28,0.2322,0.0478,0.0478,0.28,0.24437,0.03563,0.0339,0.28,0.26731,0.01269,0.01077
1,56,1175.8,CLOSE,0.285,0.23785,0.04715,0.04021,0.285,0.24237,0.04263,0.04263,0.285,0.24957,0.03543,0.0337,0.285,0.275,0.01,0.01192
1,57,1197.5,CLOSE,0.29,0.23785,0.05215,0.04,0.29,0.25254,0.03746,0.04254,0.29,0.25477,0.03523,0.03177,0.29,0.28077,0.00923,0.015
1,58,1217.7,CLOSE,0.295,0.25694,0.03806,0.03806,0.295,0.26102,0.03398,0.03907,0.295,0.25997,0.03503,0.0385,0.295,0.28462,0.01038,0.00846
1,59,1237.9,CLOSE,0.3,0.25868,0.04132,0.03611,0.3,0.2661,0.0339,0.02712,0.3,0.26516,0.03484,0.04003,0.3,0.28462,0.01538,0.01346
1,60,1258.1,CLOSE,0.305,0.2691,0.0359,0.0359,0.305,0.27288,0.03212,0.03381,0.305,0.26516,0.03984,0.0381,0.305,0.29038,0.01462,0.01462
1,61,1280.2,CLOSE,0.31,0.27083,0.03917,0.03396,0.31,0.27627,0.03373,0.03203,0.31,0.26863,0.04137,0.04137,0.31,0.29423,0.01577,0.01385
1,62,1300.1,CLOSE,0.315,0.27951,0.03549,0.02681,0.315,0.27966,0.03534,0.03534,0.315,0.27036,0.04464,0.0429,0.315,0.3,0.015,0.015
1,63,1322.0,CLOSE,0.32,0.29514,0.02486,0.03181,0.32,0.28475,0.03525,0.03695,0.32,0.2773,0.0427,0.04097,0.32,0.30962,0.01038,0.01423
1,64,1341.1,CLOSE,0.325,0.29167,0.03333,0.02986,0.325,0.29322,0.03178,0.03856,0.325,0.27903,0.04597,0.0425,0.325,0.31346,0.01154,0.01154
1,65,1362.1,CLOSE,0.33,0.29861,0.03139,0.02965,0.33,0.29322,0.03678,0.04017,0.33,0.28769,0.04231,0.04057,0.33,0.31923,0.01077,0.01077
1,66,1382.8,CLOSE,0.335,0.30556,0.02944,0.02944,0.335,0.29661,0.03839,0.04008,0.335,0.29289,0.04211,0.04037,0.335,0.325,0.01,0.00808
1,67,1402.3,CLOSE,0.34,0.30903,0.03097,0.02924,0.34,0.3,0.04,0.04339,0.34,0.29809,0.04191,0.03844,0.34,0.32885,0.01115,0.00731
1,68,1424.7,CLOSE,0.345,0.31597,0.02903,0.03076,0.345,0.30508,0.03992,0.045,0.345,0.30329,0.04171,0.03824,0.345,0.34038,0.00462,0.00462
1,69,1445.4,CLOSE,0.35,0.32118,0.02882,0.03056,0.35,0.30847,0.04153,0.04322,0.35,0.31196,0.03804,0.03804,0.35,0.34423,0.00577,0.00577
1,70,1466.2,CLOSE,0.355,0.32465,0.03035,0.03208,0.355,0.31356,0.04144,0.03975,0.355,0.31542,0.03958,0.03438,0.355,0.35192,0.00308,0.00308
1,71,1487.4,CLOSE,0.36,0.32986,0.03014,0.03188,0.36,0.31695,0.04305,0.04136,0.36,0.32409,0.03591,0.03418,0.36,0.36731,-0.00731,0.00231
1,72,1507.5,CLOSE,0.365,0.33507,0.02993,0.03167,0.365,0.32034,0.04466,0.03958,0.365,0.33102,0.03398,0.02531,0.365,0.35962,0.00538,0.00154
1,73,1528.9,CLOSE,0.37,0.33854,0.03146,0.02799,0.37,0.32373,0.04627,0.04797,0.37,0.33449,0.03551,0.03205,0.37,0.36923,0.00077,0.00462
1,74,1549.5,CLOSE,0.375,0.34375,0.03125,0.03125,0.375,0.32712,0.04788,0.0428,0.375,0.34142,0.03358,0.03185,0.375,0.37692,-0.00192,0.00769
1,75,1570.8,CLOSE,0.38,0.34722,0.03278,0.03104,0.38,0.3322,0.0478,0.04271,0.38,0.34835,0.03165,0.03165,0.38,0.37308,0.00692,0.00692
1,76,1591.6,CLOSE,0.385,0.35243,0.03257,0.03083,0.385,0.33729,0.04771,0.04263,0.385,0.35355,0.03145,0.03145,0.385,0.37885,0.00615,0.00615
1,77,1612.1,CLOSE,0.39,0.35764,0.03236,0.03236,0.39,0.34237,0.04763,0.04593,0.39,0.36049,0.02951,0.03125,0.39,0.38462,0.00538,0.00731
1,78,1633.2,CLOSE,0.395,0.36285,0.03215,0.02868,0.395,0.35085,0.04415,0.04754,0.395,0.36395,0.03105,0.02932,0.395,0.39231,0.00269,0.00077
1,79,1654.0,CLOSE,0.4,0.36632,0.03368,0.03368,0.4,0.35932,0.04068,0.04746,0.4,0.36915,0.03085,0.02738,0.4,0.39423,0.00577,0.0
1,80,1675.4,CLOSE,0.405,0.37153,0.03347,0.03,0.405,0.35932,0.04568,0.04568,0.405,0.37435,0.03065,0.03065,0.405,0.40192,0.00308,-0.00077
1,81,1696.5,CLOSE,0.41,0.37847,0.03153,0.02806,0.41,0.37119,0.03881,0.0439,0.41,0.37955,0.03045,0.02872,0.41,0.40962,0.00038,-0.00538
1,82,1716.4,CLOSE,0.415,0.38021,0.03479,0.03306,0.415,0.37119,0.04381,0.04212,0.415,0.38475,0.03025,0.03198,0.415,0.41538,-0.00038,-0.00231
1,83,1737.6,CLOSE,0.42,0.38715,0.03285,0.03111,0.42,0.37797,0.04203,0.04203,0.42,0.38995,0.03005,0.03352,0.42,0.42115,-0.00115,-0.005
1,84,1758.2,CLOSE,0.425,0.39236,0.03264,0.03264,0.425,0.38814,0.03686,0.03856,0.425,0.39168,0.03332,0.03505,0.425,0.42885,-0.00385,-0.00385
1,85,1778.8,CLOSE,0.43,0.39757,0.03243,0.03243,0.43,0.38814,0.04186,0.03847,0.43,0.40208,0.02792,0.03485,0.43,0.43846,-0.00846,-0.00269
1,86,1799.9,CLOSE,0.435,0.40278,0.03222,0.03396,0.435,0.39322,0.04178,0.04347,0.435,0.40035,0.03465,0.03639,0.435,0.43846,-0.00346,-0.00346
1,87,1820.3,CLOSE,0.44,0.40799,0.03201,0.03201,0.44,0.39831,0.04169,0.04339,0.44,0.40381,0.03619,0.03619,0.44,0.44615,-0.00615,-0.00615
1,88,1841.2,CLOSE,0.445,0.41319,0.03181,0.03181,0.445,0.40169,0.04331,0.04331,0.445,0.40901,0.03599,0.03772,0.445,0.45192,-0.00692,-0.00692
1,89,1862.0,CLOSE,0.45,0.42188,0.02813,0.03333,0.45,0.40508,0.04492,0.04492,0.45,0.41248,0.03752,0.03752,0.45,0.45769,-0.00769,-0.00577
1,90,1883.3,CLOSE,0.455,0.42014,0.03486,0.03486,0.455,0.40847,0.04653,0.04314,0.455,0.41594,0.03906,0.03732,0.455,0.46154,-0.00654,-0.00654
1,91,1903.8,CLOSE,0.46,0.42535,0.03465,0.02771,0.46,0.41356,0.04644,0.04475,0.46,0.42288,0.03712,0.03192,0.46,0.46731,-0.00731,-0.00731
1,92,1924.0,CLOSE,0.465,0.43056,0.03444,0.03271,0.465,0.41864,0.04636,0.04636,0.465,0.42634,0.03866,0.03519,0.465,0.475,-0.01,-0.00615
1,93,1945.2,CLOSE,0.47,0.43403,0.03597,0.03424,0.47,0.42203,0.04797,0.03949,0.47,0.43328,0.03672,0.03846,0.47,0.47692,-0.00692,-0.005
1,94,1966.5,CLOSE,0.475,0.44097,0.03403,0.03229,0.475,0.42712,0.04788,0.04619,0.475,0.43674,0.03826,0.03306,0.475,0.48269,-0.00769,-0.00769
1,95,1986.5,CLOSE,0.48,0.44618,0.03382,0.03208,0.48,0.4322,0.0478,0.0461,0.48,0.44887,0.03113,0.03286,0.48,0.48654,-0.00654,-0.00654
1,96,2008.0,CLOSE,0.485,0.45139,0.03361,0.03361,0.485,0.43898,0.04602,0.04432,0.485,0.44714,0.03786,0.03439,0.485,0.49231,-0.00731,-0.00731
1,97,2028.9,CLOSE,0.49,0.46354,0.02646,0.0334,0.49,0.44237,0.04763,0.03746,0.49,0.45407,0.03593,0.03419,0.49,0.49808,-0.00808,-0.01
1,98,2049.9,CLOSE,0.495,0.46007,0.03493,0.03319,0.495,0.45085,0.04415,0.04585,0.495,0.45927,0.03573,0.03573,0.495,0.50577,-0.01077,-0.01269
1,99,2070.0,CLOSE,0.5,0.46701,0.03299,0.03472,0.5,0.45424,0.04576,0.04068,0.5,0.46274,0.03726,0.0338,0.5,0.51154,-0.01154,-0.01154
1,100,2091.5,CLOSE,0.505,0.47396,0.03104,0.03278,0.5,0.46949,0.03051,0.03898,0.505,0.46447,0.04053,0.02666,0.5,0.52115,-0.02115,-0.01923
1,101,2112.9,CLOSE,0.51,0.47917,0.03083,0.02563,0.5,0.4661,0.0339,0.0339,0.51,0.47487,0.03513,0.03513,0.5,0.52308,-0.02308,-0.025
1,102,2133.4,CLOSE,0.515,0.48264,0.03236,0.03236,0.5,0.47119,0.02881,0.02203,0.515,0.47834,0.03666,0.0332,0.5,0.52885,-0.02885,-0.03077
1,103,2153.9,CLOSE,0.52,0.48611,0.03389,0.03042,0.5,0.47797,0.02203,0.02203,0.52,0.48527,0.03473,0.03473,0.5,0.53462,-0.03462,-0.03654
1,104,2175.4,CLOSE,0.525,0.49826,0.02674,0.03194,0.5,0.48136,0.01864,0.01695,0.525,0.49393,0.03107,0.02933,0.5,0.53846,-0.03846,-0.04231
1,105,2195.9,CLOSE,0.53,0.50694,0.02306,0.01958,0.5,0.48814,0.01186,0.01017,0.53,0.50087,0.02913,0.02567,0.5,0.54423,-0.04423,-0.04615
1,106,2217.6,CLOSE,0.535,0.51215,0.02285,0.01938,0.5,0.49322,0.00678,0.00508,0.535,0.51646,0.01854,0.022,0.5,0.55,-0.05,-0.05
1,107,2237.9,CLOSE,0.54,0.52257,0.01743,0.02611,0.5,0.49831,0.00169,-0.00339,0.54,0.51993,0.02007,0.0218,0.5,0.55192,-0.05192,-0.05192
1,108,2257.0,CLOSE,0.545,0.53125,0.01375,0.01896,0.5,0.50339,-0.00339,-0.00678,0.545,0.52513,0.01987,0.01987,0.5,0.55385,-0.05385,-0.05385
1,109,2277.1,CLOSE,0.55,0.53646,0.01354,0.01875,0.5,0.50508,-0.00508,-0.00847,0.55,0.52686,0.02314,0.02487,0.5,0.55577,-0.05577,-0.05769
1,110,2297.1,CLOSE,0.555,0.53472,0.02028,0.02201,0.5,0.51017,-0.01017,-0.00847,0.555,0.5286,0.0264,0.0316,0.5,0.55962,-0.05962,-0.05962
1,111,2319.1,CLOSE,0.56,0.53646,0.02354,0.01833,0.5,0.50678,-0.00678,-0.01017,0.56,0.53033,0.02967,0.02447,0.5,0.55769,-0.05769,-0.05962
1,112,2339.5,CLOSE,0.565,0.53993,0.02507,0.03028,0.5,0.50678,-0.00678,-0.00847,0.565,0.5338,0.0312,0.02774,0.5,0.55962,-0.05962,-0.05962
1,113,2362.2,CLOSE,0.57,0.54167,0.02833,0.03354,0.5,0.50847,-0.00847,-0.00847,0.57,0.54073,0.02927,0.03447,0.5,0.55769,-0.05769,-0.05962
1,114,2383.0,CLOSE,0.575,0.54688,0.02813,0.03681,0.5,0.50508,-0.00508,-0.00847,0.575,0.53726,0.03774,0.03774,0.5,0.55962,-0.05962,-0.05962
1,115,2403.7,CLOSE,0.58,0.54861,0.03139,0.04007,0.5,0.50678,-0.00678,-0.00847,0.58,0.53899,0.04101,0.04101,0.5,0.55769,-0.05769,-0.05962
1,116,2424.5,CLOSE,0.585,0.55208,0.03292,0.03986,0.5,0.50678,-0.00678,-0.01525,0.585,0.54246,0.04254,0.04081,0.5,0.55769,-0.05769,-0.05962
1,117,2445.9,CLOSE,0.59,0.56076,0.02924,0.03444,0.5,0.50678,-0.00678,-0.01017,0.59,0.54419,0.04581,0.04234,0.5,0.55769,-0.05769,-0.06154
1,118,2466.9,CLOSE,0.595,0.56076,0.03424,0.03771,0.5,0.50678,-0.00678,-0.00847,0.595,0.54766,0.04734,0.04214,0.5,0.55769,-0.05769,-0.05769
1,119,2486.6,CLOSE,0.6,0.56424,0.03576,0.04097,0.5,0.50678,-0.00678,-0.00847,0.6,0.55286,0.04714,0.04194,0.5,0.55769,-0.05769,-0.05962
1,120,2508.2,CLOSE,0.605,0.56424,0.04076,0.0425,0.5,0.50678,-0.00678,-0.01017,0.605,0.55806,0.04694,0.04694,0.5,0.55962,-0.05962,-0.05962
1,121,2529.0,CLOSE,0.61,0.57118,0.03882,0.04229,0.5,0.51186,-0.01186,-0.01017,0.61,0.56499,0.04501,0.03461,0.5,0.55769,-0.05769,-0.05962
1,122,2549.5,CLOSE,0.615,0.57639,0.03861,0.04035,0.5,0.51186,-0.01186,-0.00847,0.615,0.56672,0.04828,0.03961,0.5,0.55962,-0.05962,-0.05962
1,123,2570.6,CLOSE,0.62,0.5816,0.0384,0.04014,0.5,0.51017,-0.01017,-0.00847,0.62,0.57019,0.04981,0.03248,0.5,0.55962,-0.05962,-0.05962
1,124,2591.8,CLOSE,0.625,0.58854,0.03646,0.03646,0.5,0.50847,-0.00847,-0.00847,0.625,0.58406,0.04094,0.03575,0.5,0.56346,-0.06346,-0.05962
1,125,2612.3,CLOSE,0.63,0.59375,0.03625,0.03625,0.5,0.50678,-0.00678,-0.00847,0.63,0.58752,0.04248,0.03381,0.5,0.55769,-0.05769,-0.05962
1,126,2633.8,CLOSE,0.635,0.60243,0.03257,0.03778,0.5,0.50678,-0.00678,-0.00847,0.635,0.58925,0.04575,0.03188,0.5,0.55769,-0.05769,-0.05962
1,127,2653.9,CLOSE,0.64,0.60417,0.03583,0.03583,0.5,0.50678,-0.00678,-0.01017,0.64,0.59445,0.04555,0.02995,0.5,0.55769,-0.05769,-0.05962
1,128,2675.8,CLOSE,0.645,0.60938,0.03563,0.03389,0.5,0.50678,-0.00678,-0.01017,0.645,0.60139,0.04361,0.02975,0.5,0.56154,-0.06154,-0.05962
1,129,2696.1,CLOSE,0.65,0.61458,0.03542,0.03542,0.5,0.50508,-0.00508,-0.01017,0.65,0.61005,0.03995,0.02955,0.5,0.56154,-0.06154,-0.05962
1,130,2716.8,CLOSE,0.655,0.61979,0.03521,0.03347,0.5,0.50508,-0.00508,-0.01525,0.655,0.61005,0.04495,0.03108,0.5,0.55769,-0.05769,-0.06154
1,131,2738.5,CLOSE,0.66,0.625,0.035,0.03326,0.5,0.50678,-0.00678,-0.01525,0.66,0.61525,0.04475,0.02915,0.5,0.55769,-0.05769,-0.05962
1,132,2757.8,CLOSE,0.665,0.63021,0.03479,0.03479,0.5,0.50678,-0.00678,-0.00847,0.665,0.62738,0.03762,0.02375,0.5,0.55962,-0.05962,-0.05962
1,133,2778.7,CLOSE,0.67,0.63368,0.03632,0.02764,0.5,0.50678,-0.00678,-0.01017,0.67,0.62392,0.04608,0.03049,0.5,0.55769,-0.05769,-0.05962
1,134,2799.3,CLOSE,0.675,0.63889,0.03611,0.03264,0.5,0.50339,-0.00339,-0.00508,0.675,0.62912,0.04588,0.03202,0.5,0.55769,-0.05769,-0.05962
1,135,2820.7,CLOSE,0.68,0.6441,0.0359,0.03243,0.5,0.50508,-0.00508,0.00508,0.68,0.63258,0.04742,0.03355,0.5,0.55962,-0.05962,-0.06346
1,136,2840.7,CLOSE,0.685,0.64757,0.03743,0.03396,0.5,0.50508,-0.00508,0.00847,0.685,0.63778,0.04722,0.03335,0.5,0.55769,-0.05769,-0.05962
1,137,2862.5,CLOSE,0.69,0.65278,0.03722,0.03549,0.5,0.50508,-0.00508,0.01017,0.69,0.63951,0.05049,0.03662,0.5,0.55962,-0.05962,-0.05962
1,138,2882.6,CLOSE,0.695,0.65799,0.03701,0.03528,0.5,0.50339,-0.00339,0.01356,0.695,0.64645,0.04855,0.03815,0.5,0.55962,-0.05962,-0.05962
1,139,2903.4,CLOSE,0.7,0.66146,0.03854,0.03507,0.5,0.50508,-0.00508,0.02881,0.7,0.65165,0.04835,0.03795,0.5,0.55769,-0.05769,-0.05962
1,140,2924.2,CLOSE,0.705,0.67014,0.03486,0.03313,0.5,0.50339,-0.00339,0.01695,0.705,0.65511,0.04989,0.03949,0.5,0.55962,-0.05962,-0.05962
1,141,2944.8,CLOSE,0.71,0.67361,0.03639,0.02944,0.5,0.50169,-0.00169,0.01356,0.71,0.66031,0.04969,0.03756,0.5,0.55769,-0.05769,-0.05962
1,142,2966.0,CLOSE,0.715,0.67708,0.03792,0.03271,0.5,0.50339,-0.00339,0.02034,0.715,0.66551,0.04949,0.03909,0.5,0.55769,-0.05769,-0.06154
1,143,2986.6,CLOSE,0.72,0.68229,0.03771,0.03424,0.5,0.50339,-0.00339,0.01356,0.72,0.66898,0.05102,0.03716,0.5,0.55769,-0.05769,-0.05962
1,144,3007.7,CLOSE,0.725,0.68576,0.03924,0.03056,0.5,0.50339,-0.00339,0.01356,0.725,0.67244,0.05256,0.03869,0.5,0.55769,-0.05769,-0.05962
1,145,3028.9,CLOSE,0.73,0.69271,0.03729,0.03208,0.5,0.50169,-0.00169,0.01017,0.73,0.67591,0.05409,0.03676,0.5,0.55962,-0.05962,-0.05962
1,146,3049.7,CLOSE,0.735,0.69792,0.03708,0.0284,0.5,0.50169,-0.00169,0.01356,0.735,0.68111,0.05389,0.03656,0.5,0.55769,-0.05769,-0.05962
1,147,3072.4,CLOSE,0.74,0.70139,0.03861,0.02993,0.5,0.50169,-0.00169,0.01356,0.74,0.68458,0.05542,0.03116,0.5,0.55769,-0.05769,-0.05962
1,148,3091.2,CLOSE,0.745,0.7066,0.0384,0.03146,0.5,0.49831,0.00169,0.01356,0.745,0.68804,0.05696,0.03269,0.5,0.55769,-0.05769,-0.06346
1,149,3113.5,CLOSE,0.75,0.71181,0.03819,0.03299,0.5,0.50169,-0.00169,0.01186,0.75,0.69497,0.05503,0.02903,0.5,0.56346,-0.06346,-0.05962
1,150,3133.7,CLOSE,0.755,0.72222,0.03278,0.03104,0.5,0.50169,-0.00169,0.01017,0.755,0.69844,0.05656,0.0323,0.5,0.55769,-0.05769,-0.05962
1,151,3153.9,CLOSE,0.76,0.72049,0.03951,0.0291,0.5,0.50169,-0.00169,0.00678,0.76,0.71057,0.04943,0.0269,0.5,0.55962,-0.05962,-0.06154
1,152,3175.6,CLOSE,0.765,0.72396,0.04104,0.03236,0.5,0.50169,-0.00169,0.00169,0.765,0.71231,0.05269,0.0267,0.5,0.55962,-0.05962,-0.05962
1,153,3195.6,CLOSE,0.77,0.72917,0.04083,0.03042,0.5,0.50169,-0.00169,-0.00508,0.77,0.71231,0.05769,0.03343,0.5,0.55962,-0.05962,-0.05962
1,154,3215.9,CLOSE,0.775,0.73438,0.04063,0.03194,0.5,0.50169,-0.00169,-0.00678,0.775,0.72097,0.05403,0.02803,0.5,0.55769,-0.05769,-0.05962
1,155,3235.2,CLOSE,0.78,0.73785,0.04215,0.02479,0.5,0.50169,-0.00169,-0.00678,0.78,0.7227,0.0573,0.03477,0.5,0.55769,-0.05769,-0.05769
1,156,3256.2,CLOSE,0.785,0.74132,0.04368,0.03153,0.5,0.50169,-0.00169,-0.00678,0.785,0.72444,0.06056,0.03457,0.5,0.55769,-0.05769,-0.05962
1,157,3276.8,CLOSE,0.79,0.74653,0.04347,0.03132,0.5,0.50169,-0.00169,-0.00508,0.79,0.7279,0.0621,0.0361,0.5,0.55577,-0.05577,-0.05962
1,158,3299.3,CLOSE,0.795,0.75347,0.04153,0.03285,0.5,0.50169,-0.00169,-0.00508,0.795,0.7383,0.0567,0.0359,0.5,0.55769,-0.05769,-0.06154
1,159,3321.5,CLOSE,0.8,0.75521,0.04479,0.03438,0.5,0.50169,-0.00169,-0.01017,0.8,0.73657,0.06343,0.0357,0.5,0.55769,-0.05769,-0.06154
1,160,3340.8,CLOSE,0.805,0.75694,0.04806,0.03417,0.5,0.5,0.0,-0.00678,0.805,0.74697,0.05803,0.03377,0.5,0.55769,-0.05769,-0.05962
1,161,3361.4,CLOSE,0.81,0.76215,0.04785,0.03569,0.5,0.5,0.0,-0.00678,0.81,0.75217,0.05783,0.03357,0.5,0.55769,-0.05769,-0.05962
1,162,3382.7,CLOSE,0.815,0.76562,0.04938,0.03375,0.5,0.50169,-0.00169,-0.00678,0.815,0.75043,0.06457,0.03164,0.5,0.55769,-0.05769,-0.06346
1,163,3403.4,CLOSE,0.82,0.77083,0.04917,0.03007,0.5,0.50169,-0.00169,-0.01017,0.82,0.75217,0.06783,0.03144,0.5,0.55769,-0.05769,-0.06346
1,164,3424.3,CLOSE,0.825,0.78299,0.04201,0.02813,0.5,0.5,0.0,-0.00678,0.825,0.76603,0.05897,0.03124,0.5,0.55769,-0.05769,-0.05962
1,165,3445.5,CLOSE,0.83,0.78993,0.04007,0.03313,0.5,0.5,0.0,-0.00678,0.83,0.76603,0.06397,0.02931,0.5,0.55769,-0.05769,-0.06154
1,166,3466.1,CLOSE,0.835,0.79167,0.04333,0.03118,0.5,0.5,0.0,-0.00678,0.835,0.7695,0.0655,0.02737,0.5,0.55769,-0.05769,-0.05962
1,167,3484.6,CLOSE,0.84,0.79167,0.04833,0.03271,0.5,0.50169,-0.00169,-0.00508,0.84,0.7695,0.0705,0.02891,0.5,0.55769,-0.05769,-0.05962
1,168,3505.8,CLOSE,0.845,0.80208,0.04292,0.02903,0.5,0.50169,-0.00169,-0.00508,0.845,0.77643,0.06857,0.02871,0.5,0.55769,-0.05769,-0.05962
1,169,3527.7,CLOSE,0.85,0.80208,0.04792,0.02535,0.5,0.5,0.0,-0.00508,0.85,0.78163,0.06837,0.02331,0.5,0.55769,-0.05769,-0.05962
1,170,3548.1,CLOSE,0.855,0.80382,0.05118,0.03382,0.5,0.50169,-0.00169,-0.00508,0.855,0.78856,0.06644,0.02658,0.5,0.55769,-0.05769,-0.06154
1,171,3569.9,CLOSE,0.86,0.80729,0.05271,0.02493,0.5,0.50169,-0.00169,-0.00678,0.86,0.79029,0.06971,0.02118,0.5,0.55769,-0.05769,-0.06154
1,172,3592.4,CLOSE,0.865,0.81424,0.05076,0.0334,0.5,0.5,0.0,-0.00847,0.865,0.79549,0.06951,0.02964,0.5,0.55769,-0.05769,-0.06154
1,173,3611.5,CLOSE,0.87,0.81771,0.05229,0.02451,0.5,0.5,0.0,-0.00508,0.87,0.80243,0.06757,0.02598,0.5,0.55769,-0.05769,-0.06538
1,174,3632.0,CLOSE,0.875,0.82812,0.04688,0.03299,0.5,0.50339,-0.00339,-0.00678,0.875,0.80936,0.06564,0.03098,0.5,0.55769,-0.05769,-0.06154
1,175,3653.9,CLOSE,0.88,0.82812,0.05188,0.0241,0.5,0.5,0.0,-0.00508,0.88,0.81282,0.06718,0.02731,0.5,0.55769,-0.05769,-0.05962
1,176,3675.2,CLOSE,0.885,0.8316,0.0534,0.03257,0.5,0.49831,0.00169,-0.00508,0.885,0.81976,0.06524,0.03231,0.5,0.55769,-0.05769,-0.06154
1,177,3694.7,CLOSE,0.89,0.83507,0.05493,0.03236,0.5,0.5,0.0,-0.00508,0.89,0.81629,0.07371,0.03211,0.5,0.55769,-0.05769,-0.06346
1,178,3715.2,CLOSE,0.895,0.84028,0.05472,0.03042,0.5,0.5,0.0,-0.00508,0.895,0.81976,0.07524,0.03192,0.5,0.55577,-0.05577,-0.06154
1,179,3736.3,CLOSE,0.9,0.85069,0.04931,0.03194,0.5,0.49661,0.00339,-0.00678,0.9,0.82842,0.07158,0.03345,0.5,0.55769,-0.05769,-0.05962
1,180,3757.1,CLOSE,0.905,0.84722,0.05778,0.03868,0.5,0.50169,-0.00169,-0.00678,0.905,0.83362,0.07138,0.03325,0.5,0.55577,-0.05577,-0.05962
1,181,3777.8,CLOSE,0.91,0.85069,0.05931,0.035,0.5,0.49831,0.00169,-0.00678,0.91,0.83016,0.07984,0.03132,0.5,0.55962,-0.05962,-0.06154
1,182,3798.8,CLOSE,0.915,0.86285,0.05215,0.03479,0.5,0.49831,0.00169,-0.00678,0.915,0.83536,0.07964,0.02938,0.5,0.55769,-0.05769,-0.05962
1,183,3819.6,CLOSE,0.92,0.86458,0.05542,0.03285,0.5,0.5,0.0,-0.00678,0.92,0.84575,0.07425,0.02572,0.5,0.56154,-0.06154,-0.06154
1,184,3840.5,CLOSE,0.925,0.86458,0.06042,0.02917,0.5,0.5,0.0,-0.00508,0.925,0.84575,0.07925,0.03245,0.5,0.55577,-0.05577,-0.05962
1,185,3861.0,CLOSE,0.93,0.86806,0.06194,0.02549,0.5,0.5,0.0,-0.00678,0.93,0.84749,0.08251,0.02879,0.5,0.55577,-0.05577,-0.05962
1,186,3881.8,CLOSE,0.935,0.88021,0.05479,0.03396,0.5,0.5,0.0,-0.00678,0.935,0.85962,0.07538,0.02859,0.5,0.55962,-0.05962,-0.05962
1,187,3902.8,CLOSE,0.94,0.87153,0.06847,0.03722,0.5,0.49831,0.00169,-0.00678,0.94,0.86135,0.07865,0.02492,0.5,0.55962,-0.05962,-0.05962
1,188,3923.5,CLOSE,0.945,0.87674,0.06826,0.03701,0.5,0.49831,0.00169,-0.00678,0.945,0.85962,0.08538,0.02646,0.5,0.55962,-0.05962,-0.05962
1,189,3944.3,CLOSE,0.95,0.88542,0.06458,0.03681,0.5,0.49831,0.00169,-0.00678,0.95,0.86482,0.08518,0.02972,0.5,0.55769,-0.05769,-0.06154
1,190,3965.9,CLOSE,0.955,0.89062,0.06438,0.03313,0.5,0.5,0.0,-0.00678,0.955,0.87695,0.07805,0.02086,0.5,0.55769,-0.05769,-0.05962
1,191,3986.5,CLOSE,0.96,0.88715,0.07285,0.03465,0.5,0.5,0.0,-0.00508,0.96,0.87868,0.08132,0.02239,0.5,0.56346,-0.06346,-0.06154
1,192,4007.1,CLOSE,0.965,0.89931,0.06569,0.03444,0.5,0.49831,0.00169,-0.01017,0.965,0.88562,0.07938,0.02739,0.5,0.55769,-0.05769,-0.06154
1,193,4028.3,CLOSE,0.97,0.89583,0.07417,0.03424,0.5,0.49831,0.00169,-0.00678,0.97,0.88908,0.08092,0.02893,0.5,0.55577,-0.05577,-0.06154
1,194,4049.2,CLOSE,0.975,0.90104,0.07396,0.03576,0.5,0.49831,0.00169,-0.00678,0.975,0.88562,0.08938,0.02873,0.5,0.55769,-0.05769,-0.06154
1,195,4069.8,CLOSE,0.98,0.90451,0.07549,0.02861,0.5,0.5,0.0,-0.00847,0.98,0.89601,0.08399,0.02679,0.5,0.55769,-0.05769,-0.06154
1,196,4090.4,CLOSE,0.985,0.91493,0.07007,0.03014,0.5,0.50169,-0.00169,-0.00508,0.985,0.89428,0.09072,0.02659,0.5,0.55577,-0.05577,-0.05962
1,197,4112.1,CLOSE,0.99,0.90972,0.08028,0.03514,0.5,0.49831,0.00169,-0.00678,0.99,0.90641,0.08359,0.0212,0.5,0.55577,-0.05577,-0.06154
1,198,4132.9,CLOSE,0.995,0.92361,0.07139,0.03667,0.5,0.49831,0.00169,-0.00678,0.995,0.89948,0.09552,0.02793,0.5,0.55769,-0.05769,-0.05962
1,199,4153.5,CLOSE,1.0,0.92188,0.07812,0.02951,0.5,0.49831,0.00169,-0.00508,1.0,0.90468,0.09532,0.0312,0.5,0.55769,-0.05769,-0.06154
2,0,8.8,CLOSE,0.005,0.0,0.005,0.00153,0.005,0.0,0.005,0.00161,0.005,0.0,0.005,0.005,0.005,0.0,0.005,0.005
2,1,29.8,CLOSE,0.01,0.0,0.01,0.01,0.01,0.0,0.01,0.00661,0.01,0.0,0.01,0.01,0.01,0.0,0.01,0.01
2,2,50.8,CLOSE,0.015,0.0,0.015,0.015,0.015,0.0,0.015,0.01161,0.015,0.0,0.015,0.015,0.015,0.0,0.015,0.015
2,3,70.7,CLOSE,0.02,0.0,0.02,0.02,0.02,0.0,0.02,0.01661,0.02,0.0,0.02,0.02,0.02,0.0,0.02,0.02
2,4,92.5,CLOSE,0.025,0.0,0.025,0.025,0.025,0.00339,0.02161,0.02161,0.025,0.0,0.025,0.025,0.025,0.0,0.025,0.025
2,5,112.5,CLOSE,0.03,0.0,0.03,0.03,0.03,0.0,0.03,0.02661,0.03,0.0,0.03,0.03,0.03,0.0,0.03,0.03
2,6,134.1,CLOSE,0.035,0.0,0.035,0.035,0.035,0.00678,0.02822,0.03161,0.035,0.00173,0.03327,0.035,0.035,0.00577,0.02923,0.02923
2,7,154.2,CLOSE,0.04,0.0,0.04,0.04,0.04,0.0,0.04,0.03661,0.04,0.0,0.04,0.04,0.04,0.0,0.04,0.04
2,8,175.2,CLOSE,0.045,0.01042,0.03458,0.045,0.045,0.0,0.045,0.03992,0.045,0.00173,0.04327,0.045,0.045,0.0,0.045,0.045
2,9,195.4,CLOSE,0.05,0.00521,0.04479,0.04132,0.05,0.0,0.05,0.04492,0.05,0.0,0.05,0.05,0.05,0.0,0.05,0.05
2,10,217.2,CLOSE,0.055,0.01215,0.04285,0.04806,0.055,0.0,0.055,0.04483,0.055,0.0,0.055,0.05153,0.055,0.0,0.055,0.05115
2,11,238.0,CLOSE,0.06,0.01562,0.04437,0.04958,0.06,0.00339,0.05661,0.04983,0.06,0.0052,0.0548,0.0496,0.06,0.00577,0.05423,0.05423
2,12,258.1,CLOSE,0.065,0.0191,0.0459,0.04417,0.065,0.00339,0.06161,0.04805,0.065,0.01213,0.05287,0.04594,0.065,0.01154,0.05346,0.05154
2,13,279.2,CLOSE,0.07,0.02778,0.04222,0.04743,0.07,0.01017,0.05983,0.04966,0.07,0.01906,0.05094,0.0492,0.07,0.01731,0.05269,0.04692
2,14,299.6,CLOSE,0.075,0.03472,0.04028,0.04375,0.075,0.01864,0.05636,0.04958,0.075,0.026,0.049,0.0438,0.075,0.025,0.05,0.05
2,15,320.2,CLOSE,0.08,0.04167,0.03833,0.04007,0.08,0.02542,0.05458,0.04949,0.08,0.03293,0.04707,0.04014,0.08,0.02885,0.05115,0.04538
2,16,341.4,CLOSE,0.085,0.04861,0.03639,0.03639,0.085,0.03729,0.04771,0.04771,0.085,0.04333,0.04167,0.04167,0.085,0.03654,0.04846,0.04462
2,17,360.0,CLOSE,0.09,0.05556,0.03444,0.03271,0.09,0.04407,0.04593,0.04085,0.09,0.05373,0.03627,0.03801,0.09,0.04423,0.04577,0.03615
2,18,380.9,CLOSE,0.095,0.0625,0.0325,0.02903,0.095,0.05085,0.04415,0.03907,0.095,0.05546,0.03954,0.03434,0.095,0.05577,0.03923,0.03731
2,19,401.8,CLOSE,0.1,0.06944,0.03056,0.02535,0.1,0.06271,0.03729,0.03898,0.1,0.06066,0.03934,0.03414,0.1,0.05962,0.04038,0.03462
2,20,422.5,CLOSE,0.105,0.07639,0.02861,0.02514,0.105,0.06949,0.03551,0.0372,0.105,0.06932,0.03568,0.03221,0.105,0.06731,0.03769,0.03
2,21,445.4,CLOSE,0.11,0.07986,0.03014,0.02493,0.11,0.07627,0.03373,0.03542,0.11,0.07626,0.03374,0.02854,0.11,0.075,0.035,0.02923
2,22,466.2,CLOSE,0.115,0.08507,0.02993,0.02472,0.115,0.08305,0.03195,0.03364,0.115,0.08319,0.03181,0.02834,0.115,0.08269,0.03231,0.02654
2,23,487.5,CLOSE,0.12,0.08854,0.03146,0.02451,0.12,0.09153,0.02847,0.03186,0.12,0.08839,0.03161,0.02815,0.12,0.09038,0.02962,0.02385
2,24,508.0,CLOSE,0.125,0.09028,0.03472,0.02604,0.125,0.09831,0.02669,0.03008,0.125,0.09359,0.03141,0.02621,0.125,0.09423,0.03077,0.02115
2,25,529.6,CLOSE,0.13,0.09549,0.03451,0.02931,0.13,0.10508,0.02492,0.02831,0.13,0.09879,0.03121,0.02255,0.13,0.10577,0.02423,0.02423
2,26,549.1,CLOSE,0.135,0.09722,0.03778,0.0291,0.135,0.11017,0.02483,0.02483,0.135,0.10225,0.03275,0.01888,0.135,0.10962,0.02538,0.01962
2,27,570.8,CLOSE,0.14,0.10069,0.03931,0.03583,0.14,0.11695,0.02305,0.02814,0.14,0.10745,0.03255,0.02388,0.14,0.11731,0.02269,0.02654
2,28,592.0,CLOSE,0.145,0.1059,0.0391,0.03736,0.145,0.12034,0.02466,0.02297,0.145,0.10919,0.03581,0.02715,0.145,0.12115,0.02385,0.02962
2,29,613.3,CLOSE,0.15,0.10938,0.04063,0.04063,0.15,0.12373,0.02627,0.02119,0.15,0.11612,0.03388,0.03042,0.15,0.12692,0.02308,0.03269
2,30,633.5,CLOSE,0.155,0.11458,0.04042,0.04215,0.155,0.12881,0.02619,0.02449,0.155,0.11958,0.03542,0.03195,0.155,0.13077,0.02423,0.03577
2,31,655.0,CLOSE,0.16,0.11806,0.04194,0.04368,0.16,0.13051,0.02949,0.02441,0.16,0.12132,0.03868,0.03695,0.16,0.13462,0.02538,0.03885
2,32,675.2,CLOSE,0.165,0.125,0.04,0.04347,0.165,0.1322,0.0328,0.02432,0.165,0.12305,0.04195,0.03675,0.165,0.13654,0.02846,0.03423
2,33,694.3,CLOSE,0.17,0.12847,0.04153,0.04153,0.17,0.1322,0.0378,0.02593,0.17,0.12998,0.04002,0.03655,0.17,0.14231,0.02769,0.04115
2,34,715.6,CLOSE,0.175,0.13542,0.03958,0.04479,0.175,0.1339,0.0411,0.02754,0.175,0.13345,0.04155,0.03982,0.175,0.14615,0.02885,0.04231
2,35,734.6,CLOSE,0.18,0.14583,0.03417,0.04458,0.18,0.14407,0.03593,0.02576,0.18,0.13692,0.04308,0.04135,0.18,0.14808,0.03192,0.04154
2,36,755.7,CLOSE,0.185,0.14931,0.03569,0.04438,0.185,0.14576,0.03924,0.03246,0.185,0.14211,0.04289,0.03595,0.185,0.15192,0.03308,0.03692
2,37,776.1,CLOSE,0.19,0.15625,0.03375,0.03722,0.19,0.14576,0.04424,0.03576,0.19,0.14558,0.04442,0.04442,0.19,0.15577,0.03423,0.04
2,38,797.8,CLOSE,0.195,0.15799,0.03701,0.04049,0.195,0.14407,0.05093,0.03907,0.195,0.15078,0.04422,0.04422,0.195,0.15962,0.03538,0.03923
2,39,819.4,CLOSE,0.2,0.16319,0.03681,0.04028,0.2,0.14746,0.05254,0.04237,0.2,0.15598,0.04402,0.04402,0.2,0.17308,0.02692,0.03654
2,40,841.3,CLOSE,0.205,0.17188,0.03313,0.03486,0.205,0.15085,0.05415,0.04737,0.205,0.16291,0.04209,0.04382,0.205,0.17885,0.02615,0.03577
2,41,861.9,CLOSE,0.21,0.17535,0.03465,0.03639,0.21,0.15593,0.05407,0.0439,0.21,0.16638,0.04362,0.04362,0.21,0.17885,0.03115,0.035
2,42,882.7,CLOSE,0.215,0.17882,0.03618,0.03618,0.215,0.16102,0.05398,0.0472,0.215,0.17158,0.04342,0.04342,0.215,0.17885,0.03615,0.03423
2,43,903.6,CLOSE,0.22,0.18403,0.03597,0.03597,0.22,0.1661,0.0539,0.0539,0.22,0.17851,0.04149,0.04149,0.22,0.19038,0.02962,0.02769
2,44,924.4,CLOSE,0.225,0.19097,0.03403,0.03403,0.225,0.17797,0.04703,0.05551,0.225,0.18891,0.03609,0.03782,0.225,0.18846,0.03654,0.03269
2,45,945.4,CLOSE,0.23,0.19618,0.03382,0.03382,0.23,0.17627,0.05373,0.05712,0.23,0.19064,0.03936,0.03589,0.23,0.19615,0.03385,0.02615
2,46,966.1,CLOSE,0.235,0.20486,0.03014,0.03014,0.235,0.18644,0.04856,0.05703,0.235,0.19584,0.03916,0.03049,0.235,0.20192,0.03308,0.02923
2,47,987.5,CLOSE,0.24,0.20486,0.03514,0.03514,0.24,0.18814,0.05186,0.05695,0.24,0.20104,0.03896,0.03203,0.24,0.21538,0.02462,0.01308
2,48,1007.9,CLOSE,0.245,0.20833,0.03667,0.03667,0.245,0.19492,0.05008,0.05686,0.245,0.20797,0.03703,0.03529,0.245,0.22692,0.01808,0.01615
2,49,1029.6,CLOSE,0.25,0.21354,0.03646,0.03819,0.25,0.20169,0.04831,0.05508,0.25,0.21317,0.03683,0.0351,0.25,0.23269,0.01731,0.01346
2,50,1050.9,CLOSE,0.255,0.22396,0.03104,0.04146,0.255,0.21186,0.04314,0.04992,0.255,0.2201,0.0349,0.03143,0.255,0.24231,0.01269,0.01077
2,51,1070.9,CLOSE,0.26,0.22396,0.03604,0.04299,0.26,0.21525,0.04475,0.05661,0.26,0.22704,0.03296,0.03296,0.26,0.24808,0.01192,0.01
2,52,1091.2,CLOSE,0.265,0.22917,0.03583,0.04451,0.265,0.21864,0.04636,0.05314,0.265,0.22877,0.03623,0.03276,0.265,0.25385,0.01115,0.00923
2,53,1113.1,CLOSE,0.27,0.23438,0.03563,0.04604,0.27,0.22712,0.04288,0.05136,0.27,0.23397,0.03603,0.0343,0.27,0.26154,0.00846,0.01038
2,54,1134.4,CLOSE,0.275,0.23958,0.03542,0.0441,0.275,0.2339,0.0411,0.04958,0.275,0.2409,0.0341,0.03583,0.275,0.26538,0.00962,0.01154
2,55,1153.9,CLOSE,0.28,0.24306,0.03694,0.04215,0.28,0.24068,0.03932,0.0478,0.28,0.24263,0.03737,0.0339,0.28,0.26923,0.01077,0.01077
2,56,1174.8,CLOSE,0.285,0.24653,0.03847,0.04021,0.285,0.24576,0.03924,0.04263,0.285,0.24783,0.03717,0.0337,0.285,0.27308,0.01192,0.01192
2,57,1195.6,CLOSE,0.29,0.24826,0.04174,0.04,0.29,0.25254,0.03746,0.04254,0.29,0.25477,0.03523,0.03177,0.29,0.27692,0.01308,0.015
2,58,1216.0,CLOSE,0.295,0.25174,0.04326,0.03806,0.295,0.2661,0.0289,0.03907,0.295,0.25823,0.03677,0.0385,0.295,0.28269,0.01231,0.00846
2,59,1237.0,CLOSE,0.3,0.25694,0.04306,0.03611,0.3,0.2661,0.0339,0.02712,0.3,0.26343,0.03657,0.04003,0.3,0.28654,0.01346,0.01346
2,60,1258.1,CLOSE,0.305,0.26562,0.03938,0.0359,0.305,0.26949,0.03551,0.03381,0.305,0.2669,0.0381,0.0381,0.305,0.29231,0.01269,0.01462
2,61,1278.3,CLOSE,0.31,0.2691,0.0409,0.03396,0.31,0.27288,0.03712,0.03203,0.31,0.2721,0.0379,0.04137,0.31,0.29423,0.01577,0.01385
2,62,1299.7,CLOSE,0.315,0.27951,0.03549,0.02681,0.315,0.27627,0.03873,0.03534,0.315,0.27556,0.03944,0.0429,0.315,0.3,0.015,0.015
2,63,1319.9,CLOSE,0.32,0.28646,0.03354,0.03181,0.32,0.27797,0.04203,0.03695,0.32,0.28596,0.03404,0.04097,0.32,0.30577,0.01423,0.01423
2,64,1341.5,CLOSE,0.325,0.28993,0.03507,0.02986,0.325,0.28305,0.04195,0.03856,0.325,0.2825,0.0425,0.0425,0.325,0.31346,0.01154,0.01154
2,65,1361.6,CLOSE,0.33,0.29514,0.03486,0.02965,0.33,0.28475,0.04525,0.04017,0.33,0.2825,0.0475,0.04057,0.33,0.31923,0.01077,0.01077
2,66,1383.2,CLOSE,0.335,0.30208,0.03292,0.02944,0.335,0.29492,0.04008,0.04008,0.335,0.28943,0.04557,0.04037,0.335,0.32308,0.01192,0.00808
2,67,1403.9,CLOSE,0.34,0.30729,0.03271,0.02924,0.34,0.29322,0.04678,0.04339,0.34,0.29289,0.04711,0.03844,0.34,0.32885,0.01115,0.00731
2,68,1424.5,CLOSE,0.345,0.3125,0.0325,0.03076,0.345,0.29831,0.04669,0.045,0.345,0.29809,0.04691,0.03824,0.345,0.33654,0.00846,0.00462
2,69,1445.1,CLOSE,0.35,0.31944,0.03056,0.03056,0.35,0.30169,0.04831,0.04322,0.35,0.30503,0.04497,0.03804,0.35,0.34615,0.00385,0.00577
2,70,1466.8,CLOSE,0.355,0.32465,0.03035,0.03208,0.355,0.31186,0.04314,0.03975,0.355,0.31023,0.04477,0.03438,0.355,0.35385,0.00115,0.00308
2,71,1487.6,CLOSE,0.36,0.3316,0.0284,0.03188,0.36,0.31525,0.04475,0.04136,0.36,0.31716,0.04284,0.03418,0.36,0.35577,0.00423,0.00231
2,72,1509.9,CLOSE,0.365,0.33681,0.02819,0.03167,0.365,0.32034,0.04466,0.03958,0.365,0.32582,0.03918,0.02531,0.365,0.36154,0.00346,0.00154
2,73,1529.1,CLOSE,0.37,0.33854,0.03146,0.02799,0.37,0.33051,0.03949,0.04797,0.37,0.33276,0.03724,0.03205,0.37,0.36538,0.00462,0.00462
2,74,1551.0,CLOSE,0.375,0.34722,0.02778,0.03125,0.375,0.3322,0.0428,0.0428,0.375,0.33795,0.03705,0.03185,0.375,0.36923,0.00577,0.00769
2,75,1570.3,CLOSE,0.38,0.35069,0.02931,0.03104,0.38,0.33559,0.04441,0.04271,0.38,0.34489,0.03511,0.03165,0.38,0.375,0.005,0.00692
2,76,1591.6,CLOSE,0.385,0.35764,0.02736,0.03083,0.385,0.34237,0.04263,0.04263,0.385,0.35182,0.03318,0.03145,0.385,0.37885,0.00615,0.00615
2,77,1613.1,CLOSE,0.39,0.36111,0.02889,0.03236,0.39,0.34746,0.04254,0.04593,0.39,0.36049,0.02951,0.03125,0.39,0.38462,0.00538,0.00731
2,78,1633.5,CLOSE,0.395,0.36632,0.02868,0.02868,0.395,0.35424,0.04076,0.04754,0.395,0.37088,0.02412,0.02932,0.395,0.39038,0.00462,0.00077
2,79,1654.3,CLOSE,0.4,0.36979,0.03021,0.03368,0.4,0.36271,0.03729,0.04746,0.4,0.37435,0.02565,0.02738,0.4,0.39808,0.00192,0.0
2,80,1672.8,CLOSE,0.405,0.375,0.03,0.03,0.405,0.36441,0.04059,0.04568,0.405,0.37782,0.02718,0.03065,0.405,0.40385,0.00115,-0.00077
2,81,1695.6,CLOSE,0.41,0.38194,0.02806,0.02806,0.41,0.36949,0.04051,0.0439,0.41,0.38475,0.02525,0.02872,0.41,0.42115,-0.01115,-0.00538
2,82,1716.3,CLOSE,0.415,0.38542,0.02958,0.03306,0.415,0.37458,0.04042,0.04212,0.415,0.38821,0.02679,0.03198,0.415,0.41731,-0.00231,-0.00231
2,83,1736.9,CLOSE,0.42,0.38889,0.03111,0.03111,0.42,0.37966,0.04034,0.04203,0.42,0.39168,0.02832,0.03352,0.42,0.42115,-0.00115,-0.005
2,84,1758.2,CLOSE,0.425,0.3941,0.0309,0.03264,0.425,0.38475,0.04025,0.03856,0.425,0.40035,0.02465,0.03505,0.425,0.42885,-0.00385,-0.00385
2,85,1778.7,CLOSE,0.43,0.39757,0.03243,0.03243,0.43,0.39153,0.03847,0.03847,0.43,0.40035,0.02965,0.03485,0.43,0.43462,-0.00462,-0.00269
2,86,1800.0,CLOSE,0.435,0.40104,0.03396,0.03396,0.435,0.39153,0.04347,0.04347,0.435,0.39515,0.03985,0.03639,0.435,0.43846,-0.00346,-0.00346
2,87,1820.4,CLOSE,0.44,0.40625,0.03375,0.03201,0.44,0.39831,0.04169,0.04339,0.44,0.40208,0.03792,0.03619,0.44,0.44423,-0.00423,-0.00615
2,88,1841.2,CLOSE,0.445,0.41146,0.03354,0.03181,0.445,0.4,0.045,0.04331,0.445,0.41075,0.03425,0.03772,0.445,0.45,-0.005,-0.00692
2,89,1862.6,CLOSE,0.45,0.41493,0.03507,0.03333,0.45,0.40339,0.04661,0.04492,0.45,0.41768,0.03232,0.03752,0.45,0.45577,-0.00577,-0.00577
2,90,1883.1,CLOSE,0.455,0.4184,0.0366,0.03486,0.455,0.40678,0.04822,0.04314,0.455,0.41941,0.03559,0.03732,0.455,0.46538,-0.01038,-0.00654
2,91,1903.9,CLOSE,0.46,0.42535,0.03465,0.02771,0.46,0.41356,0.04644,0.04475,0.46,0.42461,0.03539,0.03192,0.46,0.46538,-0.00538,-0.00731
2,92,1924.7,CLOSE,0.465,0.43576,0.02924,0.03271,0.465,0.41695,0.04805,0.04636,0.465,0.43501,0.02999,0.03519,0.465,0.47115,-0.00615,-0.00615
2,93,1945.7,CLOSE,0.47,0.44097,0.02903,0.03424,0.47,0.42203,0.04797,0.03949,0.47,0.43328,0.03672,0.03846,0.47,0.47692,-0.00692,-0.005
2,94,1966.3,CLOSE,0.475,0.44097,0.03403,0.03229,0.475,0.4322,0.0428,0.04619,0.475,0.43501,0.03999,0.03306,0.475,0.48077,-0.00577,-0.00769
2,95,1988.0,CLOSE,0.48,0.44618,0.03382,0.03208,0.48,0.4322,0.0478,0.0461,0.48,0.44194,0.03806,0.03286,0.48,0.48846,-0.00846,-0.00654
2,96,2008.6,CLOSE,0.485,0.45486,0.03014,0.03361,0.485,0.43729,0.04771,0.04432,0.485,0.45061,0.03439,0.03439,0.485,0.49615,-0.01115,-0.00731
2,97,2029.9,CLOSE,0.49,0.45833,0.03167,0.0334,0.49,0.44576,0.04424,0.03746,0.49,0.45407,0.03593,0.03419,0.49,0.50577,-0.01577,-0.01
2,98,2049.9,CLOSE,0.495,0.46528,0.02972,0.03319,0.495,0.45085,0.04415,0.04585,0.495,0.45754,0.03746,0.03573,0.495,0.50769,-0.01269,-0.01269
2,99,2071.2,CLOSE,0.5,0.47049,0.02951,0.03472,0.5,0.46441,0.03559,0.04068,0.5,0.46447,0.03553,0.0338,0.5,0.52308,-0.02308,-0.01154
2,100,2091.7,CLOSE,0.505,0.47396,0.03104,0.03278,0.5,0.46441,0.03559,0.03898,0.505,0.46967,0.03533,0.02666,0.5,0.52308,-0.02308,-0.01923
2,101,2113.1,CLOSE,0.51,0.48611,0.02389,0.02563,0.5,0.46949,0.03051,0.0339,0.51,0.47314,0.03686,0.03513,0.5,0.52692,-0.02692,-0.025
2,102,2133.4,CLOSE,0.515,0.48785,0.02715,0.03236,0.5,0.47627,0.02373,0.02203,0.515,0.48007,0.03493,0.0332,0.5,0.53269,-0.03269,-0.03077
2,103,2153.7,CLOSE,0.52,0.48785,0.03215,0.03042,0.5,0.47966,0.02034,0.02203,0.52,0.4818,0.0382,0.03473,0.5,0.53846,-0.03846,-0.03654
2,104,2174.5,CLOSE,0.525,0.5,0.025,0.03194,0.5,0.48644,0.01356,0.01695,0.525,0.4922,0.0328,0.02933,0.5,0.54231,-0.04231,-0.04231
2,105,2195.0,CLOSE,0.53,0.50694,0.02306,0.01958,0.5,0.49153,0.00847,0.01017,0.53,0.49913,0.03087,0.02567,0.5,0.54615,-0.04615,-0.04615
2,106,2215.9,CLOSE,0.535,0.51215,0.02285,0.01938,0.5,0.49322,0.00678,0.00508,0.535,0.51473,0.02027,0.022,0.5,0.54808,-0.04808,-0.05
2,107,2237.0,CLOSE,0.54,0.52257,0.01743,0.02611,0.5,0.50169,-0.00169,-0.00339,0.54,0.51473,0.02527,0.0218,0.5,0.55,-0.05,-0.05192
2,108,2257.7,CLOSE,0.545,0.53125,0.01375,0.01896,0.5,0.50339,-0.00339,-0.00678,0.545,0.51993,0.02507,0.01987,0.5,0.55192,-0.05192,-0.05385
2,109,2278.2,CLOSE,0.55,0.52778,0.02222,0.01875,0.5,0.50678,-0.00678,-0.00847,0.55,0.5234,0.0266,0.02487,0.5,0.55385,-0.05385,-0.05769
2,110,2299.7,CLOSE,0.555,0.53125,0.02375,0.02201,0.5,0.50508,-0.00508,-0.00847,0.555,0.53033,0.02467,0.0316,0.5,0.55769,-0.05769,-0.05962
2,111,2320.2,CLOSE,0.56,0.53472,0.02528,0.01833,0.5,0.50508,-0.00508,-0.01017,0.56,0.52686,0.03314,0.02447,0.5,0.55192,-0.05192,-0.05962
2,112,2341.1,CLOSE,0.565,0.53472,0.03028,0.03028,0.5,0.50508,-0.00508,-0.00847,0.565,0.5286,0.0364,0.02774,0.5,0.55192,-0.05192,-0.05962
2,113,2361.6,CLOSE,0.57,0.53819,0.03181,0.03354,0.5,0.50678,-0.00678,-0.00847,0.57,0.53033,0.03967,0.03447,0.5,0.55962,-0.05962,-0.05962
2,114,2382.8,CLOSE,0.575,0.53993,0.03507,0.03681,0.5,0.50508,-0.00508,-0.00847,0.575,0.53206,0.04294,0.03774,0.5,0.55385,-0.05385,-0.05962
2,115,2404.0,CLOSE,0.58,0.55208,0.02792,0.04007,0.5,0.50678,-0.00678,-0.00847,0.58,0.5338,0.0462,0.04101,0.5,0.55385,-0.05385,-0.05962
2,116,2424.6,CLOSE,0.585,0.55556,0.02944,0.03986,0.5,0.50508,-0.00508,-0.01525,0.585,0.54246,0.04254,0.04081,0.5,0.55385,-0.05385,-0.05962
2,117,2445.1,CLOSE,0.59,0.55208,0.03792,0.03444,0.5,0.50508,-0.00508,-0.01017,0.59,0.54419,0.04581,0.04234,0.5,0.55192,-0.05192,-0.06154
2,118,2466.8,CLOSE,0.595,0.55903,0.03597,0.03771,0.5,0.50678,-0.00678,-0.00847,0.595,0.55459,0.04041,0.04214,0.5,0.55192,-0.05192,-0.05769
2,119,2487.4,CLOSE,0.6,0.5625,0.0375,0.04097,0.5,0.50678,-0.00678,-0.00847,0.6,0.55459,0.04541,0.04194,0.5,0.55192,-0.05192,-0.05962
2,120,2508.8,CLOSE,0.605,0.56771,0.03729,0.0425,0.5,0.50678,-0.00678,-0.01017,0.605,0.55979,0.04521,0.04694,0.5,0.55385,-0.05385,-0.05962
2,121,2528.4,CLOSE,0.61,0.57986,0.03014,0.04229,0.5,0.50678,-0.00678,-0.01017,0.61,0.56499,0.04501,0.03461,0.5,0.55385,-0.05385,-0.05962
2,122,2551.2,CLOSE,0.615,0.5816,0.0334,0.04035,0.5,0.50678,-0.00678,-0.00847,0.615,0.57019,0.04481,0.03961,0.5,0.55,-0.05,-0.05962
2,123,2570.9,CLOSE,0.62,0.58681,0.03319,0.04014,0.5,0.50678,-0.00678,-0.00847,0.62,0.57712,0.04288,0.03248,0.5,0.55192,-0.05192,-0.05962
2,124,2590.9,CLOSE,0.625,0.59028,0.03472,0.03646,0.5,0.50339,-0.00339,-0.00847,0.625,0.57886,0.04614,0.03575,0.5,0.55577,-0.05577,-0.05962
2,125,2612.1,CLOSE,0.63,0.59896,0.03104,0.03625,0.5,0.50678,-0.00678,-0.00847,0.63,0.58752,0.04248,0.03381,0.5,0.55385,-0.05385,-0.05962
2,126,2632.7,CLOSE,0.635,0.60417,0.03083,0.03778,0.5,0.50508,-0.00508,-0.00847,0.635,0.58925,0.04575,0.03188,0.5,0.55385,-0.05385,-0.05962
2,127,2653.2,CLOSE,0.64,0.60764,0.03236,0.03583,0.5,0.50678,-0.00678,-0.01017,0.64,0.59619,0.04381,0.02995,0.5,0.55385,-0.05385,-0.05962
2,128,2674.4,CLOSE,0.645,0.61458,0.03042,0.03389,0.5,0.50678,-0.00678,-0.01017,0.645,0.60139,0.04361,0.02975,0.5,0.55192,-0.05192,-0.05962
2,129,2695.8,CLOSE,0.65,0.61806,0.03194,0.03542,0.5,0.50508,-0.00508,-0.01017,0.65,0.60485,0.04515,0.02955,0.5,0.55385,-0.05385,-0.05962
2,130,2716.3,CLOSE,0.655,0.62153,0.03347,0.03347,0.5,0.50508,-0.00508,-0.01525,0.655,0.60832,0.04668,0.03108,0.5,0.55385,-0.05385,-0.06154
2,131,2736.8,CLOSE,0.66,0.62326,0.03674,0.03326,0.5,0.50508,-0.00508,-0.01525,0.66,0.61525,0.04475,0.02915,0.5,0.55385,-0.05385,-0.05962
2,132,2758.0,CLOSE,0.665,0.63889,0.02611,0.03479,0.5,0.50678,-0.00678,-0.00847,0.665,0.61698,0.04802,0.02375,0.5,0.55577,-0.05577,-0.05962
2,133,2778.7,CLOSE,0.67,0.63715,0.03285,0.02764,0.5,0.50339,-0.00339,-0.01017,0.67,0.62912,0.04088,0.03049,0.5,0.55577,-0.05577,-0.05962
2,134,2799.8,CLOSE,0.675,0.64236,0.03264,0.03264,0.5,0.50508,-0.00508,-0.00508,0.675,0.62738,0.04762,0.03202,0.5,0.55192,-0.05192,-0.05962
2,135,2821.1,CLOSE,0.68,0.64236,0.03764,0.03243,0.5,0.50678,-0.00678,0.00508,0.68,0.63778,0.04222,0.03355,0.5,0.55962,-0.05962,-0.06346
2,136,2841.7,CLOSE,0.685,0.64757,0.03743,0.03396,0.5,0.50508,-0.00508,0.00847,0.685,0.64125,0.04375,0.03335,0.5,0.55577,-0.05577,-0.05962
2,137,2861.6,CLOSE,0.69,0.65625,0.03375,0.03549,0.5,0.50508,-0.00508,0.01017,0.69,0.63778,0.05222,0.03662,0.5,0.55385,-0.05385,-0.05962
2,138,2883.4,CLOSE,0.695,0.65625,0.03875,0.03528,0.5,0.50339,-0.00339,0.01356,0.695,0.64991,0.04509,0.03815,0.5,0.55385,-0.05385,-0.05962
2,139,2903.3,CLOSE,0.7,0.66319,0.03681,0.03507,0.5,0.50339,-0.00339,0.02881,0.7,0.65338,0.04662,0.03795,0.5,0.55192,-0.05192,-0.05962
2,140,2924.2,CLOSE,0.705,0.66667,0.03833,0.03313,0.5,0.50339,-0.00339,0.01695,0.705,0.65858,0.04642,0.03949,0.5,0.55962,-0.05962,-0.05962
2,141,2945.7,CLOSE,0.71,0.67188,0.03813,0.02944,0.5,0.50169,-0.00169,0.01356,0.71,0.65858,0.05142,0.03756,0.5,0.55577,-0.05577,-0.05962
2,142,2966.4,CLOSE,0.715,0.67882,0.03618,0.03271,0.5,0.50508,-0.00508,0.02034,0.715,0.66205,0.05295,0.03909,0.5,0.55385,-0.05385,-0.06154
2,143,2988.1,CLOSE,0.72,0.69444,0.02556,0.03424,0.5,0.50169,-0.00169,0.01356,0.72,0.67244,0.04756,0.03716,0.5,0.55577,-0.05577,-0.05962
2,144,3008.2,CLOSE,0.725,0.69097,0.03403,0.03056,0.5,0.50169,-0.00169,0.01356,0.725,0.67244,0.05256,0.03869,0.5,0.55385,-0.05385,-0.05962
2,145,3029.6,CLOSE,0.73,0.69618,0.03382,0.03208,0.5,0.50508,-0.00508,0.01017,0.73,0.67938,0.05062,0.03676,0.5,0.55577,-0.05577,-0.05962
2,146,3050.7,CLOSE,0.735,0.69965,0.03535,0.0284,0.5,0.50169,-0.00169,0.01356,0.735,0.68284,0.05216,0.03656,0.5,0.55962,-0.05962,-0.05962
2,147,3071.4,CLOSE,0.74,0.70486,0.03514,0.02993,0.5,0.50169,-0.00169,0.01356,0.74,0.68631,0.05369,0.03116,0.5,0.55385,-0.05385,-0.05962
2,148,3091.0,CLOSE,0.745,0.70833,0.03667,0.03146,0.5,0.50169,-0.00169,0.01356,0.745,0.68804,0.05696,0.03269,0.5,0.55385,-0.05385,-0.06346
2,149,3111.5,CLOSE,0.75,0.71354,0.03646,0.03299,0.5,0.50339,-0.00339,0.01186,0.75,0.69497,0.05503,0.02903,0.5,0.55577,-0.05577,-0.05962
2,150,3132.6,CLOSE,0.755,0.71701,0.03799,0.03104,0.5,0.50169,-0.00169,0.01017,0.755,0.70364,0.05136,0.0323,0.5,0.55385,-0.05385,-0.05962
2,151,3153.1,CLOSE,0.76,0.72917,0.03083,0.0291,0.5,0.50169,-0.00169,0.00678,0.76,0.70711,0.05289,0.0269,0.5,0.55385,-0.05385,-0.06154
2,152,3174.5,CLOSE,0.765,0.72743,0.03757,0.03236,0.5,0.50169,-0.00169,0.00169,0.765,0.70884,0.05616,0.0267,0.5,0.55385,-0.05385,-0.05962
2,153,3194.4,CLOSE,0.77,0.7309,0.0391,0.03042,0.5,0.50169,-0.00169,-0.00508,0.77,0.71057,0.05943,0.03343,0.5,0.55577,-0.05577,-0.05962
2,154,3215.6,CLOSE,0.775,0.73438,0.04063,0.03194,0.5,0.50169,-0.00169,-0.00678,0.775,0.71577,0.05923,0.02803,0.5,0.55577,-0.05577,-0.05962
2,155,3236.9,CLOSE,0.78,0.73611,0.04389,0.02479,0.5,0.50169,-0.00169,-0.00678,0.78,0.7175,0.0625,0.03477,0.5,0.55577,-0.05577,-0.05769
2,156,3258.1,CLOSE,0.785,0.74132,0.04368,0.03153,0.5,0.50169,-0.00169,-0.00678,0.785,0.72097,0.06403,0.03457,0.5,0.55385,-0.05385,-0.05962
2,157,3279.0,CLOSE,0.79,0.74826,0.04174,0.03132,0.5,0.50169,-0.00169,-0.00508,0.79,0.7331,0.0569,0.0361,0.5,0.55577,-0.05577,-0.05962
2,158,3300.1,CLOSE,0.795,0.75694,0.03806,0.03285,0.5,0.50169,-0.00169,-0.00508,0.795,0.73137,0.06363,0.0359,0.5,0.55385,-0.05385,-0.06154
2,159,3317.8,CLOSE,0.8,0.76215,0.03785,0.03438,0.5,0.50169,-0.00169,-0.01017,0.8,0.74003,0.05997,0.0357,0.5,0.55385,-0.05385,-0.06154
2,160,3338.5,CLOSE,0.805,0.76389,0.04111,0.03417,0.5,0.50169,-0.00169,-0.00678,0.805,0.74003,0.06497,0.03377,0.5,0.55577,-0.05577,-0.05962
2,161,3360.2,CLOSE,0.81,0.76562,0.04438,0.03569,0.5,0.5,0.0,-0.00678,0.81,0.74003,0.06997,0.03357,0.5,0.55577,-0.05577,-0.05962
2,162,3381.2,CLOSE,0.815,0.77604,0.03896,0.03375,0.5,0.5,0.0,-0.00678,0.815,0.74523,0.06977,0.03164,0.5,0.55385,-0.05385,-0.06346
2,163,3402.8,CLOSE,0.82,0.78125,0.03875,0.03007,0.5,0.5,0.0,-0.01017,0.82,0.7539,0.0661,0.03144,0.5,0.55577,-0.05577,-0.06346
2,164,3425.3,CLOSE,0.825,0.78125,0.04375,0.02813,0.5,0.5,0.0,-0.00678,0.825,0.75217,0.07283,0.03124,0.5,0.55577,-0.05577,-0.05962
2,165,3446.7,CLOSE,0.83,0.78993,0.04007,0.03313,0.5,0.49831,0.00169,-0.00678,0.83,0.7591,0.0709,0.02931,0.5,0.55385,-0.05385,-0.06154
2,166,3466.4,CLOSE,0.835,0.78993,0.04507,0.03118,0.5,0.5,0.0,-0.00678,0.835,0.7695,0.0655,0.02737,0.5,0.55192,-0.05192,-0.05962
2,167,3488.0,CLOSE,0.84,0.79514,0.04486,0.03271,0.5,0.5,0.0,-0.00508,0.84,0.7747,0.0653,0.02891,0.5,0.55577,-0.05577,-0.05962
2,168,3508.1,CLOSE,0.845,0.80556,0.03944,0.02903,0.5,0.5,0.0,-0.00508,0.845,0.7747,0.0703,0.02871,0.5,0.55385,-0.05385,-0.05962
2,169,3529.4,CLOSE,0.85,0.80729,0.04271,0.02535,0.5,0.5,0.0,-0.00508,0.85,0.77816,0.07184,0.02331,0.5,0.55577,-0.05577,-0.05962
2,170,3549.8,CLOSE,0.855,0.80729,0.04771,0.03382,0.5,0.5,0.0,-0.00508,0.855,0.78856,0.06644,0.02658,0.5,0.55385,-0.05385,-0.06154
2,171,3570.5,CLOSE,0.86,0.81076,0.04924,0.02493,0.5,0.49831,0.00169,-0.00678,0.86,0.79549,0.06451,0.02118,0.5,0.55385,-0.05385,-0.06154
2,172,3590.9,CLOSE,0.865,0.81597,0.04903,0.0334,0.5,0.5,0.0,-0.00847,0.865,0.79723,0.06777,0.02964,0.5,0.55385,-0.05385,-0.06154
2,173,3611.7,CLOSE,0.87,0.81944,0.05056,0.02451,0.5,0.49661,0.00339,-0.00508,0.87,0.79376,0.07624,0.02598,0.5,0.55769,-0.05769,-0.06538
2,174,3632.6,CLOSE,0.875,0.83333,0.04167,0.03299,0.5,0.49831,0.00169,-0.00678,0.875,0.79723,0.07777,0.03098,0.5,0.55192,-0.05192,-0.06154
2,175,3654.0,CLOSE,0.88,0.82639,0.05361,0.0241,0.5,0.49831,0.00169,-0.00508,0.88,0.80763,0.07237,0.02731,0.5,0.55385,-0.05385,-0.05962
2,176,3674.6,CLOSE,0.885,0.82986,0.05514,0.03257,0.5,0.49831,0.00169,-0.00508,0.885,0.81282,0.07218,0.03231,0.5,0.55385,-0.05385,-0.06154
2,177,3695.0,CLOSE,0.89,0.83507,0.05493,0.03236,0.5,0.5,0.0,-0.00508,0.89,0.81282,0.07718,0.03211,0.5,0.55385,-0.05385,-0.06346
2,178,3716.4,CLOSE,0.895,0.84028,0.05472,0.03042,0.5,0.49831,0.00169,-0.00508,0.895,0.81976,0.07524,0.03192,0.5,0.55577,-0.05577,-0.06154
2,179,3736.4,CLOSE,0.9,0.85069,0.04931,0.03194,0.5,0.50339,-0.00339,-0.00678,0.9,0.82842,0.07158,0.03345,0.5,0.55577,-0.05577,-0.05962
2,180,3757.8,CLOSE,0.905,0.84722,0.05778,0.03868,0.5,0.5,0.0,-0.00678,0.905,0.82669,0.07831,0.03325,0.5,0.55385,-0.05385,-0.05962
2,181,3778.2,CLOSE,0.91,0.85069,0.05931,0.035,0.5,0.5,0.0,-0.00678,0.91,0.83189,0.07811,0.03132,0.5,0.55385,-0.05385,-0.06154
2,182,3799.6,CLOSE,0.915,0.86285,0.05215,0.03479,0.5,0.49831,0.00169,-0.00678,0.915,0.82842,0.08658,0.02938,0.5,0.55385,-0.05385,-0.05962
2,183,3820.0,CLOSE,0.92,0.86632,0.05368,0.03285,0.5,0.49831,0.00169,-0.00678,0.92,0.83709,0.08291,0.02572,0.5,0.55577,-0.05577,-0.06154
2,184,3841.2,CLOSE,0.925,0.87153,0.05347,0.02917,0.5,0.49831,0.00169,-0.00508,0.925,0.84229,0.08271,0.03245,0.5,0.55192,-0.05192,-0.05962
2,185,3861.8,CLOSE,0.93,0.87326,0.05674,0.02549,0.5,0.5,0.0,-0.00678,0.93,0.84229,0.08771,0.02879,0.5,0.55192,-0.05192,-0.05962
2,186,3884.2,CLOSE,0.935,0.88021,0.05479,0.03396,0.5,0.49831,0.00169,-0.00678,0.935,0.85269,0.08231,0.02859,0.5,0.55385,-0.05385,-0.05962
2,187,3904.1,CLOSE,0.94,0.875,0.065,0.03722,0.5,0.49661,0.00339,-0.00678,0.94,0.85789,0.08211,0.02492,0.5,0.55385,-0.05385,-0.05962
2,188,3926.1,CLOSE,0.945,0.85938,0.08563,0.03701,0.5,0.49831,0.00169,-0.00678,0.945,0.85615,0.08885,0.02646,0.5,0.55577,-0.05577,-0.05962
2,189,3946.6,CLOSE,0.95,0.88368,0.06632,0.03681,0.5,0.49831,0.00169,-0.00678,0.95,0.85442,0.09558,0.02972,0.5,0.55385,-0.05385,-0.06154
2,190,3967.2,CLOSE,0.955,0.88889,0.06611,0.03313,0.5,0.49831,0.00169,-0.00678,0.955,0.86482,0.09018,0.02086,0.5,0.55385,-0.05385,-0.05962
2,191,3987.4,CLOSE,0.96,0.89236,0.06764,0.03465,0.5,0.50339,-0.00339,-0.00508,0.96,0.87695,0.08305,0.02239,0.5,0.55385,-0.05385,-0.06154
2,192,4008.9,CLOSE,0.965,0.89583,0.06917,0.03444,0.5,0.50169,-0.00169,-0.01017,0.965,0.88042,0.08458,0.02739,0.5,0.55385,-0.05385,-0.06154
2,193,4028.7,CLOSE,0.97,0.90104,0.06896,0.03424,0.5,0.5,0.0,-0.00678,0.97,0.88042,0.08958,0.02893,0.5,0.55385,-0.05385,-0.06154
2,194,4048.9,CLOSE,0.975,0.90104,0.07396,0.03576,0.5,0.49831,0.00169,-0.00678,0.975,0.88908,0.08592,0.02873,0.5,0.55385,-0.05385,-0.06154
2,195,4069.6,CLOSE,0.98,0.90278,0.07722,0.02861,0.5,0.50508,-0.00508,-0.00847,0.98,0.89428,0.08572,0.02679,0.5,0.55385,-0.05385,-0.06154
2,196,4090.6,CLOSE,0.985,0.91493,0.07007,0.03014,0.5,0.5,0.0,-0.00508,0.985,0.89428,0.09072,0.02659,0.5,0.55577,-0.05577,-0.05962
2,197,4111.7,CLOSE,0.99,0.91667,0.07333,0.03514,0.5,0.5,0.0,-0.00678,0.99,0.90121,0.08879,0.0212,0.5,0.55385,-0.05385,-0.06154
2,198,4133.2,CLOSE,0.995,0.9184,0.0766,0.03667,0.5,0.50169,-0.00169,-0.00678,0.995,0.90468,0.09032,0.02793,0.5,0.55385,-0.05385,-0.05962
2,199,4153.2,CLOSE,1.0,0.92708,0.07292,0.02951,0.5,0.5,0.0,-0.00508,1.0,0.90468,0.09532,0.0312,0.5,0.55577,-0.05577,-0.06154
3,0,7.5,CLOSE,0.005,0.00521,-0.00021,0.00153,0.005,0.0,0.005,0.00161,0.005,0.0,0.005,0.005,0.005,0.0,0.005,0.005
3,1,30.7,CLOSE,0.01,0.00521,0.00479,0.01,0.01,0.0,0.01,0.00661,0.01,0.0,0.01,0.01,0.01,0.0,0.01,0.01
3,2,49.7,CLOSE,0.015,0.00521,0.00979,0.015,0.015,0.0,0.015,0.01161,0.015,0.0,0.015,0.015,0.015,0.0,0.015,0.015
3,3,71.2,CLOSE,0.02,0.00521,0.01479,0.02,0.02,0.0,0.02,0.01661,0.02,0.0,0.02,0.02,0.02,0.0,0.02,0.02
3,4,91.9,CLOSE,0.025,0.00521,0.01979,0.025,0.025,0.0,0.025,0.02161,0.025,0.0,0.025,0.025,0.025,0.0,0.025,0.025
3,5,113.2,CLOSE,0.03,0.00521,0.02479,0.03,0.03,0.0,0.03,0.02661,0.03,0.0,0.03,0.03,0.03,0.0,0.03,0.03
3,6,134.0,CLOSE,0.035,0.00521,0.02979,0.035,0.035,0.0,0.035,0.03161,0.035,0.0,0.035,0.035,0.035,0.0,0.035,0.02923
3,7,154.6,CLOSE,0.04,0.00521,0.03479,0.04,0.04,0.0,0.04,0.03661,0.04,0.0,0.04,0.04,0.04,0.00385,0.03615,0.04
3,8,176.0,CLOSE,0.045,0.00521,0.03979,0.045,0.045,0.00508,0.03992,0.03992,0.045,0.0,0.045,0.045,0.045,0.0,0.045,0.045
3,9,195.3,CLOSE,0.05,0.01389,0.03611,0.04132,0.05,0.0,0.05,0.04492,0.05,0.0,0.05,0.05,0.05,0.0,0.05,0.05
3,10,217.0,CLOSE,0.055,0.00868,0.04632,0.04806,0.055,0.00169,0.05331,0.04483,0.055,0.0052,0.0498,0.05153,0.055,0.00962,0.04538,0.05115
3,11,237.1,CLOSE,0.06,0.01215,0.04785,0.04958,0.06,0.00508,0.05492,0.04983,0.06,0.00693,0.05307,0.0496,0.06,0.01154,0.04846,0.05423
3,12,258.3,CLOSE,0.065,0.0191,0.0459,0.04417,0.065,0.01356,0.05144,0.04805,0.065,0.01386,0.05114,0.04594,0.065,0.01154,0.05346,0.05154
3,13,278.8,CLOSE,0.07,0.02431,0.04569,0.04743,0.07,0.01356,0.05644,0.04966,0.07,0.01906,0.05094,0.0492,0.07,0.01538,0.05462,0.04692
3,14,299.4,CLOSE,0.075,0.02951,0.04549,0.04375,0.075,0.02203,0.05297,0.04958,0.075,0.02946,0.04554,0.0438,0.075,0.02115,0.05385,0.05
3,15,320.7,CLOSE,0.08,0.04167,0.03833,0.04007,0.08,0.0322,0.0478,0.04949,0.08,0.0312,0.0488,0.04014,0.08,0.02885,0.05115,0.04538
3,16,341.1,CLOSE,0.085,0.04688,0.03813,0.03639,0.085,0.04237,0.04263,0.04771,0.085,0.03986,0.04514,0.04167,0.085,0.03846,0.04654,0.04462
3,17,362.9,CLOSE,0.09,0.05556,0.03444,0.03271,0.09,0.04576,0.04424,0.04085,0.09,0.04853,0.04147,0.03801,0.09,0.04231,0.04769,0.03615
3,18,382.6,CLOSE,0.095,0.06424,0.03076,0.02903,0.095,0.05593,0.03907,0.03907,0.095,0.05373,0.04127,0.03434,0.095,0.05192,0.04308,0.03731
3,19,403.9,CLOSE,0.1,0.07118,0.02882,0.02535,0.1,0.0678,0.0322,0.03898,0.1,0.06239,0.03761,0.03414,0.1,0.05577,0.04423,0.03462
3,20,424.4,CLOSE,0.105,0.07986,0.02514,0.02514,0.105,0.07458,0.03042,0.0372,0.105,0.06932,0.03568,0.03221,0.105,0.06346,0.04154,0.03
3,21,445.4,CLOSE,0.11,0.08681,0.02319,0.02493,0.11,0.08475,0.02525,0.03542,0.11,0.07799,0.03201,0.02854,0.11,0.07115,0.03885,0.02923
3,22,466.8,CLOSE,0.115,0.09201,0.02299,0.02472,0.115,0.08983,0.02517,0.03364,0.115,0.08666,0.02834,0.02834,0.115,0.08269,0.03231,0.02654
3,23,487.3,CLOSE,0.12,0.09722,0.02278,0.02451,0.12,0.09492,0.02508,0.03186,0.12,0.09185,0.02815,0.02815,0.12,0.09038,0.02962,0.02385
3,24,507.1,CLOSE,0.125,0.10069,0.02431,0.02604,0.125,0.10339,0.02161,0.03008,0.125,0.10052,0.02448,0.02621,0.125,0.09423,0.03077,0.02115
3,25,529.4,CLOSE,0.13,0.10417,0.02583,0.02931,0.13,0.11017,0.01983,0.02831,0.13,0.10919,0.02081,0.02255,0.13,0.10192,0.02808,0.02423
3,26,550.1,CLOSE,0.135,0.10764,0.02736,0.0291,0.135,0.11525,0.01975,0.02483,0.135,0.11438,0.02062,0.01888,0.135,0.10962,0.02538,0.01962
3,27,571.5,CLOSE,0.14,0.11285,0.02715,0.03583,0.14,0.12034,0.01966,0.02814,0.14,0.11958,0.02042,0.02388,0.14,0.11538,0.02462,0.02654
3,28,592.2,CLOSE,0.145,0.11285,0.03215,0.03736,0.145,0.12373,0.02127,0.02297,0.145,0.12478,0.02022,0.02715,0.145,0.12115,0.02385,0.02962
3,29,612.5,CLOSE,0.15,0.11806,0.03194,0.04063,0.15,0.12881,0.02119,0.02119,0.15,0.12825,0.02175,0.03042,0.15,0.12885,0.02115,0.03269
3,30,634.4,CLOSE,0.155,0.11806,0.03694,0.04215,0.155,0.12881,0.02619,0.02449,0.155,0.12998,0.02502,0.03195,0.155,0.13269,0.02231,0.03577
3,31,654.4,CLOSE,0.16,0.11979,0.04021,0.04368,0.16,0.13051,0.02949,0.02441,0.16,0.13345,0.02655,0.03695,0.16,0.14038,0.01962,0.03885
3,32,675.7,CLOSE,0.165,0.12847,0.03653,0.04347,0.165,0.1339,0.0311,0.02432,0.165,0.13518,0.02982,0.03675,0.165,0.14423,0.02077,0.03423
3,33,694.6,CLOSE,0.17,0.12674,0.04326,0.04153,0.17,0.1322,0.0378,0.02593,0.17,0.13518,0.03482,0.03655,0.17,0.15385,0.01615,0.04115
3,34,716.5,CLOSE,0.175,0.13021,0.04479,0.04479,0.175,0.13898,0.03602,0.02754,0.175,0.13692,0.03808,0.03982,0.175,0.15385,0.02115,0.04231
3,35,737.2,CLOSE,0.18,0.13368,0.04632,0.04458,0.18,0.1339,0.0461,0.02576,0.18,0.13865,0.04135,0.04135,0.18,0.15769,0.02231,0.04154
3,36,758.5,CLOSE,0.185,0.13889,0.04611,0.04438,0.185,0.13729,0.04771,0.03246,0.185,0.14038,0.04462,0.03595,0.185,0.16346,0.02154,0.03692
3,37,779.0,CLOSE,0.19,0.14583,0.04417,0.03722,0.19,0.13898,0.05102,0.03576,0.19,0.14211,0.04789,0.04442,0.19,0.16731,0.02269,0.04
3,38,800.1,CLOSE,0.195,0.15278,0.04222,0.04049,0.195,0.14237,0.05263,0.03907,0.195,0.14731,0.04769,0.04422,0.195,0.17115,0.02385,0.03923
3,39,820.6,CLOSE,0.2,0.15799,0.04201,0.04028,0.2,0.14746,0.05254,0.04237,0.2,0.14905,0.05095,0.04402,0.2,0.175,0.025,0.03654
3,40,841.4,CLOSE,0.205,0.16319,0.04181,0.03486,0.205,0.15085,0.05415,0.04737,0.205,0.15425,0.05075,0.04382,0.205,0.18077,0.02423,0.03577
3,41,861.9,CLOSE,0.21,0.17014,0.03986,0.03639,0.21,0.15593,0.05407,0.0439,0.21,0.15771,0.05229,0.04362,0.21,0.18462,0.02538,0.035
3,42,883.7,CLOSE,0.215,0.18056,0.03444,0.03618,0.215,0.16949,0.04551,0.0472,0.215,0.16464,0.05036,0.04342,0.215,0.18846,0.02654,0.03423
3,43,904.4,CLOSE,0.22,0.18229,0.03771,0.03597,0.22,0.1661,0.0539,0.0539,0.22,0.17158,0.04842,0.04149,0.22,0.19423,0.02577,0.02769
3,44,924.9,CLOSE,0.225,0.18924,0.03576,0.03403,0.225,0.17288,0.05212,0.05551,0.225,0.17851,0.04649,0.03782,0.225,0.20385,0.02115,0.03269
3,45,945.7,CLOSE,0.23,0.19618,0.03382,0.03382,0.23,0.17797,0.05203,0.05712,0.23,0.18544,0.04456,0.03589,0.23,0.20577,0.02423,0.02615
3,46,967.3,CLOSE,0.235,0.20139,0.03361,0.03014,0.235,0.18814,0.04686,0.05703,0.235,0.19411,0.04089,0.03049,0.235,0.21538,0.01962,0.02923
3,47,987.4,CLOSE,0.24,0.20486,0.03514,0.03514,0.24,0.18814,0.05186,0.05695,0.24,0.19931,0.04069,0.03203,0.24,0.22692,0.01308,0.01308
3,48,1009.1,CLOSE,0.245,0.21181,0.03319,0.03667,0.245,0.19492,0.05008,0.05686,0.245,0.20624,0.03876,0.03529,0.245,0.24038,0.00462,0.01615
3,49,1029.6,CLOSE,0.25,0.22049,0.02951,0.03819,0.25,0.20508,0.04492,0.05508,0.25,0.21317,0.03683,0.0351,0.25,0.24423,0.00577,0.01346
3,50,1050.1,CLOSE,0.255,0.22049,0.03451,0.04146,0.255,0.20847,0.04653,0.04992,0.255,0.21837,0.03663,0.03143,0.255,0.25385,0.00115,0.01077
3,51,1071.1,CLOSE,0.26,0.22743,0.03257,0.04299,0.26,0.21356,0.04644,0.05661,0.26,0.22877,0.03123,0.03296,0.26,0.25577,0.00423,0.01
3,52,1092.2,CLOSE,0.265,0.23785,0.02715,0.04451,0.265,0.22542,0.03958,0.05314,0.265,0.2305,0.0345,0.03276,0.265,0.25962,0.00538,0.00923
3,53,1112.9,CLOSE,0.27,0.23785,0.03215,0.04604,0.27,0.22712,0.04288,0.05136,0.27,0.2357,0.0343,0.0343,0.27,0.26346,0.00654,0.01038
3,54,1134.1,CLOSE,0.275,0.24132,0.03368,0.0441,0.275,0.2322,0.0428,0.04958,0.275,0.24263,0.03237,0.03583,0.275,0.27115,0.00385,0.01154
3,55,1154.3,CLOSE,0.28,0.24479,0.03521,0.04215,0.28,0.24068,0.03932,0.0478,0.28,0.24783,0.03217,0.0339,0.28,0.26923,0.01077,0.01077
3,56,1174.3,CLOSE,0.285,0.24653,0.03847,0.04021,0.285,0.24576,0.03924,0.04263,0.285,0.2513,0.0337,0.0337,0.285,0.27308,0.01192,0.01192
3,57,1195.4,CLOSE,0.29,0.25,0.04,0.04,0.29,0.25254,0.03746,0.04254,0.29,0.25997,0.03003,0.03177,0.29,0.275,0.015,0.015
3,58,1216.1,CLOSE,0.295,0.25174,0.04326,0.03806,0.295,0.25932,0.03568,0.03907,0.295,0.26516,0.02984,0.0385,0.295,0.27885,0.01615,0.00846
3,59,1237.3,CLOSE,0.3,0.25868,0.04132,0.03611,0.3,0.26441,0.03559,0.02712,0.3,0.26516,0.03484,0.04003,0.3,0.28654,0.01346,0.01346
3,60,1257.2,CLOSE,0.305,0.26215,0.04285,0.0359,0.305,0.27119,0.03381,0.03381,0.305,0.26863,0.03637,0.0381,0.305,0.29038,0.01462,0.01462
3,61,1278.8,CLOSE,0.31,0.2691,0.0409,0.03396,0.31,0.27797,0.03203,0.03203,0.31,0.2721,0.0379,0.04137,0.31,0.29038,0.01962,0.01385
3,62,1299.4,CLOSE,0.315,0.27951,0.03549,0.02681,0.315,0.27627,0.03873,0.03534,0.315,0.27556,0.03944,0.0429,0.315,0.29615,0.01885,0.015
3,63,1319.8,CLOSE,0.32,0.28646,0.03354,0.03181,0.32,0.27627,0.04373,0.03695,0.32,0.27903,0.04097,0.04097,0.32,0.3,0.02,0.01423
3,64,1340.7,CLOSE,0.325,0.28819,0.03681,0.02986,0.325,0.27966,0.04534,0.03856,0.325,0.28076,0.04424,0.0425,0.325,0.30577,0.01923,0.01154
3,65,1361.2,CLOSE,0.33,0.29514,0.03486,0.02965,0.33,0.28305,0.04695,0.04017,0.33,0.2825,0.0475,0.04057,0.33,0.31538,0.01462,0.01077
3,66,1383.3,CLOSE,0.335,0.30208,0.03292,0.02944,0.335,0.28814,0.04686,0.04008,0.335,0.28943,0.04557,0.04037,0.335,0.32115,0.01385,0.00808
3,67,1403.8,CLOSE,0.34,0.30729,0.03271,0.02924,0.34,0.29322,0.04678,0.04339,0.34,0.29809,0.04191,0.03844,0.34,0.325,0.015,0.00731
3,68,1424.3,CLOSE,0.345,0.3125,0.0325,0.03076,0.345,0.29661,0.04839,0.045,0.345,0.29983,0.04517,0.03824,0.345,0.33462,0.01038,0.00462
3,69,1444.9,CLOSE,0.35,0.31944,0.03056,0.03056,0.35,0.30169,0.04831,0.04322,0.35,0.30676,0.04324,0.03804,0.35,0.34808,0.00192,0.00577
3,70,1467.1,CLOSE,0.355,0.32639,0.02861,0.03208,0.355,0.30847,0.04653,0.03975,0.355,0.31196,0.04304,0.03438,0.355,0.35,0.005,0.00308
3,71,1487.9,CLOSE,0.36,0.32986,0.03014,0.03188,0.36,0.31356,0.04644,0.04136,0.36,0.31889,0.04111,0.03418,0.36,0.35769,0.00231,0.00231
3,72,1508.9,CLOSE,0.365,0.33681,0.02819,0.03167,0.365,0.32034,0.04466,0.03958,0.365,0.32929,0.03571,0.02531,0.365,0.36154,0.00346,0.00154
3,73,1529.5,CLOSE,0.37,0.34201,0.02799,0.02799,0.37,0.32712,0.04288,0.04797,0.37,0.33276,0.03724,0.03205,0.37,0.36731,0.00269,0.00462
3,74,1549.2,CLOSE,0.375,0.34549,0.02951,0.03125,0.375,0.3339,0.0411,0.0428,0.375,0.34315,0.03185,0.03185,0.375,0.37308,0.00192,0.00769
3,75,1569.2,CLOSE,0.38,0.35417,0.02583,0.03104,0.38,0.33559,0.04441,0.04271,0.38,0.34835,0.03165,0.03165,0.38,0.37692,0.00308,0.00692
3,76,1589.2,CLOSE,0.385,0.3559,0.0291,0.03083,0.385,0.34237,0.04263,0.04263,0.385,0.35355,0.03145,0.03145,0.385,0.38654,-0.00154,0.00615
3,77,1609.3,CLOSE,0.39,0.36285,0.02715,0.03236,0.39,0.34746,0.04254,0.04593,0.39,0.36049,0.02951,0.03125,0.39,0.38654,0.00346,0.00731
3,78,1631.5,CLOSE,0.395,0.36632,0.02868,0.02868,0.395,0.35254,0.04246,0.04754,0.395,0.36568,0.02932,0.02932,0.395,0.39038,0.00462,0.00077
3,79,1651.7,CLOSE,0.4,0.36979,0.03021,0.03368,0.4,0.35932,0.04068,0.04746,0.4,0.37088,0.02912,0.02738,0.4,0.39615,0.00385,0.0
3,80,1673.2,CLOSE,0.405,0.375,0.03,0.03,0.405,0.36271,0.04229,0.04568,0.405,0.37782,0.02718,0.03065,0.405,0.40385,0.00115,-0.00077
3,81,1694.4,CLOSE,0.41,0.38021,0.02979,0.02806,0.41,0.3678,0.0422,0.0439,0.41,0.38128,0.02872,0.02872,0.41,0.40962,0.00038,-0.00538
3,82,1715.2,CLOSE,0.415,0.38715,0.02785,0.03306,0.415,0.37288,0.04212,0.04212,0.415,0.38648,0.02852,0.03198,0.415,0.41538,-0.00038,-0.00231
3,83,1735.8,CLOSE,0.42,0.39236,0.02764,0.03111,0.42,0.37797,0.04203,0.04203,0.42,0.38995,0.03005,0.03352,0.42,0.41923,0.00077,-0.005
3,84,1755.6,CLOSE,0.425,0.39236,0.03264,0.03264,0.425,0.38136,0.04364,0.03856,0.425,0.39341,0.03159,0.03505,0.425,0.42692,-0.00192,-0.00385
3,85,1776.0,CLOSE,0.43,0.39757,0.03243,0.03243,0.43,0.38983,0.04017,0.03847,0.43,0.39688,0.03312,0.03485,0.43,0.43462,-0.00462,-0.00269
3,86,1795.9,CLOSE,0.435,0.40104,0.03396,0.03396,0.435,0.38983,0.04517,0.04347,0.435,0.40555,0.02945,0.03639,0.435,0.44038,-0.00538,-0.00346
3,87,1816.4,CLOSE,0.44,0.40625,0.03375,0.03201,0.44,0.39322,0.04678,0.04339,0.44,0.41075,0.02925,0.03619,0.44,0.44615,-0.00615,-0.00615
3,88,1837.6,CLOSE,0.445,0.40972,0.03528,0.03181,0.445,0.40169,0.04331,0.04331,0.445,0.40555,0.03945,0.03772,0.445,0.45,-0.005,-0.00692
3,89,1858.7,CLOSE,0.45,0.41493,0.03507,0.03333,0.45,0.40339,0.04661,0.04492,0.45,0.41075,0.03925,0.03752,0.45,0.45385,-0.00385,-0.00577
3,90,1879.2,CLOSE,0.455,0.42535,0.02965,0.03486,0.455,0.40847,0.04653,0.04314,0.455,0.41421,0.04079,0.03732,0.455,0.45962,-0.00462,-0.00654
3,91,1900.6,CLOSE,0.46,0.42708,0.03292,0.02771,0.46,0.42034,0.03966,0.04475,0.46,0.42114,0.03886,0.03192,0.46,0.46923,-0.00923,-0.00731
3,92,1921.7,CLOSE,0.465,0.43056,0.03444,0.03271,0.465,0.42034,0.04466,0.04636,0.465,0.42634,0.03866,0.03519,0.465,0.46923,-0.00423,-0.00615
3,93,1942.2,CLOSE,0.47,0.43576,0.03424,0.03424,0.47,0.42373,0.04627,0.03949,0.47,0.43154,0.03846,0.03846,0.47,0.47692,-0.00692,-0.005
3,94,1963.5,CLOSE,0.475,0.44618,0.02882,0.03229,0.475,0.42712,0.04788,0.04619,0.475,0.43674,0.03826,0.03306,0.475,0.48462,-0.00962,-0.00769
3,95,1984.5,CLOSE,0.48,0.44618,0.03382,0.03208,0.48,0.43051,0.04949,0.0461,0.48,0.44194,0.03806,0.03286,0.48,0.49038,-0.01038,-0.00654
3,96,2004.5,CLOSE,0.485,0.45486,0.03014,0.03361,0.485,0.43729,0.04771,0.04432,0.485,0.44887,0.03613,0.03439,0.485,0.49423,-0.00923,-0.00731
3,97,2024.6,CLOSE,0.49,0.46007,0.02993,0.0334,0.49,0.44237,0.04763,0.03746,0.49,0.45581,0.03419,0.03419,0.49,0.50192,-0.01192,-0.01
3,98,2046.8,CLOSE,0.495,0.46528,0.02972,0.03319,0.495,0.44915,0.04585,0.04585,0.495,0.45927,0.03573,0.03573,0.495,0.50577,-0.01077,-0.01269
3,99,2067.8,CLOSE,0.5,0.47049,0.02951,0.03472,0.5,0.45424,0.04576,0.04068,0.5,0.46794,0.03206,0.0338,0.5,0.51346,-0.01346,-0.01154
3,100,2087.9,CLOSE,0.505,0.47569,0.02931,0.03278,0.5,0.45593,0.04407,0.03898,0.505,0.4714,0.0336,0.02666,0.5,0.51923,-0.01923,-0.01923
3,101,2108.7,CLOSE,0.51,0.47917,0.03083,0.02563,0.5,0.46441,0.03559,0.0339,0.51,0.4766,0.0334,0.03513,0.5,0.525,-0.025,-0.025
3,102,2129.9,CLOSE,0.515,0.48611,0.02889,0.03236,0.5,0.47119,0.02881,0.02203,0.515,0.48007,0.03493,0.0332,0.5,0.53077,-0.03077,-0.03077
3,103,2150.3,CLOSE,0.52,0.48958,0.03042,0.03042,0.5,0.47627,0.02373,0.02203,0.52,0.48354,0.03646,0.03473,0.5,0.53654,-0.03654,-0.03654
3,104,2171.1,CLOSE,0.525,0.50347,0.02153,0.03194,0.5,0.48305,0.01695,0.01695,0.525,0.4974,0.0276,0.02933,0.5,0.54038,-0.04038,-0.04231
3,105,2191.9,CLOSE,0.53,0.50694,0.02306,0.01958,0.5,0.48983,0.01017,0.01017,0.53,0.49913,0.03087,0.02567,0.5,0.54231,-0.04231,-0.04615
3,106,2213.9,CLOSE,0.535,0.51215,0.02285,0.01938,0.5,0.49322,0.00678,0.00508,0.535,0.5078,0.0272,0.022,0.5,0.55385,-0.05385,-0.05
3,107,2234.9,CLOSE,0.54,0.5191,0.0209,0.02611,0.5,0.5,0.0,-0.00339,0.54,0.513,0.027,0.0218,0.5,0.54808,-0.04808,-0.05192
3,108,2255.8,CLOSE,0.545,0.52778,0.01722,0.01896,0.5,0.50847,-0.00847,-0.00678,0.545,0.5182,0.0268,0.01987,0.5,0.55192,-0.05192,-0.05385
3,109,2277.3,CLOSE,0.55,0.53299,0.01701,0.01875,0.5,0.50678,-0.00678,-0.00847,0.55,0.52166,0.02834,0.02487,0.5,0.55577,-0.05577,-0.05769
3,110,2298.9,CLOSE,0.555,0.53125,0.02375,0.02201,0.5,0.50508,-0.00508,-0.00847,0.555,0.52513,0.02987,0.0316,0.5,0.55385,-0.05385,-0.05962
3,111,2319.4,CLOSE,0.56,0.53299,0.02701,0.01833,0.5,0.50847,-0.00847,-0.01017,0.56,0.52513,0.03487,0.02447,0.5,0.55192,-0.05192,-0.05962
3,112,2340.4,CLOSE,0.565,0.53472,0.03028,0.03028,0.5,0.50847,-0.00847,-0.00847,0.565,0.53033,0.03467,0.02774,0.5,0.55577,-0.05577,-0.05962
3,113,2359.2,CLOSE,0.57,0.53646,0.03354,0.03354,0.5,0.51186,-0.01186,-0.00847,0.57,0.53033,0.03967,0.03447,0.5,0.55192,-0.05192,-0.05962
3,114,2379.8,CLOSE,0.575,0.53993,0.03507,0.03681,0.5,0.50678,-0.00678,-0.00847,0.575,0.53206,0.04294,0.03774,0.5,0.55577,-0.05577,-0.05962
3,115,2401.6,CLOSE,0.58,0.5434,0.0366,0.04007,0.5,0.50678,-0.00678,-0.00847,0.58,0.53726,0.04274,0.04101,0.5,0.55385,-0.05385,-0.05962
3,116,2422.5,CLOSE,0.585,0.54514,0.03986,0.03986,0.5,0.50678,-0.00678,-0.01525,0.585,0.53726,0.04774,0.04081,0.5,0.55769,-0.05769,-0.05962
3,117,2444.7,CLOSE,0.59,0.55556,0.03444,0.03444,0.5,0.50847,-0.00847,-0.01017,0.59,0.55113,0.03887,0.04234,0.5,0.55192,-0.05192,-0.06154
3,118,2467.7,CLOSE,0.595,0.55556,0.03944,0.03771,0.5,0.51186,-0.01186,-0.00847,0.595,0.55113,0.04387,0.04214,0.5,0.55192,-0.05192,-0.05769
3,119,2487.2,CLOSE,0.6,0.55903,0.04097,0.04097,0.5,0.51186,-0.01186,-0.00847,0.6,0.55633,0.04367,0.04194,0.5,0.55192,-0.05192,-0.05962
3,120,2507.9,CLOSE,0.605,0.56944,0.03556,0.0425,0.5,0.50847,-0.00847,-0.01017,0.605,0.56153,0.04347,0.04694,0.5,0.54808,-0.04808,-0.05962
3,121,2526.7,CLOSE,0.61,0.57292,0.03708,0.04229,0.5,0.50847,-0.00847,-0.01017,0.61,0.57192,0.03808,0.03461,0.5,0.55385,-0.05385,-0.05962
3,122,2546.7,CLOSE,0.615,0.57986,0.03514,0.04035,0.5,0.51186,-0.01186,-0.00847,0.615,0.57539,0.03961,0.03961,0.5,0.55192,-0.05192,-0.05962
3,123,2567.3,CLOSE,0.62,0.58507,0.03493,0.04014,0.5,0.50678,-0.00678,-0.00847,0.62,0.57539,0.04461,0.03248,0.5,0.55192,-0.05192,-0.05962
3,124,2588.9,CLOSE,0.625,0.59549,0.02951,0.03646,0.5,0.50678,-0.00678,-0.00847,0.625,0.58059,0.04441,0.03575,0.5,0.55577,-0.05577,-0.05962
3,125,2610.1,CLOSE,0.63,0.59722,0.03278,0.03625,0.5,0.50678,-0.00678,-0.00847,0.63,0.58579,0.04421,0.03381,0.5,0.55192,-0.05192,-0.05962
3,126,2631.0,CLOSE,0.635,0.60243,0.03257,0.03778,0.5,0.50847,-0.00847,-0.00847,0.635,0.59792,0.03708,0.03188,0.5,0.55192,-0.05192,-0.05962
3,127,2653.9,CLOSE,0.64,0.60764,0.03236,0.03583,0.5,0.51695,-0.01695,-0.01017,0.64,0.59792,0.04208,0.02995,0.5,0.55385,-0.05385,-0.05962
3,128,2673.9,CLOSE,0.645,0.61285,0.03215,0.03389,0.5,0.51695,-0.01695,-0.01017,0.645,0.60139,0.04361,0.02975,0.5,0.55769,-0.05769,-0.05962
3,129,2695.3,CLOSE,0.65,0.61632,0.03368,0.03542,0.5,0.50847,-0.00847,-0.01017,0.65,0.60312,0.04688,0.02955,0.5,0.55385,-0.05385,-0.05962
3,130,2716.0,CLOSE,0.655,0.61979,0.03521,0.03347,0.5,0.50847,-0.00847,-0.01525,0.655,0.60659,0.04841,0.03108,0.5,0.55577,-0.05577,-0.06154
3,131,2737.0,CLOSE,0.66,0.625,0.035,0.03326,0.5,0.51186,-0.01186,-0.01525,0.66,0.61872,0.04128,0.02915,0.5,0.55577,-0.05577,-0.05962
3,132,2757.4,CLOSE,0.665,0.63021,0.03479,0.03479,0.5,0.50678,-0.00678,-0.00847,0.665,0.61525,0.04975,0.02375,0.5,0.55769,-0.05769,-0.05962
3,133,2778.0,CLOSE,0.67,0.63368,0.03632,0.02764,0.5,0.50678,-0.00678,-0.01017,0.67,0.62045,0.04955,0.03049,0.5,0.55769,-0.05769,-0.05962
3,134,2799.2,CLOSE,0.675,0.63889,0.03611,0.03264,0.5,0.50508,-0.00508,-0.00508,0.675,0.62565,0.04935,0.03202,0.5,0.55769,-0.05769,-0.05962
3,135,2819.8,CLOSE,0.68,0.64757,0.03243,0.03243,0.5,0.5,0.0,0.00508,0.68,0.62912,0.05088,0.03355,0.5,0.55769,-0.05769,-0.06346
3,136,2841.1,CLOSE,0.685,0.64931,0.03569,0.03396,0.5,0.49322,0.00678,0.00847,0.685,0.63432,0.05068,0.03335,0.5,0.55769,-0.05769,-0.05962
3,137,2862.1,CLOSE,0.69,0.65451,0.03549,0.03549,0.5,0.49322,0.00678,0.01017,0.69,0.64471,0.04529,0.03662,0.5,0.55769,-0.05769,-0.05962
3,138,2882.6,CLOSE,0.695,0.65799,0.03701,0.03528,0.5,0.49322,0.00678,0.01356,0.695,0.64818,0.04682,0.03815,0.5,0.55769,-0.05769,-0.05962
3,139,2904.6,CLOSE,0.7,0.66319,0.03681,0.03507,0.5,0.49153,0.00847,0.02881,0.7,0.64645,0.05355,0.03795,0.5,0.55769,-0.05769,-0.05962
3,140,2925.3,CLOSE,0.705,0.66667,0.03833,0.03313,0.5,0.49153,0.00847,0.01695,0.705,0.65165,0.05335,0.03949,0.5,0.55769,-0.05769,-0.05962
3,141,2946.4,CLOSE,0.71,0.67361,0.03639,0.02944,0.5,0.48983,0.01017,0.01356,0.71,0.65511,0.05489,0.03756,0.5,0.56154,-0.06154,-0.05962
3,142,2966.2,CLOSE,0.715,0.68576,0.02924,0.03271,0.5,0.49831,0.00169,0.02034,0.715,0.66551,0.04949,0.03909,0.5,0.55577,-0.05577,-0.06154
3,143,2987.3,CLOSE,0.72,0.68576,0.03424,0.03424,0.5,0.48814,0.01186,0.01356,0.72,0.66551,0.05449,0.03716,0.5,0.55769,-0.05769,-0.05962
3,144,3007.7,CLOSE,0.725,0.6875,0.0375,0.03056,0.5,0.49661,0.00339,0.01356,0.725,0.67764,0.04736,0.03869,0.5,0.55769,-0.05769,-0.05962
3,145,3029.8,CLOSE,0.73,0.69618,0.03382,0.03208,0.5,0.48983,0.01017,0.01017,0.73,0.67938,0.05062,0.03676,0.5,0.55769,-0.05769,-0.05962
3,146,3049.8,CLOSE,0.735,0.70139,0.03361,0.0284,0.5,0.48983,0.01017,0.01356,0.735,0.67938,0.05562,0.03656,0.5,0.55962,-0.05962,-0.05962
3,147,3069.1,CLOSE,0.74,0.70139,0.03861,0.02993,0.5,0.49661,0.00339,0.01356,0.74,0.68977,0.05023,0.03116,0.5,0.55769,-0.05769,-0.05962
3,148,3090.8,CLOSE,0.745,0.71528,0.02972,0.03146,0.5,0.49492,0.00508,0.01356,0.745,0.68631,0.05869,0.03269,0.5,0.55769,-0.05769,-0.06346
3,149,3111.5,CLOSE,0.75,0.71354,0.03646,0.03299,0.5,0.49322,0.00678,0.01186,0.75,0.70017,0.04983,0.02903,0.5,0.55577,-0.05577,-0.05962
3,150,3132.4,CLOSE,0.755,0.72222,0.03278,0.03104,0.5,0.49153,0.00847,0.01017,0.755,0.70364,0.05136,0.0323,0.5,0.55769,-0.05769,-0.05962
3,151,3153.0,CLOSE,0.76,0.72222,0.03778,0.0291,0.5,0.49492,0.00508,0.00678,0.76,0.71057,0.04943,0.0269,0.5,0.56154,-0.06154,-0.06154
3,152,3174.5,CLOSE,0.765,0.72743,0.03757,0.03236,0.5,0.49661,0.00339,0.00169,0.765,0.70191,0.06309,0.0267,0.5,0.55769,-0.05769,-0.05962
3,153,3194.8,CLOSE,0.77,0.7309,0.0391,0.03042,0.5,0.49831,0.00169,-0.00508,0.77,0.70711,0.06289,0.03343,0.5,0.55769,-0.05769,-0.05962
3,154,3215.4,CLOSE,0.775,0.73438,0.04063,0.03194,0.5,0.49831,0.00169,-0.00678,0.775,0.71057,0.06443,0.02803,0.5,0.55769,-0.05769,-0.05962
3,155,3236.4,CLOSE,0.78,0.73958,0.04042,0.02479,0.5,0.49831,0.00169,-0.00678,0.78,0.72097,0.05903,0.03477,0.5,0.55577,-0.05577,-0.05769
3,156,3257.1,CLOSE,0.785,0.74306,0.04194,0.03153,0.5,0.49661,0.00339,-0.00678,0.785,0.7227,0.0623,0.03457,0.5,0.55577,-0.05577,-0.05962
3,157,3279.3,CLOSE,0.79,0.75,0.04,0.03132,0.5,0.49831,0.00169,-0.00508,0.79,0.72444,0.06556,0.0361,0.5,0.56154,-0.06154,-0.05962
3,158,3298.9,CLOSE,0.795,0.75694,0.03806,0.03285,0.5,0.49831,0.00169,-0.00508,0.795,0.72617,0.06883,0.0359,0.5,0.55769,-0.05769,-0.06154
3,159,3320.5,CLOSE,0.8,0.76042,0.03958,0.03438,0.5,0.49831,0.00169,-0.01017,0.8,0.7383,0.0617,0.0357,0.5,0.55769,-0.05769,-0.06154
3,160,3340.9,CLOSE,0.805,0.76215,0.04285,0.03417,0.5,0.49831,0.00169,-0.00678,0.805,0.74697,0.05803,0.03377,0.5,0.55769,-0.05769,-0.05962
3,161,3362.7,CLOSE,0.81,0.77604,0.03396,0.03569,0.5,0.49661,0.00339,-0.00678,0.81,0.74003,0.06997,0.03357,0.5,0.55769,-0.05769,-0.05962
3,162,3382.7,CLOSE,0.815,0.77257,0.04243,0.03375,0.5,0.49661,0.00339,-0.00678,0.815,0.75217,0.06283,0.03164,0.5,0.56154,-0.06154,-0.06346
3,163,3404.4,CLOSE,0.82,0.77778,0.04222,0.03007,0.5,0.49831,0.00169,-0.01017,0.82,0.75737,0.06263,0.03144,0.5,0.55577,-0.05577,-0.06346
3,164,3424.9,CLOSE,0.825,0.78125,0.04375,0.02813,0.5,0.49831,0.00169,-0.00678,0.825,0.7539,0.0711,0.03124,0.5,0.55769,-0.05769,-0.05962
3,165,3446.5,CLOSE,0.83,0.78646,0.04354,0.03313,0.5,0.49661,0.00339,-0.00678,0.83,0.76603,0.06397,0.02931,0.5,0.55769,-0.05769,-0.06154
3,166,3466.7,CLOSE,0.835,0.79167,0.04333,0.03118,0.5,0.49661,0.00339,-0.00678,0.835,0.7695,0.0655,0.02737,0.5,0.55385,-0.05385,-0.05962
3,167,3486.8,CLOSE,0.84,0.80208,0.03792,0.03271,0.5,0.49661,0.00339,-0.00508,0.84,0.7695,0.0705,0.02891,0.5,0.55769,-0.05769,-0.05962
3,168,3508.2,CLOSE,0.845,0.80208,0.04292,0.02903,0.5,0.49831,0.00169,-0.00508,0.845,0.77296,0.07204,0.02871,0.5,0.55769,-0.05769,-0.05962
3,169,3528.5,CLOSE,0.85,0.80382,0.04618,0.02535,0.5,0.49831,0.00169,-0.00508,0.85,0.7851,0.0649,0.02331,0.5,0.55769,-0.05769,-0.05962
3,170,3549.0,CLOSE,0.855,0.80903,0.04597,0.03382,0.5,0.49831,0.00169,-0.00508,0.855,0.78856,0.06644,0.02658,0.5,0.56154,-0.06154,-0.06154
3,171,3569.9,CLOSE,0.86,0.81076,0.04924,0.02493,0.5,0.49661,0.00339,-0.00678,0.86,0.78336,0.07664,0.02118,0.5,0.55769,-0.05769,-0.06154
3,172,3590.6,CLOSE,0.865,0.82118,0.04382,0.0334,0.5,0.49661,0.00339,-0.00847,0.865,0.78683,0.07817,0.02964,0.5,0.55769,-0.05769,-0.06154
3,173,3611.8,CLOSE,0.87,0.81944,0.05056,0.02451,0.5,0.49831,0.00169,-0.00508,0.87,0.79203,0.07797,0.02598,0.5,0.55769,-0.05769,-0.06538
3,174,3632.2,CLOSE,0.875,0.82465,0.05035,0.03299,0.5,0.49661,0.00339,-0.00678,0.875,0.80243,0.07257,0.03098,0.5,0.55769,-0.05769,-0.06154
3,175,3653.2,CLOSE,0.88,0.8316,0.0484,0.0241,0.5,0.49831,0.00169,-0.00508,0.88,0.80589,0.07411,0.02731,0.5,0.55769,-0.05769,-0.05962
3,176,3674.2,CLOSE,0.885,0.84028,0.04472,0.03257,0.5,0.5,0.0,-0.00508,0.885,0.80243,0.08257,0.03231,0.5,0.55769,-0.05769,-0.06154
3,177,3695.1,CLOSE,0.89,0.83854,0.05146,0.03236,0.5,0.49831,0.00169,-0.00508,0.89,0.80936,0.08064,0.03211,0.5,0.55769,-0.05769,-0.06346
3,178,3715.6,CLOSE,0.895,0.84028,0.05472,0.03042,0.5,0.49831,0.00169,-0.00508,0.895,0.81976,0.07524,0.03192,0.5,0.55769,-0.05769,-0.06154
3,179,3736.7,CLOSE,0.9,0.85243,0.04757,0.03194,0.5,0.49831,0.00169,-0.00678,0.9,0.81802,0.08198,0.03345,0.5,0.55769,-0.05769,-0.05962
3,180,3757.5,CLOSE,0.905,0.85417,0.05083,0.03868,0.5,0.50169,-0.00169,-0.00678,0.905,0.81976,0.08524,0.03325,0.5,0.55769,-0.05769,-0.05962
3,181,3778.1,CLOSE,0.91,0.8559,0.0541,0.035,0.5,0.5,0.0,-0.00678,0.91,0.82669,0.08331,0.03132,0.5,0.55769,-0.05769,-0.06154
3,182,3799.4,CLOSE,0.915,0.86806,0.04694,0.03479,0.5,0.50169,-0.00169,-0.00678,0.915,0.83882,0.07618,0.02938,0.5,0.55769,-0.05769,-0.05962
3,183,3819.8,CLOSE,0.92,0.86285,0.05715,0.03285,0.5,0.49661,0.00339,-0.00678,0.92,0.84229,0.07771,0.02572,0.5,0.55577,-0.05577,-0.06154
3,184,3838.8,CLOSE,0.925,0.87674,0.04826,0.02917,0.5,0.5,0.0,-0.00508,0.925,0.84402,0.08098,0.03245,0.5,0.55577,-0.05577,-0.05962
3,185,3862.8,CLOSE,0.93,0.87326,0.05674,0.02549,0.5,0.49661,0.00339,-0.00678,0.93,0.84575,0.08425,0.02879,0.5,0.55577,-0.05577,-0.05962
3,186,3883.4,CLOSE,0.935,0.88368,0.05132,0.03396,0.5,0.49831,0.00169,-0.00678,0.935,0.85789,0.07711,0.02859,0.5,0.55769,-0.05769,-0.05962
3,187,3901.3,CLOSE,0.94,0.88542,0.05458,0.03722,0.5,0.49661,0.00339,-0.00678,0.94,0.85789,0.08211,0.02492,0.5,0.55577,-0.05577,-0.05962
3,188,3922.4,CLOSE,0.945,0.89236,0.05264,0.03701,0.5,0.49831,0.00169,-0.00678,0.945,0.86655,0.07845,0.02646,0.5,0.55769,-0.05769,-0.05962
3,189,3945.3,CLOSE,0.95,0.88889,0.06111,0.03681,0.5,0.49831,0.00169,-0.00678,0.95,0.87175,0.07825,0.02972,0.5,0.55769,-0.05769,-0.06154
3,190,3965.2,CLOSE,0.955,0.88715,0.06785,0.03313,0.5,0.49831,0.00169,-0.00678,0.955,0.87002,0.08498,0.02086,0.5,0.55577,-0.05577,-0.05962
3,191,3987.4,CLOSE,0.96,0.90104,0.05896,0.03465,0.5,0.49661,0.00339,-0.00508,0.96,0.88042,0.07958,0.02239,0.5,0.55769,-0.05769,-0.06154
3,192,4006.6,CLOSE,0.965,0.90625,0.05875,0.03444,0.5,0.49492,0.00508,-0.01017,0.965,0.88735,0.07765,0.02739,0.5,0.55577,-0.05577,-0.06154
3,193,4027.6,CLOSE,0.97,0.90104,0.06896,0.03424,0.5,0.49831,0.00169,-0.00678,0.97,0.88562,0.08438,0.02893,0.5,0.55769,-0.05769,-0.06154
3,194,4048.6,CLOSE,0.975,0.90104,0.07396,0.03576,0.5,0.49831,0.00169,-0.00678,0.975,0.89081,0.08419,0.02873,0.5,0.55769,-0.05769,-0.06154
3,195,4069.0,CLOSE,0.98,0.90451,0.07549,0.02861,0.5,0.49661,0.00339,-0.00847,0.98,0.89601,0.08399,0.02679,0.5,0.55962,-0.05962,-0.06154
3,196,4090.7,CLOSE,0.985,0.91667,0.06833,0.03014,0.5,0.49831,0.00169,-0.00508,0.985,0.90641,0.07859,0.02659,0.5,0.55769,-0.05769,-0.05962
3,197,4111.5,CLOSE,0.99,0.92014,0.06986,0.03514,0.5,0.49661,0.00339,-0.00678,0.99,0.91161,0.07839,0.0212,0.5,0.56154,-0.06154,-0.06154
3,198,4132.5,CLOSE,0.995,0.92188,0.07313,0.03667,0.5,0.49831,0.00169,-0.00678,0.995,0.91681,0.07819,0.02793,0.5,0.56154,-0.06154,-0.05962
3,199,4152.9,CLOSE,1.0,0.92882,0.07118,0.02951,0.5,0.49661,0.00339,-0.00508,1.0,0.92201,0.07799,0.0312,0.5,0.55769,-0.05769,-0.06154
4,0,9.0,CLOSE,0.005,0.00174,0.00326,0.00153,0.005,0.0,0.005,0.00161,0.005,0.0,0.005,0.005,0.005,0.0,0.005,0.005
4,1,29.2,CLOSE,0.01,0.00174,0.00826,0.01,0.01,0.0,0.01,0.00661,0.01,0.0,0.01,0.01,0.01,0.00192,0.00808,0.01
4,2,50.5,CLOSE,0.015,0.00174,0.01326,0.015,0.015,0.0,0.015,0.01161,0.015,0.0,0.015,0.015,0.015,0.0,0.015,0.015
4,3,70.9,CLOSE,0.02,0.00174,0.01826,0.02,0.02,0.0,0.02,0.01661,0.02,0.0,0.02,0.02,0.02,0.0,0.02,0.02
4,4,90.9,CLOSE,0.025,0.00174,0.02326,0.025,0.025,0.0,0.025,0.02161,0.025,0.0,0.025,0.025,0.025,0.0,0.025,0.025
4,5,111.2,CLOSE,0.03,0.00174,0.02826,0.03,0.03,0.0,0.03,0.02661,0.03,0.0,0.03,0.03,0.03,0.00385,0.02615,0.03
4,6,130.5,CLOSE,0.035,0.00174,0.03326,0.035,0.035,0.0,0.035,0.03161,0.035,0.0,0.035,0.035,0.035,0.0,0.035,0.02923
4,7,151.5,CLOSE,0.04,0.00174,0.03826,0.04,0.04,0.0,0.04,0.03661,0.04,0.0,0.04,0.04,0.04,0.0,0.04,0.04
4,8,173.8,CLOSE,0.045,0.00174,0.04326,0.045,0.045,0.0,0.045,0.03992,0.045,0.0052,0.0398,0.045,0.045,0.0,0.045,0.045
4,9,195.0,CLOSE,0.05,0.00174,0.04826,0.04132,0.05,0.0,0.05,0.04492,0.05,0.00347,0.04653,0.05,0.05,0.0,0.05,0.05
4,10,216.0,CLOSE,0.055,0.00521,0.04979,0.04806,0.055,0.0,0.055,0.04483,0.055,0.0052,0.0498,0.05153,0.055,0.00192,0.05308,0.05115
4,11,236.7,CLOSE,0.06,0.00868,0.05132,0.04958,0.06,0.00169,0.05831,0.04983,0.06,0.0156,0.0444,0.0496,0.06,0.00192,0.05808,0.05423
4,12,257.8,CLOSE,0.065,0.01389,0.05111,0.04417,0.065,0.00339,0.06161,0.04805,0.065,0.01733,0.04767,0.04594,0.065,0.0,0.065,0.05154
4,13,278.7,CLOSE,0.07,0.02431,0.04569,0.04743,0.07,0.00847,0.06153,0.04966,0.07,0.02253,0.04747,0.0492,0.07,0.01923,0.05077,0.04692
4,14,299.4,CLOSE,0.075,0.03125,0.04375,0.04375,0.075,0.01864,0.05636,0.04958,0.075,0.02773,0.04727,0.0438,0.075,0.01538,0.05962,0.05
4,15,320.5,CLOSE,0.08,0.03472,0.04528,0.04007,0.08,0.02712,0.05288,0.04949,0.08,0.03293,0.04707,0.04014,0.08,0.02308,0.05692,0.04538
4,16,341.7,CLOSE,0.085,0.04514,0.03986,0.03639,0.085,0.0339,0.0511,0.04771,0.085,0.04333,0.04167,0.04167,0.085,0.03077,0.05423,0.04462
4,17,363.3,CLOSE,0.09,0.06076,0.02924,0.03271,0.09,0.04237,0.04763,0.04085,0.09,0.04506,0.04494,0.03801,0.09,0.04231,0.04769,0.03615
4,18,384.5,CLOSE,0.095,0.06597,0.02903,0.02903,0.095,0.05085,0.04415,0.03907,0.095,0.05199,0.04301,0.03434,0.095,0.04808,0.04692,0.03731
4,19,404.5,CLOSE,0.1,0.07292,0.02708,0.02535,0.1,0.05932,0.04068,0.03898,0.1,0.05893,0.04107,0.03414,0.1,0.05962,0.04038,0.03462
4,20,425.1,CLOSE,0.105,0.07986,0.02514,0.02514,0.105,0.0678,0.0372,0.0372,0.105,0.06412,0.04088,0.03221,0.105,0.06346,0.04154,0.03
4,21,445.7,CLOSE,0.11,0.08681,0.02319,0.02493,0.11,0.07458,0.03542,0.03542,0.11,0.07279,0.03721,0.02854,0.11,0.075,0.035,0.02923
4,22,467.6,CLOSE,0.115,0.09375,0.02125,0.02472,0.115,0.08644,0.02856,0.03364,0.115,0.07972,0.03528,0.02834,0.115,0.08077,0.03423,0.02654
4,23,487.7,CLOSE,0.12,0.09896,0.02104,0.02451,0.12,0.09153,0.02847,0.03186,0.12,0.08839,0.03161,0.02815,0.12,0.09038,0.02962,0.02385
4,24,508.9,CLOSE,0.125,0.10417,0.02083,0.02604,0.125,0.09831,0.02669,0.03008,0.125,0.09359,0.03141,0.02621,0.125,0.09615,0.02885,0.02115
4,25,528.6,CLOSE,0.13,0.10938,0.02063,0.02931,0.13,0.10508,0.02492,0.02831,0.13,0.10052,0.02948,0.02255,0.13,0.10577,0.02423,0.02423
4,26,549.3,CLOSE,0.135,0.11285,0.02215,0.0291,0.135,0.11017,0.02483,0.02483,0.135,0.10572,0.02928,0.01888,0.135,0.11154,0.02346,0.01962
4,27,570.6,CLOSE,0.14,0.11458,0.02542,0.03583,0.14,0.11525,0.02475,0.02814,0.14,0.11265,0.02735,0.02388,0.14,0.11731,0.02269,0.02654
4,28,590.9,CLOSE,0.145,0.11632,0.02868,0.03736,0.145,0.11864,0.02636,0.02297,0.145,0.11785,0.02715,0.02715,0.145,0.12308,0.02192,0.02962
4,29,611.8,CLOSE,0.15,0.11806,0.03194,0.04063,0.15,0.12203,0.02797,0.02119,0.15,0.11958,0.03042,0.03042,0.15,0.12692,0.02308,0.03269
4,30,632.1,CLOSE,0.155,0.11806,0.03694,0.04215,0.155,0.12373,0.03127,0.02449,0.155,0.12305,0.03195,0.03195,0.155,0.12692,0.02808,0.03577
4,31,653.1,CLOSE,0.16,0.11979,0.04021,0.04368,0.16,0.12712,0.03288,0.02441,0.16,0.12652,0.03348,0.03695,0.16,0.13269,0.02731,0.03885
4,32,674.2,CLOSE,0.165,0.12153,0.04347,0.04347,0.165,0.12881,0.03619,0.02432,0.165,0.12825,0.03675,0.03675,0.165,0.14038,0.02462,0.03423
4,33,695.0,CLOSE,0.17,0.12326,0.04674,0.04153,0.17,0.13898,0.03102,0.02593,0.17,0.12825,0.04175,0.03655,0.17,0.14615,0.02385,0.04115
4,34,715.8,CLOSE,0.175,0.13194,0.04306,0.04479,0.175,0.13729,0.03771,0.02754,0.175,0.13172,0.04328,0.03982,0.175,0.13846,0.03654,0.04231
4,35,736.6,CLOSE,0.18,0.13368,0.04632,0.04458,0.18,0.13559,0.04441,0.02576,0.18,0.13692,0.04308,0.04135,0.18,0.14038,0.03962,0.04154
4,36,758.7,CLOSE,0.185,0.13889,0.04611,0.04438,0.185,0.14746,0.03754,0.03246,0.185,0.13518,0.04982,0.03595,0.185,0.15192,0.03308,0.03692
4,37,779.0,CLOSE,0.19,0.13715,0.05285,0.03722,0.19,0.14237,0.04763,0.03576,0.19,0.14038,0.04962,0.04442,0.19,0.15577,0.03423,0.04
4,38,799.1,CLOSE,0.195,0.1441,0.0509,0.04049,0.195,0.14915,0.04585,0.03907,0.195,0.14731,0.04769,0.04422,0.195,0.16154,0.03346,0.03923
4,39,820.6,CLOSE,0.2,0.15278,0.04722,0.04028,0.2,0.15085,0.04915,0.04237,0.2,0.14905,0.05095,0.04402,0.2,0.15962,0.04038,0.03654
4,40,841.7,CLOSE,0.205,0.15972,0.04528,0.03486,0.205,0.15424,0.05076,0.04737,0.205,0.15425,0.05075,0.04382,0.205,0.16731,0.03769,0.03577
4,41,862.1,CLOSE,0.21,0.17014,0.03986,0.03639,0.21,0.15932,0.05068,0.0439,0.21,0.16118,0.04882,0.04362,0.21,0.17308,0.03692,0.035
4,42,883.8,CLOSE,0.215,0.17535,0.03965,0.03618,0.215,0.15763,0.05737,0.0472,0.215,0.16464,0.05036,0.04342,0.215,0.17885,0.03615,0.03423
4,43,904.3,CLOSE,0.22,0.1875,0.0325,0.03597,0.22,0.1678,0.0522,0.0539,0.22,0.17331,0.04669,0.04149,0.22,0.18462,0.03538,0.02769
4,44,925.2,CLOSE,0.225,0.19097,0.03403,0.03403,0.225,0.17797,0.04703,0.05551,0.225,0.18024,0.04476,0.03782,0.225,0.19231,0.03269,0.03269
4,45,945.9,CLOSE,0.23,0.19792,0.03208,0.03382,0.23,0.17627,0.05373,0.05712,0.23,0.18718,0.04282,0.03589,0.23,0.19808,0.03192,0.02615
4,46,966.7,CLOSE,0.235,0.20312,0.03188,0.03014,0.235,0.18305,0.05195,0.05703,0.235,0.19584,0.03916,0.03049,0.235,0.20577,0.02923,0.02923
4,47,987.8,CLOSE,0.24,0.20833,0.03167,0.03514,0.24,0.18814,0.05186,0.05695,0.24,0.20277,0.03723,0.03203,0.24,0.22308,0.01692,0.01308
4,48,1007.5,CLOSE,0.245,0.21528,0.02972,0.03667,0.245,0.19322,0.05178,0.05686,0.245,0.20797,0.03703,0.03529,0.245,0.22885,0.01615,0.01615
4,49,1029.1,CLOSE,0.25,0.22049,0.02951,0.03819,0.25,0.19492,0.05508,0.05508,0.25,0.21664,0.03336,0.0351,0.25,0.23654,0.01346,0.01346
4,50,1049.0,CLOSE,0.255,0.22569,0.02931,0.04146,0.255,0.19831,0.05669,0.04992,0.255,0.2201,0.0349,0.03143,0.255,0.24423,0.01077,0.01077
4,51,1070.8,CLOSE,0.26,0.2309,0.0291,0.04299,0.26,0.21356,0.04644,0.05661,0.26,0.22704,0.03296,0.03296,0.26,0.25192,0.00808,0.01
4,52,1091.1,CLOSE,0.265,0.23438,0.03063,0.04451,0.265,0.21864,0.04636,0.05314,0.265,0.2305,0.0345,0.03276,0.265,0.25577,0.00923,0.00923
4,53,1111.8,CLOSE,0.27,0.23958,0.03042,0.04604,0.27,0.22881,0.04119,0.05136,0.27,0.23744,0.03256,0.0343,0.27,0.25962,0.01038,0.01038
4,54,1132.6,CLOSE,0.275,0.24132,0.03368,0.0441,0.275,0.22712,0.04788,0.04958,0.275,0.2409,0.0341,0.03583,0.275,0.26346,0.01154,0.01154
4,55,1153.2,CLOSE,0.28,0.24479,0.03521,0.04215,0.28,0.2322,0.0478,0.0478,0.28,0.2461,0.0339,0.0339,0.28,0.27115,0.00885,0.01077
4,56,1174.3,CLOSE,0.285,0.24653,0.03847,0.04021,0.285,0.23898,0.04602,0.04263,0.285,0.24957,0.03543,0.0337,0.285,0.27115,0.01385,0.01192
4,57,1195.3,CLOSE,0.29,0.24826,0.04174,0.04,0.29,0.24576,0.04424,0.04254,0.29,0.25823,0.03177,0.03177,0.29,0.27308,0.01692,0.015
4,58,1215.9,CLOSE,0.295,0.25347,0.04153,0.03806,0.295,0.25085,0.04415,0.03907,0.295,0.2617,0.0333,0.0385,0.295,0.275,0.02,0.00846
4,59,1237.2,CLOSE,0.3,0.25521,0.04479,0.03611,0.3,0.26102,0.03898,0.02712,0.3,0.26516,0.03484,0.04003,0.3,0.28462,0.01538,0.01346
4,60,1257.7,CLOSE,0.305,0.26042,0.04458,0.0359,0.305,0.2661,0.0389,0.03381,0.305,0.26863,0.03637,0.0381,0.305,0.28846,0.01654,0.01462
4,61,1278.2,CLOSE,0.31,0.26562,0.04438,0.03396,0.31,0.2661,0.0439,0.03203,0.31,0.2721,0.0379,0.04137,0.31,0.29231,0.01769,0.01385
4,62,1299.7,CLOSE,0.315,0.27778,0.03722,0.02681,0.315,0.27458,0.04042,0.03534,0.315,0.27903,0.03597,0.0429,0.315,0.29615,0.01885,0.015
4,63,1320.6,CLOSE,0.32,0.28299,0.03701,0.03181,0.32,0.27966,0.04034,0.03695,0.32,0.28076,0.03924,0.04097,0.32,0.30577,0.01423,0.01423
4,64,1342.3,CLOSE,0.325,0.29514,0.02986,0.02986,0.325,0.28305,0.04195,0.03856,0.325,0.2825,0.0425,0.0425,0.325,0.30962,0.01538,0.01154
4,65,1363.2,CLOSE,0.33,0.29514,0.03486,0.02965,0.33,0.28644,0.04356,0.04017,0.33,0.28423,0.04577,0.04057,0.33,0.31731,0.01269,0.01077
4,66,1382.8,CLOSE,0.335,0.30208,0.03292,0.02944,0.335,0.29153,0.04347,0.04008,0.335,0.28769,0.04731,0.04037,0.335,0.32308,0.01192,0.00808
4,67,1403.3,CLOSE,0.34,0.30903,0.03097,0.02924,0.34,0.29661,0.04339,0.04339,0.34,0.29463,0.04537,0.03844,0.34,0.33077,0.00923,0.00731
4,68,1426.2,CLOSE,0.345,0.31771,0.02729,0.03076,0.345,0.30508,0.03992,0.045,0.345,0.29983,0.04517,0.03824,0.345,0.34038,0.00462,0.00462
4,69,1445.8,CLOSE,0.35,0.32292,0.02708,0.03056,0.35,0.30678,0.04322,0.04322,0.35,0.31023,0.03977,0.03804,0.35,0.34808,0.00192,0.00577
4,70,1466.5,CLOSE,0.355,0.32639,0.02861,0.03208,0.355,0.31186,0.04314,0.03975,0.355,0.31196,0.04304,0.03438,0.355,0.35192,0.00308,0.00308
4,71,1487.0,CLOSE,0.36,0.33333,0.02667,0.03188,0.36,0.31525,0.04475,0.04136,0.36,0.31889,0.04111,0.03418,0.36,0.35769,0.00231,0.00231
4,72,1508.3,CLOSE,0.365,0.33681,0.02819,0.03167,0.365,0.32203,0.04297,0.03958,0.365,0.32756,0.03744,0.02531,0.365,0.36731,-0.00231,0.00154
4,73,1528.2,CLOSE,0.37,0.34201,0.02799,0.02799,0.37,0.32373,0.04627,0.04797,0.37,0.33276,0.03724,0.03205,0.37,0.37308,-0.00308,0.00462
4,74,1549.3,CLOSE,0.375,0.34722,0.02778,0.03125,0.375,0.32881,0.04619,0.0428,0.375,0.33969,0.03531,0.03185,0.375,0.37692,-0.00192,0.00769
4,75,1570.4,CLOSE,0.38,0.35243,0.02757,0.03104,0.38,0.3322,0.0478,0.04271,0.38,0.34662,0.03338,0.03165,0.38,0.37692,0.00308,0.00692
4,76,1590.8,CLOSE,0.385,0.3559,0.0291,0.03083,0.385,0.33729,0.04771,0.04263,0.385,0.35355,0.03145,0.03145,0.385,0.38077,0.00423,0.00615
4,77,1611.8,CLOSE,0.39,0.36632,0.02368,0.03236,0.39,0.34068,0.04932,0.04593,0.39,0.36049,0.02951,0.03125,0.39,0.38462,0.00538,0.00731
4,78,1632.3,CLOSE,0.395,0.36458,0.03042,0.02868,0.395,0.34576,0.04924,0.04754,0.395,0.36568,0.02932,0.02932,0.395,0.38846,0.00654,0.00077
4,79,1653.5,CLOSE,0.4,0.36806,0.03194,0.03368,0.4,0.35085,0.04915,0.04746,0.4,0.37262,0.02738,0.02738,0.4,0.40192,-0.00192,0.0
4,80,1674.2,CLOSE,0.405,0.37326,0.03174,0.03,0.405,0.35424,0.05076,0.04568,0.405,0.37608,0.02892,0.03065,0.405,0.40192,0.00308,-0.00077
4,81,1694.8,CLOSE,0.41,0.37674,0.03326,0.02806,0.41,0.35932,0.05068,0.0439,0.41,0.38128,0.02872,0.02872,0.41,0.40769,0.00231,-0.00538
4,82,1716.6,CLOSE,0.415,0.38542,0.02958,0.03306,0.415,0.37458,0.04042,0.04212,0.415,0.38475,0.03025,0.03198,0.415,0.41923,-0.00423,-0.00231
4,83,1737.0,CLOSE,0.42,0.38889,0.03111,0.03111,0.42,0.37797,0.04203,0.04203,0.42,0.38995,0.03005,0.03352,0.42,0.41923,0.00077,-0.005
4,84,1758.4,CLOSE,0.425,0.39236,0.03264,0.03264,0.425,0.37966,0.04534,0.03856,0.425,0.39688,0.02812,0.03505,0.425,0.42885,-0.00385,-0.00385
4,85,1779.3,CLOSE,0.43,0.39757,0.03243,0.03243,0.43,0.38475,0.04525,0.03847,0.43,0.40208,0.02792,0.03485,0.43,0.43846,-0.00846,-0.00269
4,86,1800.0,CLOSE,0.435,0.40104,0.03396,0.03396,0.435,0.39153,0.04347,0.04347,0.435,0.40208,0.03292,0.03639,0.435,0.44423,-0.00923,-0.00346
4,87,1821.6,CLOSE,0.44,0.40799,0.03201,0.03201,0.44,0.39492,0.04508,0.04339,0.44,0.40901,0.03099,0.03619,0.44,0.44423,-0.00423,-0.00615
4,88,1841.9,CLOSE,0.445,0.41146,0.03354,0.03181,0.445,0.41186,0.03314,0.04331,0.445,0.41075,0.03425,0.03772,0.445,0.45192,-0.00692,-0.00692
4,89,1862.7,CLOSE,0.45,0.42361,0.02639,0.03333,0.45,0.40339,0.04661,0.04492,0.45,0.41594,0.03406,0.03752,0.45,0.45577,-0.00577,-0.00577
4,90,1884.3,CLOSE,0.455,0.42188,0.03313,0.03486,0.455,0.41356,0.04144,0.04314,0.455,0.42288,0.03212,0.03732,0.455,0.46154,-0.00654,-0.00654
4,91,1904.8,CLOSE,0.46,0.42708,0.03292,0.02771,0.46,0.41525,0.04475,0.04475,0.46,0.42634,0.03366,0.03192,0.46,0.46923,-0.00923,-0.00731
4,92,1925.1,CLOSE,0.465,0.43229,0.03271,0.03271,0.465,0.41864,0.04636,0.04636,0.465,0.43154,0.03346,0.03519,0.465,0.475,-0.01,-0.00615
4,93,1945.1,CLOSE,0.47,0.4375,0.0325,0.03424,0.47,0.42542,0.04458,0.03949,0.47,0.43674,0.03326,0.03846,0.47,0.47885,-0.00885,-0.005
4,94,1965.7,CLOSE,0.475,0.44271,0.03229,0.03229,0.475,0.43051,0.04449,0.04619,0.475,0.44194,0.03306,0.03306,0.475,0.48462,-0.00962,-0.00769
4,95,1986.8,CLOSE,0.48,0.44792,0.03208,0.03208,0.48,0.43729,0.04271,0.0461,0.48,0.44541,0.03459,0.03286,0.48,0.49038,-0.01038,-0.00654
4,96,2007.8,CLOSE,0.485,0.45312,0.03188,0.03361,0.485,0.44407,0.04093,0.04432,0.485,0.45061,0.03439,0.03439,0.485,0.5,-0.015,-0.00731
4,97,2028.5,CLOSE,0.49,0.46007,0.02993,0.0334,0.49,0.44746,0.04254,0.03746,0.49,0.45407,0.03593,0.03419,0.49,0.50385,-0.01385,-0.01
4,98,2049.6,CLOSE,0.495,0.46354,0.03146,0.03319,0.495,0.45085,0.04415,0.04585,0.495,0.45927,0.03573,0.03573,0.495,0.50769,-0.01269,-0.01269
4,99,2070.4,CLOSE,0.5,0.47222,0.02778,0.03472,0.5,0.45254,0.04746,0.04068,0.5,0.46447,0.03553,0.0338,0.5,0.51346,-0.01346,-0.01154
4,100,2091.0,CLOSE,0.505,0.47396,0.03104,0.03278,0.5,0.45932,0.04068,0.03898,0.505,0.46967,0.03533,0.02666,0.5,0.51731,-0.01731,-0.01923
4,101,2111.7,CLOSE,0.51,0.47743,0.03257,0.02563,0.5,0.46271,0.03729,0.0339,0.51,0.47314,0.03686,0.03513,0.5,0.525,-0.025,-0.025
4,102,2132.9,CLOSE,0.515,0.48264,0.03236,0.03236,0.5,0.46949,0.03051,0.02203,0.515,0.4766,0.0384,0.0332,0.5,0.53077,-0.03077,-0.03077
4,103,2153.6,CLOSE,0.52,0.48611,0.03389,0.03042,0.5,0.47458,0.02542,0.02203,0.52,0.48007,0.03993,0.03473,0.5,0.53269,-0.03269,-0.03654
4,104,2174.9,CLOSE,0.525,0.49479,0.03021,0.03194,0.5,0.47966,0.02034,0.01695,0.525,0.487,0.038,0.02933,0.5,0.54231,-0.04231,-0.04231
4,105,2194.9,CLOSE,0.53,0.50347,0.02653,0.01958,0.5,0.48644,0.01356,0.01017,0.53,0.50087,0.02913,0.02567,0.5,0.54231,-0.04231,-0.04615
4,106,2215.3,CLOSE,0.535,0.51562,0.01938,0.01938,0.5,0.48983,0.01017,0.00508,0.535,0.50607,0.02893,0.022,0.5,0.54615,-0.04615,-0.05
4,107,2237.2,CLOSE,0.54,0.51736,0.02264,0.02611,0.5,0.49492,0.00508,-0.00339,0.54,0.513,0.027,0.0218,0.5,0.55,-0.05,-0.05192
4,108,2258.3,CLOSE,0.545,0.52951,0.01549,0.01896,0.5,0.50169,-0.00169,-0.00678,0.545,0.51993,0.02507,0.01987,0.5,0.55192,-0.05192,-0.05385
4,109,2279.5,CLOSE,0.55,0.53125,0.01875,0.01875,0.5,0.50508,-0.00508,-0.00847,0.55,0.52513,0.02487,0.02487,0.5,0.55192,-0.05192,-0.05769
4,110,2301.2,CLOSE,0.555,0.53472,0.02028,0.02201,0.5,0.50678,-0.00678,-0.00847,0.555,0.53033,0.02467,0.0316,0.5,0.55385,-0.05385,-0.05962
4,111,2321.2,CLOSE,0.56,0.53472,0.02528,0.01833,0.5,0.50678,-0.00678,-0.01017,0.56,0.53033,0.02967,0.02447,0.5,0.55385,-0.05385,-0.05962
4,112,2342.4,CLOSE,0.565,0.53819,0.02681,0.03028,0.5,0.50678,-0.00678,-0.00847,0.565,0.53206,0.03294,0.02774,0.5,0.55385,-0.05385,-0.05962
4,113,2362.5,CLOSE,0.57,0.53993,0.03007,0.03354,0.5,0.50678,-0.00678,-0.00847,0.57,0.53899,0.03101,0.03447,0.5,0.55385,-0.05385,-0.05962
4,114,2383.1,CLOSE,0.575,0.54688,0.02813,0.03681,0.5,0.50678,-0.00678,-0.00847,0.575,0.53553,0.03947,0.03774,0.5,0.55577,-0.05577,-0.05962
4,115,2404.0,CLOSE,0.58,0.5434,0.0366,0.04007,0.5,0.51017,-0.01017,-0.00847,0.58,0.54073,0.03927,0.04101,0.5,0.55577,-0.05577,-0.05962
4,116,2424.7,CLOSE,0.585,0.54861,0.03639,0.03986,0.5,0.50678,-0.00678,-0.01525,0.585,0.54419,0.04081,0.04081,0.5,0.55192,-0.05192,-0.05962
4,117,2445.4,CLOSE,0.59,0.55903,0.03097,0.03444,0.5,0.50678,-0.00678,-0.01017,0.59,0.54766,0.04234,0.04234,0.5,0.55769,-0.05769,-0.06154
4,118,2466.3,CLOSE,0.595,0.5625,0.0325,0.03771,0.5,0.50678,-0.00678,-0.00847,0.595,0.55113,0.04387,0.04214,0.5,0.55769,-0.05769,-0.05769
4,119,2486.4,CLOSE,0.6,0.56076,0.03924,0.04097,0.5,0.50678,-0.00678,-0.00847,0.6,0.55459,0.04541,0.04194,0.5,0.55385,-0.05385,-0.05962
4,120,2508.0,CLOSE,0.605,0.56597,0.03903,0.0425,0.5,0.50678,-0.00678,-0.01017,0.605,0.56672,0.03828,0.04694,0.5,0.55577,-0.05577,-0.05962
4,121,2528.7,CLOSE,0.61,0.57118,0.03882,0.04229,0.5,0.50847,-0.00847,-0.01017,0.61,0.56846,0.04154,0.03461,0.5,0.55577,-0.05577,-0.05962
4,122,2549.1,CLOSE,0.615,0.57639,0.03861,0.04035,0.5,0.50678,-0.00678,-0.00847,0.615,0.57019,0.04481,0.03961,0.5,0.55385,-0.05385,-0.05962
4,123,2570.2,CLOSE,0.62,0.5816,0.0384,0.04014,0.5,0.50678,-0.00678,-0.00847,0.62,0.57192,0.04808,0.03248,0.5,0.55385,-0.05385,-0.05962
4,124,2591.4,CLOSE,0.625,0.59028,0.03472,0.03646,0.5,0.50678,-0.00678,-0.00847,0.625,0.57539,0.04961,0.03575,0.5,0.55385,-0.05385,-0.05962
4,125,2611.4,CLOSE,0.63,0.59722,0.03278,0.03625,0.5,0.51017,-0.01017,-0.00847,0.63,0.58232,0.04768,0.03381,0.5,0.55385,-0.05385,-0.05962
4,126,2632.1,CLOSE,0.635,0.59722,0.03778,0.03778,0.5,0.50678,-0.00678,-0.00847,0.635,0.58579,0.04921,0.03188,0.5,0.55192,-0.05192,-0.05962
4,127,2653.8,CLOSE,0.64,0.60243,0.03757,0.03583,0.5,0.50508,-0.00508,-0.01017,0.64,0.59272,0.04728,0.02995,0.5,0.55577,-0.05577,-0.05962
4,128,2674.3,CLOSE,0.645,0.60764,0.03736,0.03389,0.5,0.51186,-0.01186,-0.01017,0.645,0.59792,0.04708,0.02975,0.5,0.55385,-0.05385,-0.05962
4,129,2696.1,CLOSE,0.65,0.61632,0.03368,0.03542,0.5,0.50678,-0.00678,-0.01017,0.65,0.60312,0.04688,0.02955,0.5,0.55385,-0.05385,-0.05962
4,130,2716.1,CLOSE,0.655,0.62153,0.03347,0.03347,0.5,0.50678,-0.00678,-0.01525,0.655,0.60832,0.04668,0.03108,0.5,0.55192,-0.05192,-0.06154
4,131,2737.8,CLOSE,0.66,0.625,0.035,0.03326,0.5,0.50678,-0.00678,-0.01525,0.66,0.61698,0.04302,0.02915,0.5,0.55192,-0.05192,-0.05962
4,132,2759.0,CLOSE,0.665,0.62847,0.03653,0.03479,0.5,0.50169,-0.00169,-0.00847,0.665,0.61698,0.04802,0.02375,0.5,0.55577,-0.05577,-0.05962
4,133,2779.5,CLOSE,0.67,0.63542,0.03458,0.02764,0.5,0.50508,-0.00508,-0.01017,0.67,0.60139,0.06861,0.03049,0.5,0.55577,-0.05577,-0.05962
4,134,2800.0,CLOSE,0.675,0.6441,0.0309,0.03264,0.5,0.50678,-0.00678,-0.00508,0.675,0.62912,0.04588,0.03202,0.5,0.55577,-0.05577,-0.05962
4,135,2820.1,CLOSE,0.68,0.64583,0.03417,0.03243,0.5,0.50508,-0.00508,0.00508,0.68,0.62912,0.05088,0.03355,0.5,0.56154,-0.06154,-0.06346
4,136,2842.2,CLOSE,0.685,0.64931,0.03569,0.03396,0.5,0.50508,-0.00508,0.00847,0.685,0.64298,0.04202,0.03335,0.5,0.55192,-0.05192,-0.05962
4,137,2863.4,CLOSE,0.69,0.65451,0.03549,0.03549,0.5,0.50508,-0.00508,0.01017,0.69,0.64298,0.04702,0.03662,0.5,0.55385,-0.05385,-0.05962
4,138,2883.2,CLOSE,0.695,0.67188,0.02313,0.03528,0.5,0.50508,-0.00508,0.01356,0.695,0.64645,0.04855,0.03815,0.5,0.55577,-0.05577,-0.05962
4,139,2903.3,CLOSE,0.7,0.66493,0.03507,0.03507,0.5,0.50847,-0.00847,0.02881,0.7,0.65165,0.04835,0.03795,0.5,0.55577,-0.05577,-0.05962
4,140,2924.0,CLOSE,0.705,0.67535,0.02965,0.03313,0.5,0.50508,-0.00508,0.01695,0.705,0.65511,0.04989,0.03949,0.5,0.55577,-0.05577,-0.05962
4,141,2945.3,CLOSE,0.71,0.67188,0.03813,0.02944,0.5,0.50508,-0.00508,0.01356,0.71,0.67071,0.03929,0.03756,0.5,0.55385,-0.05385,-0.05962
4,142,2965.9,CLOSE,0.715,0.67882,0.03618,0.03271,0.5,0.50339,-0.00339,0.02034,0.715,0.66898,0.04602,0.03909,0.5,0.55577,-0.05577,-0.06154
4,143,2986.8,CLOSE,0.72,0.68229,0.03771,0.03424,0.5,0.50508,-0.00508,0.01356,0.72,0.66724,0.05276,0.03716,0.5,0.55385,-0.05385,-0.05962
4,144,3007.7,CLOSE,0.725,0.6875,0.0375,0.03056,0.5,0.50508,-0.00508,0.01356,0.725,0.67244,0.05256,0.03869,0.5,0.55577,-0.05577,-0.05962
4,145,3028.0,CLOSE,0.73,0.69271,0.03729,0.03208,0.5,0.50508,-0.00508,0.01017,0.73,0.67764,0.05236,0.03676,0.5,0.55385,-0.05385,-0.05962
4,146,3049.6,CLOSE,0.735,0.69965,0.03535,0.0284,0.5,0.50339,-0.00339,0.01356,0.735,0.68631,0.04869,0.03656,0.5,0.55769,-0.05769,-0.05962
4,147,3069.9,CLOSE,0.74,0.70833,0.03167,0.02993,0.5,0.50508,-0.00508,0.01356,0.74,0.69151,0.04849,0.03116,0.5,0.55385,-0.05385,-0.05962
4,148,3091.2,CLOSE,0.745,0.70833,0.03667,0.03146,0.5,0.50339,-0.00339,0.01356,0.745,0.69151,0.05349,0.03269,0.5,0.55385,-0.05385,-0.06346
4,149,3112.1,CLOSE,0.75,0.71354,0.03646,0.03299,0.5,0.50339,-0.00339,0.01186,0.75,0.69497,0.05503,0.02903,0.5,0.55385,-0.05385,-0.05962
4,150,3132.5,CLOSE,0.755,0.71875,0.03625,0.03104,0.5,0.50678,-0.00678,0.01017,0.755,0.70017,0.05483,0.0323,0.5,0.55385,-0.05385,-0.05962
4,151,3154.3,CLOSE,0.76,0.72049,0.03951,0.0291,0.5,0.50508,-0.00508,0.00678,0.76,0.71057,0.04943,0.0269,0.5,0.55577,-0.05577,-0.06154
4,152,3174.4,CLOSE,0.765,0.73264,0.03236,0.03236,0.5,0.50339,-0.00339,0.00169,0.765,0.71577,0.04923,0.0267,0.5,0.55385,-0.05385,-0.05962
4,153,3196.0,CLOSE,0.77,0.73785,0.03215,0.03042,0.5,0.50508,-0.00508,-0.00508,0.77,0.71924,0.05076,0.03343,0.5,0.55577,-0.05577,-0.05962
4,154,3216.7,CLOSE,0.775,0.73438,0.04063,0.03194,0.5,0.50339,-0.00339,-0.00678,0.775,0.71577,0.05923,0.02803,0.5,0.55577,-0.05577,-0.05962
4,155,3237.3,CLOSE,0.78,0.74132,0.03868,0.02479,0.5,0.50508,-0.00508,-0.00678,0.78,0.71924,0.06076,0.03477,0.5,0.55769,-0.05769,-0.05769
4,156,3257.7,CLOSE,0.785,0.75,0.035,0.03153,0.5,0.50508,-0.00508,-0.00678,0.785,0.72444,0.06056,0.03457,0.5,0.55385,-0.05385,-0.05962
4,157,3279.3,CLOSE,0.79,0.74826,0.04174,0.03132,0.5,0.50508,-0.00508,-0.00508,0.79,0.7331,0.0569,0.0361,0.5,0.55577,-0.05577,-0.05962
4,158,3299.6,CLOSE,0.795,0.75521,0.03979,0.03285,0.5,0.50339,-0.00339,-0.00508,0.795,0.74003,0.05497,0.0359,0.5,0.55385,-0.05385,-0.06154
4,159,3320.9,CLOSE,0.8,0.76562,0.03438,0.03438,0.5,0.50508,-0.00508,-0.01017,0.8,0.7435,0.0565,0.0357,0.5,0.55577,-0.05577,-0.06154
4,160,3342.2,CLOSE,0.805,0.7691,0.0359,0.03417,0.5,0.50678,-0.00678,-0.00678,0.805,0.74697,0.05803,0.03377,0.5,0.55577,-0.05577,-0.05962
4,161,3362.0,CLOSE,0.81,0.77083,0.03917,0.03569,0.5,0.50339,-0.00339,-0.00678,0.81,0.74523,0.06477,0.03357,0.5,0.55385,-0.05385,-0.05962
4,162,3382.5,CLOSE,0.815,0.77257,0.04243,0.03375,0.5,0.50339,-0.00339,-0.00678,0.815,0.75043,0.06457,0.03164,0.5,0.55385,-0.05385,-0.06346
4,163,3403.3,CLOSE,0.82,0.77778,0.04222,0.03007,0.5,0.50508,-0.00508,-0.01017,0.82,0.75217,0.06783,0.03144,0.5,0.55385,-0.05385,-0.06346
4,164,3423.7,CLOSE,0.825,0.78125,0.04375,0.02813,0.5,0.50508,-0.00508,-0.00678,0.825,0.75737,0.06763,0.03124,0.5,0.55577,-0.05577,-0.05962
4,165,3445.1,CLOSE,0.83,0.78646,0.04354,0.03313,0.5,0.50508,-0.00508,-0.00678,0.83,0.7695,0.0605,0.02931,0.5,0.55385,-0.05385,-0.06154
4,166,3466.0,CLOSE,0.835,0.79167,0.04333,0.03118,0.5,0.50847,-0.00847,-0.00678,0.835,0.77296,0.06204,0.02737,0.5,0.55385,-0.05385,-0.05962
4,167,3486.9,CLOSE,0.84,0.79514,0.04486,0.03271,0.5,0.50678,-0.00678,-0.00508,0.84,0.77296,0.06704,0.02891,0.5,0.55385,-0.05385,-0.05962
4,168,3507.4,CLOSE,0.845,0.80556,0.03944,0.02903,0.5,0.50169,-0.00169,-0.00508,0.845,0.77643,0.06857,0.02871,0.5,0.55385,-0.05385,-0.05962
4,169,3528.3,CLOSE,0.85,0.81076,0.03924,0.02535,0.5,0.50508,-0.00508,-0.00508,0.85,0.7799,0.0701,0.02331,0.5,0.55385,-0.05385,-0.05962
4,170,3549.2,CLOSE,0.855,0.81076,0.04424,0.03382,0.5,0.50508,-0.00508,-0.00508,0.855,0.79203,0.06297,0.02658,0.5,0.55577,-0.05577,-0.06154
4,171,3570.2,CLOSE,0.86,0.8125,0.0475,0.02493,0.5,0.50508,-0.00508,-0.00678,0.86,0.79203,0.06797,0.02118,0.5,0.55577,-0.05577,-0.06154
4,172,3591.6,CLOSE,0.865,0.81424,0.05076,0.0334,0.5,0.50508,-0.00508,-0.00847,0.865,0.80069,0.06431,0.02964,0.5,0.55385,-0.05385,-0.06154
4,173,3612.6,CLOSE,0.87,0.82118,0.04882,0.02451,0.5,0.50508,-0.00508,-0.00508,0.87,0.79896,0.07104,0.02598,0.5,0.55385,-0.05385,-0.06538
4,174,3633.2,CLOSE,0.875,0.82639,0.04861,0.03299,0.5,0.50508,-0.00508,-0.00678,0.875,0.80243,0.07257,0.03098,0.5,0.55577,-0.05577,-0.06154
4,175,3654.9,CLOSE,0.88,0.83681,0.04319,0.0241,0.5,0.50508,-0.00508,-0.00508,0.88,0.80763,0.07237,0.02731,0.5,0.55577,-0.05577,-0.05962
4,176,3675.0,CLOSE,0.885,0.84028,0.04472,0.03257,0.5,0.50339,-0.00339,-0.00508,0.885,0.81109,0.07391,0.03231,0.5,0.55769,-0.05769,-0.06154
4,177,3695.9,CLOSE,0.89,0.84549,0.04451,0.03236,0.5,0.50339,-0.00339,-0.00508,0.89,0.81456,0.07544,0.03211,0.5,0.55577,-0.05577,-0.06346
4,178,3717.0,CLOSE,0.895,0.84896,0.04604,0.03042,0.5,0.50508,-0.00508,-0.00508,0.895,0.81976,0.07524,0.03192,0.5,0.55577,-0.05577,-0.06154
4,179,3737.2,CLOSE,0.9,0.85417,0.04583,0.03194,0.5,0.50508,-0.00508,-0.00678,0.9,0.83016,0.06984,0.03345,0.5,0.55385,-0.05385,-0.05962
4,180,3759.0,CLOSE,0.905,0.84896,0.05604,0.03868,0.5,0.50339,-0.00339,-0.00678,0.905,0.83189,0.07311,0.03325,0.5,0.55385,-0.05385,-0.05962
4,181,3779.6,CLOSE,0.91,0.85417,0.05583,0.035,0.5,0.50678,-0.00678,-0.00678,0.91,0.84055,0.06945,0.03132,0.5,0.55385,-0.05385,-0.06154
4,182,3799.9,CLOSE,0.915,0.86285,0.05215,0.03479,0.5,0.50508,-0.00508,-0.00678,0.915,0.83536,0.07964,0.02938,0.5,0.55385,-0.05385,-0.05962
4,183,3820.7,CLOSE,0.92,0.86111,0.05889,0.03285,0.5,0.50508,-0.00508,-0.00678,0.92,0.84749,0.07251,0.02572,0.5,0.55577,-0.05577,-0.06154
4,184,3841.0,CLOSE,0.925,0.86806,0.05694,0.02917,0.5,0.50508,-0.00508,-0.00508,0.925,0.85442,0.07058,0.03245,0.5,0.55577,-0.05577,-0.05962
4,185,3861.1,CLOSE,0.93,0.86806,0.06194,0.02549,0.5,0.50508,-0.00508,-0.00678,0.93,0.84922,0.08078,0.02879,0.5,0.55385,-0.05385,-0.05962
4,186,3882.7,CLOSE,0.935,0.88021,0.05479,0.03396,0.5,0.50339,-0.00339,-0.00678,0.935,0.85442,0.08058,0.02859,0.5,0.55577,-0.05577,-0.05962
4,187,3903.6,CLOSE,0.94,0.875,0.065,0.03722,0.5,0.50339,-0.00339,-0.00678,0.94,0.86482,0.07518,0.02492,0.5,0.55577,-0.05577,-0.05962
4,188,3924.3,CLOSE,0.945,0.87847,0.06653,0.03701,0.5,0.50678,-0.00678,-0.00678,0.945,0.86482,0.08018,0.02646,0.5,0.55962,-0.05962,-0.05962
4,189,3945.3,CLOSE,0.95,0.88889,0.06111,0.03681,0.5,0.50339,-0.00339,-0.00678,0.95,0.87002,0.07998,0.02972,0.5,0.55577,-0.05577,-0.06154
4,190,3966.0,CLOSE,0.955,0.88715,0.06785,0.03313,0.5,0.50339,-0.00339,-0.00678,0.955,0.87348,0.08152,0.02086,0.5,0.55577,-0.05577,-0.05962
4,191,3986.9,CLOSE,0.96,0.88715,0.07285,0.03465,0.5,0.50508,-0.00508,-0.00508,0.96,0.88562,0.07438,0.02239,0.5,0.55577,-0.05577,-0.06154
4,192,4007.3,CLOSE,0.965,0.89062,0.07438,0.03444,0.5,0.50339,-0.00339,-0.01017,0.965,0.89255,0.07245,0.02739,0.5,0.55577,-0.05577,-0.06154
4,193,4028.4,CLOSE,0.97,0.90104,0.06896,0.03424,0.5,0.50339,-0.00339,-0.00678,0.97,0.89775,0.07225,0.02893,0.5,0.55577,-0.05577,-0.06154
4,194,4049.5,CLOSE,0.975,0.90625,0.06875,0.03576,0.5,0.50508,-0.00508,-0.00678,0.975,0.89775,0.07725,0.02873,0.5,0.55577,-0.05577,-0.06154
4,195,4070.4,CLOSE,0.98,0.90104,0.07896,0.02861,0.5,0.50508,-0.00508,-0.00847,0.98,0.90295,0.07705,0.02679,0.5,0.55577,-0.05577,-0.06154
4,196,4091.1,CLOSE,0.985,0.90799,0.07701,0.03014,0.5,0.50847,-0.00847,-0.00508,0.985,0.90988,0.07512,0.02659,0.5,0.55577,-0.05577,-0.05962
4,197,4111.6,CLOSE,0.99,0.90972,0.08028,0.03514,0.5,0.50508,-0.00508,-0.00678,0.99,0.91854,0.07146,0.0212,0.5,0.55577,-0.05577,-0.06154
4,198,4132.2,CLOSE,0.995,0.91319,0.08181,0.03667,0.5,0.50847,-0.00847,-0.00678,0.995,0.92548,0.06952,0.02793,0.5,0.55962,-0.05962,-0.05962
4,199,4153.9,CLOSE,1.0,0.92708,0.07292,0.02951,0.5,0.50339,-0.00339,-0.00508,1.0,0.92894,0.07106,0.0312,0.5,0.55577,-0.05577,-0.06154
