cycle,step,t_ms,phase,pause_no,servo6_q_target,servo6_q_measured,servo6_q_delta,servo7_q_target,servo7_q_measured,servo7_q_delta,servo8_q_target,servo8_q_measured,servo8_q_delta,servo9_q_target,servo9_q_measured,servo9_q_delta
0,0,28.2,MOVE,-1,0.005,0.0,0.005,0.005,0.0,0.005,0.005,0.0,0.005,0.005,0.0,0.005
0,1,48.3,MOVE,-1,0.01,0.0,0.01,0.01,0.0,0.01,0.01,0.0,0.01,0.01,0.0,0.01
0,2,68.5,MOVE,-1,0.015,0.0,0.015,0.015,0.0,0.015,0.015,0.0,0.015,0.015,0.0,0.015
0,3,88.8,MOVE,-1,0.02,0.0,0.02,0.02,0.0,0.02,0.02,0.0,0.02,0.02,0.0,0.02
0,4,109.3,MOVE,-1,0.025,0.0,0.025,0.025,0.0,0.025,0.025,0.0,0.025,0.025,0.0,0.025
0,5,131.2,MOVE,-1,0.03,0.0,0.03,0.03,0.0,0.03,0.03,0.0,0.03,0.03,0.0,0.03
0,6,152.5,MOVE,-1,0.035,0.0,0.035,0.035,0.0,0.035,0.035,0.0,0.035,0.035,0.0,0.035
0,7,173.0,MOVE,-1,0.04,0.0,0.04,0.04,0.0,0.04,0.04,0.0,0.04,0.04,0.0,0.04
0,8,192.1,MOVE,-1,0.045,0.0,0.045,0.045,0.0,0.045,0.045,0.0054,0.0396,0.045,0.0,0.045
0,9,212.8,MOVE,-1,0.05,0.00524,0.04476,0.05,0.00349,0.04651,0.05,0.0054,0.0446,0.05,0.00193,0.04807
0,10,234.0,MOVE,-1,0.055,0.01571,0.03929,0.055,0.00017,0.05483,0.055,0.00192,0.05308,0.055,0.00967,0.04533
0,11,255.9,MOVE,-1,0.06,0.01222,0.04778,0.06,0.00515,0.05485,0.06,0.00714,0.05286,0.06,0.00774,0.05226
0,12,277.1,MOVE,-1,0.065,0.01745,0.04755,0.065,0.01345,0.05155,0.065,0.01933,0.04567,0.065,0.01354,0.05146
0,13,298.4,MOVE,-1,0.07,0.02443,0.04557,0.07,0.01677,0.05323,0.07,0.02455,0.04545,0.07,0.01741,0.05259
0,14,318.0,MOVE,-1,0.075,0.02967,0.04533,0.075,0.02341,0.05159,0.075,0.03326,0.04174,0.075,0.02321,0.05179
0,15,338.0,MOVE,-1,0.08,0.03839,0.04161,0.08,0.03005,0.04995,0.08,0.035,0.045,0.08,0.03095,0.04905
0,16,360.5,MOVE,-1,0.085,0.04887,0.03613,0.085,0.03669,0.04831,0.085,0.04196,0.04304,0.085,0.04449,0.04051
0,17,380.0,MOVE,-1,0.09,0.0541,0.0359,0.09,0.04333,0.04667,0.09,0.05241,0.03759,0.09,0.04449,0.04551
0,18,402.7,MOVE,-1,0.095,0.06283,0.03217,0.095,0.05164,0.04336,0.095,0.05764,0.03736,0.095,0.05416,0.04084
0,19,423.3,MOVE,-1,0.1,0.06981,0.03019,0.1,0.05994,0.04006,0.1,0.0646,0.0354,0.1,0.0619,0.0381
0,20,444.1,MOVE,-1,0.105,0.07679,0.02821,0.105,0.06326,0.04174,0.105,0.07157,0.03343,0.105,0.0677,0.0373
0,21,465.0,MOVE,-1,0.11,0.08202,0.02798,0.11,0.07156,0.03844,0.11,0.08201,0.02799,0.11,0.0793,0.0307
0,22,486.0,MOVE,-1,0.115,0.08726,0.02774,0.115,0.08152,0.03348,0.115,0.0855,0.0295,0.115,0.07737,0.03763
0,23,507.1,MOVE,-1,0.12,0.09075,0.02925,0.12,0.08816,0.03184,0.12,0.0942,0.0258,0.12,0.08511,0.03489
0,24,525.8,MOVE,-1,0.125,0.09424,0.03076,0.125,0.08982,0.03518,0.125,0.09768,0.02732,0.125,0.09284,0.03216
0,25,546.7,MOVE,-1,0.13,0.09599,0.03401,0.13,0.09978,0.03022,0.13,0.10639,0.02361,0.13,0.09671,0.03329
0,26,567.2,MOVE,-1,0.135,0.10646,0.02854,0.135,0.10477,0.03023,0.135,0.10987,0.02513,0.135,0.10251,0.03249
0,27,588.5,MOVE,-1,0.14,0.10122,0.03878,0.14,0.10809,0.03191,0.14,0.11336,0.02664,0.14,0.10638,0.03362
0,28,609.6,MOVE,-1,0.145,0.10471,0.04029,0.145,0.11307,0.03193,0.145,0.11684,0.02816,0.145,0.11025,0.03475
0,29,629.7,MOVE,-1,0.15,0.1082,0.0418,0.15,0.11805,0.03195,0.15,0.11858,0.03142,0.15,0.11605,0.03395
0,30,651.5,PAUSE,0,0.15,0.10995,0.04005,0.15,0.12469,0.02531,0.15,0.12206,0.02794,0.15,0.11992,0.03008
0,31,672.1,PAUSE,0,0.15,0.11344,0.03656,0.15,0.12967,0.02033,0.15,0.1238,0.0262,0.15,0.12379,0.02621
0,32,693.7,PAUSE,0,0.15,0.11867,0.03133,0.15,0.13299,0.01701,0.15,0.12554,0.02446,0.15,0.13153,0.01847
0,33,715.6,PAUSE,0,0.15,0.11867,0.03133,0.15,0.13963,0.01037,0.15,0.12729,0.02271,0.15,0.13733,0.01267
0,34,736.8,PAUSE,0,0.15,0.12216,0.02784,0.15,0.14793,0.00207,0.15,0.12903,0.02097,0.15,0.13733,0.01267
0,35,757.3,PAUSE,0,0.15,0.1274,0.0226,0.15,0.14627,0.00373,0.15,0.13599,0.01401,0.15,0.13926,0.01074
0,36,777.2,PAUSE,0,0.15,0.12914,0.02086,0.15,0.14959,0.00041,0.15,0.13425,0.01575,0.15,0.14313,0.00687
0,37,798.5,PAUSE,0,0.15,0.13089,0.01911,0.15,0.15291,-0.00291,0.15,0.13773,0.01227,0.15,0.14507,0.00493
0,38,818.9,PAUSE,0,0.15,0.13438,0.01562,0.15,0.15125,-0.00125,0.15,0.13947,0.01053,0.15,0.147,0.003
0,39,840.6,PAUSE,0,0.15,0.13787,0.01213,0.15,0.15125,-0.00125,0.15,0.14296,0.00704,0.15,0.14894,0.00106
0,40,861.7,PAUSE,0,0.15,0.14136,0.00864,0.15,0.15125,-0.00125,0.15,0.14296,0.00704,0.15,0.14894,0.00106
0,41,881.9,PAUSE,0,0.15,0.1466,0.0034,0.15,0.15291,-0.00291,0.15,0.1447,0.0053,0.15,0.14894,0.00106
0,42,903.7,PAUSE,0,0.15,0.1466,0.0034,0.15,0.15125,-0.00125,0.15,0.14296,0.00704,0.15,0.147,0.003
0,43,924.1,PAUSE,0,0.15,0.14834,0.00166,0.15,0.15125,-0.00125,0.15,0.1447,0.0053,0.15,0.147,0.003
0,44,943.5,PAUSE,0,0.15,0.15009,-9e-05,0.15,0.15125,-0.00125,0.15,0.14296,0.00704,0.15,0.14894,0.00106
0,45,964.6,MOVE,-1,0.155,0.15009,0.00491,0.155,0.15125,0.00375,0.155,0.14296,0.01204,0.155,0.147,0.008
0,46,985.6,MOVE,-1,0.16,0.15183,0.00817,0.16,0.15125,0.00875,0.16,0.14296,0.01704,0.16,0.14894,0.01106
0,47,1006.4,MOVE,-1,0.165,0.15009,0.01491,0.165,0.15125,0.01375,0.165,0.14296,0.02204,0.165,0.147,0.018
0,48,1026.9,MOVE,-1,0.17,0.15009,0.01991,0.17,0.15291,0.01709,0.17,0.14296,0.02704,0.17,0.15087,0.01913
0,49,1046.4,MOVE,-1,0.175,0.15009,0.02491,0.175,0.15125,0.02375,0.175,0.14296,0.03204,0.175,0.14894,0.02606
0,50,1067.2,MOVE,-1,0.18,0.15009,0.02991,0.18,0.15125,0.02875,0.18,0.14296,0.03704,0.18,0.14894,0.03106
0,51,1088.2,MOVE,-1,0.185,0.15532,0.02968,0.185,0.15125,0.03375,0.185,0.14296,0.04204,0.185,0.147,0.038
0,52,1109.0,MOVE,-1,0.19,0.15009,0.03991,0.19,0.15125,0.03875,0.19,0.1447,0.0453,0.19,0.14894,0.04106
0,53,1130.0,MOVE,-1,0.195,0.15358,0.04142,0.195,0.15125,0.04375,0.195,0.14644,0.04856,0.195,0.147,0.048
0,54,1151.3,MOVE,-1,0.2,0.15532,0.04468,0.2,0.15291,0.04709,0.2,0.15515,0.04485,0.2,0.147,0.053
0,55,1173.4,MOVE,-1,0.205,0.15881,0.04619,0.205,0.15457,0.05043,0.205,0.16037,0.04463,0.205,0.14507,0.05993
0,56,1193.5,MOVE,-1,0.21,0.16405,0.04595,0.21,0.16288,0.04712,0.21,0.15863,0.05137,0.21,0.1528,0.0572
0,57,1214.8,MOVE,-1,0.215,0.16754,0.04746,0.215,0.16122,0.05378,0.215,0.16385,0.05115,0.215,0.15667,0.05833
0,58,1236.0,MOVE,-1,0.22,0.17103,0.04897,0.22,0.16952,0.05048,0.22,0.16908,0.05092,0.22,0.15861,0.06139
0,59,1254.9,MOVE,-1,0.225,0.17801,0.04699,0.225,0.17118,0.05382,0.225,0.17952,0.04548,0.225,0.17021,0.05479
0,60,1276.3,MOVE,-1,0.23,0.18325,0.04675,0.23,0.17782,0.05218,0.23,0.18301,0.04699,0.23,0.16828,0.06172
0,61,1298.4,MOVE,-1,0.235,0.19023,0.04477,0.235,0.18778,0.04722,0.235,0.18823,0.04677,0.235,0.17408,0.06092
0,62,1318.2,MOVE,-1,0.24,0.19546,0.04454,0.24,0.19442,0.04558,0.24,0.19519,0.04481,0.24,0.18569,0.05431
0,63,1338.4,MOVE,-1,0.245,0.20244,0.04256,0.245,0.19774,0.04726,0.245,0.20564,0.03936,0.245,0.18956,0.05544
0,64,1360.4,MOVE,-1,0.25,0.21117,0.03883,0.25,0.20604,0.04396,0.25,0.20738,0.04262,0.25,0.18956,0.06044
0,65,1380.9,MOVE,-1,0.255,0.21117,0.04383,0.255,0.21268,0.04232,0.255,0.21435,0.04065,0.255,0.19729,0.05771
0,66,1401.0,MOVE,-1,0.26,0.22339,0.03661,0.26,0.21933,0.04067,0.26,0.21957,0.04043,0.26,0.2089,0.0511
0,67,1421.9,MOVE,-1,0.265,0.22513,0.03987,0.265,0.22929,0.03571,0.265,0.2248,0.0402,0.265,0.21277,0.05223
0,68,1442.2,MOVE,-1,0.27,0.22688,0.04312,0.27,0.23759,0.03241,0.27,0.23176,0.03824,0.27,0.2205,0.0495
0,69,1465.9,MOVE,-1,0.275,0.23211,0.04289,0.275,0.24921,0.02579,0.275,0.23524,0.03976,0.275,0.23985,0.03515
0,70,1484.6,MOVE,-1,0.28,0.2356,0.0444,0.28,0.25917,0.02083,0.28,0.23873,0.04127,0.28,0.24565,0.03435
0,71,1505.3,MOVE,-1,0.285,0.24258,0.04242,0.285,0.26415,0.02085,0.285,0.24221,0.04279,0.285,0.25338,0.03162
0,72,1526.3,MOVE,-1,0.29,0.24782,0.04218,0.29,0.26581,0.02419,0.29,0.24917,0.04083,0.29,0.25532,0.03468
0,73,1547.1,MOVE,-1,0.295,0.25131,0.04369,0.295,0.2708,0.0242,0.295,0.24743,0.04757,0.295,0.25919,0.03581
0,74,1567.2,MOVE,-1,0.3,0.25654,0.04346,0.3,0.27744,0.02256,0.3,0.2544,0.0456,0.3,0.26499,0.03501
0,75,1588.1,PAUSE,1,0.3,0.26178,0.03822,0.3,0.28242,0.01758,0.3,0.2631,0.0369,0.3,0.26692,0.03308
0,76,1609.6,PAUSE,1,0.3,0.27051,0.02949,0.3,0.2874,0.0126,0.3,0.26659,0.03341,0.3,0.27273,0.02727
0,77,1630.2,PAUSE,1,0.3,0.274,0.026,0.3,0.29404,0.00596,0.3,0.27181,0.02819,0.3,0.27853,0.02147
0,78,1651.6,PAUSE,1,0.3,0.28098,0.01902,0.3,0.29736,0.00264,0.3,0.28052,0.01948,0.3,0.28046,0.01954
0,79,1674.0,PAUSE,1,0.3,0.28621,0.01379,0.3,0.304,-0.004,0.3,0.28574,0.01426,0.3,0.28433,0.01567
0,80,1694.9,PAUSE,1,0.3,0.29319,0.00681,0.3,0.30898,-0.00898,0.3,0.29096,0.00904,0.3,0.29207,0.00793
0,81,1715.3,PAUSE,1,0.3,0.29494,0.00506,0.3,0.3123,-0.0123,0.3,0.29619,0.00381,0.3,0.29207,0.00793
0,82,1734.9,PAUSE,1,0.3,0.29843,0.00157,0.3,0.3123,-0.0123,0.3,0.29967,0.00033,0.3,0.29207,0.00793
0,83,1758.2,PAUSE,1,0.3,0.30192,-0.00192,0.3,0.31396,-0.01396,0.3,0.30315,-0.00315,0.3,0.29594,0.00406
0,84,1778.3,PAUSE,1,0.3,0.30192,-0.00192,0.3,0.31396,-0.01396,0.3,0.30315,-0.00315,0.3,0.29594,0.00406
0,85,1798.1,PAUSE,1,0.3,0.30366,-0.00366,0.3,0.3123,-0.0123,0.3,0.30489,-0.00489,0.3,0.29594,0.00406
0,86,1819.3,PAUSE,1,0.3,0.30366,-0.00366,0.3,0.31396,-0.01396,0.3,0.30663,-0.00663,0.3,0.29594,0.00406
0,87,1840.6,PAUSE,1,0.3,0.30541,-0.00541,0.3,0.31396,-0.01396,0.3,0.30838,-0.00838,0.3,0.29594,0.00406
0,88,1861.1,PAUSE,1,0.3,0.30366,-0.00366,0.3,0.31562,-0.01562,0.3,0.3136,-0.0136,0.3,0.29594,0.00406
0,89,1882.3,PAUSE,1,0.3,0.30366,-0.00366,0.3,0.31562,-0.01562,0.3,0.30838,-0.00838,0.3,0.29594,0.00406
0,90,1903.5,MOVE,-1,0.305,0.30366,0.00134,0.305,0.31396,-0.00896,0.305,0.30663,-0.00163,0.305,0.29594,0.00906
0,91,1923.7,MOVE,-1,0.31,0.30366,0.00634,0.31,0.31562,-0.00562,0.31,0.30663,0.00337,0.31,0.29594,0.01406
0,92,1943.1,MOVE,-1,0.315,0.30366,0.01134,0.315,0.31562,-0.00062,0.315,0.30663,0.00837,0.315,0.29594,0.01906
0,93,1965.1,MOVE,-1,0.32,0.30366,0.01634,0.32,0.31562,0.00438,0.32,0.30838,0.01162,0.32,0.29594,0.02406
0,94,1985.9,MOVE,-1,0.325,0.30366,0.02134,0.325,0.31396,0.01104,0.325,0.30838,0.01662,0.325,0.29594,0.02906
0,95,2007.1,MOVE,-1,0.33,0.30366,0.02634,0.33,0.31562,0.01438,0.33,0.30838,0.02162,0.33,0.29594,0.03406
0,96,2027.6,MOVE,-1,0.335,0.30366,0.03134,0.335,0.31562,0.01938,0.335,0.30838,0.02662,0.335,0.29787,0.03713
0,97,2048.3,MOVE,-1,0.34,0.30366,0.03634,0.34,0.31396,0.02604,0.34,0.31012,0.02988,0.34,0.29787,0.04213
0,98,2069.4,MOVE,-1,0.345,0.30541,0.03959,0.345,0.31562,0.02938,0.345,0.30663,0.03837,0.345,0.29594,0.04906
0,99,2088.1,MOVE,-1,0.35,0.30541,0.04459,0.35,0.31728,0.03272,0.35,0.31186,0.03814,0.35,0.29981,0.05019
0,100,2109.2,MOVE,-1,0.355,0.30541,0.04959,0.355,0.31894,0.03606,0.355,0.31012,0.04488,0.355,0.30174,0.05326
0,101,2130.6,MOVE,-1,0.36,0.31588,0.04412,0.36,0.32891,0.03109,0.36,0.31186,0.04814,0.36,0.30561,0.05439
0,102,2152.8,MOVE,-1,0.365,0.31239,0.05261,0.365,0.32725,0.03775,0.365,0.31534,0.04966,0.365,0.31721,0.04779
0,103,2172.7,MOVE,-1,0.37,0.32286,0.04714,0.37,0.33721,0.03279,0.37,0.32579,0.04421,0.37,0.31721,0.05279
0,104,2192.4,MOVE,-1,0.375,0.32286,0.05214,0.375,0.33887,0.03613,0.375,0.32579,0.04921,0.375,0.32302,0.05198
0,105,2216.2,MOVE,-1,0.38,0.32984,0.05016,0.38,0.34717,0.03283,0.38,0.33275,0.04725,0.38,0.32689,0.05311
0,106,2235.1,MOVE,-1,0.385,0.33333,0.05167,0.385,0.35381,0.03119,0.385,0.34494,0.04006,0.385,0.32689,0.05811
0,107,2256.3,MOVE,-1,0.39,0.34206,0.04794,0.39,0.36045,0.02955,0.39,0.34668,0.04332,0.39,0.34043,0.04957
0,108,2277.5,MOVE,-1,0.395,0.34729,0.04771,0.395,0.36709,0.02791,0.395,0.35713,0.03787,0.395,0.35203,0.04297
0,109,2299.2,MOVE,-1,0.4,0.35428,0.04572,0.4,0.37373,0.02627,0.4,0.3641,0.0359,0.4,0.35203,0.04797
0,110,2318.7,MOVE,-1,0.405,0.35777,0.04723,0.405,0.38536,0.01964,0.405,0.37628,0.02872,0.405,0.35977,0.04523
0,111,2340.6,MOVE,-1,0.41,0.36649,0.04351,0.41,0.39034,0.01966,0.41,0.37803,0.03197,0.41,0.3617,0.0483
0,112,2360.3,MOVE,-1,0.415,0.37173,0.04327,0.415,0.392,0.023,0.415,0.38499,0.03001,0.415,0.36557,0.04943
0,113,2381.4,MOVE,-1,0.42,0.37871,0.04129,0.42,0.39698,0.02302,0.42,0.39196,0.02804,0.42,0.36944,0.05056
0,114,2403.5,MOVE,-1,0.425,0.38394,0.04106,0.425,0.40196,0.02304,0.425,0.39892,0.02608,0.425,0.37524,0.04976
0,115,2423.6,MOVE,-1,0.43,0.38918,0.04082,0.43,0.40694,0.02306,0.43,0.40763,0.02237,0.43,0.37718,0.05282
0,116,2442.5,MOVE,-1,0.435,0.39267,0.04233,0.435,0.41358,0.02142,0.435,0.41111,0.02389,0.435,0.38104,0.05396
0,117,2463.9,MOVE,-1,0.44,0.40663,0.03337,0.44,0.41856,0.02144,0.44,0.41807,0.02193,0.44,0.38685,0.05315
0,118,2484.3,MOVE,-1,0.445,0.40314,0.04186,0.445,0.4252,0.0198,0.445,0.41982,0.02518,0.445,0.39072,0.05428
0,119,2505.9,MOVE,-1,0.45,0.41361,0.03639,0.45,0.43184,0.01816,0.45,0.4233,0.0267,0.45,0.39652,0.05348
0,120,2528.1,PAUSE,2,0.45,0.4171,0.0329,0.45,0.43849,0.01151,0.45,0.4233,0.0267,0.45,0.40039,0.04961
0,121,2549.2,PAUSE,2,0.45,0.41885,0.03115,0.45,0.44513,0.00487,0.45,0.42504,0.02496,0.45,0.40812,0.04188
0,122,2569.5,PAUSE,2,0.45,0.42234,0.02766,0.45,0.45011,-0.00011,0.45,0.42504,0.02496,0.45,0.41393,0.03607
0,123,2590.8,PAUSE,2,0.45,0.42583,0.02417,0.45,0.45509,-0.00509,0.45,0.42504,0.02496,0.45,0.42166,0.02834
0,124,2609.3,PAUSE,2,0.45,0.43106,0.01894,0.45,0.46007,-0.01007,0.45,0.42678,0.02322,0.45,0.42553,0.02447
0,125,2630.0,PAUSE,2,0.45,0.4363,0.0137,0.45,0.46339,-0.01339,0.45,0.42678,0.02322,0.45,0.43133,0.01867
0,126,2651.5,PAUSE,2,0.45,0.44154,0.00846,0.45,0.46671,-0.01671,0.45,0.42678,0.02322,0.45,0.4352,0.0148
0,127,2671.4,PAUSE,2,0.45,0.44154,0.00846,0.45,0.47003,-0.02003,0.45,0.43026,0.01974,0.45,0.43907,0.01093
0,128,2692.3,PAUSE,2,0.45,0.44328,0.00672,0.45,0.47169,-0.02169,0.45,0.432,0.018,0.45,0.44487,0.00513
0,129,2715.4,PAUSE,2,0.45,0.44677,0.00323,0.45,0.47335,-0.02335,0.45,0.432,0.018,0.45,0.44681,0.00319
0,130,2736.7,PAUSE,2,0.45,0.44852,0.00148,0.45,0.47335,-0.02335,0.45,0.43375,0.01625,0.45,0.45068,-0.00068
0,131,2757.7,PAUSE,2,0.45,0.44852,0.00148,0.45,0.47169,-0.02169,0.45,0.43723,0.01277,0.45,0.45068,-0.00068
0,132,2778.8,PAUSE,2,0.45,0.44852,0.00148,0.45,0.47169,-0.02169,0.45,0.43897,0.01103,0.45,0.45068,-0.00068
0,133,2799.5,PAUSE,2,0.45,0.44852,0.00148,0.45,0.47501,-0.02501,0.45,0.43897,0.01103,0.45,0.45068,-0.00068
0,134,2818.2,PAUSE,2,0.45,0.45201,-0.00201,0.45,0.47335,-0.02335,0.45,0.43897,0.01103,0.45,0.45068,-0.00068
0,135,2838.7,MOVE,-1,0.455,0.45026,0.00474,0.455,0.47335,-0.01835,0.455,0.43897,0.01603,0.455,0.45068,0.00432
0,136,2861.5,MOVE,-1,0.46,0.44852,0.01148,0.46,0.47169,-0.01169,0.46,0.43897,0.02103,0.46,0.45068,0.00932
0,137,2882.1,MOVE,-1,0.465,0.44852,0.01648,0.465,0.47335,-0.00835,0.465,0.44071,0.02429,0.465,0.45068,0.01432
0,138,2902.2,MOVE,-1,0.47,0.44852,0.02148,0.47,0.47335,-0.00335,0.47,0.44071,0.02929,0.47,0.45068,0.01932
0,139,2921.2,MOVE,-1,0.475,0.44677,0.02823,0.475,0.47335,0.00165,0.475,0.44071,0.03429,0.475,0.45068,0.02432
0,140,2942.9,MOVE,-1,0.48,0.44852,0.03148,0.48,0.47335,0.00665,0.48,0.44942,0.03058,0.48,0.45068,0.02932
0,141,2963.5,MOVE,-1,0.485,0.44852,0.03648,0.485,0.47169,0.01331,0.485,0.44245,0.04255,0.485,0.45068,0.03432
0,142,2986.8,MOVE,-1,0.49,0.44852,0.04148,0.49,0.48331,0.00669,0.49,0.44419,0.04581,0.49,0.45068,0.03932
0,143,3006.1,MOVE,-1,0.495,0.46248,0.03252,0.495,0.47335,0.02165,0.495,0.44942,0.04558,0.495,0.45068,0.04432
0,144,3027.4,MOVE,-1,0.5,0.45201,0.04799,0.5,0.47667,0.02333,0.5,0.44942,0.05058,0.5,0.45261,0.04739
0,145,3048.0,MOVE,-1,0.505,0.45375,0.05125,0.5,0.48331,0.01669,0.505,0.46335,0.04165,0.5,0.45455,0.04545
0,146,3068.0,MOVE,-1,0.51,0.45899,0.05101,0.5,0.48829,0.01171,0.51,0.47031,0.03969,0.5,0.46035,0.03965
0,147,3088.0,MOVE,-1,0.515,0.46248,0.05252,0.5,0.4966,0.0034,0.515,0.47205,0.04295,0.5,0.46422,0.03578
0,148,3109.9,MOVE,-1,0.52,0.46771,0.05229,0.5,0.49826,0.00174,0.52,0.47902,0.04098,0.5,0.46615,0.03385
0,149,3133.3,MOVE,-1,0.525,0.47295,0.05205,0.5,0.50822,-0.00822,0.525,0.48424,0.04076,0.5,0.47389,0.02611
0,150,3154.2,MOVE,-1,0.53,0.47818,0.05182,0.5,0.51154,-0.01154,0.53,0.49817,0.03183,0.5,0.48162,0.01838
0,151,3175.1,MOVE,-1,0.535,0.48517,0.04983,0.5,0.51818,-0.01818,0.535,0.51036,0.02464,0.5,0.48162,0.01838
0,152,3193.3,MOVE,-1,0.54,0.4904,0.0496,0.5,0.51984,-0.01984,0.54,0.52081,0.01919,0.5,0.48549,0.01451
0,153,3213.5,MOVE,-1,0.545,0.49564,0.04936,0.5,0.5215,-0.0215,0.545,0.52603,0.01897,0.5,0.48936,0.01064
0,154,3235.2,MOVE,-1,0.55,0.51483,0.03517,0.5,0.52482,-0.02482,0.55,0.52951,0.02049,0.5,0.49323,0.00677
0,155,3257.4,MOVE,-1,0.555,0.51483,0.04017,0.5,0.52482,-0.02482,0.555,0.53474,0.02026,0.5,0.49516,0.00484
0,156,3277.9,MOVE,-1,0.56,0.52705,0.03295,0.5,0.52482,-0.02482,0.56,0.53648,0.02352,0.5,0.4971,0.0029
0,157,3298.8,MOVE,-1,0.565,0.53578,0.02922,0.5,0.52482,-0.02482,0.565,0.53822,0.02678,0.5,0.4971,0.0029
0,158,3319.4,MOVE,-1,0.57,0.54101,0.02899,0.5,0.52482,-0.02482,0.57,0.5417,0.0283,0.5,0.4971,0.0029
0,159,3338.6,MOVE,-1,0.575,0.53927,0.03573,0.5,0.52482,-0.02482,0.575,0.53996,0.03504,0.5,0.4971,0.0029
0,160,3360.1,MOVE,-1,0.58,0.5445,0.0355,0.5,0.52316,-0.02316,0.58,0.5417,0.0383,0.5,0.49903,0.00097
0,161,3380.9,MOVE,-1,0.585,0.54799,0.03701,0.5,0.52482,-0.02482,0.585,0.5417,0.0433,0.5,0.49903,0.00097
0,162,3402.4,MOVE,-1,0.59,0.54974,0.04026,0.5,0.52482,-0.02482,0.59,0.55389,0.03611,0.5,0.4971,0.0029
0,163,3421.6,MOVE,-1,0.595,0.55148,0.04352,0.5,0.52482,-0.02482,0.595,0.54519,0.04981,0.5,0.49903,0.00097
0,164,3443.4,MOVE,-1,0.6,0.55672,0.04328,0.5,0.52648,-0.02648,0.6,0.55563,0.04437,0.5,0.4971,0.0029
0,165,3463.2,PAUSE,3,0.6,0.56021,0.03979,0.5,0.52482,-0.02482,0.6,0.56086,0.03914,0.5,0.4971,0.0029
0,166,3483.6,PAUSE,3,0.6,0.5637,0.0363,0.5,0.52648,-0.02648,0.6,0.56086,0.03914,0.5,0.4971,0.0029
0,167,3505.3,PAUSE,3,0.6,0.56894,0.03106,0.5,0.52482,-0.02482,0.6,0.5713,0.0287,0.5,0.4971,0.0029
0,168,3525.6,PAUSE,3,0.6,0.57417,0.02583,0.5,0.52482,-0.02482,0.6,0.56956,0.03044,0.5,0.4971,0.0029
0,169,3547.3,PAUSE,3,0.6,0.57592,0.02408,0.5,0.52482,-0.02482,0.6,0.57479,0.02521,0.5,0.49903,0.00097
0,170,3570.0,PAUSE,3,0.6,0.58464,0.01536,0.5,0.53146,-0.03146,0.6,0.57827,0.02173,0.5,0.4971,0.0029
0,171,3589.7,PAUSE,3,0.6,0.58639,0.01361,0.5,0.52482,-0.02482,0.6,0.58523,0.01477,0.5,0.4971,0.0029
0,172,3612.3,PAUSE,3,0.6,0.58813,0.01187,0.5,0.52316,-0.02316,0.6,0.58872,0.01128,0.5,0.50097,-0.00097
0,173,3632.8,PAUSE,3,0.6,0.59162,0.00838,0.5,0.52316,-0.02316,0.6,0.5922,0.0078,0.5,0.49903,0.00097
0,174,3653.6,PAUSE,3,0.6,0.59337,0.00663,0.5,0.52482,-0.02482,0.6,0.5922,0.0078,0.5,0.4971,0.0029
0,175,3674.1,PAUSE,3,0.6,0.59337,0.00663,0.5,0.52482,-0.02482,0.6,0.59394,0.00606,0.5,0.50097,-0.00097
0,176,3694.7,PAUSE,3,0.6,0.59686,0.00314,0.5,0.52482,-0.02482,0.6,0.59394,0.00606,0.5,0.4971,0.0029
0,177,3716.6,PAUSE,3,0.6,0.59511,0.00489,0.5,0.53644,-0.03644,0.6,0.59568,0.00432,0.5,0.4971,0.0029
0,178,3735.4,PAUSE,3,0.6,0.59511,0.00489,0.5,0.52482,-0.02482,0.6,0.59568,0.00432,0.5,0.50097,-0.00097
0,179,3755.9,PAUSE,3,0.6,0.59511,0.00489,0.5,0.52482,-0.02482,0.6,0.59394,0.00606,0.5,0.49903,0.00097
0,180,3776.0,MOVE,-1,0.605,0.59511,0.00989,0.5,0.52316,-0.02316,0.605,0.59568,0.00932,0.5,0.4971,0.0029
0,181,3797.2,MOVE,-1,0.61,0.59337,0.01663,0.5,0.52316,-0.02316,0.61,0.59568,0.01432,0.5,0.4971,0.0029
0,182,3820.2,MOVE,-1,0.615,0.59511,0.01989,0.5,0.52482,-0.02482,0.615,0.59394,0.02106,0.5,0.49903,0.00097
0,183,3839.6,MOVE,-1,0.62,0.59511,0.02489,0.5,0.52316,-0.02316,0.62,0.59916,0.02084,0.5,0.4971,0.0029
0,184,3861.1,MOVE,-1,0.625,0.59511,0.02989,0.5,0.52316,-0.02316,0.625,0.59394,0.03106,0.5,0.50097,-0.00097
0,185,3882.4,MOVE,-1,0.63,0.59686,0.03314,0.5,0.52316,-0.02316,0.63,0.59568,0.03432,0.5,0.4971,0.0029
0,186,3902.8,MOVE,-1,0.635,0.5986,0.0364,0.5,0.52316,-0.02316,0.635,0.59394,0.04106,0.5,0.4971,0.0029
0,187,3922.7,MOVE,-1,0.64,0.60733,0.03267,0.5,0.5215,-0.0215,0.64,0.60091,0.03909,0.5,0.49903,0.00097
0,188,3945.0,MOVE,-1,0.645,0.60209,0.04291,0.5,0.52482,-0.02482,0.645,0.59916,0.04584,0.5,0.4971,0.0029
0,189,3962.7,MOVE,-1,0.65,0.60908,0.04092,0.5,0.5215,-0.0215,0.65,0.60961,0.04039,0.5,0.49903,0.00097
0,190,3984.3,MOVE,-1,0.655,0.61082,0.04418,0.5,0.5215,-0.0215,0.655,0.60613,0.04887,0.5,0.4971,0.0029
0,191,4005.2,MOVE,-1,0.66,0.61431,0.04569,0.5,0.5215,-0.0215,0.66,0.61309,0.04691,0.5,0.4971,0.0029
0,192,4027.6,MOVE,-1,0.665,0.62129,0.04371,0.5,0.52316,-0.02316,0.665,0.61832,0.04668,0.5,0.49903,0.00097
0,193,4048.8,MOVE,-1,0.67,0.62653,0.04347,0.5,0.5215,-0.0215,0.67,0.62702,0.04298,0.5,0.4971,0.0029
0,194,4070.2,MOVE,-1,0.675,0.63874,0.03626,0.5,0.52316,-0.02316,0.675,0.63225,0.04275,0.5,0.4971,0.0029
0,195,4089.8,MOVE,-1,0.68,0.64049,0.03951,0.5,0.5215,-0.0215,0.68,0.64095,0.03905,0.5,0.4971,0.0029
0,196,4109.6,MOVE,-1,0.685,0.64572,0.03928,0.5,0.52316,-0.02316,0.685,0.64444,0.04056,0.5,0.4971,0.0029
0,197,4132.5,MOVE,-1,0.69,0.65445,0.03555,0.5,0.52482,-0.02482,0.69,0.65663,0.03337,0.5,0.4971,0.0029
0,198,4153.2,MOVE,-1,0.695,0.65969,0.03531,0.5,0.5215,-0.0215,0.695,0.66185,0.03315,0.5,0.49903,0.00097
0,199,4174.0,MOVE,-1,0.7,0.66667,0.03333,0.5,0.5215,-0.0215,0.7,0.66881,0.03119,0.5,0.49903,0.00097
0,200,4196.0,MOVE,-1,0.705,0.67016,0.03484,0.5,0.5215,-0.0215,0.705,0.67404,0.03096,0.5,0.49903,0.00097
0,201,4216.5,MOVE,-1,0.71,0.67714,0.03286,0.5,0.5215,-0.0215,0.71,0.681,0.029,0.5,0.49903,0.00097
0,202,4236.2,MOVE,-1,0.715,0.68237,0.03263,0.5,0.5215,-0.0215,0.715,0.68623,0.02877,0.5,0.49903,0.00097
0,203,4255.3,MOVE,-1,0.72,0.68761,0.03239,0.5,0.52316,-0.02316,0.72,0.69145,0.02855,0.5,0.49903,0.00097
0,204,4276.4,MOVE,-1,0.725,0.6911,0.0339,0.5,0.5215,-0.0215,0.725,0.69493,0.03007,0.5,0.4971,0.0029
0,205,4296.9,MOVE,-1,0.73,0.69983,0.03017,0.5,0.52316,-0.02316,0.73,0.69842,0.03158,0.5,0.4971,0.0029
0,206,4318.3,MOVE,-1,0.735,0.70332,0.03168,0.5,0.5215,-0.0215,0.735,0.69493,0.04007,0.5,0.49903,0.00097
0,207,4338.2,MOVE,-1,0.74,0.7103,0.0297,0.5,0.5215,-0.0215,0.74,0.7019,0.0381,0.5,0.50097,-0.00097
0,208,4359.0,MOVE,-1,0.745,0.71204,0.03296,0.5,0.51984,-0.01984,0.745,0.7019,0.0431,0.5,0.4971,0.0029
0,209,4383.2,MOVE,-1,0.75,0.71553,0.03447,0.5,0.52316,-0.02316,0.75,0.70364,0.04636,0.5,0.49903,0.00097
0,210,4402.7,PAUSE,4,0.75,0.71902,0.03098,0.5,0.52316,-0.02316,0.75,0.7019,0.0481,0.5,0.4971,0.0029
0,211,4422.1,PAUSE,4,0.75,0.726,0.024,0.5,0.5215,-0.0215,0.75,0.70886,0.04114,0.5,0.49903,0.00097
0,212,4442.2,PAUSE,4,0.75,0.72949,0.02051,0.5,0.5215,-0.0215,0.75,0.71235,0.03765,0.5,0.4971,0.0029
0,213,4464.0,PAUSE,4,0.75,0.73473,0.01527,0.5,0.5215,-0.0215,0.75,0.71931,0.03069,0.5,0.49903,0.00097
0,214,4485.4,PAUSE,4,0.75,0.73822,0.01178,0.5,0.5215,-0.0215,0.75,0.72105,0.02895,0.5,0.4971,0.0029
0,215,4507.1,PAUSE,4,0.75,0.74171,0.00829,0.5,0.52316,-0.02316,0.75,0.72628,0.02372,0.5,0.49903,0.00097
0,216,4528.0,PAUSE,4,0.75,0.7452,0.0048,0.5,0.5215,-0.0215,0.75,0.72976,0.02024,0.5,0.4971,0.0029
0,217,4549.4,PAUSE,4,0.75,0.74869,0.00131,0.5,0.5215,-0.0215,0.75,0.73498,0.01502,0.5,0.49903,0.00097
0,218,4569.0,PAUSE,4,0.75,0.74869,0.00131,0.5,0.5215,-0.0215,0.75,0.73672,0.01328,0.5,0.49903,0.00097
0,219,4591.9,PAUSE,4,0.75,0.75044,-0.00044,0.5,0.52316,-0.02316,0.75,0.73672,0.01328,0.5,0.49903,0.00097
0,220,4611.9,PAUSE,4,0.75,0.75044,-0.00044,0.5,0.5215,-0.0215,0.75,0.73846,0.01154,0.5,0.4971,0.0029
0,221,4632.7,PAUSE,4,0.75,0.75044,-0.00044,0.5,0.5215,-0.0215,0.75,0.73672,0.01328,0.5,0.4971,0.0029
0,222,4651.5,PAUSE,4,0.75,0.75044,-0.00044,0.5,0.52316,-0.02316,0.75,0.73846,0.01154,0.5,0.49903,0.00097
0,223,4672.9,PAUSE,4,0.75,0.75218,-0.00218,0.5,0.52316,-0.02316,0.75,0.73846,0.01154,0.5,0.4971,0.0029
0,224,4693.8,PAUSE,4,0.75,0.75044,-0.00044,0.5,0.5215,-0.0215,0.75,0.73846,0.01154,0.5,0.4971,0.0029
0,225,4715.2,MOVE,-1,0.755,0.75044,0.00456,0.5,0.52316,-0.02316,0.755,0.73846,0.01654,0.5,0.4971,0.0029
0,226,4736.5,MOVE,-1,0.76,0.75044,0.00956,0.5,0.5215,-0.0215,0.76,0.73846,0.02154,0.5,0.49903,0.00097
0,227,4756.7,MOVE,-1,0.765,0.75044,0.01456,0.5,0.52316,-0.02316,0.765,0.73846,0.02654,0.5,0.49903,0.00097
0,228,4776.9,MOVE,-1,0.77,0.75218,0.01782,0.5,0.52316,-0.02316,0.77,0.73846,0.03154,0.5,0.49903,0.00097
0,229,4798.2,MOVE,-1,0.775,0.75393,0.02107,0.5,0.52316,-0.02316,0.775,0.73846,0.03654,0.5,0.49903,0.00097
0,230,4818.0,MOVE,-1,0.78,0.75044,0.02956,0.5,0.52316,-0.02316,0.78,0.74891,0.03109,0.5,0.49903,0.00097
0,231,4839.4,MOVE,-1,0.785,0.75044,0.03456,0.5,0.51984,-0.01984,0.785,0.74021,0.04479,0.5,0.4971,0.0029
0,232,4861.0,MOVE,-1,0.79,0.75218,0.03782,0.5,0.52316,-0.02316,0.79,0.74369,0.04631,0.5,0.4971,0.0029
0,233,4881.9,MOVE,-1,0.795,0.75393,0.04107,0.5,0.5215,-0.0215,0.795,0.74717,0.04783,0.5,0.4971,0.0029
0,234,4903.2,MOVE,-1,0.8,0.75393,0.04607,0.5,0.5215,-0.0215,0.8,0.74543,0.05457,0.5,0.4971,0.0029
0,235,4922.5,MOVE,-1,0.805,0.76265,0.04235,0.5,0.52316,-0.02316,0.805,0.75414,0.05086,0.5,0.49903,0.00097
0,236,4942.5,MOVE,-1,0.81,0.76789,0.04211,0.5,0.5215,-0.0215,0.81,0.7611,0.0489,0.5,0.4971,0.0029
0,237,4963.3,MOVE,-1,0.815,0.76963,0.04537,0.5,0.5215,-0.0215,0.815,0.76807,0.04693,0.5,0.4971,0.0029
0,238,4983.8,MOVE,-1,0.82,0.77138,0.04862,0.5,0.5215,-0.0215,0.82,0.77503,0.04497,0.5,0.49903,0.00097
0,239,5004.9,MOVE,-1,0.825,0.77138,0.05362,0.5,0.52316,-0.02316,0.825,0.78374,0.04126,0.5,0.4971,0.0029
0,240,5025.6,MOVE,-1,0.83,0.77661,0.05339,0.5,0.52316,-0.02316,0.83,0.79244,0.03756,0.5,0.4971,0.0029
0,241,5048.2,MOVE,-1,0.835,0.78534,0.04966,0.5,0.52316,-0.02316,0.835,0.80115,0.03385,0.5,0.49903,0.00097
0,242,5069.8,MOVE,-1,0.84,0.78709,0.05291,0.5,0.52316,-0.02316,0.84,0.80811,0.03189,0.5,0.4971,0.0029
0,243,5091.2,MOVE,-1,0.845,0.79232,0.05268,0.5,0.5215,-0.0215,0.845,0.82204,0.02296,0.5,0.4971,0.0029
0,244,5112.1,MOVE,-1,0.85,0.7993,0.0507,0.5,0.5215,-0.0215,0.85,0.82727,0.02273,0.5,0.49903,0.00097
0,245,5132.5,MOVE,-1,0.855,0.80454,0.05046,0.5,0.5215,-0.0215,0.855,0.82553,0.02947,0.5,0.4971,0.0029
0,246,5153.6,MOVE,-1,0.86,0.80977,0.05023,0.5,0.52316,-0.02316,0.86,0.83249,0.02751,0.5,0.49903,0.00097
0,247,5172.4,MOVE,-1,0.865,0.81675,0.04825,0.5,0.52316,-0.02316,0.865,0.83772,0.02728,0.5,0.49903,0.00097
0,248,5192.8,MOVE,-1,0.87,0.82199,0.04801,0.5,0.5215,-0.0215,0.87,0.83946,0.03054,0.5,0.49903,0.00097
0,249,5214.0,MOVE,-1,0.875,0.82548,0.04952,0.5,0.5215,-0.0215,0.875,0.8499,0.0251,0.5,0.49903,0.00097
0,250,5234.1,MOVE,-1,0.88,0.83072,0.04928,0.5,0.5215,-0.0215,0.88,0.84816,0.03184,0.5,0.49516,0.00484
0,251,5255.4,MOVE,-1,0.885,0.84468,0.04032,0.5,0.5215,-0.0215,0.885,0.85165,0.03335,0.5,0.49903,0.00097
0,252,5275.9,MOVE,-1,0.89,0.84991,0.04009,0.5,0.52482,-0.02482,0.89,0.85687,0.03313,0.5,0.50097,-0.00097
0,253,5296.9,MOVE,-1,0.895,0.84468,0.05032,0.5,0.5215,-0.0215,0.895,0.86209,0.03291,0.5,0.5029,-0.0029
0,254,5317.5,MOVE,-1,0.9,0.84991,0.05009,0.5,0.5215,-0.0215,0.9,0.86732,0.03268,0.5,0.49903,0.00097
0,255,5338.3,PAUSE,5,0.9,0.85689,0.04311,0.5,0.5215,-0.0215,0.9,0.87254,0.02746,0.5,0.4971,0.0029
0,256,5359.7,PAUSE,5,0.9,0.86911,0.03089,0.5,0.52316,-0.02316,0.9,0.87951,0.02049,0.5,0.5029,-0.0029
0,257,5382.4,PAUSE,5,0.9,0.86562,0.03438,0.5,0.51984,-0.01984,0.9,0.88473,0.01527,0.5,0.5029,-0.0029
0,258,5403.2,PAUSE,5,0.9,0.87784,0.02216,0.5,0.5215,-0.0215,0.9,0.89169,0.00831,0.5,0.49903,0.00097
0,259,5423.9,PAUSE,5,0.9,0.87609,0.02391,0.5,0.5215,-0.0215,0.9,0.9004,-0.0004,0.5,0.49903,0.00097
0,260,5445.0,PAUSE,5,0.9,0.88133,0.01867,0.5,0.52316,-0.02316,0.9,0.89866,0.00134,0.5,0.49903,0.00097
0,261,5465.8,PAUSE,5,0.9,0.88482,0.01518,0.5,0.5215,-0.0215,0.9,0.9004,-0.0004,0.5,0.49903,0.00097
0,262,5485.8,PAUSE,5,0.9,0.88656,0.01344,0.5,0.5215,-0.0215,0.9,0.90562,-0.00562,0.5,0.49903,0.00097
0,263,5506.6,PAUSE,5,0.9,0.88831,0.01169,0.5,0.52316,-0.02316,0.9,0.90214,-0.00214,0.5,0.49903,0.00097
0,264,5528.0,PAUSE,5,0.9,0.89005,0.00995,0.5,0.5215,-0.0215,0.9,0.90388,-0.00388,0.5,0.49903,0.00097
0,265,5549.0,PAUSE,5,0.9,0.8918,0.0082,0.5,0.5215,-0.0215,0.9,0.90388,-0.00388,0.5,0.49903,0.00097
0,266,5570.0,PAUSE,5,0.9,0.88831,0.01169,0.5,0.5215,-0.0215,0.9,0.90388,-0.00388,0.5,0.49903,0.00097
0,267,5590.2,PAUSE,5,0.9,0.88831,0.01169,0.5,0.5215,-0.0215,0.9,0.90214,-0.00214,0.5,0.49903,0.00097
0,268,5612.0,PAUSE,5,0.9,0.89005,0.00995,0.5,0.52316,-0.02316,0.9,0.90388,-0.00388,0.5,0.4971,0.0029
0,269,5632.4,PAUSE,5,0.9,0.88831,0.01169,0.5,0.5215,-0.0215,0.9,0.90214,-0.00214,0.5,0.49903,0.00097
0,270,5652.5,MOVE,-1,0.905,0.89005,0.01495,0.5,0.5215,-0.0215,0.905,0.90214,0.00286,0.5,0.49903,0.00097
0,271,5673.7,MOVE,-1,0.91,0.88831,0.02169,0.5,0.5215,-0.0215,0.91,0.90214,0.00786,0.5,0.49903,0.00097
0,272,5693.9,MOVE,-1,0.915,0.89005,0.02495,0.5,0.5215,-0.0215,0.915,0.90562,0.00938,0.5,0.49903,0.00097
0,273,5713.4,MOVE,-1,0.92,0.89005,0.02995,0.5,0.52482,-0.02482,0.92,0.90214,0.01786,0.5,0.49903,0.00097
0,274,5733.7,MOVE,-1,0.925,0.89005,0.03495,0.5,0.5215,-0.0215,0.925,0.90214,0.02286,0.5,0.49903,0.00097
0,275,5754.6,MOVE,-1,0.93,0.88831,0.04169,0.5,0.5215,-0.0215,0.93,0.9004,0.0296,0.5,0.49903,0.00097
0,276,5776.0,MOVE,-1,0.935,0.89005,0.04495,0.5,0.5215,-0.0215,0.935,0.90214,0.03286,0.5,0.49903,0.00097
0,277,5797.4,MOVE,-1,0.94,0.90227,0.03773,0.5,0.5215,-0.0215,0.94,0.90214,0.03786,0.5,0.49903,0.00097
0,278,5818.2,MOVE,-1,0.945,0.9075,0.0375,0.5,0.5215,-0.0215,0.945,0.9004,0.0446,0.5,0.49903,0.00097
0,279,5838.6,MOVE,-1,0.95,0.90401,0.04599,0.5,0.5215,-0.0215,0.95,0.90214,0.04786,0.5,0.49903,0.00097
0,280,5859.8,MOVE,-1,0.955,0.90227,0.05273,0.5,0.52316,-0.02316,0.955,0.90562,0.04938,0.5,0.5029,-0.0029
0,281,5880.9,MOVE,-1,0.96,0.90925,0.05075,0.5,0.5215,-0.0215,0.96,0.91433,0.04567,0.5,0.4971,0.0029
0,282,5901.2,MOVE,-1,0.965,0.91099,0.05401,0.5,0.52482,-0.02482,0.965,0.91085,0.05415,0.5,0.4971,0.0029
0,283,5921.6,MOVE,-1,0.97,0.91972,0.05028,0.5,0.52482,-0.02482,0.97,0.91607,0.05393,0.5,0.49903,0.00097
0,284,5943.3,MOVE,-1,0.975,0.93194,0.04306,0.5,0.51984,-0.01984,0.975,0.92304,0.05196,0.5,0.5029,-0.0029
0,285,5963.8,MOVE,-1,0.98,0.93194,0.04806,0.5,0.5215,-0.0215,0.98,0.93174,0.04826,0.5,0.49903,0.00097
0,286,5984.8,MOVE,-1,0.985,0.94066,0.04434,0.5,0.5215,-0.0215,0.985,0.93697,0.04803,0.5,0.4971,0.0029
0,287,6005.4,MOVE,-1,0.99,0.94764,0.04236,0.5,0.5215,-0.0215,0.99,0.94741,0.04259,0.5,0.5029,-0.0029
0,288,6029.6,MOVE,-1,0.995,0.95462,0.04038,0.5,0.5215,-0.0215,0.995,0.95438,0.04062,0.5,0.4971,0.0029
0,289,6049.5,MOVE,-1,1.0,0.96335,0.03665,0.5,0.5215,-0.0215,1.0,0.95786,0.04214,0.5,0.50097,-0.00097
1,0,24.8,MOVE,-1,0.005,0.13787,-0.13287,0.005,0.0,0.005,0.005,0.16908,-0.16408,0.005,0.0,0.005
1,1,46.5,MOVE,-1,0.01,0.1274,-0.1174,0.01,0.0,0.01,0.01,0.15689,-0.14689,0.01,0.0,0.01
1,2,68.7,MOVE,-1,0.015,0.11344,-0.09844,0.015,0.0,0.015,0.015,0.14296,-0.12796,0.015,0.0,0.015
1,3,89.7,MOVE,-1,0.02,0.10122,-0.08122,0.02,0.0,0.02,0.02,0.13251,-0.11251,0.02,0.0,0.02
1,4,112.9,MOVE,-1,0.025,0.08901,-0.06401,0.025,0.0,0.025,0.025,0.12032,-0.09532,0.025,0.0,0.025
1,5,132.3,MOVE,-1,0.03,0.07853,-0.04853,0.03,0.0,0.03,0.03,0.10813,-0.07813,0.03,0.0,0.03
1,6,151.8,MOVE,-1,0.035,0.06981,-0.03481,0.035,0.0,0.035,0.035,0.09768,-0.06268,0.035,0.0,0.035
1,7,173.0,MOVE,-1,0.04,0.05585,-0.01585,0.04,0.0,0.04,0.04,0.0855,-0.0455,0.04,0.00387,0.03613
1,8,192.6,MOVE,-1,0.045,0.04712,-0.00212,0.045,0.0,0.045,0.045,0.07679,-0.03179,0.045,0.0,0.045
1,9,214.9,MOVE,-1,0.05,0.03839,0.01161,0.05,0.0,0.05,0.05,0.06634,-0.01634,0.05,0.01354,0.03646
1,10,235.9,MOVE,-1,0.055,0.03141,0.02359,0.055,0.0,0.055,0.055,0.05589,-0.00089,0.055,0.01161,0.04339
1,11,255.7,MOVE,-1,0.06,0.02618,0.03382,0.06,0.0,0.06,0.06,0.04893,0.01107,0.06,0.01354,0.04646
1,12,278.3,MOVE,-1,0.065,0.02094,0.04406,0.065,0.00017,0.06483,0.065,0.04022,0.02478,0.065,0.01161,0.05339
1,13,297.0,MOVE,-1,0.07,0.02094,0.04906,0.07,0.00515,0.06485,0.07,0.035,0.035,0.07,0.01741,0.05259
1,14,317.2,MOVE,-1,0.075,0.02094,0.05406,0.075,0.01179,0.06321,0.075,0.03326,0.04174,0.075,0.02128,0.05372
1,15,337.6,MOVE,-1,0.08,0.0192,0.0608,0.08,0.01677,0.06323,0.08,0.02978,0.05022,0.08,0.02515,0.05485
1,16,358.3,MOVE,-1,0.085,0.03141,0.05359,0.085,0.02839,0.05661,0.085,0.02803,0.05697,0.085,0.02901,0.05599
1,17,379.7,MOVE,-1,0.09,0.02967,0.06033,0.09,0.03669,0.05331,0.09,0.02803,0.06197,0.09,0.03675,0.05325
1,18,400.4,MOVE,-1,0.095,0.0349,0.0601,0.095,0.04665,0.04835,0.095,0.03326,0.06174,0.095,0.04255,0.05245
1,19,420.9,MOVE,-1,0.1,0.05061,0.04939,0.1,0.05164,0.04836,0.1,0.035,0.065,0.1,0.05609,0.04391
1,20,441.7,MOVE,-1,0.105,0.0541,0.0509,0.105,0.05828,0.04672,0.105,0.04022,0.06478,0.105,0.05609,0.04891
1,21,462.9,MOVE,-1,0.11,0.05934,0.05066,0.11,0.06824,0.04176,0.11,0.05067,0.05933,0.11,0.0619,0.0481
1,22,484.0,MOVE,-1,0.115,0.06457,0.05043,0.115,0.07488,0.04012,0.115,0.05415,0.06085,0.115,0.06576,0.04924
1,23,505.4,MOVE,-1,0.12,0.0733,0.0467,0.12,0.0865,0.0335,0.12,0.06286,0.05714,0.12,0.07157,0.04843
1,24,525.5,MOVE,-1,0.125,0.08202,0.04298,0.125,0.0948,0.0302,0.125,0.06982,0.05518,0.125,0.07737,0.04763
1,25,546.2,MOVE,-1,0.13,0.08726,0.04274,0.13,0.10144,0.02856,0.13,0.07679,0.05321,0.13,0.08317,0.04683
1,26,566.7,MOVE,-1,0.135,0.0925,0.0425,0.135,0.10643,0.02857,0.135,0.0855,0.0495,0.135,0.09284,0.04216
1,27,587.6,MOVE,-1,0.14,0.09948,0.04052,0.14,0.11307,0.02693,0.14,0.0942,0.0458,0.14,0.09284,0.04716
1,28,609.1,MOVE,-1,0.145,0.10471,0.04029,0.145,0.12303,0.02197,0.145,0.10291,0.04209,0.145,0.09865,0.04635
1,29,630.0,MOVE,-1,0.15,0.11518,0.03482,0.15,0.12967,0.02033,0.15,0.11336,0.03664,0.15,0.10445,0.04555
1,30,651.1,PAUSE,0,0.15,0.11693,0.03307,0.15,0.13133,0.01867,0.15,0.11858,0.03142,0.15,0.10832,0.04168
1,31,671.2,PAUSE,0,0.15,0.12391,0.02609,0.15,0.14129,0.00871,0.15,0.12554,0.02446,0.15,0.11219,0.03781
1,32,693.5,PAUSE,0,0.15,0.1274,0.0226,0.15,0.14295,0.00705,0.15,0.13251,0.01749,0.15,0.11799,0.03201
1,33,714.8,PAUSE,0,0.15,0.13264,0.01736,0.15,0.14959,0.00041,0.15,0.13773,0.01227,0.15,0.12186,0.02814
1,34,736.8,PAUSE,0,0.15,0.13613,0.01387,0.15,0.15457,-0.00457,0.15,0.14296,0.00704,0.15,0.12379,0.02621
1,35,756.1,PAUSE,0,0.15,0.13962,0.01038,0.15,0.15623,-0.00623,0.15,0.14644,0.00356,0.15,0.12766,0.02234
1,36,776.6,PAUSE,0,0.15,0.14311,0.00689,0.15,0.15789,-0.00789,0.15,0.14992,8e-05,0.15,0.13153,0.01847
1,37,798.3,PAUSE,0,0.15,0.14485,0.00515,0.15,0.15956,-0.00956,0.15,0.15166,-0.00166,0.15,0.13153,0.01847
1,38,819.4,PAUSE,0,0.15,0.1466,0.0034,0.15,0.15956,-0.00956,0.15,0.15515,-0.00515,0.15,0.13346,0.01654
1,39,837.4,PAUSE,0,0.15,0.14834,0.00166,0.15,0.15956,-0.00956,0.15,0.15689,-0.00689,0.15,0.1354,0.0146
1,40,858.7,PAUSE,0,0.15,0.14834,0.00166,0.15,0.15956,-0.00956,0.15,0.15689,-0.00689,0.15,0.1354,0.0146
1,41,879.7,PAUSE,0,0.15,0.15009,-9e-05,0.15,0.15956,-0.00956,0.15,0.15689,-0.00689,0.15,0.13153,0.01847
1,42,899.9,PAUSE,0,0.15,0.15009,-9e-05,0.15,0.15956,-0.00956,0.15,0.15689,-0.00689,0.15,0.13733,0.01267
1,43,920.3,PAUSE,0,0.15,0.14834,0.00166,0.15,0.15956,-0.00956,0.15,0.15689,-0.00689,0.15,0.1354,0.0146
1,44,941.0,PAUSE,0,0.15,0.14834,0.00166,0.15,0.15956,-0.00956,0.15,0.15863,-0.00863,0.15,0.13733,0.01267
1,45,962.4,MOVE,-1,0.155,0.15183,0.00317,0.155,0.15956,-0.00456,0.155,0.15689,-0.00189,0.155,0.13733,0.01767
1,46,983.6,MOVE,-1,0.16,0.14834,0.01166,0.16,0.15956,0.00044,0.16,0.15689,0.00311,0.16,0.13733,0.02267
1,47,1004.4,MOVE,-1,0.165,0.14834,0.01666,0.165,0.15789,0.00711,0.165,0.15689,0.00811,0.165,0.13926,0.02574
1,48,1026.8,MOVE,-1,0.17,0.14834,0.02166,0.17,0.15956,0.01044,0.17,0.15689,0.01311,0.17,0.13733,0.03267
1,49,1048.9,MOVE,-1,0.175,0.15009,0.02491,0.175,0.15956,0.01544,0.175,0.15689,0.01811,0.175,0.13733,0.03767
1,50,1070.2,MOVE,-1,0.18,0.15009,0.02991,0.18,0.16122,0.01878,0.18,0.15689,0.02311,0.18,0.13733,0.04267
1,51,1090.5,MOVE,-1,0.185,0.15707,0.02793,0.185,0.15956,0.02544,0.185,0.15689,0.02811,0.185,0.13733,0.04767
1,52,1110.3,MOVE,-1,0.19,0.15009,0.03991,0.19,0.15956,0.03044,0.19,0.15689,0.03311,0.19,0.14507,0.04493
1,53,1130.7,MOVE,-1,0.195,0.15009,0.04491,0.195,0.15956,0.03544,0.195,0.15863,0.03637,0.195,0.1412,0.0538
1,54,1153.8,MOVE,-1,0.2,0.15358,0.04642,0.2,0.16122,0.03878,0.2,0.15863,0.04137,0.2,0.14313,0.05687
1,55,1174.3,MOVE,-1,0.205,0.15532,0.04968,0.205,0.16288,0.04212,0.205,0.16037,0.04463,0.205,0.14894,0.05606
1,56,1195.0,MOVE,-1,0.21,0.16405,0.04595,0.21,0.1662,0.0438,0.21,0.16385,0.04615,0.21,0.1528,0.0572
1,57,1215.8,MOVE,-1,0.215,0.16579,0.04921,0.215,0.16952,0.04548,0.215,0.16559,0.04941,0.215,0.15861,0.05639
1,58,1236.1,MOVE,-1,0.22,0.16928,0.05072,0.22,0.17284,0.04716,0.22,0.17256,0.04744,0.22,0.16441,0.05559
1,59,1256.9,MOVE,-1,0.225,0.17452,0.05048,0.225,0.17948,0.04552,0.225,0.17778,0.04722,0.225,0.17021,0.05479
1,60,1276.1,MOVE,-1,0.23,0.1815,0.0485,0.23,0.18612,0.04388,0.23,0.18649,0.04351,0.23,0.17602,0.05398
1,61,1297.1,MOVE,-1,0.235,0.19546,0.03954,0.235,0.1911,0.0439,0.235,0.19519,0.03981,0.235,0.18375,0.05125
1,62,1317.9,MOVE,-1,0.24,0.19895,0.04105,0.24,0.20272,0.03728,0.24,0.20042,0.03958,0.24,0.18956,0.05044
1,63,1338.0,MOVE,-1,0.245,0.20244,0.04256,0.245,0.20438,0.04062,0.245,0.20738,0.03762,0.245,0.19729,0.04771
1,64,1358.3,MOVE,-1,0.25,0.20942,0.04058,0.25,0.21268,0.03732,0.25,0.21435,0.03565,0.25,0.20503,0.04497
1,65,1379.1,MOVE,-1,0.255,0.20942,0.04558,0.255,0.21933,0.03567,0.255,0.22131,0.03369,0.255,0.2147,0.0403
1,66,1399.6,MOVE,-1,0.26,0.2164,0.0436,0.26,0.22763,0.03237,0.26,0.22654,0.03346,0.26,0.22631,0.03369
1,67,1421.0,MOVE,-1,0.265,0.22164,0.04336,0.265,0.23593,0.02907,0.265,0.23698,0.02802,0.265,0.23985,0.02515
1,68,1441.9,MOVE,-1,0.27,0.22862,0.04138,0.27,0.24091,0.02909,0.27,0.24395,0.02605,0.27,0.24758,0.02242
1,69,1462.7,MOVE,-1,0.275,0.23386,0.04114,0.275,0.25419,0.02081,0.275,0.24743,0.02757,0.275,0.25338,0.02162
1,70,1485.2,MOVE,-1,0.28,0.24433,0.03567,0.28,0.26249,0.01751,0.28,0.2544,0.0256,0.28,0.25919,0.02081
1,71,1504.6,MOVE,-1,0.285,0.24433,0.04067,0.285,0.26415,0.02085,0.285,0.25962,0.02538,0.285,0.26306,0.02194
1,72,1525.3,MOVE,-1,0.29,0.24782,0.04218,0.29,0.26913,0.02087,0.29,0.2631,0.0269,0.29,0.26886,0.02114
1,73,1546.1,MOVE,-1,0.295,0.24956,0.04544,0.295,0.27246,0.02254,0.295,0.26659,0.02841,0.295,0.27079,0.02421
1,74,1567.7,MOVE,-1,0.3,0.25131,0.04869,0.3,0.28408,0.01592,0.3,0.26833,0.03167,0.3,0.26886,0.03114
1,75,1587.9,PAUSE,1,0.3,0.25829,0.04171,0.3,0.28242,0.01758,0.3,0.27007,0.02993,0.3,0.27079,0.02921
1,76,1609.9,PAUSE,1,0.3,0.26702,0.03298,0.3,0.28906,0.01094,0.3,0.27703,0.02297,0.3,0.27079,0.02921
1,77,1629.9,PAUSE,1,0.3,0.27225,0.02775,0.3,0.29404,0.00596,0.3,0.27181,0.02819,0.3,0.27273,0.02727
1,78,1650.9,PAUSE,1,0.3,0.274,0.026,0.3,0.29902,0.00098,0.3,0.284,0.016,0.3,0.27466,0.02534
1,79,1674.2,PAUSE,1,0.3,0.28098,0.01902,0.3,0.304,-0.004,0.3,0.27877,0.02123,0.3,0.2766,0.0234
1,80,1695.1,PAUSE,1,0.3,0.28796,0.01204,0.3,0.30732,-0.00732,0.3,0.28226,0.01774,0.3,0.27853,0.02147
1,81,1712.4,PAUSE,1,0.3,0.29145,0.00855,0.3,0.3123,-0.0123,0.3,0.28748,0.01252,0.3,0.28046,0.01954
1,82,1733.8,PAUSE,1,0.3,0.29668,0.00332,0.3,0.31064,-0.01064,0.3,0.28922,0.01078,0.3,0.28627,0.01373
1,83,1754.7,PAUSE,1,0.3,0.30017,-0.00017,0.3,0.3123,-0.0123,0.3,0.2927,0.0073,0.3,0.28433,0.01567
1,84,1776.3,PAUSE,1,0.3,0.30366,-0.00366,0.3,0.3123,-0.0123,0.3,0.28574,0.01426,0.3,0.2882,0.0118
1,85,1797.2,PAUSE,1,0.3,0.30716,-0.00716,0.3,0.3123,-0.0123,0.3,0.29619,0.00381,0.3,0.29014,0.00986
1,86,1819.2,PAUSE,1,0.3,0.30716,-0.00716,0.3,0.3123,-0.0123,0.3,0.29619,0.00381,0.3,0.29014,0.00986
1,87,1840.5,PAUSE,1,0.3,0.30716,-0.00716,0.3,0.3123,-0.0123,0.3,0.29619,0.00381,0.3,0.29207,0.00793
1,88,1862.0,PAUSE,1,0.3,0.3089,-0.0089,0.3,0.3123,-0.0123,0.3,0.29793,0.00207,0.3,0.29207,0.00793
1,89,1880.5,PAUSE,1,0.3,0.3089,-0.0089,0.3,0.3123,-0.0123,0.3,0.29793,0.00207,0.3,0.29207,0.00793
1,90,1902.0,MOVE,-1,0.305,0.3089,-0.0039,0.305,0.3123,-0.0073,0.305,0.29793,0.00707,0.305,0.29207,0.01293
1,91,1923.1,MOVE,-1,0.31,0.3089,0.0011,0.31,0.3123,-0.0023,0.31,0.29619,0.01381,0.31,0.29207,0.01793
1,92,1944.3,MOVE,-1,0.315,0.3089,0.0061,0.315,0.3123,0.0027,0.315,0.29619,0.01881,0.315,0.29594,0.01906
1,93,1964.6,MOVE,-1,0.32,0.30716,0.01284,0.32,0.3123,0.0077,0.32,0.29793,0.02207,0.32,0.29207,0.02793
1,94,1984.2,MOVE,-1,0.325,0.3089,0.0161,0.325,0.3123,0.0127,0.325,0.29793,0.02707,0.325,0.29207,0.03293
1,95,2006.5,MOVE,-1,0.33,0.3089,0.0211,0.33,0.3123,0.0177,0.33,0.29619,0.03381,0.33,0.29207,0.03793
1,96,2026.3,MOVE,-1,0.335,0.3089,0.0261,0.335,0.3123,0.0227,0.335,0.29793,0.03707,0.335,0.29207,0.04293
1,97,2047.7,MOVE,-1,0.34,0.31239,0.02761,0.34,0.3123,0.0277,0.34,0.29793,0.04207,0.34,0.294,0.046
1,98,2068.2,MOVE,-1,0.345,0.30541,0.03959,0.345,0.3123,0.0327,0.345,0.29793,0.04707,0.345,0.29594,0.04906
1,99,2088.9,MOVE,-1,0.35,0.31763,0.03237,0.35,0.31064,0.03936,0.35,0.30489,0.04511,0.35,0.29787,0.05213
1,100,2112.8,MOVE,-1,0.355,0.31065,0.04435,0.355,0.32226,0.03274,0.355,0.30141,0.05359,0.355,0.31335,0.04165
1,101,2132.3,MOVE,-1,0.36,0.31239,0.04761,0.36,0.31728,0.04272,0.36,0.30315,0.05685,0.36,0.30754,0.05246
1,102,2152.3,MOVE,-1,0.365,0.31588,0.04912,0.365,0.31894,0.04606,0.365,0.31186,0.05314,0.365,0.31335,0.05165
1,103,2172.7,MOVE,-1,0.37,0.31763,0.05237,0.37,0.32226,0.04774,0.37,0.3136,0.0564,0.37,0.32302,0.04698
1,104,2194.5,MOVE,-1,0.375,0.32461,0.05039,0.375,0.33223,0.04277,0.375,0.32231,0.05269,0.375,0.33269,0.04231
1,105,2215.6,MOVE,-1,0.38,0.32984,0.05016,0.38,0.33721,0.04279,0.38,0.32927,0.05073,0.38,0.33462,0.04538
1,106,2235.7,MOVE,-1,0.385,0.33508,0.04992,0.385,0.34219,0.04281,0.385,0.33798,0.04702,0.385,0.34429,0.04071
1,107,2256.1,MOVE,-1,0.39,0.34031,0.04969,0.39,0.34883,0.04117,0.39,0.34842,0.04158,0.39,0.35203,0.03797
1,108,2276.1,MOVE,-1,0.395,0.34729,0.04771,0.395,0.35547,0.03953,0.395,0.35365,0.04135,0.395,0.3617,0.0333
1,109,2296.6,MOVE,-1,0.4,0.35253,0.04747,0.4,0.36377,0.03623,0.4,0.36235,0.03765,0.4,0.36944,0.03056
1,110,2317.0,MOVE,-1,0.405,0.35777,0.04723,0.405,0.36875,0.03625,0.405,0.36932,0.03568,0.405,0.37331,0.03169
1,111,2338.4,MOVE,-1,0.41,0.36824,0.04176,0.41,0.38038,0.02962,0.41,0.37803,0.03197,0.41,0.37331,0.03669
1,112,2360.4,MOVE,-1,0.415,0.37347,0.04153,0.415,0.3837,0.0313,0.415,0.38673,0.02827,0.415,0.38104,0.03396
1,113,2382.1,MOVE,-1,0.42,0.37871,0.04129,0.42,0.39532,0.02468,0.42,0.39544,0.02456,0.42,0.39072,0.02928
1,114,2403.5,MOVE,-1,0.425,0.38394,0.04106,0.425,0.39532,0.02968,0.425,0.39892,0.02608,0.425,0.39072,0.03428
1,115,2424.1,MOVE,-1,0.43,0.39092,0.03908,0.43,0.4003,0.0297,0.43,0.40589,0.02411,0.43,0.39652,0.03348
1,116,2444.6,MOVE,-1,0.435,0.39267,0.04233,0.435,0.40528,0.02972,0.435,0.40763,0.02737,0.435,0.40039,0.03461
1,117,2463.5,MOVE,-1,0.44,0.4014,0.0386,0.44,0.41524,0.02476,0.44,0.41285,0.02715,0.44,0.40619,0.03381
1,118,2484.1,MOVE,-1,0.445,0.40489,0.04011,0.445,0.4169,0.0281,0.445,0.41633,0.02867,0.445,0.41199,0.03301
1,119,2505.2,MOVE,-1,0.45,0.41187,0.03813,0.45,0.42188,0.02812,0.45,0.41633,0.03367,0.45,0.42553,0.02447
1,120,2527.2,PAUSE,2,0.45,0.4171,0.0329,0.45,0.43018,0.01982,0.45,0.41807,0.03193,0.45,0.42747,0.02253
1,121,2547.9,PAUSE,2,0.45,0.42059,0.02941,0.45,0.4335,0.0165,0.45,0.41982,0.03018,0.45,0.4294,0.0206
1,122,2568.3,PAUSE,2,0.45,0.42408,0.02592,0.45,0.44015,0.00985,0.45,0.42156,0.02844,0.45,0.43133,0.01867
1,123,2590.3,PAUSE,2,0.45,0.42932,0.02068,0.45,0.44513,0.00487,0.45,0.42156,0.02844,0.45,0.43907,0.01093
1,124,2611.4,PAUSE,2,0.45,0.43281,0.01719,0.45,0.44845,0.00155,0.45,0.4233,0.0267,0.45,0.44101,0.00899
1,125,2632.5,PAUSE,2,0.45,0.43979,0.01021,0.45,0.45343,-0.00343,0.45,0.42504,0.02496,0.45,0.44294,0.00706
1,126,2653.5,PAUSE,2,0.45,0.44154,0.00846,0.45,0.45841,-0.00841,0.45,0.42678,0.02322,0.45,0.44487,0.00513
1,127,2674.0,PAUSE,2,0.45,0.44852,0.00148,0.45,0.46339,-0.01339,0.45,0.43026,0.01974,0.45,0.44681,0.00319
1,128,2694.5,PAUSE,2,0.45,0.44503,0.00497,0.45,0.46339,-0.01339,0.45,0.432,0.018,0.45,0.44487,0.00513
1,129,2712.1,PAUSE,2,0.45,0.44852,0.00148,0.45,0.46339,-0.01339,0.45,0.43375,0.01625,0.45,0.44487,0.00513
1,130,2732.6,PAUSE,2,0.45,0.44852,0.00148,0.45,0.46505,-0.01505,0.45,0.43723,0.01277,0.45,0.44681,0.00319
1,131,2754.2,PAUSE,2,0.45,0.45026,-0.00026,0.45,0.46505,-0.01505,0.45,0.43723,0.01277,0.45,0.44487,0.00513
1,132,2775.4,PAUSE,2,0.45,0.45026,-0.00026,0.45,0.46505,-0.01505,0.45,0.44071,0.00929,0.45,0.44487,0.00513
1,133,2796.0,PAUSE,2,0.45,0.45026,-0.00026,0.45,0.46505,-0.01505,0.45,0.44071,0.00929,0.45,0.44681,0.00319
1,134,2817.2,PAUSE,2,0.45,0.45026,-0.00026,0.45,0.46505,-0.01505,0.45,0.44245,0.00755,0.45,0.44681,0.00319
1,135,2838.6,MOVE,-1,0.455,0.45026,0.00474,0.455,0.46505,-0.01005,0.455,0.43897,0.01603,0.455,0.44487,0.01013
1,136,2862.3,MOVE,-1,0.46,0.45026,0.00974,0.46,0.46505,-0.00505,0.46,0.44071,0.01929,0.46,0.44487,0.01513
1,137,2881.6,MOVE,-1,0.465,0.44852,0.01648,0.465,0.46505,-5e-05,0.465,0.44245,0.02255,0.465,0.44681,0.01819
1,138,2901.5,MOVE,-1,0.47,0.45026,0.01974,0.47,0.46505,0.00495,0.47,0.44245,0.02755,0.47,0.44681,0.02319
1,139,2922.5,MOVE,-1,0.475,0.45201,0.02299,0.475,0.46505,0.00995,0.475,0.44245,0.03255,0.475,0.44681,0.02819
1,140,2942.8,MOVE,-1,0.48,0.45026,0.02974,0.48,0.46505,0.01495,0.48,0.44245,0.03755,0.48,0.44681,0.03319
1,141,2963.7,MOVE,-1,0.485,0.45201,0.03299,0.485,0.46505,0.01995,0.485,0.44245,0.04255,0.485,0.44874,0.03626
1,142,2984.7,MOVE,-1,0.49,0.45201,0.03799,0.49,0.46505,0.02495,0.49,0.44593,0.04407,0.49,0.45455,0.03545
1,143,3006.6,MOVE,-1,0.495,0.45375,0.04125,0.495,0.47003,0.02497,0.495,0.43897,0.05603,0.495,0.45068,0.04432
1,144,3026.9,MOVE,-1,0.5,0.45724,0.04276,0.5,0.46671,0.03329,0.5,0.44942,0.05058,0.5,0.45455,0.04545
1,145,3049.4,MOVE,-1,0.505,0.45899,0.04601,0.5,0.47003,0.02997,0.505,0.45464,0.05036,0.5,0.46228,0.03772
1,146,3070.4,MOVE,-1,0.51,0.46073,0.04927,0.5,0.48165,0.01835,0.51,0.45986,0.05014,0.5,0.46809,0.03191
1,147,3089.9,MOVE,-1,0.515,0.46597,0.04903,0.5,0.48165,0.01835,0.515,0.46335,0.05165,0.5,0.47776,0.02224
1,148,3109.0,MOVE,-1,0.52,0.46946,0.05054,0.5,0.48663,0.01337,0.52,0.46857,0.05143,0.5,0.47776,0.02224
1,149,3130.4,MOVE,-1,0.525,0.47644,0.04856,0.5,0.49328,0.00672,0.525,0.47379,0.05121,0.5,0.4913,0.0087
1,150,3150.8,MOVE,-1,0.53,0.48168,0.04832,0.5,0.49992,8e-05,0.53,0.47728,0.05272,0.5,0.49516,0.00484
1,151,3172.1,MOVE,-1,0.535,0.48342,0.05158,0.5,0.5049,-0.0049,0.535,0.48598,0.04902,0.5,0.4971,0.0029
1,152,3193.1,MOVE,-1,0.54,0.48866,0.05134,0.5,0.51154,-0.01154,0.54,0.49643,0.04357,0.5,0.5029,-0.0029
1,153,3213.9,MOVE,-1,0.545,0.49564,0.04936,0.5,0.51486,-0.01486,0.545,0.50862,0.03638,0.5,0.5087,-0.0087
1,154,3235.7,MOVE,-1,0.55,0.50785,0.04215,0.5,0.51652,-0.01652,0.55,0.51907,0.03093,0.5,0.51064,-0.01064
1,155,3257.0,MOVE,-1,0.555,0.51309,0.04191,0.5,0.51818,-0.01818,0.555,0.52603,0.02897,0.5,0.51257,-0.01257
1,156,3276.1,MOVE,-1,0.56,0.52705,0.03295,0.5,0.51984,-0.01984,0.56,0.53126,0.02874,0.5,0.51451,-0.01451
1,157,3297.2,MOVE,-1,0.565,0.53403,0.03097,0.5,0.51984,-0.01984,0.565,0.53474,0.03026,0.5,0.51257,-0.01257
1,158,3317.8,MOVE,-1,0.57,0.5445,0.0255,0.5,0.51984,-0.01984,0.57,0.53822,0.03178,0.5,0.51451,-0.01451
1,159,3340.2,MOVE,-1,0.575,0.54625,0.02875,0.5,0.51984,-0.01984,0.575,0.5417,0.0333,0.5,0.51644,-0.01644
1,160,3361.4,MOVE,-1,0.58,0.54625,0.03375,0.5,0.51984,-0.01984,0.58,0.54519,0.03481,0.5,0.51451,-0.01451
1,161,3383.7,MOVE,-1,0.585,0.55148,0.03352,0.5,0.5215,-0.0215,0.585,0.55389,0.03111,0.5,0.51451,-0.01451
1,162,3403.7,MOVE,-1,0.59,0.55323,0.03677,0.5,0.51984,-0.01984,0.59,0.55737,0.03263,0.5,0.51451,-0.01451
1,163,3423.5,MOVE,-1,0.595,0.55672,0.03828,0.5,0.51984,-0.01984,0.595,0.55563,0.03937,0.5,0.51257,-0.01257
1,164,3445.4,MOVE,-1,0.6,0.56021,0.03979,0.5,0.51984,-0.01984,0.6,0.56434,0.03566,0.5,0.51451,-0.01451
1,165,3465.2,PAUSE,3,0.6,0.56719,0.03281,0.5,0.51984,-0.01984,0.6,0.5626,0.0374,0.5,0.51451,-0.01451
1,166,3485.8,PAUSE,3,0.6,0.57243,0.02757,0.5,0.51984,-0.01984,0.6,0.56956,0.03044,0.5,0.51838,-0.01838
1,167,3505.9,PAUSE,3,0.6,0.57243,0.02757,0.5,0.5215,-0.0215,0.6,0.56956,0.03044,0.5,0.51257,-0.01257
1,168,3527.2,PAUSE,3,0.6,0.57417,0.02583,0.5,0.51984,-0.01984,0.6,0.57305,0.02695,0.5,0.51257,-0.01257
1,169,3549.4,PAUSE,3,0.6,0.5829,0.0171,0.5,0.51984,-0.01984,0.6,0.57653,0.02347,0.5,0.51257,-0.01257
1,170,3570.6,PAUSE,3,0.6,0.5829,0.0171,0.5,0.51984,-0.01984,0.6,0.58001,0.01999,0.5,0.51257,-0.01257
1,171,3588.3,PAUSE,3,0.6,0.58464,0.01536,0.5,0.51984,-0.01984,0.6,0.58872,0.01128,0.5,0.51451,-0.01451
1,172,3609.3,PAUSE,3,0.6,0.58813,0.01187,0.5,0.5215,-0.0215,0.6,0.58872,0.01128,0.5,0.51257,-0.01257
1,173,3633.6,PAUSE,3,0.6,0.59162,0.00838,0.5,0.51984,-0.01984,0.6,0.58698,0.01302,0.5,0.51451,-0.01451
1,174,3651.3,PAUSE,3,0.6,0.59337,0.00663,0.5,0.5215,-0.0215,0.6,0.58698,0.01302,0.5,0.51451,-0.01451
1,175,3672.4,PAUSE,3,0.6,0.59337,0.00663,0.5,0.51984,-0.01984,0.6,0.58872,0.01128,0.5,0.51257,-0.01257
1,176,3693.1,PAUSE,3,0.6,0.59511,0.00489,0.5,0.5215,-0.0215,0.6,0.58872,0.01128,0.5,0.51644,-0.01644
1,177,3713.5,PAUSE,3,0.6,0.59511,0.00489,0.5,0.51984,-0.01984,0.6,0.59046,0.00954,0.5,0.51257,-0.01257
1,178,3735.9,PAUSE,3,0.6,0.59511,0.00489,0.5,0.51984,-0.01984,0.6,0.58872,0.01128,0.5,0.51451,-0.01451
1,179,3758.3,PAUSE,3,0.6,0.59511,0.00489,0.5,0.5215,-0.0215,0.6,0.59046,0.00954,0.5,0.51451,-0.01451
1,180,3779.2,MOVE,-1,0.605,0.59511,0.00989,0.5,0.5215,-0.0215,0.605,0.59046,0.01454,0.5,0.51257,-0.01257
1,181,3799.6,MOVE,-1,0.61,0.59511,0.01489,0.5,0.5215,-0.0215,0.61,0.59046,0.01954,0.5,0.51451,-0.01451
1,182,3820.2,MOVE,-1,0.615,0.59511,0.01989,0.5,0.51984,-0.01984,0.615,0.58872,0.02628,0.5,0.51451,-0.01451
1,183,3841.0,MOVE,-1,0.62,0.59511,0.02489,0.5,0.5215,-0.0215,0.62,0.59046,0.02954,0.5,0.50677,-0.00677
1,184,3860.4,MOVE,-1,0.625,0.59686,0.02814,0.5,0.51984,-0.01984,0.625,0.59046,0.03454,0.5,0.50097,-0.00097
1,185,3881.1,MOVE,-1,0.63,0.59686,0.03314,0.5,0.51984,-0.01984,0.63,0.58872,0.04128,0.5,0.4971,0.0029
1,186,3902.3,MOVE,-1,0.635,0.5986,0.0364,0.5,0.51984,-0.01984,0.635,0.59046,0.04454,0.5,0.49323,0.00677
1,187,3925.0,MOVE,-1,0.64,0.60035,0.03965,0.5,0.51984,-0.01984,0.64,0.59568,0.04432,0.5,0.4913,0.0087
1,188,3945.8,MOVE,-1,0.645,0.60384,0.04116,0.5,0.51984,-0.01984,0.645,0.59568,0.04932,0.5,0.4913,0.0087
1,189,3965.9,MOVE,-1,0.65,0.60733,0.04267,0.5,0.51984,-0.01984,0.65,0.59916,0.05084,0.5,0.4913,0.0087
1,190,3987.4,MOVE,-1,0.655,0.61082,0.04418,0.5,0.51984,-0.01984,0.655,0.60439,0.05061,0.5,0.48936,0.01064
1,191,4006.2,MOVE,-1,0.66,0.61431,0.04569,0.5,0.5215,-0.0215,0.66,0.60613,0.05387,0.5,0.49323,0.00677
1,192,4026.5,MOVE,-1,0.665,0.62129,0.04371,0.5,0.51984,-0.01984,0.665,0.61309,0.05191,0.5,0.4913,0.0087
1,193,4047.3,MOVE,-1,0.67,0.63002,0.03998,0.5,0.51984,-0.01984,0.67,0.62006,0.04994,0.5,0.4913,0.0087
1,194,4067.5,MOVE,-1,0.675,0.63351,0.04149,0.5,0.52316,-0.02316,0.675,0.62702,0.04798,0.5,0.4913,0.0087
1,195,4090.1,MOVE,-1,0.68,0.64398,0.03602,0.5,0.51984,-0.01984,0.68,0.63747,0.04253,0.5,0.4913,0.0087
1,196,4111.3,MOVE,-1,0.685,0.64398,0.04102,0.5,0.51984,-0.01984,0.685,0.64444,0.04056,0.5,0.4913,0.0087
1,197,4131.0,MOVE,-1,0.69,0.65794,0.03206,0.5,0.5215,-0.0215,0.69,0.65314,0.03686,0.5,0.4913,0.0087
1,198,4150.6,MOVE,-1,0.695,0.65794,0.03706,0.5,0.5215,-0.0215,0.695,0.66011,0.03489,0.5,0.4913,0.0087
1,199,4171.5,MOVE,-1,0.7,0.67016,0.02984,0.5,0.5215,-0.0215,0.7,0.66707,0.03293,0.5,0.4913,0.0087
1,200,4192.5,MOVE,-1,0.705,0.67016,0.03484,0.5,0.51984,-0.01984,0.705,0.67578,0.02922,0.5,0.49516,0.00484
1,201,4213.7,MOVE,-1,0.71,0.67714,0.03286,0.5,0.51984,-0.01984,0.71,0.68274,0.02726,0.5,0.4913,0.0087
1,202,4235.9,MOVE,-1,0.715,0.68063,0.03437,0.5,0.51984,-0.01984,0.715,0.68623,0.02877,0.5,0.4913,0.0087
1,203,4256.0,MOVE,-1,0.72,0.68761,0.03239,0.5,0.51984,-0.01984,0.72,0.69145,0.02855,0.5,0.4971,0.0029
1,204,4278.0,MOVE,-1,0.725,0.69459,0.03041,0.5,0.51984,-0.01984,0.725,0.70016,0.02484,0.5,0.49903,0.00097
1,205,4296.7,MOVE,-1,0.73,0.70681,0.02319,0.5,0.51984,-0.01984,0.73,0.7019,0.0281,0.5,0.50097,-0.00097
1,206,4318.4,MOVE,-1,0.735,0.70681,0.02819,0.5,0.51984,-0.01984,0.735,0.70886,0.02614,0.5,0.49903,0.00097
1,207,4338.7,MOVE,-1,0.74,0.7103,0.0297,0.5,0.51984,-0.01984,0.74,0.71409,0.02591,0.5,0.50097,-0.00097
1,208,4359.7,MOVE,-1,0.745,0.71379,0.03121,0.5,0.52316,-0.02316,0.745,0.71757,0.02743,0.5,0.50097,-0.00097
1,209,4382.5,MOVE,-1,0.75,0.71902,0.03098,0.5,0.51984,-0.01984,0.75,0.72105,0.02895,0.5,0.50097,-0.00097
1,210,4404.5,PAUSE,4,0.75,0.726,0.024,0.5,0.51984,-0.01984,0.75,0.72628,0.02372,0.5,0.49903,0.00097
1,211,4423.8,PAUSE,4,0.75,0.72775,0.02225,0.5,0.51984,-0.01984,0.75,0.72976,0.02024,0.5,0.49903,0.00097
1,212,4444.8,PAUSE,4,0.75,0.73822,0.01178,0.5,0.51984,-0.01984,0.75,0.7315,0.0185,0.5,0.50097,-0.00097
1,213,4465.3,PAUSE,4,0.75,0.73647,0.01353,0.5,0.51984,-0.01984,0.75,0.73672,0.01328,0.5,0.50097,-0.00097
1,214,4487.5,PAUSE,4,0.75,0.73997,0.01003,0.5,0.52316,-0.02316,0.75,0.74369,0.00631,0.5,0.50097,-0.00097
1,215,4506.4,PAUSE,4,0.75,0.74346,0.00654,0.5,0.51984,-0.01984,0.75,0.74195,0.00805,0.5,0.49903,0.00097
1,216,4526.7,PAUSE,4,0.75,0.74695,0.00305,0.5,0.51984,-0.01984,0.75,0.74369,0.00631,0.5,0.50097,-0.00097
1,217,4546.4,PAUSE,4,0.75,0.75044,-0.00044,0.5,0.51984,-0.01984,0.75,0.74717,0.00283,0.5,0.50097,-0.00097
1,218,4568.8,PAUSE,4,0.75,0.75218,-0.00218,0.5,0.5215,-0.0215,0.75,0.74543,0.00457,0.5,0.50097,-0.00097
1,219,4590.7,PAUSE,4,0.75,0.75044,-0.00044,0.5,0.52316,-0.02316,0.75,0.74717,0.00283,0.5,0.50097,-0.00097
1,220,4611.4,PAUSE,4,0.75,0.75044,-0.00044,0.5,0.5215,-0.0215,0.75,0.74717,0.00283,0.5,0.50097,-0.00097
1,221,4631.4,PAUSE,4,0.75,0.75044,-0.00044,0.5,0.51984,-0.01984,0.75,0.74717,0.00283,0.5,0.49903,0.00097
1,222,4652.3,PAUSE,4,0.75,0.75044,-0.00044,0.5,0.51984,-0.01984,0.75,0.74717,0.00283,0.5,0.50097,-0.00097
1,223,4672.9,PAUSE,4,0.75,0.75218,-0.00218,0.5,0.51984,-0.01984,0.75,0.74891,0.00109,0.5,0.50097,-0.00097
1,224,4695.3,PAUSE,4,0.75,0.75044,-0.00044,0.5,0.5215,-0.0215,0.75,0.74891,0.00109,0.5,0.50097,-0.00097
1,225,4714.7,MOVE,-1,0.755,0.75218,0.00282,0.5,0.51984,-0.01984,0.755,0.74717,0.00783,0.5,0.50097,-0.00097
1,226,4735.6,MOVE,-1,0.76,0.75218,0.00782,0.5,0.51818,-0.01818,0.76,0.74717,0.01283,0.5,0.50097,-0.00097
1,227,4757.6,MOVE,-1,0.765,0.75218,0.01282,0.5,0.5215,-0.0215,0.765,0.74891,0.01609,0.5,0.50097,-0.00097
1,228,4777.4,MOVE,-1,0.77,0.75218,0.01782,0.5,0.51818,-0.01818,0.77,0.74891,0.02109,0.5,0.50097,-0.00097
1,229,4797.4,MOVE,-1,0.775,0.75044,0.02456,0.5,0.5215,-0.0215,0.775,0.74717,0.02783,0.5,0.50097,-0.00097
1,230,4818.1,MOVE,-1,0.78,0.75218,0.02782,0.5,0.51984,-0.01984,0.78,0.74717,0.03283,0.5,0.50097,-0.00097
1,231,4839.6,MOVE,-1,0.785,0.75044,0.03456,0.5,0.51984,-0.01984,0.785,0.74717,0.03783,0.5,0.50097,-0.00097
1,232,4862.1,MOVE,-1,0.79,0.75218,0.03782,0.5,0.51984,-0.01984,0.79,0.74543,0.04457,0.5,0.50097,-0.00097
1,233,4883.8,MOVE,-1,0.795,0.75393,0.04107,0.5,0.51984,-0.01984,0.795,0.74543,0.04957,0.5,0.50097,-0.00097
1,234,4904.6,MOVE,-1,0.8,0.75567,0.04433,0.5,0.51984,-0.01984,0.8,0.7611,0.0389,0.5,0.49903,0.00097
1,235,4923.0,MOVE,-1,0.805,0.75567,0.04933,0.5,0.51984,-0.01984,0.805,0.75936,0.04564,0.5,0.50097,-0.00097
1,236,4944.1,MOVE,-1,0.81,0.76789,0.04211,0.5,0.51984,-0.01984,0.81,0.75239,0.05761,0.5,0.50484,-0.00484
1,237,4965.7,MOVE,-1,0.815,0.76091,0.05409,0.5,0.5215,-0.0215,0.815,0.76284,0.05216,0.5,0.49903,0.00097
1,238,4987.5,MOVE,-1,0.82,0.76614,0.05386,0.5,0.51984,-0.01984,0.82,0.7611,0.0589,0.5,0.50097,-0.00097
1,239,5008.2,MOVE,-1,0.825,0.77661,0.04839,0.5,0.5215,-0.0215,0.825,0.76632,0.05868,0.5,0.50097,-0.00097
1,240,5028.7,MOVE,-1,0.83,0.77661,0.05339,0.5,0.51984,-0.01984,0.83,0.77329,0.05671,0.5,0.50097,-0.00097
1,241,5048.7,MOVE,-1,0.835,0.78534,0.04966,0.5,0.5215,-0.0215,0.835,0.77851,0.05649,0.5,0.50097,-0.00097
1,242,5069.1,MOVE,-1,0.84,0.78709,0.05291,0.5,0.51984,-0.01984,0.84,0.78548,0.05452,0.5,0.50097,-0.00097
1,243,5090.4,MOVE,-1,0.845,0.79232,0.05268,0.5,0.5215,-0.0215,0.845,0.79767,0.04733,0.5,0.49903,0.00097
1,244,5111.6,MOVE,-1,0.85,0.7993,0.0507,0.5,0.51984,-0.01984,0.85,0.80115,0.04885,0.5,0.50097,-0.00097
1,245,5130.8,MOVE,-1,0.855,0.80628,0.04872,0.5,0.51984,-0.01984,0.855,0.80811,0.04689,0.5,0.50097,-0.00097
1,246,5152.4,MOVE,-1,0.86,0.81326,0.04674,0.5,0.5215,-0.0215,0.86,0.81334,0.04666,0.5,0.50097,-0.00097
1,247,5173.2,MOVE,-1,0.865,0.8185,0.0465,0.5,0.5215,-0.0215,0.865,0.8203,0.0447,0.5,0.50484,-0.00484
1,248,5193.5,MOVE,-1,0.87,0.82024,0.04976,0.5,0.51984,-0.01984,0.87,0.82727,0.04273,0.5,0.50097,-0.00097
1,249,5213.0,MOVE,-1,0.875,0.83246,0.04254,0.5,0.51984,-0.01984,0.875,0.83249,0.04251,0.5,0.50097,-0.00097
1,250,5233.7,MOVE,-1,0.88,0.83944,0.04056,0.5,0.51984,-0.01984,0.88,0.83772,0.04228,0.5,0.50097,-0.00097
1,251,5254.7,MOVE,-1,0.885,0.84293,0.04207,0.5,0.5215,-0.0215,0.885,0.84468,0.04032,0.5,0.50097,-0.00097
1,252,5278.3,MOVE,-1,0.89,0.84642,0.04358,0.5,0.51984,-0.01984,0.89,0.85339,0.03661,0.5,0.50097,-0.00097
1,253,5298.8,MOVE,-1,0.895,0.85689,0.03811,0.5,0.51984,-0.01984,0.895,0.85513,0.03987,0.5,0.50097,-0.00097
1,254,5319.4,MOVE,-1,0.9,0.85515,0.04485,0.5,0.51984,-0.01984,0.9,0.86035,0.03965,0.5,0.50097,-0.00097
1,255,5341.1,PAUSE,5,0.9,0.86562,0.03438,0.5,0.5215,-0.0215,0.9,0.86558,0.03442,0.5,0.50097,-0.00097
1,256,5362.0,PAUSE,5,0.9,0.86911,0.03089,0.5,0.51984,-0.01984,0.9,0.86906,0.03094,0.5,0.50097,-0.00097
1,257,5382.8,PAUSE,5,0.9,0.87086,0.02914,0.5,0.51984,-0.01984,0.9,0.87428,0.02572,0.5,0.50097,-0.00097
1,258,5403.5,PAUSE,5,0.9,0.87435,0.02565,0.5,0.51984,-0.01984,0.9,0.87776,0.02224,0.5,0.50097,-0.00097
1,259,5423.6,PAUSE,5,0.9,0.87958,0.02042,0.5,0.5215,-0.0215,0.9,0.87951,0.02049,0.5,0.50097,-0.00097
1,260,5443.0,PAUSE,5,0.9,0.88133,0.01867,0.5,0.51984,-0.01984,0.9,0.88473,0.01527,0.5,0.5029,-0.0029
1,261,5463.9,PAUSE,5,0.9,0.88307,0.01693,0.5,0.5215,-0.0215,0.9,0.88821,0.01179,0.5,0.50484,-0.00484
1,262,5484.1,PAUSE,5,0.9,0.88656,0.01344,0.5,0.5215,-0.0215,0.9,0.88821,0.01179,0.5,0.50097,-0.00097
1,263,5508.1,PAUSE,5,0.9,0.88656,0.01344,0.5,0.51984,-0.01984,0.9,0.88821,0.01179,0.5,0.50097,-0.00097
1,264,5528.1,PAUSE,5,0.9,0.88656,0.01344,0.5,0.51984,-0.01984,0.9,0.88821,0.01179,0.5,0.50097,-0.00097
1,265,5549.1,PAUSE,5,0.9,0.88831,0.01169,0.5,0.5215,-0.0215,0.9,0.88995,0.01005,0.5,0.50097,-0.00097
1,266,5569.2,PAUSE,5,0.9,0.89354,0.00646,0.5,0.5215,-0.0215,0.9,0.88821,0.01179,0.5,0.50097,-0.00097
1,267,5587.8,PAUSE,5,0.9,0.88831,0.01169,0.5,0.5215,-0.0215,0.9,0.89518,0.00482,0.5,0.50097,-0.00097
1,268,5609.2,PAUSE,5,0.9,0.89005,0.00995,0.5,0.5215,-0.0215,0.9,0.89518,0.00482,0.5,0.5029,-0.0029
1,269,5629.9,PAUSE,5,0.9,0.89005,0.00995,0.5,0.5215,-0.0215,0.9,0.88995,0.01005,0.5,0.50097,-0.00097
1,270,5650.7,MOVE,-1,0.905,0.88831,0.01669,0.5,0.52316,-0.02316,0.905,0.88995,0.01505,0.5,0.5029,-0.0029
1,271,5671.8,MOVE,-1,0.91,0.88831,0.02169,0.5,0.51984,-0.01984,0.91,0.88995,0.02005,0.5,0.50097,-0.00097
1,272,5691.5,MOVE,-1,0.915,0.8918,0.0232,0.5,0.52482,-0.02482,0.915,0.88995,0.02505,0.5,0.50097,-0.00097
1,273,5712.5,MOVE,-1,0.92,0.88831,0.03169,0.5,0.5215,-0.0215,0.92,0.89169,0.02831,0.5,0.50097,-0.00097
1,274,5733.4,MOVE,-1,0.925,0.88656,0.03844,0.5,0.51984,-0.01984,0.925,0.88821,0.03679,0.5,0.50097,-0.00097
1,275,5753.8,MOVE,-1,0.93,0.89005,0.03995,0.5,0.5215,-0.0215,0.93,0.88995,0.04005,0.5,0.50097,-0.00097
1,276,5776.9,MOVE,-1,0.935,0.89005,0.04495,0.5,0.51984,-0.01984,0.935,0.89169,0.04331,0.5,0.49903,0.00097
1,277,5797.7,MOVE,-1,0.94,0.89354,0.04646,0.5,0.5215,-0.0215,0.94,0.89518,0.04482,0.5,0.50677,-0.00677
1,278,5819.8,MOVE,-1,0.945,0.89878,0.04622,0.5,0.51984,-0.01984,0.945,0.90388,0.04112,0.5,0.50097,-0.00097
1,279,5839.6,MOVE,-1,0.95,0.91274,0.03726,0.5,0.52316,-0.02316,0.95,0.90388,0.04612,0.5,0.50097,-0.00097
1,280,5862.0,MOVE,-1,0.955,0.9075,0.0475,0.5,0.5215,-0.0215,0.955,0.91085,0.04415,0.5,0.50097,-0.00097
1,281,5880.7,MOVE,-1,0.96,0.91274,0.04726,0.5,0.51984,-0.01984,0.96,0.91433,0.04567,0.5,0.50097,-0.00097
1,282,5902.4,MOVE,-1,0.965,0.91623,0.04877,0.5,0.5215,-0.0215,0.965,0.92304,0.04196,0.5,0.50097,-0.00097
1,283,5922.8,MOVE,-1,0.97,0.92496,0.04504,0.5,0.51984,-0.01984,0.97,0.92826,0.04174,0.5,0.49903,0.00097
1,284,5944.2,MOVE,-1,0.975,0.93194,0.04306,0.5,0.5215,-0.0215,0.975,0.93697,0.03803,0.5,0.50484,-0.00484
1,285,5963.5,MOVE,-1,0.98,0.94415,0.03585,0.5,0.51984,-0.01984,0.98,0.9509,0.0291,0.5,0.50097,-0.00097
1,286,5984.7,MOVE,-1,0.985,0.94066,0.04434,0.5,0.51984,-0.01984,0.985,0.9509,0.0341,0.5,0.50097,-0.00097
1,287,6006.5,MOVE,-1,0.99,0.95288,0.03712,0.5,0.5215,-0.0215,0.99,0.96134,0.02866,0.5,0.50097,-0.00097
1,288,6027.8,MOVE,-1,0.995,0.95113,0.04387,0.5,0.5215,-0.0215,0.995,0.96483,0.03017,0.5,0.50484,-0.00484
1,289,6046.6,MOVE,-1,1.0,0.96161,0.03839,0.5,0.5215,-0.0215,1.0,0.97527,0.02473,0.5,0.5029,-0.0029
2,0,28.1,MOVE,-1,0.005,0.13613,-0.13113,0.005,0.0,0.005,0.005,0.1534,-0.1484,0.005,0.0,0.005
2,1,46.8,MOVE,-1,0.01,0.12216,-0.11216,0.01,0.0,0.01,0.01,0.1447,-0.1347,0.01,0.0,0.01
2,2,67.2,MOVE,-1,0.015,0.10995,-0.09495,0.015,0.0,0.015,0.015,0.13425,-0.11925,0.015,0.00193,0.01307
2,3,87.6,MOVE,-1,0.02,0.09948,-0.07948,0.02,0.0,0.02,0.02,0.12206,-0.10206,0.02,0.0,0.02
2,4,108.1,MOVE,-1,0.025,0.09075,-0.06575,0.025,0.0,0.025,0.025,0.11161,-0.08661,0.025,0.0,0.025
2,5,130.0,MOVE,-1,0.03,0.07679,-0.04679,0.03,0.0,0.03,0.03,0.09594,-0.06594,0.03,0.0,0.03
2,6,149.7,MOVE,-1,0.035,0.06806,-0.03306,0.035,0.0,0.035,0.035,0.08898,-0.05398,0.035,0.0,0.035
2,7,170.0,MOVE,-1,0.04,0.05585,-0.01585,0.04,0.0,0.04,0.04,0.07505,-0.03505,0.04,0.0,0.04
2,8,191.9,MOVE,-1,0.045,0.04538,-0.00038,0.045,0.0,0.045,0.045,0.0646,-0.0196,0.045,0.0,0.045
2,9,211.4,MOVE,-1,0.05,0.03665,0.01335,0.05,0.0,0.05,0.05,0.05589,-0.00589,0.05,0.00387,0.04613
2,10,233.6,MOVE,-1,0.055,0.02792,0.02708,0.055,0.00183,0.05317,0.055,0.04719,0.00781,0.055,0.00774,0.04726
2,11,254.1,MOVE,-1,0.06,0.02443,0.03557,0.06,0.00847,0.05153,0.06,0.04022,0.01978,0.06,0.00967,0.05033
2,12,274.3,MOVE,-1,0.065,0.02094,0.04406,0.065,0.01677,0.04823,0.065,0.035,0.03,0.065,0.01547,0.04953
2,13,295.1,MOVE,-1,0.07,0.02094,0.04906,0.07,0.02673,0.04327,0.07,0.02978,0.04022,0.07,0.01547,0.05453
2,14,315.7,MOVE,-1,0.075,0.0192,0.0558,0.075,0.03337,0.04163,0.075,0.02629,0.04871,0.075,0.02128,0.05372
2,15,337.0,MOVE,-1,0.08,0.03141,0.04859,0.08,0.04001,0.03999,0.08,0.03326,0.04674,0.08,0.02515,0.05485
2,16,357.5,MOVE,-1,0.085,0.02967,0.05533,0.085,0.04831,0.03669,0.085,0.02978,0.05522,0.085,0.03095,0.05405
2,17,378.9,MOVE,-1,0.09,0.03141,0.05859,0.09,0.05828,0.03172,0.09,0.02455,0.06545,0.09,0.03868,0.05132
2,18,399.9,MOVE,-1,0.095,0.04188,0.05312,0.095,0.06326,0.03174,0.095,0.02978,0.06522,0.095,0.04449,0.05051
2,19,420.4,MOVE,-1,0.1,0.04538,0.05462,0.1,0.0699,0.0301,0.1,0.03674,0.06326,0.1,0.05416,0.04584
2,20,441.3,MOVE,-1,0.105,0.05236,0.05264,0.105,0.0782,0.0268,0.105,0.04196,0.06304,0.105,0.05609,0.04891
2,21,462.6,MOVE,-1,0.11,0.06108,0.04892,0.11,0.0865,0.0235,0.11,0.05241,0.05759,0.11,0.0619,0.0481
2,22,483.3,MOVE,-1,0.115,0.07155,0.04345,0.115,0.0948,0.0202,0.115,0.05589,0.05911,0.115,0.0677,0.0473
2,23,504.5,MOVE,-1,0.12,0.07504,0.04496,0.12,0.1031,0.0169,0.12,0.06286,0.05714,0.12,0.0735,0.0465
2,24,525.5,MOVE,-1,0.125,0.08377,0.04123,0.125,0.10809,0.01691,0.125,0.07157,0.05343,0.125,0.0793,0.0457
2,25,545.6,MOVE,-1,0.13,0.08901,0.04099,0.13,0.11473,0.01527,0.13,0.07853,0.05147,0.13,0.08511,0.04489
2,26,566.7,MOVE,-1,0.135,0.09599,0.03901,0.135,0.11971,0.01529,0.135,0.08724,0.04776,0.135,0.08897,0.04603
2,27,587.5,MOVE,-1,0.14,0.10297,0.03703,0.14,0.12303,0.01697,0.14,0.09594,0.04406,0.14,0.09478,0.04522
2,28,608.2,MOVE,-1,0.145,0.1082,0.0368,0.145,0.12469,0.02031,0.145,0.10465,0.04035,0.145,0.09865,0.04635
2,29,628.7,MOVE,-1,0.15,0.11518,0.03482,0.15,0.12635,0.02365,0.15,0.11336,0.03664,0.15,0.10251,0.04749
2,30,649.0,PAUSE,0,0.15,0.12565,0.02435,0.15,0.12801,0.02199,0.15,0.11858,0.03142,0.15,0.10832,0.04168
2,31,670.2,PAUSE,0,0.15,0.12391,0.02609,0.15,0.12967,0.02033,0.15,0.12554,0.02446,0.15,0.11025,0.03975
2,32,692.1,PAUSE,0,0.15,0.12914,0.02086,0.15,0.12967,0.02033,0.15,0.13077,0.01923,0.15,0.11605,0.03395
2,33,713.2,PAUSE,0,0.15,0.13264,0.01736,0.15,0.12967,0.02033,0.15,0.13599,0.01401,0.15,0.11992,0.03008
2,34,735.1,PAUSE,0,0.15,0.13613,0.01387,0.15,0.13133,0.01867,0.15,0.13947,0.01053,0.15,0.12379,0.02621
2,35,755.0,PAUSE,0,0.15,0.13962,0.01038,0.15,0.13299,0.01701,0.15,0.14296,0.00704,0.15,0.12766,0.02234
2,36,776.2,PAUSE,0,0.15,0.14136,0.00864,0.15,0.13299,0.01701,0.15,0.14644,0.00356,0.15,0.13153,0.01847
2,37,796.0,PAUSE,0,0.15,0.1466,0.0034,0.15,0.13299,0.01701,0.15,0.14992,8e-05,0.15,0.13346,0.01654
2,38,816.6,PAUSE,0,0.15,0.14485,0.00515,0.15,0.13631,0.01369,0.15,0.15166,-0.00166,0.15,0.13346,0.01654
2,39,836.8,PAUSE,0,0.15,0.1466,0.0034,0.15,0.13631,0.01369,0.15,0.1534,-0.0034,0.15,0.1354,0.0146
2,40,858.8,PAUSE,0,0.15,0.14834,0.00166,0.15,0.13797,0.01203,0.15,0.15515,-0.00515,0.15,0.13733,0.01267
2,41,878.9,PAUSE,0,0.15,0.14834,0.00166,0.15,0.13797,0.01203,0.15,0.15515,-0.00515,0.15,0.13733,0.01267
2,42,900.8,PAUSE,0,0.15,0.14834,0.00166,0.15,0.13797,0.01203,0.15,0.15515,-0.00515,0.15,0.1412,0.0088
2,43,922.3,PAUSE,0,0.15,0.14834,0.00166,0.15,0.13797,0.01203,0.15,0.15515,-0.00515,0.15,0.13926,0.01074
2,44,943.0,PAUSE,0,0.15,0.14834,0.00166,0.15,0.13797,0.01203,0.15,0.15515,-0.00515,0.15,0.13926,0.01074
2,45,964.5,MOVE,-1,0.155,0.1466,0.0084,0.155,0.14295,0.01205,0.155,0.15515,-0.00015,0.155,0.13926,0.01574
2,46,983.6,MOVE,-1,0.16,0.14834,0.01166,0.16,0.14129,0.01871,0.16,0.15515,0.00485,0.16,0.13926,0.02074
2,47,1004.5,MOVE,-1,0.165,0.14834,0.01666,0.165,0.13797,0.02703,0.165,0.15515,0.00985,0.165,0.13926,0.02574
2,48,1025.5,MOVE,-1,0.17,0.14834,0.02166,0.17,0.13797,0.03203,0.17,0.15515,0.01485,0.17,0.14507,0.02493
2,49,1047.1,MOVE,-1,0.175,0.14834,0.02666,0.175,0.13797,0.03703,0.175,0.15515,0.01985,0.175,0.13926,0.03574
2,50,1066.7,MOVE,-1,0.18,0.15532,0.02468,0.18,0.13797,0.04203,0.18,0.15515,0.02485,0.18,0.147,0.033
2,51,1087.0,MOVE,-1,0.185,0.15009,0.03491,0.185,0.14129,0.04371,0.185,0.15515,0.02985,0.185,0.147,0.038
2,52,1108.6,MOVE,-1,0.19,0.14834,0.04166,0.19,0.14461,0.04539,0.19,0.15515,0.03485,0.19,0.13926,0.05074
2,53,1129.7,MOVE,-1,0.195,0.15532,0.03968,0.195,0.14461,0.05039,0.195,0.15515,0.03985,0.195,0.14894,0.04606
2,54,1151.0,MOVE,-1,0.2,0.15532,0.04468,0.2,0.15623,0.04377,0.2,0.15515,0.04485,0.2,0.14313,0.05687
2,55,1171.6,MOVE,-1,0.205,0.15707,0.04793,0.205,0.15956,0.04544,0.205,0.15689,0.04811,0.205,0.14313,0.06187
2,56,1192.2,MOVE,-1,0.21,0.16056,0.04944,0.21,0.16454,0.04546,0.21,0.16037,0.04963,0.21,0.1528,0.0572
2,57,1213.0,MOVE,-1,0.215,0.16579,0.04921,0.215,0.16786,0.04714,0.215,0.16385,0.05115,0.215,0.15861,0.05639
2,58,1232.9,MOVE,-1,0.22,0.17103,0.04897,0.22,0.1745,0.0455,0.22,0.16733,0.05267,0.22,0.16441,0.05559
2,59,1253.2,MOVE,-1,0.225,0.17627,0.04873,0.225,0.17948,0.04552,0.225,0.1743,0.0507,0.225,0.17021,0.05479
2,60,1274.8,MOVE,-1,0.23,0.18499,0.04501,0.23,0.18778,0.04222,0.23,0.18823,0.04177,0.23,0.17795,0.05205
2,61,1295.9,MOVE,-1,0.235,0.19372,0.04128,0.235,0.19276,0.04224,0.235,0.18997,0.04503,0.235,0.18375,0.05125
2,62,1317.0,MOVE,-1,0.24,0.19721,0.04279,0.24,0.1994,0.0406,0.24,0.19694,0.04306,0.24,0.19342,0.04658
2,63,1338.4,MOVE,-1,0.245,0.2007,0.0443,0.245,0.21102,0.03398,0.245,0.20738,0.03762,0.245,0.19729,0.04771
2,64,1361.0,MOVE,-1,0.25,0.20593,0.04407,0.25,0.21435,0.03565,0.25,0.21435,0.03565,0.25,0.2089,0.0411
2,65,1379.8,MOVE,-1,0.255,0.21291,0.04209,0.255,0.22597,0.02903,0.255,0.22305,0.03195,0.255,0.2147,0.0403
2,66,1402.0,MOVE,-1,0.26,0.2199,0.0401,0.26,0.23095,0.02905,0.26,0.22828,0.03172,0.26,0.22824,0.03176
2,67,1423.5,MOVE,-1,0.265,0.22513,0.03987,0.265,0.24257,0.02243,0.265,0.23524,0.02976,0.265,0.23791,0.02709
2,68,1444.0,MOVE,-1,0.27,0.23735,0.03265,0.27,0.24921,0.02079,0.27,0.24221,0.02779,0.27,0.24952,0.02048
2,69,1463.7,MOVE,-1,0.275,0.24433,0.03067,0.275,0.25419,0.02081,0.275,0.24917,0.02583,0.275,0.25532,0.01968
2,70,1485.1,MOVE,-1,0.28,0.24084,0.03916,0.28,0.26083,0.01917,0.28,0.2544,0.0256,0.28,0.25919,0.02081
2,71,1505.6,MOVE,-1,0.285,0.24607,0.03893,0.285,0.26415,0.02085,0.285,0.25962,0.02538,0.285,0.26306,0.02194
2,72,1526.1,MOVE,-1,0.29,0.24956,0.04044,0.29,0.26747,0.02253,0.29,0.26484,0.02516,0.29,0.26499,0.02501
2,73,1547.3,MOVE,-1,0.295,0.25305,0.04195,0.295,0.2708,0.0242,0.295,0.27007,0.02493,0.295,0.26886,0.02614
2,74,1566.5,MOVE,-1,0.3,0.25654,0.04346,0.3,0.27246,0.02754,0.3,0.27181,0.02819,0.3,0.27079,0.02921
2,75,1586.6,PAUSE,1,0.3,0.25654,0.04346,0.3,0.28408,0.01592,0.3,0.27529,0.02471,0.3,0.2824,0.0176
2,76,1607.9,PAUSE,1,0.3,0.26003,0.03997,0.3,0.28076,0.01924,0.3,0.27529,0.02471,0.3,0.27466,0.02534
2,77,1629.0,PAUSE,1,0.3,0.26527,0.03473,0.3,0.28076,0.01924,0.3,0.27877,0.02123,0.3,0.2766,0.0234
2,78,1650.2,PAUSE,1,0.3,0.27051,0.02949,0.3,0.29072,0.00928,0.3,0.27877,0.02123,0.3,0.28433,0.01567
2,79,1672.0,PAUSE,1,0.3,0.27749,0.02251,0.3,0.2874,0.0126,0.3,0.28052,0.01948,0.3,0.28046,0.01954
2,80,1692.7,PAUSE,1,0.3,0.28272,0.01728,0.3,0.29072,0.00928,0.3,0.28052,0.01948,0.3,0.2824,0.0176
2,81,1713.0,PAUSE,1,0.3,0.2897,0.0103,0.3,0.29404,0.00596,0.3,0.284,0.016,0.3,0.28627,0.01373
2,82,1735.9,PAUSE,1,0.3,0.29494,0.00506,0.3,0.29736,0.00264,0.3,0.28922,0.01078,0.3,0.2882,0.0118
2,83,1754.7,PAUSE,1,0.3,0.29843,0.00157,0.3,0.304,-0.004,0.3,0.28574,0.01426,0.3,0.29594,0.00406
2,84,1775.9,PAUSE,1,0.3,0.30192,-0.00192,0.3,0.30068,-0.00068,0.3,0.29096,0.00904,0.3,0.29207,0.00793
2,85,1797.4,PAUSE,1,0.3,0.30541,-0.00541,0.3,0.30234,-0.00234,0.3,0.28922,0.01078,0.3,0.29014,0.00986
2,86,1819.1,PAUSE,1,0.3,0.30541,-0.00541,0.3,0.304,-0.004,0.3,0.29096,0.00904,0.3,0.2766,0.0234
2,87,1839.7,PAUSE,1,0.3,0.3089,-0.0089,0.3,0.304,-0.004,0.3,0.2927,0.0073,0.3,0.29014,0.00986
2,88,1861.6,PAUSE,1,0.3,0.31239,-0.01239,0.3,0.304,-0.004,0.3,0.2927,0.0073,0.3,0.29014,0.00986
2,89,1883.3,PAUSE,1,0.3,0.3089,-0.0089,0.3,0.304,-0.004,0.3,0.29445,0.00555,0.3,0.29014,0.00986
2,90,1903.3,MOVE,-1,0.305,0.3089,-0.0039,0.305,0.304,0.001,0.305,0.29445,0.01055,0.305,0.29207,0.01293
2,91,1921.4,MOVE,-1,0.31,0.31065,-0.00065,0.31,0.304,0.006,0.31,0.29445,0.01555,0.31,0.29207,0.01793
2,92,1942.5,MOVE,-1,0.315,0.3089,0.0061,0.315,0.304,0.011,0.315,0.2927,0.0223,0.315,0.29014,0.02486
2,93,1964.4,MOVE,-1,0.32,0.3089,0.0111,0.32,0.30566,0.01434,0.32,0.29445,0.02555,0.32,0.29207,0.02793
2,94,1985.0,MOVE,-1,0.325,0.3089,0.0161,0.325,0.304,0.021,0.325,0.29967,0.02533,0.325,0.29981,0.02519
2,95,2005.2,MOVE,-1,0.33,0.31065,0.01935,0.33,0.304,0.026,0.33,0.29967,0.03033,0.33,0.27853,0.05147
2,96,2025.7,MOVE,-1,0.335,0.3089,0.0261,0.335,0.304,0.031,0.335,0.30141,0.03359,0.335,0.30174,0.03326
2,97,2045.9,MOVE,-1,0.34,0.3089,0.0311,0.34,0.304,0.036,0.34,0.29967,0.04033,0.34,0.29981,0.04019
2,98,2067.7,MOVE,-1,0.345,0.3089,0.0361,0.345,0.31562,0.02938,0.345,0.29793,0.04707,0.345,0.29981,0.04519
2,99,2087.4,MOVE,-1,0.35,0.3089,0.0411,0.35,0.31396,0.03604,0.35,0.30141,0.04859,0.35,0.30368,0.04632
2,100,2109.5,MOVE,-1,0.355,0.31239,0.04261,0.355,0.31064,0.04436,0.355,0.30489,0.05011,0.355,0.30754,0.04746
2,101,2129.8,MOVE,-1,0.36,0.31239,0.04761,0.36,0.3123,0.0477,0.36,0.31186,0.04814,0.36,0.31915,0.04085
2,102,2150.0,MOVE,-1,0.365,0.31588,0.04912,0.365,0.31728,0.04772,0.365,0.32231,0.04269,0.365,0.32495,0.04005
2,103,2171.6,MOVE,-1,0.37,0.32984,0.04016,0.37,0.32226,0.04774,0.37,0.32927,0.04073,0.37,0.32689,0.04311
2,104,2191.2,MOVE,-1,0.375,0.32635,0.04865,0.375,0.33223,0.04277,0.375,0.33101,0.04399,0.375,0.33462,0.04038
2,105,2211.5,MOVE,-1,0.38,0.33508,0.04492,0.38,0.34219,0.03781,0.38,0.33972,0.04028,0.38,0.34623,0.03377
2,106,2234.3,MOVE,-1,0.385,0.34206,0.04294,0.385,0.34551,0.03949,0.385,0.34668,0.03832,0.385,0.3559,0.0291
2,107,2254.3,MOVE,-1,0.39,0.34729,0.04271,0.39,0.35381,0.03619,0.39,0.35539,0.03461,0.39,0.3559,0.0341
2,108,2275.6,MOVE,-1,0.395,0.35428,0.04072,0.395,0.35879,0.03621,0.395,0.36235,0.03265,0.395,0.36364,0.03136
2,109,2297.4,MOVE,-1,0.4,0.363,0.037,0.4,0.36709,0.03291,0.4,0.37106,0.02894,0.4,0.37331,0.02669
2,110,2318.3,MOVE,-1,0.405,0.37347,0.03153,0.405,0.37373,0.03127,0.405,0.38151,0.02349,0.405,0.37718,0.02782
2,111,2339.8,MOVE,-1,0.41,0.3822,0.0278,0.41,0.37871,0.03129,0.41,0.38499,0.02501,0.41,0.38104,0.02896
2,112,2361.5,MOVE,-1,0.415,0.38569,0.02931,0.415,0.3837,0.0313,0.415,0.39021,0.02479,0.415,0.38104,0.03396
2,113,2383.4,MOVE,-1,0.42,0.39267,0.02733,0.42,0.39532,0.02468,0.42,0.39892,0.02108,0.42,0.39265,0.02735
2,114,2401.7,MOVE,-1,0.425,0.39616,0.02884,0.425,0.39532,0.02968,0.425,0.40066,0.02434,0.425,0.39458,0.03042
2,115,2423.0,MOVE,-1,0.43,0.40314,0.02686,0.43,0.40694,0.02306,0.43,0.40763,0.02237,0.43,0.39458,0.03542
2,116,2442.4,MOVE,-1,0.435,0.40838,0.02662,0.435,0.40528,0.02972,0.435,0.41111,0.02389,0.435,0.39845,0.03655
2,117,2463.7,MOVE,-1,0.44,0.41187,0.02813,0.44,0.41524,0.02476,0.44,0.41982,0.02018,0.44,0.40619,0.03381
2,118,2484.7,MOVE,-1,0.445,0.41885,0.02615,0.445,0.41856,0.02644,0.445,0.41633,0.02867,0.445,0.41006,0.03494
2,119,2504.2,MOVE,-1,0.45,0.42059,0.02941,0.45,0.41856,0.03144,0.45,0.41807,0.03193,0.45,0.41586,0.03414
2,120,2524.8,PAUSE,2,0.45,0.42757,0.02243,0.45,0.4252,0.0248,0.45,0.41982,0.03018,0.45,0.42166,0.02834
2,121,2545.3,PAUSE,2,0.45,0.42583,0.02417,0.45,0.43184,0.01816,0.45,0.41982,0.03018,0.45,0.42553,0.02447
2,122,2566.4,PAUSE,2,0.45,0.43455,0.01545,0.45,0.43517,0.01483,0.45,0.42156,0.02844,0.45,0.43133,0.01867
2,123,2587.6,PAUSE,2,0.45,0.43106,0.01894,0.45,0.44513,0.00487,0.45,0.4233,0.0267,0.45,0.43714,0.01286
2,124,2608.6,PAUSE,2,0.45,0.4363,0.0137,0.45,0.44347,0.00653,0.45,0.42504,0.02496,0.45,0.44681,0.00319
2,125,2630.2,PAUSE,2,0.45,0.4363,0.0137,0.45,0.44845,0.00155,0.45,0.42678,0.02322,0.45,0.44874,0.00126
2,126,2652.5,PAUSE,2,0.45,0.43805,0.01195,0.45,0.45509,-0.00509,0.45,0.432,0.018,0.45,0.45648,-0.00648
2,127,2674.0,PAUSE,2,0.45,0.44154,0.00846,0.45,0.45675,-0.00675,0.45,0.432,0.018,0.45,0.45648,-0.00648
2,128,2692.8,PAUSE,2,0.45,0.44154,0.00846,0.45,0.45841,-0.00841,0.45,0.43549,0.01451,0.45,0.45648,-0.00648
2,129,2715.5,PAUSE,2,0.45,0.44328,0.00672,0.45,0.46173,-0.01173,0.45,0.43723,0.01277,0.45,0.45841,-0.00841
2,130,2737.5,PAUSE,2,0.45,0.44503,0.00497,0.45,0.46339,-0.01339,0.45,0.43897,0.01103,0.45,0.45841,-0.00841
2,131,2755.1,PAUSE,2,0.45,0.44677,0.00323,0.45,0.46339,-0.01339,0.45,0.44071,0.00929,0.45,0.45841,-0.00841
2,132,2775.4,PAUSE,2,0.45,0.44503,0.00497,0.45,0.46339,-0.01339,0.45,0.44071,0.00929,0.45,0.45841,-0.00841
2,133,2796.6,PAUSE,2,0.45,0.44328,0.00672,0.45,0.46339,-0.01339,0.45,0.44245,0.00755,0.45,0.45841,-0.00841
2,134,2818.8,PAUSE,2,0.45,0.44677,0.00323,0.45,0.46339,-0.01339,0.45,0.44071,0.00929,0.45,0.45841,-0.00841
2,135,2838.9,MOVE,-1,0.455,0.44503,0.00997,0.455,0.46339,-0.00839,0.455,0.44071,0.01429,0.455,0.45841,-0.00341
2,136,2859.6,MOVE,-1,0.46,0.44503,0.01497,0.46,0.46339,-0.00339,0.46,0.44245,0.01755,0.46,0.45841,0.00159
2,137,2881.4,MOVE,-1,0.465,0.44677,0.01823,0.465,0.46339,0.00161,0.465,0.44245,0.02255,0.465,0.45841,0.00659
2,138,2901.5,MOVE,-1,0.47,0.44677,0.02323,0.47,0.46339,0.00661,0.47,0.44245,0.02755,0.47,0.45841,0.01159
2,139,2921.9,MOVE,-1,0.475,0.44677,0.02823,0.475,0.46339,0.01161,0.475,0.44245,0.03255,0.475,0.45841,0.01659
2,140,2942.5,MOVE,-1,0.48,0.44503,0.03497,0.48,0.46339,0.01661,0.48,0.44245,0.03755,0.48,0.46035,0.01965
2,141,2963.3,MOVE,-1,0.485,0.44503,0.03997,0.485,0.46339,0.02161,0.485,0.44942,0.03558,0.485,0.45841,0.02659
2,142,2983.0,MOVE,-1,0.49,0.45375,0.03625,0.49,0.46339,0.02661,0.49,0.44593,0.04407,0.49,0.46035,0.02965
2,143,3004.0,MOVE,-1,0.495,0.45724,0.03776,0.495,0.47335,0.02165,0.495,0.44942,0.04558,0.495,0.46422,0.03078
2,144,3025.1,MOVE,-1,0.5,0.45201,0.04799,0.5,0.46671,0.03329,0.5,0.4529,0.0471,0.5,0.46035,0.03965
2,145,3047.0,MOVE,-1,0.505,0.45724,0.04776,0.5,0.47003,0.02997,0.505,0.45812,0.04688,0.5,0.46228,0.03772
2,146,3068.5,MOVE,-1,0.51,0.46248,0.04752,0.5,0.47335,0.02665,0.51,0.46335,0.04665,0.5,0.46422,0.03578
2,147,3087.7,MOVE,-1,0.515,0.46771,0.04729,0.5,0.48497,0.01503,0.515,0.47205,0.04295,0.5,0.46809,0.03191
2,148,3108.0,MOVE,-1,0.52,0.47295,0.04705,0.5,0.4966,0.0034,0.52,0.47902,0.04098,0.5,0.47195,0.02805
2,149,3128.8,MOVE,-1,0.525,0.48342,0.04158,0.5,0.49992,8e-05,0.525,0.48598,0.03902,0.5,0.47969,0.02031
2,150,3149.1,MOVE,-1,0.53,0.4904,0.0396,0.5,0.50324,-0.00324,0.53,0.49295,0.03705,0.5,0.47969,0.02031
2,151,3171.4,MOVE,-1,0.535,0.49215,0.04285,0.5,0.50822,-0.00822,0.535,0.50862,0.02638,0.5,0.48356,0.01644
2,152,3192.0,MOVE,-1,0.54,0.51134,0.02866,0.5,0.5132,-0.0132,0.54,0.51384,0.02616,0.5,0.4913,0.0087
2,153,3213.1,MOVE,-1,0.545,0.51483,0.03017,0.5,0.51652,-0.01652,0.545,0.52429,0.02071,0.5,0.50097,-0.00097
2,154,3233.7,MOVE,-1,0.55,0.53229,0.01771,0.5,0.51818,-0.01818,0.55,0.53126,0.01874,0.5,0.49903,0.00097
2,155,3255.3,MOVE,-1,0.555,0.53927,0.01573,0.5,0.51818,-0.01818,0.555,0.533,0.022,0.5,0.5029,-0.0029
2,156,3275.8,MOVE,-1,0.56,0.54101,0.01899,0.5,0.51818,-0.01818,0.56,0.53996,0.02004,0.5,0.50484,-0.00484
2,157,3298.1,MOVE,-1,0.565,0.5445,0.0205,0.5,0.51818,-0.01818,0.565,0.54344,0.02156,0.5,0.50677,-0.00677
2,158,3318.5,MOVE,-1,0.57,0.54799,0.02201,0.5,0.51818,-0.01818,0.57,0.54693,0.02307,0.5,0.5087,-0.0087
2,159,3339.6,MOVE,-1,0.575,0.54799,0.02701,0.5,0.51818,-0.01818,0.575,0.54693,0.02807,0.5,0.50677,-0.00677
2,160,3361.9,MOVE,-1,0.58,0.54799,0.03201,0.5,0.51984,-0.01984,0.58,0.54867,0.03133,0.5,0.5087,-0.0087
2,161,3382.9,MOVE,-1,0.585,0.54974,0.03526,0.5,0.51818,-0.01818,0.585,0.55563,0.02937,0.5,0.5087,-0.0087
2,162,3401.5,MOVE,-1,0.59,0.54974,0.04026,0.5,0.5215,-0.0215,0.59,0.55563,0.03437,0.5,0.50677,-0.00677
2,163,3420.8,MOVE,-1,0.595,0.55323,0.04177,0.5,0.51818,-0.01818,0.595,0.55215,0.04285,0.5,0.5087,-0.0087
2,164,3442.1,MOVE,-1,0.6,0.55497,0.04503,0.5,0.51984,-0.01984,0.6,0.55389,0.04611,0.5,0.50484,-0.00484
2,165,3462.6,PAUSE,3,0.6,0.55672,0.04328,0.5,0.51818,-0.01818,0.6,0.56434,0.03566,0.5,0.50677,-0.00677
2,166,3483.9,PAUSE,3,0.6,0.55323,0.04677,0.5,0.51984,-0.01984,0.6,0.56434,0.03566,0.5,0.50677,-0.00677
2,167,3503.7,PAUSE,3,0.6,0.5637,0.0363,0.5,0.51818,-0.01818,0.6,0.56608,0.03392,0.5,0.5087,-0.0087
2,168,3524.8,PAUSE,3,0.6,0.56894,0.03106,0.5,0.51818,-0.01818,0.6,0.56608,0.03392,0.5,0.5087,-0.0087
2,169,3545.4,PAUSE,3,0.6,0.57243,0.02757,0.5,0.51984,-0.01984,0.6,0.56956,0.03044,0.5,0.5087,-0.0087
2,170,3567.1,PAUSE,3,0.6,0.57592,0.02408,0.5,0.51818,-0.01818,0.6,0.57653,0.02347,0.5,0.50677,-0.00677
2,171,3587.7,PAUSE,3,0.6,0.58115,0.01885,0.5,0.51818,-0.01818,0.6,0.57653,0.02347,0.5,0.50677,-0.00677
2,172,3608.6,PAUSE,3,0.6,0.58464,0.01536,0.5,0.51818,-0.01818,0.6,0.58698,0.01302,0.5,0.50677,-0.00677
2,173,3631.5,PAUSE,3,0.6,0.58988,0.01012,0.5,0.51984,-0.01984,0.6,0.58523,0.01477,0.5,0.50677,-0.00677
2,174,3651.8,PAUSE,3,0.6,0.59162,0.00838,0.5,0.51984,-0.01984,0.6,0.5922,0.0078,0.5,0.5087,-0.0087
2,175,3674.8,PAUSE,3,0.6,0.59511,0.00489,0.5,0.51984,-0.01984,0.6,0.59394,0.00606,0.5,0.50677,-0.00677
2,176,3692.5,PAUSE,3,0.6,0.59686,0.00314,0.5,0.51984,-0.01984,0.6,0.5922,0.0078,0.5,0.5087,-0.0087
2,177,3713.0,PAUSE,3,0.6,0.59686,0.00314,0.5,0.51984,-0.01984,0.6,0.5922,0.0078,0.5,0.5087,-0.0087
2,178,3734.7,PAUSE,3,0.6,0.59686,0.00314,0.5,0.51984,-0.01984,0.6,0.59394,0.00606,0.5,0.50677,-0.00677
2,179,3758.4,PAUSE,3,0.6,0.5986,0.0014,0.5,0.51818,-0.01818,0.6,0.59394,0.00606,0.5,0.5087,-0.0087
2,180,3779.2,MOVE,-1,0.605,0.59686,0.00814,0.5,0.51984,-0.01984,0.605,0.59394,0.01106,0.5,0.5087,-0.0087
2,181,3800.3,MOVE,-1,0.61,0.5986,0.0114,0.5,0.51818,-0.01818,0.61,0.59394,0.01606,0.5,0.50677,-0.00677
2,182,3820.2,MOVE,-1,0.615,0.59686,0.01814,0.5,0.51818,-0.01818,0.615,0.5922,0.0228,0.5,0.50677,-0.00677
2,183,3838.8,MOVE,-1,0.62,0.59511,0.02489,0.5,0.51818,-0.01818,0.62,0.59394,0.02606,0.5,0.50677,-0.00677
2,184,3859.7,MOVE,-1,0.625,0.59686,0.02814,0.5,0.51984,-0.01984,0.625,0.59394,0.03106,0.5,0.50677,-0.00677
2,185,3881.1,MOVE,-1,0.63,0.59686,0.03314,0.5,0.51984,-0.01984,0.63,0.59394,0.03606,0.5,0.5087,-0.0087
2,186,3901.0,MOVE,-1,0.635,0.59686,0.03814,0.5,0.51984,-0.01984,0.635,0.59394,0.04106,0.5,0.50677,-0.00677
2,187,3921.4,MOVE,-1,0.64,0.5986,0.0414,0.5,0.51984,-0.01984,0.64,0.59742,0.04258,0.5,0.50677,-0.00677
2,188,3941.9,MOVE,-1,0.645,0.5986,0.0464,0.5,0.51984,-0.01984,0.645,0.59742,0.04758,0.5,0.50677,-0.00677
2,189,3962.4,MOVE,-1,0.65,0.61257,0.03743,0.5,0.51984,-0.01984,0.65,0.59916,0.05084,0.5,0.50677,-0.00677
2,190,3983.2,MOVE,-1,0.655,0.61082,0.04418,0.5,0.52316,-0.02316,0.655,0.60439,0.05061,0.5,0.50677,-0.00677
2,191,4004.5,MOVE,-1,0.66,0.60908,0.05092,0.5,0.51984,-0.01984,0.66,0.61309,0.04691,0.5,0.51064,-0.01064
2,192,4024.4,MOVE,-1,0.665,0.61431,0.05069,0.5,0.51984,-0.01984,0.665,0.61832,0.04668,0.5,0.50677,-0.00677
2,193,4046.7,MOVE,-1,0.67,0.62129,0.04871,0.5,0.51818,-0.01818,0.67,0.62528,0.04472,0.5,0.50677,-0.00677
2,194,4068.0,MOVE,-1,0.675,0.62827,0.04673,0.5,0.51984,-0.01984,0.675,0.63399,0.04101,0.5,0.50677,-0.00677
2,195,4087.5,MOVE,-1,0.68,0.63351,0.04649,0.5,0.51984,-0.01984,0.68,0.64095,0.03905,0.5,0.5087,-0.0087
2,196,4108.5,MOVE,-1,0.685,0.64049,0.04451,0.5,0.51818,-0.01818,0.685,0.6514,0.0336,0.5,0.5087,-0.0087
2,197,4128.6,MOVE,-1,0.69,0.64747,0.04253,0.5,0.51818,-0.01818,0.69,0.65488,0.03512,0.5,0.5087,-0.0087
2,198,4149.7,MOVE,-1,0.695,0.66143,0.03357,0.5,0.51818,-0.01818,0.695,0.66185,0.03315,0.5,0.51257,-0.01257
2,199,4171.8,MOVE,-1,0.7,0.66318,0.03682,0.5,0.51984,-0.01984,0.7,0.67056,0.02944,0.5,0.50677,-0.00677
2,200,4192.3,MOVE,-1,0.705,0.66841,0.03659,0.5,0.51984,-0.01984,0.705,0.67404,0.03096,0.5,0.50677,-0.00677
2,201,4213.1,MOVE,-1,0.71,0.67714,0.03286,0.5,0.5215,-0.0215,0.71,0.681,0.029,0.5,0.5087,-0.0087
2,202,4234.3,MOVE,-1,0.715,0.68237,0.03263,0.5,0.51984,-0.01984,0.715,0.68623,0.02877,0.5,0.5087,-0.0087
2,203,4256.3,MOVE,-1,0.72,0.68761,0.03239,0.5,0.51984,-0.01984,0.72,0.68971,0.03029,0.5,0.50677,-0.00677
2,204,4279.0,MOVE,-1,0.725,0.69808,0.02692,0.5,0.51984,-0.01984,0.725,0.69842,0.02658,0.5,0.5087,-0.0087
2,205,4299.8,MOVE,-1,0.73,0.70157,0.02843,0.5,0.51984,-0.01984,0.73,0.7019,0.0281,0.5,0.5087,-0.0087
2,206,4318.6,MOVE,-1,0.735,0.70855,0.02645,0.5,0.51984,-0.01984,0.735,0.70712,0.02788,0.5,0.5087,-0.0087
2,207,4339.4,MOVE,-1,0.74,0.71902,0.02098,0.5,0.51984,-0.01984,0.74,0.69319,0.04681,0.5,0.5087,-0.0087
2,208,4359.7,MOVE,-1,0.745,0.72251,0.02249,0.5,0.51984,-0.01984,0.745,0.71409,0.03091,0.5,0.50677,-0.00677
2,209,4380.3,MOVE,-1,0.75,0.75393,-0.00393,0.5,0.51984,-0.01984,0.75,0.71583,0.03417,0.5,0.5087,-0.0087
2,210,4400.9,PAUSE,4,0.75,0.72775,0.02225,0.5,0.51818,-0.01818,0.75,0.72628,0.02372,0.5,0.5087,-0.0087
2,211,4421.1,PAUSE,4,0.75,0.73473,0.01527,0.5,0.5215,-0.0215,0.75,0.7315,0.0185,0.5,0.5087,-0.0087
2,212,4442.6,PAUSE,4,0.75,0.73298,0.01702,0.5,0.51984,-0.01984,0.75,0.72976,0.02024,0.5,0.5087,-0.0087
2,213,4462.9,PAUSE,4,0.75,0.73822,0.01178,0.5,0.51984,-0.01984,0.75,0.73324,0.01676,0.5,0.5087,-0.0087
2,214,4484.5,PAUSE,4,0.75,0.74346,0.00654,0.5,0.51818,-0.01818,0.75,0.7315,0.0185,0.5,0.5087,-0.0087
2,215,4506.5,PAUSE,4,0.75,0.74346,0.00654,0.5,0.51818,-0.01818,0.75,0.74195,0.00805,0.5,0.50677,-0.00677
2,216,4528.1,PAUSE,4,0.75,0.74695,0.00305,0.5,0.5215,-0.0215,0.75,0.74369,0.00631,0.5,0.51257,-0.01257
2,217,4550.1,PAUSE,4,0.75,0.75218,-0.00218,0.5,0.51818,-0.01818,0.75,0.74717,0.00283,0.5,0.5087,-0.0087
2,218,4569.4,PAUSE,4,0.75,0.75218,-0.00218,0.5,0.51984,-0.01984,0.75,0.74717,0.00283,0.5,0.5087,-0.0087
2,219,4589.7,PAUSE,4,0.75,0.75218,-0.00218,0.5,0.51984,-0.01984,0.75,0.74891,0.00109,0.5,0.50677,-0.00677
2,220,4610.8,PAUSE,4,0.75,0.75218,-0.00218,0.5,0.51984,-0.01984,0.75,0.74717,0.00283,0.5,0.50677,-0.00677
2,221,4632.0,PAUSE,4,0.75,0.75218,-0.00218,0.5,0.51984,-0.01984,0.75,0.74891,0.00109,0.5,0.5087,-0.0087
2,222,4651.2,PAUSE,4,0.75,0.75218,-0.00218,0.5,0.51984,-0.01984,0.75,0.74891,0.00109,0.5,0.5087,-0.0087
2,223,4672.0,PAUSE,4,0.75,0.75218,-0.00218,0.5,0.51818,-0.01818,0.75,0.74717,0.00283,0.5,0.5087,-0.0087
2,224,4693.7,PAUSE,4,0.75,0.75044,-0.00044,0.5,0.51984,-0.01984,0.75,0.74891,0.00109,0.5,0.5087,-0.0087
2,225,4715.3,MOVE,-1,0.755,0.75218,0.00282,0.5,0.51984,-0.01984,0.755,0.74717,0.00783,0.5,0.5087,-0.0087
2,226,4734.7,MOVE,-1,0.76,0.75044,0.00956,0.5,0.51818,-0.01818,0.76,0.74891,0.01109,0.5,0.5087,-0.0087
2,227,4758.1,MOVE,-1,0.765,0.75218,0.01282,0.5,0.51984,-0.01984,0.765,0.74891,0.01609,0.5,0.5087,-0.0087
2,228,4780.1,MOVE,-1,0.77,0.75044,0.01956,0.5,0.51984,-0.01984,0.77,0.74717,0.02283,0.5,0.5087,-0.0087
2,229,4798.2,MOVE,-1,0.775,0.75218,0.02282,0.5,0.51984,-0.01984,0.775,0.74717,0.02783,0.5,0.5087,-0.0087
2,230,4818.7,MOVE,-1,0.78,0.75393,0.02607,0.5,0.51818,-0.01818,0.78,0.74891,0.03109,0.5,0.5087,-0.0087
2,231,4839.7,MOVE,-1,0.785,0.75218,0.03282,0.5,0.51818,-0.01818,0.785,0.75414,0.03086,0.5,0.50677,-0.00677
2,232,4861.6,MOVE,-1,0.79,0.76091,0.02909,0.5,0.51984,-0.01984,0.79,0.74891,0.04109,0.5,0.50677,-0.00677
2,233,4882.7,MOVE,-1,0.795,0.75916,0.03584,0.5,0.51984,-0.01984,0.795,0.74891,0.04609,0.5,0.5087,-0.0087
2,234,4903.9,MOVE,-1,0.8,0.75567,0.04433,0.5,0.51984,-0.01984,0.8,0.74369,0.05631,0.5,0.50677,-0.00677
2,235,4923.7,MOVE,-1,0.805,0.75742,0.04758,0.5,0.51984,-0.01984,0.805,0.75065,0.05435,0.5,0.50677,-0.00677
2,236,4943.9,MOVE,-1,0.81,0.75916,0.05084,0.5,0.51984,-0.01984,0.81,0.75239,0.05761,0.5,0.50677,-0.00677
2,237,4964.2,MOVE,-1,0.815,0.76963,0.04537,0.5,0.51984,-0.01984,0.815,0.75588,0.05912,0.5,0.50677,-0.00677
2,238,4983.7,MOVE,-1,0.82,0.76614,0.05386,0.5,0.51818,-0.01818,0.82,0.76632,0.05368,0.5,0.50677,-0.00677
2,239,5004.6,MOVE,-1,0.825,0.77836,0.04664,0.5,0.51818,-0.01818,0.825,0.76632,0.05868,0.5,0.5087,-0.0087
2,240,5026.6,MOVE,-1,0.83,0.77661,0.05339,0.5,0.51984,-0.01984,0.83,0.77851,0.05149,0.5,0.50677,-0.00677
2,241,5048.5,MOVE,-1,0.835,0.78709,0.04791,0.5,0.51818,-0.01818,0.835,0.77851,0.05649,0.5,0.5087,-0.0087
2,242,5068.3,MOVE,-1,0.84,0.79407,0.04593,0.5,0.51984,-0.01984,0.84,0.782,0.058,0.5,0.5087,-0.0087
2,243,5088.4,MOVE,-1,0.845,0.79581,0.04919,0.5,0.52482,-0.02482,0.845,0.7907,0.0543,0.5,0.5087,-0.0087
2,244,5108.7,MOVE,-1,0.85,0.7993,0.0507,0.5,0.51818,-0.01818,0.85,0.79767,0.05233,0.5,0.5087,-0.0087
2,245,5129.5,MOVE,-1,0.855,0.80803,0.04697,0.5,0.51984,-0.01984,0.855,0.80463,0.05037,0.5,0.5087,-0.0087
2,246,5149.6,MOVE,-1,0.86,0.81152,0.04848,0.5,0.51984,-0.01984,0.86,0.8116,0.0484,0.5,0.51257,-0.01257
2,247,5172.0,MOVE,-1,0.865,0.81501,0.04999,0.5,0.51984,-0.01984,0.865,0.81856,0.04644,0.5,0.5087,-0.0087
2,248,5193.7,MOVE,-1,0.87,0.82548,0.04452,0.5,0.51984,-0.01984,0.87,0.82901,0.04099,0.5,0.5087,-0.0087
2,249,5217.0,MOVE,-1,0.875,0.83595,0.03905,0.5,0.5215,-0.0215,0.875,0.83075,0.04425,0.5,0.5087,-0.0087
2,250,5235.6,MOVE,-1,0.88,0.84817,0.03183,0.5,0.51984,-0.01984,0.88,0.83423,0.04577,0.5,0.5087,-0.0087
2,251,5256.7,MOVE,-1,0.885,0.84817,0.03683,0.5,0.51818,-0.01818,0.885,0.8412,0.0438,0.5,0.50677,-0.00677
2,252,5277.8,MOVE,-1,0.89,0.84468,0.04532,0.5,0.51984,-0.01984,0.89,0.84816,0.04184,0.5,0.50677,-0.00677
2,253,5297.6,MOVE,-1,0.895,0.84991,0.04509,0.5,0.51984,-0.01984,0.895,0.85339,0.04161,0.5,0.51257,-0.01257
2,254,5318.6,MOVE,-1,0.9,0.8534,0.0466,0.5,0.51984,-0.01984,0.9,0.85687,0.04313,0.5,0.5087,-0.0087
2,255,5338.4,PAUSE,5,0.9,0.86038,0.03962,0.5,0.51984,-0.01984,0.9,0.86383,0.03617,0.5,0.5087,-0.0087
2,256,5359.3,PAUSE,5,0.9,0.86387,0.03613,0.5,0.51818,-0.01818,0.9,0.86558,0.03442,0.5,0.50677,-0.00677
2,257,5382.4,PAUSE,5,0.9,0.86736,0.03264,0.5,0.51818,-0.01818,0.9,0.8708,0.0292,0.5,0.50677,-0.00677
2,258,5403.8,PAUSE,5,0.9,0.8726,0.0274,0.5,0.51984,-0.01984,0.9,0.87951,0.02049,0.5,0.5087,-0.0087
2,259,5424.1,PAUSE,5,0.9,0.87784,0.02216,0.5,0.51984,-0.01984,0.9,0.87776,0.02224,0.5,0.5087,-0.0087
2,260,5442.9,PAUSE,5,0.9,0.88133,0.01867,0.5,0.51984,-0.01984,0.9,0.88299,0.01701,0.5,0.50677,-0.00677
2,261,5463.2,PAUSE,5,0.9,0.88307,0.01693,0.5,0.51984,-0.01984,0.9,0.88473,0.01527,0.5,0.50677,-0.00677
2,262,5484.7,PAUSE,5,0.9,0.88656,0.01344,0.5,0.51984,-0.01984,0.9,0.88647,0.01353,0.5,0.5087,-0.0087
2,263,5504.7,PAUSE,5,0.9,0.88656,0.01344,0.5,0.51984,-0.01984,0.9,0.88995,0.01005,0.5,0.5087,-0.0087
2,264,5527.8,PAUSE,5,0.9,0.88831,0.01169,0.5,0.51818,-0.01818,0.9,0.88995,0.01005,0.5,0.5087,-0.0087
2,265,5549.0,PAUSE,5,0.9,0.89703,0.00297,0.5,0.51984,-0.01984,0.9,0.89169,0.00831,0.5,0.5087,-0.0087
2,266,5570.2,PAUSE,5,0.9,0.88656,0.01344,0.5,0.5215,-0.0215,0.9,0.89169,0.00831,0.5,0.5087,-0.0087
2,267,5588.4,PAUSE,5,0.9,0.89878,0.00122,0.5,0.51984,-0.01984,0.9,0.88995,0.01005,0.5,0.50677,-0.00677
2,268,5609.1,PAUSE,5,0.9,0.88831,0.01169,0.5,0.51984,-0.01984,0.9,0.88995,0.01005,0.5,0.5087,-0.0087
2,269,5629.8,PAUSE,5,0.9,0.89005,0.00995,0.5,0.5215,-0.0215,0.9,0.89518,0.00482,0.5,0.50677,-0.00677
2,270,5650.2,MOVE,-1,0.905,0.88831,0.01669,0.5,0.51984,-0.01984,0.905,0.88473,0.02027,0.5,0.5087,-0.0087
2,271,5671.3,MOVE,-1,0.91,0.89005,0.01995,0.5,0.51984,-0.01984,0.91,0.88821,0.02179,0.5,0.5087,-0.0087
2,272,5692.3,MOVE,-1,0.915,0.88831,0.02669,0.5,0.51984,-0.01984,0.915,0.88995,0.02505,0.5,0.5087,-0.0087
2,273,5714.2,MOVE,-1,0.92,0.89005,0.02995,0.5,0.51984,-0.01984,0.92,0.88473,0.03527,0.5,0.50677,-0.00677
2,274,5734.7,MOVE,-1,0.925,0.89005,0.03495,0.5,0.51984,-0.01984,0.925,0.89169,0.03331,0.5,0.5087,-0.0087
2,275,5757.9,MOVE,-1,0.93,0.88831,0.04169,0.5,0.51984,-0.01984,0.93,0.88821,0.04179,0.5,0.50677,-0.00677
2,276,5778.7,MOVE,-1,0.935,0.8918,0.0432,0.5,0.51984,-0.01984,0.935,0.88995,0.04505,0.5,0.5087,-0.0087
2,277,5798.7,MOVE,-1,0.94,0.89354,0.04646,0.5,0.51984,-0.01984,0.94,0.89169,0.04831,0.5,0.5087,-0.0087
2,278,5819.0,MOVE,-1,0.945,0.89703,0.04797,0.5,0.51984,-0.01984,0.945,0.90214,0.04286,0.5,0.5087,-0.0087
2,279,5838.3,MOVE,-1,0.95,0.90227,0.04773,0.5,0.51984,-0.01984,0.95,0.89692,0.05308,0.5,0.5087,-0.0087
2,280,5859.7,MOVE,-1,0.955,0.90401,0.05099,0.5,0.51984,-0.01984,0.955,0.90911,0.04589,0.5,0.5087,-0.0087
2,281,5879.9,MOVE,-1,0.96,0.90925,0.05075,0.5,0.51984,-0.01984,0.96,0.90737,0.05263,0.5,0.5087,-0.0087
2,282,5901.2,MOVE,-1,0.965,0.91798,0.04702,0.5,0.51984,-0.01984,0.965,0.91433,0.05067,0.5,0.5087,-0.0087
2,283,5923.6,MOVE,-1,0.97,0.92845,0.04155,0.5,0.51984,-0.01984,0.97,0.92478,0.04522,0.5,0.5029,-0.0029
2,284,5942.4,MOVE,-1,0.975,0.92845,0.04655,0.5,0.51984,-0.01984,0.975,0.92826,0.04674,0.5,0.5087,-0.0087
2,285,5963.6,MOVE,-1,0.98,0.93368,0.04632,0.5,0.51984,-0.01984,0.98,0.93697,0.04303,0.5,0.50484,-0.00484
2,286,5985.1,MOVE,-1,0.985,0.94241,0.04259,0.5,0.51818,-0.01818,0.985,0.94393,0.04107,0.5,0.50677,-0.00677
2,287,6006.5,MOVE,-1,0.99,0.94764,0.04236,0.5,0.51984,-0.01984,0.99,0.9509,0.0391,0.5,0.5087,-0.0087
2,288,6029.2,MOVE,-1,0.995,0.95637,0.03863,0.5,0.51984,-0.01984,0.995,0.96134,0.03366,0.5,0.5087,-0.0087
2,289,6048.2,MOVE,-1,1.0,0.96161,0.03839,0.5,0.51984,-0.01984,1.0,0.96657,0.03343,0.5,0.5087,-0.0087
3,0,28.7,MOVE,-1,0.005,0.14136,-0.13636,0.005,0.0,0.005,0.005,0.16385,-0.15885,0.005,0.0,0.005
3,1,46.4,MOVE,-1,0.01,0.13264,-0.12264,0.01,0.0,0.01,0.01,0.15166,-0.14166,0.01,0.0,0.01
3,2,69.0,MOVE,-1,0.015,0.11693,-0.10193,0.015,0.0,0.015,0.015,0.14122,-0.12622,0.015,0.0,0.015
3,3,91.6,MOVE,-1,0.02,0.10471,-0.08471,0.02,0.0,0.02,0.02,0.13077,-0.11077,0.02,0.0,0.02
3,4,111.3,MOVE,-1,0.025,0.0925,-0.0675,0.025,0.0,0.025,0.025,0.11858,-0.09358,0.025,0.0,0.025
3,5,131.9,MOVE,-1,0.03,0.08028,-0.05028,0.03,0.0,0.03,0.03,0.10639,-0.07639,0.03,0.0,0.03
3,6,151.1,MOVE,-1,0.035,0.07155,-0.03655,0.035,0.0,0.035,0.035,0.09594,-0.06094,0.035,0.0,0.035
3,7,172.1,MOVE,-1,0.04,0.05934,-0.01934,0.04,0.0,0.04,0.04,0.08201,-0.04201,0.04,0.0,0.04
3,8,194.1,MOVE,-1,0.045,0.05061,-0.00561,0.045,0.0,0.045,0.045,0.07331,-0.02831,0.045,0.0,0.045
3,9,216.4,MOVE,-1,0.05,0.04188,0.00812,0.05,0.0,0.05,0.05,0.06112,-0.01112,0.05,0.0,0.05
3,10,236.3,MOVE,-1,0.055,0.03316,0.02184,0.055,0.0,0.055,0.055,0.05415,0.00085,0.055,0.0058,0.0492
3,11,255.3,MOVE,-1,0.06,0.02792,0.03208,0.06,0.0,0.06,0.06,0.04719,0.01281,0.06,0.01161,0.04839
3,12,276.0,MOVE,-1,0.065,0.03316,0.03184,0.065,0.0,0.065,0.065,0.04022,0.02478,0.065,0.01354,0.05146
3,13,297.6,MOVE,-1,0.07,0.03141,0.03859,0.07,0.00349,0.06651,0.07,0.035,0.035,0.07,0.01741,0.05259
3,14,318.0,MOVE,-1,0.075,0.02269,0.05231,0.075,0.01013,0.06487,0.075,0.03152,0.04348,0.075,0.02708,0.04792
3,15,340.3,MOVE,-1,0.08,0.02443,0.05557,0.08,0.02009,0.05991,0.08,0.02803,0.05197,0.08,0.02708,0.05292
3,16,361.8,MOVE,-1,0.085,0.02443,0.06057,0.085,0.02507,0.05993,0.085,0.02978,0.05522,0.085,0.03868,0.04632
3,17,382.4,MOVE,-1,0.09,0.03141,0.05859,0.09,0.03337,0.05663,0.09,0.01933,0.07067,0.09,0.04062,0.04938
3,18,401.8,MOVE,-1,0.095,0.03839,0.05661,0.095,0.04001,0.05499,0.095,0.02803,0.06697,0.095,0.04449,0.05051
3,19,423.7,MOVE,-1,0.1,0.04712,0.05288,0.1,0.04831,0.05169,0.1,0.035,0.065,0.1,0.05416,0.04584
3,20,443.7,MOVE,-1,0.105,0.05236,0.05264,0.105,0.05662,0.04838,0.105,0.03848,0.06652,0.105,0.05996,0.04504
3,21,463.0,MOVE,-1,0.11,0.05759,0.05241,0.11,0.06326,0.04674,0.11,0.04371,0.06629,0.11,0.05996,0.05004
3,22,483.7,MOVE,-1,0.115,0.06457,0.05043,0.115,0.07156,0.04344,0.115,0.05067,0.06433,0.115,0.06576,0.04924
3,23,504.8,MOVE,-1,0.12,0.07155,0.04845,0.12,0.07986,0.04014,0.12,0.05764,0.06236,0.12,0.0735,0.0465
3,24,525.7,MOVE,-1,0.125,0.07853,0.04647,0.125,0.08982,0.03518,0.125,0.06634,0.05866,0.125,0.07544,0.04956
3,25,547.0,MOVE,-1,0.13,0.08726,0.04274,0.13,0.09812,0.03188,0.13,0.07331,0.05669,0.13,0.08124,0.04876
3,26,569.4,MOVE,-1,0.135,0.09424,0.04076,0.135,0.10477,0.03023,0.135,0.08724,0.04776,0.135,0.08511,0.04989
3,27,590.3,MOVE,-1,0.14,0.10471,0.03529,0.14,0.10809,0.03191,0.14,0.0942,0.0458,0.14,0.09091,0.04909
3,28,612.5,MOVE,-1,0.145,0.10471,0.04029,0.145,0.11307,0.03193,0.145,0.10291,0.04209,0.145,0.09671,0.04829
3,29,631.9,MOVE,-1,0.15,0.11169,0.03831,0.15,0.11971,0.03029,0.15,0.10987,0.04013,0.15,0.10058,0.04942
3,30,652.7,MOVE,-1,0.155,0.11518,0.03982,0.155,0.12635,0.02865,0.155,0.11684,0.03816,0.155,0.10638,0.04862
3,31,673.9,MOVE,-1,0.16,0.12216,0.03784,0.16,0.13299,0.02701,0.16,0.12903,0.03097,0.16,0.11219,0.04781
3,32,692.8,MOVE,-1,0.165,0.1274,0.0376,0.165,0.13797,0.02703,0.165,0.13425,0.03075,0.165,0.11605,0.04895
3,33,714.1,MOVE,-1,0.17,0.13264,0.03736,0.17,0.14295,0.02705,0.17,0.13599,0.03401,0.17,0.12186,0.04814
3,34,734.2,MOVE,-1,0.175,0.14136,0.03364,0.175,0.15291,0.02209,0.175,0.14296,0.03204,0.175,0.12573,0.04927
3,35,755.1,MOVE,-1,0.18,0.14136,0.03864,0.18,0.15291,0.02709,0.18,0.14818,0.03182,0.18,0.12959,0.05041
3,36,776.5,MOVE,-1,0.185,0.15009,0.03491,0.185,0.15623,0.02877,0.185,0.1534,0.0316,0.185,0.13346,0.05154
3,37,798.5,MOVE,-1,0.19,0.14834,0.04166,0.19,0.15956,0.03044,0.19,0.15863,0.03137,0.19,0.13926,0.05074
3,38,819.4,MOVE,-1,0.195,0.15532,0.03968,0.195,0.16952,0.02548,0.195,0.16211,0.03289,0.195,0.1412,0.0538
3,39,838.7,MOVE,-1,0.2,0.16056,0.03944,0.2,0.17284,0.02716,0.2,0.16559,0.03441,0.2,0.147,0.053
3,40,862.3,MOVE,-1,0.205,0.16579,0.03921,0.205,0.17284,0.03216,0.205,0.16908,0.03592,0.205,0.1528,0.0522
3,41,883.1,MOVE,-1,0.21,0.16928,0.04072,0.21,0.17782,0.03218,0.21,0.1743,0.0357,0.21,0.15667,0.05333
3,42,903.1,MOVE,-1,0.215,0.17452,0.04048,0.215,0.18612,0.02888,0.215,0.1743,0.0407,0.215,0.16248,0.05252
3,43,923.1,MOVE,-1,0.22,0.17801,0.04199,0.22,0.1911,0.0289,0.22,0.17778,0.04222,0.22,0.16634,0.05366
3,44,942.9,MOVE,-1,0.225,0.18499,0.04001,0.225,0.19608,0.02892,0.225,0.18126,0.04374,0.225,0.17215,0.05285
3,45,963.3,MOVE,-1,0.23,0.18848,0.04152,0.23,0.20438,0.02562,0.23,0.18301,0.04699,0.23,0.17602,0.05398
3,46,984.1,MOVE,-1,0.235,0.19895,0.03605,0.235,0.20272,0.03228,0.235,0.18823,0.04677,0.235,0.18182,0.05318
3,47,1004.3,MOVE,-1,0.24,0.19895,0.04105,0.24,0.20936,0.03064,0.24,0.19519,0.04481,0.24,0.18762,0.05238
3,48,1025.3,MOVE,-1,0.245,0.20244,0.04256,0.245,0.21435,0.03065,0.245,0.20042,0.04458,0.245,0.19149,0.05351
3,49,1047.2,MOVE,-1,0.25,0.21117,0.03883,0.25,0.22265,0.02735,0.25,0.20564,0.04436,0.25,0.19729,0.05271
3,50,1067.4,MOVE,-1,0.255,0.21291,0.04209,0.255,0.22929,0.02571,0.255,0.21087,0.04413,0.255,0.20503,0.04997
3,51,1090.3,MOVE,-1,0.26,0.21815,0.04185,0.26,0.23759,0.02241,0.26,0.22131,0.03869,0.26,0.21083,0.04917
3,52,1111.3,MOVE,-1,0.265,0.22164,0.04336,0.265,0.24423,0.02077,0.265,0.22305,0.04195,0.265,0.2205,0.0445
3,53,1131.5,MOVE,-1,0.27,0.22688,0.04312,0.27,0.25253,0.01747,0.27,0.22828,0.04172,0.27,0.23211,0.03789
3,54,1152.9,MOVE,-1,0.275,0.23735,0.03765,0.275,0.25751,0.01749,0.275,0.23524,0.03976,0.275,0.23791,0.03709
3,55,1174.4,MOVE,-1,0.28,0.24782,0.03218,0.28,0.26581,0.01419,0.28,0.24047,0.03953,0.28,0.24758,0.03242
3,56,1193.6,MOVE,-1,0.285,0.24258,0.04242,0.285,0.26747,0.01753,0.285,0.24743,0.03757,0.285,0.25145,0.03355
3,57,1214.5,MOVE,-1,0.29,0.24782,0.04218,0.29,0.2708,0.0192,0.29,0.24917,0.04083,0.29,0.25725,0.03275
3,58,1237.6,MOVE,-1,0.295,0.25305,0.04195,0.295,0.28076,0.01424,0.295,0.25614,0.03886,0.295,0.26306,0.03194
3,59,1257.7,MOVE,-1,0.3,0.26353,0.03647,0.3,0.28076,0.01924,0.3,0.26136,0.03864,0.3,0.26499,0.03501
3,60,1277.0,MOVE,-1,0.305,0.26527,0.03973,0.305,0.2874,0.0176,0.305,0.26484,0.04016,0.305,0.27273,0.03227
3,61,1299.2,MOVE,-1,0.31,0.26178,0.04822,0.31,0.28906,0.02094,0.31,0.27181,0.03819,0.31,0.27079,0.03921
3,62,1320.0,MOVE,-1,0.315,0.26876,0.04624,0.315,0.30068,0.01432,0.315,0.27703,0.03797,0.315,0.27466,0.04034
3,63,1339.2,MOVE,-1,0.32,0.27051,0.04949,0.32,0.29902,0.02098,0.32,0.27877,0.04123,0.32,0.27853,0.04147
3,64,1362.0,MOVE,-1,0.325,0.27749,0.04751,0.325,0.30566,0.01934,0.325,0.28052,0.04448,0.325,0.28046,0.04454
3,65,1382.4,MOVE,-1,0.33,0.28447,0.04553,0.33,0.31064,0.01936,0.33,0.28574,0.04426,0.33,0.28433,0.04567
3,66,1403.0,MOVE,-1,0.335,0.29145,0.04355,0.335,0.31396,0.02104,0.335,0.2927,0.0423,0.335,0.2882,0.0468
3,67,1424.0,MOVE,-1,0.34,0.29668,0.04332,0.34,0.31894,0.02106,0.34,0.29619,0.04381,0.34,0.294,0.046
3,68,1442.8,MOVE,-1,0.345,0.30716,0.03784,0.345,0.32392,0.02108,0.345,0.29793,0.04707,0.345,0.29787,0.04713
3,69,1463.7,MOVE,-1,0.35,0.31065,0.03935,0.35,0.32891,0.02109,0.35,0.31012,0.03988,0.35,0.30174,0.04826
3,70,1485.7,MOVE,-1,0.355,0.31937,0.03563,0.355,0.33721,0.01779,0.355,0.31012,0.04488,0.355,0.31141,0.04359
3,71,1508.2,MOVE,-1,0.36,0.32112,0.03888,0.36,0.34219,0.01781,0.36,0.31708,0.04292,0.36,0.31528,0.04472
3,72,1526.6,MOVE,-1,0.365,0.32635,0.03865,0.365,0.34551,0.01949,0.365,0.32231,0.04269,0.365,0.32495,0.04005
3,73,1548.0,MOVE,-1,0.37,0.33159,0.03841,0.37,0.35049,0.01951,0.37,0.32927,0.04073,0.37,0.32689,0.04311
3,74,1568.3,MOVE,-1,0.375,0.33857,0.03643,0.375,0.35547,0.01953,0.375,0.33798,0.03702,0.375,0.33075,0.04425
3,75,1588.5,MOVE,-1,0.38,0.34206,0.03794,0.38,0.36211,0.01789,0.38,0.34146,0.03854,0.38,0.33462,0.04538
3,76,1609.0,MOVE,-1,0.385,0.34904,0.03596,0.385,0.37373,0.01127,0.385,0.35191,0.03309,0.385,0.34236,0.04264
3,77,1631.0,MOVE,-1,0.39,0.35253,0.03747,0.39,0.37539,0.01461,0.39,0.35365,0.03635,0.39,0.35397,0.03603
3,78,1652.7,MOVE,-1,0.395,0.35777,0.03723,0.395,0.38204,0.01296,0.395,0.36061,0.03439,0.395,0.35397,0.04103
3,79,1672.8,MOVE,-1,0.4,0.363,0.037,0.4,0.3837,0.0163,0.4,0.36584,0.03416,0.4,0.3559,0.0441
3,80,1694.7,MOVE,-1,0.405,0.36824,0.03676,0.405,0.38536,0.01964,0.405,0.37106,0.03394,0.405,0.3617,0.0433
3,81,1713.2,MOVE,-1,0.41,0.37173,0.03827,0.41,0.392,0.018,0.41,0.37628,0.03372,0.41,0.36557,0.04443
3,82,1734.2,MOVE,-1,0.415,0.37696,0.03804,0.415,0.392,0.023,0.415,0.37803,0.03697,0.415,0.3675,0.0475
3,83,1756.4,MOVE,-1,0.42,0.3822,0.0378,0.42,0.4003,0.0197,0.42,0.38151,0.03849,0.42,0.37137,0.04863
3,84,1776.9,MOVE,-1,0.425,0.38569,0.03931,0.425,0.40362,0.02138,0.425,0.38847,0.03653,0.425,0.37524,0.04976
3,85,1797.8,MOVE,-1,0.43,0.39616,0.03384,0.43,0.40694,0.02306,0.43,0.39196,0.03804,0.43,0.37911,0.05089
3,86,1818.2,MOVE,-1,0.435,0.39965,0.03535,0.435,0.41524,0.01976,0.435,0.39544,0.03956,0.435,0.38298,0.05202
3,87,1840.5,MOVE,-1,0.44,0.39965,0.04035,0.44,0.42188,0.01812,0.44,0.39892,0.04108,0.44,0.38685,0.05315
3,88,1859.8,MOVE,-1,0.445,0.40663,0.03837,0.445,0.42852,0.01648,0.445,0.4024,0.0426,0.445,0.39458,0.05042
3,89,1879.8,MOVE,-1,0.45,0.40663,0.04337,0.45,0.4335,0.0165,0.45,0.40589,0.04411,0.45,0.39652,0.05348
3,90,1900.4,MOVE,-1,0.455,0.41187,0.04313,0.455,0.44347,0.01153,0.455,0.41111,0.04389,0.455,0.40426,0.05074
3,91,1921.3,MOVE,-1,0.46,0.4171,0.0429,0.46,0.44679,0.01321,0.46,0.41982,0.04018,0.46,0.40619,0.05381
3,92,1942.1,MOVE,-1,0.465,0.42059,0.04441,0.465,0.44845,0.01655,0.465,0.41982,0.04518,0.465,0.41393,0.05107
3,93,1962.9,MOVE,-1,0.47,0.42408,0.04592,0.47,0.45509,0.01491,0.47,0.42504,0.04496,0.47,0.4236,0.0464
3,94,1983.4,MOVE,-1,0.475,0.42932,0.04568,0.475,0.46173,0.01327,0.475,0.432,0.043,0.475,0.42747,0.04753
3,95,2004.2,MOVE,-1,0.48,0.43805,0.04195,0.48,0.47003,0.00997,0.48,0.43723,0.04277,0.48,0.43327,0.04673
3,96,2025.6,MOVE,-1,0.485,0.43979,0.04521,0.485,0.47501,0.00999,0.485,0.44245,0.04255,0.485,0.43907,0.04593
3,97,2045.9,MOVE,-1,0.49,0.44677,0.04323,0.49,0.48497,0.00503,0.49,0.44768,0.04232,0.49,0.44487,0.04513
3,98,2067.3,MOVE,-1,0.495,0.45201,0.04299,0.495,0.49162,0.00338,0.495,0.45812,0.03688,0.495,0.45455,0.04045
3,99,2088.0,MOVE,-1,0.5,0.45724,0.04276,0.5,0.4966,0.0034,0.5,0.46335,0.03665,0.5,0.45841,0.04159
3,100,2112.1,MOVE,-1,0.505,0.46248,0.04252,0.5,0.50158,-0.00158,0.505,0.46683,0.03817,0.5,0.47195,0.02805
3,101,2131.7,MOVE,-1,0.51,0.4712,0.0388,0.5,0.50324,-0.00324,0.51,0.46857,0.04143,0.5,0.47389,0.02611
3,102,2151.5,MOVE,-1,0.515,0.47469,0.04031,0.5,0.5049,-0.0049,0.515,0.47379,0.04121,0.5,0.47969,0.02031
3,103,2172.4,MOVE,-1,0.52,0.47993,0.04007,0.5,0.50656,-0.00656,0.52,0.4825,0.0375,0.5,0.48162,0.01838
3,104,2193.9,MOVE,-1,0.525,0.48342,0.04158,0.5,0.50656,-0.00656,0.525,0.48598,0.03902,0.5,0.48549,0.01451
3,105,2214.8,MOVE,-1,0.53,0.48866,0.04134,0.5,0.50822,-0.00822,0.53,0.48772,0.04228,0.5,0.48936,0.01064
3,106,2236.2,MOVE,-1,0.535,0.49389,0.04111,0.5,0.5132,-0.0132,0.535,0.49817,0.03683,0.5,0.4971,0.0029
3,107,2258.5,MOVE,-1,0.54,0.5096,0.0304,0.5,0.50656,-0.00656,0.54,0.50514,0.03486,0.5,0.49516,0.00484
3,108,2277.9,MOVE,-1,0.545,0.51134,0.03366,0.5,0.50656,-0.00656,0.545,0.51384,0.03116,0.5,0.49903,0.00097
3,109,2297.3,MOVE,-1,0.55,0.51483,0.03517,0.5,0.50822,-0.00822,0.55,0.51907,0.03093,0.5,0.50097,-0.00097
3,110,2320.6,MOVE,-1,0.555,0.52356,0.03144,0.5,0.50656,-0.00656,0.555,0.52429,0.03071,0.5,0.50097,-0.00097
3,111,2341.1,MOVE,-1,0.56,0.53054,0.02946,0.5,0.50822,-0.00822,0.56,0.52603,0.03397,0.5,0.50097,-0.00097
3,112,2361.3,MOVE,-1,0.565,0.53403,0.03097,0.5,0.50656,-0.00656,0.565,0.52777,0.03723,0.5,0.50097,-0.00097
3,113,2381.4,MOVE,-1,0.57,0.53752,0.03248,0.5,0.50822,-0.00822,0.57,0.53126,0.03874,0.5,0.49903,0.00097
3,114,2403.1,MOVE,-1,0.575,0.53752,0.03748,0.5,0.50656,-0.00656,0.575,0.533,0.042,0.5,0.50097,-0.00097
3,115,2423.3,MOVE,-1,0.58,0.54799,0.03201,0.5,0.50656,-0.00656,0.58,0.5417,0.0383,0.5,0.50097,-0.00097
3,116,2443.3,MOVE,-1,0.585,0.54799,0.03701,0.5,0.50656,-0.00656,0.585,0.54519,0.03981,0.5,0.50097,-0.00097
3,117,2463.3,MOVE,-1,0.59,0.54974,0.04026,0.5,0.50656,-0.00656,0.59,0.54693,0.04307,0.5,0.49903,0.00097
3,118,2484.9,MOVE,-1,0.595,0.54625,0.04875,0.5,0.5049,-0.0049,0.595,0.54519,0.04981,0.5,0.50097,-0.00097
3,119,2506.7,MOVE,-1,0.6,0.55672,0.04328,0.5,0.50656,-0.00656,0.6,0.55563,0.04437,0.5,0.50097,-0.00097
3,120,2525.6,MOVE,-1,0.605,0.55672,0.04828,0.5,0.50988,-0.00988,0.605,0.55737,0.04763,0.5,0.50097,-0.00097
3,121,2545.9,MOVE,-1,0.61,0.56195,0.04805,0.5,0.50656,-0.00656,0.61,0.5626,0.0474,0.5,0.50097,-0.00097
3,122,2566.7,MOVE,-1,0.615,0.56545,0.04955,0.5,0.51818,-0.01818,0.615,0.56956,0.04544,0.5,0.49903,0.00097
3,123,2587.9,MOVE,-1,0.62,0.57243,0.04757,0.5,0.50656,-0.00656,0.62,0.57653,0.04347,0.5,0.50097,-0.00097
3,124,2608.8,MOVE,-1,0.625,0.57592,0.04908,0.5,0.50656,-0.00656,0.625,0.58175,0.04325,0.5,0.49903,0.00097
3,125,2629.8,MOVE,-1,0.63,0.5829,0.0471,0.5,0.50822,-0.00822,0.63,0.58698,0.04302,0.5,0.50097,-0.00097
3,126,2650.8,MOVE,-1,0.635,0.59162,0.04338,0.5,0.50988,-0.00988,0.635,0.5922,0.0428,0.5,0.50097,-0.00097
3,127,2671.7,MOVE,-1,0.64,0.59511,0.04489,0.5,0.51486,-0.01486,0.64,0.59742,0.04258,0.5,0.50097,-0.00097
3,128,2692.1,MOVE,-1,0.645,0.5986,0.0464,0.5,0.51652,-0.01652,0.645,0.60439,0.04061,0.5,0.50097,-0.00097
3,129,2712.3,MOVE,-1,0.65,0.60384,0.04616,0.5,0.51818,-0.01818,0.65,0.60961,0.04039,0.5,0.49903,0.00097
3,130,2734.4,MOVE,-1,0.655,0.61082,0.04418,0.5,0.51818,-0.01818,0.655,0.61484,0.04016,0.5,0.50097,-0.00097
3,131,2755.8,MOVE,-1,0.66,0.61606,0.04394,0.5,0.51818,-0.01818,0.66,0.62006,0.03994,0.5,0.50097,-0.00097
3,132,2777.4,MOVE,-1,0.665,0.62129,0.04371,0.5,0.51984,-0.01984,0.665,0.62528,0.03972,0.5,0.50097,-0.00097
3,133,2797.4,MOVE,-1,0.67,0.62478,0.04522,0.5,0.51984,-0.01984,0.67,0.63051,0.03949,0.5,0.50097,-0.00097
3,134,2817.6,MOVE,-1,0.675,0.62827,0.04673,0.5,0.51818,-0.01818,0.675,0.63747,0.03753,0.5,0.50097,-0.00097
3,135,2838.7,MOVE,-1,0.68,0.63525,0.04475,0.5,0.5215,-0.0215,0.68,0.63921,0.04079,0.5,0.50097,-0.00097
3,136,2860.0,MOVE,-1,0.685,0.64049,0.04451,0.5,0.51818,-0.01818,0.685,0.6427,0.0423,0.5,0.49903,0.00097
3,137,2882.1,MOVE,-1,0.69,0.64572,0.04428,0.5,0.51984,-0.01984,0.69,0.64966,0.04034,0.5,0.50097,-0.00097
3,138,2902.7,MOVE,-1,0.695,0.64921,0.04579,0.5,0.51818,-0.01818,0.695,0.66185,0.03315,0.5,0.50097,-0.00097
3,139,2922.7,MOVE,-1,0.7,0.65271,0.04729,0.5,0.5215,-0.0215,0.7,0.65663,0.04337,0.5,0.50097,-0.00097
3,140,2942.3,MOVE,-1,0.705,0.65794,0.04706,0.5,0.51984,-0.01984,0.705,0.66011,0.04489,0.5,0.50097,-0.00097
3,141,2963.4,MOVE,-1,0.71,0.66318,0.04682,0.5,0.51818,-0.01818,0.71,0.66359,0.04641,0.5,0.50097,-0.00097
3,142,2983.9,MOVE,-1,0.715,0.67016,0.04484,0.5,0.51984,-0.01984,0.715,0.66881,0.04619,0.5,0.50484,-0.00484
3,143,3005.8,MOVE,-1,0.72,0.68237,0.03763,0.5,0.51818,-0.01818,0.72,0.6723,0.0477,0.5,0.50097,-0.00097
3,144,3025.6,MOVE,-1,0.725,0.67888,0.04612,0.5,0.51984,-0.01984,0.725,0.67752,0.04748,0.5,0.50097,-0.00097
3,145,3046.3,MOVE,-1,0.73,0.68412,0.04588,0.5,0.51818,-0.01818,0.73,0.68274,0.04726,0.5,0.50097,-0.00097
3,146,3068.3,MOVE,-1,0.735,0.69284,0.04216,0.5,0.51818,-0.01818,0.735,0.68623,0.04877,0.5,0.50097,-0.00097
3,147,3088.6,MOVE,-1,0.74,0.70332,0.03668,0.5,0.51818,-0.01818,0.74,0.69145,0.04855,0.5,0.50097,-0.00097
3,148,3110.2,MOVE,-1,0.745,0.70332,0.04168,0.5,0.51984,-0.01984,0.745,0.70538,0.03962,0.5,0.50097,-0.00097
3,149,3131.4,MOVE,-1,0.75,0.70681,0.04319,0.5,0.51984,-0.01984,0.75,0.70886,0.04114,0.5,0.50097,-0.00097
3,150,3154.0,MOVE,-1,0.755,0.71379,0.04121,0.5,0.51984,-0.01984,0.755,0.71409,0.04091,0.5,0.50097,-0.00097
3,151,3174.7,MOVE,-1,0.76,0.71728,0.04272,0.5,0.51984,-0.01984,0.76,0.71409,0.04591,0.5,0.50097,-0.00097
3,152,3195.1,MOVE,-1,0.765,0.72077,0.04423,0.5,0.51818,-0.01818,0.765,0.71931,0.04569,0.5,0.50097,-0.00097
3,153,3215.9,MOVE,-1,0.77,0.72426,0.04574,0.5,0.51818,-0.01818,0.77,0.72279,0.04721,0.5,0.49903,0.00097
3,154,3236.3,MOVE,-1,0.775,0.72949,0.04551,0.5,0.51984,-0.01984,0.775,0.72976,0.04524,0.5,0.50097,-0.00097
3,155,3255.6,MOVE,-1,0.78,0.73473,0.04527,0.5,0.51984,-0.01984,0.78,0.73498,0.04502,0.5,0.50097,-0.00097
3,156,3276.5,MOVE,-1,0.785,0.73997,0.04503,0.5,0.51818,-0.01818,0.785,0.74369,0.04131,0.5,0.50097,-0.00097
3,157,3296.5,MOVE,-1,0.79,0.74346,0.04654,0.5,0.51984,-0.01984,0.79,0.74369,0.04631,0.5,0.5029,-0.0029
3,158,3318.1,MOVE,-1,0.795,0.74695,0.04805,0.5,0.51818,-0.01818,0.795,0.74891,0.04609,0.5,0.50097,-0.00097
3,159,3340.0,MOVE,-1,0.8,0.75393,0.04607,0.5,0.51984,-0.01984,0.8,0.75414,0.04586,0.5,0.5029,-0.0029
3,160,3360.2,MOVE,-1,0.805,0.75742,0.04758,0.5,0.51984,-0.01984,0.805,0.75936,0.04564,0.5,0.50097,-0.00097
3,161,3380.2,MOVE,-1,0.81,0.7644,0.0456,0.5,0.5215,-0.0215,0.81,0.76284,0.04716,0.5,0.50097,-0.00097
3,162,3401.2,MOVE,-1,0.815,0.76789,0.04711,0.5,0.51984,-0.01984,0.815,0.76981,0.04519,0.5,0.50097,-0.00097
3,163,3422.0,MOVE,-1,0.82,0.77312,0.04688,0.5,0.51984,-0.01984,0.82,0.77503,0.04497,0.5,0.50097,-0.00097
3,164,3442.9,MOVE,-1,0.825,0.77661,0.04839,0.5,0.51818,-0.01818,0.825,0.77851,0.04649,0.5,0.50097,-0.00097
3,165,3465.2,MOVE,-1,0.83,0.7836,0.0464,0.5,0.51818,-0.01818,0.83,0.78548,0.04452,0.5,0.50097,-0.00097
3,166,3484.7,MOVE,-1,0.835,0.78709,0.04791,0.5,0.51818,-0.01818,0.835,0.7907,0.0443,0.5,0.50097,-0.00097
3,167,3505.4,MOVE,-1,0.84,0.79232,0.04768,0.5,0.51818,-0.01818,0.84,0.79767,0.04233,0.5,0.50097,-0.00097
3,168,3526.1,MOVE,-1,0.845,0.79756,0.04744,0.5,0.51984,-0.01984,0.845,0.80637,0.03863,0.5,0.50097,-0.00097
3,169,3546.2,MOVE,-1,0.85,0.80279,0.04721,0.5,0.51984,-0.01984,0.85,0.80986,0.04014,0.5,0.50097,-0.00097
3,170,3567.8,MOVE,-1,0.855,0.80803,0.04697,0.5,0.51818,-0.01818,0.855,0.81334,0.04166,0.5,0.5029,-0.0029
3,171,3589.8,MOVE,-1,0.86,0.8185,0.0415,0.5,0.51818,-0.01818,0.86,0.81856,0.04144,0.5,0.5029,-0.0029
3,172,3612.8,MOVE,-1,0.865,0.82024,0.04476,0.5,0.51818,-0.01818,0.865,0.82204,0.04296,0.5,0.49903,0.00097
3,173,3633.6,MOVE,-1,0.87,0.82548,0.04452,0.5,0.51984,-0.01984,0.87,0.83075,0.03925,0.5,0.50097,-0.00097
3,174,3654.0,MOVE,-1,0.875,0.82897,0.04603,0.5,0.51984,-0.01984,0.875,0.83597,0.03903,0.5,0.50097,-0.00097
3,175,3673.1,MOVE,-1,0.88,0.83246,0.04754,0.5,0.51984,-0.01984,0.88,0.83423,0.04577,0.5,0.50097,-0.00097
3,176,3693.5,MOVE,-1,0.885,0.84642,0.03858,0.5,0.51818,-0.01818,0.885,0.84468,0.04032,0.5,0.50097,-0.00097
3,177,3713.8,MOVE,-1,0.89,0.84293,0.04707,0.5,0.51984,-0.01984,0.89,0.8499,0.0401,0.5,0.5029,-0.0029
3,178,3734.8,MOVE,-1,0.895,0.85689,0.03811,0.5,0.51984,-0.01984,0.895,0.8499,0.0451,0.5,0.5029,-0.0029
3,179,3755.1,MOVE,-1,0.9,0.85864,0.04136,0.5,0.51984,-0.01984,0.9,0.85513,0.04487,0.5,0.50097,-0.00097
3,180,3776.3,MOVE,-1,0.905,0.85864,0.04636,0.5,0.51984,-0.01984,0.905,0.86035,0.04465,0.5,0.50097,-0.00097
3,181,3795.9,MOVE,-1,0.91,0.86387,0.04613,0.5,0.51984,-0.01984,0.91,0.86732,0.04268,0.5,0.50097,-0.00097
3,182,3816.0,MOVE,-1,0.915,0.86562,0.04938,0.5,0.51984,-0.01984,0.915,0.87428,0.04072,0.5,0.50097,-0.00097
3,183,3836.9,MOVE,-1,0.92,0.87086,0.04914,0.5,0.51818,-0.01818,0.92,0.87254,0.04746,0.5,0.50097,-0.00097
3,184,3858.3,MOVE,-1,0.925,0.87609,0.04891,0.5,0.51984,-0.01984,0.925,0.87776,0.04724,0.5,0.50097,-0.00097
3,185,3879.5,MOVE,-1,0.93,0.88831,0.04169,0.5,0.51984,-0.01984,0.93,0.88647,0.04353,0.5,0.50484,-0.00484
3,186,3901.3,MOVE,-1,0.935,0.89703,0.03797,0.5,0.51818,-0.01818,0.935,0.88821,0.04679,0.5,0.50677,-0.00677
3,187,3923.7,MOVE,-1,0.94,0.89005,0.04995,0.5,0.51984,-0.01984,0.94,0.89344,0.04656,0.5,0.50097,-0.00097
3,188,3948.4,MOVE,-1,0.945,0.89703,0.04797,0.5,0.51984,-0.01984,0.945,0.89866,0.04634,0.5,0.50097,-0.00097
3,189,3964.0,MOVE,-1,0.95,0.90227,0.04773,0.5,0.51818,-0.01818,0.95,0.90388,0.04612,0.5,0.50097,-0.00097
3,190,3983.8,MOVE,-1,0.955,0.91274,0.04226,0.5,0.51984,-0.01984,0.955,0.91433,0.04067,0.5,0.50097,-0.00097
3,191,4007.2,MOVE,-1,0.96,0.91623,0.04377,0.5,0.51984,-0.01984,0.96,0.91607,0.04393,0.5,0.50097,-0.00097
3,192,4027.4,MOVE,-1,0.965,0.91623,0.04877,0.5,0.51818,-0.01818,0.965,0.91955,0.04545,0.5,0.5029,-0.0029
3,193,4047.4,MOVE,-1,0.97,0.91798,0.05202,0.5,0.51984,-0.01984,0.97,0.93,0.04,0.5,0.50097,-0.00097
3,194,4068.7,MOVE,-1,0.975,0.92496,0.05004,0.5,0.51984,-0.01984,0.975,0.93697,0.03803,0.5,0.5029,-0.0029
3,195,4091.1,MOVE,-1,0.98,0.92845,0.05155,0.5,0.51984,-0.01984,0.98,0.93697,0.04303,0.5,0.5029,-0.0029
3,196,4111.7,MOVE,-1,0.985,0.93717,0.04783,0.5,0.51984,-0.01984,0.985,0.94045,0.04455,0.5,0.50484,-0.00484
3,197,4130.6,MOVE,-1,0.99,0.94066,0.04934,0.5,0.51818,-0.01818,0.99,0.94567,0.04433,0.5,0.50097,-0.00097
3,198,4152.5,MOVE,-1,0.995,0.94241,0.05259,0.5,0.51984,-0.01984,0.995,0.95438,0.04062,0.5,0.50097,-0.00097
3,199,4173.4,MOVE,-1,1.0,0.95288,0.04712,0.5,0.51818,-0.01818,1.0,0.95612,0.04388,0.5,0.50097,-0.00097
