cycle,phase,step,t_ms,pause_no,servo6_q_target,servo6_q_measured,servo6_q_delta,servo7_q_target,servo7_q_measured,servo7_q_delta,servo8_q_target,servo8_q_measured,servo8_q_delta,servo9_q_target,servo9_q_measured,servo9_q_delta,middle_det_bit,index_det_bit
0,HOLD0,0,30.8,-1,0.0,0.0,0.0,0.0,0.0,0.0,0.0,0.00017,-0.00017,0.0,0.0,0.0,0,0
0,HOLD0,1,49.7,-1,0.0,0.0,0.0,0.0,0.0,0.0,0.0,0.0,0.0,0.0,0.0,0.0,0,0
0,HOLD0,2,68.5,-1,0.0,0.0,0.0,0.0,0.0,0.0,0.0,0.00017,-0.00017,0.0,0.0,0.0,0,0
0,HOLD0,3,88.3,-1,0.0,0.0,0.0,0.0,0.0,0.0,0.0,0.0,0.0,0.0,0.0,0.0,0,0
0,HOLD0,4,108.2,-1,0.0,0.0,0.0,0.0,0.0,0.0,0.0,0.00192,-0.00192,0.0,0.0,0.0,0,0
0,HOLD0,5,130.3,-1,0.0,0.0,0.0,0.0,0.0,0.0,0.0,0.00017,-0.00017,0.0,0.0,0.0,0,0
0,HOLD0,6,151.7,-1,0.0,0.0,0.0,0.0,0.0,0.0,0.0,0.00017,-0.00017,0.0,0.0,0.0,0,0
0,HOLD0,7,172.7,-1,0.0,0.0,0.0,0.0,0.0,0.0,0.0,0.0,0.0,0.0,0.0,0.0,0,0
0,HOLD0,8,194.3,-1,0.0,0.0,0.0,0.0,0.0,0.0,0.0,0.0,0.0,0.0,0.0,0.0,0,0
0,HOLD0,9,215.1,-1,0.0,0.0,0.0,0.0,0.0,0.0,0.0,0.0,0.0,0.0,0.0,0.0,0,0
0,HOLD0,10,236.4,-1,0.0,0.0,0.0,0.0,0.0,0.0,0.0,0.0,0.0,0.0,0.0,0.0,0,0
0,HOLD0,11,254.5,-1,0.0,0.0,0.0,0.0,0.0,0.0,0.0,0.00017,-0.00017,0.0,0.0,0.0,0,0
0,HOLD0,12,275.8,-1,0.0,0.0,0.0,0.0,0.0,0.0,0.0,0.00017,-0.00017,0.0,0.0,0.0,0,0
0,HOLD0,13,296.8,-1,0.0,0.0,0.0,0.0,0.0,0.0,0.0,0.00017,-0.00017,0.0,0.0,0.0,0,0
0,HOLD0,14,320.0,-1,0.0,0.0,0.0,0.0,0.0,0.0,0.0,0.00017,-0.00017,0.0,0.0,0.0,0,0
0,HOLD0,15,339.0,-1,0.0,0.0,0.0,0.0,0.0,0.0,0.0,0.00017,-0.00017,0.0,0.0,0.0,0,0
0,HOLD0,16,359.3,-1,0.0,0.0,0.0,0.0,0.0,0.0,0.0,0.00017,-0.00017,0.0,0.0,0.0,0,0
0,HOLD0,17,380.0,-1,0.0,0.0,0.0,0.0,0.0,0.0,0.0,0.00017,-0.00017,0.0,0.0,0.0,0,0
0,HOLD0,18,401.0,-1,0.0,0.0,0.0,0.0,0.0,0.0,0.0,0.0,0.0,0.0,0.0,0.0,0,0
0,HOLD0,19,421.8,-1,0.0,0.0,0.0,0.0,0.0,0.0,0.0,0.00017,-0.00017,0.0,0.0,0.0,0,0
0,HOLD0,20,442.8,-1,0.0,0.0,0.0,0.0,0.0,0.0,0.0,0.0,0.0,0.0,0.0,0.0,0,0
0,HOLD0,21,465.5,-1,0.0,0.0,0.0,0.0,0.0,0.0,0.0,0.00017,-0.00017,0.0,0.0,0.0,0,0
0,HOLD0,22,486.1,-1,0.0,0.0,0.0,0.0,0.0,0.0,0.0,0.0,0.0,0.0,0.0,0.0,0,0
0,HOLD0,23,507.5,-1,0.0,0.0,0.0,0.0,0.0,0.0,0.0,0.00017,-0.00017,0.0,0.0,0.0,0,0
0,HOLD0,24,526.3,-1,0.0,0.0,0.0,0.0,0.0,0.0,0.0,0.0,0.0,0.0,0.0,0.0,0,0
0,HOLD0,25,547.2,-1,0.0,0.0,0.0,0.0,0.0,0.0,0.0,0.0,0.0,0.0,0.0,0.0,0,0
0,HOLD0,26,567.5,-1,0.0,0.0,0.0,0.0,0.0,0.0,0.0,0.0,0.0,0.0,0.0,0.0,0,0
0,HOLD0,27,590.1,-1,0.0,0.0,0.0,0.0,0.0,0.0,0.0,0.00017,-0.00017,0.0,0.0,0.0,0,0
0,HOLD0,28,611.3,-1,0.0,0.0,0.0,0.0,0.0,0.0,0.0,0.00017,-0.00017,0.0,0.0,0.0,0,0
0,HOLD0,29,631.6,-1,0.0,0.0,0.0,0.0,0.0,0.0,0.0,0.00017,-0.00017,0.0,0.0,0.0,0,0
0,HOLD0,30,651.5,-1,0.0,0.0,0.0,0.0,0.0,0.0,0.0,0.0,0.0,0.0,0.0,0.0,0,0
0,HOLD0,31,672.9,-1,0.0,0.0,0.0,0.0,0.0,0.0,0.0,0.00017,-0.00017,0.0,0.0,0.0,0,0
0,HOLD0,32,693.5,-1,0.0,0.0,0.0,0.0,0.0,0.0,0.0,0.00192,-0.00192,0.0,0.0,0.0,0,0
0,HOLD0,33,713.4,-1,0.0,0.0,0.0,0.0,0.0,0.0,0.0,0.00017,-0.00017,0.0,0.0,0.0,0,0
0,HOLD0,34,734.1,-1,0.0,0.0,0.0,0.0,0.0,0.0,0.0,0.0,0.0,0.0,0.0,0.0,0,0
0,HOLD0,35,755.6,-1,0.0,0.0,0.0,0.0,0.0,0.0,0.0,0.00017,-0.00017,0.0,0.0,0.0,0,0
0,HOLD0,36,777.1,-1,0.0,0.0,0.0,0.0,0.0,0.0,0.0,0.00017,-0.00017,0.0,0.0,0.0,0,0
0,HOLD0,37,797.5,-1,0.0,0.0,0.0,0.0,0.0,0.0,0.0,0.00017,-0.00017,0.0,0.0,0.0,0,0
0,HOLD0,38,819.0,-1,0.0,0.0,0.0,0.0,0.0,0.0,0.0,0.0,0.0,0.0,0.0,0.0,0,0
0,HOLD0,39,839.0,-1,0.0,0.0,0.0,0.0,0.0,0.0,0.0,0.00017,-0.00017,0.0,0.0,0.0,0,0
0,MOVE,40,860.4,-1,0.005,0.0,0.005,0.005,0.0,0.005,0.005,0.0,0.005,0.005,0.0,0.005,0,0
0,MOVE,41,880.1,-1,0.01,0.0,0.01,0.01,0.0,0.01,0.01,0.0,0.01,0.01,0.0,0.01,0,0
0,MOVE,42,900.4,-1,0.015,0.0,0.015,0.015,0.0,0.015,0.015,0.0,0.015,0.015,0.0,0.015,0,0
0,MOVE,43,920.8,-1,0.02,0.0,0.02,0.02,0.0,0.02,0.02,0.00017,0.01983,0.02,0.0,0.02,0,0
0,MOVE,44,942.3,-1,0.025,0.0,0.025,0.025,0.0,0.025,0.025,0.0,0.025,0.025,0.0,0.025,0,0
0,MOVE,45,963.2,-1,0.03,0.0,0.03,0.03,0.0,0.03,0.03,0.00017,0.02983,0.03,0.0,0.03,0,0
0,MOVE,46,984.7,-1,0.035,0.0,0.035,0.035,0.00183,0.03317,0.035,0.00192,0.03308,0.035,0.0,0.035,0,0
0,MOVE,47,1005.5,-1,0.04,0.0,0.04,0.04,0.00183,0.03817,0.04,0.00017,0.03983,0.04,0.0,0.04,0,0
0,MOVE,48,1025.9,-1,0.045,0.0,0.045,0.045,0.0,0.045,0.045,0.0,0.045,0.045,0.0,0.045,0,0
0,MOVE,49,1048.3,-1,0.05,0.00175,0.04825,0.05,0.0,0.05,0.05,0.00192,0.04808,0.05,0.0,0.05,0,0
0,PAUSE,50,1068.5,0,0.05,0.00524,0.04476,0.05,0.00183,0.04817,0.05,0.00888,0.04112,0.05,0.00387,0.04613,0,0
0,PAUSE,51,1089.3,0,0.05,0.01396,0.03604,0.05,0.00515,0.04485,0.05,0.00888,0.04112,0.05,0.01547,0.03453,0,0
0,PAUSE,52,1110.6,0,0.05,0.01396,0.03604,0.05,0.01677,0.03323,0.05,0.01585,0.03415,0.05,0.00774,0.04226,0,0
0,PAUSE,53,1130.0,0,0.05,0.0192,0.0308,0.05,0.01677,0.03323,0.05,0.02629,0.02371,0.05,0.02128,0.02872,0,0
0,PAUSE,54,1151.9,0,0.05,0.02443,0.02557,0.05,0.02341,0.02659,0.05,0.02978,0.02022,0.05,0.02901,0.02099,0,0
0,PAUSE,55,1172.0,0,0.05,0.03665,0.01335,0.05,0.03005,0.01995,0.05,0.03848,0.01152,0.05,0.04062,0.00938,0,0
0,PAUSE,56,1192.6,0,0.05,0.04538,0.00462,0.05,0.03503,0.01497,0.05,0.04022,0.00978,0.05,0.04449,0.00551,0,0
0,PAUSE,57,1213.0,0,0.05,0.04887,0.00113,0.05,0.04001,0.00999,0.05,0.04719,0.00281,0.05,0.05029,-0.00029,0,0
0,PAUSE,58,1234.0,0,0.05,0.05585,-0.00585,0.05,0.04499,0.00501,0.05,0.05241,-0.00241,0.05,0.05609,-0.00609,0,0
0,PAUSE,59,1255.0,0,0.05,0.06108,-0.01108,0.05,0.04998,2e-05,0.05,0.05589,-0.00589,0.05,0.0619,-0.0119,0,0
0,PAUSE,60,1276.8,0,0.05,0.07155,-0.02155,0.05,0.0533,-0.0033,0.05,0.05938,-0.00938,0.05,0.06383,-0.01383,0,0
0,PAUSE,61,1298.1,0,0.05,0.06981,-0.01981,0.05,0.05496,-0.00496,0.05,0.06286,-0.01286,0.05,0.06576,-0.01576,0,0
0,PAUSE,62,1318.1,0,0.05,0.06806,-0.01806,0.05,0.05662,-0.00662,0.05,0.0646,-0.0146,0.05,0.06576,-0.01576,0,0
0,PAUSE,63,1338.8,0,0.05,0.06981,-0.01981,0.05,0.05662,-0.00662,0.05,0.0646,-0.0146,0.05,0.06576,-0.01576,0,0
0,PAUSE,64,1360.8,0,0.05,0.06981,-0.01981,0.05,0.05496,-0.00496,0.05,0.06808,-0.01808,0.05,0.06576,-0.01576,0,0
0,PAUSE,65,1380.4,0,0.05,0.06981,-0.01981,0.05,0.05662,-0.00662,0.05,0.06808,-0.01808,0.05,0.06576,-0.01576,0,0
0,PAUSE,66,1401.8,0,0.05,0.06632,-0.01632,0.05,0.05662,-0.00662,0.05,0.0646,-0.0146,0.05,0.06576,-0.01576,0,0
0,PAUSE,67,1422.3,0,0.05,0.06632,-0.01632,0.05,0.05662,-0.00662,0.05,0.0646,-0.0146,0.05,0.06576,-0.01576,0,0
0,PAUSE,68,1444.3,0,0.05,0.06457,-0.01457,0.05,0.05662,-0.00662,0.05,0.0646,-0.0146,0.05,0.06576,-0.01576,0,0
0,PAUSE,69,1463.6,0,0.05,0.06632,-0.01632,0.05,0.05662,-0.00662,0.05,0.06286,-0.01286,0.05,0.06576,-0.01576,0,0
0,PAUSE,70,1486.1,0,0.05,0.06283,-0.01283,0.05,0.05496,-0.00496,0.05,0.06112,-0.01112,0.05,0.06576,-0.01576,0,0
0,PAUSE,71,1508.0,0,0.05,0.06108,-0.01108,0.05,0.05662,-0.00662,0.05,0.06112,-0.01112,0.05,0.06576,-0.01576,0,0
0,PAUSE,72,1529.0,0,0.05,0.06108,-0.01108,0.05,0.05662,-0.00662,0.05,0.05938,-0.00938,0.05,0.06576,-0.01576,0,0
0,PAUSE,73,1548.1,0,0.05,0.06108,-0.01108,0.05,0.05662,-0.00662,0.05,0.05938,-0.00938,0.05,0.06383,-0.01383,0,0
0,PAUSE,74,1567.4,0,0.05,0.06108,-0.01108,0.05,0.05662,-0.00662,0.05,0.05938,-0.00938,0.05,0.06963,-0.01963,0,0
0,PAUSE,75,1588.5,0,0.05,0.06108,-0.01108,0.05,0.05828,-0.00828,0.05,0.05938,-0.00938,0.05,0.06383,-0.01383,0,0
0,PAUSE,76,1610.3,0,0.05,0.06108,-0.01108,0.05,0.05662,-0.00662,0.05,0.05938,-0.00938,0.05,0.06383,-0.01383,0,0
0,PAUSE,77,1629.9,0,0.05,0.06108,-0.01108,0.05,0.05662,-0.00662,0.05,0.05938,-0.00938,0.05,0.0619,-0.0119,0,0
0,PAUSE,78,1651.8,0,0.05,0.06283,-0.01283,0.05,0.05496,-0.00496,0.05,0.05938,-0.00938,0.05,0.05416,-0.00416,0,0
0,PAUSE,79,1671.7,0,0.05,0.06108,-0.01108,0.05,0.05662,-0.00662,0.05,0.06112,-0.01112,0.05,0.05222,-0.00222,0,0
0,PAUSE,80,1695.7,0,0.05,0.06108,-0.01108,0.05,0.05662,-0.00662,0.05,0.05938,-0.00938,0.05,0.05029,-0.00029,0,0
0,PAUSE,81,1714.2,0,0.05,0.06283,-0.01283,0.05,0.05662,-0.00662,0.05,0.05938,-0.00938,0.05,0.05029,-0.00029,0,0
0,PAUSE,82,1734.7,0,0.05,0.06806,-0.01806,0.05,0.05662,-0.00662,0.05,0.05938,-0.00938,0.05,0.05029,-0.00029,0,0
0,PAUSE,83,1756.0,0,0.05,0.06108,-0.01108,0.05,0.05662,-0.00662,0.05,0.06286,-0.01286,0.05,0.05416,-0.00416,0,0
0,PAUSE,84,1776.1,0,0.05,0.06457,-0.01457,0.05,0.05662,-0.00662,0.05,0.05938,-0.00938,0.05,0.05029,-0.00029,0,0
0,PAUSE,85,1797.1,0,0.05,0.06283,-0.01283,0.05,0.05662,-0.00662,0.05,0.06286,-0.01286,0.05,0.04836,0.00164,0,0
0,PAUSE,86,1817.0,0,0.05,0.06632,-0.01632,0.05,0.05662,-0.00662,0.05,0.05589,-0.00589,0.05,0.04836,0.00164,0,0
0,PAUSE,87,1838.2,0,0.05,0.05934,-0.00934,0.05,0.05662,-0.00662,0.05,0.06634,-0.01634,0.05,0.05029,-0.00029,0,0
0,PAUSE,88,1860.2,0,0.05,0.06457,-0.01457,0.05,0.05496,-0.00496,0.05,0.05415,-0.00415,0.05,0.05029,-0.00029,0,0
0,PAUSE,89,1883.9,0,0.05,0.06457,-0.01457,0.05,0.05496,-0.00496,0.05,0.05241,-0.00241,0.05,0.05029,-0.00029,0,0
0,MOVE,90,1904.7,-1,0.055,0.05585,-0.00085,0.055,0.05496,4e-05,0.055,0.05241,0.00259,0.055,0.05416,0.00084,0,0
0,MOVE,91,1921.4,-1,0.06,0.0541,0.0059,0.06,0.05164,0.00836,0.06,0.05067,0.00933,0.06,0.05029,0.00971,0,0
0,MOVE,92,1943.3,-1,0.065,0.05585,0.00915,0.065,0.04665,0.01835,0.065,0.05067,0.01433,0.065,0.05029,0.01471,0,0
0,MOVE,93,1964.6,-1,0.07,0.0541,0.0159,0.07,0.04333,0.02667,0.07,0.05241,0.01759,0.07,0.05029,0.01971,0,0
0,MOVE,94,1985.4,-1,0.075,0.0541,0.0209,0.075,0.04001,0.03499,0.075,0.05067,0.02433,0.075,0.05029,0.02471,0,0
0,MOVE,95,2008.8,-1,0.08,0.0541,0.0259,0.08,0.04831,0.03169,0.08,0.05067,0.02933,0.08,0.05029,0.02971,0,0
0,MOVE,96,2027.5,-1,0.085,0.0541,0.0309,0.085,0.04167,0.04333,0.085,0.05067,0.03433,0.085,0.04836,0.03664,0,0
0,MOVE,97,2047.8,-1,0.09,0.0541,0.0359,0.09,0.04001,0.04999,0.09,0.05415,0.03585,0.09,0.04836,0.04164,0,0
0,MOVE,98,2069.2,-1,0.095,0.05236,0.04264,0.095,0.04167,0.05333,0.095,0.05067,0.04433,0.095,0.04836,0.04664,0,0
0,MOVE,99,2088.6,-1,0.1,0.05585,0.04415,0.1,0.04167,0.05833,0.1,0.05067,0.04933,0.1,0.05029,0.04971,0,0
0,PAUSE,100,2109.8,1,0.1,0.05759,0.04241,0.1,0.04167,0.05833,0.1,0.05241,0.04759,0.1,0.04836,0.05164,0,0
0,PAUSE,101,2130.7,1,0.1,0.06283,0.03717,0.1,0.04831,0.05169,0.1,0.05589,0.04411,0.1,0.05416,0.04584,0,0
0,PAUSE,102,2151.9,1,0.1,0.06632,0.03368,0.1,0.0533,0.0467,0.1,0.06286,0.03714,0.1,0.05029,0.04971,0,0
0,PAUSE,103,2172.5,1,0.1,0.0733,0.0267,0.1,0.05828,0.04172,0.1,0.06808,0.03192,0.1,0.05029,0.04971,0,0
0,PAUSE,104,2194.8,1,0.1,0.07504,0.02496,0.1,0.06492,0.03508,0.1,0.06982,0.03018,0.1,0.05609,0.04391,0,0
0,PAUSE,105,2213.4,1,0.1,0.08028,0.01972,0.1,0.07488,0.02512,0.1,0.08027,0.01973,0.1,0.05803,0.04197,0,0
0,PAUSE,106,2233.9,1,0.1,0.08377,0.01623,0.1,0.08152,0.01848,0.1,0.08201,0.01799,0.1,0.06383,0.03617,0,0
0,PAUSE,107,2255.0,1,0.1,0.08901,0.01099,0.1,0.08484,0.01516,0.1,0.09072,0.00928,0.1,0.07157,0.02843,0,0
0,PAUSE,108,2276.1,1,0.1,0.0925,0.0075,0.1,0.08982,0.01018,0.1,0.09246,0.00754,0.1,0.08511,0.01489,0,0
0,PAUSE,109,2296.6,1,0.1,0.09599,0.00401,0.1,0.0948,0.0052,0.1,0.09768,0.00232,0.1,0.08317,0.01683,0,0
0,PAUSE,110,2317.2,1,0.1,0.09773,0.00227,0.1,0.09812,0.00188,0.1,0.10117,-0.00117,0.1,0.08897,0.01103,0,0
0,PAUSE,111,2338.1,1,0.1,0.09948,0.00052,0.1,0.10144,-0.00144,0.1,0.10465,-0.00465,0.1,0.09284,0.00716,0,0
0,PAUSE,112,2359.2,1,0.1,0.09948,0.00052,0.1,0.1031,-0.0031,0.1,0.10813,-0.00813,0.1,0.09671,0.00329,0,0
0,PAUSE,113,2380.5,1,0.1,0.10122,-0.00122,0.1,0.10477,-0.00477,0.1,0.10987,-0.00987,0.1,0.09865,0.00135,0,0
0,PAUSE,114,2401.1,1,0.1,0.10122,-0.00122,0.1,0.10643,-0.00643,0.1,0.11161,-0.01161,0.1,0.10058,-0.00058,0,0
0,PAUSE,115,2421.9,1,0.1,0.10122,-0.00122,0.1,0.10643,-0.00643,0.1,0.11161,-0.01161,0.1,0.10251,-0.00251,0,0
0,PAUSE,116,2444.4,1,0.1,0.10122,-0.00122,0.1,0.10643,-0.00643,0.1,0.11161,-0.01161,0.1,0.10251,-0.00251,0,0
0,PAUSE,117,2465.2,1,0.1,0.10122,-0.00122,0.1,0.10643,-0.00643,0.1,0.11161,-0.01161,0.1,0.10058,-0.00058,0,0
0,PAUSE,118,2487.2,1,0.1,0.10122,-0.00122,0.1,0.10643,-0.00643,0.1,0.11161,-0.01161,0.1,0.10445,-0.00445,0,0
0,PAUSE,119,2507.8,1,0.1,0.10122,-0.00122,0.1,0.10643,-0.00643,0.1,0.1151,-0.0151,0.1,0.10058,-0.00058,0,0
0,PAUSE,120,2526.7,1,0.1,0.10122,-0.00122,0.1,0.10809,-0.00809,0.1,0.11161,-0.01161,0.1,0.10058,-0.00058,0,0
0,PAUSE,121,2547.7,1,0.1,0.10122,-0.00122,0.1,0.10643,-0.00643,0.1,0.11161,-0.01161,0.1,0.10058,-0.00058,0,0
0,PAUSE,122,2569.2,1,0.1,0.10122,-0.00122,0.1,0.10643,-0.00643,0.1,0.11161,-0.01161,0.1,0.10251,-0.00251,0,0
0,PAUSE,123,2590.5,1,0.1,0.10471,-0.00471,0.1,0.10643,-0.00643,0.1,0.11161,-0.01161,0.1,0.10058,-0.00058,0,0
0,PAUSE,124,2609.3,1,0.1,0.10122,-0.00122,0.1,0.10643,-0.00643,0.1,0.10987,-0.00987,0.1,0.10251,-0.00251,0,0
0,PAUSE,125,2632.5,1,0.1,0.10122,-0.00122,0.1,0.10643,-0.00643,0.1,0.1151,-0.0151,0.1,0.10251,-0.00251,0,0
0,PAUSE,126,2651.1,1,0.1,0.10122,-0.00122,0.1,0.10643,-0.00643,0.1,0.10813,-0.00813,0.1,0.10251,-0.00251,0,0
0,PAUSE,127,2675.3,1,0.1,0.10297,-0.00297,0.1,0.10643,-0.00643,0.1,0.10639,-0.00639,0.1,0.10251,-0.00251,0,0
0,PAUSE,128,2693.1,1,0.1,0.10297,-0.00297,0.1,0.10643,-0.00643,0.1,0.10639,-0.00639,0.1,0.10251,-0.00251,0,0
0,PAUSE,129,2713.7,1,0.1,0.10122,-0.00122,0.1,0.10643,-0.00643,0.1,0.10639,-0.00639,0.1,0.10251,-0.00251,0,0
0,PAUSE,130,2734.1,1,0.1,0.10122,-0.00122,0.1,0.10643,-0.00643,0.1,0.10291,-0.00291,0.1,0.10251,-0.00251,0,0
0,PAUSE,131,2756.4,1,0.1,0.10122,-0.00122,0.1,0.10643,-0.00643,0.1,0.10117,-0.00117,0.1,0.10251,-0.00251,0,0
0,PAUSE,132,2777.0,1,0.1,0.10122,-0.00122,0.1,0.10643,-0.00643,0.1,0.10117,-0.00117,0.1,0.10251,-0.00251,0,0
0,PAUSE,133,2798.5,1,0.1,0.10122,-0.00122,0.1,0.10643,-0.00643,0.1,0.10117,-0.00117,0.1,0.10251,-0.00251,0,0
0,PAUSE,134,2820.3,1,0.1,0.10297,-0.00297,0.1,0.10643,-0.00643,0.1,0.10117,-0.00117,0.1,0.10251,-0.00251,0,0
0,PAUSE,135,2840.1,1,0.1,0.10122,-0.00122,0.1,0.10643,-0.00643,0.1,0.10117,-0.00117,0.1,0.10251,-0.00251,0,0
0,PAUSE,136,2858.7,1,0.1,0.10122,-0.00122,0.1,0.10643,-0.00643,0.1,0.10291,-0.00291,0.1,0.10251,-0.00251,0,0
0,PAUSE,137,2880.2,1,0.1,0.10122,-0.00122,0.1,0.10643,-0.00643,0.1,0.10117,-0.00117,0.1,0.10251,-0.00251,0,0
0,PAUSE,138,2901.1,1,0.1,0.10122,-0.00122,0.1,0.10643,-0.00643,0.1,0.10117,-0.00117,0.1,0.10251,-0.00251,0,0
0,PAUSE,139,2922.0,1,0.1,0.10122,-0.00122,0.1,0.10809,-0.00809,0.1,0.10117,-0.00117,0.1,0.10251,-0.00251,0,0
0,MOVE,140,2945.8,-1,0.105,0.10122,0.00378,0.105,0.10643,-0.00143,0.105,0.10117,0.00383,0.105,0.10251,0.00249,0,0
0,MOVE,141,2966.5,-1,0.11,0.10122,0.00878,0.11,0.11307,-0.00307,0.11,0.09943,0.01057,0.11,0.10251,0.00749,0,0
0,MOVE,142,2985.0,-1,0.115,0.10122,0.01378,0.115,0.10643,0.00857,0.115,0.09943,0.01557,0.115,0.10251,0.01249,0,0
0,MOVE,143,3006.1,-1,0.12,0.10297,0.01703,0.12,0.10643,0.01357,0.12,0.10291,0.01709,0.12,0.10058,0.01942,0,0
0,MOVE,144,3027.1,-1,0.125,0.10122,0.02378,0.125,0.10477,0.02023,0.125,0.10117,0.02383,0.125,0.10251,0.02249,0,0
0,MOVE,145,3046.9,-1,0.13,0.10122,0.02878,0.13,0.10643,0.02357,0.13,0.10117,0.02883,0.13,0.10445,0.02555,0,0
0,MOVE,146,3067.5,-1,0.135,0.10471,0.03029,0.135,0.10643,0.02857,0.135,0.09943,0.03557,0.135,0.10251,0.03249,0,0
0,MOVE,147,3088.8,-1,0.14,0.10122,0.03878,0.14,0.10643,0.03357,0.14,0.10117,0.03883,0.14,0.10058,0.03942,0,0
0,MOVE,148,3110.2,-1,0.145,0.10122,0.04378,0.145,0.10477,0.04023,0.145,0.09943,0.04557,0.145,0.10251,0.04249,0,0
0,MOVE,149,3131.4,-1,0.15,0.10297,0.04703,0.15,0.10643,0.04357,0.15,0.10117,0.04883,0.15,0.10251,0.04749,0,0
0,PAUSE,150,3151.3,2,0.15,0.10471,0.04529,0.15,0.10643,0.04357,0.15,0.10117,0.04883,0.15,0.10445,0.04555,0,0
0,PAUSE,151,3174.9,2,0.15,0.11169,0.03831,0.15,0.10809,0.04191,0.15,0.11336,0.03664,0.15,0.10638,0.04362,0,0
0,PAUSE,152,3193.7,2,0.15,0.11693,0.03307,0.15,0.11141,0.03859,0.15,0.11336,0.03664,0.15,0.11219,0.03781,0,0
0,PAUSE,153,3213.3,2,0.15,0.12216,0.02784,0.15,0.11805,0.03195,0.15,0.12206,0.02794,0.15,0.12186,0.02814,0,0
0,PAUSE,154,3233.6,2,0.15,0.13089,0.01911,0.15,0.12137,0.02863,0.15,0.12206,0.02794,0.15,0.12766,0.02234,0,0
0,PAUSE,155,3255.2,2,0.15,0.13438,0.01562,0.15,0.12967,0.02033,0.15,0.12903,0.02097,0.15,0.12766,0.02234,0,0
0,PAUSE,156,3277.1,2,0.15,0.14485,0.00515,0.15,0.13299,0.01701,0.15,0.13425,0.01575,0.15,0.13346,0.01654,0,0
0,PAUSE,157,3297.4,2,0.15,0.1466,0.0034,0.15,0.13963,0.01037,0.15,0.13947,0.01053,0.15,0.13733,0.01267,0,0
0,PAUSE,158,3317.7,2,0.15,0.15358,-0.00358,0.15,0.14461,0.00539,0.15,0.14296,0.00704,0.15,0.14313,0.00687,0,0
0,PAUSE,159,3338.1,2,0.15,0.15707,-0.00707,0.15,0.14793,0.00207,0.15,0.14644,0.00356,0.15,0.147,0.003,0,0
0,PAUSE,160,3360.3,2,0.15,0.1623,-0.0123,0.15,0.14959,0.00041,0.15,0.15166,-0.00166,0.15,0.15087,-0.00087,0,0
0,PAUSE,161,3380.3,2,0.15,0.16579,-0.01579,0.15,0.15291,-0.00291,0.15,0.15166,-0.00166,0.15,0.1528,-0.0028,0,0
0,PAUSE,162,3400.6,2,0.15,0.16754,-0.01754,0.15,0.15291,-0.00291,0.15,0.1534,-0.0034,0.15,0.1528,-0.0028,0,0
0,PAUSE,163,3421.6,2,0.15,0.16754,-0.01754,0.15,0.15291,-0.00291,0.15,0.15515,-0.00515,0.15,0.1528,-0.0028,0,0
0,PAUSE,164,3444.0,2,0.15,0.16754,-0.01754,0.15,0.15291,-0.00291,0.15,0.15515,-0.00515,0.15,0.1528,-0.0028,0,0
0,PAUSE,165,3466.3,2,0.15,0.16754,-0.01754,0.15,0.15291,-0.00291,0.15,0.15689,-0.00689,0.15,0.1528,-0.0028,0,0
0,PAUSE,166,3486.0,2,0.15,0.16754,-0.01754,0.15,0.15291,-0.00291,0.15,0.15515,-0.00515,0.15,0.1528,-0.0028,0,0
0,PAUSE,167,3506.8,2,0.15,0.16754,-0.01754,0.15,0.15291,-0.00291,0.15,0.15515,-0.00515,0.15,0.1528,-0.0028,0,0
0,PAUSE,168,3526.3,2,0.15,0.16579,-0.01579,0.15,0.15457,-0.00457,0.15,0.15515,-0.00515,0.15,0.1528,-0.0028,0,0
0,PAUSE,169,3547.1,2,0.15,0.16405,-0.01405,0.15,0.15291,-0.00291,0.15,0.15515,-0.00515,0.15,0.1528,-0.0028,0,0
0,PAUSE,170,3567.2,2,0.15,0.16405,-0.01405,0.15,0.15291,-0.00291,0.15,0.15515,-0.00515,0.15,0.15861,-0.00861,0,0
0,PAUSE,171,3590.0,2,0.15,0.1623,-0.0123,0.15,0.15291,-0.00291,0.15,0.15515,-0.00515,0.15,0.1528,-0.0028,0,0
0,PAUSE,172,3612.3,2,0.15,0.1623,-0.0123,0.15,0.15125,-0.00125,0.15,0.15515,-0.00515,0.15,0.15667,-0.00667,0,0
0,PAUSE,173,3632.8,2,0.15,0.16056,-0.01056,0.15,0.15291,-0.00291,0.15,0.15515,-0.00515,0.15,0.1528,-0.0028,0,0
0,PAUSE,174,3654.0,2,0.15,0.16056,-0.01056,0.15,0.15291,-0.00291,0.15,0.15515,-0.00515,0.15,0.1528,-0.0028,0,0
0,PAUSE,175,3673.4,2,0.15,0.16056,-0.01056,0.15,0.15457,-0.00457,0.15,0.15515,-0.00515,0.15,0.1528,-0.0028,0,0
0,PAUSE,176,3694.4,2,0.15,0.1623,-0.0123,0.15,0.15291,-0.00291,0.15,0.15515,-0.00515,0.15,0.1528,-0.0028,0,0
0,PAUSE,177,3712.9,2,0.15,0.1623,-0.0123,0.15,0.15291,-0.00291,0.15,0.15515,-0.00515,0.15,0.1528,-0.0028,0,0
0,PAUSE,178,3733.8,2,0.15,0.1623,-0.0123,0.15,0.15291,-0.00291,0.15,0.15515,-0.00515,0.15,0.1528,-0.0028,0,0
0,PAUSE,179,3754.5,2,0.15,0.1623,-0.0123,0.15,0.15291,-0.00291,0.15,0.16211,-0.01211,0.15,0.1528,-0.0028,0,0
0,PAUSE,180,3776.3,2,0.15,0.16754,-0.01754,0.15,0.15291,-0.00291,0.15,0.15515,-0.00515,0.15,0.1528,-0.0028,0,0
0,PAUSE,181,3798.0,2,0.15,0.16579,-0.01579,0.15,0.15457,-0.00457,0.15,0.15515,-0.00515,0.15,0.1528,-0.0028,0,0
0,PAUSE,182,3818.3,2,0.15,0.1623,-0.0123,0.15,0.15291,-0.00291,0.15,0.1534,-0.0034,0.15,0.1528,-0.0028,0,0
0,PAUSE,183,3839.5,2,0.15,0.16056,-0.01056,0.15,0.15623,-0.00623,0.15,0.15166,-0.00166,0.15,0.1528,-0.0028,0,0
0,PAUSE,184,3860.6,2,0.15,0.1623,-0.0123,0.15,0.15291,-0.00291,0.15,0.15166,-0.00166,0.15,0.1528,-0.0028,0,0
0,PAUSE,185,3883.0,2,0.15,0.15707,-0.00707,0.15,0.15291,-0.00291,0.15,0.14992,8e-05,0.15,0.1528,-0.0028,0,0
0,PAUSE,186,3903.5,2,0.15,0.15532,-0.00532,0.15,0.15291,-0.00291,0.15,0.14818,0.00182,0.15,0.15087,-0.00087,0,0
0,PAUSE,187,3924.1,2,0.15,0.15358,-0.00358,0.15,0.15291,-0.00291,0.15,0.14818,0.00182,0.15,0.1528,-0.0028,0,0
0,PAUSE,188,3944.4,2,0.15,0.15183,-0.00183,0.15,0.15457,-0.00457,0.15,0.14992,8e-05,0.15,0.1528,-0.0028,0,0
0,PAUSE,189,3963.3,2,0.15,0.15183,-0.00183,0.15,0.15291,-0.00291,0.15,0.14992,8e-05,0.15,0.1528,-0.0028,0,0
0,MOVE,190,3985.5,-1,0.155,0.15532,-0.00032,0.155,0.15291,0.00209,0.155,0.14992,0.00508,0.155,0.15474,0.00026,0,0
0,MOVE,191,4006.5,-1,0.16,0.15183,0.00817,0.16,0.15457,0.00543,0.16,0.15166,0.00834,0.16,0.1528,0.0072,0,0
0,MOVE,192,4026.6,-1,0.165,0.15183,0.01317,0.165,0.15457,0.01043,0.165,0.14992,0.01508,0.165,0.1528,0.0122,0,0
0,MOVE,193,4046.6,-1,0.17,0.15183,0.01817,0.17,0.15291,0.01709,0.17,0.14992,0.02008,0.17,0.1528,0.0172,0,0
0,MOVE,194,4066.7,-1,0.175,0.15183,0.02317,0.175,0.15291,0.02209,0.175,0.14992,0.02508,0.175,0.1528,0.0222,0,0
0,MOVE,195,4088.3,-1,0.18,0.15358,0.02642,0.18,0.15291,0.02709,0.18,0.14818,0.03182,0.18,0.1528,0.0272,0,0
0,MOVE,196,4110.3,-1,0.185,0.15183,0.03317,0.185,0.15457,0.03043,0.185,0.14992,0.03508,0.185,0.1528,0.0322,0,0
0,MOVE,197,4132.4,-1,0.19,0.15183,0.03817,0.19,0.15291,0.03709,0.19,0.14992,0.04008,0.19,0.1528,0.0372,0,0
0,MOVE,198,4150.9,-1,0.195,0.15358,0.04142,0.195,0.15457,0.04043,0.195,0.14992,0.04508,0.195,0.1528,0.0422,0,0
0,MOVE,199,4171.7,-1,0.2,0.15532,0.04468,0.2,0.15457,0.04543,0.2,0.15689,0.04311,0.2,0.1528,0.0472,0,0
0,PAUSE,200,4192.2,3,0.2,0.15532,0.04468,0.2,0.16122,0.03878,0.2,0.1534,0.0466,0.2,0.15474,0.04526,0,0
0,PAUSE,201,4214.2,3,0.2,0.16405,0.03595,0.2,0.16122,0.03878,0.2,0.15689,0.04311,0.2,0.16441,0.03559,0,0
0,PAUSE,202,4234.2,3,0.2,0.16579,0.03421,0.2,0.16454,0.03546,0.2,0.16211,0.03789,0.2,0.16248,0.03752,0,0
0,PAUSE,203,4255.2,3,0.2,0.16928,0.03072,0.2,0.16952,0.03048,0.2,0.16908,0.03092,0.2,0.16634,0.03366,0,0
0,PAUSE,204,4275.6,3,0.2,0.17976,0.02024,0.2,0.17616,0.02384,0.2,0.1743,0.0257,0.2,0.17021,0.02979,0,0
0,PAUSE,205,4296.6,3,0.2,0.18325,0.01675,0.2,0.17948,0.02052,0.2,0.18126,0.01874,0.2,0.18182,0.01818,0,0
0,PAUSE,206,4317.6,3,0.2,0.18848,0.01152,0.2,0.18446,0.01554,0.2,0.18823,0.01177,0.2,0.18182,0.01818,0,0
0,PAUSE,207,4339.6,3,0.2,0.19546,0.00454,0.2,0.1911,0.0089,0.2,0.19345,0.00655,0.2,0.18762,0.01238,0,0
0,PAUSE,208,4362.5,3,0.2,0.19372,0.00628,0.2,0.19608,0.00392,0.2,0.19694,0.00306,0.2,0.19342,0.00658,0,0
0,PAUSE,209,4381.0,3,0.2,0.19197,0.00803,0.2,0.1994,0.0006,0.2,0.20042,-0.00042,0.2,0.19729,0.00271,0,0
0,PAUSE,210,4402.1,3,0.2,0.19895,0.00105,0.2,0.20272,-0.00272,0.2,0.2039,-0.0039,0.2,0.20116,-0.00116,0,0
0,PAUSE,211,4424.8,3,0.2,0.20244,-0.00244,0.2,0.20604,-0.00604,0.2,0.20564,-0.00564,0.2,0.20503,-0.00503,0,0
0,PAUSE,212,4443.7,3,0.2,0.20419,-0.00419,0.2,0.2077,-0.0077,0.2,0.20738,-0.00738,0.2,0.2089,-0.0089,0,0
0,PAUSE,213,4464.7,3,0.2,0.20419,-0.00419,0.2,0.20936,-0.00936,0.2,0.20738,-0.00738,0.2,0.21083,-0.01083,0,0
0,PAUSE,214,4485.5,3,0.2,0.20593,-0.00593,0.2,0.20936,-0.00936,0.2,0.20912,-0.00912,0.2,0.21083,-0.01083,0,0
0,PAUSE,215,4507.2,3,0.2,0.20593,-0.00593,0.2,0.21102,-0.01102,0.2,0.20738,-0.00738,0.2,0.21277,-0.01277,0,0
0,PAUSE,216,4526.0,3,0.2,0.20419,-0.00419,0.2,0.20936,-0.00936,0.2,0.20912,-0.00912,0.2,0.21083,-0.01083,0,0
0,PAUSE,217,4547.4,3,0.2,0.20593,-0.00593,0.2,0.21601,-0.01601,0.2,0.20738,-0.00738,0.2,0.2147,-0.0147,0,0
0,PAUSE,218,4567.1,3,0.2,0.20768,-0.00768,0.2,0.20936,-0.00936,0.2,0.20738,-0.00738,0.2,0.2147,-0.0147,0,0
0,PAUSE,219,4589.1,3,0.2,0.20419,-0.00419,0.2,0.20936,-0.00936,0.2,0.20912,-0.00912,0.2,0.2089,-0.0089,0,0
0,PAUSE,220,4612.8,3,0.2,0.20768,-0.00768,0.2,0.21102,-0.01102,0.2,0.20738,-0.00738,0.2,0.21277,-0.01277,0,0
0,PAUSE,221,4630.9,3,0.2,0.20593,-0.00593,0.2,0.21435,-0.01435,0.2,0.20738,-0.00738,0.2,0.21083,-0.01083,0,0
0,PAUSE,222,4651.4,3,0.2,0.20593,-0.00593,0.2,0.21102,-0.01102,0.2,0.20912,-0.00912,0.2,0.21083,-0.01083,0,0
0,PAUSE,223,4674.0,3,0.2,0.20768,-0.00768,0.2,0.20936,-0.00936,0.2,0.20738,-0.00738,0.2,0.21083,-0.01083,0,0
0,PAUSE,224,4696.5,3,0.2,0.20419,-0.00419,0.2,0.20936,-0.00936,0.2,0.20738,-0.00738,0.2,0.21083,-0.01083,0,0
0,PAUSE,225,4717.6,3,0.2,0.20419,-0.00419,0.2,0.20936,-0.00936,0.2,0.20738,-0.00738,0.2,0.21083,-0.01083,0,0
0,PAUSE,226,4734.3,3,0.2,0.20419,-0.00419,0.2,0.20936,-0.00936,0.2,0.20912,-0.00912,0.2,0.21083,-0.01083,0,0
0,PAUSE,227,4756.0,3,0.2,0.20419,-0.00419,0.2,0.20936,-0.00936,0.2,0.20738,-0.00738,0.2,0.21083,-0.01083,0,0
0,PAUSE,228,4776.8,3,0.2,0.20419,-0.00419,0.2,0.20936,-0.00936,0.2,0.21087,-0.01087,0.2,0.2147,-0.0147,0,0
0,PAUSE,229,4797.5,3,0.2,0.20593,-0.00593,0.2,0.21102,-0.01102,0.2,0.20216,-0.00216,0.2,0.2089,-0.0089,0,0
0,PAUSE,230,4818.0,3,0.2,0.20593,-0.00593,0.2,0.21102,-0.01102,0.2,0.20042,-0.00042,0.2,0.2089,-0.0089,0,0
0,PAUSE,231,4838.8,3,0.2,0.20593,-0.00593,0.2,0.20936,-0.00936,0.2,0.20042,-0.00042,0.2,0.20503,-0.00503,0,0
0,PAUSE,232,4860.6,3,0.2,0.20419,-0.00419,0.2,0.20936,-0.00936,0.2,0.20042,-0.00042,0.2,0.20116,-0.00116,0,0
0,PAUSE,233,4882.0,3,0.2,0.20593,-0.00593,0.2,0.20936,-0.00936,0.2,0.20042,-0.00042,0.2,0.19923,0.00077,0,0
0,PAUSE,234,4904.1,3,0.2,0.20593,-0.00593,0.2,0.21102,-0.01102,0.2,0.19868,0.00132,0.2,0.19729,0.00271,0,0
0,PAUSE,235,4924.5,3,0.2,0.20419,-0.00419,0.2,0.20936,-0.00936,0.2,0.19868,0.00132,0.2,0.19729,0.00271,0,0
0,PAUSE,236,4944.9,3,0.2,0.20419,-0.00419,0.2,0.21102,-0.01102,0.2,0.20042,-0.00042,0.2,0.19729,0.00271,0,0
0,PAUSE,237,4964.2,3,0.2,0.20593,-0.00593,0.2,0.21102,-0.01102,0.2,0.20042,-0.00042,0.2,0.19729,0.00271,0,0
0,PAUSE,238,4984.4,3,0.2,0.20419,-0.00419,0.2,0.20936,-0.00936,0.2,0.19868,0.00132,0.2,0.19729,0.00271,0,0
0,PAUSE,239,5005.4,3,0.2,0.20593,-0.00593,0.2,0.20936,-0.00936,0.2,0.20042,-0.00042,0.2,0.19729,0.00271,0,0
0,MOVE,240,5026.0,-1,0.205,0.20593,-0.00093,0.205,0.21102,-0.00602,0.205,0.19868,0.00632,0.205,0.19729,0.00771,0,0
0,MOVE,241,5046.6,-1,0.21,0.20419,0.00581,0.21,0.21102,-0.00102,0.21,0.20042,0.00958,0.21,0.19729,0.01271,0,0
0,MOVE,242,5068.1,-1,0.215,0.20593,0.00907,0.215,0.20936,0.00564,0.215,0.20042,0.01458,0.215,0.19536,0.01964,0,0
0,MOVE,243,5089.4,-1,0.22,0.20593,0.01407,0.22,0.20936,0.01064,0.22,0.19868,0.02132,0.22,0.19729,0.02271,0,0
0,MOVE,244,5109.8,-1,0.225,0.20419,0.02081,0.225,0.20936,0.01564,0.225,0.20042,0.02458,0.225,0.19536,0.02964,0,0
0,MOVE,245,5131.0,-1,0.23,0.20593,0.02407,0.23,0.20936,0.02064,0.23,0.20042,0.02958,0.23,0.19729,0.03271,0,0
0,MOVE,246,5151.1,-1,0.235,0.20768,0.02732,0.235,0.21102,0.02398,0.235,0.20042,0.03458,0.235,0.19729,0.03771,0,0
0,MOVE,247,5173.8,-1,0.24,0.20768,0.03232,0.24,0.20936,0.03064,0.24,0.20042,0.03958,0.24,0.19729,0.04271,0,0
0,MOVE,248,5194.8,-1,0.245,0.20768,0.03732,0.245,0.20936,0.03564,0.245,0.20042,0.04458,0.245,0.19536,0.04964,0,0
0,MOVE,249,5213.5,-1,0.25,0.20768,0.04232,0.25,0.21933,0.03067,0.25,0.20042,0.04958,0.25,0.19729,0.05271,0,0
0,PAUSE,250,5234.5,4,0.25,0.20768,0.04232,0.25,0.22431,0.02569,0.25,0.20216,0.04784,0.25,0.20503,0.04497,0,0
0,PAUSE,251,5256.2,4,0.25,0.21466,0.03534,0.25,0.21767,0.03233,0.25,0.20564,0.04436,0.25,0.19923,0.05077,0,0
0,PAUSE,252,5275.5,4,0.25,0.21466,0.03534,0.25,0.22099,0.02901,0.25,0.21435,0.03565,0.25,0.19923,0.05077,0,0
0,PAUSE,253,5296.2,4,0.25,0.21815,0.03185,0.25,0.22763,0.02237,0.25,0.21957,0.03043,0.25,0.20696,0.04304,0,0
0,PAUSE,254,5317.8,4,0.25,0.22339,0.02661,0.25,0.23427,0.01573,0.25,0.21957,0.03043,0.25,0.21277,0.03723,0,0
0,PAUSE,255,5339.8,4,0.25,0.22862,0.02138,0.25,0.24423,0.00577,0.25,0.22654,0.02346,0.25,0.22437,0.02563,0,0
0,PAUSE,256,5361.2,4,0.25,0.23909,0.01091,0.25,0.25087,-0.00087,0.25,0.23176,0.01824,0.25,0.23985,0.01015,0,0
0,PAUSE,257,5382.7,4,0.25,0.24607,0.00393,0.25,0.25419,-0.00419,0.25,0.23524,0.01476,0.25,0.24758,0.00242,0,0
0,PAUSE,258,5402.9,4,0.25,0.24607,0.00393,0.25,0.25751,-0.00751,0.25,0.23698,0.01302,0.25,0.25145,-0.00145,0,0
0,PAUSE,259,5422.3,4,0.25,0.24782,0.00218,0.25,0.26083,-0.01083,0.25,0.23873,0.01127,0.25,0.25725,-0.00725,0,0
0,PAUSE,260,5442.0,4,0.25,0.25305,-0.00305,0.25,0.26083,-0.01083,0.25,0.23873,0.01127,0.25,0.26112,-0.01112,0,0
0,PAUSE,261,5463.4,4,0.25,0.25654,-0.00654,0.25,0.26249,-0.01249,0.25,0.24221,0.00779,0.25,0.26499,-0.01499,0,0
0,PAUSE,262,5484.3,4,0.25,0.25829,-0.00829,0.25,0.26415,-0.01415,0.25,0.24395,0.00605,0.25,0.26692,-0.01692,0,0
0,PAUSE,263,5505.3,4,0.25,0.26003,-0.01003,0.25,0.26415,-0.01415,0.25,0.24743,0.00257,0.25,0.26692,-0.01692,0,0
0,PAUSE,264,5526.6,4,0.25,0.26003,-0.01003,0.25,0.26249,-0.01249,0.25,0.24917,0.00083,0.25,0.26692,-0.01692,0,0
0,PAUSE,265,5547.1,4,0.25,0.26178,-0.01178,0.25,0.26415,-0.01415,0.25,0.24917,0.00083,0.25,0.26692,-0.01692,0,0
0,PAUSE,266,5567.4,4,0.25,0.25829,-0.00829,0.25,0.26415,-0.01415,0.25,0.25091,-0.00091,0.25,0.26692,-0.01692,0,0
0,PAUSE,267,5588.4,4,0.25,0.25829,-0.00829,0.25,0.26415,-0.01415,0.25,0.25091,-0.00091,0.25,0.26692,-0.01692,0,0
0,PAUSE,268,5609.6,4,0.25,0.26003,-0.01003,0.25,0.26415,-0.01415,0.25,0.25091,-0.00091,0.25,0.26692,-0.01692,0,0
0,PAUSE,269,5631.1,4,0.25,0.26003,-0.01003,0.25,0.26415,-0.01415,0.25,0.25091,-0.00091,0.25,0.26692,-0.01692,0,0
0,PAUSE,270,5650.5,4,0.25,0.26003,-0.01003,0.25,0.26415,-0.01415,0.25,0.25091,-0.00091,0.25,0.27079,-0.02079,0,0
0,PAUSE,271,5671.5,4,0.25,0.26003,-0.01003,0.25,0.26249,-0.01249,0.25,0.25091,-0.00091,0.25,0.26692,-0.01692,0,0
0,PAUSE,272,5692.3,4,0.25,0.26003,-0.01003,0.25,0.26415,-0.01415,0.25,0.25091,-0.00091,0.25,0.26692,-0.01692,0,0
0,PAUSE,273,5713.6,4,0.25,0.26003,-0.01003,0.25,0.26415,-0.01415,0.25,0.25091,-0.00091,0.25,0.26692,-0.01692,0,0
0,PAUSE,274,5734.2,4,0.25,0.25829,-0.00829,0.25,0.26415,-0.01415,0.25,0.25091,-0.00091,0.25,0.27079,-0.02079,0,0
0,PAUSE,275,5756.0,4,0.25,0.26003,-0.01003,0.25,0.26581,-0.01581,0.25,0.25266,-0.00266,0.25,0.26692,-0.01692,0,0
0,PAUSE,276,5775.9,4,0.25,0.25829,-0.00829,0.25,0.26415,-0.01415,0.25,0.25091,-0.00091,0.25,0.26886,-0.01886,0,0
0,PAUSE,277,5797.7,4,0.25,0.26003,-0.01003,0.25,0.26415,-0.01415,0.25,0.25091,-0.00091,0.25,0.26692,-0.01692,0,0
0,PAUSE,278,5819.9,4,0.25,0.26003,-0.01003,0.25,0.26249,-0.01249,0.25,0.25266,-0.00266,0.25,0.26886,-0.01886,0,0
0,PAUSE,279,5842.1,4,0.25,0.26702,-0.01702,0.25,0.26415,-0.01415,0.25,0.25091,-0.00091,0.25,0.26112,-0.01112,0,0
0,PAUSE,280,5861.2,4,0.25,0.26003,-0.01003,0.25,0.26415,-0.01415,0.25,0.25091,-0.00091,0.25,0.25725,-0.00725,0,0
0,PAUSE,281,5880.4,4,0.25,0.26876,-0.01876,0.25,0.26415,-0.01415,0.25,0.24917,0.00083,0.25,0.26306,-0.01306,0,0
0,PAUSE,282,5901.7,4,0.25,0.26702,-0.01702,0.25,0.26415,-0.01415,0.25,0.25091,-0.00091,0.25,0.25338,-0.00338,0,0
0,PAUSE,283,5921.7,4,0.25,0.25829,-0.00829,0.25,0.26415,-0.01415,0.25,0.25091,-0.00091,0.25,0.25145,-0.00145,0,0
0,PAUSE,284,5942.8,4,0.25,0.25829,-0.00829,0.25,0.26415,-0.01415,0.25,0.24917,0.00083,0.25,0.24952,0.00048,0,0
0,PAUSE,285,5964.9,4,0.25,0.2548,-0.0048,0.25,0.25917,-0.00917,0.25,0.25091,-0.00091,0.25,0.25145,-0.00145,0,0
0,PAUSE,286,5986.1,4,0.25,0.25131,-0.00131,0.25,0.25751,-0.00751,0.25,0.25091,-0.00091,0.25,0.24952,0.00048,0,0
0,PAUSE,287,6006.9,4,0.25,0.24956,0.00044,0.25,0.26249,-0.01249,0.25,0.24917,0.00083,0.25,0.24952,0.00048,0,0
0,PAUSE,288,6026.5,4,0.25,0.24782,0.00218,0.25,0.26249,-0.01249,0.25,0.25091,-0.00091,0.25,0.24952,0.00048,0,0
0,PAUSE,289,6046.1,4,0.25,0.24782,0.00218,0.25,0.26249,-0.01249,0.25,0.25091,-0.00091,0.25,0.24952,0.00048,0,0
0,MOVE,290,6067.1,-1,0.255,0.24607,0.00893,0.255,0.26249,-0.00749,0.255,0.24917,0.00583,0.255,0.24952,0.00548,0,0
0,MOVE,291,6088.3,-1,0.26,0.24782,0.01218,0.26,0.26083,-0.00083,0.26,0.25091,0.00909,0.26,0.24952,0.01048,0,0
0,MOVE,292,6109.0,-1,0.265,0.24607,0.01893,0.265,0.25917,0.00583,0.265,0.25091,0.01409,0.265,0.24952,0.01548,0,0
0,MOVE,293,6130.0,-1,0.27,0.24607,0.02393,0.27,0.25751,0.01249,0.27,0.25091,0.01909,0.27,0.24952,0.02048,0,0
0,MOVE,294,6152.9,-1,0.275,0.24607,0.02893,0.275,0.25751,0.01749,0.275,0.25266,0.02234,0.275,0.24952,0.02548,0,0
0,MOVE,295,6173.0,-1,0.28,0.24607,0.03393,0.28,0.25751,0.02249,0.28,0.25266,0.02734,0.28,0.24952,0.03048,0,0
0,MOVE,296,6192.2,-1,0.285,0.25305,0.03195,0.285,0.26415,0.02085,0.285,0.25091,0.03409,0.285,0.25145,0.03355,0,0
0,MOVE,297,6213.7,-1,0.29,0.24956,0.04044,0.29,0.25751,0.03249,0.29,0.25091,0.03909,0.29,0.24758,0.04242,0,0
0,MOVE,298,6235.2,-1,0.295,0.24956,0.04544,0.295,0.25751,0.03749,0.295,0.25091,0.04409,0.295,0.24952,0.04548,0,0
0,MOVE,299,6255.2,-1,0.3,0.2548,0.0452,0.3,0.25751,0.04249,0.3,0.25266,0.04734,0.3,0.26112,0.03888,0,0
0,PAUSE,300,6277.5,5,0.3,0.24956,0.05044,0.3,0.25917,0.04083,0.3,0.2544,0.0456,0.3,0.24952,0.05048,0,0
0,PAUSE,301,6298.1,5,0.3,0.24956,0.05044,0.3,0.25751,0.04249,0.3,0.25788,0.04212,0.3,0.25145,0.04855,0,0
0,PAUSE,302,6320.1,5,0.3,0.25305,0.04695,0.3,0.26913,0.03087,0.3,0.26136,0.03864,0.3,0.25145,0.04855,0,0
0,PAUSE,303,6340.8,5,0.3,0.26003,0.03997,0.3,0.26913,0.03087,0.3,0.26833,0.03167,0.3,0.25145,0.04855,0,0
0,PAUSE,304,6359.6,5,0.3,0.26876,0.03124,0.3,0.27412,0.02588,0.3,0.27529,0.02471,0.3,0.25919,0.04081,0,0
0,PAUSE,305,6380.4,5,0.3,0.27225,0.02775,0.3,0.28242,0.01758,0.3,0.28052,0.01948,0.3,0.26306,0.03694,0,0
0,PAUSE,306,6401.1,5,0.3,0.28098,0.01902,0.3,0.2874,0.0126,0.3,0.28748,0.01252,0.3,0.27079,0.02921,0,0
0,PAUSE,307,6422.4,5,0.3,0.2897,0.0103,0.3,0.28242,0.01758,0.3,0.29619,0.00381,0.3,0.2766,0.0234,0,0
0,PAUSE,308,6444.4,5,0.3,0.29668,0.00332,0.3,0.30068,-0.00068,0.3,0.29967,0.00033,0.3,0.28433,0.01567,0,0
0,PAUSE,309,6463.8,5,0.3,0.30192,-0.00192,0.3,0.304,-0.004,0.3,0.30315,-0.00315,0.3,0.29014,0.00986,0,0
0,PAUSE,310,6485.4,5,0.3,0.30716,-0.00716,0.3,0.30732,-0.00732,0.3,0.30838,-0.00838,0.3,0.29787,0.00213,0,0
0,PAUSE,311,6507.3,5,0.3,0.31239,-0.01239,0.3,0.30898,-0.00898,0.3,0.31186,-0.01186,0.3,0.30174,-0.00174,0,0
0,PAUSE,312,6527.8,5,0.3,0.3089,-0.0089,0.3,0.3123,-0.0123,0.3,0.31534,-0.01534,0.3,0.30561,-0.00561,0,0
0,PAUSE,313,6547.3,5,0.3,0.31588,-0.01588,0.3,0.3123,-0.0123,0.3,0.3136,-0.0136,0.3,0.30948,-0.00948,0,0
0,PAUSE,314,6567.5,5,0.3,0.31588,-0.01588,0.3,0.31396,-0.01396,0.3,0.3136,-0.0136,0.3,0.31335,-0.01335,0,0
0,PAUSE,315,6588.8,5,0.3,0.31588,-0.01588,0.3,0.31396,-0.01396,0.3,0.3136,-0.0136,0.3,0.31528,-0.01528,0,0
0,PAUSE,316,6609.2,5,0.3,0.31588,-0.01588,0.3,0.3123,-0.0123,0.3,0.3136,-0.0136,0.3,0.31528,-0.01528,0,0
0,PAUSE,317,6629.4,5,0.3,0.31588,-0.01588,0.3,0.3123,-0.0123,0.3,0.3136,-0.0136,0.3,0.31528,-0.01528,0,0
0,PAUSE,318,6651.4,5,0.3,0.31588,-0.01588,0.3,0.31396,-0.01396,0.3,0.3136,-0.0136,0.3,0.31915,-0.01915,0,0
0,PAUSE,319,6673.0,5,0.3,0.31763,-0.01763,0.3,0.31396,-0.01396,0.3,0.31534,-0.01534,0.3,0.31528,-0.01528,0,0
0,PAUSE,320,6693.0,5,0.3,0.31588,-0.01588,0.3,0.31396,-0.01396,0.3,0.31534,-0.01534,0.3,0.31528,-0.01528,0,0
0,PAUSE,321,6713.5,5,0.3,0.31588,-0.01588,0.3,0.3123,-0.0123,0.3,0.31186,-0.01186,0.3,0.31528,-0.01528,0,0
0,PAUSE,322,6734.3,5,0.3,0.31588,-0.01588,0.3,0.31562,-0.01562,0.3,0.31186,-0.01186,0.3,0.31528,-0.01528,0,0
0,PAUSE,323,6757.3,5,0.3,0.31588,-0.01588,0.3,0.31396,-0.01396,0.3,0.31012,-0.01012,0.3,0.31915,-0.01915,0,0
0,PAUSE,324,6777.4,5,0.3,0.31588,-0.01588,0.3,0.31396,-0.01396,0.3,0.31012,-0.01012,0.3,0.31528,-0.01528,0,0
0,PAUSE,325,6798.1,5,0.3,0.31588,-0.01588,0.3,0.3123,-0.0123,0.3,0.31012,-0.01012,0.3,0.31528,-0.01528,0,0
0,PAUSE,326,6818.9,5,0.3,0.31588,-0.01588,0.3,0.31396,-0.01396,0.3,0.31012,-0.01012,0.3,0.31528,-0.01528,0,0
0,PAUSE,327,6839.9,5,0.3,0.31588,-0.01588,0.3,0.31396,-0.01396,0.3,0.31012,-0.01012,0.3,0.32108,-0.02108,0,0
0,PAUSE,328,6861.5,5,0.3,0.31414,-0.01414,0.3,0.31396,-0.01396,0.3,0.31012,-0.01012,0.3,0.31721,-0.01721,0,0
0,PAUSE,329,6882.7,5,0.3,0.31239,-0.01239,0.3,0.3123,-0.0123,0.3,0.31012,-0.01012,0.3,0.31528,-0.01528,0,0
0,PAUSE,330,6901.1,5,0.3,0.31065,-0.01065,0.3,0.3123,-0.0123,0.3,0.31012,-0.01012,0.3,0.31528,-0.01528,0,0
0,PAUSE,331,6922.3,5,0.3,0.30716,-0.00716,0.3,0.31396,-0.01396,0.3,0.30663,-0.00663,0.3,0.31528,-0.01528,0,0
0,PAUSE,332,6942.9,5,0.3,0.30541,-0.00541,0.3,0.31396,-0.01396,0.3,0.30315,-0.00315,0.3,0.31335,-0.01335,0,0
0,PAUSE,333,6963.6,5,0.3,0.30366,-0.00366,0.3,0.3123,-0.0123,0.3,0.30141,-0.00141,0.3,0.31141,-0.01141,0,0
0,PAUSE,334,6984.7,5,0.3,0.30192,-0.00192,0.3,0.31396,-0.01396,0.3,0.29967,0.00033,0.3,0.30754,-0.00754,0,0
0,PAUSE,335,7005.8,5,0.3,0.30192,-0.00192,0.3,0.3123,-0.0123,0.3,0.29793,0.00207,0.3,0.30561,-0.00561,0,0
0,PAUSE,336,7025.5,5,0.3,0.30192,-0.00192,0.3,0.31396,-0.01396,0.3,0.29793,0.00207,0.3,0.30561,-0.00561,0,0
0,PAUSE,337,7047.3,5,0.3,0.30192,-0.00192,0.3,0.31396,-0.01396,0.3,0.29619,0.00381,0.3,0.30174,-0.00174,0,0
0,PAUSE,338,7068.0,5,0.3,0.30192,-0.00192,0.3,0.31396,-0.01396,0.3,0.29619,0.00381,0.3,0.30174,-0.00174,0,0
0,PAUSE,339,7089.2,5,0.3,0.30017,-0.00017,0.3,0.31396,-0.01396,0.3,0.29619,0.00381,0.3,0.30561,-0.00561,0,0
0,MOVE,340,7110.0,-1,0.305,0.30192,0.00308,0.305,0.3123,-0.0073,0.305,0.29619,0.00881,0.305,0.30174,0.00326,0,0
0,MOVE,341,7130.6,-1,0.31,0.30192,0.00808,0.31,0.3123,-0.0023,0.31,0.29619,0.01381,0.31,0.30174,0.00826,0,0
0,MOVE,342,7151.7,-1,0.315,0.30192,0.01308,0.315,0.3123,0.0027,0.315,0.29619,0.01881,0.315,0.30174,0.01326,0,0
0,MOVE,343,7172.0,-1,0.32,0.30192,0.01808,0.32,0.31396,0.00604,0.32,0.29619,0.02381,0.32,0.30174,0.01826,0,0
0,MOVE,344,7192.9,-1,0.325,0.30192,0.02308,0.325,0.31396,0.01104,0.325,0.29619,0.02881,0.325,0.30174,0.02326,0,0
0,MOVE,345,7215.3,-1,0.33,0.30192,0.02808,0.33,0.31396,0.01604,0.33,0.29619,0.03381,0.33,0.30174,0.02826,0,0
0,MOVE,346,7235.7,-1,0.335,0.30192,0.03308,0.335,0.31396,0.02104,0.335,0.30141,0.03359,0.335,0.29981,0.03519,0,0
0,MOVE,347,7256.4,-1,0.34,0.30017,0.03983,0.34,0.31562,0.02438,0.34,0.29793,0.04207,0.34,0.29981,0.04019,0,0
0,MOVE,348,7277.1,-1,0.345,0.31065,0.03435,0.345,0.32226,0.02274,0.345,0.29967,0.04533,0.345,0.30174,0.04326,0,0
0,MOVE,349,7297.6,-1,0.35,0.30192,0.04808,0.35,0.3206,0.0294,0.35,0.29967,0.05033,0.35,0.30174,0.04826,0,0
0,PAUSE,350,7319.5,6,0.35,0.31065,0.03935,0.35,0.31562,0.03438,0.35,0.30141,0.04859,0.35,0.30754,0.04246,0,0
0,PAUSE,351,7338.8,6,0.35,0.30366,0.04634,0.35,0.32392,0.02608,0.35,0.30141,0.04859,0.35,0.30174,0.04826,0,0
0,PAUSE,352,7359.3,6,0.35,0.31065,0.03935,0.35,0.32891,0.02109,0.35,0.29793,0.05207,0.35,0.30174,0.04826,0,0
0,PAUSE,353,7380.9,6,0.35,0.30541,0.04459,0.35,0.32891,0.02109,0.35,0.30141,0.04859,0.35,0.30754,0.04246,0,0
0,PAUSE,354,7402.8,6,0.35,0.31588,0.03412,0.35,0.33555,0.01445,0.35,0.30663,0.04337,0.35,0.30561,0.04439,0,0
0,PAUSE,355,7423.1,6,0.35,0.31588,0.03412,0.35,0.34385,0.00615,0.35,0.31186,0.03814,0.35,0.31335,0.03665,0,0
0,PAUSE,356,7443.1,6,0.35,0.32461,0.02539,0.35,0.34551,0.00449,0.35,0.32405,0.02595,0.35,0.32495,0.02505,0,0
0,PAUSE,357,7464.5,6,0.35,0.33159,0.01841,0.35,0.35713,-0.00713,0.35,0.32753,0.02247,0.35,0.32689,0.02311,0,0
0,PAUSE,358,7486.1,6,0.35,0.33682,0.01318,0.35,0.35713,-0.00713,0.35,0.33624,0.01376,0.35,0.33269,0.01731,0,0
0,PAUSE,359,7505.7,6,0.35,0.34206,0.00794,0.35,0.36045,-0.01045,0.35,0.34146,0.00854,0.35,0.34043,0.00957,0,0
0,PAUSE,360,7526.4,6,0.35,0.34729,0.00271,0.35,0.36377,-0.01377,0.35,0.34842,0.00158,0.35,0.34623,0.00377,0,0
0,PAUSE,361,7547.2,6,0.35,0.35079,-0.00079,0.35,0.36377,-0.01377,0.35,0.35365,-0.00365,0.35,0.35397,-0.00397,0,0
0,PAUSE,362,7567.9,6,0.35,0.35428,-0.00428,0.35,0.36377,-0.01377,0.35,0.35887,-0.00887,0.35,0.35397,-0.00397,0,0
0,PAUSE,363,7590.2,6,0.35,0.35602,-0.00602,0.35,0.36377,-0.01377,0.35,0.3728,-0.0228,0.35,0.35397,-0.00397,0,0
0,PAUSE,364,7612.8,6,0.35,0.35602,-0.00602,0.35,0.36377,-0.01377,0.35,0.3641,-0.0141,0.35,0.35397,-0.00397,0,0
0,PAUSE,365,7633.9,6,0.35,0.35777,-0.00777,0.35,0.36377,-0.01377,0.35,0.36584,-0.01584,0.35,0.35397,-0.00397,0,0
0,PAUSE,366,7651.7,6,0.35,0.35777,-0.00777,0.35,0.36377,-0.01377,0.35,0.36584,-0.01584,0.35,0.35783,-0.00783,0,0
0,PAUSE,367,7671.6,6,0.35,0.35777,-0.00777,0.35,0.36543,-0.01543,0.35,0.3641,-0.0141,0.35,0.35397,-0.00397,0,0
0,PAUSE,368,7693.3,6,0.35,0.35951,-0.00951,0.35,0.36377,-0.01377,0.35,0.3641,-0.0141,0.35,0.3559,-0.0059,0,0
0,PAUSE,369,7715.3,6,0.35,0.35951,-0.00951,0.35,0.36377,-0.01377,0.35,0.3641,-0.0141,0.35,0.35397,-0.00397,0,0
0,PAUSE,370,7736.2,6,0.35,0.35777,-0.00777,0.35,0.36377,-0.01377,0.35,0.36235,-0.01235,0.35,0.35397,-0.00397,0,0
0,PAUSE,371,7760.4,6,0.35,0.35777,-0.00777,0.35,0.36377,-0.01377,0.35,0.36235,-0.01235,0.35,0.35397,-0.00397,0,0
0,PAUSE,372,7777.3,6,0.35,0.35951,-0.00951,0.35,0.36377,-0.01377,0.35,0.36235,-0.01235,0.35,0.35397,-0.00397,0,0
0,PAUSE,373,7796.7,6,0.35,0.35777,-0.00777,0.35,0.36377,-0.01377,0.35,0.36235,-0.01235,0.35,0.35397,-0.00397,0,0
0,PAUSE,374,7817.2,6,0.35,0.35951,-0.00951,0.35,0.36543,-0.01543,0.35,0.36061,-0.01061,0.35,0.35397,-0.00397,0,0
0,PAUSE,375,7838.6,6,0.35,0.363,-0.013,0.35,0.36543,-0.01543,0.35,0.36061,-0.01061,0.35,0.3559,-0.0059,0,0
0,PAUSE,376,7858.4,6,0.35,0.35777,-0.00777,0.35,0.36543,-0.01543,0.35,0.35887,-0.00887,0.35,0.35397,-0.00397,0,0
0,PAUSE,377,7878.7,6,0.35,0.35777,-0.00777,0.35,0.36543,-0.01543,0.35,0.36061,-0.01061,0.35,0.35397,-0.00397,0,0
0,PAUSE,378,7901.1,6,0.35,0.35777,-0.00777,0.35,0.36377,-0.01377,0.35,0.35887,-0.00887,0.35,0.3559,-0.0059,0,0
0,PAUSE,379,7921.3,6,0.35,0.35951,-0.00951,0.35,0.36709,-0.01709,0.35,0.35887,-0.00887,0.35,0.3559,-0.0059,0,0
0,PAUSE,380,7943.1,6,0.35,0.35777,-0.00777,0.35,0.36543,-0.01543,0.35,0.35887,-0.00887,0.35,0.35783,-0.00783,0,0
0,PAUSE,381,7965.5,6,0.35,0.35951,-0.00951,0.35,0.36543,-0.01543,0.35,0.35887,-0.00887,0.35,0.3559,-0.0059,0,0
0,PAUSE,382,7985.1,6,0.35,0.35777,-0.00777,0.35,0.36543,-0.01543,0.35,0.35887,-0.00887,0.35,0.35397,-0.00397,0,0
0,PAUSE,383,8005.2,6,0.35,0.35777,-0.00777,0.35,0.36543,-0.01543,0.35,0.36061,-0.01061,0.35,0.35397,-0.00397,0,0
0,PAUSE,384,8026.7,6,0.35,0.35777,-0.00777,0.35,0.36709,-0.01709,0.35,0.35887,-0.00887,0.35,0.35397,-0.00397,0,0
0,PAUSE,385,8046.7,6,0.35,0.35777,-0.00777,0.35,0.36543,-0.01543,0.35,0.36061,-0.01061,0.35,0.35397,-0.00397,0,0
0,PAUSE,386,8067.1,6,0.35,0.35777,-0.00777,0.35,0.36377,-0.01377,0.35,0.3641,-0.0141,0.35,0.3559,-0.0059,0,0
0,PAUSE,387,8089.5,6,0.35,0.35777,-0.00777,0.35,0.36543,-0.01543,0.35,0.35887,-0.00887,0.35,0.35397,-0.00397,0,0
0,PAUSE,388,8111.0,6,0.35,0.35951,-0.00951,0.35,0.36377,-0.01377,0.35,0.36061,-0.01061,0.35,0.35397,-0.00397,0,0
0,PAUSE,389,8133.9,6,0.35,0.35951,-0.00951,0.35,0.36377,-0.01377,0.35,0.3641,-0.0141,0.35,0.35397,-0.00397,0,0
0,MOVE,390,8153.9,-1,0.355,0.35777,-0.00277,0.355,0.36377,-0.00877,0.355,0.35887,-0.00387,0.355,0.3559,-0.0009,0,0
0,MOVE,391,8172.1,-1,0.36,0.35777,0.00223,0.36,0.36377,-0.00377,0.36,0.35887,0.00113,0.36,0.3559,0.0041,0,0
0,MOVE,392,8192.8,-1,0.365,0.35777,0.00723,0.365,0.36543,-0.00043,0.365,0.35713,0.00787,0.365,0.3559,0.0091,0,0
0,MOVE,393,8214.4,-1,0.37,0.35777,0.01223,0.37,0.36543,0.00457,0.37,0.35713,0.01287,0.37,0.35397,0.01603,0,0
0,MOVE,394,8234.6,-1,0.375,0.35602,0.01898,0.375,0.36543,0.00957,0.375,0.35539,0.01961,0.375,0.35397,0.02103,0,0
0,MOVE,395,8255.0,-1,0.38,0.35777,0.02223,0.38,0.36709,0.01291,0.38,0.35539,0.02461,0.38,0.3559,0.0241,0,0
0,MOVE,396,8276.5,-1,0.385,0.35602,0.02898,0.385,0.36377,0.02123,0.385,0.35365,0.03135,0.385,0.3559,0.0291,0,0
0,MOVE,397,8295.9,-1,0.39,0.35602,0.03398,0.39,0.36377,0.02623,0.39,0.36061,0.02939,0.39,0.35397,0.03603,0,0
0,MOVE,398,8315.9,-1,0.395,0.35602,0.03898,0.395,0.36543,0.02957,0.395,0.35365,0.04135,0.395,0.35397,0.04103,0,0
0,MOVE,399,8338.9,-1,0.4,0.35602,0.04398,0.4,0.36543,0.03457,0.4,0.35365,0.04635,0.4,0.35397,0.04603,0,0
0,PAUSE,400,8359.3,7,0.4,0.35777,0.04223,0.4,0.36543,0.03457,0.4,0.35365,0.04635,0.4,0.3559,0.0441,0,0
0,PAUSE,401,8380.6,7,0.4,0.35777,0.04223,0.4,0.36875,0.03125,0.4,0.35191,0.04809,0.4,0.35783,0.04217,0,0
0,PAUSE,402,8402.6,7,0.4,0.35602,0.04398,0.4,0.38038,0.01962,0.4,0.35365,0.04635,0.4,0.36364,0.03636,0,0
0,PAUSE,403,8423.1,7,0.4,0.363,0.037,0.4,0.38038,0.01962,0.4,0.35539,0.04461,0.4,0.36557,0.03443,0,0
0,PAUSE,404,8442.1,7,0.4,0.36998,0.03002,0.4,0.38536,0.01464,0.4,0.36235,0.03765,0.4,0.36944,0.03056,0,0
0,PAUSE,405,8463.1,7,0.4,0.37696,0.02304,0.4,0.39034,0.00966,0.4,0.37106,0.02894,0.4,0.37524,0.02476,0,0
0,PAUSE,406,8482.4,7,0.4,0.38569,0.01431,0.4,0.39532,0.00468,0.4,0.37628,0.02372,0.4,0.38104,0.01896,0,0
0,PAUSE,407,8503.7,7,0.4,0.39267,0.00733,0.4,0.40528,-0.00528,0.4,0.38151,0.01849,0.4,0.38685,0.01315,0,0
0,PAUSE,408,8525.0,7,0.4,0.39965,0.00035,0.4,0.40528,-0.00528,0.4,0.38847,0.01153,0.4,0.39072,0.00928,0,0
0,PAUSE,409,8546.9,7,0.4,0.40663,-0.00663,0.4,0.4086,-0.0086,0.4,0.3937,0.0063,0.4,0.39652,0.00348,0,0
0,PAUSE,410,8566.9,7,0.4,0.41012,-0.01012,0.4,0.41358,-0.01358,0.4,0.39892,0.00108,0.4,0.40039,-0.00039,0,0
0,PAUSE,411,8588.2,7,0.4,0.41536,-0.01536,0.4,0.41524,-0.01524,0.4,0.4024,-0.0024,0.4,0.40426,-0.00426,0,0
0,PAUSE,412,8609.5,7,0.4,0.4171,-0.0171,0.4,0.41856,-0.01856,0.4,0.40763,-0.00763,0.4,0.40619,-0.00619,0,0
0,PAUSE,413,8631.0,7,0.4,0.41885,-0.01885,0.4,0.42022,-0.02022,0.4,0.40414,-0.00414,0.4,0.40619,-0.00619,0,0
0,PAUSE,414,8652.5,7,0.4,0.42583,-0.02583,0.4,0.41856,-0.01856,0.4,0.40589,-0.00589,0.4,0.40619,-0.00619,0,0
0,PAUSE,415,8673.6,7,0.4,0.42059,-0.02059,0.4,0.41856,-0.01856,0.4,0.40589,-0.00589,0.4,0.40619,-0.00619,0,0
0,PAUSE,416,8695.8,7,0.4,0.42234,-0.02234,0.4,0.41856,-0.01856,0.4,0.40589,-0.00589,0.4,0.40619,-0.00619,0,0
0,PAUSE,417,8717.0,7,0.4,0.41885,-0.01885,0.4,0.41856,-0.01856,0.4,0.40589,-0.00589,0.4,0.40619,-0.00619,0,0
0,PAUSE,418,8735.1,7,0.4,0.41885,-0.01885,0.4,0.42022,-0.02022,0.4,0.40589,-0.00589,0.4,0.40619,-0.00619,0,0
0,PAUSE,419,8755.1,7,0.4,0.42408,-0.02408,0.4,0.41856,-0.01856,0.4,0.40763,-0.00763,0.4,0.40426,-0.00426,0,0
0,PAUSE,420,8776.3,7,0.4,0.4171,-0.0171,0.4,0.41856,-0.01856,0.4,0.40589,-0.00589,0.4,0.40619,-0.00619,0,0
0,PAUSE,421,8797.5,7,0.4,0.42583,-0.02583,0.4,0.42022,-0.02022,0.4,0.40763,-0.00763,0.4,0.40619,-0.00619,0,0
0,PAUSE,422,8819.0,7,0.4,0.42408,-0.02408,0.4,0.41856,-0.01856,0.4,0.40763,-0.00763,0.4,0.40619,-0.00619,0,0
0,PAUSE,423,8840.9,7,0.4,0.4171,-0.0171,0.4,0.42022,-0.02022,0.4,0.40763,-0.00763,0.4,0.40619,-0.00619,0,0
0,PAUSE,424,8859.9,7,0.4,0.42234,-0.02234,0.4,0.41856,-0.01856,0.4,0.40589,-0.00589,0.4,0.40619,-0.00619,0,0
0,PAUSE,425,8881.9,7,0.4,0.41361,-0.01361,0.4,0.41856,-0.01856,0.4,0.40763,-0.00763,0.4,0.40619,-0.00619,0,0
0,PAUSE,426,8902.2,7,0.4,0.4171,-0.0171,0.4,0.41856,-0.01856,0.4,0.40763,-0.00763,0.4,0.40619,-0.00619,0,0
0,PAUSE,427,8923.7,7,0.4,0.40663,-0.00663,0.4,0.42022,-0.02022,0.4,0.40589,-0.00589,0.4,0.40619,-0.00619,0,0
0,PAUSE,428,8943.4,7,0.4,0.40314,-0.00314,0.4,0.42022,-0.02022,0.4,0.40763,-0.00763,0.4,0.40619,-0.00619,0,0
0,PAUSE,429,8965.4,7,0.4,0.4014,-0.0014,0.4,0.42022,-0.02022,0.4,0.40763,-0.00763,0.4,0.41006,-0.01006,0,0
0,PAUSE,430,8984.7,7,0.4,0.4014,-0.0014,0.4,0.42022,-0.02022,0.4,0.40589,-0.00589,0.4,0.40619,-0.00619,0,0
0,PAUSE,431,9007.6,7,0.4,0.39965,0.00035,0.4,0.41856,-0.01856,0.4,0.40763,-0.00763,0.4,0.40619,-0.00619,0,0
0,PAUSE,432,9027.2,7,0.4,0.39965,0.00035,0.4,0.42022,-0.02022,0.4,0.4024,-0.0024,0.4,0.40619,-0.00619,0,0
0,PAUSE,433,9048.9,7,0.4,0.39965,0.00035,0.4,0.4169,-0.0169,0.4,0.40763,-0.00763,0.4,0.40619,-0.00619,0,0
0,PAUSE,434,9071.6,7,0.4,0.39965,0.00035,0.4,0.42022,-0.02022,0.4,0.41459,-0.01459,0.4,0.40619,-0.00619,0,0
0,PAUSE,435,9090.4,7,0.4,0.39791,0.00209,0.4,0.41856,-0.01856,0.4,0.40589,-0.00589,0.4,0.40619,-0.00619,0,0
0,PAUSE,436,9110.1,7,0.4,0.39965,0.00035,0.4,0.41856,-0.01856,0.4,0.40414,-0.00414,0.4,0.40619,-0.00619,0,0
0,PAUSE,437,9131.4,7,0.4,0.39965,0.00035,0.4,0.42022,-0.02022,0.4,0.4024,-0.0024,0.4,0.40619,-0.00619,0,0
0,PAUSE,438,9153.6,7,0.4,0.39965,0.00035,0.4,0.42022,-0.02022,0.4,0.4024,-0.0024,0.4,0.40619,-0.00619,0,0
0,PAUSE,439,9175.3,7,0.4,0.39965,0.00035,0.4,0.41856,-0.01856,0.4,0.4024,-0.0024,0.4,0.40619,-0.00619,0,0
0,MOVE,440,9194.4,-1,0.405,0.39965,0.00535,0.405,0.41856,-0.01356,0.405,0.4024,0.0026,0.405,0.40619,-0.00119,0,0
0,MOVE,441,9214.4,-1,0.41,0.39965,0.01035,0.41,0.41856,-0.00856,0.41,0.4024,0.0076,0.41,0.40619,0.00381,0,0
0,MOVE,442,9234.7,-1,0.415,0.39965,0.01535,0.415,0.41856,-0.00356,0.415,0.4024,0.0126,0.415,0.40619,0.00881,0,0
0,MOVE,443,9254.6,-1,0.42,0.4014,0.0186,0.42,0.42022,-0.00022,0.42,0.4024,0.0176,0.42,0.40619,0.01381,0,0
0,MOVE,444,9276.6,-1,0.425,0.39965,0.02535,0.425,0.42022,0.00478,0.425,0.4024,0.0226,0.425,0.40619,0.01881,0,0
0,MOVE,445,9296.8,-1,0.43,0.4014,0.0286,0.43,0.41856,0.01144,0.43,0.4024,0.0276,0.43,0.40619,0.02381,0,0
0,MOVE,446,9317.4,-1,0.435,0.40489,0.03011,0.435,0.41856,0.01644,0.435,0.4024,0.0326,0.435,0.40619,0.02881,0,0
0,MOVE,447,9339.6,-1,0.44,0.39965,0.04035,0.44,0.42188,0.01812,0.44,0.4024,0.0376,0.44,0.40812,0.03188,0,0
0,MOVE,448,9361.8,-1,0.445,0.39965,0.04535,0.445,0.42686,0.01814,0.445,0.4024,0.0426,0.445,0.40812,0.03688,0,0
0,MOVE,449,9381.5,-1,0.45,0.39965,0.05035,0.45,0.43018,0.01982,0.45,0.4024,0.0476,0.45,0.41006,0.03994,0,0
0,PAUSE,450,9403.4,8,0.45,0.40314,0.04686,0.45,0.42686,0.02314,0.45,0.4024,0.0476,0.45,0.41393,0.03607,0,0
0,PAUSE,451,9422.6,8,0.45,0.39965,0.05035,0.45,0.43683,0.01317,0.45,0.40589,0.04411,0.45,0.42166,0.02834,0,0
0,PAUSE,452,9442.6,8,0.45,0.39965,0.05035,0.45,0.4335,0.0165,0.45,0.41111,0.03889,0.45,0.41973,0.03027,0,0
0,PAUSE,453,9463.6,8,0.45,0.40663,0.04337,0.45,0.44513,0.00487,0.45,0.41459,0.03541,0.45,0.43133,0.01867,0,0
0,PAUSE,454,9483.9,8,0.45,0.4171,0.0329,0.45,0.44845,0.00155,0.45,0.41982,0.03018,0.45,0.43133,0.01867,0,0
0,PAUSE,455,9508.3,8,0.45,0.42059,0.02941,0.45,0.45011,-0.00011,0.45,0.42504,0.02496,0.45,0.43907,0.01093,0,0
0,PAUSE,456,9526.1,8,0.45,0.42583,0.02417,0.45,0.45675,-0.00675,0.45,0.43026,0.01974,0.45,0.44294,0.00706,0,0
0,PAUSE,457,9547.9,8,0.45,0.43106,0.01894,0.45,0.46339,-0.01339,0.45,0.43375,0.01625,0.45,0.44874,0.00126,0,0
0,PAUSE,458,9571.8,8,0.45,0.43979,0.01021,0.45,0.46339,-0.01339,0.45,0.43723,0.01277,0.45,0.45261,-0.00261,0,0
0,PAUSE,459,9587.8,8,0.45,0.44154,0.00846,0.45,0.46837,-0.01837,0.45,0.44071,0.00929,0.45,0.45648,-0.00648,0,0
0,PAUSE,460,9609.2,8,0.45,0.44677,0.00323,0.45,0.47169,-0.02169,0.45,0.44245,0.00755,0.45,0.45841,-0.00841,0,0
0,PAUSE,461,9631.6,8,0.45,0.45201,-0.00201,0.45,0.47335,-0.02335,0.45,0.44593,0.00407,0.45,0.45841,-0.00841,0,0
0,PAUSE,462,9653.4,8,0.45,0.45375,-0.00375,0.45,0.47335,-0.02335,0.45,0.44593,0.00407,0.45,0.46035,-0.01035,0,0
0,PAUSE,463,9673.8,8,0.45,0.45375,-0.00375,0.45,0.47335,-0.02335,0.45,0.44593,0.00407,0.45,0.46035,-0.01035,0,0
0,PAUSE,464,9695.1,8,0.45,0.4555,-0.0055,0.45,0.47335,-0.02335,0.45,0.44593,0.00407,0.45,0.45841,-0.00841,0,0
0,PAUSE,465,9715.7,8,0.45,0.4555,-0.0055,0.45,0.47501,-0.02501,0.45,0.44768,0.00232,0.45,0.46035,-0.01035,0,0
0,PAUSE,466,9735.0,8,0.45,0.4555,-0.0055,0.45,0.47501,-0.02501,0.45,0.44768,0.00232,0.45,0.46035,-0.01035,0,0
0,PAUSE,467,9756.4,8,0.45,0.45724,-0.00724,0.45,0.47667,-0.02667,0.45,0.44768,0.00232,0.45,0.46035,-0.01035,0,0
0,PAUSE,468,9776.9,8,0.45,0.4555,-0.0055,0.45,0.47501,-0.02501,0.45,0.44593,0.00407,0.45,0.46035,-0.01035,0,0
0,PAUSE,469,9798.2,8,0.45,0.4555,-0.0055,0.45,0.47335,-0.02335,0.45,0.44593,0.00407,0.45,0.46035,-0.01035,0,0
0,PAUSE,470,9817.9,8,0.45,0.4555,-0.0055,0.45,0.47335,-0.02335,0.45,0.44768,0.00232,0.45,0.46035,-0.01035,0,0
0,PAUSE,471,9839.0,8,0.45,0.4555,-0.0055,0.45,0.47501,-0.02501,0.45,0.44593,0.00407,0.45,0.46035,-0.01035,0,0
0,PAUSE,472,9860.7,8,0.45,0.4555,-0.0055,0.45,0.47335,-0.02335,0.45,0.44593,0.00407,0.45,0.45841,-0.00841,0,0
0,PAUSE,473,9881.7,8,0.45,0.4555,-0.0055,0.45,0.47335,-0.02335,0.45,0.44768,0.00232,0.45,0.46035,-0.01035,0,0
0,PAUSE,474,9903.8,8,0.45,0.4555,-0.0055,0.45,0.47335,-0.02335,0.45,0.44593,0.00407,0.45,0.46035,-0.01035,0,0
0,PAUSE,475,9921.4,8,0.45,0.4555,-0.0055,0.45,0.47501,-0.02501,0.45,0.44768,0.00232,0.45,0.46422,-0.01422,0,0
0,PAUSE,476,9942.7,8,0.45,0.4555,-0.0055,0.45,0.47501,-0.02501,0.45,0.44593,0.00407,0.45,0.45841,-0.00841,0,0
0,PAUSE,477,9964.4,8,0.45,0.4555,-0.0055,0.45,0.47335,-0.02335,0.45,0.44768,0.00232,0.45,0.46228,-0.01228,0,0
0,PAUSE,478,9986.9,8,0.45,0.45724,-0.00724,0.45,0.47501,-0.02501,0.45,0.44768,0.00232,0.45,0.46035,-0.01035,0,0
0,PAUSE,479,10005.9,8,0.45,0.45899,-0.00899,0.45,0.47335,-0.02335,0.45,0.44593,0.00407,0.45,0.46035,-0.01035,0,0
0,PAUSE,480,10026.3,8,0.45,0.4555,-0.0055,0.45,0.47501,-0.02501,0.45,0.44593,0.00407,0.45,0.46035,-0.01035,0,0
0,PAUSE,481,10048.2,8,0.45,0.4555,-0.0055,0.45,0.48165,-0.03165,0.45,0.44593,0.00407,0.45,0.46228,-0.01228,0,0
0,PAUSE,482,10071.1,8,0.45,0.4555,-0.0055,0.45,0.47335,-0.02335,0.45,0.44768,0.00232,0.45,0.46035,-0.01035,0,0
0,PAUSE,483,10091.7,8,0.45,0.4555,-0.0055,0.45,0.47501,-0.02501,0.45,0.44593,0.00407,0.45,0.46228,-0.01228,0,0
0,PAUSE,484,10111.1,8,0.45,0.4555,-0.0055,0.45,0.47667,-0.02667,0.45,0.44768,0.00232,0.45,0.46035,-0.01035,0,0
0,PAUSE,485,10130.6,8,0.45,0.45724,-0.00724,0.45,0.47335,-0.02335,0.45,0.44768,0.00232,0.45,0.45455,-0.00455,0,0
0,PAUSE,486,10152.6,8,0.45,0.4555,-0.0055,0.45,0.47667,-0.02667,0.45,0.44593,0.00407,0.45,0.45068,-0.00068,0,0
0,PAUSE,487,10174.9,8,0.45,0.4555,-0.0055,0.45,0.47169,-0.02169,0.45,0.44768,0.00232,0.45,0.44681,0.00319,0,0
0,PAUSE,488,10194.3,8,0.45,0.4555,-0.0055,0.45,0.47003,-0.02003,0.45,0.44768,0.00232,0.45,0.44487,0.00513,0,0
0,PAUSE,489,10214.9,8,0.45,0.4555,-0.0055,0.45,0.46505,-0.01505,0.45,0.44593,0.00407,0.45,0.44294,0.00706,0,0
0,MOVE,490,10234.1,-1,0.455,0.4555,-0.0005,0.455,0.46173,-0.00673,0.455,0.44768,0.00732,0.455,0.44294,0.01206,0,0
0,MOVE,491,10255.4,-1,0.46,0.4555,0.0045,0.46,0.46007,-7e-05,0.46,0.44768,0.01232,0.46,0.44487,0.01513,0,0
0,MOVE,492,10276.1,-1,0.465,0.45724,0.00776,0.465,0.45841,0.00659,0.465,0.44593,0.01907,0.465,0.44294,0.02206,0,0
0,MOVE,493,10296.5,-1,0.47,0.4555,0.0145,0.47,0.46671,0.00329,0.47,0.44593,0.02407,0.47,0.44294,0.02706,0,0
0,MOVE,494,10317.6,-1,0.475,0.4555,0.0195,0.475,0.45675,0.01825,0.475,0.44419,0.03081,0.475,0.44487,0.03013,0,0
0,MOVE,495,10337.9,-1,0.48,0.4555,0.0245,0.48,0.45675,0.02325,0.48,0.4529,0.0271,0.48,0.44294,0.03706,0,0
0,MOVE,496,10359.2,-1,0.485,0.4555,0.0295,0.485,0.45675,0.02825,0.485,0.44768,0.03732,0.485,0.44294,0.04206,0,0
0,MOVE,497,10380.8,-1,0.49,0.45724,0.03276,0.49,0.45675,0.03325,0.49,0.44768,0.04232,0.49,0.44294,0.04706,0,0
0,MOVE,498,10403.0,-1,0.495,0.45724,0.03776,0.495,0.46007,0.03493,0.495,0.45116,0.04384,0.495,0.44681,0.04819,0,0
0,MOVE,499,10423.4,-1,0.5,0.46073,0.03927,0.5,0.45675,0.04325,0.5,0.4529,0.0471,0.5,0.45261,0.04739,0,0
0,PAUSE,500,10443.1,9,0.5,0.46073,0.03927,0.5,0.45841,0.04159,0.5,0.45986,0.04014,0.5,0.46035,0.03965,0,0
0,PAUSE,501,10463.9,9,0.5,0.46248,0.03752,0.5,0.47003,0.02997,0.5,0.46509,0.03491,0.5,0.47002,0.02998,0,0
0,PAUSE,502,10485.7,9,0.5,0.46597,0.03403,0.5,0.47667,0.02333,0.5,0.46509,0.03491,0.5,0.47582,0.02418,0,0
0,PAUSE,503,10505.0,9,0.5,0.46597,0.03403,0.5,0.48996,0.01004,0.5,0.47728,0.02272,0.5,0.48549,0.01451,0,0
0,PAUSE,504,10525.3,9,0.5,0.47469,0.02531,0.5,0.49992,8e-05,0.5,0.47728,0.02272,0.5,0.48743,0.01257,0,0
0,PAUSE,505,10546.5,9,0.5,0.47818,0.02182,0.5,0.50656,-0.00656,0.5,0.4825,0.0175,0.5,0.49516,0.00484,0,0
0,PAUSE,506,10567.7,9,0.5,0.48168,0.01832,0.5,0.51486,-0.01486,0.5,0.49121,0.00879,0.5,0.50097,-0.00097,0,0
0,PAUSE,507,10589.5,9,0.5,0.49738,0.00262,0.5,0.51984,-0.01984,0.5,0.50165,-0.00165,0.5,0.50677,-0.00677,0,0
0,PAUSE,508,10610.2,9,0.5,0.48691,0.01309,0.5,0.52482,-0.02482,0.5,0.50862,-0.00862,0.5,0.51064,-0.01064,0,0
0,PAUSE,509,10632.3,9,0.5,0.4904,0.0096,0.5,0.52814,-0.02814,0.5,0.51384,-0.01384,0.5,0.51257,-0.01257,0,0
0,PAUSE,510,10653.6,9,0.5,0.49564,0.00436,0.5,0.5298,-0.0298,0.5,0.51558,-0.01558,0.5,0.51451,-0.01451,0,0
0,PAUSE,511,10671.0,9,0.5,0.49738,0.00262,0.5,0.5298,-0.0298,0.5,0.51558,-0.01558,0.5,0.51257,-0.01257,0,0
0,PAUSE,512,10692.2,9,0.5,0.50087,-0.00087,0.5,0.5298,-0.0298,0.5,0.51558,-0.01558,0.5,0.51838,-0.01838,0,0
0,PAUSE,513,10713.0,9,0.5,0.50087,-0.00087,0.5,0.5298,-0.0298,0.5,0.51558,-0.01558,0.5,0.51257,-0.01257,0,0
0,PAUSE,514,10734.8,9,0.5,0.50087,-0.00087,0.5,0.5298,-0.0298,0.5,0.51036,-0.01036,0.5,0.51451,-0.01451,0,0
0,PAUSE,515,10757.5,9,0.5,0.50087,-0.00087,0.5,0.5298,-0.0298,0.5,0.5121,-0.0121,0.5,0.51451,-0.01451,0,0
0,PAUSE,516,10779.7,9,0.5,0.50087,-0.00087,0.5,0.5298,-0.0298,0.5,0.5121,-0.0121,0.5,0.51257,-0.01257,0,0
0,PAUSE,517,10797.4,9,0.5,0.50087,-0.00087,0.5,0.5298,-0.0298,0.5,0.51036,-0.01036,0.5,0.51257,-0.01257,0,0
0,PAUSE,518,10817.9,9,0.5,0.50087,-0.00087,0.5,0.52814,-0.02814,0.5,0.51036,-0.01036,0.5,0.51257,-0.01257,0,0
0,PAUSE,519,10838.9,9,0.5,0.50087,-0.00087,0.5,0.5298,-0.0298,0.5,0.51036,-0.01036,0.5,0.51257,-0.01257,0,0
0,PAUSE,520,10859.9,9,0.5,0.50436,-0.00436,0.5,0.53644,-0.03644,0.5,0.51036,-0.01036,0.5,0.51064,-0.01064,0,0
0,PAUSE,521,10880.8,9,0.5,0.49913,0.00087,0.5,0.5298,-0.0298,0.5,0.5121,-0.0121,0.5,0.51451,-0.01451,0,0
0,PAUSE,522,10904.7,9,0.5,0.50087,-0.00087,0.5,0.5298,-0.0298,0.5,0.5121,-0.0121,0.5,0.51644,-0.01644,0,0
0,PAUSE,523,10924.5,9,0.5,0.50087,-0.00087,0.5,0.52814,-0.02814,0.5,0.51036,-0.01036,0.5,0.51257,-0.01257,0,0
0,PAUSE,524,10943.7,9,0.5,0.49913,0.00087,0.5,0.5298,-0.0298,0.5,0.51036,-0.01036,0.5,0.51257,-0.01257,0,0
0,PAUSE,525,10963.8,9,0.5,0.50087,-0.00087,0.5,0.5381,-0.0381,0.5,0.5121,-0.0121,0.5,0.51451,-0.01451,0,0
0,PAUSE,526,10984.1,9,0.5,0.50087,-0.00087,0.5,0.53478,-0.03478,0.5,0.51036,-0.01036,0.5,0.51257,-0.01257,0,0
0,PAUSE,527,11006.2,9,0.5,0.50087,-0.00087,0.5,0.53478,-0.03478,0.5,0.51384,-0.01384,0.5,0.51257,-0.01257,0,0
0,PAUSE,528,11026.0,9,0.5,0.50087,-0.00087,0.5,0.53644,-0.03644,0.5,0.51036,-0.01036,0.5,0.52031,-0.02031,0,0
0,PAUSE,529,11047.4,9,0.5,0.50087,-0.00087,0.5,0.53146,-0.03146,0.5,0.51036,-0.01036,0.5,0.51644,-0.01644,0,0
0,PAUSE,530,11069.1,9,0.5,0.50087,-0.00087,0.5,0.5215,-0.0215,0.5,0.51036,-0.01036,0.5,0.51257,-0.01257,0,0
0,PAUSE,531,11090.7,9,0.5,0.50087,-0.00087,0.5,0.51818,-0.01818,0.5,0.51384,-0.01384,0.5,0.5087,-0.0087,0,0
0,PAUSE,532,11109.9,9,0.5,0.50087,-0.00087,0.5,0.51652,-0.01652,0.5,0.50862,-0.00862,0.5,0.50097,-0.00097,0,0
0,PAUSE,533,11129.9,9,0.5,0.50087,-0.00087,0.5,0.51486,-0.01486,0.5,0.51036,-0.01036,0.5,0.50097,-0.00097,0,0
0,PAUSE,534,11151.5,9,0.5,0.50087,-0.00087,0.5,0.51486,-0.01486,0.5,0.50862,-0.00862,0.5,0.50097,-0.00097,0,0
0,PAUSE,535,11172.4,9,0.5,0.50087,-0.00087,0.5,0.51652,-0.01652,0.5,0.5034,-0.0034,0.5,0.49516,0.00484,0,0
0,PAUSE,536,11193.1,9,0.5,0.50087,-0.00087,0.5,0.51486,-0.01486,0.5,0.50165,-0.00165,0.5,0.49323,0.00677,0,0
0,PAUSE,537,11213.4,9,0.5,0.50087,-0.00087,0.5,0.51486,-0.01486,0.5,0.50165,-0.00165,0.5,0.49323,0.00677,0,0
0,PAUSE,538,11234.9,9,0.5,0.50087,-0.00087,0.5,0.51486,-0.01486,0.5,0.49817,0.00183,0.5,0.49323,0.00677,0,0
0,PAUSE,539,11256.0,9,0.5,0.50087,-0.00087,0.5,0.51486,-0.01486,0.5,0.49817,0.00183,0.5,0.49323,0.00677,0,0
0,MOVE,540,11276.1,-1,0.505,0.50087,0.00413,0.5,0.51486,-0.01486,0.505,0.49817,0.00683,0.5,0.49323,0.00677,0,0
0,MOVE,541,11297.8,-1,0.51,0.50087,0.00913,0.5,0.5132,-0.0132,0.51,0.49991,0.01009,0.5,0.49323,0.00677,0,0
0,MOVE,542,11317.6,-1,0.515,0.50087,0.01413,0.5,0.5132,-0.0132,0.515,0.49817,0.01683,0.5,0.49323,0.00677,0,0
0,MOVE,543,11338.3,-1,0.52,0.50262,0.01738,0.5,0.51486,-0.01486,0.52,0.49991,0.02009,0.5,0.49323,0.00677,0,0
0,MOVE,544,11360.0,-1,0.525,0.50087,0.02413,0.5,0.51486,-0.01486,0.525,0.49817,0.02683,0.5,0.49323,0.00677,0,0
0,MOVE,545,11379.8,-1,0.53,0.50087,0.02913,0.5,0.51486,-0.01486,0.53,0.49817,0.03183,0.5,0.49323,0.00677,0,0
0,MOVE,546,11401.3,-1,0.535,0.50087,0.03413,0.5,0.51486,-0.01486,0.535,0.49817,0.03683,0.5,0.49323,0.00677,0,0
0,MOVE,547,11421.7,-1,0.54,0.50262,0.03738,0.5,0.51486,-0.01486,0.54,0.49817,0.04183,0.5,0.4913,0.0087,0,0
0,MOVE,548,11443.2,-1,0.545,0.50436,0.04064,0.5,0.51486,-0.01486,0.545,0.50165,0.04335,0.5,0.49323,0.00677,0,0
0,MOVE,549,11463.8,-1,0.55,0.50785,0.04215,0.5,0.51652,-0.01652,0.55,0.50688,0.04312,0.5,0.49323,0.00677,0,0
0,PAUSE,550,11485.8,10,0.55,0.51309,0.03691,0.5,0.5132,-0.0132,0.55,0.51384,0.03616,0.5,0.49323,0.00677,0,0
0,PAUSE,551,11505.8,10,0.55,0.52182,0.02818,0.5,0.51486,-0.01486,0.55,0.51907,0.03093,0.5,0.49323,0.00677,0,0
0,PAUSE,552,11528.5,10,0.55,0.51832,0.03168,0.5,0.51486,-0.01486,0.55,0.52429,0.02571,0.5,0.49903,0.00097,0,0
0,PAUSE,553,11549.0,10,0.55,0.5288,0.0212,0.5,0.51486,-0.01486,0.55,0.52777,0.02223,0.5,0.50677,-0.00677,0,0
0,PAUSE,554,11570.0,10,0.55,0.53578,0.01422,0.5,0.51486,-0.01486,0.55,0.533,0.017,0.5,0.50097,-0.00097,0,0
0,PAUSE,555,11588.9,10,0.55,0.53927,0.01073,0.5,0.5132,-0.0132,0.55,0.53648,0.01352,0.5,0.49323,0.00677,0,0
0,PAUSE,556,11610.2,10,0.55,0.5445,0.0055,0.5,0.5132,-0.0132,0.55,0.53648,0.01352,0.5,0.49323,0.00677,0,0
0,PAUSE,557,11631.7,10,0.55,0.54799,0.00201,0.5,0.5132,-0.0132,0.55,0.53996,0.01004,0.5,0.49323,0.00677,0,0
0,PAUSE,558,11654.4,10,0.55,0.55148,-0.00148,0.5,0.51486,-0.01486,0.55,0.5417,0.0083,0.5,0.49323,0.00677,0,0
0,PAUSE,559,11672.8,10,0.55,0.55497,-0.00497,0.5,0.51486,-0.01486,0.55,0.54519,0.00481,0.5,0.49323,0.00677,0,0
0,PAUSE,560,11693.7,10,0.55,0.55672,-0.00672,0.5,0.5132,-0.0132,0.55,0.54519,0.00481,0.5,0.4913,0.0087,0,0
0,PAUSE,561,11713.7,10,0.55,0.55672,-0.00672,0.5,0.51486,-0.01486,0.55,0.54693,0.00307,0.5,0.49323,0.00677,0,0
0,PAUSE,562,11734.9,10,0.55,0.55672,-0.00672,0.5,0.5132,-0.0132,0.55,0.54519,0.00481,0.5,0.49323,0.00677,0,0
0,PAUSE,563,11755.6,10,0.55,0.55672,-0.00672,0.5,0.5132,-0.0132,0.55,0.54693,0.00307,0.5,0.49903,0.00097,0,0
0,PAUSE,564,11775.9,10,0.55,0.55497,-0.00497,0.5,0.5132,-0.0132,0.55,0.54693,0.00307,0.5,0.5029,-0.0029,0,0
0,PAUSE,565,11797.4,10,0.55,0.55497,-0.00497,0.5,0.51486,-0.01486,0.55,0.54693,0.00307,0.5,0.50677,-0.00677,0,0
0,PAUSE,566,11820.6,10,0.55,0.55672,-0.00672,0.5,0.5132,-0.0132,0.55,0.54867,0.00133,0.5,0.5087,-0.0087,0,0
0,PAUSE,567,11838.7,10,0.55,0.55497,-0.00497,0.5,0.5132,-0.0132,0.55,0.54519,0.00481,0.5,0.51064,-0.01064,0,0
0,PAUSE,568,11859.9,10,0.55,0.55497,-0.00497,0.5,0.5132,-0.0132,0.55,0.54693,0.00307,0.5,0.51064,-0.01064,0,0
0,PAUSE,569,11880.3,10,0.55,0.55672,-0.00672,0.5,0.5132,-0.0132,0.55,0.54693,0.00307,0.5,0.51064,-0.01064,0,0
0,PAUSE,570,11902.7,10,0.55,0.55497,-0.00497,0.5,0.51486,-0.01486,0.55,0.54693,0.00307,0.5,0.51064,-0.01064,0,0
0,PAUSE,571,11925.6,10,0.55,0.55672,-0.00672,0.5,0.51486,-0.01486,0.55,0.54693,0.00307,0.5,0.51064,-0.01064,0,0
0,PAUSE,572,11942.8,10,0.55,0.55672,-0.00672,0.5,0.51486,-0.01486,0.55,0.54693,0.00307,0.5,0.51064,-0.01064,0,0
0,PAUSE,573,11963.6,10,0.55,0.55672,-0.00672,0.5,0.51486,-0.01486,0.55,0.54519,0.00481,0.5,0.51064,-0.01064,0,0
0,PAUSE,574,11987.7,10,0.55,0.55672,-0.00672,0.5,0.5132,-0.0132,0.55,0.54693,0.00307,0.5,0.51064,-0.01064,0,0
0,PAUSE,575,12006.9,10,0.55,0.55672,-0.00672,0.5,0.5132,-0.0132,0.55,0.54693,0.00307,0.5,0.51064,-0.01064,0,0
0,PAUSE,576,12028.5,10,0.55,0.55672,-0.00672,0.5,0.51486,-0.01486,0.55,0.54693,0.00307,0.5,0.51064,-0.01064,0,0
0,PAUSE,577,12047.4,10,0.55,0.55672,-0.00672,0.5,0.5132,-0.0132,0.55,0.54867,0.00133,0.5,0.51064,-0.01064,0,0
0,PAUSE,578,12068.3,10,0.55,0.55672,-0.00672,0.5,0.5132,-0.0132,0.55,0.54693,0.00307,0.5,0.51064,-0.01064,0,0
0,PAUSE,579,12089.3,10,0.55,0.55497,-0.00497,0.5,0.5132,-0.0132,0.55,0.54519,0.00481,0.5,0.51064,-0.01064,0,0
0,PAUSE,580,12111.6,10,0.55,0.55672,-0.00672,0.5,0.5132,-0.0132,0.55,0.54693,0.00307,0.5,0.51064,-0.01064,0,0
0,PAUSE,581,12132.2,10,0.55,0.55672,-0.00672,0.5,0.51486,-0.01486,0.55,0.54519,0.00481,0.5,0.51257,-0.01257,0,0
0,PAUSE,582,12151.2,10,0.55,0.55497,-0.00497,0.5,0.51818,-0.01818,0.55,0.54519,0.00481,0.5,0.5087,-0.0087,0,0
0,PAUSE,583,12175.3,10,0.55,0.55672,-0.00672,0.5,0.51486,-0.01486,0.55,0.54519,0.00481,0.5,0.51064,-0.01064,0,0
0,PAUSE,584,12194.5,10,0.55,0.55497,-0.00497,0.5,0.51486,-0.01486,0.55,0.54693,0.00307,0.5,0.51064,-0.01064,0,0
0,PAUSE,585,12213.7,10,0.55,0.55497,-0.00497,0.5,0.51652,-0.01652,0.55,0.54519,0.00481,0.5,0.51064,-0.01064,0,0
0,PAUSE,586,12234.1,10,0.55,0.55672,-0.00672,0.5,0.5132,-0.0132,0.55,0.54519,0.00481,0.5,0.51064,-0.01064,0,0
0,PAUSE,587,12255.2,10,0.55,0.55497,-0.00497,0.5,0.51486,-0.01486,0.55,0.54693,0.00307,0.5,0.51064,-0.01064,0,0
0,PAUSE,588,12275.4,10,0.55,0.55672,-0.00672,0.5,0.51652,-0.01652,0.55,0.54693,0.00307,0.5,0.51064,-0.01064,0,0
0,PAUSE,589,12297.5,10,0.55,0.55672,-0.00672,0.5,0.51486,-0.01486,0.55,0.54693,0.00307,0.5,0.51064,-0.01064,0,0
0,MOVE,590,12318.4,-1,0.555,0.55672,-0.00172,0.5,0.51486,-0.01486,0.555,0.54693,0.00807,0.5,0.51064,-0.01064,0,0
0,MOVE,591,12339.8,-1,0.56,0.55672,0.00328,0.5,0.51486,-0.01486,0.56,0.54693,0.01307,0.5,0.5087,-0.0087,0,0
0,MOVE,592,12359.8,-1,0.565,0.55497,0.01003,0.5,0.51486,-0.01486,0.565,0.54519,0.01981,0.5,0.51064,-0.01064,0,0
0,MOVE,593,12380.7,-1,0.57,0.55497,0.01503,0.5,0.5132,-0.0132,0.57,0.54693,0.02307,0.5,0.51064,-0.01064,0,0
0,MOVE,594,12401.5,-1,0.575,0.55497,0.02003,0.5,0.51486,-0.01486,0.575,0.54519,0.02981,0.5,0.51451,-0.01451,0,0
0,MOVE,595,12423.7,-1,0.58,0.55672,0.02328,0.5,0.51818,-0.01818,0.58,0.54693,0.03307,0.5,0.50484,-0.00484,0,0
0,MOVE,596,12443.6,-1,0.585,0.55497,0.03003,0.5,0.51486,-0.01486,0.585,0.54693,0.03807,0.5,0.50097,-0.00097,0,0
0,MOVE,597,12463.6,-1,0.59,0.55672,0.03328,0.5,0.51486,-0.01486,0.59,0.54867,0.04133,0.5,0.49903,0.00097,0,0
0,MOVE,598,12485.0,-1,0.595,0.56545,0.02955,0.5,0.5132,-0.0132,0.595,0.55041,0.04459,0.5,0.4971,0.0029,0,0
0,MOVE,599,12505.6,-1,0.6,0.56719,0.03281,0.5,0.51486,-0.01486,0.6,0.56086,0.03914,0.5,0.49516,0.00484,0,0
0,PAUSE,600,12525.8,11,0.6,0.55846,0.04154,0.5,0.51486,-0.01486,0.6,0.55737,0.04263,0.5,0.49323,0.00677,0,0
0,PAUSE,601,12545.6,11,0.6,0.5637,0.0363,0.5,0.5132,-0.0132,0.6,0.56956,0.03044,0.5,0.49323,0.00677,0,0
0,PAUSE,602,12567.1,11,0.6,0.56545,0.03455,0.5,0.51154,-0.01154,0.6,0.56782,0.03218,0.5,0.49516,0.00484,0,0
0,PAUSE,603,12588.1,11,0.6,0.57766,0.02234,0.5,0.5132,-0.0132,0.6,0.57305,0.02695,0.5,0.49516,0.00484,0,0
0,PAUSE,604,12609.1,11,0.6,0.5829,0.0171,0.5,0.51652,-0.01652,0.6,0.58001,0.01999,0.5,0.49323,0.00677,0,0
0,PAUSE,605,12630.3,11,0.6,0.5829,0.0171,0.5,0.51652,-0.01652,0.6,0.58698,0.01302,0.5,0.49516,0.00484,0,0
0,PAUSE,606,12651.3,11,0.6,0.58813,0.01187,0.5,0.51486,-0.01486,0.6,0.5922,0.0078,0.5,0.49516,0.00484,0,0
0,PAUSE,607,12674.7,11,0.6,0.59511,0.00489,0.5,0.51486,-0.01486,0.6,0.59742,0.00258,0.5,0.49516,0.00484,0,0
0,PAUSE,608,12693.4,11,0.6,0.5986,0.0014,0.5,0.51486,-0.01486,0.6,0.60091,-0.00091,0.5,0.4913,0.0087,0,0
0,PAUSE,609,12714.6,11,0.6,0.60209,-0.00209,0.5,0.51486,-0.01486,0.6,0.60439,-0.00439,0.5,0.49323,0.00677,0,0
0,PAUSE,610,12735.5,11,0.6,0.60384,-0.00384,0.5,0.51486,-0.01486,0.6,0.60613,-0.00613,0.5,0.49323,0.00677,0,0
0,PAUSE,611,12757.7,11,0.6,0.60558,-0.00558,0.5,0.51486,-0.01486,0.6,0.60613,-0.00613,0.5,0.49323,0.00677,0,0
0,PAUSE,612,12778.8,11,0.6,0.60733,-0.00733,0.5,0.51486,-0.01486,0.6,0.60613,-0.00613,0.5,0.49516,0.00484,0,0
0,PAUSE,613,12796.9,11,0.6,0.60558,-0.00558,0.5,0.5132,-0.0132,0.6,0.60439,-0.00439,0.5,0.49516,0.00484,0,0
0,PAUSE,614,12818.8,11,0.6,0.60733,-0.00733,0.5,0.51486,-0.01486,0.6,0.60439,-0.00439,0.5,0.49323,0.00677,0,0
0,PAUSE,615,12839.2,11,0.6,0.60733,-0.00733,0.5,0.5132,-0.0132,0.6,0.60439,-0.00439,0.5,0.49516,0.00484,0,0
0,PAUSE,616,12860.3,11,0.6,0.60733,-0.00733,0.5,0.51486,-0.01486,0.6,0.60439,-0.00439,0.5,0.49323,0.00677,0,0
0,PAUSE,617,12880.3,11,0.6,0.60558,-0.00558,0.5,0.5132,-0.0132,0.6,0.60439,-0.00439,0.5,0.49323,0.00677,0,0
0,PAUSE,618,12902.7,11,0.6,0.60558,-0.00558,0.5,0.5132,-0.0132,0.6,0.60613,-0.00613,0.5,0.49903,0.00097,0,0
0,PAUSE,619,12924.3,11,0.6,0.60558,-0.00558,0.5,0.5132,-0.0132,0.6,0.60265,-0.00265,0.5,0.49323,0.00677,0,0
0,PAUSE,620,12944.6,11,0.6,0.60558,-0.00558,0.5,0.5132,-0.0132,0.6,0.60961,-0.00961,0.5,0.49516,0.00484,0,0
0,PAUSE,621,12966.5,11,0.6,0.60558,-0.00558,0.5,0.51486,-0.01486,0.6,0.60613,-0.00613,0.5,0.49516,0.00484,0,0
0,PAUSE,622,12984.4,11,0.6,0.60558,-0.00558,0.5,0.51486,-0.01486,0.6,0.60613,-0.00613,0.5,0.49516,0.00484,0,0
0,PAUSE,623,13004.8,11,0.6,0.60558,-0.00558,0.5,0.51486,-0.01486,0.6,0.60439,-0.00439,0.5,0.4971,0.0029,0,0
0,PAUSE,624,13025.6,11,0.6,0.60558,-0.00558,0.5,0.51486,-0.01486,0.6,0.60613,-0.00613,0.5,0.5029,-0.0029,0,0
0,PAUSE,625,13046.7,11,0.6,0.60558,-0.00558,0.5,0.51486,-0.01486,0.6,0.60613,-0.00613,0.5,0.5087,-0.0087,0,0
0,PAUSE,626,13067.2,11,0.6,0.60558,-0.00558,0.5,0.51486,-0.01486,0.6,0.60439,-0.00439,0.5,0.51064,-0.01064,0,0
0,PAUSE,627,13089.7,11,0.6,0.60558,-0.00558,0.5,0.5132,-0.0132,0.6,0.60613,-0.00613,0.5,0.51257,-0.01257,0,0
0,PAUSE,628,13111.4,11,0.6,0.60558,-0.00558,0.5,0.51486,-0.01486,0.6,0.60439,-0.00439,0.5,0.51451,-0.01451,0,0
0,PAUSE,629,13133.0,11,0.6,0.60558,-0.00558,0.5,0.51486,-0.01486,0.6,0.60439,-0.00439,0.5,0.51451,-0.01451,0,0
0,PAUSE,630,13151.2,11,0.6,0.60558,-0.00558,0.5,0.51486,-0.01486,0.6,0.60439,-0.00439,0.5,0.51451,-0.01451,0,0
0,PAUSE,631,13171.6,11,0.6,0.60558,-0.00558,0.5,0.51486,-0.01486,0.6,0.60613,-0.00613,0.5,0.51257,-0.01257,0,0
0,PAUSE,632,13193.4,11,0.6,0.60558,-0.00558,0.5,0.51486,-0.01486,0.6,0.60613,-0.00613,0.5,0.51451,-0.01451,0,0
0,PAUSE,633,13214.9,11,0.6,0.60558,-0.00558,0.5,0.51486,-0.01486,0.6,0.60613,-0.00613,0.5,0.51257,-0.01257,0,0
0,PAUSE,634,13234.1,11,0.6,0.60558,-0.00558,0.5,0.51486,-0.01486,0.6,0.60439,-0.00439,0.5,0.51257,-0.01257,0,0
0,PAUSE,635,13254.8,11,0.6,0.60558,-0.00558,0.5,0.51486,-0.01486,0.6,0.60439,-0.00439,0.5,0.51257,-0.01257,0,0
0,PAUSE,636,13276.8,11,0.6,0.60558,-0.00558,0.5,0.51486,-0.01486,0.6,0.60613,-0.00613,0.5,0.51451,-0.01451,0,0
0,PAUSE,637,13301.0,11,0.6,0.60558,-0.00558,0.5,0.51486,-0.01486,0.6,0.60439,-0.00439,0.5,0.51257,-0.01257,0,0
0,PAUSE,638,13320.7,11,0.6,0.60558,-0.00558,0.5,0.51486,-0.01486,0.6,0.60439,-0.00439,0.5,0.51451,-0.01451,0,0
0,PAUSE,639,13338.9,11,0.6,0.60558,-0.00558,0.5,0.51486,-0.01486,0.6,0.60439,-0.00439,0.5,0.51451,-0.01451,0,0
0,MOVE,640,13360.3,-1,0.605,0.60558,-0.00058,0.5,0.5132,-0.0132,0.605,0.60439,0.00061,0.5,0.50677,-0.00677,0,0
0,MOVE,641,13380.8,-1,0.61,0.60558,0.00442,0.5,0.5132,-0.0132,0.61,0.60613,0.00387,0.5,0.51257,-0.01257,0,0
0,MOVE,642,13401.9,-1,0.615,0.60558,0.00942,0.5,0.5132,-0.0132,0.615,0.60439,0.01061,0.5,0.51451,-0.01451,0,0
0,MOVE,643,13423.1,-1,0.62,0.60733,0.01267,0.5,0.51486,-0.01486,0.62,0.60613,0.01387,0.5,0.51257,-0.01257,0,0
0,MOVE,644,13443.7,-1,0.625,0.60558,0.01942,0.5,0.5132,-0.0132,0.625,0.60439,0.02061,0.5,0.51257,-0.01257,0,0
0,MOVE,645,13464.7,-1,0.63,0.60558,0.02442,0.5,0.51486,-0.01486,0.63,0.60613,0.02387,0.5,0.51064,-0.01064,0,0
0,MOVE,646,13486.4,-1,0.635,0.60558,0.02942,0.5,0.51486,-0.01486,0.635,0.60613,0.02887,0.5,0.50677,-0.00677,0,0
0,MOVE,647,13507.6,-1,0.64,0.60558,0.03442,0.5,0.51486,-0.01486,0.64,0.60613,0.03387,0.5,0.5029,-0.0029,0,0
0,MOVE,648,13527.9,-1,0.645,0.5986,0.0464,0.5,0.51486,-0.01486,0.645,0.60613,0.03887,0.5,0.49903,0.00097,0,0
0,MOVE,649,13545.7,-1,0.65,0.61606,0.03394,0.5,0.51486,-0.01486,0.65,0.60613,0.04387,0.5,0.4971,0.0029,0,0
0,PAUSE,650,13567.9,12,0.65,0.61082,0.03918,0.5,0.51486,-0.01486,0.65,0.60961,0.04039,0.5,0.4971,0.0029,0,0
0,PAUSE,651,13588.7,12,0.65,0.60908,0.04092,0.5,0.51486,-0.01486,0.65,0.61135,0.03865,0.5,0.49516,0.00484,0,0
0,PAUSE,652,13609.2,12,0.65,0.62304,0.02696,0.5,0.51818,-0.01818,0.65,0.61484,0.03516,0.5,0.49516,0.00484,0,0
0,PAUSE,653,13629.7,12,0.65,0.62129,0.02871,0.5,0.51486,-0.01486,0.65,0.61832,0.03168,0.5,0.49903,0.00097,0,0
0,PAUSE,654,13651.8,12,0.65,0.62653,0.02347,0.5,0.5132,-0.0132,0.65,0.6218,0.0282,0.5,0.49516,0.00484,0,0
0,PAUSE,655,13674.8,12,0.65,0.63525,0.01475,0.5,0.51486,-0.01486,0.65,0.62877,0.02123,0.5,0.4971,0.0029,0,0
0,PAUSE,656,13693.9,12,0.65,0.63874,0.01126,0.5,0.51486,-0.01486,0.65,0.63399,0.01601,0.5,0.49516,0.00484,0,0
0,PAUSE,657,13716.0,12,0.65,0.64747,0.00253,0.5,0.51486,-0.01486,0.65,0.63921,0.01079,0.5,0.49516,0.00484,0,0
0,PAUSE,658,13736.2,12,0.65,0.64747,0.00253,0.5,0.51486,-0.01486,0.65,0.6427,0.0073,0.5,0.49516,0.00484,0,0
0,PAUSE,659,13755.1,12,0.65,0.65096,-0.00096,0.5,0.51818,-0.01818,0.65,0.64792,0.00208,0.5,0.49516,0.00484,0,0
0,PAUSE,660,13776.7,12,0.65,0.65271,-0.00271,0.5,0.51486,-0.01486,0.65,0.6514,-0.0014,0.5,0.49903,0.00097,0,0
0,PAUSE,661,13798.0,12,0.65,0.6562,-0.0062,0.5,0.51486,-0.01486,0.65,0.6514,-0.0014,0.5,0.49516,0.00484,0,0
0,PAUSE,662,13820.1,12,0.65,0.65445,-0.00445,0.5,0.51486,-0.01486,0.65,0.6514,-0.0014,0.5,0.49516,0.00484,0,0
0,PAUSE,663,13840.1,12,0.65,0.65445,-0.00445,0.5,0.51486,-0.01486,0.65,0.6514,-0.0014,0.5,0.49516,0.00484,0,0
0,PAUSE,664,13860.1,12,0.65,0.6562,-0.0062,0.5,0.5132,-0.0132,0.65,0.6514,-0.0014,0.5,0.49516,0.00484,0,0
0,PAUSE,665,13881.8,12,0.65,0.6562,-0.0062,0.5,0.51486,-0.01486,0.65,0.6514,-0.0014,0.5,0.49516,0.00484,0,0
0,PAUSE,666,13903.5,12,0.65,0.6562,-0.0062,0.5,0.51486,-0.01486,0.65,0.6514,-0.0014,0.5,0.49516,0.00484,0,0
0,PAUSE,667,13922.0,12,0.65,0.65794,-0.00794,0.5,0.51486,-0.01486,0.65,0.65314,-0.00314,0.5,0.49516,0.00484,0,0
0,PAUSE,668,13943.9,12,0.65,0.6562,-0.0062,0.5,0.51486,-0.01486,0.65,0.65314,-0.00314,0.5,0.4971,0.0029,0,0
0,PAUSE,669,13963.1,12,0.65,0.65445,-0.00445,0.5,0.51486,-0.01486,0.65,0.6514,-0.0014,0.5,0.49516,0.00484,0,0
0,PAUSE,670,13985.4,12,0.65,0.65445,-0.00445,0.5,0.51486,-0.01486,0.65,0.6514,-0.0014,0.5,0.49516,0.00484,0,0
0,PAUSE,671,14006.2,12,0.65,0.65445,-0.00445,0.5,0.51486,-0.01486,0.65,0.65488,-0.00488,0.5,0.49516,0.00484,0,0
0,PAUSE,672,14028.0,12,0.65,0.65445,-0.00445,0.5,0.51486,-0.01486,0.65,0.65314,-0.00314,0.5,0.49516,0.00484,0,0
0,PAUSE,673,14048.2,12,0.65,0.65445,-0.00445,0.5,0.51486,-0.01486,0.65,0.6514,-0.0014,0.5,0.49516,0.00484,0,0
0,PAUSE,674,14066.6,12,0.65,0.6562,-0.0062,0.5,0.51486,-0.01486,0.65,0.65314,-0.00314,0.5,0.49516,0.00484,0,0
0,PAUSE,675,14088.9,12,0.65,0.6562,-0.0062,0.5,0.51652,-0.01652,0.65,0.6514,-0.0014,0.5,0.50097,-0.00097,0,0
0,PAUSE,676,14109.6,12,0.65,0.65445,-0.00445,0.5,0.5132,-0.0132,0.65,0.6514,-0.0014,0.5,0.50484,-0.00484,0,0
0,PAUSE,677,14130.5,12,0.65,0.65445,-0.00445,0.5,0.51486,-0.01486,0.65,0.65314,-0.00314,0.5,0.50677,-0.00677,0,0
0,PAUSE,678,14154.1,12,0.65,0.6562,-0.0062,0.5,0.51486,-0.01486,0.65,0.65314,-0.00314,0.5,0.5087,-0.0087,0,0
0,PAUSE,679,14175.5,12,0.65,0.6562,-0.0062,0.5,0.51486,-0.01486,0.65,0.65314,-0.00314,0.5,0.51064,-0.01064,0,0
0,PAUSE,680,14195.3,12,0.65,0.65445,-0.00445,0.5,0.51486,-0.01486,0.65,0.65314,-0.00314,0.5,0.51064,-0.01064,0,0
0,PAUSE,681,14213.6,12,0.65,0.65445,-0.00445,0.5,0.51486,-0.01486,0.65,0.6514,-0.0014,0.5,0.51064,-0.01064,0,0
0,PAUSE,682,14235.8,12,0.65,0.6562,-0.0062,0.5,0.51486,-0.01486,0.65,0.6514,-0.0014,0.5,0.51064,-0.01064,0,0
0,PAUSE,683,14257.1,12,0.65,0.6562,-0.0062,0.5,0.5132,-0.0132,0.65,0.6514,-0.0014,0.5,0.51064,-0.01064,0,0
0,PAUSE,684,14276.1,12,0.65,0.6562,-0.0062,0.5,0.51486,-0.01486,0.65,0.64966,0.00034,0.5,0.51064,-0.01064,0,0
0,PAUSE,685,14296.2,12,0.65,0.65445,-0.00445,0.5,0.51486,-0.01486,0.65,0.6514,-0.0014,0.5,0.5087,-0.0087,0,0
0,PAUSE,686,14318.7,12,0.65,0.65445,-0.00445,0.5,0.51486,-0.01486,0.65,0.65314,-0.00314,0.5,0.51644,-0.01644,0,0
0,PAUSE,687,14339.9,12,0.65,0.6562,-0.0062,0.5,0.5132,-0.0132,0.65,0.65488,-0.00488,0.5,0.51064,-0.01064,0,0
0,PAUSE,688,14362.1,12,0.65,0.6562,-0.0062,0.5,0.51486,-0.01486,0.65,0.6514,-0.0014,0.5,0.51064,-0.01064,0,0
0,PAUSE,689,14382.5,12,0.65,0.6562,-0.0062,0.5,0.51486,-0.01486,0.65,0.6514,-0.0014,0.5,0.51064,-0.01064,0,0
0,MOVE,690,14402.4,-1,0.655,0.6562,-0.0012,0.5,0.5132,-0.0132,0.655,0.6514,0.0036,0.5,0.51064,-0.01064,0,0
0,MOVE,691,14424.0,-1,0.66,0.65445,0.00555,0.5,0.51486,-0.01486,0.66,0.6514,0.0086,0.5,0.51064,-0.01064,0,0
0,MOVE,692,14444.1,-1,0.665,0.65445,0.01055,0.5,0.51486,-0.01486,0.665,0.6514,0.0136,0.5,0.51064,-0.01064,0,0
0,MOVE,693,14464.4,-1,0.67,0.6562,0.0138,0.5,0.51486,-0.01486,0.67,0.65314,0.01686,0.5,0.51257,-0.01257,0,0
0,MOVE,694,14484.9,-1,0.675,0.65794,0.01706,0.5,0.51486,-0.01486,0.675,0.65314,0.02186,0.5,0.51064,-0.01064,0,0
0,MOVE,695,14505.1,-1,0.68,0.65445,0.02555,0.5,0.51486,-0.01486,0.68,0.65314,0.02686,0.5,0.51064,-0.01064,0,0
0,MOVE,696,14525.6,-1,0.685,0.6562,0.0288,0.5,0.5132,-0.0132,0.685,0.6514,0.0336,0.5,0.5087,-0.0087,0,0
0,MOVE,697,14547.7,-1,0.69,0.66667,0.02333,0.5,0.5132,-0.0132,0.69,0.66185,0.02815,0.5,0.50677,-0.00677,0,0
0,MOVE,698,14567.9,-1,0.695,0.6562,0.0388,0.5,0.5132,-0.0132,0.695,0.65663,0.03837,0.5,0.50484,-0.00484,0,0
0,MOVE,699,14587.6,-1,0.7,0.65969,0.04031,0.5,0.51486,-0.01486,0.7,0.65663,0.04337,0.5,0.50484,-0.00484,0,0
0,PAUSE,700,14608.7,13,0.7,0.66143,0.03857,0.5,0.51486,-0.01486,0.7,0.66185,0.03815,0.5,0.50677,-0.00677,0,0
0,PAUSE,701,14630.0,13,0.7,0.66318,0.03682,0.5,0.51486,-0.01486,0.7,0.66011,0.03989,0.5,0.5029,-0.0029,0,0
0,PAUSE,702,14651.0,13,0.7,0.66841,0.03159,0.5,0.51818,-0.01818,0.7,0.66533,0.03467,0.5,0.5029,-0.0029,0,0
0,PAUSE,703,14673.3,13,0.7,0.6719,0.0281,0.5,0.51486,-0.01486,0.7,0.67578,0.02422,0.5,0.50677,-0.00677,0,0
0,PAUSE,704,14694.2,13,0.7,0.67714,0.02286,0.5,0.5132,-0.0132,0.7,0.68274,0.01726,0.5,0.5029,-0.0029,0,0
0,PAUSE,705,14715.7,13,0.7,0.68237,0.01763,0.5,0.51652,-0.01652,0.7,0.68274,0.01726,0.5,0.5029,-0.0029,0,0
0,PAUSE,706,14737.3,13,0.7,0.68935,0.01065,0.5,0.51652,-0.01652,0.7,0.69319,0.00681,0.5,0.5029,-0.0029,0,0
0,PAUSE,707,14754.9,13,0.7,0.69284,0.00716,0.5,0.51486,-0.01486,0.7,0.69319,0.00681,0.5,0.50484,-0.00484,0,0
0,PAUSE,708,14775.3,13,0.7,0.69808,0.00192,0.5,0.51486,-0.01486,0.7,0.69667,0.00333,0.5,0.50484,-0.00484,0,0
0,PAUSE,709,14797.0,13,0.7,0.70332,-0.00332,0.5,0.51486,-0.01486,0.7,0.7019,-0.0019,0.5,0.5029,-0.0029,0,0
0,PAUSE,710,14818.2,13,0.7,0.70506,-0.00506,0.5,0.51652,-0.01652,0.7,0.70016,-0.00016,0.5,0.5029,-0.0029,0,0
0,PAUSE,711,14840.2,13,0.7,0.70506,-0.00506,0.5,0.51486,-0.01486,0.7,0.70364,-0.00364,0.5,0.50484,-0.00484,0,0
0,PAUSE,712,14861.4,13,0.7,0.70506,-0.00506,0.5,0.51486,-0.01486,0.7,0.7019,-0.0019,0.5,0.5029,-0.0029,0,0
0,PAUSE,713,14882.7,13,0.7,0.70681,-0.00681,0.5,0.51486,-0.01486,0.7,0.7019,-0.0019,0.5,0.5029,-0.0029,0,0
0,PAUSE,714,14904.5,13,0.7,0.70506,-0.00506,0.5,0.51486,-0.01486,0.7,0.7019,-0.0019,0.5,0.50484,-0.00484,0,0
0,PAUSE,715,14922.0,13,0.7,0.70506,-0.00506,0.5,0.51486,-0.01486,0.7,0.70016,-0.00016,0.5,0.5029,-0.0029,0,0
0,PAUSE,716,14942.7,13,0.7,0.70506,-0.00506,0.5,0.5132,-0.0132,0.7,0.7019,-0.0019,0.5,0.5029,-0.0029,0,0
0,PAUSE,717,14963.2,13,0.7,0.70506,-0.00506,0.5,0.51486,-0.01486,0.7,0.7019,-0.0019,0.5,0.50484,-0.00484,0,0
0,PAUSE,718,14985.1,13,0.7,0.70506,-0.00506,0.5,0.51486,-0.01486,0.7,0.70364,-0.00364,0.5,0.5029,-0.0029,0,0
0,PAUSE,719,15007.2,13,0.7,0.70506,-0.00506,0.5,0.51486,-0.01486,0.7,0.70364,-0.00364,0.5,0.50484,-0.00484,0,0
0,PAUSE,720,15027.9,13,0.7,0.70506,-0.00506,0.5,0.51486,-0.01486,0.7,0.7019,-0.0019,0.5,0.50484,-0.00484,0,0
0,PAUSE,721,15049.6,13,0.7,0.70506,-0.00506,0.5,0.5132,-0.0132,0.7,0.7019,-0.0019,0.5,0.5029,-0.0029,0,0
0,PAUSE,722,15067.8,13,0.7,0.70506,-0.00506,0.5,0.51486,-0.01486,0.7,0.7019,-0.0019,0.5,0.50484,-0.00484,0,0
0,PAUSE,723,15088.6,13,0.7,0.70332,-0.00332,0.5,0.51652,-0.01652,0.7,0.70364,-0.00364,0.5,0.50484,-0.00484,0,0
0,PAUSE,724,15110.6,13,0.7,0.70506,-0.00506,0.5,0.51486,-0.01486,0.7,0.70364,-0.00364,0.5,0.50484,-0.00484,0,0
0,PAUSE,725,15133.7,13,0.7,0.70506,-0.00506,0.5,0.51486,-0.01486,0.7,0.70364,-0.00364,0.5,0.5029,-0.0029,0,0
0,PAUSE,726,15153.5,13,0.7,0.70506,-0.00506,0.5,0.5132,-0.0132,0.7,0.7019,-0.0019,0.5,0.5029,-0.0029,0,0
0,PAUSE,727,15172.9,13,0.7,0.70506,-0.00506,0.5,0.51486,-0.01486,0.7,0.7019,-0.0019,0.5,0.5029,-0.0029,0,0
0,PAUSE,728,15193.6,13,0.7,0.70506,-0.00506,0.5,0.51486,-0.01486,0.7,0.70016,-0.00016,0.5,0.50484,-0.00484,0,0
0,PAUSE,729,15214.4,13,0.7,0.70332,-0.00332,0.5,0.51486,-0.01486,0.7,0.7019,-0.0019,0.5,0.50484,-0.00484,0,0
0,PAUSE,730,15234.4,13,0.7,0.70681,-0.00681,0.5,0.51486,-0.01486,0.7,0.7019,-0.0019,0.5,0.5087,-0.0087,0,0
0,PAUSE,731,15257.1,13,0.7,0.70506,-0.00506,0.5,0.51486,-0.01486,0.7,0.70016,-0.00016,0.5,0.5029,-0.0029,0,0
0,PAUSE,732,15276.3,13,0.7,0.70506,-0.00506,0.5,0.51486,-0.01486,0.7,0.7019,-0.0019,0.5,0.5029,-0.0029,0,0
0,PAUSE,733,15297.8,13,0.7,0.70332,-0.00332,0.5,0.5132,-0.0132,0.7,0.7019,-0.0019,0.5,0.50677,-0.00677,0,0
0,PAUSE,734,15318.6,13,0.7,0.70681,-0.00681,0.5,0.51486,-0.01486,0.7,0.7019,-0.0019,0.5,0.5029,-0.0029,0,0
0,PAUSE,735,15341.1,13,0.7,0.70506,-0.00506,0.5,0.51486,-0.01486,0.7,0.70364,-0.00364,0.5,0.5029,-0.0029,0,0
0,PAUSE,736,15362.7,13,0.7,0.70681,-0.00681,0.5,0.51486,-0.01486,0.7,0.7019,-0.0019,0.5,0.50484,-0.00484,0,0
0,PAUSE,737,15383.1,13,0.7,0.70332,-0.00332,0.5,0.51486,-0.01486,0.7,0.7019,-0.0019,0.5,0.50484,-0.00484,0,0
0,PAUSE,738,15401.8,13,0.7,0.70506,-0.00506,0.5,0.51486,-0.01486,0.7,0.7019,-0.0019,0.5,0.5029,-0.0029,0,0
0,PAUSE,739,15421.6,13,0.7,0.70506,-0.00506,0.5,0.5132,-0.0132,0.7,0.70364,-0.00364,0.5,0.5029,-0.0029,0,0
0,MOVE,740,15442.2,-1,0.705,0.70506,-6e-05,0.5,0.5132,-0.0132,0.705,0.7019,0.0031,0.5,0.5029,-0.0029,0,0
0,MOVE,741,15463.8,-1,0.71,0.70332,0.00668,0.5,0.51486,-0.01486,0.71,0.7019,0.0081,0.5,0.5029,-0.0029,0,0
0,MOVE,742,15483.7,-1,0.715,0.70506,0.00994,0.5,0.51486,-0.01486,0.715,0.7019,0.0131,0.5,0.5029,-0.0029,0,0
0,MOVE,743,15506.4,-1,0.72,0.70506,0.01494,0.5,0.51486,-0.01486,0.72,0.7019,0.0181,0.5,0.5029,-0.0029,0,0
0,MOVE,744,15528.2,-1,0.725,0.70506,0.01994,0.5,0.51652,-0.01652,0.725,0.7019,0.0231,0.5,0.5029,-0.0029,0,0
0,MOVE,745,15547.7,-1,0.73,0.70506,0.02494,0.5,0.51486,-0.01486,0.73,0.7106,0.0194,0.5,0.5029,-0.0029,0,0
0,MOVE,746,15568.6,-1,0.735,0.70506,0.02994,0.5,0.51486,-0.01486,0.735,0.7019,0.0331,0.5,0.50484,-0.00484,0,0
0,MOVE,747,15589.2,-1,0.74,0.70506,0.03494,0.5,0.51486,-0.01486,0.74,0.70364,0.03636,0.5,0.50484,-0.00484,0,0
0,MOVE,748,15609.7,-1,0.745,0.70506,0.03994,0.5,0.51652,-0.01652,0.745,0.7019,0.0431,0.5,0.5029,-0.0029,0,0
0,MOVE,749,15630.4,-1,0.75,0.70681,0.04319,0.5,0.51486,-0.01486,0.75,0.70364,0.04636,0.5,0.5029,-0.0029,0,0
0,PAUSE,750,15651.9,14,0.75,0.70681,0.04319,0.5,0.51486,-0.01486,0.75,0.71583,0.03417,0.5,0.5029,-0.0029,0,0
0,PAUSE,751,15673.1,14,0.75,0.71553,0.03447,0.5,0.5132,-0.0132,0.75,0.71409,0.03591,0.5,0.50484,-0.00484,0,0
0,PAUSE,752,15692.6,14,0.75,0.71553,0.03447,0.5,0.51486,-0.01486,0.75,0.71931,0.03069,0.5,0.5029,-0.0029,0,0
0,PAUSE,753,15715.1,14,0.75,0.72077,0.02923,0.5,0.5132,-0.0132,0.75,0.71931,0.03069,0.5,0.5029,-0.0029,0,0
0,PAUSE,754,15734.8,14,0.75,0.726,0.024,0.5,0.51486,-0.01486,0.75,0.72279,0.02721,0.5,0.5029,-0.0029,0,0
0,PAUSE,755,15754.9,14,0.75,0.73124,0.01876,0.5,0.5132,-0.0132,0.75,0.7315,0.0185,0.5,0.50484,-0.00484,0,0
0,PAUSE,756,15776.0,14,0.75,0.73822,0.01178,0.5,0.51486,-0.01486,0.75,0.73324,0.01676,0.5,0.5029,-0.0029,0,0
0,PAUSE,757,15796.9,14,0.75,0.7452,0.0048,0.5,0.51486,-0.01486,0.75,0.73846,0.01154,0.5,0.50484,-0.00484,0,0
0,PAUSE,758,15818.2,14,0.75,0.74695,0.00305,0.5,0.5132,-0.0132,0.75,0.74369,0.00631,0.5,0.5029,-0.0029,0,0
0,PAUSE,759,15837.3,14,0.75,0.74695,0.00305,0.5,0.51486,-0.01486,0.75,0.74543,0.00457,0.5,0.50484,-0.00484,0,0
0,PAUSE,760,15859.0,14,0.75,0.74869,0.00131,0.5,0.51486,-0.01486,0.75,0.74717,0.00283,0.5,0.50484,-0.00484,0,0
0,PAUSE,761,15879.8,14,0.75,0.75044,-0.00044,0.5,0.51486,-0.01486,0.75,0.74717,0.00283,0.5,0.5029,-0.0029,0,0
0,PAUSE,762,15900.5,14,0.75,0.75044,-0.00044,0.5,0.51486,-0.01486,0.75,0.74891,0.00109,0.5,0.5029,-0.0029,0,0
0,PAUSE,763,15920.9,14,0.75,0.75393,-0.00393,0.5,0.51486,-0.01486,0.75,0.74717,0.00283,0.5,0.5029,-0.0029,0,0
0,PAUSE,764,15943.2,14,0.75,0.75044,-0.00044,0.5,0.51486,-0.01486,0.75,0.74717,0.00283,0.5,0.50484,-0.00484,0,0
0,PAUSE,765,15963.3,14,0.75,0.75218,-0.00218,0.5,0.51486,-0.01486,0.75,0.74717,0.00283,0.5,0.5029,-0.0029,0,0
0,PAUSE,766,15984.1,14,0.75,0.75044,-0.00044,0.5,0.51486,-0.01486,0.75,0.74891,0.00109,0.5,0.5029,-0.0029,0,0
0,PAUSE,767,16005.9,14,0.75,0.75218,-0.00218,0.5,0.51486,-0.01486,0.75,0.74891,0.00109,0.5,0.5029,-0.0029,0,0
0,PAUSE,768,16026.5,14,0.75,0.75044,-0.00044,0.5,0.51486,-0.01486,0.75,0.74891,0.00109,0.5,0.50484,-0.00484,0,0
0,PAUSE,769,16046.8,14,0.75,0.75044,-0.00044,0.5,0.5132,-0.0132,0.75,0.74717,0.00283,0.5,0.50484,-0.00484,0,0
0,PAUSE,770,16067.5,14,0.75,0.75044,-0.00044,0.5,0.51486,-0.01486,0.75,0.74717,0.00283,0.5,0.50484,-0.00484,0,0
0,PAUSE,771,16090.7,14,0.75,0.75044,-0.00044,0.5,0.51486,-0.01486,0.75,0.74717,0.00283,0.5,0.50677,-0.00677,0,0
0,PAUSE,772,16112.1,14,0.75,0.75044,-0.00044,0.5,0.51486,-0.01486,0.75,0.75239,-0.00239,0.5,0.5029,-0.0029,0,0
0,PAUSE,773,16130.9,14,0.75,0.75044,-0.00044,0.5,0.51486,-0.01486,0.75,0.75065,-0.00065,0.5,0.50484,-0.00484,0,0
0,PAUSE,774,16151.7,14,0.75,0.75218,-0.00218,0.5,0.51486,-0.01486,0.75,0.74891,0.00109,0.5,0.50484,-0.00484,0,0
0,PAUSE,775,16173.0,14,0.75,0.75044,-0.00044,0.5,0.51486,-0.01486,0.75,0.74717,0.00283,0.5,0.50484,-0.00484,0,0
0,PAUSE,776,16194.8,14,0.75,0.75044,-0.00044,0.5,0.51486,-0.01486,0.75,0.74891,0.00109,0.5,0.50484,-0.00484,0,0
0,PAUSE,777,16212.9,14,0.75,0.75044,-0.00044,0.5,0.51486,-0.01486,0.75,0.74891,0.00109,0.5,0.50484,-0.00484,0,0
0,PAUSE,778,16234.7,14,0.75,0.75044,-0.00044,0.5,0.5132,-0.0132,0.75,0.74717,0.00283,0.5,0.5029,-0.0029,0,0
0,PAUSE,779,16255.8,14,0.75,0.75044,-0.00044,0.5,0.51486,-0.01486,0.75,0.74717,0.00283,0.5,0.50484,-0.00484,0,0
0,PAUSE,780,16277.4,14,0.75,0.75218,-0.00218,0.5,0.51486,-0.01486,0.75,0.74891,0.00109,0.5,0.50484,-0.00484,0,0
0,PAUSE,781,16297.9,14,0.75,0.75218,-0.00218,0.5,0.51486,-0.01486,0.75,0.74891,0.00109,0.5,0.5029,-0.0029,0,0
0,PAUSE,782,16318.0,14,0.75,0.75044,-0.00044,0.5,0.51652,-0.01652,0.75,0.74717,0.00283,0.5,0.50484,-0.00484,0,0
0,PAUSE,783,16341.6,14,0.75,0.75044,-0.00044,0.5,0.51486,-0.01486,0.75,0.74891,0.00109,0.5,0.5029,-0.0029,0,0
0,PAUSE,784,16360.0,14,0.75,0.75044,-0.00044,0.5,0.51652,-0.01652,0.75,0.74717,0.00283,0.5,0.5029,-0.0029,0,0
0,PAUSE,785,16379.8,14,0.75,0.75218,-0.00218,0.5,0.5132,-0.0132,0.75,0.74891,0.00109,0.5,0.50484,-0.00484,0,0
0,PAUSE,786,16400.3,14,0.75,0.75218,-0.00218,0.5,0.51818,-0.01818,0.75,0.74717,0.00283,0.5,0.5029,-0.0029,0,0
0,PAUSE,787,16421.8,14,0.75,0.75218,-0.00218,0.5,0.51486,-0.01486,0.75,0.74891,0.00109,0.5,0.5029,-0.0029,0,0
0,PAUSE,788,16442.0,14,0.75,0.75218,-0.00218,0.5,0.51486,-0.01486,0.75,0.74891,0.00109,0.5,0.5029,-0.0029,0,0
0,PAUSE,789,16463.2,14,0.75,0.75044,-0.00044,0.5,0.51486,-0.01486,0.75,0.74891,0.00109,0.5,0.5029,-0.0029,0,0
0,MOVE,790,16485.2,-1,0.755,0.74869,0.00631,0.5,0.51486,-0.01486,0.755,0.74891,0.00609,0.5,0.5029,-0.0029,0,0
0,MOVE,791,16507.9,-1,0.76,0.75044,0.00956,0.5,0.51652,-0.01652,0.76,0.74891,0.01109,0.5,0.5029,-0.0029,0,0
0,MOVE,792,16527.2,-1,0.765,0.75044,0.01456,0.5,0.51486,-0.01486,0.765,0.74891,0.01609,0.5,0.5029,-0.0029,0,0
0,MOVE,793,16547.0,-1,0.77,0.75218,0.01782,0.5,0.5132,-0.0132,0.77,0.74891,0.02109,0.5,0.50484,-0.00484,0,0
0,MOVE,794,16567.9,-1,0.775,0.75044,0.02456,0.5,0.5132,-0.0132,0.775,0.74891,0.02609,0.5,0.5029,-0.0029,0,0
0,MOVE,795,16591.4,-1,0.78,0.75218,0.02782,0.5,0.51486,-0.01486,0.78,0.74717,0.03283,0.5,0.50484,-0.00484,0,0
0,MOVE,796,16611.2,-1,0.785,0.75044,0.03456,0.5,0.51486,-0.01486,0.785,0.74195,0.04305,0.5,0.50097,-0.00097,0,0
0,MOVE,797,16631.6,-1,0.79,0.75393,0.03607,0.5,0.51486,-0.01486,0.79,0.75414,0.03586,0.5,0.5029,-0.0029,0,0
0,MOVE,798,16651.5,-1,0.795,0.75567,0.03933,0.5,0.5132,-0.0132,0.795,0.75762,0.03738,0.5,0.50097,-0.00097,0,0
0,MOVE,799,16674.0,-1,0.8,0.75742,0.04258,0.5,0.51486,-0.01486,0.8,0.75065,0.04935,0.5,0.5029,-0.0029,0,0
0,PAUSE,800,16693.2,15,0.8,0.76614,0.03386,0.5,0.51486,-0.01486,0.8,0.75239,0.04761,0.5,0.5029,-0.0029,0,0
0,PAUSE,801,16714.9,15,0.8,0.76091,0.03909,0.5,0.51486,-0.01486,0.8,0.76284,0.03716,0.5,0.50097,-0.00097,0,0
0,PAUSE,802,16735.7,15,0.8,0.76614,0.03386,0.5,0.5132,-0.0132,0.8,0.76632,0.03368,0.5,0.5029,-0.0029,0,0
0,PAUSE,803,16757.1,15,0.8,0.77138,0.02862,0.5,0.51486,-0.01486,0.8,0.76632,0.03368,0.5,0.50484,-0.00484,0,0
0,PAUSE,804,16778.1,15,0.8,0.77661,0.02339,0.5,0.51486,-0.01486,0.8,0.76981,0.03019,0.5,0.5029,-0.0029,0,0
0,PAUSE,805,16797.8,15,0.8,0.78185,0.01815,0.5,0.51486,-0.01486,0.8,0.78025,0.01975,0.5,0.5029,-0.0029,0,0
0,PAUSE,806,16817.6,15,0.8,0.78534,0.01466,0.5,0.51486,-0.01486,0.8,0.78374,0.01626,0.5,0.5029,-0.0029,0,0
0,PAUSE,807,16840.2,15,0.8,0.79058,0.00942,0.5,0.51486,-0.01486,0.8,0.79244,0.00756,0.5,0.5029,-0.0029,0,0
0,PAUSE,808,16863.1,15,0.8,0.79756,0.00244,0.5,0.51486,-0.01486,0.8,0.79244,0.00756,0.5,0.50484,-0.00484,0,0
0,PAUSE,809,16882.3,15,0.8,0.80105,-0.00105,0.5,0.51486,-0.01486,0.8,0.79941,0.00059,0.5,0.50484,-0.00484,0,0
0,PAUSE,810,16901.3,15,0.8,0.80105,-0.00105,0.5,0.51486,-0.01486,0.8,0.80115,-0.00115,0.5,0.50677,-0.00677,0,0
0,PAUSE,811,16922.0,15,0.8,0.80454,-0.00454,0.5,0.51652,-0.01652,0.8,0.80289,-0.00289,0.5,0.5029,-0.0029,0,0
0,PAUSE,812,16942.7,15,0.8,0.80454,-0.00454,0.5,0.51486,-0.01486,0.8,0.80289,-0.00289,0.5,0.50484,-0.00484,0,0
0,PAUSE,813,16964.0,15,0.8,0.80628,-0.00628,0.5,0.51486,-0.01486,0.8,0.80115,-0.00115,0.5,0.5029,-0.0029,0,0
0,PAUSE,814,16988.6,15,0.8,0.80454,-0.00454,0.5,0.51486,-0.01486,0.8,0.80289,-0.00289,0.5,0.5029,-0.0029,0,0
0,PAUSE,815,17006.4,15,0.8,0.80454,-0.00454,0.5,0.51486,-0.01486,0.8,0.80289,-0.00289,0.5,0.50097,-0.00097,0,0
0,PAUSE,816,17026.1,15,0.8,0.80454,-0.00454,0.5,0.5132,-0.0132,0.8,0.80289,-0.00289,0.5,0.50484,-0.00484,0,0
0,PAUSE,817,17046.9,15,0.8,0.80454,-0.00454,0.5,0.51486,-0.01486,0.8,0.80289,-0.00289,0.5,0.5029,-0.0029,0,0
0,PAUSE,818,17068.9,15,0.8,0.80454,-0.00454,0.5,0.51486,-0.01486,0.8,0.80115,-0.00115,0.5,0.50484,-0.00484,0,0
0,PAUSE,819,17088.9,15,0.8,0.80454,-0.00454,0.5,0.5132,-0.0132,0.8,0.80289,-0.00289,0.5,0.5029,-0.0029,0,0
0,PAUSE,820,17113.2,15,0.8,0.80454,-0.00454,0.5,0.51652,-0.01652,0.8,0.80115,-0.00115,0.5,0.5029,-0.0029,0,0
0,PAUSE,821,17133.9,15,0.8,0.80628,-0.00628,0.5,0.5132,-0.0132,0.8,0.80115,-0.00115,0.5,0.5029,-0.0029,0,0
0,PAUSE,822,17153.2,15,0.8,0.80454,-0.00454,0.5,0.51486,-0.01486,0.8,0.80289,-0.00289,0.5,0.5029,-0.0029,0,0
0,PAUSE,823,17172.9,15,0.8,0.80628,-0.00628,0.5,0.51652,-0.01652,0.8,0.80115,-0.00115,0.5,0.5029,-0.0029,0,0
0,PAUSE,824,17195.2,15,0.8,0.80454,-0.00454,0.5,0.5132,-0.0132,0.8,0.80289,-0.00289,0.5,0.50677,-0.00677,0,0
0,PAUSE,825,17216.0,15,0.8,0.80454,-0.00454,0.5,0.51652,-0.01652,0.8,0.80289,-0.00289,0.5,0.50484,-0.00484,0,0
0,PAUSE,826,17236.6,15,0.8,0.80628,-0.00628,0.5,0.51486,-0.01486,0.8,0.80115,-0.00115,0.5,0.5029,-0.0029,0,0
0,PAUSE,827,17256.1,15,0.8,0.80279,-0.00279,0.5,0.51486,-0.01486,0.8,0.80289,-0.00289,0.5,0.50484,-0.00484,0,0
0,PAUSE,828,17277.6,15,0.8,0.80454,-0.00454,0.5,0.5132,-0.0132,0.8,0.80289,-0.00289,0.5,0.5029,-0.0029,0,0
0,PAUSE,829,17296.1,15,0.8,0.80628,-0.00628,0.5,0.51486,-0.01486,0.8,0.80289,-0.00289,0.5,0.5029,-0.0029,0,0
0,PAUSE,830,17316.2,15,0.8,0.80628,-0.00628,0.5,0.51486,-0.01486,0.8,0.80115,-0.00115,0.5,0.5029,-0.0029,0,0
0,PAUSE,831,17338.2,15,0.8,0.80454,-0.00454,0.5,0.51486,-0.01486,0.8,0.80289,-0.00289,0.5,0.5029,-0.0029,0,0
0,PAUSE,832,17359.1,15,0.8,0.80628,-0.00628,0.5,0.5132,-0.0132,0.8,0.80289,-0.00289,0.5,0.5029,-0.0029,0,0
0,PAUSE,833,17380.5,15,0.8,0.80803,-0.00803,0.5,0.51486,-0.01486,0.8,0.80289,-0.00289,0.5,0.50484,-0.00484,0,0
0,PAUSE,834,17403.2,15,0.8,0.80628,-0.00628,0.5,0.51486,-0.01486,0.8,0.80463,-0.00463,0.5,0.50677,-0.00677,0,0
0,PAUSE,835,17424.3,15,0.8,0.80628,-0.00628,0.5,0.51818,-0.01818,0.8,0.80289,-0.00289,0.5,0.50484,-0.00484,0,0
0,PAUSE,836,17443.4,15,0.8,0.80454,-0.00454,0.5,0.5132,-0.0132,0.8,0.80289,-0.00289,0.5,0.5029,-0.0029,0,0
0,PAUSE,837,17465.7,15,0.8,0.80454,-0.00454,0.5,0.51486,-0.01486,0.8,0.80289,-0.00289,0.5,0.50484,-0.00484,0,0
0,PAUSE,838,17487.8,15,0.8,0.80454,-0.00454,0.5,0.5132,-0.0132,0.8,0.80115,-0.00115,0.5,0.5029,-0.0029,0,0
0,PAUSE,839,17506.1,15,0.8,0.80279,-0.00279,0.5,0.5132,-0.0132,0.8,0.80289,-0.00289,0.5,0.5029,-0.0029,0,0
0,MOVE,840,17525.9,-1,0.805,0.80454,0.00046,0.5,0.51486,-0.01486,0.805,0.80463,0.00037,0.5,0.5029,-0.0029,0,0
0,MOVE,841,17547.4,-1,0.81,0.80454,0.00546,0.5,0.51486,-0.01486,0.81,0.80289,0.00711,0.5,0.5029,-0.0029,0,0
0,MOVE,842,17567.7,-1,0.815,0.80454,0.01046,0.5,0.51652,-0.01652,0.815,0.80289,0.01211,0.5,0.50484,-0.00484,0,0
0,MOVE,843,17589.4,-1,0.82,0.80628,0.01372,0.5,0.51486,-0.01486,0.82,0.80289,0.01711,0.5,0.5029,-0.0029,0,0
0,MOVE,844,17612.7,-1,0.825,0.80454,0.02046,0.5,0.51486,-0.01486,0.825,0.80289,0.02211,0.5,0.5029,-0.0029,0,0
0,MOVE,845,17632.7,-1,0.83,0.80628,0.02372,0.5,0.5132,-0.0132,0.83,0.80115,0.02885,0.5,0.5029,-0.0029,0,0
0,MOVE,846,17654.0,-1,0.835,0.80628,0.02872,0.5,0.51486,-0.01486,0.835,0.80115,0.03385,0.5,0.5029,-0.0029,0,0
0,MOVE,847,17672.7,-1,0.84,0.80628,0.03372,0.5,0.51486,-0.01486,0.84,0.80115,0.03885,0.5,0.50484,-0.00484,0,0
0,MOVE,848,17693.0,-1,0.845,0.80628,0.03872,0.5,0.51486,-0.01486,0.845,0.80289,0.04211,0.5,0.5029,-0.0029,0,0
0,MOVE,849,17713.8,-1,0.85,0.80454,0.04546,0.5,0.5132,-0.0132,0.85,0.80289,0.04711,0.5,0.50484,-0.00484,0,0
0,PAUSE,850,17734.5,16,0.85,0.80977,0.04023,0.5,0.51486,-0.01486,0.85,0.80463,0.04537,0.5,0.5029,-0.0029,0,0
0,PAUSE,851,17755.6,16,0.85,0.81675,0.03325,0.5,0.51486,-0.01486,0.85,0.81334,0.03666,0.5,0.5029,-0.0029,0,0
0,PAUSE,852,17775.7,16,0.85,0.81675,0.03325,0.5,0.51652,-0.01652,0.85,0.80986,0.04014,0.5,0.50484,-0.00484,0,0
0,PAUSE,853,17796.3,16,0.85,0.82024,0.02976,0.5,0.51486,-0.01486,0.85,0.81682,0.03318,0.5,0.50484,-0.00484,0,0
0,PAUSE,854,17818.0,16,0.85,0.82548,0.02452,0.5,0.51486,-0.01486,0.85,0.82553,0.02447,0.5,0.5029,-0.0029,0,0
0,PAUSE,855,17838.1,16,0.85,0.83072,0.01928,0.5,0.51486,-0.01486,0.85,0.82727,0.02273,0.5,0.50484,-0.00484,0,0
0,PAUSE,856,17859.6,16,0.85,0.83595,0.01405,0.5,0.51486,-0.01486,0.85,0.83249,0.01751,0.5,0.50484,-0.00484,0,0
0,PAUSE,857,17880.0,16,0.85,0.84119,0.00881,0.5,0.51486,-0.01486,0.85,0.83772,0.01228,0.5,0.5029,-0.0029,0,0
0,PAUSE,858,17902.9,16,0.85,0.84642,0.00358,0.5,0.51486,-0.01486,0.85,0.84294,0.00706,0.5,0.50484,-0.00484,0,0
0,PAUSE,859,17922.8,16,0.85,0.84817,0.00183,0.5,0.51486,-0.01486,0.85,0.84642,0.00358,0.5,0.50484,-0.00484,0,0
0,PAUSE,860,17942.9,16,0.85,0.85166,-0.00166,0.5,0.5132,-0.0132,0.85,0.8499,0.0001,0.5,0.5029,-0.0029,0,0
0,PAUSE,861,17964.5,16,0.85,0.85166,-0.00166,0.5,0.51486,-0.01486,0.85,0.85165,-0.00165,0.5,0.5029,-0.0029,0,0
0,PAUSE,862,17987.5,16,0.85,0.85166,-0.00166,0.5,0.51486,-0.01486,0.85,0.8499,0.0001,0.5,0.5029,-0.0029,0,0
0,PAUSE,863,18005.8,16,0.85,0.85166,-0.00166,0.5,0.51486,-0.01486,0.85,0.8499,0.0001,0.5,0.50484,-0.00484,0,0
0,PAUSE,864,18026.4,16,0.85,0.8534,-0.0034,0.5,0.51486,-0.01486,0.85,0.85339,-0.00339,0.5,0.50484,-0.00484,0,0
0,PAUSE,865,18048.3,16,0.85,0.85166,-0.00166,0.5,0.51486,-0.01486,0.85,0.85165,-0.00165,0.5,0.50484,-0.00484,0,0
0,PAUSE,866,18068.9,16,0.85,0.8534,-0.0034,0.5,0.51652,-0.01652,0.85,0.85165,-0.00165,0.5,0.5029,-0.0029,0,0
0,PAUSE,867,18091.5,16,0.85,0.8534,-0.0034,0.5,0.5132,-0.0132,0.85,0.8499,0.0001,0.5,0.50677,-0.00677,0,0
0,PAUSE,868,18112.9,16,0.85,0.8534,-0.0034,0.5,0.51486,-0.01486,0.85,0.8499,0.0001,0.5,0.5029,-0.0029,0,0
0,PAUSE,869,18132.4,16,0.85,0.8534,-0.0034,0.5,0.51486,-0.01486,0.85,0.8499,0.0001,0.5,0.50484,-0.00484,0,0
0,PAUSE,870,18152.0,16,0.85,0.85166,-0.00166,0.5,0.51486,-0.01486,0.85,0.85165,-0.00165,0.5,0.5029,-0.0029,0,0
0,PAUSE,871,18173.4,16,0.85,0.85166,-0.00166,0.5,0.51652,-0.01652,0.85,0.85165,-0.00165,0.5,0.5029,-0.0029,0,0
0,PAUSE,872,18193.0,16,0.85,0.85166,-0.00166,0.5,0.51486,-0.01486,0.85,0.85165,-0.00165,0.5,0.50484,-0.00484,0,0
0,PAUSE,873,18214.4,16,0.85,0.85166,-0.00166,0.5,0.51486,-0.01486,0.85,0.8499,0.0001,0.5,0.5029,-0.0029,0,0
0,PAUSE,874,18236.4,16,0.85,0.85166,-0.00166,0.5,0.51486,-0.01486,0.85,0.85165,-0.00165,0.5,0.50677,-0.00677,0,0
0,PAUSE,875,18258.4,16,0.85,0.85166,-0.00166,0.5,0.51486,-0.01486,0.85,0.85339,-0.00339,0.5,0.5029,-0.0029,0,0
0,PAUSE,876,18279.2,16,0.85,0.85166,-0.00166,0.5,0.5132,-0.0132,0.85,0.8499,0.0001,0.5,0.5029,-0.0029,0,0
0,PAUSE,877,18299.8,16,0.85,0.85166,-0.00166,0.5,0.51486,-0.01486,0.85,0.85165,-0.00165,0.5,0.5029,-0.0029,0,0
0,PAUSE,878,18320.5,16,0.85,0.84991,9e-05,0.5,0.51486,-0.01486,0.85,0.8499,0.0001,0.5,0.5029,-0.0029,0,0
0,PAUSE,879,18339.4,16,0.85,0.85166,-0.00166,0.5,0.51652,-0.01652,0.85,0.85165,-0.00165,0.5,0.5029,-0.0029,0,0
0,PAUSE,880,18359.1,16,0.85,0.85166,-0.00166,0.5,0.51486,-0.01486,0.85,0.85165,-0.00165,0.5,0.5029,-0.0029,0,0
0,PAUSE,881,18381.2,16,0.85,0.8534,-0.0034,0.5,0.5132,-0.0132,0.85,0.85165,-0.00165,0.5,0.5029,-0.0029,0,0
0,PAUSE,882,18401.4,16,0.85,0.85166,-0.00166,0.5,0.51486,-0.01486,0.85,0.85165,-0.00165,0.5,0.50484,-0.00484,0,0
0,PAUSE,883,18421.6,16,0.85,0.85166,-0.00166,0.5,0.5132,-0.0132,0.85,0.85165,-0.00165,0.5,0.5029,-0.0029,0,0
0,PAUSE,884,18444.1,16,0.85,0.85166,-0.00166,0.5,0.51486,-0.01486,0.85,0.8499,0.0001,0.5,0.5029,-0.0029,0,0
0,PAUSE,885,18464.6,16,0.85,0.85166,-0.00166,0.5,0.51486,-0.01486,0.85,0.8499,0.0001,0.5,0.50484,-0.00484,0,0
0,PAUSE,886,18485.0,16,0.85,0.85166,-0.00166,0.5,0.5132,-0.0132,0.85,0.8499,0.0001,0.5,0.5029,-0.0029,0,0
0,PAUSE,887,18505.4,16,0.85,0.85166,-0.00166,0.5,0.51486,-0.01486,0.85,0.8499,0.0001,0.5,0.5029,-0.0029,0,0
0,PAUSE,888,18526.9,16,0.85,0.85166,-0.00166,0.5,0.5132,-0.0132,0.85,0.85165,-0.00165,0.5,0.50097,-0.00097,0,0
0,PAUSE,889,18550.3,16,0.85,0.85166,-0.00166,0.5,0.5132,-0.0132,0.85,0.8499,0.0001,0.5,0.5029,-0.0029,0,0
0,MOVE,890,18569.0,-1,0.855,0.85166,0.00334,0.5,0.51486,-0.01486,0.855,0.8499,0.0051,0.5,0.5029,-0.0029,0,0
0,MOVE,891,18588.7,-1,0.86,0.85166,0.00834,0.5,0.51486,-0.01486,0.86,0.8499,0.0101,0.5,0.50484,-0.00484,0,0
0,MOVE,892,18610.5,-1,0.865,0.85166,0.01334,0.5,0.51486,-0.01486,0.865,0.85165,0.01335,0.5,0.5029,-0.0029,0,0
0,MOVE,893,18631.1,-1,0.87,0.85166,0.01834,0.5,0.5132,-0.0132,0.87,0.85165,0.01835,0.5,0.5029,-0.0029,0,0
0,MOVE,894,18652.2,-1,0.875,0.85166,0.02334,0.5,0.51486,-0.01486,0.875,0.85165,0.02335,0.5,0.5029,-0.0029,0,0
0,MOVE,895,18672.0,-1,0.88,0.8534,0.0266,0.5,0.5132,-0.0132,0.88,0.85165,0.02835,0.5,0.5029,-0.0029,0,0
0,MOVE,896,18692.2,-1,0.885,0.8534,0.0316,0.5,0.51486,-0.01486,0.885,0.85339,0.03161,0.5,0.5029,-0.0029,0,0
0,MOVE,897,18712.9,-1,0.89,0.8534,0.0366,0.5,0.5132,-0.0132,0.89,0.85165,0.03835,0.5,0.50484,-0.00484,0,0
0,MOVE,898,18733.5,-1,0.895,0.8534,0.0416,0.5,0.51486,-0.01486,0.895,0.85165,0.04335,0.5,0.5029,-0.0029,0,0
0,MOVE,899,18754.6,-1,0.9,0.85166,0.04834,0.5,0.51486,-0.01486,0.9,0.85339,0.04661,0.5,0.5029,-0.0029,0,0
0,PAUSE,900,18774.3,17,0.9,0.85864,0.04136,0.5,0.51652,-0.01652,0.9,0.85339,0.04661,0.5,0.50097,-0.00097,0,0
0,PAUSE,901,18795.8,17,0.9,0.86038,0.03962,0.5,0.51486,-0.01486,0.9,0.85687,0.04313,0.5,0.50484,-0.00484,0,0
0,PAUSE,902,18815.8,17,0.9,0.86387,0.03613,0.5,0.51652,-0.01652,0.9,0.86558,0.03442,0.5,0.5029,-0.0029,0,0
0,PAUSE,903,18837.3,17,0.9,0.87609,0.02391,0.5,0.51486,-0.01486,0.9,0.88821,0.01179,0.5,0.5029,-0.0029,0,0
0,PAUSE,904,18857.7,17,0.9,0.88133,0.01867,0.5,0.51486,-0.01486,0.9,0.87254,0.02746,0.5,0.5029,-0.0029,0,0
0,PAUSE,905,18878.8,17,0.9,0.88482,0.01518,0.5,0.51652,-0.01652,0.9,0.87602,0.02398,0.5,0.50484,-0.00484,0,0
0,PAUSE,906,18900.0,17,0.9,0.88482,0.01518,0.5,0.51486,-0.01486,0.9,0.88299,0.01701,0.5,0.5029,-0.0029,0,0
0,PAUSE,907,18921.5,17,0.9,0.88831,0.01169,0.5,0.51486,-0.01486,0.9,0.89344,0.00656,0.5,0.5029,-0.0029,0,0
0,PAUSE,908,18942.0,17,0.9,0.89354,0.00646,0.5,0.51486,-0.01486,0.9,0.89344,0.00656,0.5,0.50484,-0.00484,0,0
0,PAUSE,909,18963.8,17,0.9,0.89703,0.00297,0.5,0.5132,-0.0132,0.9,0.89692,0.00308,0.5,0.5029,-0.0029,0,0
0,PAUSE,910,18984.9,17,0.9,0.89878,0.00122,0.5,0.51486,-0.01486,0.9,0.9004,-0.0004,0.5,0.50484,-0.00484,0,0
0,PAUSE,911,19006.6,17,0.9,0.89878,0.00122,0.5,0.51486,-0.01486,0.9,0.90214,-0.00214,0.5,0.5029,-0.0029,0,0
0,PAUSE,912,19028.4,17,0.9,0.89878,0.00122,0.5,0.5132,-0.0132,0.9,0.9004,-0.0004,0.5,0.50484,-0.00484,0,0
0,PAUSE,913,19050.0,17,0.9,0.90052,-0.00052,0.5,0.51486,-0.01486,0.9,0.90388,-0.00388,0.5,0.50484,-0.00484,0,0
0,PAUSE,914,19069.0,17,0.9,0.90227,-0.00227,0.5,0.51486,-0.01486,0.9,0.90214,-0.00214,0.5,0.50677,-0.00677,0,0
0,PAUSE,915,19090.3,17,0.9,0.90052,-0.00052,0.5,0.51486,-0.01486,0.9,0.90214,-0.00214,0.5,0.5029,-0.0029,0,0
0,PAUSE,916,19111.8,17,0.9,0.90052,-0.00052,0.5,0.51486,-0.01486,0.9,0.90388,-0.00388,0.5,0.5029,-0.0029,0,0
0,PAUSE,917,19131.4,17,0.9,0.90052,-0.00052,0.5,0.5132,-0.0132,0.9,0.90214,-0.00214,0.5,0.50677,-0.00677,0,0
0,PAUSE,918,19152.7,17,0.9,0.90052,-0.00052,0.5,0.5132,-0.0132,0.9,0.90214,-0.00214,0.5,0.50484,-0.00484,0,0
0,PAUSE,919,19173.6,17,0.9,0.89878,0.00122,0.5,0.5132,-0.0132,0.9,0.90214,-0.00214,0.5,0.5029,-0.0029,0,0
0,PAUSE,920,19196.3,17,0.9,0.90052,-0.00052,0.5,0.51486,-0.01486,0.9,0.90214,-0.00214,0.5,0.5029,-0.0029,0,0
0,PAUSE,921,19214.0,17,0.9,0.90052,-0.00052,0.5,0.51486,-0.01486,0.9,0.9004,-0.0004,0.5,0.5029,-0.0029,0,0
0,PAUSE,922,19235.3,17,0.9,0.90052,-0.00052,0.5,0.5132,-0.0132,0.9,0.90388,-0.00388,0.5,0.5029,-0.0029,0,0
0,PAUSE,923,19256.9,17,0.9,0.90052,-0.00052,0.5,0.51486,-0.01486,0.9,0.9004,-0.0004,0.5,0.5029,-0.0029,0,0
0,PAUSE,924,19278.9,17,0.9,0.90052,-0.00052,0.5,0.51486,-0.01486,0.9,0.90214,-0.00214,0.5,0.5029,-0.0029,0,0
0,PAUSE,925,19298.3,17,0.9,0.90052,-0.00052,0.5,0.5132,-0.0132,0.9,0.90214,-0.00214,0.5,0.5029,-0.0029,0,0
0,PAUSE,926,19318.9,17,0.9,0.90052,-0.00052,0.5,0.51486,-0.01486,0.9,0.90214,-0.00214,0.5,0.50484,-0.00484,0,0
0,PAUSE,927,19339.1,17,0.9,0.90052,-0.00052,0.5,0.51486,-0.01486,0.9,0.90388,-0.00388,0.5,0.50484,-0.00484,0,0
0,PAUSE,928,19359.3,17,0.9,0.90052,-0.00052,0.5,0.5132,-0.0132,0.9,0.90214,-0.00214,0.5,0.5029,-0.0029,0,0
0,PAUSE,929,19380.5,17,0.9,0.89878,0.00122,0.5,0.51652,-0.01652,0.9,0.90214,-0.00214,0.5,0.5029,-0.0029,0,0
0,PAUSE,930,19401.4,17,0.9,0.90052,-0.00052,0.5,0.51486,-0.01486,0.9,0.90388,-0.00388,0.5,0.5029,-0.0029,0,0
0,PAUSE,931,19423.8,17,0.9,0.90052,-0.00052,0.5,0.51486,-0.01486,0.9,0.90214,-0.00214,0.5,0.5029,-0.0029,0,0
0,PAUSE,932,19444.0,17,0.9,0.90401,-0.00401,0.5,0.51486,-0.01486,0.9,0.90214,-0.00214,0.5,0.5029,-0.0029,0,0
0,PAUSE,933,19464.4,17,0.9,0.89878,0.00122,0.5,0.51652,-0.01652,0.9,0.90562,-0.00562,0.5,0.5087,-0.0087,0,0
0,PAUSE,934,19487.3,17,0.9,0.89878,0.00122,0.5,0.51652,-0.01652,0.9,0.90214,-0.00214,0.5,0.5029,-0.0029,0,0
0,PAUSE,935,19505.4,17,0.9,0.89878,0.00122,0.5,0.51486,-0.01486,0.9,0.90388,-0.00388,0.5,0.5029,-0.0029,0,0
0,PAUSE,936,19525.6,17,0.9,0.90052,-0.00052,0.5,0.51486,-0.01486,0.9,0.90214,-0.00214,0.5,0.5029,-0.0029,0,0
0,PAUSE,937,19549.2,17,0.9,0.89878,0.00122,0.5,0.51486,-0.01486,0.9,0.90214,-0.00214,0.5,0.5029,-0.0029,0,0
0,PAUSE,938,19568.7,17,0.9,0.89878,0.00122,0.5,0.51486,-0.01486,0.9,0.9004,-0.0004,0.5,0.5029,-0.0029,0,0
0,PAUSE,939,19589.7,17,0.9,0.90227,-0.00227,0.5,0.5132,-0.0132,0.9,0.90214,-0.00214,0.5,0.50484,-0.00484,0,0
0,MOVE,940,19611.2,-1,0.905,0.90052,0.00448,0.5,0.51652,-0.01652,0.905,0.90214,0.00286,0.5,0.50484,-0.00484,0,0
0,MOVE,941,19632.9,-1,0.91,0.90052,0.00948,0.5,0.51486,-0.01486,0.91,0.9004,0.0096,0.5,0.5029,-0.0029,0,0
0,MOVE,942,19653.1,-1,0.915,0.90052,0.01448,0.5,0.5132,-0.0132,0.915,0.9004,0.0146,0.5,0.5029,-0.0029,0,0
0,MOVE,943,19672.7,-1,0.92,0.90052,0.01948,0.5,0.51486,-0.01486,0.92,0.90214,0.01786,0.5,0.5029,-0.0029,0,0
0,MOVE,944,19692.7,-1,0.925,0.90052,0.02448,0.5,0.51486,-0.01486,0.925,0.90214,0.02286,0.5,0.50484,-0.00484,0,0
0,MOVE,945,19713.3,-1,0.93,0.90227,0.02773,0.5,0.51652,-0.01652,0.93,0.90388,0.02612,0.5,0.5029,-0.0029,0,0
0,MOVE,946,19734.4,-1,0.935,0.90052,0.03448,0.5,0.5132,-0.0132,0.935,0.9004,0.0346,0.5,0.5029,-0.0029,0,0
0,MOVE,947,19755.4,-1,0.94,0.90052,0.03948,0.5,0.51486,-0.01486,0.94,0.90214,0.03786,0.5,0.50484,-0.00484,0,0
0,MOVE,948,19778.1,-1,0.945,0.90052,0.04448,0.5,0.51486,-0.01486,0.945,0.90388,0.04112,0.5,0.50484,-0.00484,0,0
0,MOVE,949,19798.4,-1,0.95,0.90227,0.04773,0.5,0.51486,-0.01486,0.95,0.91607,0.03393,0.5,0.5029,-0.0029,0,0
0,PAUSE,950,19818.9,18,0.95,0.90576,0.04424,0.5,0.5132,-0.0132,0.95,0.91607,0.03393,0.5,0.5029,-0.0029,0,0
0,PAUSE,951,19838.3,18,0.95,0.90925,0.04075,0.5,0.51486,-0.01486,0.95,0.91259,0.03741,0.5,0.5029,-0.0029,0,0
0,PAUSE,952,19858.6,18,0.95,0.91449,0.03551,0.5,0.51486,-0.01486,0.95,0.91781,0.03219,0.5,0.5029,-0.0029,0,0
0,PAUSE,953,19880.3,18,0.95,0.91972,0.03028,0.5,0.51486,-0.01486,0.95,0.92478,0.02522,0.5,0.50484,-0.00484,0,0
0,PAUSE,954,19902.5,18,0.95,0.9267,0.0233,0.5,0.5132,-0.0132,0.95,0.93,0.02,0.5,0.5029,-0.0029,0,0
0,PAUSE,955,19924.9,18,0.95,0.93019,0.01981,0.5,0.51652,-0.01652,0.95,0.93697,0.01303,0.5,0.5029,-0.0029,0,0
0,PAUSE,956,19942.8,18,0.95,0.93717,0.01283,0.5,0.51486,-0.01486,0.95,0.94916,0.00084,0.5,0.5029,-0.0029,0,0
0,PAUSE,957,19965.7,18,0.95,0.94241,0.00759,0.5,0.51486,-0.01486,0.95,0.94741,0.00259,0.5,0.5029,-0.0029,0,0
0,PAUSE,958,19984.3,18,0.95,0.9459,0.0041,0.5,0.51486,-0.01486,0.95,0.95786,-0.00786,0.5,0.50484,-0.00484,0,0
0,PAUSE,959,20005.7,18,0.95,0.94764,0.00236,0.5,0.51486,-0.01486,0.95,0.9509,-0.0009,0.5,0.5029,-0.0029,0,0
0,PAUSE,960,20026.8,18,0.95,0.94764,0.00236,0.5,0.51652,-0.01652,0.95,0.9509,-0.0009,0.5,0.50484,-0.00484,0,0
0,PAUSE,961,20047.9,18,0.95,0.94939,0.00061,0.5,0.51486,-0.01486,0.95,0.95264,-0.00264,0.5,0.5029,-0.0029,0,0
0,PAUSE,962,20070.8,18,0.95,0.95288,-0.00288,0.5,0.51486,-0.01486,0.95,0.94916,0.00084,0.5,0.50677,-0.00677,0,0
0,PAUSE,963,20090.5,18,0.95,0.95113,-0.00113,0.5,0.51486,-0.01486,0.95,0.9509,-0.0009,0.5,0.50484,-0.00484,0,0
0,PAUSE,964,20109.3,18,0.95,0.94939,0.00061,0.5,0.51486,-0.01486,0.95,0.9509,-0.0009,0.5,0.50484,-0.00484,0,0
0,PAUSE,965,20130.8,18,0.95,0.95113,-0.00113,0.5,0.51486,-0.01486,0.95,0.9509,-0.0009,0.5,0.5029,-0.0029,0,0
0,PAUSE,966,20150.8,18,0.95,0.94764,0.00236,0.5,0.51486,-0.01486,0.95,0.9509,-0.0009,0.5,0.50484,-0.00484,0,0
0,PAUSE,967,20172.3,18,0.95,0.94939,0.00061,0.5,0.51486,-0.01486,0.95,0.95264,-0.00264,0.5,0.5029,-0.0029,0,0
0,PAUSE,968,20194.8,18,0.95,0.94939,0.00061,0.5,0.51486,-0.01486,0.95,0.95264,-0.00264,0.5,0.5029,-0.0029,0,0
0,PAUSE,969,20216.4,18,0.95,0.94939,0.00061,0.5,0.51486,-0.01486,0.95,0.95264,-0.00264,0.5,0.5029,-0.0029,0,0
0,PAUSE,970,20233.9,18,0.95,0.95113,-0.00113,0.5,0.51652,-0.01652,0.95,0.9509,-0.0009,0.5,0.50484,-0.00484,0,0
0,PAUSE,971,20254.8,18,0.95,0.95113,-0.00113,0.5,0.51486,-0.01486,0.95,0.9509,-0.0009,0.5,0.5029,-0.0029,0,0
0,PAUSE,972,20276.4,18,0.95,0.95113,-0.00113,0.5,0.5132,-0.0132,0.95,0.9509,-0.0009,0.5,0.50484,-0.00484,0,0
0,PAUSE,973,20299.6,18,0.95,0.94939,0.00061,0.5,0.51486,-0.01486,0.95,0.94916,0.00084,0.5,0.5029,-0.0029,0,0
0,PAUSE,974,20317.8,18,0.95,0.94939,0.00061,0.5,0.5132,-0.0132,0.95,0.94916,0.00084,0.5,0.5029,-0.0029,0,0
0,PAUSE,975,20338.7,18,0.95,0.94939,0.00061,0.5,0.51486,-0.01486,0.95,0.95264,-0.00264,0.5,0.50484,-0.00484,0,0
0,PAUSE,976,20360.3,18,0.95,0.94939,0.00061,0.5,0.5132,-0.0132,0.95,0.94916,0.00084,0.5,0.50484,-0.00484,0,0
0,PAUSE,977,20380.8,18,0.95,0.94939,0.00061,0.5,0.51486,-0.01486,0.95,0.9509,-0.0009,0.5,0.5029,-0.0029,0,0
0,PAUSE,978,20401.9,18,0.95,0.94939,0.00061,0.5,0.5132,-0.0132,0.95,0.94916,0.00084,0.5,0.5029,-0.0029,0,0
0,PAUSE,979,20424.7,18,0.95,0.94939,0.00061,0.5,0.5132,-0.0132,0.95,0.9509,-0.0009,0.5,0.5029,-0.0029,0,0
0,PAUSE,980,20445.4,18,0.95,0.94939,0.00061,0.5,0.5132,-0.0132,0.95,0.9509,-0.0009,0.5,0.5029,-0.0029,0,0
0,PAUSE,981,20467.7,18,0.95,0.94939,0.00061,0.5,0.5132,-0.0132,0.95,0.94916,0.00084,0.5,0.50484,-0.00484,0,0
0,PAUSE,982,20485.0,18,0.95,0.94939,0.00061,0.5,0.51486,-0.01486,0.95,0.9509,-0.0009,0.5,0.5029,-0.0029,0,0
0,PAUSE,983,20505.5,18,0.95,0.94939,0.00061,0.5,0.51486,-0.01486,0.95,0.9509,-0.0009,0.5,0.50484,-0.00484,0,0
0,PAUSE,984,20526.0,18,0.95,0.94939,0.00061,0.5,0.51652,-0.01652,0.95,0.9509,-0.0009,0.5,0.50484,-0.00484,0,0
0,PAUSE,985,20547.8,18,0.95,0.94939,0.00061,0.5,0.5132,-0.0132,0.95,0.9509,-0.0009,0.5,0.5029,-0.0029,0,0
0,PAUSE,986,20568.5,18,0.95,0.95113,-0.00113,0.5,0.51486,-0.01486,0.95,0.9509,-0.0009,0.5,0.5029,-0.0029,0,0
0,PAUSE,987,20589.6,18,0.95,0.95113,-0.00113,0.5,0.5132,-0.0132,0.95,0.95264,-0.00264,0.5,0.50484,-0.00484,0,0
0,PAUSE,988,20609.9,18,0.95,0.95113,-0.00113,0.5,0.51486,-0.01486,0.95,0.95264,-0.00264,0.5,0.50484,-0.00484,0,0
0,PAUSE,989,20630.4,18,0.95,0.94939,0.00061,0.5,0.51486,-0.01486,0.95,0.9509,-0.0009,0.5,0.5029,-0.0029,0,0
0,MOVE,990,20651.3,-1,0.955,0.94939,0.00561,0.5,0.51486,-0.01486,0.955,0.9509,0.0041,0.5,0.5029,-0.0029,0,0
0,MOVE,991,20674.2,-1,0.96,0.94939,0.01061,0.5,0.51486,-0.01486,0.96,0.9509,0.0091,0.5,0.5029,-0.0029,0,0
0,MOVE,992,20693.4,-1,0.965,0.95113,0.01387,0.5,0.5132,-0.0132,0.965,0.9509,0.0141,0.5,0.5029,-0.0029,0,0
0,MOVE,993,20713.6,-1,0.97,0.95113,0.01887,0.5,0.5132,-0.0132,0.97,0.95264,0.01736,0.5,0.5029,-0.0029,0,0
0,MOVE,994,20734.7,-1,0.975,0.95113,0.02387,0.5,0.5132,-0.0132,0.975,0.9509,0.0241,0.5,0.5029,-0.0029,0,0
0,MOVE,995,20754.8,-1,0.98,0.95288,0.02712,0.5,0.5132,-0.0132,0.98,0.9509,0.0291,0.5,0.5029,-0.0029,0,0
0,MOVE,996,20777.2,-1,0.985,0.94939,0.03561,0.5,0.5132,-0.0132,0.985,0.94916,0.03584,0.5,0.50484,-0.00484,0,0
0,MOVE,997,20798.5,-1,0.99,0.95637,0.03363,0.5,0.5132,-0.0132,0.99,0.95264,0.03736,0.5,0.50484,-0.00484,0,0
0,MOVE,998,20819.1,-1,0.995,0.94939,0.04561,0.5,0.51486,-0.01486,0.995,0.94741,0.04759,0.5,0.5029,-0.0029,0,0
0,MOVE,999,20839.0,-1,1.0,0.95462,0.04538,0.5,0.5132,-0.0132,1.0,0.95612,0.04388,0.5,0.50484,-0.00484,0,0
0,PAUSE,1000,20860.0,19,1.0,0.96161,0.03839,0.5,0.5132,-0.0132,1.0,0.95612,0.04388,0.5,0.5087,-0.0087,0,0
0,PAUSE,1001,20881.7,19,1.0,0.95812,0.04188,0.5,0.51818,-0.01818,1.0,0.96483,0.03517,0.5,0.5029,-0.0029,0,0
0,PAUSE,1002,20902.3,19,1.0,0.96335,0.03665,0.5,0.5132,-0.0132,1.0,0.96657,0.03343,0.5,0.5029,-0.0029,0,0
0,PAUSE,1003,20921.7,19,1.0,0.9651,0.0349,0.5,0.51486,-0.01486,1.0,0.97179,0.02821,0.5,0.5029,-0.0029,0,0
0,PAUSE,1004,20942.1,19,1.0,0.97033,0.02967,0.5,0.5132,-0.0132,1.0,0.97527,0.02473,0.5,0.50484,-0.00484,0,0
0,PAUSE,1005,20964.2,19,1.0,0.97731,0.02269,0.5,0.51652,-0.01652,1.0,0.98224,0.01776,0.5,0.50677,-0.00677,0,0
0,PAUSE,1006,20985.0,19,1.0,0.99127,0.00873,0.5,0.5132,-0.0132,1.0,0.99095,0.00905,0.5,0.50484,-0.00484,0,0
0,PAUSE,1007,21008.2,19,1.0,0.98778,0.01222,0.5,0.5132,-0.0132,1.0,0.99617,0.00383,0.5,0.50484,-0.00484,0,0
0,PAUSE,1008,21027.8,19,1.0,0.99302,0.00698,0.5,0.5132,-0.0132,1.0,0.99965,0.00035,0.5,0.50484,-0.00484,0,0
0,PAUSE,1009,21047.5,19,1.0,0.99651,0.00349,0.5,0.51486,-0.01486,1.0,1.0,0.0,0.5,0.5029,-0.0029,0,0
0,PAUSE,1010,21068.8,19,1.0,0.99825,0.00175,0.5,0.51486,-0.01486,1.0,1.0,0.0,0.5,0.5029,-0.0029,0,0
0,PAUSE,1011,21090.2,19,1.0,1.0,0.0,0.5,0.51486,-0.01486,1.0,1.0,0.0,0.5,0.50484,-0.00484,0,0
0,PAUSE,1012,21109.4,19,1.0,1.0,0.0,0.5,0.5132,-0.0132,1.0,1.0,0.0,0.5,0.50484,-0.00484,0,0
0,PAUSE,1013,21130.2,19,1.0,1.0,0.0,0.5,0.5132,-0.0132,1.0,1.0,0.0,0.5,0.50484,-0.00484,0,0
0,PAUSE,1014,21153.8,19,1.0,1.0,0.0,0.5,0.51486,-0.01486,1.0,1.0,0.0,0.5,0.5087,-0.0087,0,0
0,PAUSE,1015,21172.7,19,1.0,1.0,0.0,0.5,0.5132,-0.0132,1.0,0.99965,0.00035,0.5,0.50484,-0.00484,0,0
0,PAUSE,1016,21194.9,19,1.0,1.0,0.0,0.5,0.5132,-0.0132,1.0,1.0,0.0,0.5,0.5029,-0.0029,0,0
0,PAUSE,1017,21217.2,19,1.0,1.0,0.0,0.5,0.5132,-0.0132,1.0,0.99965,0.00035,0.5,0.5029,-0.0029,0,0
0,PAUSE,1018,21234.7,19,1.0,1.0,0.0,0.5,0.51486,-0.01486,1.0,1.0,0.0,0.5,0.50484,-0.00484,0,0
0,PAUSE,1019,21255.3,19,1.0,1.0,0.0,0.5,0.51486,-0.01486,1.0,1.0,0.0,0.5,0.50484,-0.00484,0,0
0,PAUSE,1020,21276.2,19,1.0,1.0,0.0,0.5,0.5132,-0.0132,1.0,1.0,0.0,0.5,0.50484,-0.00484,0,0
0,PAUSE,1021,21299.9,19,1.0,1.0,0.0,0.5,0.5132,-0.0132,1.0,0.99965,0.00035,0.5,0.50484,-0.00484,0,0
0,PAUSE,1022,21320.1,19,1.0,1.0,0.0,0.5,0.51486,-0.01486,1.0,1.0,0.0,0.5,0.5029,-0.0029,0,0
0,PAUSE,1023,21339.5,19,1.0,1.0,0.0,0.5,0.51652,-0.01652,1.0,1.0,0.0,0.5,0.5029,-0.0029,0,0
0,PAUSE,1024,21363.1,19,1.0,1.0,0.0,0.5,0.5132,-0.0132,1.0,1.0,0.0,0.5,0.5029,-0.0029,0,0
0,PAUSE,1025,21383.1,19,1.0,1.0,0.0,0.5,0.51486,-0.01486,1.0,1.0,0.0,0.5,0.50484,-0.00484,0,0
0,PAUSE,1026,21401.1,19,1.0,1.0,0.0,0.5,0.51486,-0.01486,1.0,1.0,0.0,0.5,0.50484,-0.00484,0,0
0,PAUSE,1027,21422.0,19,1.0,1.0,0.0,0.5,0.51486,-0.01486,1.0,1.0,0.0,0.5,0.50484,-0.00484,0,0
0,PAUSE,1028,21443.6,19,1.0,1.0,0.0,0.5,0.5132,-0.0132,1.0,0.99965,0.00035,0.5,0.5029,-0.0029,0,0
0,PAUSE,1029,21464.8,19,1.0,1.0,0.0,0.5,0.5132,-0.0132,1.0,1.0,0.0,0.5,0.5029,-0.0029,0,0
0,PAUSE,1030,21488.3,19,1.0,1.0,0.0,0.5,0.5132,-0.0132,1.0,1.0,0.0,0.5,0.5029,-0.0029,0,0
0,PAUSE,1031,21507.2,19,1.0,1.0,0.0,0.5,0.5132,-0.0132,1.0,1.0,0.0,0.5,0.5029,-0.0029,0,0
0,PAUSE,1032,21525.6,19,1.0,1.0,0.0,0.5,0.51486,-0.01486,1.0,1.0,0.0,0.5,0.50484,-0.00484,0,0
0,PAUSE,1033,21546.8,19,1.0,1.0,0.0,0.5,0.5132,-0.0132,1.0,1.0,0.0,0.5,0.50484,-0.00484,0,0
0,PAUSE,1034,21566.9,19,1.0,1.0,0.0,0.5,0.51486,-0.01486,1.0,1.0,0.0,0.5,0.5029,-0.0029,0,0
0,PAUSE,1035,21588.2,19,1.0,1.0,0.0,0.5,0.51486,-0.01486,1.0,1.0,0.0,0.5,0.5029,-0.0029,0,0
0,PAUSE,1036,21609.4,19,1.0,1.0,0.0,0.5,0.51486,-0.01486,1.0,1.0,0.0,0.5,0.5029,-0.0029,0,0
0,PAUSE,1037,21630.9,19,1.0,1.0,0.0,0.5,0.51652,-0.01652,1.0,1.0,0.0,0.5,0.50484,-0.00484,0,0
0,PAUSE,1038,21652.1,19,1.0,1.0,0.0,0.5,0.51486,-0.01486,1.0,1.0,0.0,0.5,0.5029,-0.0029,0,0
0,PAUSE,1039,21672.9,19,1.0,1.0,0.0,0.5,0.5132,-0.0132,1.0,1.0,0.0,0.5,0.5029,-0.0029,0,0
0,HOLD_END,1040,21693.7,-1,1.0,1.0,0.0,0.5,0.5132,-0.0132,1.0,1.0,0.0,0.5,0.50484,-0.00484,0,0
0,HOLD_END,1041,21714.9,-1,1.0,1.0,0.0,0.5,0.51486,-0.01486,1.0,0.99965,0.00035,0.5,0.50484,-0.00484,0,0
0,HOLD_END,1042,21734.7,-1,1.0,1.0,0.0,0.5,0.51486,-0.01486,1.0,0.99965,0.00035,0.5,0.5029,-0.0029,0,0
0,HOLD_END,1043,21754.7,-1,1.0,1.0,0.0,0.5,0.5132,-0.0132,1.0,1.0,0.0,0.5,0.5029,-0.0029,0,0
0,HOLD_END,1044,21776.0,-1,1.0,1.0,0.0,0.5,0.51486,-0.01486,1.0,1.0,0.0,0.5,0.5029,-0.0029,0,0
0,HOLD_END,1045,21800.2,-1,1.0,1.0,0.0,0.5,0.5132,-0.0132,1.0,1.0,0.0,0.5,0.5029,-0.0029,0,0
0,HOLD_END,1046,21818.5,-1,1.0,1.0,0.0,0.5,0.5132,-0.0132,1.0,1.0,0.0,0.5,0.5029,-0.0029,0,0
0,HOLD_END,1047,21839.2,-1,1.0,1.0,0.0,0.5,0.5132,-0.0132,1.0,1.0,0.0,0.5,0.50484,-0.00484,0,0
0,HOLD_END,1048,21861.2,-1,1.0,1.0,0.0,0.5,0.5132,-0.0132,1.0,1.0,0.0,0.5,0.5029,-0.0029,0,0
0,HOLD_END,1049,21881.4,-1,1.0,1.0,0.0,0.5,0.51486,-0.01486,1.0,1.0,0.0,0.5,0.5029,-0.0029,0,0
0,HOLD_END,1050,21902.9,-1,1.0,1.0,0.0,0.5,0.5132,-0.0132,1.0,1.0,0.0,0.5,0.5029,-0.0029,0,0
0,HOLD_END,1051,21922.8,-1,1.0,1.0,0.0,0.5,0.51154,-0.01154,1.0,1.0,0.0,0.5,0.50484,-0.00484,0,0
0,HOLD_END,1052,21946.6,-1,1.0,1.0,0.0,0.5,0.51486,-0.01486,1.0,1.0,0.0,0.5,0.5029,-0.0029,0,0
0,HOLD_END,1053,21966.8,-1,1.0,1.0,0.0,0.5,0.51486,-0.01486,1.0,1.0,0.0,0.5,0.50484,-0.00484,0,0
0,HOLD_END,1054,21984.8,-1,1.0,1.0,0.0,0.5,0.5132,-0.0132,1.0,0.99965,0.00035,0.5,0.5029,-0.0029,0,0
0,HOLD_END,1055,22005.5,-1,1.0,1.0,0.0,0.5,0.5132,-0.0132,1.0,1.0,0.0,0.5,0.5029,-0.0029,0,0
0,HOLD_END,1056,22026.3,-1,1.0,1.0,0.0,0.5,0.51486,-0.01486,1.0,1.0,0.0,0.5,0.5029,-0.0029,0,0
0,HOLD_END,1057,22048.4,-1,1.0,1.0,0.0,0.5,0.51652,-0.01652,1.0,1.0,0.0,0.5,0.5029,-0.0029,0,0
0,HOLD_END,1058,22068.6,-1,1.0,1.0,0.0,0.5,0.5132,-0.0132,1.0,1.0,0.0,0.5,0.5029,-0.0029,0,0
0,HOLD_END,1059,22090.1,-1,1.0,1.0,0.0,0.5,0.51486,-0.01486,1.0,1.0,0.0,0.5,0.50484,-0.00484,0,0
0,HOLD_END,1060,22109.9,-1,1.0,1.0,0.0,0.5,0.5132,-0.0132,1.0,1.0,0.0,0.5,0.50484,-0.00484,0,0
0,HOLD_END,1061,22132.5,-1,1.0,1.0,0.0,0.5,0.5132,-0.0132,1.0,1.0,0.0,0.5,0.5029,-0.0029,0,0
0,HOLD_END,1062,22151.8,-1,1.0,1.0,0.0,0.5,0.5132,-0.0132,1.0,1.0,0.0,0.5,0.5029,-0.0029,0,0
0,HOLD_END,1063,22172.0,-1,1.0,1.0,0.0,0.5,0.51486,-0.01486,1.0,1.0,0.0,0.5,0.5029,-0.0029,0,0
0,HOLD_END,1064,22192.6,-1,1.0,1.0,0.0,0.5,0.51486,-0.01486,1.0,1.0,0.0,0.5,0.5029,-0.0029,0,0
0,HOLD_END,1065,22213.7,-1,1.0,1.0,0.0,0.5,0.5132,-0.0132,1.0,1.0,0.0,0.5,0.5029,-0.0029,0,0
0,HOLD_END,1066,22235.2,-1,1.0,1.0,0.0,0.5,0.5132,-0.0132,1.0,1.0,0.0,0.5,0.5029,-0.0029,0,0
0,HOLD_END,1067,22255.5,-1,1.0,1.0,0.0,0.5,0.51486,-0.01486,1.0,1.0,0.0,0.5,0.5029,-0.0029,0,0
0,HOLD_END,1068,22275.9,-1,1.0,1.0,0.0,0.5,0.5132,-0.0132,1.0,1.0,0.0,0.5,0.5029,-0.0029,0,0
0,HOLD_END,1069,22297.7,-1,1.0,1.0,0.0,0.5,0.5132,-0.0132,1.0,1.0,0.0,0.5,0.50484,-0.00484,0,0
0,HOLD_END,1070,22317.8,-1,1.0,1.0,0.0,0.5,0.5132,-0.0132,1.0,1.0,0.0,0.5,0.50484,-0.00484,0,0
0,HOLD_END,1071,22340.4,-1,1.0,0.99825,0.00175,0.5,0.5132,-0.0132,1.0,0.99965,0.00035,0.5,0.5029,-0.0029,0,0
0,HOLD_END,1072,22361.2,-1,1.0,1.0,0.0,0.5,0.5132,-0.0132,1.0,0.99965,0.00035,0.5,0.50484,-0.00484,0,0
0,HOLD_END,1073,22383.5,-1,1.0,1.0,0.0,0.5,0.5132,-0.0132,1.0,1.0,0.0,0.5,0.5029,-0.0029,0,0
0,HOLD_END,1074,22402.7,-1,1.0,1.0,0.0,0.5,0.5132,-0.0132,1.0,1.0,0.0,0.5,0.50484,-0.00484,0,0
0,HOLD_END,1075,22424.5,-1,1.0,1.0,0.0,0.5,0.5132,-0.0132,1.0,1.0,0.0,0.5,0.50484,-0.00484,0,0
0,HOLD_END,1076,22443.3,-1,1.0,1.0,0.0,0.5,0.51486,-0.01486,1.0,0.99965,0.00035,0.5,0.5029,-0.0029,0,0
0,HOLD_END,1077,22463.8,-1,1.0,1.0,0.0,0.5,0.51486,-0.01486,1.0,1.0,0.0,0.5,0.50484,-0.00484,0,0
0,HOLD_END,1078,22485.2,-1,1.0,0.99825,0.00175,0.5,0.51486,-0.01486,1.0,1.0,0.0,0.5,0.5029,-0.0029,0,0
0,HOLD_END,1079,22508.2,-1,1.0,1.0,0.0,0.5,0.51486,-0.01486,1.0,1.0,0.0,0.5,0.50484,-0.00484,0,0
0,HOLD_END,1080,22527.0,-1,1.0,1.0,0.0,0.5,0.51486,-0.01486,1.0,1.0,0.0,0.5,0.50484,-0.00484,0,0
0,HOLD_END,1081,22547.3,-1,1.0,1.0,0.0,0.5,0.5132,-0.0132,1.0,1.0,0.0,0.5,0.5029,-0.0029,0,0
0,HOLD_END,1082,22567.8,-1,1.0,1.0,0.0,0.5,0.51486,-0.01486,1.0,1.0,0.0,0.5,0.5029,-0.0029,0,0
0,HOLD_END,1083,22588.8,-1,1.0,1.0,0.0,0.5,0.5132,-0.0132,1.0,1.0,0.0,0.5,0.50484,-0.00484,0,0
0,HOLD_END,1084,22612.6,-1,1.0,1.0,0.0,0.5,0.51486,-0.01486,1.0,1.0,0.0,0.5,0.5029,-0.0029,0,0
0,HOLD_END,1085,22633.4,-1,1.0,1.0,0.0,0.5,0.51486,-0.01486,1.0,1.0,0.0,0.5,0.5029,-0.0029,0,0
0,HOLD_END,1086,22651.6,-1,1.0,1.0,0.0,0.5,0.5132,-0.0132,1.0,1.0,0.0,0.5,0.50484,-0.00484,0,0
0,HOLD_END,1087,22671.8,-1,1.0,1.0,0.0,0.5,0.51486,-0.01486,1.0,1.0,0.0,0.5,0.5029,-0.0029,0,0
0,HOLD_END,1088,22692.3,-1,1.0,1.0,0.0,0.5,0.51652,-0.01652,1.0,1.0,0.0,0.5,0.50484,-0.00484,0,0
0,HOLD_END,1089,22713.5,-1,1.0,0.99825,0.00175,0.5,0.51486,-0.01486,1.0,1.0,0.0,0.5,0.50484,-0.00484,0,0
0,HOLD_END,1090,22734.7,-1,1.0,1.0,0.0,0.5,0.5132,-0.0132,1.0,1.0,0.0,0.5,0.50484,-0.00484,0,0
0,HOLD_END,1091,22756.2,-1,1.0,1.0,0.0,0.5,0.5132,-0.0132,1.0,1.0,0.0,0.5,0.5029,-0.0029,0,0
0,HOLD_END,1092,22776.9,-1,1.0,1.0,0.0,0.5,0.5132,-0.0132,1.0,1.0,0.0,0.5,0.5029,-0.0029,0,0
0,HOLD_END,1093,22797.9,-1,1.0,1.0,0.0,0.5,0.5132,-0.0132,1.0,1.0,0.0,0.5,0.5029,-0.0029,0,0
0,HOLD_END,1094,22819.2,-1,1.0,1.0,0.0,0.5,0.5132,-0.0132,1.0,1.0,0.0,0.5,0.5029,-0.0029,0,0
0,HOLD_END,1095,22840.3,-1,1.0,1.0,0.0,0.5,0.5132,-0.0132,1.0,1.0,0.0,0.5,0.50484,-0.00484,0,0
0,HOLD_END,1096,22860.2,-1,1.0,1.0,0.0,0.5,0.51486,-0.01486,1.0,1.0,0.0,0.5,0.50677,-0.00677,0,0
0,HOLD_END,1097,22881.6,-1,1.0,1.0,0.0,0.5,0.5132,-0.0132,1.0,0.99965,0.00035,0.5,0.5029,-0.0029,0,0
0,HOLD_END,1098,22901.8,-1,1.0,1.0,0.0,0.5,0.51486,-0.01486,1.0,1.0,0.0,0.5,0.5029,-0.0029,0,0
0,HOLD_END,1099,22923.2,-1,1.0,1.0,0.0,0.5,0.51486,-0.01486,1.0,1.0,0.0,0.5,0.50484,-0.00484,0,0
1,HOLD0,0,28.6,-1,0.0,0.1623,-0.1623,0.0,0.0,0.0,0.0,0.15515,-0.15515,0.0,0.0,0.0,0,0
1,HOLD0,1,46.3,-1,0.0,0.15009,-0.15009,0.0,0.0,0.0,0.0,0.14122,-0.14122,0.0,0.0,0.0,0,0
1,HOLD0,2,70.9,-1,0.0,0.13613,-0.13613,0.0,0.0,0.0,0.0,0.12729,-0.12729,0.0,0.0,0.0,0,0
1,HOLD0,3,90.4,-1,0.0,0.12391,-0.12391,0.0,0.0,0.0,0.0,0.12206,-0.12206,0.0,0.0,0.0,0,0
1,HOLD0,4,110.5,-1,0.0,0.11344,-0.11344,0.0,0.0,0.0,0.0,0.10639,-0.10639,0.0,0.0,0.0,0,0
1,HOLD0,5,131.1,-1,0.0,0.10297,-0.10297,0.0,0.0,0.0,0.0,0.0942,-0.0942,0.0,0.0,0.0,0,0
1,HOLD0,6,153.3,-1,0.0,0.09075,-0.09075,0.0,0.0,0.0,0.0,0.08201,-0.08201,0.0,0.0,0.0,0,0
1,HOLD0,7,173.5,-1,0.0,0.07853,-0.07853,0.0,0.0,0.0,0.0,0.06982,-0.06982,0.0,0.0,0.0,0,0
1,HOLD0,8,192.6,-1,0.0,0.06632,-0.06632,0.0,0.0,0.0,0.0,0.06286,-0.06286,0.0,0.0,0.0,0,0
1,HOLD0,9,213.8,-1,0.0,0.0541,-0.0541,0.0,0.0,0.0,0.0,0.05241,-0.05241,0.0,0.0,0.0,0,0
1,HOLD0,10,234.9,-1,0.0,0.04363,-0.04363,0.0,0.0,0.0,0.0,0.04022,-0.04022,0.0,0.0,0.0,0,0
1,HOLD0,11,258.3,-1,0.0,0.03141,-0.03141,0.0,0.0,0.0,0.0,0.02978,-0.02978,0.0,0.0,0.0,0,0
1,HOLD0,12,279.7,-1,0.0,0.02094,-0.02094,0.0,0.0,0.0,0.0,0.02107,-0.02107,0.0,0.0,0.0,0,0
1,HOLD0,13,297.5,-1,0.0,0.01396,-0.01396,0.0,0.0,0.0,0.0,0.01585,-0.01585,0.0,0.0,0.0,0,0
1,HOLD0,14,317.4,-1,0.0,0.00873,-0.00873,0.0,0.0,0.0,0.0,0.00888,-0.00888,0.0,0.0,0.0,0,0
1,HOLD0,15,338.7,-1,0.0,0.0,0.0,0.0,0.0,0.0,0.0,0.00192,-0.00192,0.0,0.0,0.0,0,0
1,HOLD0,16,359.4,-1,0.0,0.0,0.0,0.0,0.0,0.0,0.0,0.0,0.0,0.0,0.0,0.0,0,0
1,HOLD0,17,380.7,-1,0.0,0.0,0.0,0.0,0.0,0.0,0.0,0.0,0.0,0.0,0.0,0.0,0,0
1,HOLD0,18,402.6,-1,0.0,0.0,0.0,0.0,0.0,0.0,0.0,0.0,0.0,0.0,0.0,0.0,0,0
1,HOLD0,19,422.0,-1,0.0,0.0,0.0,0.0,0.00017,-0.00017,0.0,0.0,0.0,0.0,0.0,0.0,0,0
1,HOLD0,20,442.4,-1,0.0,0.0,0.0,0.0,0.00017,-0.00017,0.0,0.0,0.0,0.0,0.0,0.0,0,0
1,HOLD0,21,464.7,-1,0.0,0.0,0.0,0.0,0.00017,-0.00017,0.0,0.0,0.0,0.0,0.0,0.0,0,0
1,HOLD0,22,486.5,-1,0.0,0.0,0.0,0.0,0.00017,-0.00017,0.0,0.0,0.0,0.0,0.0,0.0,0,0
1,HOLD0,23,506.8,-1,0.0,0.0,0.0,0.0,0.0,0.0,0.0,0.0,0.0,0.0,0.0,0.0,0,0
1,HOLD0,24,530.5,-1,0.0,0.0,0.0,0.0,0.00017,-0.00017,0.0,0.0,0.0,0.0,0.0,0.0,0,0
1,HOLD0,25,549.1,-1,0.0,0.0,0.0,0.0,0.00017,-0.00017,0.0,0.0,0.0,0.0,0.0,0.0,0,0
1,HOLD0,26,569.6,-1,0.0,0.0,0.0,0.0,0.0,0.0,0.0,0.0,0.0,0.0,0.0,0.0,0,0
1,HOLD0,27,589.7,-1,0.0,0.0,0.0,0.0,0.0,0.0,0.0,0.0,0.0,0.0,0.0,0.0,0,0
1,HOLD0,28,609.6,-1,0.0,0.0,0.0,0.0,0.00017,-0.00017,0.0,0.0,0.0,0.0,0.0,0.0,0,0
1,HOLD0,29,631.2,-1,0.0,0.0,0.0,0.0,0.00017,-0.00017,0.0,0.0,0.0,0.0,0.0,0.0,0,0
1,HOLD0,30,652.1,-1,0.0,0.0,0.0,0.0,0.00017,-0.00017,0.0,0.0,0.0,0.0,0.0,0.0,0,0
1,HOLD0,31,674.1,-1,0.0,0.0,0.0,0.0,0.00017,-0.00017,0.0,0.0,0.0,0.0,0.0,0.0,0,0
1,HOLD0,32,694.4,-1,0.0,0.0,0.0,0.0,0.00017,-0.00017,0.0,0.0,0.0,0.0,0.0,0.0,0,0
1,HOLD0,33,713.7,-1,0.0,0.0,0.0,0.0,0.0,0.0,0.0,0.0,0.0,0.0,0.0,0.0,0,0
1,HOLD0,34,736.5,-1,0.0,0.0,0.0,0.0,0.00183,-0.00183,0.0,0.0,0.0,0.0,0.0,0.0,0,0
1,HOLD0,35,756.1,-1,0.0,0.0,0.0,0.0,0.0,0.0,0.0,0.0,0.0,0.0,0.0,0.0,0,0
1,HOLD0,36,775.5,-1,0.0,0.0,0.0,0.0,0.00017,-0.00017,0.0,0.0,0.0,0.0,0.0,0.0,0,0
1,HOLD0,37,796.5,-1,0.0,0.0,0.0,0.0,0.0,0.0,0.0,0.0,0.0,0.0,0.0,0.0,0,0
1,HOLD0,38,817.1,-1,0.0,0.0,0.0,0.0,0.00017,-0.00017,0.0,0.0,0.0,0.0,0.0,0.0,0,0
1,HOLD0,39,840.6,-1,0.0,0.0,0.0,0.0,0.00017,-0.00017,0.0,0.0,0.0,0.0,0.0,0.0,0,0
1,MOVE,40,861.0,-1,0.005,0.0,0.005,0.005,0.00017,0.00483,0.005,0.0,0.005,0.005,0.0,0.005,0,0
1,MOVE,41,882.6,-1,0.01,0.0,0.01,0.01,0.0,0.01,0.01,0.0,0.01,0.01,0.0,0.01,0,0
1,MOVE,42,902.6,-1,0.015,0.0,0.015,0.015,0.00017,0.01483,0.015,0.0,0.015,0.015,0.0,0.015,0,0
1,MOVE,43,922.3,-1,0.02,0.0,0.02,0.02,0.00017,0.01983,0.02,0.0,0.02,0.02,0.0,0.02,0,0
1,MOVE,44,943.1,-1,0.025,0.0,0.025,0.025,0.0,0.025,0.025,0.00017,0.02483,0.025,0.0,0.025,0,0
1,MOVE,45,965.3,-1,0.03,0.0,0.03,0.03,0.00183,0.02817,0.03,0.00017,0.02983,0.03,0.0,0.03,0,0
1,MOVE,46,983.9,-1,0.035,0.0,0.035,0.035,0.00017,0.03483,0.035,0.00017,0.03483,0.035,0.0,0.035,0,0
1,MOVE,47,1007.1,-1,0.04,0.00349,0.03651,0.04,0.00183,0.03817,0.04,0.00017,0.03983,0.04,0.0,0.04,0,0
1,MOVE,48,1027.5,-1,0.045,0.01047,0.03453,0.045,0.00017,0.04483,0.045,0.00017,0.04483,0.045,0.0,0.045,0,0
1,MOVE,49,1047.6,-1,0.05,0.01396,0.03604,0.05,0.0,0.05,0.05,0.00192,0.04808,0.05,0.0,0.05,0,0
1,PAUSE,50,1068.3,0,0.05,0.0192,0.0308,0.05,0.00017,0.04983,0.05,0.0,0.05,0.05,0.00774,0.04226,0,0
1,PAUSE,51,1089.4,0,0.05,0.02792,0.02208,0.05,0.00847,0.04153,0.05,0.00888,0.04112,0.05,0.0058,0.0442,0,0
1,PAUSE,52,1110.5,0,0.05,0.02967,0.02033,0.05,0.00847,0.04153,0.05,0.0054,0.0446,0.05,0.01161,0.03839,0,0
1,PAUSE,53,1130.5,0,0.05,0.0349,0.0151,0.05,0.01843,0.03157,0.05,0.00714,0.04286,0.05,0.01741,0.03259,0,0
1,PAUSE,54,1153.3,0,0.05,0.04363,0.00637,0.05,0.01345,0.03655,0.05,0.01585,0.03415,0.05,0.02515,0.02485,0,0
1,PAUSE,55,1171.9,0,0.05,0.05061,-0.00061,0.05,0.02341,0.02659,0.05,0.02107,0.02893,0.05,0.03095,0.01905,0,0
1,PAUSE,56,1192.6,0,0.05,0.06283,-0.01283,0.05,0.03005,0.01995,0.05,0.02803,0.02197,0.05,0.03868,0.01132,0,0
1,PAUSE,57,1213.4,0,0.05,0.06806,-0.01806,0.05,0.03835,0.01165,0.05,0.03152,0.01848,0.05,0.04642,0.00358,0,0
1,PAUSE,58,1235.1,0,0.05,0.0733,-0.0233,0.05,0.03503,0.01497,0.05,0.03848,0.01152,0.05,0.05222,-0.00222,0,0
1,PAUSE,59,1257.8,0,0.05,0.0733,-0.0233,0.05,0.04167,0.00833,0.05,0.04022,0.00978,0.05,0.05609,-0.00609,0,0
1,PAUSE,60,1276.6,0,0.05,0.0733,-0.0233,0.05,0.04499,0.00501,0.05,0.04371,0.00629,0.05,0.05996,-0.00996,0,0
1,PAUSE,61,1298.5,0,0.05,0.0733,-0.0233,0.05,0.04998,2e-05,0.05,0.04719,0.00281,0.05,0.0619,-0.0119,0,0
1,PAUSE,62,1318.1,0,0.05,0.07853,-0.02853,0.05,0.05164,-0.00164,0.05,0.04893,0.00107,0.05,0.06383,-0.01383,0,0
1,PAUSE,63,1338.2,0,0.05,0.07155,-0.02155,0.05,0.0533,-0.0033,0.05,0.05067,-0.00067,0.05,0.06383,-0.01383,0,0
1,PAUSE,64,1362.0,0,0.05,0.06632,-0.01632,0.05,0.05662,-0.00662,0.05,0.05241,-0.00241,0.05,0.0619,-0.0119,0,0
1,PAUSE,65,1382.4,0,0.05,0.06632,-0.01632,0.05,0.05828,-0.00828,0.05,0.05241,-0.00241,0.05,0.06383,-0.01383,0,0
1,PAUSE,66,1402.2,0,0.05,0.06457,-0.01457,0.05,0.05496,-0.00496,0.05,0.05241,-0.00241,0.05,0.06383,-0.01383,0,0
1,PAUSE,67,1423.4,0,0.05,0.06283,-0.01283,0.05,0.05496,-0.00496,0.05,0.05415,-0.00415,0.05,0.06383,-0.01383,0,0
1,PAUSE,68,1443.7,0,0.05,0.06283,-0.01283,0.05,0.05496,-0.00496,0.05,0.05415,-0.00415,0.05,0.06383,-0.01383,0,0
1,PAUSE,69,1464.5,0,0.05,0.06283,-0.01283,0.05,0.05496,-0.00496,0.05,0.05415,-0.00415,0.05,0.06383,-0.01383,0,0
1,PAUSE,70,1486.0,0,0.05,0.06283,-0.01283,0.05,0.05496,-0.00496,0.05,0.05415,-0.00415,0.05,0.06383,-0.01383,0,0
1,PAUSE,71,1508.3,0,0.05,0.06283,-0.01283,0.05,0.05496,-0.00496,0.05,0.05241,-0.00241,0.05,0.0619,-0.0119,0,0
1,PAUSE,72,1526.5,0,0.05,0.06283,-0.01283,0.05,0.05496,-0.00496,0.05,0.05415,-0.00415,0.05,0.0677,-0.0177,0,0
1,PAUSE,73,1549.4,0,0.05,0.06283,-0.01283,0.05,0.05496,-0.00496,0.05,0.05241,-0.00241,0.05,0.06963,-0.01963,0,0
1,PAUSE,74,1570.2,0,0.05,0.06108,-0.01108,0.05,0.05496,-0.00496,0.05,0.05241,-0.00241,0.05,0.07157,-0.02157,0,0
1,PAUSE,75,1591.2,0,0.05,0.06108,-0.01108,0.05,0.05496,-0.00496,0.05,0.05241,-0.00241,0.05,0.06963,-0.01963,0,0
1,PAUSE,76,1611.7,0,0.05,0.06108,-0.01108,0.05,0.05496,-0.00496,0.05,0.05415,-0.00415,0.05,0.06383,-0.01383,0,0
1,PAUSE,77,1632.3,0,0.05,0.06108,-0.01108,0.05,0.05496,-0.00496,0.05,0.05241,-0.00241,0.05,0.0619,-0.0119,0,0
1,PAUSE,78,1652.4,0,0.05,0.06283,-0.01283,0.05,0.05496,-0.00496,0.05,0.05415,-0.00415,0.05,0.05803,-0.00803,0,0
1,PAUSE,79,1671.6,0,0.05,0.06108,-0.01108,0.05,0.05496,-0.00496,0.05,0.05415,-0.00415,0.05,0.05609,-0.00609,0,0
1,PAUSE,80,1692.2,0,0.05,0.06108,-0.01108,0.05,0.05662,-0.00662,0.05,0.05415,-0.00415,0.05,0.05416,-0.00416,0,0
1,PAUSE,81,1714.4,0,0.05,0.05934,-0.00934,0.05,0.05496,-0.00496,0.05,0.05415,-0.00415,0.05,0.05029,-0.00029,0,0
1,PAUSE,82,1735.9,0,0.05,0.05759,-0.00759,0.05,0.05496,-0.00496,0.05,0.05415,-0.00415,0.05,0.04836,0.00164,0,0
1,PAUSE,83,1757.3,0,0.05,0.05585,-0.00585,0.05,0.05496,-0.00496,0.05,0.05415,-0.00415,0.05,0.04642,0.00358,0,0
1,PAUSE,84,1775.8,0,0.05,0.0541,-0.0041,0.05,0.05662,-0.00662,0.05,0.05415,-0.00415,0.05,0.04642,0.00358,0,0
1,PAUSE,85,1796.9,0,0.05,0.0541,-0.0041,0.05,0.06326,-0.01326,0.05,0.05415,-0.00415,0.05,0.04642,0.00358,0,0
1,PAUSE,86,1817.5,0,0.05,0.0541,-0.0041,0.05,0.06824,-0.01824,0.05,0.05415,-0.00415,0.05,0.04642,0.00358,0,0
1,PAUSE,87,1838.2,0,0.05,0.0541,-0.0041,0.05,0.06326,-0.01326,0.05,0.05415,-0.00415,0.05,0.05029,-0.00029,0,0
1,PAUSE,88,1858.8,0,0.05,0.05759,-0.00759,0.05,0.06326,-0.01326,0.05,0.05415,-0.00415,0.05,0.05029,-0.00029,0,0
1,PAUSE,89,1880.3,0,0.05,0.0541,-0.0041,0.05,0.05496,-0.00496,0.05,0.05241,-0.00241,0.05,0.04642,0.00358,0,0
1,MOVE,90,1901.9,-1,0.055,0.0541,0.0009,0.055,0.0616,-0.0066,0.055,0.05415,0.00085,0.055,0.04642,0.00858,0,0
1,MOVE,91,1924.5,-1,0.06,0.05585,0.00415,0.06,0.0533,0.0067,0.06,0.05415,0.00585,0.06,0.04642,0.01358,0,0
1,MOVE,92,1944.2,-1,0.065,0.0541,0.0109,0.065,0.0533,0.0117,0.065,0.05415,0.01085,0.065,0.04642,0.01858,0,0
1,MOVE,93,1965.6,-1,0.07,0.0541,0.0159,0.07,0.04831,0.02169,0.07,0.05415,0.01585,0.07,0.04642,0.02358,0,0
1,MOVE,94,1984.8,-1,0.075,0.0541,0.0209,0.075,0.04499,0.03001,0.075,0.05415,0.02085,0.075,0.04642,0.02858,0,0
1,MOVE,95,2006.5,-1,0.08,0.0541,0.0259,0.08,0.04167,0.03833,0.08,0.05415,0.02585,0.08,0.05029,0.02971,0,0
1,MOVE,96,2026.5,-1,0.085,0.0541,0.0309,0.085,0.04167,0.04333,0.085,0.05241,0.03259,0.085,0.04642,0.03858,0,0
1,MOVE,97,2046.8,-1,0.09,0.0541,0.0359,0.09,0.04167,0.04833,0.09,0.05415,0.03585,0.09,0.04642,0.04358,0,0
1,MOVE,98,2067.9,-1,0.095,0.05061,0.04439,0.095,0.0533,0.0417,0.095,0.05241,0.04259,0.095,0.05416,0.04084,0,0
1,MOVE,99,2088.2,-1,0.1,0.0541,0.0459,0.1,0.04167,0.05833,0.1,0.05415,0.04585,0.1,0.04449,0.05551,0,0
1,PAUSE,100,2108.7,1,0.1,0.05759,0.04241,0.1,0.04665,0.05335,0.1,0.05589,0.04411,0.1,0.05029,0.04971,0,0
1,PAUSE,101,2129.9,1,0.1,0.05759,0.04241,0.1,0.05164,0.04836,0.1,0.05938,0.04062,0.1,0.04836,0.05164,0,0
1,PAUSE,102,2150.6,1,0.1,0.06457,0.03543,0.1,0.04665,0.05335,0.1,0.06112,0.03888,0.1,0.05029,0.04971,0,0
1,PAUSE,103,2171.7,1,0.1,0.06632,0.03368,0.1,0.04998,0.05002,0.1,0.06634,0.03366,0.1,0.05222,0.04778,0,0
1,PAUSE,104,2192.8,1,0.1,0.07155,0.02845,0.1,0.0616,0.0384,0.1,0.07505,0.02495,0.1,0.05416,0.04584,0,0
1,PAUSE,105,2214.5,1,0.1,0.06981,0.03019,0.1,0.06824,0.03176,0.1,0.07853,0.02147,0.1,0.06576,0.03424,0,0
1,PAUSE,106,2236.6,1,0.1,0.08202,0.01798,0.1,0.07322,0.02678,0.1,0.08898,0.01102,0.1,0.06963,0.03037,0,0
1,PAUSE,107,2255.6,1,0.1,0.08726,0.01274,0.1,0.0782,0.0218,0.1,0.09072,0.00928,0.1,0.07544,0.02456,0,0
1,PAUSE,108,2278.3,1,0.1,0.09075,0.00925,0.1,0.08484,0.01516,0.1,0.09768,0.00232,0.1,0.08511,0.01489,0,0
1,PAUSE,109,2296.5,1,0.1,0.09424,0.00576,0.1,0.08816,0.01184,0.1,0.10117,-0.00117,0.1,0.09091,0.00909,0,0
1,PAUSE,110,2317.3,1,0.1,0.09773,0.00227,0.1,0.09314,0.00686,0.1,0.10639,-0.00639,0.1,0.09671,0.00329,0,0
1,PAUSE,111,2338.5,1,0.1,0.09948,0.00052,0.1,0.09646,0.00354,0.1,0.11161,-0.01161,0.1,0.10251,-0.00251,0,0
1,PAUSE,112,2359.7,1,0.1,0.10122,-0.00122,0.1,0.09978,0.00022,0.1,0.11336,-0.01336,0.1,0.10832,-0.00832,0,0
1,PAUSE,113,2379.9,1,0.1,0.10471,-0.00471,0.1,0.10144,-0.00144,0.1,0.1151,-0.0151,0.1,0.11799,-0.01799,0,0
1,PAUSE,114,2404.3,1,0.1,0.10122,-0.00122,0.1,0.1031,-0.0031,0.1,0.1151,-0.0151,0.1,0.11605,-0.01605,0,0
1,PAUSE,115,2425.8,1,0.1,0.10122,-0.00122,0.1,0.10477,-0.00477,0.1,0.1151,-0.0151,0.1,0.10832,-0.00832,0,0
1,PAUSE,116,2443.3,1,0.1,0.10122,-0.00122,0.1,0.10643,-0.00643,0.1,0.1151,-0.0151,0.1,0.11025,-0.01025,0,0
1,PAUSE,117,2464.0,1,0.1,0.10122,-0.00122,0.1,0.10477,-0.00477,0.1,0.1151,-0.0151,0.1,0.11219,-0.01219,0,0
1,PAUSE,118,2485.5,1,0.1,0.10122,-0.00122,0.1,0.10477,-0.00477,0.1,0.1151,-0.0151,0.1,0.11219,-0.01219,0,0
1,PAUSE,119,2505.3,1,0.1,0.10122,-0.00122,0.1,0.10477,-0.00477,0.1,0.1151,-0.0151,0.1,0.11219,-0.01219,0,0
1,PAUSE,120,2526.8,1,0.1,0.10122,-0.00122,0.1,0.10477,-0.00477,0.1,0.1151,-0.0151,0.1,0.11219,-0.01219,0,0
1,PAUSE,121,2547.8,1,0.1,0.10122,-0.00122,0.1,0.10477,-0.00477,0.1,0.11336,-0.01336,0.1,0.11219,-0.01219,0,0
1,PAUSE,122,2570.1,1,0.1,0.10122,-0.00122,0.1,0.10477,-0.00477,0.1,0.11161,-0.01161,0.1,0.11605,-0.01605,0,0
1,PAUSE,123,2590.3,1,0.1,0.10471,-0.00471,0.1,0.10477,-0.00477,0.1,0.11161,-0.01161,0.1,0.11219,-0.01219,0,0
1,PAUSE,124,2609.3,1,0.1,0.10122,-0.00122,0.1,0.10477,-0.00477,0.1,0.10291,-0.00291,0.1,0.11412,-0.01412,0,0
1,PAUSE,125,2629.4,1,0.1,0.10297,-0.00297,0.1,0.10477,-0.00477,0.1,0.10987,-0.00987,0.1,0.11219,-0.01219,0,0
1,PAUSE,126,2651.6,1,0.1,0.10122,-0.00122,0.1,0.10477,-0.00477,0.1,0.10813,-0.00813,0.1,0.11025,-0.01025,0,0
1,PAUSE,127,2672.2,1,0.1,0.10122,-0.00122,0.1,0.10477,-0.00477,0.1,0.10813,-0.00813,0.1,0.11219,-0.01219,0,0
1,PAUSE,128,2692.8,1,0.1,0.10471,-0.00471,0.1,0.10477,-0.00477,0.1,0.10639,-0.00639,0.1,0.11219,-0.01219,0,0
1,PAUSE,129,2713.6,1,0.1,0.10122,-0.00122,0.1,0.10477,-0.00477,0.1,0.10465,-0.00465,0.1,0.11219,-0.01219,0,0
1,PAUSE,130,2735.7,1,0.1,0.10122,-0.00122,0.1,0.10477,-0.00477,0.1,0.10291,-0.00291,0.1,0.11219,-0.01219,0,0
1,PAUSE,131,2757.3,1,0.1,0.10122,-0.00122,0.1,0.10477,-0.00477,0.1,0.10117,-0.00117,0.1,0.11219,-0.01219,0,0
1,PAUSE,132,2776.7,1,0.1,0.10122,-0.00122,0.1,0.10477,-0.00477,0.1,0.10117,-0.00117,0.1,0.11219,-0.01219,0,0
1,PAUSE,133,2798.3,1,0.1,0.10122,-0.00122,0.1,0.10477,-0.00477,0.1,0.10117,-0.00117,0.1,0.11412,-0.01412,0,0
1,PAUSE,134,2820.0,1,0.1,0.10122,-0.00122,0.1,0.10477,-0.00477,0.1,0.10117,-0.00117,0.1,0.11219,-0.01219,0,0
1,PAUSE,135,2840.6,1,0.1,0.10122,-0.00122,0.1,0.10477,-0.00477,0.1,0.10117,-0.00117,0.1,0.11412,-0.01412,0,0
1,PAUSE,136,2859.8,1,0.1,0.10122,-0.00122,0.1,0.10477,-0.00477,0.1,0.10117,-0.00117,0.1,0.11025,-0.01025,0,0
1,PAUSE,137,2879.8,1,0.1,0.10122,-0.00122,0.1,0.10477,-0.00477,0.1,0.10117,-0.00117,0.1,0.10832,-0.00832,0,0
1,PAUSE,138,2901.2,1,0.1,0.10122,-0.00122,0.1,0.10643,-0.00643,0.1,0.10117,-0.00117,0.1,0.10445,-0.00445,0,0
1,PAUSE,139,2923.5,1,0.1,0.10122,-0.00122,0.1,0.10477,-0.00477,0.1,0.10117,-0.00117,0.1,0.09865,0.00135,0,0
1,MOVE,140,2944.0,-1,0.105,0.10122,0.00378,0.105,0.10477,0.00023,0.105,0.10117,0.00383,0.105,0.09478,0.01022,0,0
1,MOVE,141,2966.7,-1,0.11,0.10122,0.00878,0.11,0.10477,0.00523,0.11,0.10117,0.00883,0.11,0.09284,0.01716,0,0
1,MOVE,142,2986.2,-1,0.115,0.10122,0.01378,0.115,0.10477,0.01023,0.115,0.10117,0.01383,0.115,0.09284,0.02216,0,0
1,MOVE,143,3005.6,-1,0.12,0.10297,0.01703,0.12,0.10477,0.01523,0.12,0.10117,0.01883,0.12,0.09091,0.02909,0,0
1,MOVE,144,3026.0,-1,0.125,0.10122,0.02378,0.125,0.10477,0.02023,0.125,0.10117,0.02383,0.125,0.09091,0.03409,0,0
1,MOVE,145,3045.8,-1,0.13,0.10122,0.02878,0.13,0.10477,0.02523,0.13,0.10117,0.02883,0.13,0.09091,0.03909,0,0
1,MOVE,146,3067.3,-1,0.135,0.10122,0.03378,0.135,0.1031,0.0319,0.135,0.10117,0.03383,0.135,0.09091,0.04409,0,0
1,MOVE,147,3088.1,-1,0.14,0.10122,0.03878,0.14,0.10477,0.03523,0.14,0.10117,0.03883,0.14,0.09091,0.04909,0,0
1,MOVE,148,3109.2,-1,0.145,0.10471,0.04029,0.145,0.10477,0.04023,0.145,0.10465,0.04035,0.145,0.09091,0.05409,0,0
1,MOVE,149,3129.8,-1,0.15,0.10297,0.04703,0.15,0.10477,0.04523,0.15,0.10291,0.04709,0.15,0.09478,0.05522,0,0
1,PAUSE,150,3151.0,2,0.15,0.11518,0.03482,0.15,0.11473,0.03527,0.15,0.10117,0.04883,0.15,0.09091,0.05909,0,0
1,PAUSE,151,3174.3,2,0.15,0.11169,0.03831,0.15,0.11805,0.03195,0.15,0.10465,0.04535,0.15,0.09284,0.05716,0,0
1,PAUSE,152,3192.7,2,0.15,0.12216,0.02784,0.15,0.11639,0.03361,0.15,0.11684,0.03316,0.15,0.10251,0.04749,0,0
1,PAUSE,153,3213.2,2,0.15,0.12914,0.02086,0.15,0.12635,0.02365,0.15,0.12032,0.02968,0.15,0.10638,0.04362,0,0
1,PAUSE,154,3235.1,2,0.15,0.12914,0.02086,0.15,0.13299,0.01701,0.15,0.12032,0.02968,0.15,0.11412,0.03588,0,0
1,PAUSE,155,3257.2,2,0.15,0.13613,0.01387,0.15,0.13465,0.01535,0.15,0.12729,0.02271,0.15,0.12186,0.02814,0,0
1,PAUSE,156,3279.7,2,0.15,0.14136,0.00864,0.15,0.14295,0.00705,0.15,0.13251,0.01749,0.15,0.13346,0.01654,0,0
1,PAUSE,157,3300.0,2,0.15,0.1466,0.0034,0.15,0.14295,0.00705,0.15,0.13599,0.01401,0.15,0.1354,0.0146,0,0
1,PAUSE,158,3318.9,2,0.15,0.15532,-0.00532,0.15,0.14793,0.00207,0.15,0.13947,0.01053,0.15,0.1412,0.0088,0,0
1,PAUSE,159,3339.3,2,0.15,0.15707,-0.00707,0.15,0.15125,-0.00125,0.15,0.14296,0.00704,0.15,0.147,0.003,0,0
1,PAUSE,160,3359.6,2,0.15,0.1623,-0.0123,0.15,0.15291,-0.00291,0.15,0.14644,0.00356,0.15,0.15087,-0.00087,0,0
1,PAUSE,161,3382.7,2,0.15,0.1623,-0.0123,0.15,0.15457,-0.00457,0.15,0.14818,0.00182,0.15,0.15474,-0.00474,0,0
1,PAUSE,162,3402.4,2,0.15,0.15881,-0.00881,0.15,0.15457,-0.00457,0.15,0.14992,8e-05,0.15,0.15667,-0.00667,0,0
1,PAUSE,163,3424.4,2,0.15,0.1623,-0.0123,0.15,0.15457,-0.00457,0.15,0.15166,-0.00166,0.15,0.15861,-0.00861,0,0
1,PAUSE,164,3444.8,2,0.15,0.16579,-0.01579,0.15,0.15457,-0.00457,0.15,0.15166,-0.00166,0.15,0.15861,-0.00861,0,0
1,PAUSE,165,3464.6,2,0.15,0.15707,-0.00707,0.15,0.15457,-0.00457,0.15,0.15166,-0.00166,0.15,0.15861,-0.00861,0,0
1,PAUSE,166,3485.2,2,0.15,0.1623,-0.0123,0.15,0.15457,-0.00457,0.15,0.1534,-0.0034,0.15,0.15861,-0.00861,0,0
1,PAUSE,167,3505.8,2,0.15,0.16405,-0.01405,0.15,0.15457,-0.00457,0.15,0.15515,-0.00515,0.15,0.15861,-0.00861,0,0
1,PAUSE,168,3525.9,2,0.15,0.1623,-0.0123,0.15,0.15457,-0.00457,0.15,0.15166,-0.00166,0.15,0.15861,-0.00861,0,0
1,PAUSE,169,3547.3,2,0.15,0.1623,-0.0123,0.15,0.15457,-0.00457,0.15,0.15166,-0.00166,0.15,0.15861,-0.00861,0,0
1,PAUSE,170,3570.0,2,0.15,0.16405,-0.01405,0.15,0.15457,-0.00457,0.15,0.15166,-0.00166,0.15,0.15861,-0.00861,0,0
1,PAUSE,171,3591.5,2,0.15,0.1623,-0.0123,0.15,0.15457,-0.00457,0.15,0.15166,-0.00166,0.15,0.15861,-0.00861,0,0
1,PAUSE,172,3612.4,2,0.15,0.1623,-0.0123,0.15,0.15457,-0.00457,0.15,0.15166,-0.00166,0.15,0.15861,-0.00861,0,0
1,PAUSE,173,3630.9,2,0.15,0.1623,-0.0123,0.15,0.15457,-0.00457,0.15,0.15166,-0.00166,0.15,0.15861,-0.00861,0,0
1,PAUSE,174,3652.9,2,0.15,0.1623,-0.0123,0.15,0.15457,-0.00457,0.15,0.15166,-0.00166,0.15,0.15861,-0.00861,0,0
1,PAUSE,175,3671.9,2,0.15,0.1623,-0.0123,0.15,0.15457,-0.00457,0.15,0.15166,-0.00166,0.15,0.15861,-0.00861,0,0
1,PAUSE,176,3694.4,2,0.15,0.1623,-0.0123,0.15,0.15457,-0.00457,0.15,0.15166,-0.00166,0.15,0.15861,-0.00861,0,0
1,PAUSE,177,3713.8,2,0.15,0.15881,-0.00881,0.15,0.15457,-0.00457,0.15,0.15166,-0.00166,0.15,0.15861,-0.00861,0,0
1,PAUSE,178,3737.8,2,0.15,0.15532,-0.00532,0.15,0.15623,-0.00623,0.15,0.15166,-0.00166,0.15,0.16441,-0.01441,0,0
1,PAUSE,179,3758.3,2,0.15,0.15183,-0.00183,0.15,0.15457,-0.00457,0.15,0.15166,-0.00166,0.15,0.15861,-0.00861,0,0
1,PAUSE,180,3776.0,2,0.15,0.15183,-0.00183,0.15,0.15457,-0.00457,0.15,0.15166,-0.00166,0.15,0.15861,-0.00861,0,0
1,PAUSE,181,3797.7,2,0.15,0.15009,-9e-05,0.15,0.15457,-0.00457,0.15,0.15166,-0.00166,0.15,0.15861,-0.00861,0,0
1,PAUSE,182,3819.0,2,0.15,0.15183,-0.00183,0.15,0.15457,-0.00457,0.15,0.15166,-0.00166,0.15,0.15861,-0.00861,0,0
1,PAUSE,183,3841.7,2,0.15,0.15009,-9e-05,0.15,0.15457,-0.00457,0.15,0.15166,-0.00166,0.15,0.16828,-0.01828,0,0
1,PAUSE,184,3860.5,2,0.15,0.15183,-0.00183,0.15,0.15457,-0.00457,0.15,0.15166,-0.00166,0.15,0.15861,-0.00861,0,0
1,PAUSE,185,3881.3,2,0.15,0.15009,-9e-05,0.15,0.15457,-0.00457,0.15,0.15166,-0.00166,0.15,0.15861,-0.00861,0,0
1,PAUSE,186,3902.1,2,0.15,0.15009,-9e-05,0.15,0.15457,-0.00457,0.15,0.15166,-0.00166,0.15,0.15861,-0.00861,0,0
1,PAUSE,187,3923.5,2,0.15,0.15009,-9e-05,0.15,0.15457,-0.00457,0.15,0.15166,-0.00166,0.15,0.16248,-0.01248,0,0
1,PAUSE,188,3944.3,2,0.15,0.15009,-9e-05,0.15,0.15457,-0.00457,0.15,0.15166,-0.00166,0.15,0.1528,-0.0028,0,0
1,PAUSE,189,3965.5,2,0.15,0.15009,-9e-05,0.15,0.15457,-0.00457,0.15,0.1534,-0.0034,0.15,0.15087,-0.00087,0,0
1,MOVE,190,3987.3,-1,0.155,0.15183,0.00317,0.155,0.15457,0.00043,0.155,0.15166,0.00334,0.155,0.14894,0.00606,0,0
1,MOVE,191,4004.8,-1,0.16,0.15009,0.00991,0.16,0.15457,0.00543,0.16,0.15166,0.00834,0.16,0.14894,0.01106,0,0
1,MOVE,192,4026.0,-1,0.165,0.15009,0.01491,0.165,0.15457,0.01043,0.165,0.15166,0.01334,0.165,0.147,0.018,0,0
1,MOVE,193,4046.2,-1,0.17,0.15009,0.01991,0.17,0.15457,0.01543,0.17,0.15166,0.01834,0.17,0.147,0.023,0,0
1,MOVE,194,4067.3,-1,0.175,0.15183,0.02317,0.175,0.15457,0.02043,0.175,0.15166,0.02334,0.175,0.147,0.028,0,0
1,MOVE,195,4088.4,-1,0.18,0.15009,0.02991,0.18,0.15457,0.02543,0.18,0.1534,0.0266,0.18,0.14507,0.03493,0,0
1,MOVE,196,4108.6,-1,0.185,0.15009,0.03491,0.185,0.15457,0.03043,0.185,0.15166,0.03334,0.185,0.147,0.038,0,0
1,MOVE,197,4129.7,-1,0.19,0.15009,0.03991,0.19,0.15291,0.03709,0.19,0.15166,0.03834,0.19,0.147,0.043,0,0
1,MOVE,198,4151.6,-1,0.195,0.15009,0.04491,0.195,0.15457,0.04043,0.195,0.14992,0.04508,0.195,0.147,0.048,0,0
1,MOVE,199,4172.4,-1,0.2,0.15009,0.04991,0.2,0.1662,0.0338,0.2,0.1534,0.0466,0.2,0.147,0.053,0,0
1,PAUSE,200,4192.7,3,0.2,0.15532,0.04468,0.2,0.16288,0.03712,0.2,0.16559,0.03441,0.2,0.14894,0.05106,0,0
1,PAUSE,201,4213.6,3,0.2,0.15707,0.04293,0.2,0.1662,0.0338,0.2,0.16037,0.03963,0.2,0.14894,0.05106,0,0
1,PAUSE,202,4233.7,3,0.2,0.1623,0.0377,0.2,0.17118,0.02882,0.2,0.16559,0.03441,0.2,0.14894,0.05106,0,0
1,PAUSE,203,4255.6,3,0.2,0.16754,0.03246,0.2,0.17118,0.02882,0.2,0.17082,0.02918,0.2,0.16441,0.03559,0,0
1,PAUSE,204,4277.7,3,0.2,0.17627,0.02373,0.2,0.17284,0.02716,0.2,0.17952,0.02048,0.2,0.15861,0.04139,0,0
1,PAUSE,205,4297.1,3,0.2,0.18674,0.01326,0.2,0.17782,0.02218,0.2,0.18823,0.01177,0.2,0.16441,0.03559,0,0
1,PAUSE,206,4317.3,3,0.2,0.18499,0.01501,0.2,0.18446,0.01554,0.2,0.19345,0.00655,0.2,0.17021,0.02979,0,0
1,PAUSE,207,4339.8,3,0.2,0.19197,0.00803,0.2,0.18778,0.01222,0.2,0.19868,0.00132,0.2,0.18182,0.01818,0,0
1,PAUSE,208,4360.0,3,0.2,0.19546,0.00454,0.2,0.19442,0.00558,0.2,0.2039,-0.0039,0.2,0.18182,0.01818,0,0
1,PAUSE,209,4383.3,3,0.2,0.19895,0.00105,0.2,0.19774,0.00226,0.2,0.20738,-0.00738,0.2,0.18956,0.01044,0,0
1,PAUSE,210,4402.1,3,0.2,0.2007,-0.0007,0.2,0.20106,-0.00106,0.2,0.20912,-0.00912,0.2,0.19342,0.00658,0,0
1,PAUSE,211,4422.2,3,0.2,0.20244,-0.00244,0.2,0.20604,-0.00604,0.2,0.20912,-0.00912,0.2,0.19923,0.00077,0,0
1,PAUSE,212,4442.8,3,0.2,0.20419,-0.00419,0.2,0.20604,-0.00604,0.2,0.21087,-0.01087,0.2,0.20309,-0.00309,0,0
1,PAUSE,213,4464.0,3,0.2,0.20419,-0.00419,0.2,0.2077,-0.0077,0.2,0.20912,-0.00912,0.2,0.20696,-0.00696,0,0
1,PAUSE,214,4484.8,3,0.2,0.20419,-0.00419,0.2,0.2077,-0.0077,0.2,0.21261,-0.01261,0.2,0.21277,-0.01277,0,0
1,PAUSE,215,4508.6,3,0.2,0.20593,-0.00593,0.2,0.2077,-0.0077,0.2,0.21609,-0.01609,0.2,0.2147,-0.0147,0,0
1,PAUSE,216,4529.4,3,0.2,0.20419,-0.00419,0.2,0.2077,-0.0077,0.2,0.20912,-0.00912,0.2,0.21663,-0.01663,0,0
1,PAUSE,217,4549.3,3,0.2,0.20419,-0.00419,0.2,0.2077,-0.0077,0.2,0.21087,-0.01087,0.2,0.22244,-0.02244,0,0
1,PAUSE,218,4571.3,3,0.2,0.20419,-0.00419,0.2,0.20936,-0.00936,0.2,0.20912,-0.00912,0.2,0.21663,-0.01663,0,0
1,PAUSE,219,4589.0,3,0.2,0.20419,-0.00419,0.2,0.2077,-0.0077,0.2,0.20912,-0.00912,0.2,0.21663,-0.01663,0,0
1,PAUSE,220,4609.1,3,0.2,0.20419,-0.00419,0.2,0.20936,-0.00936,0.2,0.21087,-0.01087,0.2,0.21663,-0.01663,0,0
1,PAUSE,221,4629.9,3,0.2,0.20419,-0.00419,0.2,0.20936,-0.00936,0.2,0.21087,-0.01087,0.2,0.21663,-0.01663,0,0
1,PAUSE,222,4651.1,3,0.2,0.20419,-0.00419,0.2,0.20936,-0.00936,0.2,0.21087,-0.01087,0.2,0.21663,-0.01663,0,0
1,PAUSE,223,4673.9,3,0.2,0.20419,-0.00419,0.2,0.2077,-0.0077,0.2,0.21087,-0.01087,0.2,0.21663,-0.01663,0,0
1,PAUSE,224,4695.3,3,0.2,0.20593,-0.00593,0.2,0.20936,-0.00936,0.2,0.20912,-0.00912,0.2,0.21663,-0.01663,0,0
1,PAUSE,225,4715.5,3,0.2,0.20593,-0.00593,0.2,0.2077,-0.0077,0.2,0.21609,-0.01609,0.2,0.21663,-0.01663,0,0
1,PAUSE,226,4735.4,3,0.2,0.20419,-0.00419,0.2,0.2077,-0.0077,0.2,0.20912,-0.00912,0.2,0.22244,-0.02244,0,0
1,PAUSE,227,4756.6,3,0.2,0.20419,-0.00419,0.2,0.20936,-0.00936,0.2,0.2039,-0.0039,0.2,0.22244,-0.02244,0,0
1,PAUSE,228,4777.3,3,0.2,0.20419,-0.00419,0.2,0.20936,-0.00936,0.2,0.21087,-0.01087,0.2,0.2147,-0.0147,0,0
1,PAUSE,229,4798.8,3,0.2,0.20419,-0.00419,0.2,0.20936,-0.00936,0.2,0.20216,-0.00216,0.2,0.21277,-0.01277,0,0
1,PAUSE,230,4819.2,3,0.2,0.20419,-0.00419,0.2,0.2077,-0.0077,0.2,0.20042,-0.00042,0.2,0.21083,-0.01083,0,0
1,PAUSE,231,4838.8,3,0.2,0.20593,-0.00593,0.2,0.2077,-0.0077,0.2,0.20042,-0.00042,0.2,0.20503,-0.00503,0,0
1,PAUSE,232,4860.2,3,0.2,0.20244,-0.00244,0.2,0.20936,-0.00936,0.2,0.20042,-0.00042,0.2,0.20503,-0.00503,0,0
1,PAUSE,233,4881.8,3,0.2,0.20419,-0.00419,0.2,0.2077,-0.0077,0.2,0.20042,-0.00042,0.2,0.20309,-0.00309,0,0
1,PAUSE,234,4902.7,3,0.2,0.20419,-0.00419,0.2,0.2077,-0.0077,0.2,0.20042,-0.00042,0.2,0.20116,-0.00116,0,0
1,PAUSE,235,4922.4,3,0.2,0.20419,-0.00419,0.2,0.20936,-0.00936,0.2,0.20042,-0.00042,0.2,0.20116,-0.00116,0,0
1,PAUSE,236,4943.5,3,0.2,0.20593,-0.00593,0.2,0.2077,-0.0077,0.2,0.20042,-0.00042,0.2,0.19923,0.00077,0,0
1,PAUSE,237,4963.6,3,0.2,0.20419,-0.00419,0.2,0.2077,-0.0077,0.2,0.20042,-0.00042,0.2,0.19923,0.00077,0,0
1,PAUSE,238,4985.7,3,0.2,0.20419,-0.00419,0.2,0.20936,-0.00936,0.2,0.20042,-0.00042,0.2,0.20116,-0.00116,0,0
1,PAUSE,239,5009.1,3,0.2,0.20419,-0.00419,0.2,0.2077,-0.0077,0.2,0.20042,-0.00042,0.2,0.20116,-0.00116,0,0
1,MOVE,240,5027.4,-1,0.205,0.20419,0.00081,0.205,0.2077,-0.0027,0.205,0.20042,0.00458,0.205,0.20116,0.00384,0,0
1,MOVE,241,5046.4,-1,0.21,0.20419,0.00581,0.21,0.20936,0.00064,0.21,0.20042,0.00958,0.21,0.19923,0.01077,0,0
1,MOVE,242,5067.9,-1,0.215,0.20419,0.01081,0.215,0.2077,0.0073,0.215,0.20042,0.01458,0.215,0.20116,0.01384,0,0
1,MOVE,243,5087.9,-1,0.22,0.20419,0.01581,0.22,0.2077,0.0123,0.22,0.20042,0.01958,0.22,0.19923,0.02077,0,0
1,MOVE,244,5109.4,-1,0.225,0.20419,0.02081,0.225,0.2077,0.0173,0.225,0.20042,0.02458,0.225,0.19923,0.02577,0,0
1,MOVE,245,5130.1,-1,0.23,0.20419,0.02581,0.23,0.2077,0.0223,0.23,0.20042,0.02958,0.23,0.20309,0.02691,0,0
1,MOVE,246,5151.5,-1,0.235,0.20419,0.03081,0.235,0.2077,0.0273,0.235,0.20042,0.03458,0.235,0.20116,0.03384,0,0
1,MOVE,247,5172.4,-1,0.24,0.20419,0.03581,0.24,0.20936,0.03064,0.24,0.20042,0.03958,0.24,0.19149,0.04851,0,0
1,MOVE,248,5193.7,-1,0.245,0.20942,0.03558,0.245,0.21102,0.03398,0.245,0.20042,0.04458,0.245,0.19923,0.04577,0,0
1,MOVE,249,5213.2,-1,0.25,0.20942,0.04058,0.25,0.22099,0.02901,0.25,0.20042,0.04958,0.25,0.19923,0.05077,0,0
1,PAUSE,250,5234.5,4,0.25,0.21815,0.03185,0.25,0.21268,0.03732,0.25,0.20738,0.04262,0.25,0.19923,0.05077,0,0
1,PAUSE,251,5254.3,4,0.25,0.21466,0.03534,0.25,0.21435,0.03565,0.25,0.20564,0.04436,0.25,0.20116,0.04884,0,0
1,PAUSE,252,5277.0,4,0.25,0.21815,0.03185,0.25,0.21933,0.03067,0.25,0.20564,0.04436,0.25,0.20116,0.04884,0,0
1,PAUSE,253,5297.9,4,0.25,0.22513,0.02487,0.25,0.22597,0.02403,0.25,0.21957,0.03043,0.25,0.20116,0.04884,0,0
1,PAUSE,254,5319.0,4,0.25,0.23386,0.01614,0.25,0.23427,0.01573,0.25,0.22654,0.02346,0.25,0.20696,0.04304,0,0
1,PAUSE,255,5340.6,4,0.25,0.2356,0.0144,0.25,0.23925,0.01075,0.25,0.22654,0.02346,0.25,0.2147,0.0353,0,0
1,PAUSE,256,5359.9,4,0.25,0.24084,0.00916,0.25,0.24755,0.00245,0.25,0.23176,0.01824,0.25,0.22631,0.02369,0,0
1,PAUSE,257,5380.6,4,0.25,0.24607,0.00393,0.25,0.25585,-0.00585,0.25,0.23524,0.01476,0.25,0.23598,0.01402,0,0
1,PAUSE,258,5401.8,4,0.25,0.24782,0.00218,0.25,0.25585,-0.00585,0.25,0.24047,0.00953,0.25,0.24371,0.00629,0,0
1,PAUSE,259,5422.7,4,0.25,0.24956,0.00044,0.25,0.25917,-0.00917,0.25,0.24395,0.00605,0.25,0.24758,0.00242,0,0
1,PAUSE,260,5443.2,4,0.25,0.24956,0.00044,0.25,0.26249,-0.01249,0.25,0.24743,0.00257,0.25,0.25338,-0.00338,0,0
1,PAUSE,261,5464.5,4,0.25,0.25131,-0.00131,0.25,0.26249,-0.01249,0.25,0.24917,0.00083,0.25,0.25725,-0.00725,0,0
1,PAUSE,262,5487.4,4,0.25,0.25305,-0.00305,0.25,0.26415,-0.01415,0.25,0.25266,-0.00266,0.25,0.25919,-0.00919,0,0
1,PAUSE,263,5507.3,4,0.25,0.2548,-0.0048,0.25,0.26415,-0.01415,0.25,0.25266,-0.00266,0.25,0.25919,-0.00919,0,0
1,PAUSE,264,5526.8,4,0.25,0.25654,-0.00654,0.25,0.26415,-0.01415,0.25,0.2544,-0.0044,0.25,0.26112,-0.01112,0,0
1,PAUSE,265,5547.4,4,0.25,0.2548,-0.0048,0.25,0.26415,-0.01415,0.25,0.2544,-0.0044,0.25,0.26692,-0.01692,0,0
1,PAUSE,266,5568.0,4,0.25,0.2548,-0.0048,0.25,0.26415,-0.01415,0.25,0.25614,-0.00614,0.25,0.26112,-0.01112,0,0
1,PAUSE,267,5591.5,4,0.25,0.2548,-0.0048,0.25,0.26415,-0.01415,0.25,0.2544,-0.0044,0.25,0.26112,-0.01112,0,0
1,PAUSE,268,5613.6,4,0.25,0.2548,-0.0048,0.25,0.26415,-0.01415,0.25,0.2544,-0.0044,0.25,0.26112,-0.01112,0,0
1,PAUSE,269,5631.1,4,0.25,0.2548,-0.0048,0.25,0.26415,-0.01415,0.25,0.2544,-0.0044,0.25,0.25919,-0.00919,0,0
1,PAUSE,270,5652.1,4,0.25,0.2548,-0.0048,0.25,0.26415,-0.01415,0.25,0.2544,-0.0044,0.25,0.26112,-0.01112,0,0
1,PAUSE,271,5673.2,4,0.25,0.2548,-0.0048,0.25,0.26249,-0.01249,0.25,0.2544,-0.0044,0.25,0.26112,-0.01112,0,0
1,PAUSE,272,5694.4,4,0.25,0.2548,-0.0048,0.25,0.26415,-0.01415,0.25,0.2544,-0.0044,0.25,0.26112,-0.01112,0,0
1,PAUSE,273,5714.5,4,0.25,0.2548,-0.0048,0.25,0.26415,-0.01415,0.25,0.2544,-0.0044,0.25,0.26112,-0.01112,0,0
1,PAUSE,274,5735.9,4,0.25,0.2548,-0.0048,0.25,0.26249,-0.01249,0.25,0.2544,-0.0044,0.25,0.26112,-0.01112,0,0
1,PAUSE,275,5755.7,4,0.25,0.2548,-0.0048,0.25,0.26415,-0.01415,0.25,0.2544,-0.0044,0.25,0.26112,-0.01112,0,0
1,PAUSE,276,5776.2,4,0.25,0.25654,-0.00654,0.25,0.26415,-0.01415,0.25,0.2544,-0.0044,0.25,0.26112,-0.01112,0,0
1,PAUSE,277,5798.1,4,0.25,0.25829,-0.00829,0.25,0.26415,-0.01415,0.25,0.2544,-0.0044,0.25,0.26112,-0.01112,0,0
1,PAUSE,278,5818.4,4,0.25,0.25654,-0.00654,0.25,0.26415,-0.01415,0.25,0.2544,-0.0044,0.25,0.26112,-0.01112,0,0
1,PAUSE,279,5839.4,4,0.25,0.25654,-0.00654,0.25,0.26415,-0.01415,0.25,0.2544,-0.0044,0.25,0.25919,-0.00919,0,0
1,PAUSE,280,5859.6,4,0.25,0.25654,-0.00654,0.25,0.26581,-0.01581,0.25,0.25266,-0.00266,0.25,0.26112,-0.01112,0,0
1,PAUSE,281,5881.7,4,0.25,0.25654,-0.00654,0.25,0.26581,-0.01581,0.25,0.25788,-0.00788,0.25,0.25919,-0.00919,0,0
1,PAUSE,282,5902.1,4,0.25,0.2548,-0.0048,0.25,0.26415,-0.01415,0.25,0.2544,-0.0044,0.25,0.25919,-0.00919,0,0
1,PAUSE,283,5922.5,4,0.25,0.25654,-0.00654,0.25,0.26415,-0.01415,0.25,0.2544,-0.0044,0.25,0.23791,0.01209,0,0
1,PAUSE,284,5943.5,4,0.25,0.2548,-0.0048,0.25,0.26415,-0.01415,0.25,0.2544,-0.0044,0.25,0.25338,-0.00338,0,0
1,PAUSE,285,5964.4,4,0.25,0.2548,-0.0048,0.25,0.26415,-0.01415,0.25,0.25266,-0.00266,0.25,0.25145,-0.00145,0,0
1,PAUSE,286,5988.0,4,0.25,0.25654,-0.00654,0.25,0.26747,-0.01747,0.25,0.2544,-0.0044,0.25,0.24952,0.00048,0,0
1,PAUSE,287,6005.6,4,0.25,0.25654,-0.00654,0.25,0.2708,-0.0208,0.25,0.2544,-0.0044,0.25,0.24371,0.00629,0,0
1,PAUSE,288,6026.4,4,0.25,0.2548,-0.0048,0.25,0.2708,-0.0208,0.25,0.2544,-0.0044,0.25,0.24371,0.00629,0,0
1,PAUSE,289,6046.6,4,0.25,0.25654,-0.00654,0.25,0.26249,-0.01249,0.25,0.25614,-0.00614,0.25,0.24178,0.00822,0,0
1,MOVE,290,6068.1,-1,0.255,0.2548,0.0002,0.255,0.26249,-0.00749,0.255,0.2544,0.0006,0.255,0.24565,0.00935,0,0
1,MOVE,291,6088.1,-1,0.26,0.2548,0.0052,0.26,0.26747,-0.00747,0.26,0.2544,0.0056,0.26,0.24178,0.01822,0,0
1,MOVE,292,6109.8,-1,0.265,0.25654,0.00846,0.265,0.26083,0.00417,0.265,0.25266,0.01234,0.265,0.23985,0.02515,0,0
1,MOVE,293,6131.9,-1,0.27,0.25654,0.01346,0.27,0.25751,0.01249,0.27,0.2544,0.0156,0.27,0.23985,0.03015,0,0
1,MOVE,294,6151.4,-1,0.275,0.2548,0.0202,0.275,0.25419,0.02081,0.275,0.2544,0.0206,0.275,0.23985,0.03515,0,0
1,MOVE,295,6172.7,-1,0.28,0.25654,0.02346,0.28,0.25751,0.02249,0.28,0.2544,0.0256,0.28,0.24178,0.03822,0,0
1,MOVE,296,6193.0,-1,0.285,0.2548,0.0302,0.285,0.25917,0.02583,0.285,0.24917,0.03583,0.285,0.23985,0.04515,0,0
1,MOVE,297,6213.7,-1,0.29,0.2548,0.0352,0.29,0.25419,0.03581,0.29,0.2544,0.0356,0.29,0.23985,0.05015,0,0
1,MOVE,298,6235.1,-1,0.295,0.2548,0.0402,0.295,0.25419,0.04081,0.295,0.25962,0.03538,0.295,0.24178,0.05322,0,0
1,MOVE,299,6257.1,-1,0.3,0.25829,0.04171,0.3,0.26083,0.03917,0.3,0.25614,0.04386,0.3,0.24758,0.05242,0,0
1,PAUSE,300,6277.6,5,0.3,0.26178,0.03822,0.3,0.25917,0.04083,0.3,0.25788,0.04212,0.3,0.25338,0.04662,0,0
1,PAUSE,301,6297.6,5,0.3,0.27225,0.02775,0.3,0.25419,0.04581,0.3,0.2631,0.0369,0.3,0.24565,0.05435,0,0
1,PAUSE,302,6319.2,5,0.3,0.26876,0.03124,0.3,0.26083,0.03917,0.3,0.26484,0.03516,0.3,0.24952,0.05048,0,0
1,PAUSE,303,6338.9,5,0.3,0.27051,0.02949,0.3,0.26415,0.03585,0.3,0.26833,0.03167,0.3,0.25919,0.04081,0,0
1,PAUSE,304,6358.9,5,0.3,0.27923,0.02077,0.3,0.27246,0.02754,0.3,0.27529,0.02471,0.3,0.26499,0.03501,0,0
1,PAUSE,305,6379.7,5,0.3,0.28621,0.01379,0.3,0.28076,0.01924,0.3,0.27703,0.02297,0.3,0.27079,0.02921,0,0
1,PAUSE,306,6401.6,5,0.3,0.29494,0.00506,0.3,0.2874,0.0126,0.3,0.27877,0.02123,0.3,0.27853,0.02147,0,0
1,PAUSE,307,6424.5,5,0.3,0.29843,0.00157,0.3,0.29404,0.00596,0.3,0.28574,0.01426,0.3,0.2882,0.0118,0,0
1,PAUSE,308,6442.5,5,0.3,0.30366,-0.00366,0.3,0.29902,0.00098,0.3,0.29096,0.00904,0.3,0.29014,0.00986,0,0
1,PAUSE,309,6462.8,5,0.3,0.30716,-0.00716,0.3,0.30566,-0.00566,0.3,0.29619,0.00381,0.3,0.29594,0.00406,0,0
1,PAUSE,310,6483.4,5,0.3,0.31065,-0.01065,0.3,0.30898,-0.00898,0.3,0.30141,-0.00141,0.3,0.29981,0.00019,0,0
1,PAUSE,311,6503.7,5,0.3,0.31239,-0.01239,0.3,0.3123,-0.0123,0.3,0.30489,-0.00489,0.3,0.30174,-0.00174,0,0
1,PAUSE,312,6524.7,5,0.3,0.31414,-0.01414,0.3,0.31396,-0.01396,0.3,0.30838,-0.00838,0.3,0.30754,-0.00754,0,0
1,PAUSE,313,6545.8,5,0.3,0.31414,-0.01414,0.3,0.31562,-0.01562,0.3,0.31012,-0.01012,0.3,0.30754,-0.00754,0,0
1,PAUSE,314,6566.8,5,0.3,0.31414,-0.01414,0.3,0.31562,-0.01562,0.3,0.31186,-0.01186,0.3,0.32302,-0.02302,0,0
1,PAUSE,315,6588.4,5,0.3,0.31239,-0.01239,0.3,0.31894,-0.01894,0.3,0.31186,-0.01186,0.3,0.30948,-0.00948,0,0
1,PAUSE,316,6610.3,5,0.3,0.31414,-0.01414,0.3,0.31728,-0.01728,0.3,0.31186,-0.01186,0.3,0.30948,-0.00948,0,0
1,PAUSE,317,6631.2,5,0.3,0.31414,-0.01414,0.3,0.31562,-0.01562,0.3,0.3136,-0.0136,0.3,0.30948,-0.00948,0,0
1,PAUSE,318,6650.6,5,0.3,0.31414,-0.01414,0.3,0.31562,-0.01562,0.3,0.31012,-0.01012,0.3,0.31335,-0.01335,0,0
1,PAUSE,319,6671.0,5,0.3,0.31414,-0.01414,0.3,0.31894,-0.01894,0.3,0.31186,-0.01186,0.3,0.31141,-0.01141,0,0
1,PAUSE,320,6691.6,5,0.3,0.31414,-0.01414,0.3,0.31562,-0.01562,0.3,0.31534,-0.01534,0.3,0.31141,-0.01141,0,0
1,PAUSE,321,6711.6,5,0.3,0.31414,-0.01414,0.3,0.31728,-0.01728,0.3,0.31882,-0.01882,0.3,0.31335,-0.01335,0,0
1,PAUSE,322,6733.1,5,0.3,0.31414,-0.01414,0.3,0.31562,-0.01562,0.3,0.31882,-0.01882,0.3,0.31528,-0.01528,0,0
1,PAUSE,323,6754.9,5,0.3,0.31588,-0.01588,0.3,0.31396,-0.01396,0.3,0.31186,-0.01186,0.3,0.31141,-0.01141,0,0
1,PAUSE,324,6775.3,5,0.3,0.31763,-0.01763,0.3,0.31562,-0.01562,0.3,0.31186,-0.01186,0.3,0.30948,-0.00948,0,0
1,PAUSE,325,6795.9,5,0.3,0.32112,-0.02112,0.3,0.31562,-0.01562,0.3,0.31534,-0.01534,0.3,0.30754,-0.00754,0,0
1,PAUSE,326,6816.3,5,0.3,0.31414,-0.01414,0.3,0.31562,-0.01562,0.3,0.31186,-0.01186,0.3,0.31141,-0.01141,0,0
1,PAUSE,327,6837.5,5,0.3,0.31414,-0.01414,0.3,0.31562,-0.01562,0.3,0.31534,-0.01534,0.3,0.30754,-0.00754,0,0
1,PAUSE,328,6858.5,5,0.3,0.31414,-0.01414,0.3,0.31562,-0.01562,0.3,0.31186,-0.01186,0.3,0.31141,-0.01141,0,0
1,PAUSE,329,6878.3,5,0.3,0.31239,-0.01239,0.3,0.31562,-0.01562,0.3,0.31186,-0.01186,0.3,0.31141,-0.01141,0,0
1,PAUSE,330,6899.3,5,0.3,0.31239,-0.01239,0.3,0.31396,-0.01396,0.3,0.31534,-0.01534,0.3,0.31141,-0.01141,0,0
1,PAUSE,331,6919.9,5,0.3,0.31414,-0.01414,0.3,0.31562,-0.01562,0.3,0.31708,-0.01708,0.3,0.30948,-0.00948,0,0
1,PAUSE,332,6941.4,5,0.3,0.31414,-0.01414,0.3,0.31562,-0.01562,0.3,0.31186,-0.01186,0.3,0.31141,-0.01141,0,0
1,PAUSE,333,6961.8,5,0.3,0.31239,-0.01239,0.3,0.31562,-0.01562,0.3,0.31186,-0.01186,0.3,0.31141,-0.01141,0,0
1,PAUSE,334,6982.5,5,0.3,0.3089,-0.0089,0.3,0.31562,-0.01562,0.3,0.31012,-0.01012,0.3,0.31141,-0.01141,0,0
1,PAUSE,335,7003.5,5,0.3,0.30541,-0.00541,0.3,0.31562,-0.01562,0.3,0.30838,-0.00838,0.3,0.31141,-0.01141,0,0
1,PAUSE,336,7024.1,5,0.3,0.30366,-0.00366,0.3,0.31562,-0.01562,0.3,0.30489,-0.00489,0.3,0.31141,-0.01141,0,0
1,PAUSE,337,7045.5,5,0.3,0.30192,-0.00192,0.3,0.31562,-0.01562,0.3,0.30141,-0.00141,0.3,0.31528,-0.01528,0,0
1,PAUSE,338,7066.3,5,0.3,0.30017,-0.00017,0.3,0.3123,-0.0123,0.3,0.29967,0.00033,0.3,0.31141,-0.01141,0,0
1,PAUSE,339,7088.1,5,0.3,0.30017,-0.00017,0.3,0.31064,-0.01064,0.3,0.29793,0.00207,0.3,0.30948,-0.00948,0,0
1,MOVE,340,7108.9,-1,0.305,0.30192,0.00308,0.305,0.30732,-0.00232,0.305,0.29793,0.00707,0.305,0.30948,-0.00448,0,0
1,MOVE,341,7130.7,-1,0.31,0.30017,0.00983,0.31,0.30732,0.00268,0.31,0.29619,0.01381,0.31,0.30368,0.00632,0,0
1,MOVE,342,7151.2,-1,0.315,0.30017,0.01483,0.315,0.30566,0.00934,0.315,0.29619,0.01881,0.315,0.29981,0.01519,0,0
1,MOVE,343,7172.6,-1,0.32,0.30017,0.01983,0.32,0.304,0.016,0.32,0.29619,0.02381,0.32,0.294,0.026,0,0
1,MOVE,344,7193.2,-1,0.325,0.30017,0.02483,0.325,0.30566,0.01934,0.325,0.29793,0.02707,0.325,0.29207,0.03293,0,0
1,MOVE,345,7213.1,-1,0.33,0.30017,0.02983,0.33,0.30566,0.02434,0.33,0.29619,0.03381,0.33,0.29014,0.03986,0,0
1,MOVE,346,7234.2,-1,0.335,0.30017,0.03483,0.335,0.30566,0.02934,0.335,0.29619,0.03881,0.335,0.29014,0.04486,0,0
1,MOVE,347,7254.9,-1,0.34,0.30017,0.03983,0.34,0.30566,0.03434,0.34,0.29619,0.04381,0.34,0.29207,0.04793,0,0
1,MOVE,348,7275.5,-1,0.345,0.30192,0.04308,0.345,0.30566,0.03934,0.345,0.29619,0.04881,0.345,0.29014,0.05486,0,0
1,MOVE,349,7297.4,-1,0.35,0.30541,0.04459,0.35,0.30566,0.04434,0.35,0.29793,0.05207,0.35,0.29014,0.05986,0,0
1,PAUSE,350,7319.1,6,0.35,0.30541,0.04459,0.35,0.3123,0.0377,0.35,0.29967,0.05033,0.35,0.29981,0.05019,0,0
1,PAUSE,351,7338.9,6,0.35,0.30541,0.04459,0.35,0.30566,0.04434,0.35,0.30141,0.04859,0.35,0.294,0.056,0,0
1,PAUSE,352,7358.6,6,0.35,0.30541,0.04459,0.35,0.30566,0.04434,0.35,0.30663,0.04337,0.35,0.29787,0.05213,0,0
1,PAUSE,353,7379.3,6,0.35,0.31239,0.03761,0.35,0.31064,0.03936,0.35,0.31186,0.03814,0.35,0.30368,0.04632,0,0
1,PAUSE,354,7399.7,6,0.35,0.31763,0.03237,0.35,0.31396,0.03604,0.35,0.32056,0.02944,0.35,0.31335,0.03665,0,0
1,PAUSE,355,7420.6,6,0.35,0.3281,0.0219,0.35,0.32559,0.02441,0.35,0.32056,0.02944,0.35,0.32302,0.02698,0,0
1,PAUSE,356,7441.6,6,0.35,0.33159,0.01841,0.35,0.33223,0.01777,0.35,0.32753,0.02247,0.35,0.33075,0.01925,0,0
1,PAUSE,357,7462.7,6,0.35,0.33682,0.01318,0.35,0.33721,0.01279,0.35,0.33449,0.01551,0.35,0.33656,0.01344,0,0
1,PAUSE,358,7484.5,6,0.35,0.3438,0.0062,0.35,0.34385,0.00615,0.35,0.34146,0.00854,0.35,0.34623,0.00377,0,0
1,PAUSE,359,7504.9,6,0.35,0.34729,0.00271,0.35,0.35049,-0.00049,0.35,0.34494,0.00506,0.35,0.35203,-0.00203,0,0
1,PAUSE,360,7527.3,6,0.35,0.35079,-0.00079,0.35,0.35547,-0.00547,0.35,0.35191,-0.00191,0.35,0.35397,-0.00397,0,0
1,PAUSE,361,7548.1,6,0.35,0.35428,-0.00428,0.35,0.35879,-0.00879,0.35,0.35539,-0.00539,0.35,0.3559,-0.0059,0,0
1,PAUSE,362,7569.6,6,0.35,0.35777,-0.00777,0.35,0.36211,-0.01211,0.35,0.35887,-0.00887,0.35,0.35783,-0.00783,0,0
1,PAUSE,363,7590.3,6,0.35,0.35777,-0.00777,0.35,0.36377,-0.01377,0.35,0.35887,-0.00887,0.35,0.35783,-0.00783,0,0
1,PAUSE,364,7609.1,6,0.35,0.35951,-0.00951,0.35,0.36377,-0.01377,0.35,0.37106,-0.02106,0.35,0.35977,-0.00977,0,0
1,PAUSE,365,7632.1,6,0.35,0.35951,-0.00951,0.35,0.36377,-0.01377,0.35,0.35887,-0.00887,0.35,0.35783,-0.00783,0,0
1,PAUSE,366,7654.2,6,0.35,0.35951,-0.00951,0.35,0.36377,-0.01377,0.35,0.36061,-0.01061,0.35,0.35783,-0.00783,0,0
1,PAUSE,367,7673.8,6,0.35,0.35951,-0.00951,0.35,0.36543,-0.01543,0.35,0.36061,-0.01061,0.35,0.35977,-0.00977,0,0
1,PAUSE,368,7693.6,6,0.35,0.35951,-0.00951,0.35,0.36377,-0.01377,0.35,0.36061,-0.01061,0.35,0.35783,-0.00783,0,0
1,PAUSE,369,7714.1,6,0.35,0.35951,-0.00951,0.35,0.36377,-0.01377,0.35,0.36061,-0.01061,0.35,0.3559,-0.0059,0,0
1,PAUSE,370,7735.4,6,0.35,0.33333,0.01667,0.35,0.36377,-0.01377,0.35,0.36061,-0.01061,0.35,0.3559,-0.0059,0,0
1,PAUSE,371,7755.0,6,0.35,0.35951,-0.00951,0.35,0.36377,-0.01377,0.35,0.36061,-0.01061,0.35,0.3559,-0.0059,0,0
1,PAUSE,372,7776.2,6,0.35,0.35951,-0.00951,0.35,0.36377,-0.01377,0.35,0.35887,-0.00887,0.35,0.35783,-0.00783,0,0
1,PAUSE,373,7799.2,6,0.35,0.36475,-0.01475,0.35,0.36377,-0.01377,0.35,0.36061,-0.01061,0.35,0.35783,-0.00783,0,0
1,PAUSE,374,7819.0,6,0.35,0.363,-0.013,0.35,0.36377,-0.01377,0.35,0.36061,-0.01061,0.35,0.35783,-0.00783,0,0
1,PAUSE,375,7838.9,6,0.35,0.35951,-0.00951,0.35,0.36377,-0.01377,0.35,0.36235,-0.01235,0.35,0.35783,-0.00783,0,0
1,PAUSE,376,7861.9,6,0.35,0.35951,-0.00951,0.35,0.36377,-0.01377,0.35,0.35887,-0.00887,0.35,0.35783,-0.00783,0,0
1,PAUSE,377,7880.5,6,0.35,0.35951,-0.00951,0.35,0.36543,-0.01543,0.35,0.35539,-0.00539,0.35,0.35783,-0.00783,0,0
1,PAUSE,378,7901.3,6,0.35,0.35951,-0.00951,0.35,0.36377,-0.01377,0.35,0.36061,-0.01061,0.35,0.35783,-0.00783,0,0
1,PAUSE,379,7921.8,6,0.35,0.35777,-0.00777,0.35,0.36377,-0.01377,0.35,0.36061,-0.01061,0.35,0.35783,-0.00783,0,0
1,PAUSE,380,7943.8,6,0.35,0.35253,-0.00253,0.35,0.36377,-0.01377,0.35,0.36061,-0.01061,0.35,0.35783,-0.00783,0,0
1,PAUSE,381,7966.2,6,0.35,0.35951,-0.00951,0.35,0.36377,-0.01377,0.35,0.35887,-0.00887,0.35,0.35783,-0.00783,0,0
1,PAUSE,382,7986.0,6,0.35,0.35951,-0.00951,0.35,0.36377,-0.01377,0.35,0.35713,-0.00713,0.35,0.35783,-0.00783,0,0
1,PAUSE,383,8005.3,6,0.35,0.35951,-0.00951,0.35,0.36377,-0.01377,0.35,0.35539,-0.00539,0.35,0.35783,-0.00783,0,0
1,PAUSE,384,8027.9,6,0.35,0.35951,-0.00951,0.35,0.36377,-0.01377,0.35,0.36061,-0.01061,0.35,0.35783,-0.00783,0,0
1,PAUSE,385,8047.7,6,0.35,0.35602,-0.00602,0.35,0.36377,-0.01377,0.35,0.35539,-0.00539,0.35,0.35783,-0.00783,0,0
1,PAUSE,386,8071.0,6,0.35,0.35253,-0.00253,0.35,0.36377,-0.01377,0.35,0.35539,-0.00539,0.35,0.35783,-0.00783,0,0
1,PAUSE,387,8090.4,6,0.35,0.35079,-0.00079,0.35,0.36377,-0.01377,0.35,0.35539,-0.00539,0.35,0.35783,-0.00783,0,0
1,PAUSE,388,8111.7,6,0.35,0.34904,0.00096,0.35,0.36377,-0.01377,0.35,0.35539,-0.00539,0.35,0.35783,-0.00783,0,0
1,PAUSE,389,8131.4,6,0.35,0.34729,0.00271,0.35,0.36377,-0.01377,0.35,0.35191,-0.00191,0.35,0.35783,-0.00783,0,0
1,MOVE,390,8153.2,-1,0.355,0.34729,0.00771,0.355,0.36543,-0.01043,0.355,0.34842,0.00658,0.355,0.35783,-0.00283,0,0
1,MOVE,391,8172.6,-1,0.36,0.34729,0.01271,0.36,0.36543,-0.00543,0.36,0.34668,0.01332,0.36,0.35783,0.00217,0,0
1,MOVE,392,8193.8,-1,0.365,0.34729,0.01771,0.365,0.36377,0.00123,0.365,0.34668,0.01832,0.365,0.35783,0.00717,0,0
1,MOVE,393,8214.3,-1,0.37,0.34729,0.02271,0.37,0.36377,0.00623,0.37,0.34494,0.02506,0.37,0.35783,0.01217,0,0
1,MOVE,394,8233.9,-1,0.375,0.34729,0.02771,0.375,0.36543,0.00957,0.375,0.34494,0.03006,0.375,0.35783,0.01717,0,0
1,MOVE,395,8255.4,-1,0.38,0.34729,0.03271,0.38,0.36377,0.01623,0.38,0.34494,0.03506,0.38,0.35783,0.02217,0,0
1,MOVE,396,8278.2,-1,0.385,0.34729,0.03771,0.385,0.36377,0.02123,0.385,0.34494,0.04006,0.385,0.35783,0.02717,0,0
1,MOVE,397,8298.7,-1,0.39,0.35777,0.03223,0.39,0.36211,0.02789,0.39,0.3432,0.0468,0.39,0.3617,0.0283,0,0
1,MOVE,398,8317.7,-1,0.395,0.34904,0.04596,0.395,0.36543,0.02957,0.395,0.35191,0.04309,0.395,0.35783,0.03717,0,0
1,MOVE,399,8339.3,-1,0.4,0.34904,0.05096,0.4,0.36377,0.03623,0.4,0.34494,0.05506,0.4,0.3559,0.0441,0,0
1,PAUSE,400,8359.8,7,0.4,0.34904,0.05096,0.4,0.36543,0.03457,0.4,0.35017,0.04983,0.4,0.35783,0.04217,0,0
1,PAUSE,401,8379.0,7,0.4,0.35253,0.04747,0.4,0.37705,0.02295,0.4,0.35017,0.04983,0.4,0.3617,0.0383,0,0
1,PAUSE,402,8400.4,7,0.4,0.35951,0.04049,0.4,0.37373,0.02627,0.4,0.35191,0.04809,0.4,0.36557,0.03443,0,0
1,PAUSE,403,8421.7,7,0.4,0.36649,0.03351,0.4,0.37871,0.02129,0.4,0.3641,0.0359,0.4,0.37331,0.02669,0,0
1,PAUSE,404,8444.1,7,0.4,0.37347,0.02653,0.4,0.3837,0.0163,0.4,0.3728,0.0272,0.4,0.37331,0.02669,0,0
1,PAUSE,405,8463.9,7,0.4,0.3822,0.0178,0.4,0.39532,0.00468,0.4,0.37454,0.02546,0.4,0.37718,0.02282,0,0
1,PAUSE,406,8484.5,7,0.4,0.38918,0.01082,0.4,0.39532,0.00468,0.4,0.38151,0.01849,0.4,0.38298,0.01702,0,0
1,PAUSE,407,8505.5,7,0.4,0.39616,0.00384,0.4,0.4003,-0.0003,0.4,0.38673,0.01327,0.4,0.38685,0.01315,0,0
1,PAUSE,408,8526.6,7,0.4,0.4014,-0.0014,0.4,0.40528,-0.00528,0.4,0.39021,0.00979,0.4,0.39845,0.00155,0,0
1,PAUSE,409,8550.1,7,0.4,0.40489,-0.00489,0.4,0.41026,-0.01026,0.4,0.39544,0.00456,0.4,0.40232,-0.00232,0,0
1,PAUSE,410,8568.2,7,0.4,0.40838,-0.00838,0.4,0.41358,-0.01358,0.4,0.40066,-0.00066,0.4,0.40232,-0.00232,0,0
1,PAUSE,411,8588.9,7,0.4,0.41187,-0.01187,0.4,0.41524,-0.01524,0.4,0.4024,-0.0024,0.4,0.40619,-0.00619,0,0
1,PAUSE,412,8609.1,7,0.4,0.41361,-0.01361,0.4,0.41856,-0.01856,0.4,0.40414,-0.00414,0.4,0.40619,-0.00619,0,0
1,PAUSE,413,8633.9,7,0.4,0.41361,-0.01361,0.4,0.42022,-0.02022,0.4,0.40589,-0.00589,0.4,0.40812,-0.00812,0,0
1,PAUSE,414,8651.9,7,0.4,0.41361,-0.01361,0.4,0.42022,-0.02022,0.4,0.40589,-0.00589,0.4,0.40812,-0.00812,0,0
1,PAUSE,415,8672.8,7,0.4,0.41361,-0.01361,0.4,0.42022,-0.02022,0.4,0.40763,-0.00763,0.4,0.40812,-0.00812,0,0
1,PAUSE,416,8694.9,7,0.4,0.41536,-0.01536,0.4,0.42022,-0.02022,0.4,0.40763,-0.00763,0.4,0.40812,-0.00812,0,0
1,PAUSE,417,8716.6,7,0.4,0.41536,-0.01536,0.4,0.42022,-0.02022,0.4,0.40589,-0.00589,0.4,0.40812,-0.00812,0,0
1,PAUSE,418,8737.3,7,0.4,0.41536,-0.01536,0.4,0.42022,-0.02022,0.4,0.40589,-0.00589,0.4,0.40812,-0.00812,0,0
1,PAUSE,419,8755.9,7,0.4,0.41885,-0.01885,0.4,0.41856,-0.01856,0.4,0.40589,-0.00589,0.4,0.41006,-0.01006,0,0
1,PAUSE,420,8775.9,7,0.4,0.42059,-0.02059,0.4,0.42188,-0.02188,0.4,0.40589,-0.00589,0.4,0.41199,-0.01199,0,0
1,PAUSE,421,8796.9,7,0.4,0.42234,-0.02234,0.4,0.42022,-0.02022,0.4,0.40589,-0.00589,0.4,0.40812,-0.00812,0,0
1,PAUSE,422,8819.1,7,0.4,0.41361,-0.01361,0.4,0.41856,-0.01856,0.4,0.40589,-0.00589,0.4,0.40812,-0.00812,0,0
1,PAUSE,423,8839.4,7,0.4,0.41536,-0.01536,0.4,0.42022,-0.02022,0.4,0.40589,-0.00589,0.4,0.40812,-0.00812,0,0
1,PAUSE,424,8861.5,7,0.4,0.41885,-0.01885,0.4,0.42022,-0.02022,0.4,0.40589,-0.00589,0.4,0.41006,-0.01006,0,0
1,PAUSE,425,8880.7,7,0.4,0.41361,-0.01361,0.4,0.42022,-0.02022,0.4,0.40589,-0.00589,0.4,0.40812,-0.00812,0,0
1,PAUSE,426,8902.9,7,0.4,0.41536,-0.01536,0.4,0.42022,-0.02022,0.4,0.40589,-0.00589,0.4,0.40812,-0.00812,0,0
1,PAUSE,427,8922.4,7,0.4,0.41536,-0.01536,0.4,0.42022,-0.02022,0.4,0.40589,-0.00589,0.4,0.41006,-0.01006,0,0
1,PAUSE,428,8943.4,7,0.4,0.42234,-0.02234,0.4,0.42022,-0.02022,0.4,0.40589,-0.00589,0.4,0.40812,-0.00812,0,0
1,PAUSE,429,8967.0,7,0.4,0.41361,-0.01361,0.4,0.42022,-0.02022,0.4,0.40414,-0.00414,0.4,0.40619,-0.00619,0,0
1,PAUSE,430,8986.4,7,0.4,0.41187,-0.01187,0.4,0.42022,-0.02022,0.4,0.40589,-0.00589,0.4,0.40812,-0.00812,0,0
1,PAUSE,431,9005.1,7,0.4,0.41536,-0.01536,0.4,0.42022,-0.02022,0.4,0.40589,-0.00589,0.4,0.40812,-0.00812,0,0
1,PAUSE,432,9026.1,7,0.4,0.41536,-0.01536,0.4,0.42022,-0.02022,0.4,0.40589,-0.00589,0.4,0.40812,-0.00812,0,0
1,PAUSE,433,9048.3,7,0.4,0.42234,-0.02234,0.4,0.42022,-0.02022,0.4,0.40589,-0.00589,0.4,0.41199,-0.01199,0,0
1,PAUSE,434,9067.2,7,0.4,0.41361,-0.01361,0.4,0.42022,-0.02022,0.4,0.40589,-0.00589,0.4,0.40812,-0.00812,0,0
1,PAUSE,435,9089.0,7,0.4,0.40838,-0.00838,0.4,0.42022,-0.02022,0.4,0.40589,-0.00589,0.4,0.40812,-0.00812,0,0
1,PAUSE,436,9111.1,7,0.4,0.40489,-0.00489,0.4,0.42022,-0.02022,0.4,0.40589,-0.00589,0.4,0.41199,-0.01199,0,0
1,PAUSE,437,9129.9,7,0.4,0.4014,-0.0014,0.4,0.42022,-0.02022,0.4,0.40589,-0.00589,0.4,0.41006,-0.01006,0,0
1,PAUSE,438,9150.6,7,0.4,0.39965,0.00035,0.4,0.42022,-0.02022,0.4,0.40589,-0.00589,0.4,0.40812,-0.00812,0,0
1,PAUSE,439,9172.2,7,0.4,0.39791,0.00209,0.4,0.42022,-0.02022,0.4,0.40589,-0.00589,0.4,0.40812,-0.00812,0,0
1,MOVE,440,9191.5,-1,0.405,0.39616,0.00884,0.405,0.42022,-0.01522,0.405,0.40414,0.00086,0.405,0.40812,-0.00312,0,0
1,MOVE,441,9213.5,-1,0.41,0.39616,0.01384,0.41,0.42022,-0.01022,0.41,0.40589,0.00411,0.41,0.40812,0.00188,0,0
1,MOVE,442,9234.8,-1,0.415,0.39616,0.01884,0.415,0.42022,-0.00522,0.415,0.40589,0.00911,0.415,0.40812,0.00688,0,0
1,MOVE,443,9255.5,-1,0.42,0.39791,0.02209,0.42,0.42188,-0.00188,0.42,0.40589,0.01411,0.42,0.40812,0.01188,0,0
1,MOVE,444,9275.7,-1,0.425,0.39616,0.02884,0.425,0.42022,0.00478,0.425,0.41111,0.01389,0.425,0.41199,0.01301,0,0
1,MOVE,445,9295.8,-1,0.43,0.39616,0.03384,0.43,0.42022,0.00978,0.43,0.41111,0.01889,0.43,0.40812,0.02188,0,0
1,MOVE,446,9317.2,-1,0.435,0.39965,0.03535,0.435,0.42022,0.01478,0.435,0.40589,0.02911,0.435,0.40812,0.02688,0,0
1,MOVE,447,9338.3,-1,0.44,0.39616,0.04384,0.44,0.42022,0.01978,0.44,0.40414,0.03586,0.44,0.41199,0.02801,0,0
1,MOVE,448,9359.3,-1,0.445,0.39442,0.05058,0.445,0.42022,0.02478,0.445,0.40414,0.04086,0.445,0.40619,0.03881,0,0
1,MOVE,449,9380.6,-1,0.45,0.40663,0.04337,0.45,0.43018,0.01982,0.45,0.40414,0.04586,0.45,0.41006,0.03994,0,0
1,PAUSE,450,9401.9,8,0.45,0.4014,0.0486,0.45,0.42188,0.02812,0.45,0.40763,0.04237,0.45,0.41199,0.03801,0,0
1,PAUSE,451,9424.6,8,0.45,0.39965,0.05035,0.45,0.4252,0.0248,0.45,0.41111,0.03889,0.45,0.41586,0.03414,0,0
1,PAUSE,452,9443.7,8,0.45,0.41012,0.03988,0.45,0.43184,0.01816,0.45,0.41633,0.03367,0.45,0.41973,0.03027,0,0
1,PAUSE,453,9463.6,8,0.45,0.41187,0.03813,0.45,0.43683,0.01317,0.45,0.42156,0.02844,0.45,0.4236,0.0264,0,0
1,PAUSE,454,9484.4,8,0.45,0.41885,0.03115,0.45,0.44015,0.00985,0.45,0.42678,0.02322,0.45,0.42747,0.02253,0,0
1,PAUSE,455,9505.3,8,0.45,0.42583,0.02417,0.45,0.44679,0.00321,0.45,0.43897,0.01103,0.45,0.43327,0.01673,0,0
1,PAUSE,456,9527.9,8,0.45,0.43281,0.01719,0.45,0.45343,-0.00343,0.45,0.43897,0.01103,0.45,0.44101,0.00899,0,0
1,PAUSE,457,9546.9,8,0.45,0.43979,0.01021,0.45,0.46173,-0.01173,0.45,0.44245,0.00755,0.45,0.44487,0.00513,0,0
1,PAUSE,458,9568.1,8,0.45,0.44677,0.00323,0.45,0.46505,-0.01505,0.45,0.44768,0.00232,0.45,0.45068,-0.00068,0,0
1,PAUSE,459,9589.2,8,0.45,0.45201,-0.00201,0.45,0.46837,-0.01837,0.45,0.45116,-0.00116,0.45,0.45455,-0.00455,0,0
1,PAUSE,460,9610.1,8,0.45,0.45899,-0.00899,0.45,0.47335,-0.02335,0.45,0.45638,-0.00638,0.45,0.45648,-0.00648,0,0
1,PAUSE,461,9632.8,8,0.45,0.46073,-0.01073,0.45,0.47667,-0.02667,0.45,0.45638,-0.00638,0.45,0.45841,-0.00841,0,0
1,PAUSE,462,9651.5,8,0.45,0.46422,-0.01422,0.45,0.47833,-0.02833,0.45,0.46509,-0.01509,0.45,0.46035,-0.01035,0,0
1,PAUSE,463,9672.0,8,0.45,0.46597,-0.01597,0.45,0.47833,-0.02833,0.45,0.45812,-0.00812,0.45,0.46228,-0.01228,0,0
1,PAUSE,464,9691.7,8,0.45,0.46597,-0.01597,0.45,0.47833,-0.02833,0.45,0.45812,-0.00812,0.45,0.45841,-0.00841,0,0
1,PAUSE,465,9713.0,8,0.45,0.46597,-0.01597,0.45,0.47999,-0.02999,0.45,0.45812,-0.00812,0.45,0.45841,-0.00841,0,0
1,PAUSE,466,9735.1,8,0.45,0.46597,-0.01597,0.45,0.47833,-0.02833,0.45,0.45812,-0.00812,0.45,0.46035,-0.01035,0,0
1,PAUSE,467,9757.0,8,0.45,0.46771,-0.01771,0.45,0.47999,-0.02999,0.45,0.45812,-0.00812,0.45,0.46035,-0.01035,0,0
1,PAUSE,468,9777.9,8,0.45,0.46597,-0.01597,0.45,0.47833,-0.02833,0.45,0.45812,-0.00812,0.45,0.45841,-0.00841,0,0
1,PAUSE,469,9796.9,8,0.45,0.46597,-0.01597,0.45,0.47833,-0.02833,0.45,0.45812,-0.00812,0.45,0.46035,-0.01035,0,0
1,PAUSE,470,9818.1,8,0.45,0.46422,-0.01422,0.45,0.47833,-0.02833,0.45,0.45812,-0.00812,0.45,0.45841,-0.00841,0,0
1,PAUSE,471,9838.7,8,0.45,0.46422,-0.01422,0.45,0.47833,-0.02833,0.45,0.45812,-0.00812,0.45,0.45841,-0.00841,0,0
1,PAUSE,472,9860.0,8,0.45,0.46422,-0.01422,0.45,0.47833,-0.02833,0.45,0.45812,-0.00812,0.45,0.46035,-0.01035,0,0
1,PAUSE,473,9882.2,8,0.45,0.46771,-0.01771,0.45,0.48165,-0.03165,0.45,0.45812,-0.00812,0.45,0.46615,-0.01615,0,0
1,PAUSE,474,9901.0,8,0.45,0.47295,-0.02295,0.45,0.47667,-0.02667,0.45,0.45812,-0.00812,0.45,0.45841,-0.00841,0,0
1,PAUSE,475,9922.1,8,0.45,0.46248,-0.01248,0.45,0.47667,-0.02667,0.45,0.45638,-0.00638,0.45,0.46228,-0.01228,0,0
1,PAUSE,476,9943.3,8,0.45,0.46422,-0.01422,0.45,0.47667,-0.02667,0.45,0.45638,-0.00638,0.45,0.45841,-0.00841,0,0
1,PAUSE,477,9966.3,8,0.45,0.46597,-0.01597,0.45,0.47667,-0.02667,0.45,0.45812,-0.00812,0.45,0.45841,-0.00841,0,0
1,PAUSE,478,9987.4,8,0.45,0.46422,-0.01422,0.45,0.47667,-0.02667,0.45,0.45638,-0.00638,0.45,0.45841,-0.00841,0,0
1,PAUSE,479,10006.3,8,0.45,0.46946,-0.01946,0.45,0.47667,-0.02667,0.45,0.45638,-0.00638,0.45,0.45841,-0.00841,0,0
1,PAUSE,480,10024.9,8,0.45,0.46422,-0.01422,0.45,0.47501,-0.02501,0.45,0.45638,-0.00638,0.45,0.45841,-0.00841,0,0
1,PAUSE,481,10046.4,8,0.45,0.46073,-0.01073,0.45,0.47335,-0.02335,0.45,0.45464,-0.00464,0.45,0.45841,-0.00841,0,0
1,PAUSE,482,10068.4,8,0.45,0.45899,-0.00899,0.45,0.47169,-0.02169,0.45,0.4529,-0.0029,0.45,0.45841,-0.00841,0,0
1,PAUSE,483,10090.0,8,0.45,0.45375,-0.00375,0.45,0.46837,-0.01837,0.45,0.45116,-0.00116,0.45,0.46228,-0.01228,0,0
1,PAUSE,484,10112.4,8,0.45,0.45201,-0.00201,0.45,0.46505,-0.01505,0.45,0.45116,-0.00116,0.45,0.45841,-0.00841,0,0
1,PAUSE,485,10132.4,8,0.45,0.45026,-0.00026,0.45,0.46339,-0.01339,0.45,0.44942,0.00058,0.45,0.45841,-0.00841,0,0
1,PAUSE,486,10151.3,8,0.45,0.44852,0.00148,0.45,0.46505,-0.01505,0.45,0.44942,0.00058,0.45,0.45841,-0.00841,0,0
1,PAUSE,487,10171.5,8,0.45,0.45026,-0.00026,0.45,0.46339,-0.01339,0.45,0.45116,-0.00116,0.45,0.45841,-0.00841,0,0
1,PAUSE,488,10193.5,8,0.45,0.45026,-0.00026,0.45,0.46339,-0.01339,0.45,0.45116,-0.00116,0.45,0.45841,-0.00841,0,0
1,PAUSE,489,10213.7,8,0.45,0.45026,-0.00026,0.45,0.46339,-0.01339,0.45,0.44942,0.00058,0.45,0.45841,-0.00841,0,0
1,MOVE,490,10234.3,-1,0.455,0.45026,0.00474,0.455,0.46339,-0.00839,0.455,0.44942,0.00558,0.455,0.45841,-0.00341,0,0
1,MOVE,491,10255.0,-1,0.46,0.45026,0.00974,0.46,0.46671,-0.00671,0.46,0.44942,0.01058,0.46,0.45841,0.00159,0,0
1,MOVE,492,10276.2,-1,0.465,0.45026,0.01474,0.465,0.46339,0.00161,0.465,0.45116,0.01384,0.465,0.45841,0.00659,0,0
1,MOVE,493,10297.2,-1,0.47,0.45026,0.01974,0.47,0.46505,0.00495,0.47,0.45116,0.01884,0.47,0.45841,0.01159,0,0
1,MOVE,494,10317.2,-1,0.475,0.45201,0.02299,0.475,0.46339,0.01161,0.475,0.45116,0.02384,0.475,0.46035,0.01465,0,0
1,MOVE,495,10342.5,-1,0.48,0.45201,0.02799,0.48,0.46339,0.01661,0.48,0.45116,0.02884,0.48,0.45841,0.02159,0,0
1,MOVE,496,10361.6,-1,0.485,0.45026,0.03474,0.485,0.46339,0.02161,0.485,0.45116,0.03384,0.485,0.46035,0.02465,0,0
1,MOVE,497,10382.5,-1,0.49,0.45026,0.03974,0.49,0.46339,0.02661,0.49,0.44942,0.04058,0.49,0.46228,0.02772,0,0
1,MOVE,498,10401.4,-1,0.495,0.45899,0.03601,0.495,0.47003,0.02497,0.495,0.45116,0.04384,0.495,0.45841,0.03659,0,0
1,MOVE,499,10421.7,-1,0.5,0.45026,0.04974,0.5,0.46339,0.03661,0.5,0.45116,0.04884,0.5,0.45841,0.04159,0,0
1,PAUSE,500,10442.7,9,0.5,0.45201,0.04799,0.5,0.47003,0.02997,0.5,0.46509,0.03491,0.5,0.45841,0.04159,0,0
1,PAUSE,501,10463.3,9,0.5,0.45724,0.04276,0.5,0.46505,0.03495,0.5,0.45464,0.04536,0.5,0.46228,0.03772,0,0
1,PAUSE,502,10483.7,9,0.5,0.45375,0.04625,0.5,0.46837,0.03163,0.5,0.46335,0.03665,0.5,0.46422,0.03578,0,0
1,PAUSE,503,10505.4,9,0.5,0.46248,0.03752,0.5,0.47501,0.02499,0.5,0.46857,0.03143,0.5,0.45841,0.04159,0,0
1,PAUSE,504,10526.6,9,0.5,0.46248,0.03752,0.5,0.48996,0.01004,0.5,0.47205,0.02795,0.5,0.46615,0.03385,0,0
1,PAUSE,505,10547.6,9,0.5,0.46946,0.03054,0.5,0.49826,0.00174,0.5,0.47728,0.02272,0.5,0.47389,0.02611,0,0
1,PAUSE,506,10569.9,9,0.5,0.47818,0.02182,0.5,0.50822,-0.00822,0.5,0.48076,0.01924,0.5,0.48162,0.01838,0,0
1,PAUSE,507,10589.8,9,0.5,0.48517,0.01483,0.5,0.51652,-0.01652,0.5,0.48598,0.01402,0.5,0.48936,0.01064,0,0
1,PAUSE,508,10609.3,9,0.5,0.49389,0.00611,0.5,0.5215,-0.0215,0.5,0.49469,0.00531,0.5,0.49516,0.00484,0,0
1,PAUSE,509,10633.2,9,0.5,0.50087,-0.00087,0.5,0.52648,-0.02648,0.5,0.49991,9e-05,0.5,0.50677,-0.00677,0,0
1,PAUSE,510,10650.8,9,0.5,0.5096,-0.0096,0.5,0.53146,-0.03146,0.5,0.50165,-0.00165,0.5,0.51064,-0.01064,0,0
1,PAUSE,511,10671.1,9,0.5,0.51483,-0.01483,0.5,0.53312,-0.03312,0.5,0.5034,-0.0034,0.5,0.51644,-0.01644,0,0
1,PAUSE,512,10693.4,9,0.5,0.51832,-0.01832,0.5,0.53976,-0.03976,0.5,0.50514,-0.00514,0.5,0.52031,-0.02031,0,0
1,PAUSE,513,10713.1,9,0.5,0.51832,-0.01832,0.5,0.5381,-0.0381,0.5,0.50514,-0.00514,0.5,0.52224,-0.02224,0,0
1,PAUSE,514,10734.6,9,0.5,0.51832,-0.01832,0.5,0.53976,-0.03976,0.5,0.50514,-0.00514,0.5,0.51064,-0.01064,0,0
1,PAUSE,515,10758.8,9,0.5,0.51832,-0.01832,0.5,0.5381,-0.0381,0.5,0.50514,-0.00514,0.5,0.52611,-0.02611,0,0
1,PAUSE,516,10776.4,9,0.5,0.52007,-0.02007,0.5,0.53146,-0.03146,0.5,0.50862,-0.00862,0.5,0.52031,-0.02031,0,0
1,PAUSE,517,10797.2,9,0.5,0.52007,-0.02007,0.5,0.53146,-0.03146,0.5,0.50514,-0.00514,0.5,0.52031,-0.02031,0,0
1,PAUSE,518,10818.6,9,0.5,0.51832,-0.01832,0.5,0.53146,-0.03146,0.5,0.50514,-0.00514,0.5,0.52224,-0.02224,0,0
1,PAUSE,519,10838.9,9,0.5,0.51832,-0.01832,0.5,0.53146,-0.03146,0.5,0.5034,-0.0034,0.5,0.52031,-0.02031,0,0
1,PAUSE,520,10860.4,9,0.5,0.51658,-0.01658,0.5,0.53146,-0.03146,0.5,0.50514,-0.00514,0.5,0.52031,-0.02031,0,0
1,PAUSE,521,10882.7,9,0.5,0.51832,-0.01832,0.5,0.53146,-0.03146,0.5,0.50514,-0.00514,0.5,0.52224,-0.02224,0,0
1,PAUSE,522,10904.6,9,0.5,0.51483,-0.01483,0.5,0.53146,-0.03146,0.5,0.50514,-0.00514,0.5,0.52805,-0.02805,0,0
1,PAUSE,523,10922.5,9,0.5,0.51483,-0.01483,0.5,0.53146,-0.03146,0.5,0.50514,-0.00514,0.5,0.52224,-0.02224,0,0
1,PAUSE,524,10946.7,9,0.5,0.51483,-0.01483,0.5,0.53478,-0.03478,0.5,0.50514,-0.00514,0.5,0.52031,-0.02031,0,0
1,PAUSE,525,10964.5,9,0.5,0.51309,-0.01309,0.5,0.52814,-0.02814,0.5,0.50514,-0.00514,0.5,0.52031,-0.02031,0,0
1,PAUSE,526,10985.7,9,0.5,0.51483,-0.01483,0.5,0.52482,-0.02482,0.5,0.49991,9e-05,0.5,0.51838,-0.01838,0,0
1,PAUSE,527,11007.3,9,0.5,0.51483,-0.01483,0.5,0.5215,-0.0215,0.5,0.50514,-0.00514,0.5,0.51644,-0.01644,0,0
1,PAUSE,528,11028.4,9,0.5,0.51832,-0.01832,0.5,0.51984,-0.01984,0.5,0.50688,-0.00688,0.5,0.51451,-0.01451,0,0
1,PAUSE,529,11048.2,9,0.5,0.51483,-0.01483,0.5,0.51818,-0.01818,0.5,0.50514,-0.00514,0.5,0.51064,-0.01064,0,0
1,PAUSE,530,11068.8,9,0.5,0.51483,-0.01483,0.5,0.51818,-0.01818,0.5,0.50514,-0.00514,0.5,0.5087,-0.0087,0,0
1,PAUSE,531,11088.2,9,0.5,0.51658,-0.01658,0.5,0.51652,-0.01652,0.5,0.50514,-0.00514,0.5,0.5087,-0.0087,0,0
1,PAUSE,532,11108.7,9,0.5,0.51134,-0.01134,0.5,0.51652,-0.01652,0.5,0.50514,-0.00514,0.5,0.50677,-0.00677,0,0
1,PAUSE,533,11130.1,9,0.5,0.52182,-0.02182,0.5,0.51652,-0.01652,0.5,0.50514,-0.00514,0.5,0.50677,-0.00677,0,0
1,PAUSE,534,11150.9,9,0.5,0.51309,-0.01309,0.5,0.51984,-0.01984,0.5,0.50514,-0.00514,0.5,0.50677,-0.00677,0,0
1,PAUSE,535,11171.4,9,0.5,0.51309,-0.01309,0.5,0.51652,-0.01652,0.5,0.50514,-0.00514,0.5,0.50677,-0.00677,0,0
1,PAUSE,536,11194.1,9,0.5,0.52182,-0.02182,0.5,0.51652,-0.01652,0.5,0.5034,-0.0034,0.5,0.50677,-0.00677,0,0
1,PAUSE,537,11213.8,9,0.5,0.51832,-0.01832,0.5,0.51652,-0.01652,0.5,0.5034,-0.0034,0.5,0.50677,-0.00677,0,0
1,PAUSE,538,11235.2,9,0.5,0.5096,-0.0096,0.5,0.51652,-0.01652,0.5,0.50514,-0.00514,0.5,0.50677,-0.00677,0,0
1,PAUSE,539,11256.6,9,0.5,0.50436,-0.00436,0.5,0.51818,-0.01818,0.5,0.50514,-0.00514,0.5,0.50677,-0.00677,0,0
1,MOVE,540,11277.6,-1,0.505,0.49913,0.00587,0.5,0.51818,-0.01818,0.505,0.5034,0.0016,0.5,0.50677,-0.00677,0,0
1,MOVE,541,11299.2,-1,0.51,0.49564,0.01436,0.5,0.51652,-0.01652,0.51,0.5034,0.0066,0.5,0.50677,-0.00677,0,0
1,MOVE,542,11318.6,-1,0.515,0.49389,0.02111,0.5,0.51652,-0.01652,0.515,0.50688,0.00812,0.5,0.50677,-0.00677,0,0
1,MOVE,543,11338.9,-1,0.52,0.49389,0.02611,0.5,0.51652,-0.01652,0.52,0.50514,0.01486,0.5,0.50484,-0.00484,0,0
1,MOVE,544,11360.0,-1,0.525,0.49389,0.03111,0.5,0.51652,-0.01652,0.525,0.50514,0.01986,0.5,0.50677,-0.00677,0,0
1,MOVE,545,11384.6,-1,0.53,0.49389,0.03611,0.5,0.51652,-0.01652,0.53,0.50514,0.02486,0.5,0.50677,-0.00677,0,0
1,MOVE,546,11405.4,-1,0.535,0.49215,0.04285,0.5,0.51652,-0.01652,0.535,0.50514,0.02986,0.5,0.50677,-0.00677,0,0
1,MOVE,547,11422.6,-1,0.54,0.49389,0.04611,0.5,0.51652,-0.01652,0.54,0.50514,0.03486,0.5,0.50677,-0.00677,0,0
1,MOVE,548,11443.7,-1,0.545,0.49913,0.04587,0.5,0.51818,-0.01818,0.545,0.51036,0.03464,0.5,0.50677,-0.00677,0,0
1,MOVE,549,11464.3,-1,0.55,0.49564,0.05436,0.5,0.51652,-0.01652,0.55,0.50688,0.04312,0.5,0.50677,-0.00677,0,0
1,PAUSE,550,11485.4,10,0.55,0.5096,0.0404,0.5,0.51652,-0.01652,0.55,0.51384,0.03616,0.5,0.50677,-0.00677,0,0
1,PAUSE,551,11507.5,10,0.55,0.51483,0.03517,0.5,0.51818,-0.01818,0.55,0.51733,0.03267,0.5,0.50677,-0.00677,0,0
1,PAUSE,552,11527.0,10,0.55,0.5288,0.0212,0.5,0.51652,-0.01652,0.55,0.52429,0.02571,0.5,0.5087,-0.0087,0,0
1,PAUSE,553,11548.1,10,0.55,0.53752,0.01248,0.5,0.51652,-0.01652,0.55,0.52603,0.02397,0.5,0.50677,-0.00677,0,0
1,PAUSE,554,11569.8,10,0.55,0.54101,0.00899,0.5,0.51652,-0.01652,0.55,0.53474,0.01526,0.5,0.5087,-0.0087,0,0
1,PAUSE,555,11589.3,10,0.55,0.54101,0.00899,0.5,0.51818,-0.01818,0.55,0.53474,0.01526,0.5,0.50677,-0.00677,0,0
1,PAUSE,556,11611.2,10,0.55,0.54974,0.00026,0.5,0.51652,-0.01652,0.55,0.54519,0.00481,0.5,0.50677,-0.00677,0,0
1,PAUSE,557,11631.0,10,0.55,0.54974,0.00026,0.5,0.51652,-0.01652,0.55,0.54519,0.00481,0.5,0.50484,-0.00484,0,0
1,PAUSE,558,11651.8,10,0.55,0.55323,-0.00323,0.5,0.51818,-0.01818,0.55,0.54693,0.00307,0.5,0.50677,-0.00677,0,0
1,PAUSE,559,11674.8,10,0.55,0.55672,-0.00672,0.5,0.51818,-0.01818,0.55,0.55041,-0.00041,0.5,0.50677,-0.00677,0,0
1,PAUSE,560,11693.5,10,0.55,0.55497,-0.00497,0.5,0.51652,-0.01652,0.55,0.55041,-0.00041,0.5,0.50677,-0.00677,0,0
1,PAUSE,561,11715.2,10,0.55,0.55497,-0.00497,0.5,0.51984,-0.01984,0.55,0.55215,-0.00215,0.5,0.50677,-0.00677,0,0
1,PAUSE,562,11736.1,10,0.55,0.55497,-0.00497,0.5,0.51652,-0.01652,0.55,0.55215,-0.00215,0.5,0.50677,-0.00677,0,0
1,PAUSE,563,11756.0,10,0.55,0.55497,-0.00497,0.5,0.51652,-0.01652,0.55,0.55041,-0.00041,0.5,0.5087,-0.0087,0,0
1,PAUSE,564,11776.4,10,0.55,0.55497,-0.00497,0.5,0.51652,-0.01652,0.55,0.55215,-0.00215,0.5,0.50677,-0.00677,0,0
1,PAUSE,565,11797.7,10,0.55,0.55672,-0.00672,0.5,0.51818,-0.01818,0.55,0.55215,-0.00215,0.5,0.50677,-0.00677,0,0
1,PAUSE,566,11818.2,10,0.55,0.55497,-0.00497,0.5,0.51652,-0.01652,0.55,0.55215,-0.00215,0.5,0.50677,-0.00677,0,0
1,PAUSE,567,11839.6,10,0.55,0.55672,-0.00672,0.5,0.51652,-0.01652,0.55,0.55215,-0.00215,0.5,0.5087,-0.0087,0,0
1,PAUSE,568,11862.0,10,0.55,0.55672,-0.00672,0.5,0.51652,-0.01652,0.55,0.55389,-0.00389,0.5,0.50677,-0.00677,0,0
1,PAUSE,569,11883.9,10,0.55,0.55497,-0.00497,0.5,0.51652,-0.01652,0.55,0.55215,-0.00215,0.5,0.50677,-0.00677,0,0
1,PAUSE,570,11901.7,10,0.55,0.55497,-0.00497,0.5,0.51652,-0.01652,0.55,0.55215,-0.00215,0.5,0.50677,-0.00677,0,0
1,PAUSE,571,11922.4,10,0.55,0.55672,-0.00672,0.5,0.51652,-0.01652,0.55,0.55215,-0.00215,0.5,0.50677,-0.00677,0,0
1,PAUSE,572,11945.6,10,0.55,0.55497,-0.00497,0.5,0.51652,-0.01652,0.55,0.55215,-0.00215,0.5,0.50677,-0.00677,0,0
1,PAUSE,573,11966.9,10,0.55,0.55497,-0.00497,0.5,0.51652,-0.01652,0.55,0.55041,-0.00041,0.5,0.50677,-0.00677,0,0
1,PAUSE,574,11985.7,10,0.55,0.55497,-0.00497,0.5,0.51652,-0.01652,0.55,0.55215,-0.00215,0.5,0.50677,-0.00677,0,0
1,PAUSE,575,12006.9,10,0.55,0.55497,-0.00497,0.5,0.51652,-0.01652,0.55,0.55215,-0.00215,0.5,0.50677,-0.00677,0,0
1,PAUSE,576,12026.7,10,0.55,0.55497,-0.00497,0.5,0.51652,-0.01652,0.55,0.55215,-0.00215,0.5,0.50677,-0.00677,0,0
1,PAUSE,577,12048.8,10,0.55,0.55497,-0.00497,0.5,0.51652,-0.01652,0.55,0.55041,-0.00041,0.5,0.5087,-0.0087,0,0
1,PAUSE,578,12068.5,10,0.55,0.55497,-0.00497,0.5,0.51818,-0.01818,0.55,0.55215,-0.00215,0.5,0.50677,-0.00677,0,0
1,PAUSE,579,12091.6,10,0.55,0.55497,-0.00497,0.5,0.51652,-0.01652,0.55,0.55215,-0.00215,0.5,0.50677,-0.00677,0,0
1,PAUSE,580,12109.8,10,0.55,0.55497,-0.00497,0.5,0.51652,-0.01652,0.55,0.55041,-0.00041,0.5,0.5087,-0.0087,0,0
1,PAUSE,581,12130.8,10,0.55,0.55497,-0.00497,0.5,0.51818,-0.01818,0.55,0.55041,-0.00041,0.5,0.50677,-0.00677,0,0
1,PAUSE,582,12150.8,10,0.55,0.55672,-0.00672,0.5,0.51652,-0.01652,0.55,0.55389,-0.00389,0.5,0.50677,-0.00677,0,0
1,PAUSE,583,12171.3,10,0.55,0.55497,-0.00497,0.5,0.51652,-0.01652,0.55,0.55215,-0.00215,0.5,0.50677,-0.00677,0,0
1,PAUSE,584,12193.1,10,0.55,0.55672,-0.00672,0.5,0.51818,-0.01818,0.55,0.55041,-0.00041,0.5,0.50677,-0.00677,0,0
1,PAUSE,585,12213.8,10,0.55,0.55497,-0.00497,0.5,0.51652,-0.01652,0.55,0.55215,-0.00215,0.5,0.5087,-0.0087,0,0
1,PAUSE,586,12235.6,10,0.55,0.55672,-0.00672,0.5,0.51652,-0.01652,0.55,0.55215,-0.00215,0.5,0.50677,-0.00677,0,0
1,PAUSE,587,12257.9,10,0.55,0.55672,-0.00672,0.5,0.51984,-0.01984,0.55,0.55041,-0.00041,0.5,0.50677,-0.00677,0,0
1,PAUSE,588,12275.4,10,0.55,0.55497,-0.00497,0.5,0.51652,-0.01652,0.55,0.55215,-0.00215,0.5,0.50677,-0.00677,0,0
1,PAUSE,589,12296.8,10,0.55,0.55672,-0.00672,0.5,0.51652,-0.01652,0.55,0.55215,-0.00215,0.5,0.50677,-0.00677,0,0
1,MOVE,590,12318.7,-1,0.555,0.55672,-0.00172,0.5,0.51652,-0.01652,0.555,0.55215,0.00285,0.5,0.50677,-0.00677,0,0
1,MOVE,591,12341.9,-1,0.56,0.55497,0.00503,0.5,0.51652,-0.01652,0.56,0.55215,0.00785,0.5,0.50677,-0.00677,0,0
1,MOVE,592,12362.4,-1,0.565,0.55497,0.01003,0.5,0.51984,-0.01984,0.565,0.55215,0.01285,0.5,0.50677,-0.00677,0,0
1,MOVE,593,12383.3,-1,0.57,0.55497,0.01503,0.5,0.51652,-0.01652,0.57,0.55215,0.01785,0.5,0.50677,-0.00677,0,0
1,MOVE,594,12402.9,-1,0.575,0.55497,0.02003,0.5,0.51652,-0.01652,0.575,0.55215,0.02285,0.5,0.50677,-0.00677,0,0
1,MOVE,595,12423.6,-1,0.58,0.55497,0.02503,0.5,0.51652,-0.01652,0.58,0.55215,0.02785,0.5,0.50677,-0.00677,0,0
1,MOVE,596,12445.0,-1,0.585,0.55497,0.03003,0.5,0.51652,-0.01652,0.585,0.55389,0.03111,0.5,0.50677,-0.00677,0,0
1,MOVE,597,12465.0,-1,0.59,0.55672,0.03328,0.5,0.51652,-0.01652,0.59,0.55389,0.03611,0.5,0.50677,-0.00677,0,0
1,MOVE,598,12484.6,-1,0.595,0.55672,0.03828,0.5,0.51984,-0.01984,0.595,0.55389,0.04111,0.5,0.50677,-0.00677,0,0
1,MOVE,599,12505.7,-1,0.6,0.55672,0.04328,0.5,0.51486,-0.01486,0.6,0.55563,0.04437,0.5,0.50677,-0.00677,0,0
1,PAUSE,600,12526.1,11,0.6,0.55672,0.04328,0.5,0.51652,-0.01652,0.6,0.55563,0.04437,0.5,0.50677,-0.00677,0,0
1,PAUSE,601,12548.3,11,0.6,0.56021,0.03979,0.5,0.51818,-0.01818,0.6,0.56086,0.03914,0.5,0.50677,-0.00677,0,0
1,PAUSE,602,12571.4,11,0.6,0.56545,0.03455,0.5,0.51652,-0.01652,0.6,0.56434,0.03566,0.5,0.50677,-0.00677,0,0
1,PAUSE,603,12592.2,11,0.6,0.57592,0.02408,0.5,0.51652,-0.01652,0.6,0.56956,0.03044,0.5,0.50677,-0.00677,0,0
1,PAUSE,604,12610.8,11,0.6,0.57243,0.02757,0.5,0.51818,-0.01818,0.6,0.57479,0.02521,0.5,0.50677,-0.00677,0,0
1,PAUSE,605,12632.1,11,0.6,0.58115,0.01885,0.5,0.51818,-0.01818,0.6,0.58698,0.01302,0.5,0.5087,-0.0087,0,0
1,PAUSE,606,12653.1,11,0.6,0.5829,0.0171,0.5,0.51652,-0.01652,0.6,0.58872,0.01128,0.5,0.5087,-0.0087,0,0
1,PAUSE,607,12671.9,11,0.6,0.58988,0.01012,0.5,0.51652,-0.01652,0.6,0.59046,0.00954,0.5,0.50677,-0.00677,0,0
1,PAUSE,608,12692.9,11,0.6,0.59511,0.00489,0.5,0.51652,-0.01652,0.6,0.59568,0.00432,0.5,0.50677,-0.00677,0,0
1,PAUSE,609,12713.6,11,0.6,0.5986,0.0014,0.5,0.51652,-0.01652,0.6,0.60091,-0.00091,0.5,0.50484,-0.00484,0,0
1,PAUSE,610,12733.8,11,0.6,0.60209,-0.00209,0.5,0.51652,-0.01652,0.6,0.60265,-0.00265,0.5,0.50677,-0.00677,0,0
1,PAUSE,611,12756.3,11,0.6,0.60384,-0.00384,0.5,0.51652,-0.01652,0.6,0.60439,-0.00439,0.5,0.50677,-0.00677,0,0
1,PAUSE,612,12777.0,11,0.6,0.60558,-0.00558,0.5,0.51652,-0.01652,0.6,0.60439,-0.00439,0.5,0.50677,-0.00677,0,0
1,PAUSE,613,12799.9,11,0.6,0.60558,-0.00558,0.5,0.51652,-0.01652,0.6,0.60265,-0.00265,0.5,0.50677,-0.00677,0,0
1,PAUSE,614,12818.9,11,0.6,0.60733,-0.00733,0.5,0.51652,-0.01652,0.6,0.60265,-0.00265,0.5,0.5087,-0.0087,0,0
1,PAUSE,615,12840.6,11,0.6,0.60733,-0.00733,0.5,0.51652,-0.01652,0.6,0.60265,-0.00265,0.5,0.50677,-0.00677,0,0
1,PAUSE,616,12861.9,11,0.6,0.60733,-0.00733,0.5,0.51652,-0.01652,0.6,0.60439,-0.00439,0.5,0.5087,-0.0087,0,0
1,PAUSE,617,12884.8,11,0.6,0.60733,-0.00733,0.5,0.51652,-0.01652,0.6,0.60265,-0.00265,0.5,0.50677,-0.00677,0,0
1,PAUSE,618,12902.5,11,0.6,0.60558,-0.00558,0.5,0.51652,-0.01652,0.6,0.60265,-0.00265,0.5,0.50677,-0.00677,0,0
1,PAUSE,619,12922.6,11,0.6,0.60733,-0.00733,0.5,0.51652,-0.01652,0.6,0.60439,-0.00439,0.5,0.50677,-0.00677,0,0
1,PAUSE,620,12945.3,11,0.6,0.60733,-0.00733,0.5,0.51652,-0.01652,0.6,0.60265,-0.00265,0.5,0.50677,-0.00677,0,0
1,PAUSE,621,12965.4,11,0.6,0.60733,-0.00733,0.5,0.51652,-0.01652,0.6,0.60265,-0.00265,0.5,0.50677,-0.00677,0,0
1,PAUSE,622,12984.8,11,0.6,0.60733,-0.00733,0.5,0.51652,-0.01652,0.6,0.60265,-0.00265,0.5,0.51064,-0.01064,0,0
1,PAUSE,623,13007.9,11,0.6,0.60558,-0.00558,0.5,0.51652,-0.01652,0.6,0.60439,-0.00439,0.5,0.50677,-0.00677,0,0
1,PAUSE,624,13027.2,11,0.6,0.60733,-0.00733,0.5,0.51652,-0.01652,0.6,0.60265,-0.00265,0.5,0.50677,-0.00677,0,0
1,PAUSE,625,13048.4,11,0.6,0.60733,-0.00733,0.5,0.51652,-0.01652,0.6,0.60439,-0.00439,0.5,0.50677,-0.00677,0,0
1,PAUSE,626,13069.9,11,0.6,0.60733,-0.00733,0.5,0.51652,-0.01652,0.6,0.60613,-0.00613,0.5,0.50677,-0.00677,0,0
1,PAUSE,627,13088.8,11,0.6,0.60558,-0.00558,0.5,0.51818,-0.01818,0.6,0.60439,-0.00439,0.5,0.50677,-0.00677,0,0
1,PAUSE,628,13110.1,11,0.6,0.60558,-0.00558,0.5,0.51652,-0.01652,0.6,0.60439,-0.00439,0.5,0.50677,-0.00677,0,0
1,PAUSE,629,13133.3,11,0.6,0.60558,-0.00558,0.5,0.51652,-0.01652,0.6,0.60265,-0.00265,0.5,0.50677,-0.00677,0,0
1,PAUSE,630,13154.1,11,0.6,0.60733,-0.00733,0.5,0.51652,-0.01652,0.6,0.60439,-0.00439,0.5,0.50677,-0.00677,0,0
1,PAUSE,631,13172.2,11,0.6,0.60733,-0.00733,0.5,0.51486,-0.01486,0.6,0.60439,-0.00439,0.5,0.50484,-0.00484,0,0
1,PAUSE,632,13195.9,11,0.6,0.60733,-0.00733,0.5,0.51652,-0.01652,0.6,0.60613,-0.00613,0.5,0.50484,-0.00484,0,0
1,PAUSE,633,13212.9,11,0.6,0.60558,-0.00558,0.5,0.51652,-0.01652,0.6,0.60439,-0.00439,0.5,0.5087,-0.0087,0,0
1,PAUSE,634,13234.9,11,0.6,0.60733,-0.00733,0.5,0.51652,-0.01652,0.6,0.60439,-0.00439,0.5,0.50677,-0.00677,0,0
1,PAUSE,635,13255.5,11,0.6,0.60733,-0.00733,0.5,0.51652,-0.01652,0.6,0.60439,-0.00439,0.5,0.50677,-0.00677,0,0
1,PAUSE,636,13276.2,11,0.6,0.60733,-0.00733,0.5,0.51652,-0.01652,0.6,0.60439,-0.00439,0.5,0.50677,-0.00677,0,0
1,PAUSE,637,13300.0,11,0.6,0.60733,-0.00733,0.5,0.51652,-0.01652,0.6,0.60439,-0.00439,0.5,0.50677,-0.00677,0,0
1,PAUSE,638,13321.0,11,0.6,0.60733,-0.00733,0.5,0.51652,-0.01652,0.6,0.60439,-0.00439,0.5,0.50677,-0.00677,0,0
1,PAUSE,639,13340.2,11,0.6,0.60733,-0.00733,0.5,0.51652,-0.01652,0.6,0.60265,-0.00265,0.5,0.5087,-0.0087,0,0
1,MOVE,640,13360.8,-1,0.605,0.60733,-0.00233,0.5,0.51652,-0.01652,0.605,0.60439,0.00061,0.5,0.5087,-0.0087,0,0
1,MOVE,641,13382.8,-1,0.61,0.60558,0.00442,0.5,0.51652,-0.01652,0.61,0.60265,0.00735,0.5,0.50677,-0.00677,0,0
1,MOVE,642,13403.1,-1,0.615,0.60733,0.00767,0.5,0.51652,-0.01652,0.615,0.60265,0.01235,0.5,0.50677,-0.00677,0,0
1,MOVE,643,13422.8,-1,0.62,0.60558,0.01442,0.5,0.51652,-0.01652,0.62,0.60439,0.01561,0.5,0.51064,-0.01064,0,0
1,MOVE,644,13444.0,-1,0.625,0.60733,0.01767,0.5,0.51818,-0.01818,0.625,0.60265,0.02235,0.5,0.50677,-0.00677,0,0
1,MOVE,645,13464.7,-1,0.63,0.60558,0.02442,0.5,0.51818,-0.01818,0.63,0.60439,0.02561,0.5,0.51064,-0.01064,0,0
1,MOVE,646,13485.8,-1,0.635,0.60733,0.02767,0.5,0.51652,-0.01652,0.635,0.60265,0.03235,0.5,0.50677,-0.00677,0,0
1,MOVE,647,13509.5,-1,0.64,0.61082,0.02918,0.5,0.51652,-0.01652,0.64,0.60961,0.03039,0.5,0.50484,-0.00484,0,0
1,MOVE,648,13527.9,-1,0.645,0.61431,0.03069,0.5,0.51652,-0.01652,0.645,0.61135,0.03365,0.5,0.50484,-0.00484,0,0
1,MOVE,649,13547.0,-1,0.65,0.61257,0.03743,0.5,0.51652,-0.01652,0.65,0.60787,0.04213,0.5,0.50677,-0.00677,0,0
1,PAUSE,650,13568.8,12,0.65,0.61082,0.03918,0.5,0.51652,-0.01652,0.65,0.61309,0.03691,0.5,0.50677,-0.00677,0,0
1,PAUSE,651,13589.0,12,0.65,0.61606,0.03394,0.5,0.51652,-0.01652,0.65,0.61832,0.03168,0.5,0.50484,-0.00484,0,0
1,PAUSE,652,13610.5,12,0.65,0.6178,0.0322,0.5,0.51652,-0.01652,0.65,0.61832,0.03168,0.5,0.50677,-0.00677,0,0
1,PAUSE,653,13630.5,12,0.65,0.62304,0.02696,0.5,0.51652,-0.01652,0.65,0.62528,0.02472,0.5,0.50677,-0.00677,0,0
1,PAUSE,654,13650.8,12,0.65,0.62653,0.02347,0.5,0.51818,-0.01818,0.65,0.63399,0.01601,0.5,0.50677,-0.00677,0,0
1,PAUSE,655,13672.2,12,0.65,0.63874,0.01126,0.5,0.51652,-0.01652,0.65,0.64095,0.00905,0.5,0.50677,-0.00677,0,0
1,PAUSE,656,13693.8,12,0.65,0.637,0.013,0.5,0.51652,-0.01652,0.65,0.63747,0.01253,0.5,0.5087,-0.0087,0,0
1,PAUSE,657,13714.3,12,0.65,0.64223,0.00777,0.5,0.51652,-0.01652,0.65,0.64618,0.00382,0.5,0.50677,-0.00677,0,0
1,PAUSE,658,13735.3,12,0.65,0.64747,0.00253,0.5,0.51652,-0.01652,0.65,0.64792,0.00208,0.5,0.50677,-0.00677,0,0
1,PAUSE,659,13757.9,12,0.65,0.65096,-0.00096,0.5,0.51486,-0.01486,0.65,0.64966,0.00034,0.5,0.50677,-0.00677,0,0
1,PAUSE,660,13775.7,12,0.65,0.65271,-0.00271,0.5,0.51652,-0.01652,0.65,0.65314,-0.00314,0.5,0.50677,-0.00677,0,0
1,PAUSE,661,13797.3,12,0.65,0.65445,-0.00445,0.5,0.51818,-0.01818,0.65,0.65314,-0.00314,0.5,0.50677,-0.00677,0,0
1,PAUSE,662,13819.3,12,0.65,0.6562,-0.0062,0.5,0.51652,-0.01652,0.65,0.65314,-0.00314,0.5,0.5087,-0.0087,0,0
1,PAUSE,663,13840.4,12,0.65,0.65445,-0.00445,0.5,0.51652,-0.01652,0.65,0.65488,-0.00488,0.5,0.50677,-0.00677,0,0
1,PAUSE,664,13862.4,12,0.65,0.65445,-0.00445,0.5,0.51652,-0.01652,0.65,0.65314,-0.00314,0.5,0.50677,-0.00677,0,0
1,PAUSE,665,13882.3,12,0.65,0.6562,-0.0062,0.5,0.51652,-0.01652,0.65,0.65488,-0.00488,0.5,0.50677,-0.00677,0,0
1,PAUSE,666,13901.2,12,0.65,0.6562,-0.0062,0.5,0.51818,-0.01818,0.65,0.65314,-0.00314,0.5,0.50677,-0.00677,0,0
1,PAUSE,667,13922.7,12,0.65,0.65445,-0.00445,0.5,0.51652,-0.01652,0.65,0.65314,-0.00314,0.5,0.5087,-0.0087,0,0
1,PAUSE,668,13945.7,12,0.65,0.6562,-0.0062,0.5,0.51486,-0.01486,0.65,0.65314,-0.00314,0.5,0.50677,-0.00677,0,0
1,PAUSE,669,13963.8,12,0.65,0.65445,-0.00445,0.5,0.51486,-0.01486,0.65,0.65314,-0.00314,0.5,0.50677,-0.00677,0,0
1,PAUSE,670,13983.5,12,0.65,0.65445,-0.00445,0.5,0.51652,-0.01652,0.65,0.65488,-0.00488,0.5,0.51064,-0.01064,0,0
1,PAUSE,671,14006.5,12,0.65,0.6562,-0.0062,0.5,0.51652,-0.01652,0.65,0.65314,-0.00314,0.5,0.50677,-0.00677,0,0
1,PAUSE,672,14026.1,12,0.65,0.65445,-0.00445,0.5,0.51486,-0.01486,0.65,0.65314,-0.00314,0.5,0.50484,-0.00484,0,0
1,PAUSE,673,14049.6,12,0.65,0.65445,-0.00445,0.5,0.51818,-0.01818,0.65,0.65314,-0.00314,0.5,0.51064,-0.01064,0,0
1,PAUSE,674,14071.3,12,0.65,0.65445,-0.00445,0.5,0.51652,-0.01652,0.65,0.65314,-0.00314,0.5,0.50677,-0.00677,0,0
1,PAUSE,675,14091.7,12,0.65,0.6562,-0.0062,0.5,0.51652,-0.01652,0.65,0.65314,-0.00314,0.5,0.50677,-0.00677,0,0
1,PAUSE,676,14112.8,12,0.65,0.6562,-0.0062,0.5,0.51652,-0.01652,0.65,0.65314,-0.00314,0.5,0.50677,-0.00677,0,0
1,PAUSE,677,14134.0,12,0.65,0.6562,-0.0062,0.5,0.51486,-0.01486,0.65,0.65663,-0.00663,0.5,0.50677,-0.00677,0,0
1,PAUSE,678,14151.6,12,0.65,0.65445,-0.00445,0.5,0.51652,-0.01652,0.65,0.65314,-0.00314,0.5,0.50677,-0.00677,0,0
1,PAUSE,679,14172.2,12,0.65,0.65445,-0.00445,0.5,0.51652,-0.01652,0.65,0.65314,-0.00314,0.5,0.50677,-0.00677,0,0
1,PAUSE,680,14194.0,12,0.65,0.6562,-0.0062,0.5,0.51652,-0.01652,0.65,0.65488,-0.00488,0.5,0.50677,-0.00677,0,0
1,PAUSE,681,14216.8,12,0.65,0.6562,-0.0062,0.5,0.51818,-0.01818,0.65,0.65314,-0.00314,0.5,0.50677,-0.00677,0,0
1,PAUSE,682,14234.6,12,0.65,0.65445,-0.00445,0.5,0.51652,-0.01652,0.65,0.65488,-0.00488,0.5,0.51064,-0.01064,0,0
1,PAUSE,683,14256.6,12,0.65,0.6562,-0.0062,0.5,0.51652,-0.01652,0.65,0.65488,-0.00488,0.5,0.50677,-0.00677,0,0
1,PAUSE,684,14277.2,12,0.65,0.65445,-0.00445,0.5,0.51652,-0.01652,0.65,0.65314,-0.00314,0.5,0.50677,-0.00677,0,0
1,PAUSE,685,14298.6,12,0.65,0.65445,-0.00445,0.5,0.51652,-0.01652,0.65,0.65314,-0.00314,0.5,0.50484,-0.00484,0,0
1,PAUSE,686,14320.2,12,0.65,0.65445,-0.00445,0.5,0.51652,-0.01652,0.65,0.65314,-0.00314,0.5,0.50484,-0.00484,0,0
1,PAUSE,687,14339.4,12,0.65,0.65445,-0.00445,0.5,0.51818,-0.01818,0.65,0.65314,-0.00314,0.5,0.50677,-0.00677,0,0
1,PAUSE,688,14360.4,12,0.65,0.6562,-0.0062,0.5,0.51652,-0.01652,0.65,0.65314,-0.00314,0.5,0.50677,-0.00677,0,0
1,PAUSE,689,14381.0,12,0.65,0.65445,-0.00445,0.5,0.51652,-0.01652,0.65,0.65314,-0.00314,0.5,0.50677,-0.00677,0,0
1,MOVE,690,14402.3,-1,0.655,0.6562,-0.0012,0.5,0.51652,-0.01652,0.655,0.65314,0.00186,0.5,0.50677,-0.00677,0,0
1,MOVE,691,14425.0,-1,0.66,0.6562,0.0038,0.5,0.51818,-0.01818,0.66,0.65314,0.00686,0.5,0.50677,-0.00677,0,0
1,MOVE,692,14445.8,-1,0.665,0.6562,0.0088,0.5,0.51486,-0.01486,0.665,0.65314,0.01186,0.5,0.50677,-0.00677,0,0
1,MOVE,693,14464.3,-1,0.67,0.6562,0.0138,0.5,0.51652,-0.01652,0.67,0.65488,0.01512,0.5,0.50677,-0.00677,0,0
1,MOVE,694,14486.8,-1,0.675,0.65445,0.02055,0.5,0.51818,-0.01818,0.675,0.65488,0.02012,0.5,0.50677,-0.00677,0,0
1,MOVE,695,14507.4,-1,0.68,0.6562,0.0238,0.5,0.51652,-0.01652,0.68,0.65488,0.02512,0.5,0.50677,-0.00677,0,0
1,MOVE,696,14528.0,-1,0.685,0.6562,0.0288,0.5,0.51652,-0.01652,0.685,0.65314,0.03186,0.5,0.50677,-0.00677,0,0
1,MOVE,697,14546.9,-1,0.69,0.6562,0.0338,0.5,0.51652,-0.01652,0.69,0.65488,0.03512,0.5,0.50677,-0.00677,0,0
1,MOVE,698,14568.9,-1,0.695,0.6562,0.0388,0.5,0.51652,-0.01652,0.695,0.65488,0.04012,0.5,0.50677,-0.00677,0,0
1,MOVE,699,14588.2,-1,0.7,0.6562,0.0438,0.5,0.51652,-0.01652,0.7,0.65314,0.04686,0.5,0.50677,-0.00677,0,0
1,PAUSE,700,14609.3,13,0.7,0.65969,0.04031,0.5,0.51652,-0.01652,0.7,0.66011,0.03989,0.5,0.5087,-0.0087,0,0
1,PAUSE,701,14633.0,13,0.7,0.66318,0.03682,0.5,0.51652,-0.01652,0.7,0.66359,0.03641,0.5,0.50484,-0.00484,0,0
1,PAUSE,702,14652.3,13,0.7,0.66667,0.03333,0.5,0.51486,-0.01486,0.7,0.67056,0.02944,0.5,0.50677,-0.00677,0,0
1,PAUSE,703,14672.1,13,0.7,0.67016,0.02984,0.5,0.51652,-0.01652,0.7,0.67578,0.02422,0.5,0.50677,-0.00677,0,0
1,PAUSE,704,14694.3,13,0.7,0.68063,0.01937,0.5,0.51652,-0.01652,0.7,0.68449,0.01551,0.5,0.50677,-0.00677,0,0
1,PAUSE,705,14715.3,13,0.7,0.68586,0.01414,0.5,0.51652,-0.01652,0.7,0.68623,0.01377,0.5,0.50677,-0.00677,0,0
1,PAUSE,706,14735.0,13,0.7,0.68237,0.01763,0.5,0.51818,-0.01818,0.7,0.68797,0.01203,0.5,0.50677,-0.00677,0,0
1,PAUSE,707,14756.9,13,0.7,0.68935,0.01065,0.5,0.51652,-0.01652,0.7,0.7019,-0.0019,0.5,0.50677,-0.00677,0,0
1,PAUSE,708,14778.5,13,0.7,0.6911,0.0089,0.5,0.51818,-0.01818,0.7,0.70016,-0.00016,0.5,0.50677,-0.00677,0,0
1,PAUSE,709,14796.5,13,0.7,0.69284,0.00716,0.5,0.51652,-0.01652,0.7,0.70016,-0.00016,0.5,0.50677,-0.00677,0,0
1,PAUSE,710,14818.5,13,0.7,0.69459,0.00541,0.5,0.51652,-0.01652,0.7,0.70364,-0.00364,0.5,0.50677,-0.00677,0,0
1,PAUSE,711,14838.3,13,0.7,0.69634,0.00366,0.5,0.51652,-0.01652,0.7,0.70538,-0.00538,0.5,0.51257,-0.01257,0,0
1,PAUSE,712,14860.6,13,0.7,0.69983,0.00017,0.5,0.51818,-0.01818,0.7,0.70538,-0.00538,0.5,0.50677,-0.00677,0,0
1,PAUSE,713,14883.9,13,0.7,0.69634,0.00366,0.5,0.51486,-0.01486,0.7,0.70538,-0.00538,0.5,0.50677,-0.00677,0,0
1,PAUSE,714,14904.7,13,0.7,0.69634,0.00366,0.5,0.51652,-0.01652,0.7,0.70538,-0.00538,0.5,0.50677,-0.00677,0,0
1,PAUSE,715,14925.4,13,0.7,0.69634,0.00366,0.5,0.51818,-0.01818,0.7,0.70364,-0.00364,0.5,0.50677,-0.00677,0,0
1,PAUSE,716,14945.3,13,0.7,0.69634,0.00366,0.5,0.51652,-0.01652,0.7,0.70538,-0.00538,0.5,0.50677,-0.00677,0,0
1,PAUSE,717,14966.3,13,0.7,0.69634,0.00366,0.5,0.51652,-0.01652,0.7,0.70364,-0.00364,0.5,0.5087,-0.0087,0,0
1,PAUSE,718,14986.7,13,0.7,0.69459,0.00541,0.5,0.51652,-0.01652,0.7,0.70538,-0.00538,0.5,0.50677,-0.00677,0,0
1,PAUSE,719,15005.5,13,0.7,0.69634,0.00366,0.5,0.51818,-0.01818,0.7,0.70538,-0.00538,0.5,0.5087,-0.0087,0,0
1,PAUSE,720,15025.9,13,0.7,0.69459,0.00541,0.5,0.51818,-0.01818,0.7,0.70538,-0.00538,0.5,0.5087,-0.0087,0,0
1,PAUSE,721,15049.6,13,0.7,0.69634,0.00366,0.5,0.51652,-0.01652,0.7,0.70538,-0.00538,0.5,0.50677,-0.00677,0,0
1,PAUSE,722,15070.9,13,0.7,0.69634,0.00366,0.5,0.51652,-0.01652,0.7,0.70538,-0.00538,0.5,0.50677,-0.00677,0,0
1,PAUSE,723,15091.7,13,0.7,0.69634,0.00366,0.5,0.51652,-0.01652,0.7,0.70538,-0.00538,0.5,0.5087,-0.0087,0,0
1,PAUSE,724,15110.3,13,0.7,0.69634,0.00366,0.5,0.51984,-0.01984,0.7,0.70538,-0.00538,0.5,0.50677,-0.00677,0,0
1,PAUSE,725,15131.3,13,0.7,0.69983,0.00017,0.5,0.51652,-0.01652,0.7,0.70538,-0.00538,0.5,0.50677,-0.00677,0,0
1,PAUSE,726,15153.4,13,0.7,0.69634,0.00366,0.5,0.51818,-0.01818,0.7,0.70538,-0.00538,0.5,0.50677,-0.00677,0,0
1,PAUSE,727,15175.2,13,0.7,0.69634,0.00366,0.5,0.51652,-0.01652,0.7,0.70538,-0.00538,0.5,0.50677,-0.00677,0,0
1,PAUSE,728,15194.4,13,0.7,0.69634,0.00366,0.5,0.51652,-0.01652,0.7,0.70538,-0.00538,0.5,0.50677,-0.00677,0,0
1,PAUSE,729,15214.8,13,0.7,0.70681,-0.00681,0.5,0.51652,-0.01652,0.7,0.70364,-0.00364,0.5,0.50677,-0.00677,0,0
1,PAUSE,730,15236.1,13,0.7,0.69634,0.00366,0.5,0.51652,-0.01652,0.7,0.70538,-0.00538,0.5,0.50677,-0.00677,0,0
1,PAUSE,731,15256.9,13,0.7,0.69808,0.00192,0.5,0.51652,-0.01652,0.7,0.70538,-0.00538,0.5,0.50677,-0.00677,0,0
1,PAUSE,732,15277.6,13,0.7,0.69983,0.00017,0.5,0.51652,-0.01652,0.7,0.70538,-0.00538,0.5,0.50677,-0.00677,0,0
1,PAUSE,733,15297.6,13,0.7,0.69983,0.00017,0.5,0.51652,-0.01652,0.7,0.70538,-0.00538,0.5,0.5087,-0.0087,0,0
1,PAUSE,734,15318.0,13,0.7,0.69983,0.00017,0.5,0.51818,-0.01818,0.7,0.70538,-0.00538,0.5,0.50677,-0.00677,0,0
1,PAUSE,735,15338.9,13,0.7,0.69983,0.00017,0.5,0.51652,-0.01652,0.7,0.70364,-0.00364,0.5,0.50677,-0.00677,0,0
1,PAUSE,736,15360.6,13,0.7,0.69808,0.00192,0.5,0.51652,-0.01652,0.7,0.70712,-0.00712,0.5,0.50677,-0.00677,0,0
1,PAUSE,737,15383.2,13,0.7,0.69983,0.00017,0.5,0.51652,-0.01652,0.7,0.70538,-0.00538,0.5,0.50677,-0.00677,0,0
1,PAUSE,738,15404.2,13,0.7,0.70157,-0.00157,0.5,0.51652,-0.01652,0.7,0.70712,-0.00712,0.5,0.50677,-0.00677,0,0
1,PAUSE,739,15422.6,13,0.7,0.69808,0.00192,0.5,0.51652,-0.01652,0.7,0.70538,-0.00538,0.5,0.50677,-0.00677,0,0
1,MOVE,740,15444.5,-1,0.705,0.69808,0.00692,0.5,0.51984,-0.01984,0.705,0.70364,0.00136,0.5,0.50677,-0.00677,0,0
1,MOVE,741,15464.9,-1,0.71,0.69983,0.01017,0.5,0.51652,-0.01652,0.71,0.70538,0.00462,0.5,0.50677,-0.00677,0,0
1,MOVE,742,15484.2,-1,0.715,0.69983,0.01517,0.5,0.51984,-0.01984,0.715,0.70538,0.00962,0.5,0.50677,-0.00677,0,0
1,MOVE,743,15505.6,-1,0.72,0.69983,0.02017,0.5,0.51652,-0.01652,0.72,0.70712,0.01288,0.5,0.50677,-0.00677,0,0
1,MOVE,744,15526.3,-1,0.725,0.69983,0.02517,0.5,0.51652,-0.01652,0.725,0.70538,0.01962,0.5,0.5087,-0.0087,0,0
1,MOVE,745,15549.4,-1,0.73,0.69983,0.03017,0.5,0.51652,-0.01652,0.73,0.70538,0.02462,0.5,0.50677,-0.00677,0,0
1,MOVE,746,15568.9,-1,0.735,0.70681,0.02819,0.5,0.51652,-0.01652,0.735,0.70538,0.02962,0.5,0.50677,-0.00677,0,0
1,MOVE,747,15588.8,-1,0.74,0.70157,0.03843,0.5,0.51652,-0.01652,0.74,0.71235,0.02765,0.5,0.50677,-0.00677,0,0
1,MOVE,748,15610.0,-1,0.745,0.70506,0.03994,0.5,0.51652,-0.01652,0.745,0.70364,0.04136,0.5,0.50677,-0.00677,0,0
1,MOVE,749,15631.5,-1,0.75,0.70681,0.04319,0.5,0.51818,-0.01818,0.75,0.70712,0.04288,0.5,0.50677,-0.00677,0,0
1,PAUSE,750,15653.1,14,0.75,0.71379,0.03621,0.5,0.51652,-0.01652,0.75,0.70712,0.04288,0.5,0.50677,-0.00677,0,0
1,PAUSE,751,15675.1,14,0.75,0.71902,0.03098,0.5,0.51652,-0.01652,0.75,0.7106,0.0394,0.5,0.50677,-0.00677,0,0
1,PAUSE,752,15695.6,14,0.75,0.72077,0.02923,0.5,0.51652,-0.01652,0.75,0.71757,0.03243,0.5,0.50677,-0.00677,0,0
1,PAUSE,753,15716.2,14,0.75,0.726,0.024,0.5,0.51652,-0.01652,0.75,0.72453,0.02547,0.5,0.50677,-0.00677,0,0
1,PAUSE,754,15736.5,14,0.75,0.73298,0.01702,0.5,0.51984,-0.01984,0.75,0.7315,0.0185,0.5,0.50677,-0.00677,0,0
1,PAUSE,755,15755.9,14,0.75,0.73997,0.01003,0.5,0.51652,-0.01652,0.75,0.72976,0.02024,0.5,0.50677,-0.00677,0,0
1,PAUSE,756,15777.4,14,0.75,0.74346,0.00654,0.5,0.51652,-0.01652,0.75,0.73498,0.01502,0.5,0.50677,-0.00677,0,0
1,PAUSE,757,15799.1,14,0.75,0.74869,0.00131,0.5,0.51486,-0.01486,0.75,0.74021,0.00979,0.5,0.50677,-0.00677,0,0
1,PAUSE,758,15819.2,14,0.75,0.75218,-0.00218,0.5,0.51818,-0.01818,0.75,0.74195,0.00805,0.5,0.50677,-0.00677,0,0
1,PAUSE,759,15841.3,14,0.75,0.75567,-0.00567,0.5,0.51652,-0.01652,0.75,0.74543,0.00457,0.5,0.50677,-0.00677,0,0
1,PAUSE,760,15860.1,14,0.75,0.75567,-0.00567,0.5,0.51652,-0.01652,0.75,0.74891,0.00109,0.5,0.50677,-0.00677,0,0
1,PAUSE,761,15880.7,14,0.75,0.75567,-0.00567,0.5,0.51818,-0.01818,0.75,0.75065,-0.00065,0.5,0.5087,-0.0087,0,0
1,PAUSE,762,15900.6,14,0.75,0.75567,-0.00567,0.5,0.51818,-0.01818,0.75,0.75065,-0.00065,0.5,0.50677,-0.00677,0,0
1,PAUSE,763,15922.0,14,0.75,0.75567,-0.00567,0.5,0.51652,-0.01652,0.75,0.75065,-0.00065,0.5,0.50677,-0.00677,0,0
1,PAUSE,764,15943.6,14,0.75,0.75567,-0.00567,0.5,0.51818,-0.01818,0.75,0.74891,0.00109,0.5,0.51064,-0.01064,0,0
1,PAUSE,765,15965.3,14,0.75,0.75567,-0.00567,0.5,0.51652,-0.01652,0.75,0.74891,0.00109,0.5,0.50677,-0.00677,0,0
1,PAUSE,766,15984.3,14,0.75,0.75742,-0.00742,0.5,0.51652,-0.01652,0.75,0.75239,-0.00239,0.5,0.50677,-0.00677,0,0
1,PAUSE,767,16005.9,14,0.75,0.75567,-0.00567,0.5,0.51652,-0.01652,0.75,0.75065,-0.00065,0.5,0.50677,-0.00677,0,0
1,PAUSE,768,16028.1,14,0.75,0.75567,-0.00567,0.5,0.51652,-0.01652,0.75,0.75065,-0.00065,0.5,0.50677,-0.00677,0,0
1,PAUSE,769,16046.2,14,0.75,0.75567,-0.00567,0.5,0.51652,-0.01652,0.75,0.74891,0.00109,0.5,0.50677,-0.00677,0,0
1,PAUSE,770,16069.0,14,0.75,0.75567,-0.00567,0.5,0.51652,-0.01652,0.75,0.74717,0.00283,0.5,0.5087,-0.0087,0,0
1,PAUSE,771,16089.2,14,0.75,0.75567,-0.00567,0.5,0.51652,-0.01652,0.75,0.75065,-0.00065,0.5,0.50677,-0.00677,0,0
1,PAUSE,772,16112.3,14,0.75,0.75567,-0.00567,0.5,0.51652,-0.01652,0.75,0.75065,-0.00065,0.5,0.5087,-0.0087,0,0
1,PAUSE,773,16129.6,14,0.75,0.75742,-0.00742,0.5,0.51652,-0.01652,0.75,0.75065,-0.00065,0.5,0.50677,-0.00677,0,0
1,PAUSE,774,16150.6,14,0.75,0.75742,-0.00742,0.5,0.51818,-0.01818,0.75,0.75065,-0.00065,0.5,0.50677,-0.00677,0,0
1,PAUSE,775,16172.1,14,0.75,0.75742,-0.00742,0.5,0.51652,-0.01652,0.75,0.75065,-0.00065,0.5,0.50677,-0.00677,0,0
1,PAUSE,776,16193.4,14,0.75,0.75742,-0.00742,0.5,0.51652,-0.01652,0.75,0.74891,0.00109,0.5,0.50677,-0.00677,0,0
1,PAUSE,777,16215.1,14,0.75,0.75567,-0.00567,0.5,0.51486,-0.01486,0.75,0.74891,0.00109,0.5,0.50677,-0.00677,0,0
1,PAUSE,778,16237.1,14,0.75,0.75567,-0.00567,0.5,0.51652,-0.01652,0.75,0.74891,0.00109,0.5,0.50677,-0.00677,0,0
1,PAUSE,779,16257.7,14,0.75,0.75567,-0.00567,0.5,0.51652,-0.01652,0.75,0.75065,-0.00065,0.5,0.50484,-0.00484,0,0
1,PAUSE,780,16278.4,14,0.75,0.75742,-0.00742,0.5,0.51652,-0.01652,0.75,0.74891,0.00109,0.5,0.50677,-0.00677,0,0
1,PAUSE,781,16298.7,14,0.75,0.75567,-0.00567,0.5,0.51652,-0.01652,0.75,0.75065,-0.00065,0.5,0.50677,-0.00677,0,0
1,PAUSE,782,16318.3,14,0.75,0.75567,-0.00567,0.5,0.51652,-0.01652,0.75,0.74891,0.00109,0.5,0.50677,-0.00677,0,0
1,PAUSE,783,16338.5,14,0.75,0.75742,-0.00742,0.5,0.51652,-0.01652,0.75,0.74891,0.00109,0.5,0.50677,-0.00677,0,0
1,PAUSE,784,16360.8,14,0.75,0.75567,-0.00567,0.5,0.51652,-0.01652,0.75,0.75065,-0.00065,0.5,0.50677,-0.00677,0,0
1,PAUSE,785,16381.1,14,0.75,0.75567,-0.00567,0.5,0.51652,-0.01652,0.75,0.74891,0.00109,0.5,0.50677,-0.00677,0,0
1,PAUSE,786,16402.0,14,0.75,0.75567,-0.00567,0.5,0.51652,-0.01652,0.75,0.75065,-0.00065,0.5,0.50677,-0.00677,0,0
1,PAUSE,787,16423.1,14,0.75,0.75567,-0.00567,0.5,0.51652,-0.01652,0.75,0.75065,-0.00065,0.5,0.50677,-0.00677,0,0
1,PAUSE,788,16443.0,14,0.75,0.75393,-0.00393,0.5,0.51652,-0.01652,0.75,0.75065,-0.00065,0.5,0.50677,-0.00677,0,0
1,PAUSE,789,16463.3,14,0.75,0.75567,-0.00567,0.5,0.51818,-0.01818,0.75,0.75065,-0.00065,0.5,0.50677,-0.00677,0,0
1,MOVE,790,16484.2,-1,0.755,0.75742,-0.00242,0.5,0.51652,-0.01652,0.755,0.75065,0.00435,0.5,0.50677,-0.00677,0,0
1,MOVE,791,16504.2,-1,0.76,0.75567,0.00433,0.5,0.51818,-0.01818,0.76,0.75065,0.00935,0.5,0.50677,-0.00677,0,0
1,MOVE,792,16527.4,-1,0.765,0.75742,0.00758,0.5,0.51652,-0.01652,0.765,0.75065,0.01435,0.5,0.50677,-0.00677,0,0
1,MOVE,793,16549.3,-1,0.77,0.75567,0.01433,0.5,0.51652,-0.01652,0.77,0.75414,0.01586,0.5,0.50677,-0.00677,0,0
1,MOVE,794,16567.9,-1,0.775,0.75742,0.01758,0.5,0.51652,-0.01652,0.775,0.75065,0.02435,0.5,0.50677,-0.00677,0,0
1,MOVE,795,16588.1,-1,0.78,0.75567,0.02433,0.5,0.51652,-0.01652,0.78,0.74891,0.03109,0.5,0.51064,-0.01064,0,0
1,MOVE,796,16609.4,-1,0.785,0.75567,0.02933,0.5,0.51652,-0.01652,0.785,0.75065,0.03435,0.5,0.50677,-0.00677,0,0
1,MOVE,797,16634.0,-1,0.79,0.75742,0.03258,0.5,0.51652,-0.01652,0.79,0.74891,0.04109,0.5,0.50677,-0.00677,0,0
1,MOVE,798,16654.2,-1,0.795,0.76091,0.03409,0.5,0.51652,-0.01652,0.795,0.75588,0.03912,0.5,0.50677,-0.00677,0,0
1,MOVE,799,16673.8,-1,0.8,0.75742,0.04258,0.5,0.51652,-0.01652,0.8,0.75588,0.04412,0.5,0.50677,-0.00677,0,0
1,PAUSE,800,16694.2,15,0.8,0.75916,0.04084,0.5,0.51652,-0.01652,0.8,0.75936,0.04064,0.5,0.50677,-0.00677,0,0
1,PAUSE,801,16713.6,15,0.8,0.76265,0.03735,0.5,0.5215,-0.0215,0.8,0.75588,0.04412,0.5,0.50677,-0.00677,0,0
1,PAUSE,802,16734.8,15,0.8,0.76614,0.03386,0.5,0.51652,-0.01652,0.8,0.75588,0.04412,0.5,0.50677,-0.00677,0,0
1,PAUSE,803,16754.6,15,0.8,0.76963,0.03037,0.5,0.51652,-0.01652,0.8,0.76458,0.03542,0.5,0.5087,-0.0087,0,0
1,PAUSE,804,16776.1,15,0.8,0.77487,0.02513,0.5,0.51652,-0.01652,0.8,0.76632,0.03368,0.5,0.50677,-0.00677,0,0
1,PAUSE,805,16798.3,15,0.8,0.7801,0.0199,0.5,0.51486,-0.01486,0.8,0.77503,0.02497,0.5,0.50677,-0.00677,0,0
1,PAUSE,806,16819.8,15,0.8,0.78709,0.01291,0.5,0.51818,-0.01818,0.8,0.78025,0.01975,0.5,0.50677,-0.00677,0,0
1,PAUSE,807,16840.2,15,0.8,0.79058,0.00942,0.5,0.51652,-0.01652,0.8,0.78722,0.01278,0.5,0.50677,-0.00677,0,0
1,PAUSE,808,16859.6,15,0.8,0.79581,0.00419,0.5,0.51652,-0.01652,0.8,0.79244,0.00756,0.5,0.50677,-0.00677,0,0
1,PAUSE,809,16880.1,15,0.8,0.7993,0.0007,0.5,0.51652,-0.01652,0.8,0.79767,0.00233,0.5,0.5087,-0.0087,0,0
1,PAUSE,810,16903.8,15,0.8,0.80279,-0.00279,0.5,0.51652,-0.01652,0.8,0.79941,0.00059,0.5,0.50677,-0.00677,0,0
1,PAUSE,811,16923.0,15,0.8,0.80454,-0.00454,0.5,0.51652,-0.01652,0.8,0.80289,-0.00289,0.5,0.50677,-0.00677,0,0
1,PAUSE,812,16944.5,15,0.8,0.80454,-0.00454,0.5,0.51652,-0.01652,0.8,0.80289,-0.00289,0.5,0.50677,-0.00677,0,0
1,PAUSE,813,16964.4,15,0.8,0.80454,-0.00454,0.5,0.51652,-0.01652,0.8,0.80289,-0.00289,0.5,0.50677,-0.00677,0,0
1,PAUSE,814,16986.0,15,0.8,0.80279,-0.00279,0.5,0.51652,-0.01652,0.8,0.80289,-0.00289,0.5,0.50677,-0.00677,0,0
1,PAUSE,815,17006.7,15,0.8,0.80279,-0.00279,0.5,0.51652,-0.01652,0.8,0.80289,-0.00289,0.5,0.50677,-0.00677,0,0
1,PAUSE,816,17026.7,15,0.8,0.80454,-0.00454,0.5,0.51652,-0.01652,0.8,0.80289,-0.00289,0.5,0.50677,-0.00677,0,0
1,PAUSE,817,17047.2,15,0.8,0.80454,-0.00454,0.5,0.51486,-0.01486,0.8,0.80289,-0.00289,0.5,0.50677,-0.00677,0,0
1,PAUSE,818,17070.2,15,0.8,0.80454,-0.00454,0.5,0.51652,-0.01652,0.8,0.80289,-0.00289,0.5,0.50677,-0.00677,0,0
1,PAUSE,819,17092.3,15,0.8,0.80279,-0.00279,0.5,0.51486,-0.01486,0.8,0.80289,-0.00289,0.5,0.50677,-0.00677,0,0
1,PAUSE,820,17110.3,15,0.8,0.80454,-0.00454,0.5,0.51486,-0.01486,0.8,0.80289,-0.00289,0.5,0.50677,-0.00677,0,0
1,PAUSE,821,17130.4,15,0.8,0.80454,-0.00454,0.5,0.51652,-0.01652,0.8,0.80289,-0.00289,0.5,0.50677,-0.00677,0,0
1,PAUSE,822,17153.3,15,0.8,0.80279,-0.00279,0.5,0.51652,-0.01652,0.8,0.80463,-0.00463,0.5,0.50677,-0.00677,0,0
1,PAUSE,823,17173.6,15,0.8,0.80454,-0.00454,0.5,0.51818,-0.01818,0.8,0.80289,-0.00289,0.5,0.50677,-0.00677,0,0
1,PAUSE,824,17196.4,15,0.8,0.80454,-0.00454,0.5,0.51652,-0.01652,0.8,0.80463,-0.00463,0.5,0.50677,-0.00677,0,0
1,PAUSE,825,17216.3,15,0.8,0.80279,-0.00279,0.5,0.51652,-0.01652,0.8,0.80289,-0.00289,0.5,0.50677,-0.00677,0,0
1,PAUSE,826,17237.2,15,0.8,0.80454,-0.00454,0.5,0.51652,-0.01652,0.8,0.80289,-0.00289,0.5,0.50677,-0.00677,0,0
1,PAUSE,827,17256.2,15,0.8,0.80454,-0.00454,0.5,0.51652,-0.01652,0.8,0.80289,-0.00289,0.5,0.5087,-0.0087,0,0
1,PAUSE,828,17276.8,15,0.8,0.80454,-0.00454,0.5,0.51652,-0.01652,0.8,0.80289,-0.00289,0.5,0.50677,-0.00677,0,0
1,PAUSE,829,17298.9,15,0.8,0.80454,-0.00454,0.5,0.51652,-0.01652,0.8,0.80289,-0.00289,0.5,0.50677,-0.00677,0,0
1,PAUSE,830,17319.1,15,0.8,0.80628,-0.00628,0.5,0.51652,-0.01652,0.8,0.80463,-0.00463,0.5,0.50677,-0.00677,0,0
1,PAUSE,831,17338.9,15,0.8,0.80279,-0.00279,0.5,0.51652,-0.01652,0.8,0.80463,-0.00463,0.5,0.50677,-0.00677,0,0
1,PAUSE,832,17360.5,15,0.8,0.80454,-0.00454,0.5,0.51486,-0.01486,0.8,0.80289,-0.00289,0.5,0.50677,-0.00677,0,0
1,PAUSE,833,17380.3,15,0.8,0.80454,-0.00454,0.5,0.51486,-0.01486,0.8,0.80289,-0.00289,0.5,0.50677,-0.00677,0,0
1,PAUSE,834,17400.9,15,0.8,0.80454,-0.00454,0.5,0.51652,-0.01652,0.8,0.80463,-0.00463,0.5,0.50677,-0.00677,0,0
1,PAUSE,835,17421.9,15,0.8,0.80454,-0.00454,0.5,0.51652,-0.01652,0.8,0.80463,-0.00463,0.5,0.50677,-0.00677,0,0
1,PAUSE,836,17445.4,15,0.8,0.80279,-0.00279,0.5,0.51652,-0.01652,0.8,0.80289,-0.00289,0.5,0.50677,-0.00677,0,0
1,PAUSE,837,17465.5,15,0.8,0.80628,-0.00628,0.5,0.51652,-0.01652,0.8,0.80463,-0.00463,0.5,0.50677,-0.00677,0,0
1,PAUSE,838,17484.1,15,0.8,0.80454,-0.00454,0.5,0.51652,-0.01652,0.8,0.80289,-0.00289,0.5,0.50484,-0.00484,0,0
1,PAUSE,839,17504.9,15,0.8,0.80279,-0.00279,0.5,0.51652,-0.01652,0.8,0.80289,-0.00289,0.5,0.50677,-0.00677,0,0
1,MOVE,840,17526.0,-1,0.805,0.80279,0.00221,0.5,0.51652,-0.01652,0.805,0.80289,0.00211,0.5,0.50677,-0.00677,0,0
1,MOVE,841,17546.8,-1,0.81,0.80454,0.00546,0.5,0.51818,-0.01818,0.81,0.80463,0.00537,0.5,0.5087,-0.0087,0,0
1,MOVE,842,17569.9,-1,0.815,0.80454,0.01046,0.5,0.51652,-0.01652,0.815,0.80289,0.01211,0.5,0.50677,-0.00677,0,0
1,MOVE,843,17588.9,-1,0.82,0.80454,0.01546,0.5,0.51652,-0.01652,0.82,0.80463,0.01537,0.5,0.50484,-0.00484,0,0
1,MOVE,844,17610.7,-1,0.825,0.80454,0.02046,0.5,0.51652,-0.01652,0.825,0.80115,0.02385,0.5,0.50677,-0.00677,0,0
1,MOVE,845,17633.1,-1,0.83,0.80279,0.02721,0.5,0.51652,-0.01652,0.83,0.80115,0.02885,0.5,0.50677,-0.00677,0,0
1,MOVE,846,17652.9,-1,0.835,0.80279,0.03221,0.5,0.51652,-0.01652,0.835,0.80289,0.03211,0.5,0.5087,-0.0087,0,0
1,MOVE,847,17673.2,-1,0.84,0.8185,0.0215,0.5,0.51652,-0.01652,0.84,0.80289,0.03711,0.5,0.50677,-0.00677,0,0
1,MOVE,848,17693.5,-1,0.845,0.81326,0.03174,0.5,0.51818,-0.01818,0.845,0.80289,0.04211,0.5,0.5087,-0.0087,0,0
1,MOVE,849,17713.8,-1,0.85,0.81326,0.03674,0.5,0.51984,-0.01984,0.85,0.80637,0.04363,0.5,0.50677,-0.00677,0,0
1,PAUSE,850,17735.8,16,0.85,0.80803,0.04197,0.5,0.51818,-0.01818,0.85,0.80637,0.04363,0.5,0.51064,-0.01064,0,0
1,PAUSE,851,17756.1,16,0.85,0.80977,0.04023,0.5,0.51652,-0.01652,0.85,0.8116,0.0384,0.5,0.50677,-0.00677,0,0
1,PAUSE,852,17776.3,16,0.85,0.81152,0.03848,0.5,0.51984,-0.01984,0.85,0.81508,0.03492,0.5,0.51257,-0.01257,0,0
1,PAUSE,853,17797.5,16,0.85,0.8185,0.0315,0.5,0.51652,-0.01652,0.85,0.81856,0.03144,0.5,0.5087,-0.0087,0,0
1,PAUSE,854,17818.2,16,0.85,0.82024,0.02976,0.5,0.51652,-0.01652,0.85,0.82553,0.02447,0.5,0.50677,-0.00677,0,0
1,PAUSE,855,17840.0,16,0.85,0.82548,0.02452,0.5,0.51486,-0.01486,0.85,0.83597,0.01403,0.5,0.50677,-0.00677,0,0
1,PAUSE,856,17860.7,16,0.85,0.82897,0.02103,0.5,0.51652,-0.01652,0.85,0.84294,0.00706,0.5,0.50677,-0.00677,0,0
1,PAUSE,857,17880.3,16,0.85,0.83246,0.01754,0.5,0.51652,-0.01652,0.85,0.83946,0.01054,0.5,0.50677,-0.00677,0,0
1,PAUSE,858,17901.4,16,0.85,0.8377,0.0123,0.5,0.51652,-0.01652,0.85,0.84642,0.00358,0.5,0.50677,-0.00677,0,0
1,PAUSE,859,17922.4,16,0.85,0.8377,0.0123,0.5,0.51652,-0.01652,0.85,0.84816,0.00184,0.5,0.5087,-0.0087,0,0
1,PAUSE,860,17942.7,16,0.85,0.83944,0.01056,0.5,0.51652,-0.01652,0.85,0.8499,0.0001,0.5,0.50677,-0.00677,0,0
1,PAUSE,861,17964.3,16,0.85,0.84293,0.00707,0.5,0.51652,-0.01652,0.85,0.85165,-0.00165,0.5,0.50677,-0.00677,0,0
1,PAUSE,862,17988.1,16,0.85,0.84119,0.00881,0.5,0.51652,-0.01652,0.85,0.85165,-0.00165,0.5,0.50677,-0.00677,0,0
1,PAUSE,863,18005.2,16,0.85,0.83944,0.01056,0.5,0.51818,-0.01818,0.85,0.85165,-0.00165,0.5,0.50677,-0.00677,0,0
1,PAUSE,864,18025.8,16,0.85,0.83944,0.01056,0.5,0.51652,-0.01652,0.85,0.8499,0.0001,0.5,0.50677,-0.00677,0,0
1,PAUSE,865,18047.6,16,0.85,0.84119,0.00881,0.5,0.51486,-0.01486,0.85,0.85165,-0.00165,0.5,0.50677,-0.00677,0,0
1,PAUSE,866,18069.3,16,0.85,0.84119,0.00881,0.5,0.51486,-0.01486,0.85,0.85165,-0.00165,0.5,0.50677,-0.00677,0,0
1,PAUSE,867,18091.1,16,0.85,0.84119,0.00881,0.5,0.51652,-0.01652,0.85,0.85165,-0.00165,0.5,0.50677,-0.00677,0,0
1,PAUSE,868,18112.0,16,0.85,0.84119,0.00881,0.5,0.51652,-0.01652,0.85,0.85165,-0.00165,0.5,0.50677,-0.00677,0,0
1,PAUSE,869,18131.1,16,0.85,0.8377,0.0123,0.5,0.51486,-0.01486,0.85,0.85165,-0.00165,0.5,0.50677,-0.00677,0,0
1,PAUSE,870,18151.5,16,0.85,0.83246,0.01754,0.5,0.51652,-0.01652,0.85,0.85165,-0.00165,0.5,0.50677,-0.00677,0,0
1,PAUSE,871,18171.9,16,0.85,0.83944,0.01056,0.5,0.51652,-0.01652,0.85,0.85165,-0.00165,0.5,0.50677,-0.00677,0,0
1,PAUSE,872,18192.8,16,0.85,0.83944,0.01056,0.5,0.51652,-0.01652,0.85,0.8499,0.0001,0.5,0.5087,-0.0087,0,0
1,PAUSE,873,18214.6,16,0.85,0.84119,0.00881,0.5,0.51652,-0.01652,0.85,0.85165,-0.00165,0.5,0.50677,-0.00677,0,0
1,PAUSE,874,18235.3,16,0.85,0.84119,0.00881,0.5,0.51652,-0.01652,0.85,0.85165,-0.00165,0.5,0.50677,-0.00677,0,0
1,PAUSE,875,18258.3,16,0.85,0.84119,0.00881,0.5,0.51486,-0.01486,0.85,0.85165,-0.00165,0.5,0.50677,-0.00677,0,0
1,PAUSE,876,18278.2,16,0.85,0.84119,0.00881,0.5,0.51652,-0.01652,0.85,0.85165,-0.00165,0.5,0.50677,-0.00677,0,0
1,PAUSE,877,18299.9,16,0.85,0.84293,0.00707,0.5,0.51154,-0.01154,0.85,0.85165,-0.00165,0.5,0.50677,-0.00677,0,0
1,PAUSE,878,18320.3,16,0.85,0.84293,0.00707,0.5,0.51652,-0.01652,0.85,0.85165,-0.00165,0.5,0.50677,-0.00677,0,0
1,PAUSE,879,18338.3,16,0.85,0.85166,-0.00166,0.5,0.51652,-0.01652,0.85,0.85339,-0.00339,0.5,0.5087,-0.0087,0,0
1,PAUSE,880,18359.8,16,0.85,0.84468,0.00532,0.5,0.51652,-0.01652,0.85,0.85165,-0.00165,0.5,0.50677,-0.00677,0,0
1,PAUSE,881,18381.0,16,0.85,0.84642,0.00358,0.5,0.51486,-0.01486,0.85,0.85165,-0.00165,0.5,0.51064,-0.01064,0,0
1,PAUSE,882,18401.8,16,0.85,0.84642,0.00358,0.5,0.51818,-0.01818,0.85,0.85165,-0.00165,0.5,0.50677,-0.00677,0,0
1,PAUSE,883,18422.4,16,0.85,0.84991,9e-05,0.5,0.51652,-0.01652,0.85,0.85165,-0.00165,0.5,0.5087,-0.0087,0,0
1,PAUSE,884,18444.6,16,0.85,0.8534,-0.0034,0.5,0.51652,-0.01652,0.85,0.85165,-0.00165,0.5,0.50677,-0.00677,0,0
1,PAUSE,885,18463.8,16,0.85,0.85166,-0.00166,0.5,0.51652,-0.01652,0.85,0.85165,-0.00165,0.5,0.5087,-0.0087,0,0
1,PAUSE,886,18485.7,16,0.85,0.84991,9e-05,0.5,0.51652,-0.01652,0.85,0.85339,-0.00339,0.5,0.5087,-0.0087,0,0
1,PAUSE,887,18507.2,16,0.85,0.84817,0.00183,0.5,0.51486,-0.01486,0.85,0.8499,0.0001,0.5,0.50677,-0.00677,0,0
1,PAUSE,888,18527.7,16,0.85,0.85515,-0.00515,0.5,0.51486,-0.01486,0.85,0.85339,-0.00339,0.5,0.5087,-0.0087,0,0
1,PAUSE,889,18547.4,16,0.85,0.85166,-0.00166,0.5,0.51818,-0.01818,0.85,0.85165,-0.00165,0.5,0.50677,-0.00677,0,0
1,MOVE,890,18568.1,-1,0.855,0.85166,0.00334,0.5,0.51652,-0.01652,0.855,0.8499,0.0051,0.5,0.5087,-0.0087,0,0
1,MOVE,891,18588.9,-1,0.86,0.84991,0.01009,0.5,0.51652,-0.01652,0.86,0.85165,0.00835,0.5,0.5087,-0.0087,0,0
1,MOVE,892,18609.7,-1,0.865,0.84991,0.01509,0.5,0.51652,-0.01652,0.865,0.8499,0.0151,0.5,0.5087,-0.0087,0,0
1,MOVE,893,18630.0,-1,0.87,0.85166,0.01834,0.5,0.51818,-0.01818,0.87,0.85165,0.01835,0.5,0.5087,-0.0087,0,0
1,MOVE,894,18650.7,-1,0.875,0.85166,0.02334,0.5,0.51818,-0.01818,0.875,0.8499,0.0251,0.5,0.50677,-0.00677,0,0
1,MOVE,895,18671.4,-1,0.88,0.86038,0.01962,0.5,0.51652,-0.01652,0.88,0.8499,0.0301,0.5,0.50677,-0.00677,0,0
1,MOVE,896,18692.9,-1,0.885,0.85166,0.03334,0.5,0.51652,-0.01652,0.885,0.85339,0.03161,0.5,0.50677,-0.00677,0,0
1,MOVE,897,18713.5,-1,0.89,0.8534,0.0366,0.5,0.51652,-0.01652,0.89,0.8499,0.0401,0.5,0.50677,-0.00677,0,0
1,MOVE,898,18734.5,-1,0.895,0.85689,0.03811,0.5,0.51652,-0.01652,0.895,0.85165,0.04335,0.5,0.50677,-0.00677,0,0
1,MOVE,899,18755.2,-1,0.9,0.8534,0.0466,0.5,0.51652,-0.01652,0.9,0.85165,0.04835,0.5,0.50677,-0.00677,0,0
1,PAUSE,900,18775.7,17,0.9,0.86213,0.03787,0.5,0.51652,-0.01652,0.9,0.85339,0.04661,0.5,0.50677,-0.00677,0,0
1,PAUSE,901,18796.9,17,0.9,0.86038,0.03962,0.5,0.51652,-0.01652,0.9,0.85513,0.04487,0.5,0.50677,-0.00677,0,0
1,PAUSE,902,18817.5,17,0.9,0.86213,0.03787,0.5,0.51818,-0.01818,0.9,0.85861,0.04139,0.5,0.50677,-0.00677,0,0
1,PAUSE,903,18840.2,17,0.9,0.87086,0.02914,0.5,0.51652,-0.01652,0.9,0.86209,0.03791,0.5,0.51064,-0.01064,0,0
1,PAUSE,904,18860.3,17,0.9,0.8726,0.0274,0.5,0.51652,-0.01652,0.9,0.86732,0.03268,0.5,0.50677,-0.00677,0,0
1,PAUSE,905,18883.3,17,0.9,0.87784,0.02216,0.5,0.51652,-0.01652,0.9,0.87254,0.02746,0.5,0.50677,-0.00677,0,0
1,PAUSE,906,18902.7,17,0.9,0.88482,0.01518,0.5,0.51652,-0.01652,0.9,0.88473,0.01527,0.5,0.50677,-0.00677,0,0
1,PAUSE,907,18922.0,17,0.9,0.88831,0.01169,0.5,0.51652,-0.01652,0.9,0.88299,0.01701,0.5,0.50677,-0.00677,0,0
1,PAUSE,908,18944.0,17,0.9,0.89529,0.00471,0.5,0.51818,-0.01818,0.9,0.88995,0.01005,0.5,0.50677,-0.00677,0,0
1,PAUSE,909,18966.4,17,0.9,0.89703,0.00297,0.5,0.51652,-0.01652,0.9,0.89344,0.00656,0.5,0.5087,-0.0087,0,0
1,PAUSE,910,18987.7,17,0.9,0.90052,-0.00052,0.5,0.51652,-0.01652,0.9,0.90214,-0.00214,0.5,0.50677,-0.00677,0,0
1,PAUSE,911,19006.1,17,0.9,0.90227,-0.00227,0.5,0.51652,-0.01652,0.9,0.9004,-0.0004,0.5,0.50677,-0.00677,0,0
1,PAUSE,912,19026.4,17,0.9,0.90401,-0.00401,0.5,0.51652,-0.01652,0.9,0.90214,-0.00214,0.5,0.50677,-0.00677,0,0
1,PAUSE,913,19048.3,17,0.9,0.90227,-0.00227,0.5,0.51652,-0.01652,0.9,0.9004,-0.0004,0.5,0.50677,-0.00677,0,0
1,PAUSE,914,19070.2,17,0.9,0.90401,-0.00401,0.5,0.51818,-0.01818,0.9,0.90214,-0.00214,0.5,0.50677,-0.00677,0,0
1,PAUSE,915,19090.2,17,0.9,0.90227,-0.00227,0.5,0.51486,-0.01486,0.9,0.9004,-0.0004,0.5,0.50677,-0.00677,0,0
1,PAUSE,916,19109.9,17,0.9,0.90227,-0.00227,0.5,0.51652,-0.01652,0.9,0.90214,-0.00214,0.5,0.5087,-0.0087,0,0
1,PAUSE,917,19130.4,17,0.9,0.90227,-0.00227,0.5,0.51652,-0.01652,0.9,0.90214,-0.00214,0.5,0.50677,-0.00677,0,0
1,PAUSE,918,19150.9,17,0.9,0.90401,-0.00401,0.5,0.51486,-0.01486,0.9,0.9004,-0.0004,0.5,0.50677,-0.00677,0,0
1,PAUSE,919,19171.5,17,0.9,0.90227,-0.00227,0.5,0.51652,-0.01652,0.9,0.90214,-0.00214,0.5,0.5087,-0.0087,0,0
1,PAUSE,920,19195.5,17,0.9,0.90052,-0.00052,0.5,0.51652,-0.01652,0.9,0.90214,-0.00214,0.5,0.5087,-0.0087,0,0
1,PAUSE,921,19216.9,17,0.9,0.90227,-0.00227,0.5,0.51652,-0.01652,0.9,0.90214,-0.00214,0.5,0.50677,-0.00677,0,0
1,PAUSE,922,19236.9,17,0.9,0.90227,-0.00227,0.5,0.51652,-0.01652,0.9,0.9004,-0.0004,0.5,0.5087,-0.0087,0,0
1,PAUSE,923,19254.6,17,0.9,0.90052,-0.00052,0.5,0.51652,-0.01652,0.9,0.90388,-0.00388,0.5,0.5087,-0.0087,0,0
1,PAUSE,924,19275.5,17,0.9,0.90227,-0.00227,0.5,0.51652,-0.01652,0.9,0.90214,-0.00214,0.5,0.5087,-0.0087,0,0
1,PAUSE,925,19296.7,17,0.9,0.90227,-0.00227,0.5,0.51652,-0.01652,0.9,0.90388,-0.00388,0.5,0.50677,-0.00677,0,0
1,PAUSE,926,19318.1,17,0.9,0.90052,-0.00052,0.5,0.51652,-0.01652,0.9,0.9004,-0.0004,0.5,0.50677,-0.00677,0,0
1,PAUSE,927,19340.8,17,0.9,0.90052,-0.00052,0.5,0.51486,-0.01486,0.9,0.90214,-0.00214,0.5,0.50677,-0.00677,0,0
1,PAUSE,928,19361.3,17,0.9,0.90227,-0.00227,0.5,0.51652,-0.01652,0.9,0.90214,-0.00214,0.5,0.50484,-0.00484,0,0
1,PAUSE,929,19380.7,17,0.9,0.90052,-0.00052,0.5,0.51652,-0.01652,0.9,0.90214,-0.00214,0.5,0.5087,-0.0087,0,0
1,PAUSE,930,19400.7,17,0.9,0.90052,-0.00052,0.5,0.51818,-0.01818,0.9,0.90214,-0.00214,0.5,0.5087,-0.0087,0,0
1,PAUSE,931,19421.9,17,0.9,0.90052,-0.00052,0.5,0.51818,-0.01818,0.9,0.9004,-0.0004,0.5,0.5087,-0.0087,0,0
1,PAUSE,932,19442.9,17,0.9,0.90227,-0.00227,0.5,0.51652,-0.01652,0.9,0.9004,-0.0004,0.5,0.50677,-0.00677,0,0
1,PAUSE,933,19463.6,17,0.9,0.90227,-0.00227,0.5,0.51652,-0.01652,0.9,0.90214,-0.00214,0.5,0.50677,-0.00677,0,0
1,PAUSE,934,19485.6,17,0.9,0.90227,-0.00227,0.5,0.51818,-0.01818,0.9,0.90214,-0.00214,0.5,0.50677,-0.00677,0,0
1,PAUSE,935,19506.1,17,0.9,0.90227,-0.00227,0.5,0.51486,-0.01486,0.9,0.90214,-0.00214,0.5,0.50677,-0.00677,0,0
1,PAUSE,936,19527.4,17,0.9,0.90052,-0.00052,0.5,0.51984,-0.01984,0.9,0.90214,-0.00214,0.5,0.50677,-0.00677,0,0
1,PAUSE,937,19548.6,17,0.9,0.90052,-0.00052,0.5,0.51652,-0.01652,0.9,0.90214,-0.00214,0.5,0.50677,-0.00677,0,0
1,PAUSE,938,19568.7,17,0.9,0.90401,-0.00401,0.5,0.51652,-0.01652,0.9,0.90214,-0.00214,0.5,0.50677,-0.00677,0,0
1,PAUSE,939,19589.0,17,0.9,0.90052,-0.00052,0.5,0.51652,-0.01652,0.9,0.90214,-0.00214,0.5,0.50677,-0.00677,0,0
1,MOVE,940,19609.9,-1,0.905,0.90052,0.00448,0.5,0.51652,-0.01652,0.905,0.9004,0.0046,0.5,0.51064,-0.01064,0,0
1,MOVE,941,19630.0,-1,0.91,0.90227,0.00773,0.5,0.51652,-0.01652,0.91,0.90388,0.00612,0.5,0.5087,-0.0087,0,0
1,MOVE,942,19651.0,-1,0.915,0.90052,0.01448,0.5,0.51652,-0.01652,0.915,0.90214,0.01286,0.5,0.50677,-0.00677,0,0
1,MOVE,943,19671.5,-1,0.92,0.90227,0.01773,0.5,0.51652,-0.01652,0.92,0.90388,0.01612,0.5,0.50677,-0.00677,0,0
1,MOVE,944,19692.5,-1,0.925,0.90227,0.02273,0.5,0.51652,-0.01652,0.925,0.90388,0.02112,0.5,0.50677,-0.00677,0,0
1,MOVE,945,19715.1,-1,0.93,0.90227,0.02773,0.5,0.51652,-0.01652,0.93,0.90388,0.02612,0.5,0.50677,-0.00677,0,0
1,MOVE,946,19734.9,-1,0.935,0.90401,0.03099,0.5,0.51652,-0.01652,0.935,0.90388,0.03112,0.5,0.50677,-0.00677,0,0
1,MOVE,947,19755.2,-1,0.94,0.90227,0.03773,0.5,0.51652,-0.01652,0.94,0.90214,0.03786,0.5,0.50677,-0.00677,0,0
1,MOVE,948,19775.9,-1,0.945,0.90227,0.04273,0.5,0.51652,-0.01652,0.945,0.90214,0.04286,0.5,0.5087,-0.0087,0,0
1,MOVE,949,19796.9,-1,0.95,0.90401,0.04599,0.5,0.51652,-0.01652,0.95,0.90388,0.04612,0.5,0.5087,-0.0087,0,0
1,PAUSE,950,19818.3,18,0.95,0.91449,0.03551,0.5,0.51652,-0.01652,0.95,0.91085,0.03915,0.5,0.5087,-0.0087,0,0
1,PAUSE,951,19839.3,18,0.95,0.91798,0.03202,0.5,0.51652,-0.01652,0.95,0.91433,0.03567,0.5,0.50677,-0.00677,0,0
1,PAUSE,952,19859.8,18,0.95,0.91972,0.03028,0.5,0.51486,-0.01486,0.95,0.91259,0.03741,0.5,0.5087,-0.0087,0,0
1,PAUSE,953,19881.0,18,0.95,0.92147,0.02853,0.5,0.51486,-0.01486,0.95,0.91955,0.03045,0.5,0.50677,-0.00677,0,0
1,PAUSE,954,19902.6,18,0.95,0.93194,0.01806,0.5,0.51652,-0.01652,0.95,0.92652,0.02348,0.5,0.50677,-0.00677,0,0
1,PAUSE,955,19923.4,18,0.95,0.93368,0.01632,0.5,0.51652,-0.01652,0.95,0.93174,0.01826,0.5,0.50677,-0.00677,0,0
1,PAUSE,956,19944.8,18,0.95,0.93892,0.01108,0.5,0.51984,-0.01984,0.95,0.93871,0.01129,0.5,0.50677,-0.00677,0,0
1,PAUSE,957,19964.6,18,0.95,0.94939,0.00061,0.5,0.51652,-0.01652,0.95,0.94916,0.00084,0.5,0.5087,-0.0087,0,0
1,PAUSE,958,19985.6,18,0.95,0.9459,0.0041,0.5,0.51652,-0.01652,0.95,0.94567,0.00433,0.5,0.50677,-0.00677,0,0
1,PAUSE,959,20005.7,18,0.95,0.94939,0.00061,0.5,0.51652,-0.01652,0.95,0.9509,-0.0009,0.5,0.50677,-0.00677,0,0
1,PAUSE,960,20027.3,18,0.95,0.94939,0.00061,0.5,0.51652,-0.01652,0.95,0.95264,-0.00264,0.5,0.50677,-0.00677,0,0
1,PAUSE,961,20047.7,18,0.95,0.94939,0.00061,0.5,0.51652,-0.01652,0.95,0.95264,-0.00264,0.5,0.50677,-0.00677,0,0
1,PAUSE,962,20068.0,18,0.95,0.94939,0.00061,0.5,0.51652,-0.01652,0.95,0.95264,-0.00264,0.5,0.50677,-0.00677,0,0
1,PAUSE,963,20090.5,18,0.95,0.95113,-0.00113,0.5,0.51652,-0.01652,0.95,0.95264,-0.00264,0.5,0.50677,-0.00677,0,0
1,PAUSE,964,20109.3,18,0.95,0.95113,-0.00113,0.5,0.51652,-0.01652,0.95,0.95264,-0.00264,0.5,0.5087,-0.0087,0,0
1,PAUSE,965,20129.5,18,0.95,0.95113,-0.00113,0.5,0.51652,-0.01652,0.95,0.95264,-0.00264,0.5,0.5087,-0.0087,0,0
1,PAUSE,966,20150.1,18,0.95,0.95113,-0.00113,0.5,0.51652,-0.01652,0.95,0.9509,-0.0009,0.5,0.50677,-0.00677,0,0
1,PAUSE,967,20171.2,18,0.95,0.94939,0.00061,0.5,0.51652,-0.01652,0.95,0.9509,-0.0009,0.5,0.5087,-0.0087,0,0
1,PAUSE,968,20192.1,18,0.95,0.94939,0.00061,0.5,0.51652,-0.01652,0.95,0.9509,-0.0009,0.5,0.50677,-0.00677,0,0
1,PAUSE,969,20213.4,18,0.95,0.94939,0.00061,0.5,0.51486,-0.01486,0.95,0.94916,0.00084,0.5,0.50677,-0.00677,0,0
1,PAUSE,970,20236.2,18,0.95,0.94939,0.00061,0.5,0.51652,-0.01652,0.95,0.95264,-0.00264,0.5,0.50677,-0.00677,0,0
1,PAUSE,971,20257.6,18,0.95,0.94939,0.00061,0.5,0.51652,-0.01652,0.95,0.95264,-0.00264,0.5,0.50677,-0.00677,0,0
1,PAUSE,972,20277.7,18,0.95,0.94939,0.00061,0.5,0.51652,-0.01652,0.95,0.9509,-0.0009,0.5,0.50677,-0.00677,0,0
1,PAUSE,973,20299.4,18,0.95,0.94939,0.00061,0.5,0.51652,-0.01652,0.95,0.95264,-0.00264,0.5,0.50677,-0.00677,0,0
1,PAUSE,974,20319.0,18,0.95,0.94939,0.00061,0.5,0.51652,-0.01652,0.95,0.95438,-0.00438,0.5,0.50677,-0.00677,0,0
1,PAUSE,975,20340.0,18,0.95,0.94764,0.00236,0.5,0.51652,-0.01652,0.95,0.95264,-0.00264,0.5,0.50677,-0.00677,0,0
1,PAUSE,976,20360.0,18,0.95,0.94939,0.00061,0.5,0.51652,-0.01652,0.95,0.95264,-0.00264,0.5,0.5087,-0.0087,0,0
1,PAUSE,977,20380.6,18,0.95,0.95113,-0.00113,0.5,0.51652,-0.01652,0.95,0.95264,-0.00264,0.5,0.50677,-0.00677,0,0
1,PAUSE,978,20401.5,18,0.95,0.94939,0.00061,0.5,0.51652,-0.01652,0.95,0.9509,-0.0009,0.5,0.50677,-0.00677,0,0
1,PAUSE,979,20422.9,18,0.95,0.94939,0.00061,0.5,0.51652,-0.01652,0.95,0.9509,-0.0009,0.5,0.50677,-0.00677,0,0
1,PAUSE,980,20445.5,18,0.95,0.95113,-0.00113,0.5,0.51652,-0.01652,0.95,0.9509,-0.0009,0.5,0.50677,-0.00677,0,0
1,PAUSE,981,20466.1,18,0.95,0.94939,0.00061,0.5,0.51652,-0.01652,0.95,0.9509,-0.0009,0.5,0.50677,-0.00677,0,0
1,PAUSE,982,20485.2,18,0.95,0.94939,0.00061,0.5,0.51486,-0.01486,0.95,0.9509,-0.0009,0.5,0.5087,-0.0087,0,0
1,PAUSE,983,20506.3,18,0.95,0.94939,0.00061,0.5,0.51984,-0.01984,0.95,0.95264,-0.00264,0.5,0.50677,-0.00677,0,0
1,PAUSE,984,20527.4,18,0.95,0.94939,0.00061,0.5,0.51652,-0.01652,0.95,0.94916,0.00084,0.5,0.5087,-0.0087,0,0
1,PAUSE,985,20548.0,18,0.95,0.94939,0.00061,0.5,0.51652,-0.01652,0.95,0.95438,-0.00438,0.5,0.50677,-0.00677,0,0
1,PAUSE,986,20567.7,18,0.95,0.94939,0.00061,0.5,0.51652,-0.01652,0.95,0.95264,-0.00264,0.5,0.50677,-0.00677,0,0
1,PAUSE,987,20590.8,18,0.95,0.94939,0.00061,0.5,0.51652,-0.01652,0.95,0.95264,-0.00264,0.5,0.5087,-0.0087,0,0
1,PAUSE,988,20612.0,18,0.95,0.95113,-0.00113,0.5,0.51652,-0.01652,0.95,0.94916,0.00084,0.5,0.50677,-0.00677,0,0
1,PAUSE,989,20631.0,18,0.95,0.94939,0.00061,0.5,0.51652,-0.01652,0.95,0.95264,-0.00264,0.5,0.50484,-0.00484,0,0
1,MOVE,990,20651.0,-1,0.955,0.94939,0.00561,0.5,0.51652,-0.01652,0.955,0.95264,0.00236,0.5,0.50677,-0.00677,0,0
1,MOVE,991,20671.8,-1,0.96,0.94939,0.01061,0.5,0.51652,-0.01652,0.96,0.95264,0.00736,0.5,0.5087,-0.0087,0,0
1,MOVE,992,20692.4,-1,0.965,0.95113,0.01387,0.5,0.51652,-0.01652,0.965,0.9509,0.0141,0.5,0.50677,-0.00677,0,0
1,MOVE,993,20713.4,-1,0.97,0.95113,0.01887,0.5,0.51486,-0.01486,0.97,0.9509,0.0191,0.5,0.50677,-0.00677,0,0
1,MOVE,994,20734.4,-1,0.975,0.94939,0.02561,0.5,0.51652,-0.01652,0.975,0.94916,0.02584,0.5,0.50677,-0.00677,0,0
1,MOVE,995,20755.3,-1,0.98,0.96161,0.01839,0.5,0.51652,-0.01652,0.98,0.9509,0.0291,0.5,0.50677,-0.00677,0,0
1,MOVE,996,20778.4,-1,0.985,0.95637,0.02863,0.5,0.51652,-0.01652,0.985,0.94916,0.03584,0.5,0.50677,-0.00677,0,0
1,MOVE,997,20801.4,-1,0.99,0.95462,0.03538,0.5,0.51818,-0.01818,0.99,0.95438,0.03562,0.5,0.50677,-0.00677,0,0
1,MOVE,998,20819.8,-1,0.995,0.94939,0.04561,0.5,0.51486,-0.01486,0.995,0.95438,0.04062,0.5,0.50677,-0.00677,0,0
1,MOVE,999,20839.2,-1,1.0,0.94939,0.05061,0.5,0.51652,-0.01652,1.0,0.95612,0.04388,0.5,0.50677,-0.00677,0,0
1,PAUSE,1000,20858.9,19,1.0,0.95288,0.04712,0.5,0.51652,-0.01652,1.0,0.9596,0.0404,0.5,0.50677,-0.00677,0,0
1,PAUSE,1001,20881.7,19,1.0,0.95637,0.04363,0.5,0.51652,-0.01652,1.0,0.96134,0.03866,0.5,0.50677,-0.00677,0,0
1,PAUSE,1002,20904.9,19,1.0,0.95986,0.04014,0.5,0.51652,-0.01652,1.0,0.96831,0.03169,0.5,0.5087,-0.0087,0,0
1,PAUSE,1003,20924.2,19,1.0,0.97557,0.02443,0.5,0.51652,-0.01652,1.0,0.97527,0.02473,0.5,0.50677,-0.00677,0,0
1,PAUSE,1004,20943.7,19,1.0,0.97557,0.02443,0.5,0.51652,-0.01652,1.0,0.97876,0.02124,0.5,0.50677,-0.00677,0,0
1,PAUSE,1005,20964.7,19,1.0,0.97382,0.02618,0.5,0.51652,-0.01652,1.0,0.98572,0.01428,0.5,0.5087,-0.0087,0,0
1,PAUSE,1006,20985.4,19,1.0,0.97906,0.02094,0.5,0.51652,-0.01652,1.0,0.9892,0.0108,0.5,0.50677,-0.00677,0,0
1,PAUSE,1007,21007.1,19,1.0,0.98429,0.01571,0.5,0.51652,-0.01652,1.0,0.99269,0.00731,0.5,0.50677,-0.00677,0,0
1,PAUSE,1008,21026.5,19,1.0,0.98604,0.01396,0.5,0.51652,-0.01652,1.0,0.99791,0.00209,0.5,0.50677,-0.00677,0,0
1,PAUSE,1009,21047.0,19,1.0,0.98953,0.01047,0.5,0.51652,-0.01652,1.0,0.99617,0.00383,0.5,0.50677,-0.00677,0,0
1,PAUSE,1010,21070.6,19,1.0,0.99127,0.00873,0.5,0.51652,-0.01652,1.0,0.99965,0.00035,0.5,0.5087,-0.0087,0,0
1,PAUSE,1011,21090.0,19,1.0,0.99302,0.00698,0.5,0.51652,-0.01652,1.0,0.99965,0.00035,0.5,0.50677,-0.00677,0,0
1,PAUSE,1012,21109.3,19,1.0,0.99302,0.00698,0.5,0.51652,-0.01652,1.0,0.99617,0.00383,0.5,0.50677,-0.00677,0,0
1,PAUSE,1013,21130.5,19,1.0,0.99302,0.00698,0.5,0.51652,-0.01652,1.0,0.99791,0.00209,0.5,0.50677,-0.00677,0,0
1,PAUSE,1014,21150.8,19,1.0,0.99302,0.00698,0.5,0.51652,-0.01652,1.0,0.99791,0.00209,0.5,0.5087,-0.0087,0,0
1,PAUSE,1015,21173.5,19,1.0,0.99302,0.00698,0.5,0.51652,-0.01652,1.0,0.99965,0.00035,0.5,0.5087,-0.0087,0,0
1,PAUSE,1016,21193.1,19,1.0,0.99302,0.00698,0.5,0.51652,-0.01652,1.0,0.99617,0.00383,0.5,0.5087,-0.0087,0,0
1,PAUSE,1017,21213.2,19,1.0,0.99127,0.00873,0.5,0.51652,-0.01652,1.0,0.99791,0.00209,0.5,0.50677,-0.00677,0,0
1,PAUSE,1018,21234.8,19,1.0,0.99302,0.00698,0.5,0.51652,-0.01652,1.0,0.99965,0.00035,0.5,0.50677,-0.00677,0,0
1,PAUSE,1019,21256.9,19,1.0,0.99127,0.00873,0.5,0.51652,-0.01652,1.0,0.99965,0.00035,0.5,0.5087,-0.0087,0,0
1,PAUSE,1020,21278.8,19,1.0,0.99476,0.00524,0.5,0.51652,-0.01652,1.0,0.99965,0.00035,0.5,0.50677,-0.00677,0,0
1,PAUSE,1021,21298.1,19,1.0,0.99302,0.00698,0.5,0.51652,-0.01652,1.0,0.99791,0.00209,0.5,0.5087,-0.0087,0,0
1,PAUSE,1022,21317.6,19,1.0,0.99651,0.00349,0.5,0.51652,-0.01652,1.0,0.99965,0.00035,0.5,0.50677,-0.00677,0,0
1,PAUSE,1023,21339.4,19,1.0,0.99127,0.00873,0.5,0.51652,-0.01652,1.0,0.99617,0.00383,0.5,0.50677,-0.00677,0,0
1,PAUSE,1024,21361.3,19,1.0,0.99302,0.00698,0.5,0.5132,-0.0132,1.0,0.99791,0.00209,0.5,0.50677,-0.00677,0,0
1,PAUSE,1025,21381.9,19,1.0,0.99302,0.00698,0.5,0.51652,-0.01652,1.0,0.99791,0.00209,0.5,0.50677,-0.00677,0,0
1,PAUSE,1026,21402.3,19,1.0,0.99476,0.00524,0.5,0.51818,-0.01818,1.0,0.99791,0.00209,0.5,0.50677,-0.00677,0,0
1,PAUSE,1027,21425.1,19,1.0,1.0,0.0,0.5,0.51486,-0.01486,1.0,0.99965,0.00035,0.5,0.5087,-0.0087,0,0
1,PAUSE,1028,21444.7,19,1.0,0.99651,0.00349,0.5,0.51652,-0.01652,1.0,0.99791,0.00209,0.5,0.50677,-0.00677,0,0
1,PAUSE,1029,21464.6,19,1.0,0.99651,0.00349,0.5,0.51652,-0.01652,1.0,0.99965,0.00035,0.5,0.50677,-0.00677,0,0
1,PAUSE,1030,21484.8,19,1.0,1.0,0.0,0.5,0.51652,-0.01652,1.0,0.99617,0.00383,0.5,0.50677,-0.00677,0,0
1,PAUSE,1031,21505.8,19,1.0,1.0,0.0,0.5,0.51652,-0.01652,1.0,0.99791,0.00209,0.5,0.5087,-0.0087,0,0
1,PAUSE,1032,21526.9,19,1.0,1.0,0.0,0.5,0.51818,-0.01818,1.0,0.99617,0.00383,0.5,0.5087,-0.0087,0,0
1,PAUSE,1033,21548.9,19,1.0,1.0,0.0,0.5,0.51652,-0.01652,1.0,0.99791,0.00209,0.5,0.5087,-0.0087,0,0
1,PAUSE,1034,21570.9,19,1.0,1.0,0.0,0.5,0.51486,-0.01486,1.0,0.99791,0.00209,0.5,0.5087,-0.0087,0,0
1,PAUSE,1035,21590.2,19,1.0,1.0,0.0,0.5,0.51652,-0.01652,1.0,0.99791,0.00209,0.5,0.50677,-0.00677,0,0
1,PAUSE,1036,21609.2,19,1.0,0.99825,0.00175,0.5,0.51652,-0.01652,1.0,1.0,0.0,0.5,0.50677,-0.00677,0,0
1,PAUSE,1037,21629.9,19,1.0,1.0,0.0,0.5,0.51652,-0.01652,1.0,0.99791,0.00209,0.5,0.5087,-0.0087,0,0
1,PAUSE,1038,21651.8,19,1.0,1.0,0.0,0.5,0.51652,-0.01652,1.0,0.99791,0.00209,0.5,0.50484,-0.00484,0,0
1,PAUSE,1039,21672.4,19,1.0,1.0,0.0,0.5,0.51652,-0.01652,1.0,0.99791,0.00209,0.5,0.5087,-0.0087,0,0
1,HOLD_END,1040,21692.3,-1,1.0,0.99825,0.00175,0.5,0.51652,-0.01652,1.0,0.99965,0.00035,0.5,0.50677,-0.00677,0,0
1,HOLD_END,1041,21715.1,-1,1.0,1.0,0.0,0.5,0.51486,-0.01486,1.0,0.99791,0.00209,0.5,0.50677,-0.00677,0,0
1,HOLD_END,1042,21737.0,-1,1.0,1.0,0.0,0.5,0.51486,-0.01486,1.0,0.99965,0.00035,0.5,0.5087,-0.0087,0,0
1,HOLD_END,1043,21755.1,-1,1.0,1.0,0.0,0.5,0.51652,-0.01652,1.0,0.99617,0.00383,0.5,0.50677,-0.00677,0,0
1,HOLD_END,1044,21776.5,-1,1.0,1.0,0.0,0.5,0.51652,-0.01652,1.0,0.99791,0.00209,0.5,0.50677,-0.00677,0,0
1,HOLD_END,1045,21798.5,-1,1.0,1.0,0.0,0.5,0.51652,-0.01652,1.0,0.99791,0.00209,0.5,0.50677,-0.00677,0,0
1,HOLD_END,1046,21821.5,-1,1.0,1.0,0.0,0.5,0.51652,-0.01652,1.0,0.99791,0.00209,0.5,0.50677,-0.00677,0,0
1,HOLD_END,1047,21841.0,-1,1.0,1.0,0.0,0.5,0.51652,-0.01652,1.0,0.99791,0.00209,0.5,0.5087,-0.0087,0,0
1,HOLD_END,1048,21860.0,-1,1.0,1.0,0.0,0.5,0.51652,-0.01652,1.0,0.99617,0.00383,0.5,0.50677,-0.00677,0,0
1,HOLD_END,1049,21882.9,-1,1.0,1.0,0.0,0.5,0.51652,-0.01652,1.0,0.99791,0.00209,0.5,0.50677,-0.00677,0,0
1,HOLD_END,1050,21903.1,-1,1.0,1.0,0.0,0.5,0.51486,-0.01486,1.0,0.99617,0.00383,0.5,0.50677,-0.00677,0,0
1,HOLD_END,1051,21923.6,-1,1.0,1.0,0.0,0.5,0.51652,-0.01652,1.0,0.99965,0.00035,0.5,0.50677,-0.00677,0,0
1,HOLD_END,1052,21943.3,-1,1.0,1.0,0.0,0.5,0.51652,-0.01652,1.0,0.99791,0.00209,0.5,0.50677,-0.00677,0,0
1,HOLD_END,1053,21963.8,-1,1.0,1.0,0.0,0.5,0.51652,-0.01652,1.0,0.99791,0.00209,0.5,0.50677,-0.00677,0,0
1,HOLD_END,1054,21986.0,-1,1.0,1.0,0.0,0.5,0.51486,-0.01486,1.0,0.99965,0.00035,0.5,0.5087,-0.0087,0,0
1,HOLD_END,1055,22007.1,-1,1.0,1.0,0.0,0.5,0.51652,-0.01652,1.0,0.99791,0.00209,0.5,0.50677,-0.00677,0,0
1,HOLD_END,1056,22028.2,-1,1.0,1.0,0.0,0.5,0.51652,-0.01652,1.0,0.99791,0.00209,0.5,0.5087,-0.0087,0,0
1,HOLD_END,1057,22049.0,-1,1.0,1.0,0.0,0.5,0.51652,-0.01652,1.0,0.99791,0.00209,0.5,0.5087,-0.0087,0,0
1,HOLD_END,1058,22070.3,-1,1.0,1.0,0.0,0.5,0.51652,-0.01652,1.0,0.99965,0.00035,0.5,0.50677,-0.00677,0,0
1,HOLD_END,1059,22089.1,-1,1.0,0.99825,0.00175,0.5,0.51652,-0.01652,1.0,0.99791,0.00209,0.5,0.50677,-0.00677,0,0
1,HOLD_END,1060,22111.5,-1,1.0,0.99825,0.00175,0.5,0.51486,-0.01486,1.0,0.99791,0.00209,0.5,0.50677,-0.00677,0,0
1,HOLD_END,1061,22132.9,-1,1.0,1.0,0.0,0.5,0.51652,-0.01652,1.0,0.99791,0.00209,0.5,0.50677,-0.00677,0,0
1,HOLD_END,1062,22152.6,-1,1.0,1.0,0.0,0.5,0.51652,-0.01652,1.0,0.99791,0.00209,0.5,0.50677,-0.00677,0,0
1,HOLD_END,1063,22172.5,-1,1.0,1.0,0.0,0.5,0.51652,-0.01652,1.0,0.99965,0.00035,0.5,0.5087,-0.0087,0,0
1,HOLD_END,1064,22192.3,-1,1.0,1.0,0.0,0.5,0.51486,-0.01486,1.0,0.99965,0.00035,0.5,0.5087,-0.0087,0,0
1,HOLD_END,1065,22213.9,-1,1.0,0.99825,0.00175,0.5,0.51652,-0.01652,1.0,0.99965,0.00035,0.5,0.50677,-0.00677,0,0
1,HOLD_END,1066,22236.0,-1,1.0,1.0,0.0,0.5,0.51652,-0.01652,1.0,0.99791,0.00209,0.5,0.5087,-0.0087,0,0
1,HOLD_END,1067,22258.7,-1,1.0,1.0,0.0,0.5,0.51652,-0.01652,1.0,0.99791,0.00209,0.5,0.50677,-0.00677,0,0
1,HOLD_END,1068,22277.9,-1,1.0,1.0,0.0,0.5,0.51652,-0.01652,1.0,0.99791,0.00209,0.5,0.50677,-0.00677,0,0
1,HOLD_END,1069,22296.4,-1,1.0,1.0,0.0,0.5,0.51652,-0.01652,1.0,0.99791,0.00209,0.5,0.50677,-0.00677,0,0
1,HOLD_END,1070,22318.1,-1,1.0,1.0,0.0,0.5,0.51486,-0.01486,1.0,0.99791,0.00209,0.5,0.50677,-0.00677,0,0
1,HOLD_END,1071,22340.1,-1,1.0,1.0,0.0,0.5,0.51652,-0.01652,1.0,0.99791,0.00209,0.5,0.5087,-0.0087,0,0
1,HOLD_END,1072,22360.4,-1,1.0,1.0,0.0,0.5,0.51652,-0.01652,1.0,0.99791,0.00209,0.5,0.50677,-0.00677,0,0
1,HOLD_END,1073,22381.3,-1,1.0,1.0,0.0,0.5,0.51652,-0.01652,1.0,0.99791,0.00209,0.5,0.50677,-0.00677,0,0
1,HOLD_END,1074,22404.7,-1,1.0,1.0,0.0,0.5,0.51486,-0.01486,1.0,0.99791,0.00209,0.5,0.5087,-0.0087,0,0
1,HOLD_END,1075,22424.1,-1,1.0,1.0,0.0,0.5,0.51652,-0.01652,1.0,0.99617,0.00383,0.5,0.50677,-0.00677,0,0
1,HOLD_END,1076,22443.3,-1,1.0,1.0,0.0,0.5,0.51652,-0.01652,1.0,0.99791,0.00209,0.5,0.50677,-0.00677,0,0
1,HOLD_END,1077,22464.1,-1,1.0,1.0,0.0,0.5,0.51652,-0.01652,1.0,0.99791,0.00209,0.5,0.50677,-0.00677,0,0
1,HOLD_END,1078,22484.5,-1,1.0,0.99825,0.00175,0.5,0.51652,-0.01652,1.0,0.99791,0.00209,0.5,0.5087,-0.0087,0,0
1,HOLD_END,1079,22504.7,-1,1.0,1.0,0.0,0.5,0.51486,-0.01486,1.0,1.0,0.0,0.5,0.50677,-0.00677,0,0
1,HOLD_END,1080,22526.9,-1,1.0,1.0,0.0,0.5,0.51652,-0.01652,1.0,0.99791,0.00209,0.5,0.50677,-0.00677,0,0
1,HOLD_END,1081,22547.5,-1,1.0,1.0,0.0,0.5,0.51486,-0.01486,1.0,0.99791,0.00209,0.5,0.5087,-0.0087,0,0
1,HOLD_END,1082,22569.8,-1,1.0,1.0,0.0,0.5,0.51652,-0.01652,1.0,0.99791,0.00209,0.5,0.50677,-0.00677,0,0
1,HOLD_END,1083,22592.2,-1,1.0,0.99825,0.00175,0.5,0.51652,-0.01652,1.0,0.99617,0.00383,0.5,0.50677,-0.00677,0,0
1,HOLD_END,1084,22611.6,-1,1.0,1.0,0.0,0.5,0.51652,-0.01652,1.0,0.99791,0.00209,0.5,0.50677,-0.00677,0,0
1,HOLD_END,1085,22630.7,-1,1.0,1.0,0.0,0.5,0.51652,-0.01652,1.0,0.99617,0.00383,0.5,0.50677,-0.00677,0,0
1,HOLD_END,1086,22651.7,-1,1.0,1.0,0.0,0.5,0.51486,-0.01486,1.0,0.99617,0.00383,0.5,0.5087,-0.0087,0,0
1,HOLD_END,1087,22672.7,-1,1.0,1.0,0.0,0.5,0.51652,-0.01652,1.0,0.99791,0.00209,0.5,0.5087,-0.0087,0,0
1,HOLD_END,1088,22695.1,-1,1.0,0.99825,0.00175,0.5,0.51652,-0.01652,1.0,0.99791,0.00209,0.5,0.5087,-0.0087,0,0
1,HOLD_END,1089,22716.1,-1,1.0,1.0,0.0,0.5,0.51652,-0.01652,1.0,0.99617,0.00383,0.5,0.5087,-0.0087,0,0
1,HOLD_END,1090,22737.9,-1,1.0,1.0,0.0,0.5,0.51652,-0.01652,1.0,0.99791,0.00209,0.5,0.50677,-0.00677,0,0
1,HOLD_END,1091,22757.1,-1,1.0,1.0,0.0,0.5,0.51652,-0.01652,1.0,0.99791,0.00209,0.5,0.50677,-0.00677,0,0
1,HOLD_END,1092,22775.9,-1,1.0,1.0,0.0,0.5,0.51652,-0.01652,1.0,0.99791,0.00209,0.5,0.5087,-0.0087,0,0
1,HOLD_END,1093,22799.5,-1,1.0,1.0,0.0,0.5,0.51486,-0.01486,1.0,0.99791,0.00209,0.5,0.5087,-0.0087,0,0
1,HOLD_END,1094,22818.1,-1,1.0,1.0,0.0,0.5,0.51652,-0.01652,1.0,0.99791,0.00209,0.5,0.50677,-0.00677,0,0
1,HOLD_END,1095,22839.1,-1,1.0,1.0,0.0,0.5,0.51486,-0.01486,1.0,0.99791,0.00209,0.5,0.51064,-0.01064,0,0
1,HOLD_END,1096,22860.2,-1,1.0,1.0,0.0,0.5,0.51652,-0.01652,1.0,0.99617,0.00383,0.5,0.5087,-0.0087,0,0
1,HOLD_END,1097,22880.9,-1,1.0,1.0,0.0,0.5,0.51652,-0.01652,1.0,0.99791,0.00209,0.5,0.5087,-0.0087,0,0
1,HOLD_END,1098,22903.0,-1,1.0,0.99825,0.00175,0.5,0.51652,-0.01652,1.0,0.99791,0.00209,0.5,0.5087,-0.0087,0,0
1,HOLD_END,1099,22922.9,-1,1.0,1.0,0.0,0.5,0.51652,-0.01652,1.0,0.99965,0.00035,0.5,0.50677,-0.00677,0,0
