cycle,step,t_ms,phase,servo8_q_target,servo8_q_measured,servo8_q_delta,servo6_q_target,servo6_q_measured,servo6_q_delta
0,0,809.4,SETTLE,0.0,0.0,0.0,0.0,0.00174,-0.00174
0,1,831.1,SETTLE,0.0,0.0,0.0,0.0,0.00174,-0.00174
0,2,852.3,SETTLE,0.0,0.0,0.0,0.0,0.00174,-0.00174
0,3,873.4,SETTLE,0.0,0.0,0.0,0.0,0.00174,-0.00174
0,4,891.7,SETTLE,0.0,0.0,0.0,0.0,0.00174,-0.00174
0,5,914.2,SETTLE,0.0,0.0,0.0,0.0,0.00174,-0.00174
0,6,934.2,SETTLE,0.0,0.0,0.0,0.0,0.00174,-0.00174
0,7,955.7,SETTLE,0.0,0.0,0.0,0.0,0.00174,-0.00174
0,8,977.0,SETTLE,0.0,0.0,0.0,0.0,0.00174,-0.00174
0,9,997.5,SETTLE,0.0,0.0,0.0,0.0,0.00174,-0.00174
0,10,1016.3,SETTLE,0.0,0.0,0.0,0.0,0.00174,-0.00174
0,11,1037.1,SETTLE,0.0,0.0,0.0,0.0,0.00174,-0.00174
0,12,1059.8,SETTLE,0.0,0.0,0.0,0.0,0.00174,-0.00174
0,13,1080.8,SETTLE,0.0,0.0,0.0,0.0,0.0,0.0
0,14,1101.8,SETTLE,0.0,0.0,0.0,0.0,0.00174,-0.00174
0,15,1122.2,SETTLE,0.0,0.0,0.0,0.0,0.00174,-0.00174
0,16,1142.8,SETTLE,0.0,0.0,0.0,0.0,0.00174,-0.00174
0,17,1164.4,SETTLE,0.0,0.0,0.0,0.0,0.00174,-0.00174
0,18,1184.9,SETTLE,0.0,0.0,0.0,0.0,0.00174,-0.00174
0,19,1204.2,SETTLE,0.0,0.0,0.0,0.0,0.00174,-0.00174
0,20,1226.8,SETTLE,0.0,0.0,0.0,0.0,0.00174,-0.00174
0,21,1247.3,SETTLE,0.0,0.0,0.0,0.0,0.00174,-0.00174
0,22,1266.2,SETTLE,0.0,0.0,0.0,0.0,0.00174,-0.00174
0,23,1287.3,SETTLE,0.0,0.0,0.0,0.0,0.00174,-0.00174
0,24,1307.6,SETTLE,0.0,0.0,0.0,0.0,0.00174,-0.00174
0,25,1328.3,SETTLE,0.0,0.0,0.0,0.0,0.00174,-0.00174
0,26,1350.8,SETTLE,0.0,0.0,0.0,0.0,0.00174,-0.00174
0,27,1370.4,SETTLE,0.0,0.0,0.0,0.0,0.00174,-0.00174
0,28,1392.3,SETTLE,0.0,0.0,0.0,0.0,0.00174,-0.00174
0,29,1414.2,SETTLE,0.0,0.0,0.0,0.0,0.00174,-0.00174
0,30,1435.5,CLOSE,0.003,0.0,0.003,0.003,0.00174,0.00126
0,31,1456.5,CLOSE,0.006,0.0,0.006,0.006,0.00174,0.00426
0,32,1477.5,CLOSE,0.009,0.0,0.009,0.009,0.00174,0.00726
0,33,1498.3,CLOSE,0.012,0.0,0.012,0.012,0.00174,0.01026
0,34,1518.3,CLOSE,0.015,0.0,0.015,0.015,0.00174,0.01326
0,35,1539.5,CLOSE,0.018,0.0,0.018,0.018,0.00174,0.01626
0,36,1560.3,CLOSE,0.021,0.0,0.021,0.021,0.00174,0.01926
0,37,1581.3,CLOSE,0.024,0.0,0.024,0.024,0.00174,0.02226
0,38,1601.6,CLOSE,0.027,0.0,0.027,0.027,0.0,0.027
0,39,1623.9,CLOSE,0.03,0.0,0.03,0.03,0.00174,0.02826
0,40,1644.9,CLOSE,0.033,0.00173,0.03127,0.033,0.00174,0.03126
0,41,1666.1,CLOSE,0.036,0.0,0.036,0.036,0.00174,0.03426
0,42,1686.3,CLOSE,0.039,0.00693,0.03207,0.039,0.00347,0.03553
0,43,1707.1,CLOSE,0.042,0.00693,0.03507,0.042,0.00868,0.03332
0,44,1727.9,CLOSE,0.045,0.00867,0.03633,0.045,0.01042,0.03458
0,45,1747.6,CLOSE,0.048,0.01733,0.03067,0.048,0.0191,0.0289
0,46,1769.5,CLOSE,0.051,0.0208,0.0302,0.051,0.02431,0.02669
0,47,1790.1,CLOSE,0.054,0.02773,0.02627,0.054,0.03472,0.01928
0,48,1811.1,CLOSE,0.057,0.03293,0.02407,0.057,0.04514,0.01186
0,49,1832.8,CLOSE,0.06,0.03986,0.02014,0.06,0.04861,0.01139
0,50,1853.6,CLOSE,0.063,0.04506,0.01794,0.063,0.05382,0.00918
0,51,1874.4,CLOSE,0.066,0.05026,0.01574,0.066,0.06076,0.00524
0,52,1894.2,CLOSE,0.069,0.05373,0.01527,0.069,0.06597,0.00303
0,53,1916.3,CLOSE,0.072,0.05893,0.01307,0.072,0.06944,0.00256
0,54,1936.3,CLOSE,0.075,0.06239,0.01261,0.075,0.07292,0.00208
0,55,1955.7,CLOSE,0.078,0.06412,0.01388,0.078,0.07292,0.00508
0,56,1976.6,CLOSE,0.081,0.06759,0.01341,0.081,0.07292,0.00808
0,57,1997.4,CLOSE,0.084,0.06932,0.01468,0.084,0.07292,0.01108
0,58,2018.4,CLOSE,0.087,0.07106,0.01594,0.087,0.07292,0.01408
0,59,2039.9,CLOSE,0.09,0.07106,0.01894,0.09,0.07639,0.01361
0,60,2061.6,CLOSE,0.093,0.07106,0.02194,0.093,0.07292,0.02008
0,61,2081.9,CLOSE,0.096,0.07279,0.02321,0.096,0.07292,0.02308
0,62,2101.2,CLOSE,0.099,0.07279,0.02621,0.099,0.08507,0.01393
0,63,2123.1,CLOSE,0.102,0.07972,0.02228,0.102,0.07465,0.02735
0,64,2143.7,CLOSE,0.105,0.07279,0.03221,0.105,0.07639,0.02861
0,65,2166.1,CLOSE,0.108,0.07626,0.03174,0.108,0.07812,0.02988
0,66,2187.1,CLOSE,0.111,0.07626,0.03474,0.111,0.0816,0.0294
0,67,2206.7,CLOSE,0.114,0.08492,0.02908,0.114,0.08507,0.02893
0,68,2226.7,CLOSE,0.117,0.08146,0.03554,0.117,0.08854,0.02846
0,69,2248.9,CLOSE,0.12,0.08492,0.03508,0.12,0.09201,0.02799
0,70,2269.1,CLOSE,0.123,0.08839,0.03461,0.123,0.09549,0.02751
0,71,2290.2,CLOSE,0.126,0.09185,0.03415,0.126,0.10243,0.02357
0,72,2310.9,CLOSE,0.129,0.09705,0.03195,0.129,0.10243,0.02657
0,73,2333.2,CLOSE,0.132,0.10225,0.02975,0.132,0.10938,0.02263
0,74,2353.5,CLOSE,0.135,0.10919,0.02581,0.135,0.11285,0.02215
0,75,2373.8,CLOSE,0.138,0.11092,0.02708,0.138,0.11632,0.02168
0,76,2393.4,CLOSE,0.141,0.11612,0.02488,0.141,0.11806,0.02294
0,77,2414.0,CLOSE,0.144,0.11958,0.02442,0.144,0.12153,0.02247
0,78,2434.2,CLOSE,0.147,0.12305,0.02395,0.147,0.12674,0.02026
0,79,2456.1,CLOSE,0.15,0.12652,0.02348,0.15,0.12847,0.02153
0,80,2479.1,CLOSE,0.153,0.12998,0.02302,0.153,0.13021,0.02279
0,81,2498.5,CLOSE,0.156,0.13345,0.02255,0.156,0.13368,0.02232
0,82,2518.0,CLOSE,0.159,0.13518,0.02382,0.159,0.13542,0.02358
0,83,2541.7,CLOSE,0.162,0.13865,0.02335,0.162,0.14062,0.02138
0,84,2561.4,CLOSE,0.165,0.14038,0.02462,0.165,0.14236,0.02264
0,85,2582.7,CLOSE,0.168,0.14038,0.02762,0.168,0.1441,0.0239
0,86,2604.2,CLOSE,0.171,0.14558,0.02542,0.171,0.14757,0.02343
0,87,2622.8,CLOSE,0.174,0.14731,0.02669,0.174,0.15104,0.02296
0,88,2643.0,CLOSE,0.177,0.14905,0.02795,0.177,0.15451,0.02249
0,89,2664.2,CLOSE,0.18,0.15251,0.02749,0.18,0.15799,0.02201
0,90,2684.7,CLOSE,0.183,0.15945,0.02355,0.183,0.15972,0.02328
0,91,2708.2,CLOSE,0.186,0.15771,0.02829,0.186,0.16319,0.02281
0,92,2729.1,CLOSE,0.189,0.16118,0.02782,0.189,0.1684,0.0206
0,93,2748.9,CLOSE,0.192,0.16638,0.02562,0.192,0.17014,0.02186
0,94,2770.3,CLOSE,0.195,0.16811,0.02689,0.195,0.17361,0.02139
0,95,2791.8,CLOSE,0.198,0.17158,0.02642,0.198,0.17708,0.02092
0,96,2812.2,CLOSE,0.201,0.18024,0.02076,0.201,0.17882,0.02218
0,97,2830.8,CLOSE,0.204,0.17851,0.02549,0.204,0.18229,0.02171
0,98,2851.7,CLOSE,0.207,0.18198,0.02502,0.207,0.18403,0.02297
0,99,2873.7,CLOSE,0.21,0.18718,0.02282,0.21,0.1875,0.0225
0,100,2894.5,CLOSE,0.213,0.18891,0.02409,0.213,0.19097,0.02203
0,101,2916.0,CLOSE,0.216,0.19237,0.02363,0.216,0.19444,0.02156
0,102,2936.1,CLOSE,0.219,0.19584,0.02316,0.219,0.19792,0.02108
0,103,2957.2,CLOSE,0.222,0.19757,0.02443,0.222,0.19965,0.02235
0,104,2978.1,CLOSE,0.225,0.20104,0.02396,0.225,0.20139,0.02361
0,105,2999.0,CLOSE,0.228,0.20624,0.02176,0.228,0.20486,0.02314
0,106,3018.7,CLOSE,0.231,0.20624,0.02476,0.231,0.2066,0.0244
0,107,3040.4,CLOSE,0.234,0.20971,0.02429,0.234,0.21007,0.02393
0,108,3060.7,CLOSE,0.237,0.21144,0.02556,0.237,0.21354,0.02346
0,109,3082.2,CLOSE,0.24,0.2149,0.0251,0.24,0.21701,0.02299
0,110,3102.8,CLOSE,0.243,0.21837,0.02463,0.243,0.22049,0.02251
0,111,3124.3,CLOSE,0.246,0.2201,0.0259,0.246,0.21875,0.02725
0,112,3144.5,CLOSE,0.249,0.20624,0.04276,0.249,0.22569,0.02331
0,113,3167.0,CLOSE,0.252,0.22704,0.02496,0.252,0.2309,0.0211
0,114,3186.5,CLOSE,0.255,0.2305,0.0245,0.255,0.23438,0.02063
0,115,3207.1,CLOSE,0.258,0.23397,0.02403,0.258,0.23785,0.02015
0,116,3228.3,CLOSE,0.261,0.23744,0.02356,0.261,0.24132,0.01968
0,117,3248.8,CLOSE,0.264,0.2409,0.0231,0.264,0.24479,0.01921
0,118,3271.1,CLOSE,0.267,0.24263,0.02437,0.267,0.24826,0.01874
0,119,3290.3,CLOSE,0.27,0.24783,0.02217,0.27,0.25174,0.01826
0,120,3311.8,CLOSE,0.273,0.24957,0.02343,0.273,0.25347,0.01953
0,121,3332.6,CLOSE,0.276,0.25477,0.02123,0.276,0.25694,0.01906
0,122,3351.9,CLOSE,0.279,0.25477,0.02423,0.279,0.26736,0.01164
0,123,3373.1,CLOSE,0.282,0.25823,0.02377,0.282,0.26389,0.01811
0,124,3393.3,CLOSE,0.285,0.25997,0.02503,0.285,0.26736,0.01764
0,125,3414.2,CLOSE,0.288,0.26343,0.02457,0.288,0.2691,0.0189
0,126,3436.7,CLOSE,0.291,0.2669,0.0241,0.291,0.27083,0.02017
0,127,3456.9,CLOSE,0.294,0.26863,0.02537,0.294,0.27431,0.01969
0,128,3477.5,CLOSE,0.297,0.2721,0.0249,0.297,0.28299,0.01401
0,129,3498.7,CLOSE,0.3,0.27556,0.02444,0.3,0.28472,0.01528
0,130,3520.4,CLOSE,0.303,0.27903,0.02397,0.303,0.28299,0.02001
0,131,3540.5,CLOSE,0.306,0.28076,0.02524,0.306,0.28646,0.01954
0,132,3560.4,CLOSE,0.309,0.28423,0.02477,0.309,0.28993,0.01907
0,133,3582.6,CLOSE,0.312,0.28769,0.02431,0.312,0.29167,0.02033
0,134,3603.6,CLOSE,0.315,0.29116,0.02384,0.315,0.29514,0.01986
0,135,3625.2,CLOSE,0.318,0.29463,0.02337,0.318,0.29688,0.02113
0,136,3644.8,CLOSE,0.321,0.29636,0.02464,0.321,0.30035,0.02065
0,137,3667.2,CLOSE,0.324,0.29809,0.02591,0.324,0.30382,0.02018
0,138,3687.3,CLOSE,0.327,0.29983,0.02717,0.327,0.30382,0.02318
0,139,3708.2,CLOSE,0.33,0.29983,0.03017,0.33,0.30382,0.02618
0,140,3729.5,CLOSE,0.333,0.30156,0.03144,0.333,0.30729,0.02571
0,141,3749.3,CLOSE,0.336,0.30503,0.03097,0.336,0.30903,0.02697
0,142,3768.6,CLOSE,0.339,0.31023,0.02877,0.339,0.31424,0.02476
0,143,3790.0,CLOSE,0.342,0.31369,0.02831,0.342,0.31771,0.02429
0,144,3809.8,CLOSE,0.345,0.31889,0.02611,0.345,0.32465,0.02035
0,145,3832.5,CLOSE,0.348,0.32409,0.02391,0.348,0.32812,0.01988
0,146,3852.9,CLOSE,0.351,0.32929,0.02171,0.351,0.3316,0.0194
0,147,3874.1,CLOSE,0.354,0.33449,0.01951,0.354,0.33507,0.01893
0,148,3894.3,CLOSE,0.357,0.33969,0.01731,0.357,0.34028,0.01672
0,149,3914.8,CLOSE,0.36,0.34315,0.01685,0.36,0.34896,0.01104
0,150,3934.6,CLOSE,0.363,0.34489,0.01811,0.363,0.34722,0.01578
0,151,3955.0,CLOSE,0.366,0.34835,0.01765,0.366,0.35069,0.01531
0,152,3977.4,CLOSE,0.369,0.35182,0.01718,0.369,0.35243,0.01657
0,153,3997.4,CLOSE,0.372,0.35529,0.01671,0.372,0.3559,0.0161
0,154,4020.1,CLOSE,0.375,0.35875,0.01625,0.375,0.36111,0.01389
0,155,4042.3,CLOSE,0.378,0.36049,0.01751,0.378,0.36285,0.01515
0,156,4061.8,CLOSE,0.381,0.36395,0.01705,0.381,0.36632,0.01468
0,157,4083.4,CLOSE,0.384,0.36395,0.02005,0.384,0.36806,0.01594
0,158,4104.0,CLOSE,0.387,0.36742,0.01958,0.387,0.37326,0.01374
0,159,4125.5,CLOSE,0.39,0.37955,0.01045,0.39,0.37326,0.01674
0,160,4146.0,CLOSE,0.393,0.37088,0.02212,0.393,0.37674,0.01626
0,161,4168.5,CLOSE,0.396,0.37435,0.02165,0.396,0.37674,0.01926
0,162,4188.9,CLOSE,0.399,0.37608,0.02292,0.399,0.38194,0.01706
0,163,4208.4,CLOSE,0.402,0.37955,0.02245,0.402,0.38368,0.01832
0,164,4229.2,CLOSE,0.405,0.38128,0.02372,0.405,0.38715,0.01785
0,165,4248.6,CLOSE,0.408,0.38475,0.02325,0.408,0.38889,0.01911
0,166,4268.8,CLOSE,0.411,0.38648,0.02452,0.411,0.39236,0.01864
0,167,4291.6,CLOSE,0.414,0.38995,0.02405,0.414,0.40278,0.01122
0,168,4310.2,CLOSE,0.417,0.39341,0.02359,0.417,0.39757,0.01943
0,169,4330.4,CLOSE,0.42,0.39688,0.02312,0.42,0.40104,0.01896
0,170,4352.8,CLOSE,0.423,0.40555,0.01745,0.423,0.40451,0.01849
0,171,4373.3,CLOSE,0.426,0.40381,0.02219,0.426,0.40625,0.01975
0,172,4395.1,CLOSE,0.429,0.40728,0.02172,0.429,0.41146,0.01754
0,173,4415.7,CLOSE,0.432,0.40901,0.02299,0.432,0.41319,0.01881
0,174,4437.2,CLOSE,0.435,0.41421,0.02079,0.435,0.41667,0.01833
0,175,4457.3,CLOSE,0.438,0.41768,0.02032,0.438,0.4184,0.0196
0,176,4477.2,CLOSE,0.441,0.41941,0.02159,0.441,0.42188,0.01913
0,177,4498.9,CLOSE,0.444,0.42288,0.02112,0.444,0.42535,0.01865
0,178,4519.9,CLOSE,0.447,0.42461,0.02239,0.447,0.42882,0.01818
0,179,4541.2,CLOSE,0.45,0.42981,0.02019,0.45,0.43229,0.01771
0,180,4562.3,CLOSE,0.453,0.44194,0.01106,0.453,0.43576,0.01724
0,181,4582.2,CLOSE,0.456,0.43501,0.02099,0.456,0.4375,0.0185
0,182,4604.8,CLOSE,0.459,0.43674,0.02226,0.459,0.44097,0.01803
0,183,4623.6,CLOSE,0.462,0.44887,0.01313,0.462,0.44618,0.01582
0,184,4644.3,CLOSE,0.465,0.44367,0.02133,0.465,0.44792,0.01708
0,185,4666.6,CLOSE,0.468,0.44714,0.02086,0.468,0.45312,0.01488
0,186,4687.0,CLOSE,0.471,0.45061,0.02039,0.471,0.4566,0.0144
0,187,4708.1,CLOSE,0.474,0.45407,0.01993,0.474,0.46007,0.01393
0,188,4728.9,CLOSE,0.477,0.45754,0.01946,0.477,0.46181,0.01519
0,189,4748.3,CLOSE,0.48,0.45927,0.02073,0.48,0.46528,0.01472
0,190,4768.0,CLOSE,0.483,0.46274,0.02026,0.483,0.46701,0.01599
0,191,4789.8,CLOSE,0.486,0.46447,0.02153,0.486,0.46875,0.01725
0,192,4810.3,CLOSE,0.489,0.46794,0.02106,0.489,0.47396,0.01504
0,193,4833.2,CLOSE,0.492,0.46967,0.02233,0.492,0.47569,0.01631
0,194,4853.6,CLOSE,0.495,0.47314,0.02186,0.495,0.47917,0.01583
0,195,4874.4,CLOSE,0.498,0.48354,0.01446,0.498,0.4809,0.0171
0,196,4895.1,CLOSE,0.501,0.47834,0.02266,0.501,0.48264,0.01836
0,197,4915.4,CLOSE,0.504,0.47834,0.02566,0.504,0.48438,0.01963
0,198,4935.9,CLOSE,0.507,0.4818,0.0252,0.507,0.48785,0.01915
0,199,4957.5,CLOSE,0.51,0.49047,0.01953,0.51,0.49653,0.01347
0,200,4978.9,CLOSE,0.513,0.49393,0.01907,0.513,0.5,0.013
0,201,4999.3,CLOSE,0.516,0.5026,0.0134,0.516,0.50521,0.01079
0,202,5021.4,CLOSE,0.519,0.50433,0.01467,0.519,0.50694,0.01206
0,203,5042.3,CLOSE,0.522,0.50953,0.01247,0.522,0.51736,0.00464
0,204,5063.3,CLOSE,0.525,0.513,0.012,0.525,0.51389,0.01111
0,205,5082.8,CLOSE,0.528,0.51646,0.01154,0.528,0.51562,0.01238
0,206,5103.4,CLOSE,0.531,0.51993,0.01107,0.531,0.52257,0.00843
0,207,5124.3,CLOSE,0.534,0.52166,0.01234,0.534,0.52778,0.00622
0,208,5146.8,CLOSE,0.537,0.5234,0.0136,0.537,0.52951,0.00749
0,209,5167.1,CLOSE,0.54,0.52513,0.01487,0.54,0.52951,0.01049
0,210,5185.8,CLOSE,0.543,0.52513,0.01787,0.543,0.53125,0.01175
0,211,5207.1,CLOSE,0.546,0.52513,0.02087,0.546,0.53125,0.01475
0,212,5228.1,CLOSE,0.549,0.52513,0.02387,0.549,0.53299,0.01601
0,213,5247.8,CLOSE,0.552,0.52686,0.02514,0.552,0.53125,0.02075
0,214,5269.8,CLOSE,0.555,0.52686,0.02814,0.555,0.53472,0.02028
0,215,5291.1,CLOSE,0.558,0.5286,0.0294,0.558,0.53646,0.02154
0,216,5310.8,CLOSE,0.561,0.53206,0.02894,0.561,0.53646,0.02454
0,217,5332.4,CLOSE,0.564,0.53553,0.02847,0.564,0.54167,0.02233
0,218,5353.1,CLOSE,0.567,0.53899,0.02801,0.567,0.54514,0.02186
0,219,5373.4,CLOSE,0.57,0.54246,0.02754,0.57,0.5434,0.0266
0,220,5393.1,CLOSE,0.573,0.54766,0.02534,0.573,0.55035,0.02265
0,221,5413.8,CLOSE,0.576,0.55113,0.02487,0.576,0.56076,0.01524
0,222,5435.9,CLOSE,0.579,0.55806,0.02094,0.579,0.55903,0.01997
0,223,5458.3,CLOSE,0.582,0.55979,0.02221,0.582,0.56076,0.02124
0,224,5478.2,CLOSE,0.585,0.56326,0.02174,0.585,0.56771,0.01729
0,225,5499.2,CLOSE,0.588,0.56672,0.02128,0.588,0.56944,0.01856
0,226,5519.3,CLOSE,0.591,0.57019,0.02081,0.591,0.57465,0.01635
0,227,5541.5,CLOSE,0.594,0.57366,0.02034,0.594,0.57812,0.01588
0,228,5561.5,CLOSE,0.597,0.57539,0.02161,0.597,0.57986,0.01714
0,229,5582.3,CLOSE,0.6,0.57712,0.02288,0.6,0.58681,0.01319
0,230,5602.8,CLOSE,0.603,0.58232,0.02068,0.603,0.58854,0.01446
0,231,5624.0,CLOSE,0.606,0.58752,0.01848,0.606,0.59028,0.01572
0,232,5645.0,CLOSE,0.609,0.58579,0.02321,0.609,0.59549,0.01351
0,233,5665.1,CLOSE,0.612,0.59272,0.01928,0.612,0.59722,0.01478
0,234,5687.0,CLOSE,0.615,0.59619,0.01881,0.615,0.60069,0.01431
0,235,5707.5,CLOSE,0.618,0.59792,0.02008,0.618,0.60243,0.01557
0,236,5727.7,CLOSE,0.621,0.60139,0.01961,0.621,0.60417,0.01683
0,237,5748.5,CLOSE,0.624,0.60139,0.02261,0.624,0.6059,0.0181
0,238,5768.9,CLOSE,0.627,0.60485,0.02215,0.627,0.60764,0.01936
0,239,5789.6,CLOSE,0.63,0.60659,0.02341,0.63,0.61285,0.01715
0,240,5810.0,CLOSE,0.633,0.61005,0.02295,0.633,0.61458,0.01842
0,241,5830.3,CLOSE,0.636,0.61179,0.02421,0.636,0.61458,0.02142
0,242,5852.1,CLOSE,0.639,0.61525,0.02375,0.639,0.62674,0.01226
0,243,5872.9,CLOSE,0.642,0.61872,0.02328,0.642,0.62674,0.01526
0,244,5894.7,CLOSE,0.645,0.62218,0.02282,0.645,0.625,0.02
0,245,5915.9,CLOSE,0.648,0.63085,0.01715,0.648,0.63021,0.01779
0,246,5936.8,CLOSE,0.651,0.62912,0.02188,0.651,0.63194,0.01906
0,247,5957.8,CLOSE,0.654,0.63258,0.02142,0.654,0.63715,0.01685
0,248,5979.2,CLOSE,0.657,0.63778,0.01922,0.657,0.63889,0.01811
0,249,5999.3,CLOSE,0.66,0.63951,0.02049,0.66,0.64236,0.01764
0,250,6020.4,CLOSE,0.663,0.64298,0.02002,0.663,0.64583,0.01717
0,251,6040.6,CLOSE,0.666,0.64645,0.01955,0.666,0.65104,0.01496
0,252,6062.5,CLOSE,0.669,0.65165,0.01735,0.669,0.65278,0.01622
0,253,6081.8,CLOSE,0.672,0.65338,0.01862,0.672,0.65625,0.01575
0,254,6103.2,CLOSE,0.675,0.65685,0.01815,0.675,0.65972,0.01528
0,255,6124.6,CLOSE,0.678,0.66031,0.01769,0.678,0.66319,0.01481
0,256,6143.0,CLOSE,0.681,0.66378,0.01722,0.681,0.66493,0.01607
0,257,6164.3,CLOSE,0.684,0.66378,0.02022,0.684,0.6684,0.0156
0,258,6185.4,CLOSE,0.687,0.66724,0.01976,0.687,0.67188,0.01513
0,259,6205.5,CLOSE,0.69,0.66724,0.02276,0.69,0.67361,0.01639
0,260,6226.7,CLOSE,0.693,0.66898,0.02402,0.693,0.67361,0.01939
0,261,6249.5,CLOSE,0.696,0.67244,0.02356,0.696,0.6875,0.0085
0,262,6269.2,CLOSE,0.699,0.67938,0.01962,0.699,0.68229,0.01671
0,263,6289.2,CLOSE,0.702,0.68284,0.01916,0.702,0.68576,0.01624
0,264,6310.5,CLOSE,0.705,0.67938,0.02562,0.705,0.6875,0.0175
0,265,6332.7,CLOSE,0.708,0.68458,0.02342,0.708,0.69097,0.01703
0,266,6353.1,CLOSE,0.711,0.68458,0.02642,0.711,0.69444,0.01656
0,267,6372.8,CLOSE,0.714,0.69324,0.02076,0.714,0.69618,0.01782
0,268,6394.9,CLOSE,0.717,0.69497,0.02203,0.717,0.69965,0.01735
0,269,6416.1,CLOSE,0.72,0.70017,0.01983,0.72,0.70312,0.01688
0,270,6436.3,CLOSE,0.723,0.70711,0.01589,0.723,0.70833,0.01467
0,271,6455.6,CLOSE,0.726,0.70537,0.02063,0.726,0.71007,0.01593
0,272,6479.1,CLOSE,0.729,0.71057,0.01843,0.729,0.71181,0.01719
0,273,6500.3,CLOSE,0.732,0.71404,0.01796,0.732,0.71354,0.01846
0,274,6519.6,CLOSE,0.735,0.7175,0.0175,0.735,0.71875,0.01625
0,275,6541.0,CLOSE,0.738,0.72097,0.01703,0.738,0.72049,0.01751
0,276,6563.3,CLOSE,0.741,0.72444,0.01656,0.741,0.72396,0.01704
0,277,6581.6,CLOSE,0.744,0.72444,0.01956,0.744,0.72917,0.01483
0,278,6602.8,CLOSE,0.747,0.7279,0.0191,0.747,0.7309,0.0161
0,279,6623.0,CLOSE,0.75,0.72964,0.02036,0.75,0.73264,0.01736
0,280,6644.0,CLOSE,0.753,0.7279,0.0251,0.753,0.73611,0.01689
0,281,6664.5,CLOSE,0.756,0.74003,0.01597,0.756,0.73264,0.02336
0,282,6686.7,CLOSE,0.759,0.7383,0.0207,0.759,0.74132,0.01768
0,283,6706.6,CLOSE,0.762,0.74003,0.02197,0.762,0.74653,0.01547
0,284,6727.2,CLOSE,0.765,0.74697,0.01803,0.765,0.74653,0.01847
0,285,6748.9,CLOSE,0.768,0.7435,0.0245,0.768,0.75,0.018
0,286,6768.7,CLOSE,0.771,0.74697,0.02403,0.771,0.75174,0.01926
0,287,6789.7,CLOSE,0.774,0.75043,0.02357,0.774,0.75521,0.01879
0,288,6811.8,CLOSE,0.777,0.7539,0.0231,0.777,0.75868,0.01832
0,289,6832.1,CLOSE,0.78,0.75737,0.02263,0.78,0.76042,0.01958
0,290,6853.3,CLOSE,0.783,0.76083,0.02217,0.783,0.76389,0.01911
0,291,6874.6,CLOSE,0.786,0.7643,0.0217,0.786,0.77083,0.01517
0,292,6895.0,CLOSE,0.789,0.7695,0.0195,0.789,0.77778,0.01122
0,293,6917.1,CLOSE,0.792,0.77296,0.01904,0.792,0.77431,0.01769
0,294,6936.8,CLOSE,0.795,0.77643,0.01857,0.795,0.77951,0.01549
0,295,6956.8,CLOSE,0.798,0.77816,0.01984,0.798,0.78299,0.01501
0,296,6978.3,CLOSE,0.801,0.78336,0.01764,0.801,0.78646,0.01454
0,297,7000.4,CLOSE,0.804,0.78336,0.02064,0.804,0.7934,0.0106
0,298,7020.3,CLOSE,0.807,0.79029,0.01671,0.807,0.79861,0.00839
0,299,7040.0,CLOSE,0.81,0.79203,0.01797,0.81,0.79514,0.01486
0,300,7061.4,CLOSE,0.813,0.79896,0.01404,0.813,0.79861,0.01439
0,301,7082.9,CLOSE,0.816,0.80589,0.01011,0.816,0.80035,0.01565
0,302,7102.6,CLOSE,0.819,0.80069,0.01831,0.819,0.80382,0.01518
0,303,7124.0,CLOSE,0.822,0.80763,0.01437,0.822,0.80556,0.01644
0,304,7143.2,CLOSE,0.825,0.80589,0.01911,0.825,0.80208,0.02292
0,305,7164.1,CLOSE,0.828,0.81456,0.01344,0.828,0.81076,0.01724
0,306,7186.9,CLOSE,0.831,0.81109,0.01991,0.831,0.81424,0.01676
0,307,7207.2,CLOSE,0.834,0.81109,0.02291,0.834,0.81597,0.01803
0,308,7228.2,CLOSE,0.837,0.81282,0.02418,0.837,0.81771,0.01929
0,309,7249.3,CLOSE,0.84,0.81802,0.02198,0.84,0.8316,0.0084
0,310,7270.4,CLOSE,0.843,0.82149,0.02151,0.843,0.82465,0.01835
0,311,7289.1,CLOSE,0.846,0.82322,0.02278,0.846,0.82639,0.01961
0,312,7311.6,CLOSE,0.849,0.82842,0.02058,0.849,0.82812,0.02088
0,313,7333.1,CLOSE,0.852,0.83016,0.02184,0.852,0.83333,0.01867
0,314,7352.4,CLOSE,0.855,0.83189,0.02311,0.855,0.84028,0.01472
0,315,7373.6,CLOSE,0.858,0.83709,0.02091,0.858,0.84201,0.01599
0,316,7394.2,CLOSE,0.861,0.84055,0.02045,0.861,0.84549,0.01551
0,317,7414.3,CLOSE,0.864,0.84749,0.01651,0.864,0.84896,0.01504
0,318,7437.1,CLOSE,0.867,0.84922,0.01778,0.867,0.85417,0.01283
0,319,7456.4,CLOSE,0.87,0.85269,0.01731,0.87,0.8559,0.0141
0,320,7478.3,CLOSE,0.873,0.85615,0.01685,0.873,0.85764,0.01536
0,321,7499.2,CLOSE,0.876,0.86135,0.01465,0.876,0.86111,0.01489
0,322,7520.8,CLOSE,0.879,0.86308,0.01592,0.879,0.875,0.004
0,323,7540.2,CLOSE,0.882,0.86828,0.01372,0.882,0.86806,0.01394
0,324,7561.0,CLOSE,0.885,0.87002,0.01498,0.885,0.86979,0.01521
0,325,7582.3,CLOSE,0.888,0.87175,0.01625,0.888,0.87153,0.01647
0,326,7602.1,CLOSE,0.891,0.87348,0.01752,0.891,0.87326,0.01774
0,327,7624.1,CLOSE,0.894,0.87522,0.01878,0.894,0.87847,0.01553
0,328,7645.3,CLOSE,0.897,0.88562,0.01138,0.897,0.88021,0.01679
0,329,7665.1,CLOSE,0.9,0.88215,0.01785,0.9,0.88889,0.01111
0,330,7686.6,CLOSE,0.903,0.88215,0.02085,0.903,0.88889,0.01411
0,331,7705.3,CLOSE,0.906,0.88735,0.01865,0.906,0.88542,0.02058
0,332,7726.8,CLOSE,0.909,0.90121,0.00779,0.909,0.88889,0.02011
0,333,7748.1,CLOSE,0.912,0.89081,0.02119,0.912,0.89236,0.01964
0,334,7769.4,CLOSE,0.915,0.89428,0.02072,0.915,0.89583,0.01917
0,335,7789.7,CLOSE,0.918,0.90121,0.01679,0.918,0.89931,0.01869
0,336,7811.3,CLOSE,0.921,0.89948,0.02152,0.921,0.91319,0.00781
0,337,7832.6,CLOSE,0.924,0.90641,0.01759,0.924,0.90451,0.01949
0,338,7853.0,CLOSE,0.927,0.90815,0.01885,0.927,0.90799,0.01901
0,339,7873.6,CLOSE,0.93,0.91334,0.01666,0.93,0.90625,0.02375
0,340,7895.7,CLOSE,0.933,0.91508,0.01792,0.933,0.91667,0.01633
0,341,7916.5,CLOSE,0.936,0.92028,0.01572,0.936,0.92014,0.01586
0,342,7938.0,CLOSE,0.939,0.92894,0.01006,0.939,0.92361,0.01539
0,343,7958.7,CLOSE,0.942,0.92721,0.01479,0.942,0.92708,0.01492
0,344,7977.6,CLOSE,0.945,0.93068,0.01432,0.945,0.93056,0.01444
0,345,7998.2,CLOSE,0.948,0.93241,0.01559,0.948,0.93229,0.01571
0,346,8019.3,CLOSE,0.951,0.93588,0.01512,0.951,0.93576,0.01524
0,347,8040.8,CLOSE,0.954,0.93588,0.01812,0.954,0.93403,0.01997
0,348,8061.8,CLOSE,0.957,0.93934,0.01766,0.957,0.94097,0.01603
0,349,8082.6,CLOSE,0.96,0.94107,0.01893,0.96,0.94271,0.01729
0,350,8102.6,CLOSE,0.963,0.95147,0.01153,0.963,0.94792,0.01508
0,351,8123.4,CLOSE,0.966,0.94627,0.01973,0.966,0.94618,0.01982
0,352,8145.7,CLOSE,0.969,0.95667,0.01233,0.969,0.94618,0.02282
0,353,8164.5,CLOSE,0.972,0.95321,0.01879,0.972,0.94792,0.02408
0,354,8185.7,CLOSE,0.975,0.96014,0.01486,0.975,0.94965,0.02535
0,355,8207.3,CLOSE,0.978,0.96187,0.01613,0.978,0.95139,0.02661
0,356,8228.6,CLOSE,0.981,0.9636,0.0174,0.981,0.9566,0.0244
0,357,8249.2,CLOSE,0.984,0.96534,0.01866,0.984,0.96007,0.02393
0,358,8269.8,CLOSE,0.987,0.9688,0.0182,0.987,0.96181,0.02519
0,359,8290.1,CLOSE,0.99,0.97574,0.01426,0.99,0.96875,0.02125
0,360,8311.3,CLOSE,0.993,0.97574,0.01726,0.993,0.96354,0.02946
0,361,8331.2,CLOSE,0.996,0.9844,0.0116,0.996,0.96875,0.02725
0,362,8353.4,CLOSE,0.999,0.98094,0.01806,0.999,0.97049,0.02851
0,363,8375.3,CLOSE,1.0,0.98094,0.01906,1.0,0.97222,0.02778
0,364,8382.1,HOLD_CLOSED,1.0,0.97747,0.02253,1.0,0.97222,0.02778
0,365,8402.0,HOLD_CLOSED,1.0,0.98094,0.01906,1.0,0.97396,0.02604
0,366,8424.7,HOLD_CLOSED,1.0,0.9792,0.0208,1.0,0.97049,0.02951
0,367,8445.4,HOLD_CLOSED,1.0,0.98094,0.01906,1.0,0.97222,0.02778
0,368,8466.3,HOLD_CLOSED,1.0,0.9792,0.0208,1.0,0.97049,0.02951
0,369,8486.9,HOLD_CLOSED,1.0,0.98094,0.01906,1.0,0.97396,0.02604
0,370,8507.7,HOLD_CLOSED,1.0,0.98094,0.01906,1.0,0.97222,0.02778
0,371,8529.9,HOLD_CLOSED,1.0,0.9792,0.0208,1.0,0.97569,0.02431
0,372,8548.5,HOLD_CLOSED,1.0,0.98094,0.01906,1.0,0.96875,0.03125
0,373,8569.3,HOLD_CLOSED,1.0,0.97747,0.02253,1.0,0.97396,0.02604
0,374,8591.3,HOLD_CLOSED,1.0,0.9792,0.0208,1.0,0.97569,0.02431
0,375,8612.7,HOLD_CLOSED,1.0,0.9792,0.0208,1.0,0.97569,0.02431
0,376,8633.9,HOLD_CLOSED,1.0,0.9792,0.0208,1.0,0.97396,0.02604
0,377,8654.5,HOLD_CLOSED,1.0,0.98267,0.01733,1.0,0.97569,0.02431
0,378,8676.4,HOLD_CLOSED,1.0,0.98094,0.01906,1.0,0.97396,0.02604
0,379,8696.6,HOLD_CLOSED,1.0,0.9792,0.0208,1.0,0.97396,0.02604
0,380,8716.9,HOLD_CLOSED,1.0,0.98267,0.01733,1.0,0.98785,0.01215
0,381,8737.6,HOLD_CLOSED,1.0,0.98094,0.01906,1.0,0.97569,0.02431
0,382,8756.7,HOLD_CLOSED,1.0,0.99307,0.00693,1.0,0.97569,0.02431
0,383,8777.9,HOLD_CLOSED,1.0,0.9844,0.0156,1.0,0.98264,0.01736
0,384,8799.9,HOLD_CLOSED,1.0,0.98614,0.01386,1.0,0.97917,0.02083
0,385,8821.6,HOLD_CLOSED,1.0,0.98787,0.01213,1.0,0.98438,0.01562
0,386,8841.2,HOLD_CLOSED,1.0,0.99133,0.00867,1.0,0.98264,0.01736
0,387,8860.8,HOLD_CLOSED,1.0,0.99133,0.00867,1.0,0.98264,0.01736
0,388,8882.3,HOLD_CLOSED,1.0,0.99133,0.00867,1.0,0.98611,0.01389
0,389,8902.4,HOLD_CLOSED,1.0,0.9896,0.0104,1.0,0.98785,0.01215
0,390,8924.9,HOLD_CLOSED,1.0,0.99133,0.00867,1.0,0.99306,0.00694
0,391,8946.1,HOLD_CLOSED,1.0,0.99133,0.00867,1.0,0.99306,0.00694
0,392,8966.6,HOLD_CLOSED,1.0,0.9896,0.0104,1.0,0.99479,0.00521
0,393,8986.8,HOLD_CLOSED,1.0,0.99307,0.00693,1.0,0.99306,0.00694
0,394,9008.8,HOLD_CLOSED,1.0,0.99133,0.00867,1.0,0.99306,0.00694
0,395,9028.4,HOLD_CLOSED,1.0,0.99307,0.00693,1.0,0.99306,0.00694
0,396,9050.0,HOLD_CLOSED,1.0,0.99133,0.00867,1.0,0.99306,0.00694
0,397,9070.8,HOLD_CLOSED,1.0,0.99307,0.00693,1.0,0.99479,0.00521
0,398,9091.7,HOLD_CLOSED,1.0,0.99307,0.00693,1.0,0.99479,0.00521
0,399,9112.4,HOLD_CLOSED,1.0,0.99307,0.00693,1.0,0.99306,0.00694
0,400,9133.9,HOLD_CLOSED,1.0,0.99307,0.00693,1.0,0.99306,0.00694
0,401,9154.1,HOLD_CLOSED,1.0,0.99133,0.00867,1.0,0.99479,0.00521
0,402,9174.0,HOLD_CLOSED,1.0,0.99133,0.00867,1.0,0.99306,0.00694
0,403,9195.3,HOLD_CLOSED,1.0,0.99133,0.00867,1.0,0.99306,0.00694
0,404,9216.4,HOLD_CLOSED,1.0,0.9896,0.0104,1.0,0.99306,0.00694
0,405,9237.1,HOLD_CLOSED,1.0,0.99133,0.00867,1.0,0.99479,0.00521
0,406,9259.0,HOLD_CLOSED,1.0,0.9948,0.0052,1.0,0.99479,0.00521
0,407,9279.4,HOLD_CLOSED,1.0,0.99307,0.00693,1.0,0.99479,0.00521
0,408,9298.9,HOLD_CLOSED,1.0,0.99307,0.00693,1.0,0.99653,0.00347
0,409,9319.6,HOLD_CLOSED,1.0,0.99133,0.00867,1.0,0.99306,0.00694
0,410,9340.8,HOLD_CLOSED,1.0,0.99307,0.00693,1.0,0.99306,0.00694
0,411,9361.8,HOLD_CLOSED,1.0,0.99307,0.00693,1.0,0.99479,0.00521
0,412,9383.5,HOLD_CLOSED,1.0,0.99307,0.00693,1.0,0.99306,0.00694
0,413,9403.8,HOLD_CLOSED,1.0,0.99133,0.00867,1.0,0.99306,0.00694
0,414,9424.0,HOLD_CLOSED,1.0,0.99133,0.00867,1.0,0.99132,0.00868
0,415,9445.6,HOLD_CLOSED,1.0,0.99133,0.00867,1.0,0.99132,0.00868
0,416,9463.6,HOLD_CLOSED,1.0,0.99133,0.00867,1.0,0.99132,0.00868
0,417,9485.3,HOLD_CLOSED,1.0,0.99133,0.00867,1.0,0.99132,0.00868
0,418,9508.0,HOLD_CLOSED,1.0,0.99133,0.00867,1.0,0.99479,0.00521
0,419,9528.8,HOLD_CLOSED,1.0,0.99133,0.00867,1.0,0.99479,0.00521
0,420,9550.5,HOLD_CLOSED,1.0,0.99133,0.00867,1.0,0.99132,0.00868
0,421,9569.1,HOLD_CLOSED,1.0,0.99133,0.00867,1.0,0.99306,0.00694
0,422,9592.5,HOLD_CLOSED,1.0,0.9896,0.0104,1.0,0.99479,0.00521
0,423,9612.0,HOLD_CLOSED,1.0,0.99133,0.00867,1.0,0.99306,0.00694
0,424,9634.1,OPEN,0.997,0.9896,0.0074,0.997,0.99479,0.00221
0,425,9655.1,OPEN,0.994,0.99133,0.00267,0.994,0.99306,0.00094
0,426,9676.2,OPEN,0.991,0.99307,-0.00207,0.991,0.99306,-0.00206
0,427,9697.1,OPEN,0.988,0.99307,-0.00507,0.988,0.99479,-0.00679
0,428,9716.6,OPEN,0.985,0.99133,-0.00633,0.985,0.99479,-0.00979
0,429,9737.9,OPEN,0.982,0.99133,-0.00933,0.982,0.99479,-0.01279
0,430,9758.6,OPEN,0.979,0.9896,-0.0106,0.979,0.99479,-0.01579
0,431,9780.2,OPEN,0.976,0.99133,-0.01533,0.976,0.99306,-0.01706
0,432,9800.2,OPEN,0.973,0.99133,-0.01833,0.973,0.99479,-0.02179
0,433,9822.1,OPEN,0.97,0.99133,-0.02133,0.97,0.99306,-0.02306
0,434,9841.9,OPEN,0.967,0.99307,-0.02607,0.967,0.99306,-0.02606
0,435,9861.9,OPEN,0.964,0.99133,-0.02733,0.964,0.99306,-0.02906
0,436,9885.6,OPEN,0.961,0.99133,-0.03033,0.961,0.99306,-0.03206
0,437,9904.7,OPEN,0.958,0.99307,-0.03507,0.958,0.99479,-0.03679
0,438,9926.1,OPEN,0.955,0.99307,-0.03807,0.955,0.99306,-0.03806
0,439,9947.3,OPEN,0.952,0.99133,-0.03933,0.952,0.99306,-0.04106
0,440,9969.6,OPEN,0.949,0.9948,-0.0458,0.949,0.99479,-0.04579
0,441,9990.1,OPEN,0.946,1.0,-0.054,0.946,0.99653,-0.05053
0,442,10010.4,OPEN,0.943,0.99133,-0.04833,0.943,0.99479,-0.05179
0,443,10030.6,OPEN,0.94,0.99133,-0.05133,0.94,0.98264,-0.04264
0,444,10051.6,OPEN,0.937,0.98787,-0.05087,0.937,0.98785,-0.05085
0,445,10073.0,OPEN,0.934,0.9844,-0.0504,0.934,0.98264,-0.04864
0,446,10092.8,OPEN,0.931,0.98094,-0.04994,0.931,0.98785,-0.05685
0,447,10113.4,OPEN,0.928,0.97574,-0.04774,0.928,0.97917,-0.05117
0,448,10134.1,OPEN,0.925,0.97227,-0.04727,0.925,0.97396,-0.04896
0,449,10154.0,OPEN,0.922,0.9688,-0.0468,0.922,0.97049,-0.04849
0,450,10175.8,OPEN,0.919,0.9636,-0.0446,0.919,0.96528,-0.04628
0,451,10197.7,OPEN,0.916,0.96014,-0.04414,0.916,0.95486,-0.03886
0,452,10217.9,OPEN,0.913,0.95841,-0.04541,0.913,0.94792,-0.03492
0,453,10239.5,OPEN,0.91,0.96014,-0.05014,0.91,0.94444,-0.03444
0,454,10260.0,OPEN,0.907,0.96014,-0.05314,0.907,0.94097,-0.03397
0,455,10279.9,OPEN,0.904,0.95667,-0.05267,0.904,0.9375,-0.0335
0,456,10300.3,OPEN,0.901,0.95494,-0.05394,0.901,0.93576,-0.03476
0,457,10322.9,OPEN,0.898,0.95494,-0.05694,0.898,0.93229,-0.03429
0,458,10340.4,OPEN,0.895,0.94974,-0.05474,0.895,0.93056,-0.03556
0,459,10362.6,OPEN,0.892,0.94627,-0.05427,0.892,0.92882,-0.03682
0,460,10383.3,OPEN,0.889,0.94801,-0.05901,0.889,0.93056,-0.04156
0,461,10405.5,OPEN,0.886,0.94454,-0.05854,0.886,0.92708,-0.04108
0,462,10424.9,OPEN,0.883,0.94454,-0.06154,0.883,0.92882,-0.04582
0,463,10446.4,OPEN,0.88,0.93934,-0.05934,0.88,0.92708,-0.04708
0,464,10467.4,OPEN,0.877,0.93241,-0.05541,0.877,0.92882,-0.05182
0,465,10490.1,OPEN,0.874,0.92894,-0.05494,0.874,0.92708,-0.05308
0,466,10510.8,OPEN,0.871,0.92548,-0.05448,0.871,0.92361,-0.05261
0,467,10532.6,OPEN,0.868,0.92028,-0.05228,0.868,0.92361,-0.05561
0,468,10550.8,OPEN,0.865,0.91854,-0.05354,0.865,0.92188,-0.05688
0,469,10572.2,OPEN,0.862,0.91508,-0.05308,0.862,0.92882,-0.06682
0,470,10593.7,OPEN,0.859,0.90815,-0.04915,0.859,0.92188,-0.06288
0,471,10612.8,OPEN,0.856,0.90295,-0.04695,0.856,0.91146,-0.05546
0,472,10634.8,OPEN,0.853,0.89948,-0.04648,0.853,0.90799,-0.05499
0,473,10655.7,OPEN,0.85,0.89601,-0.04601,0.85,0.90625,-0.05625
0,474,10675.3,OPEN,0.847,0.89255,-0.04555,0.847,0.89931,-0.05231
0,475,10695.2,OPEN,0.844,0.88908,-0.04508,0.844,0.89583,-0.05183
0,476,10717.1,OPEN,0.841,0.88562,-0.04462,0.841,0.89236,-0.05136
0,477,10737.6,OPEN,0.838,0.88388,-0.04588,0.838,0.88715,-0.04915
0,478,10759.4,OPEN,0.835,0.88042,-0.04542,0.835,0.88368,-0.04868
0,479,10780.6,OPEN,0.832,0.87868,-0.04668,0.832,0.88194,-0.04994
0,480,10800.2,OPEN,0.829,0.87868,-0.04968,0.829,0.87847,-0.04947
0,481,10822.7,OPEN,0.826,0.87695,-0.05095,0.826,0.875,-0.049
0,482,10843.0,OPEN,0.823,0.87348,-0.05048,0.823,0.87153,-0.04853
0,483,10862.0,OPEN,0.82,0.87002,-0.05002,0.82,0.86806,-0.04806
0,484,10884.9,OPEN,0.817,0.86828,-0.05128,0.817,0.86632,-0.04932
0,485,10905.3,OPEN,0.814,0.86655,-0.05255,0.814,0.86632,-0.05232
0,486,10927.4,OPEN,0.811,0.86135,-0.05035,0.811,0.85938,-0.04838
0,487,10947.9,OPEN,0.808,0.86308,-0.05508,0.808,0.86111,-0.05311
0,488,10968.2,OPEN,0.805,0.85615,-0.05115,0.805,0.85938,-0.05438
0,489,10989.6,OPEN,0.802,0.84922,-0.04722,0.802,0.8559,-0.0539
0,490,11010.8,OPEN,0.799,0.84575,-0.04675,0.799,0.85417,-0.05517
0,491,11031.4,OPEN,0.796,0.84229,-0.04629,0.796,0.84722,-0.05122
0,492,11051.6,OPEN,0.793,0.84055,-0.04755,0.793,0.84375,-0.05075
0,493,11071.6,OPEN,0.79,0.83536,-0.04536,0.79,0.84028,-0.05028
0,494,11093.4,OPEN,0.787,0.83189,-0.04489,0.787,0.83507,-0.04807
0,495,11113.9,OPEN,0.784,0.82842,-0.04442,0.784,0.8316,-0.0476
0,496,11135.7,OPEN,0.781,0.82496,-0.04396,0.781,0.82639,-0.04539
0,497,11155.6,OPEN,0.778,0.81976,-0.04176,0.778,0.82292,-0.04492
0,498,11175.2,OPEN,0.775,0.81629,-0.04129,0.775,0.82118,-0.04618
0,499,11196.7,OPEN,0.772,0.81976,-0.04776,0.772,0.81597,-0.04397
0,500,11217.5,OPEN,0.769,0.81629,-0.04729,0.769,0.8125,-0.0435
0,501,11238.9,OPEN,0.766,0.81282,-0.04682,0.766,0.8125,-0.0465
0,502,11260.3,OPEN,0.763,0.81109,-0.04809,0.763,0.80903,-0.04603
0,503,11280.1,OPEN,0.76,0.80763,-0.04763,0.76,0.80556,-0.04556
0,504,11301.2,OPEN,0.757,0.80416,-0.04716,0.757,0.80382,-0.04682
0,505,11322.6,OPEN,0.754,0.80416,-0.05016,0.754,0.80208,-0.04808
0,506,11343.5,OPEN,0.751,0.79896,-0.04796,0.751,0.79688,-0.04588
0,507,11364.4,OPEN,0.748,0.79549,-0.04749,0.748,0.79514,-0.04714
0,508,11386.5,OPEN,0.745,0.79203,-0.04703,0.745,0.79167,-0.04667
0,509,11405.1,OPEN,0.742,0.78683,-0.04483,0.742,0.78819,-0.04619
0,510,11425.9,OPEN,0.739,0.7851,-0.0461,0.739,0.78472,-0.04572
0,511,11448.8,OPEN,0.736,0.78163,-0.04563,0.736,0.78472,-0.04872
0,512,11469.2,OPEN,0.733,0.77816,-0.04516,0.733,0.78125,-0.04825
0,513,11489.7,OPEN,0.73,0.7747,-0.0447,0.73,0.77778,-0.04778
0,514,11509.9,OPEN,0.727,0.7695,-0.0425,0.727,0.78646,-0.05946
0,515,11530.2,OPEN,0.724,0.7695,-0.0455,0.724,0.77604,-0.05204
0,516,11551.0,OPEN,0.721,0.7643,-0.0433,0.721,0.7691,-0.0481
0,517,11570.3,OPEN,0.718,0.76776,-0.04976,0.718,0.76562,-0.04763
0,518,11593.3,OPEN,0.715,0.7591,-0.0441,0.715,0.76389,-0.04889
0,519,11613.1,OPEN,0.712,0.75563,-0.04363,0.712,0.75868,-0.04668
0,520,11634.7,OPEN,0.709,0.75043,-0.04143,0.709,0.75521,-0.04621
0,521,11655.0,OPEN,0.706,0.75217,-0.04617,0.706,0.75347,-0.04747
0,522,11674.4,OPEN,0.703,0.74697,-0.04397,0.703,0.75,-0.047
0,523,11695.6,OPEN,0.7,0.74523,-0.04523,0.7,0.75174,-0.05174
0,524,11716.4,OPEN,0.697,0.7435,-0.0465,0.697,0.74653,-0.04953
0,525,11737.6,OPEN,0.694,0.74003,-0.04603,0.694,0.74306,-0.04906
0,526,11758.3,OPEN,0.691,0.73657,-0.04557,0.691,0.74132,-0.05032
0,527,11780.9,OPEN,0.688,0.7331,-0.0451,0.688,0.73785,-0.04985
0,528,11801.8,OPEN,0.685,0.72964,-0.04464,0.685,0.73438,-0.04938
0,529,11822.0,OPEN,0.682,0.7279,-0.0459,0.682,0.72917,-0.04717
0,530,11842.5,OPEN,0.679,0.72444,-0.04544,0.679,0.72569,-0.04669
0,531,11862.5,OPEN,0.676,0.7227,-0.0467,0.676,0.72917,-0.05317
0,532,11885.0,OPEN,0.673,0.71924,-0.04624,0.673,0.71875,-0.04575
0,533,11907.0,OPEN,0.67,0.71577,-0.04577,0.67,0.71528,-0.04528
0,534,11926.5,OPEN,0.667,0.71231,-0.04531,0.667,0.71181,-0.04481
0,535,11946.9,OPEN,0.664,0.70884,-0.04484,0.664,0.71007,-0.04607
0,536,11969.3,OPEN,0.661,0.70364,-0.04264,0.661,0.70486,-0.04386
0,537,11989.6,OPEN,0.658,0.69844,-0.04044,0.658,0.70139,-0.04339
0,538,12011.2,OPEN,0.655,0.69671,-0.04171,0.655,0.69965,-0.04465
0,539,12030.9,OPEN,0.652,0.69324,-0.04124,0.652,0.69792,-0.04592
0,540,12049.6,OPEN,0.649,0.68977,-0.04077,0.649,0.69444,-0.04544
0,541,12071.2,OPEN,0.646,0.68804,-0.04204,0.646,0.69271,-0.04671
0,542,12092.1,OPEN,0.643,0.68631,-0.04331,0.643,0.6875,-0.0445
0,543,12112.5,OPEN,0.64,0.68111,-0.04111,0.64,0.69271,-0.05271
0,544,12133.5,OPEN,0.637,0.67938,-0.04238,0.637,0.69271,-0.05571
0,545,12154.7,OPEN,0.634,0.67764,-0.04364,0.634,0.68056,-0.04656
0,546,12174.6,OPEN,0.631,0.67244,-0.04144,0.631,0.67882,-0.04782
0,547,12195.4,OPEN,0.628,0.67244,-0.04444,0.628,0.67361,-0.04561
0,548,12216.1,OPEN,0.625,0.66898,-0.04398,0.625,0.67014,-0.04514
0,549,12239.1,OPEN,0.622,0.66724,-0.04524,0.622,0.6684,-0.0464
0,550,12259.8,OPEN,0.619,0.66378,-0.04478,0.619,0.66667,-0.04767
0,551,12281.0,OPEN,0.616,0.65858,-0.04258,0.616,0.66319,-0.04719
0,552,12299.9,OPEN,0.613,0.65511,-0.04211,0.613,0.66146,-0.04846
0,553,12320.8,OPEN,0.61,0.65165,-0.04165,0.61,0.65799,-0.04799
0,554,12341.3,OPEN,0.607,0.64991,-0.04291,0.607,0.65799,-0.05099
0,555,12364.2,OPEN,0.604,0.65165,-0.04765,0.604,0.65799,-0.05399
0,556,12387.0,OPEN,0.601,0.64471,-0.04371,0.601,0.64583,-0.04483
0,557,12406.1,OPEN,0.598,0.64645,-0.04845,0.598,0.6441,-0.0461
0,558,12426.3,OPEN,0.595,0.63778,-0.04278,0.595,0.64062,-0.04563
0,559,12447.0,OPEN,0.592,0.63432,-0.04232,0.592,0.63715,-0.04515
0,560,12467.8,OPEN,0.589,0.63085,-0.04185,0.589,0.63368,-0.04468
0,561,12488.8,OPEN,0.586,0.62738,-0.04138,0.586,0.63021,-0.04421
0,562,12509.6,OPEN,0.583,0.62218,-0.03918,0.583,0.62847,-0.04547
0,563,12530.6,OPEN,0.58,0.62045,-0.04045,0.58,0.625,-0.045
0,564,12549.7,OPEN,0.577,0.61698,-0.03998,0.577,0.62153,-0.04453
0,565,12572.2,OPEN,0.574,0.61698,-0.04298,0.574,0.61806,-0.04406
0,566,12591.9,OPEN,0.571,0.61179,-0.04079,0.571,0.61632,-0.04532
0,567,12611.6,OPEN,0.568,0.60832,-0.04032,0.568,0.61285,-0.04485
0,568,12633.5,OPEN,0.565,0.60832,-0.04332,0.565,0.60938,-0.04438
0,569,12653.8,OPEN,0.562,0.60485,-0.04285,0.562,0.60764,-0.04564
0,570,12674.8,OPEN,0.559,0.60312,-0.04412,0.559,0.60417,-0.04517
0,571,12696.2,OPEN,0.556,0.60139,-0.04539,0.556,0.60243,-0.04643
0,572,12717.2,OPEN,0.553,0.60312,-0.05012,0.553,0.60069,-0.04769
0,573,12737.7,OPEN,0.55,0.59272,-0.04272,0.55,0.60243,-0.05243
0,574,12758.5,OPEN,0.547,0.59445,-0.04745,0.547,0.59722,-0.05022
0,575,12780.2,OPEN,0.544,0.58579,-0.04179,0.544,0.59201,-0.04801
0,576,12801.5,OPEN,0.541,0.58925,-0.04825,0.541,0.59375,-0.05275
0,577,12820.8,OPEN,0.538,0.58232,-0.04432,0.538,0.58681,-0.04881
0,578,12843.0,OPEN,0.535,0.57539,-0.04039,0.535,0.58333,-0.04833
0,579,12863.6,OPEN,0.532,0.57192,-0.03992,0.532,0.57639,-0.04439
0,580,12884.1,OPEN,0.529,0.57019,-0.04119,0.529,0.57639,-0.04739
0,581,12904.6,OPEN,0.526,0.56672,-0.04072,0.526,0.57118,-0.04518
0,582,12925.6,OPEN,0.523,0.56499,-0.04199,0.523,0.57118,-0.04818
0,583,12947.6,OPEN,0.52,0.55979,-0.03979,0.52,0.5625,-0.0425
0,584,12967.9,OPEN,0.517,0.55806,-0.04106,0.517,0.56076,-0.04376
0,585,12988.0,OPEN,0.514,0.55459,-0.04059,0.514,0.55903,-0.04503
0,586,13009.2,OPEN,0.511,0.55113,-0.04013,0.511,0.55556,-0.04456
0,587,13029.2,OPEN,0.508,0.54766,-0.03966,0.508,0.54861,-0.04061
0,588,13050.7,OPEN,0.505,0.54593,-0.04093,0.505,0.54861,-0.04361
0,589,13071.6,OPEN,0.502,0.54419,-0.04219,0.502,0.54688,-0.04488
0,590,13091.8,OPEN,0.499,0.5338,-0.0348,0.499,0.54514,-0.04614
0,591,13111.8,OPEN,0.496,0.53899,-0.04299,0.496,0.53993,-0.04393
0,592,13132.8,OPEN,0.493,0.53553,-0.04253,0.493,0.53993,-0.04693
0,593,13153.8,OPEN,0.49,0.5338,-0.0438,0.49,0.53646,-0.04646
0,594,13175.4,OPEN,0.487,0.53033,-0.04333,0.487,0.53299,-0.04599
0,595,13195.7,OPEN,0.484,0.5286,-0.0446,0.484,0.53125,-0.04725
0,596,13218.3,OPEN,0.481,0.52513,-0.04413,0.481,0.52778,-0.04678
0,597,13238.6,OPEN,0.478,0.5234,-0.0454,0.478,0.52083,-0.04283
0,598,13260.6,OPEN,0.475,0.51646,-0.04146,0.475,0.51389,-0.03889
0,599,13280.5,OPEN,0.472,0.513,-0.041,0.472,0.51042,-0.03842
0,600,13302.8,OPEN,0.469,0.50433,-0.03533,0.469,0.50694,-0.03794
0,601,13320.3,OPEN,0.466,0.49913,-0.03313,0.466,0.50521,-0.03921
0,602,13343.5,OPEN,0.463,0.49393,-0.03093,0.463,0.5,-0.037
0,603,13363.9,OPEN,0.46,0.49047,-0.03047,0.46,0.49653,-0.03653
0,604,13385.4,OPEN,0.457,0.487,-0.03,0.457,0.49306,-0.03606
0,605,13405.9,OPEN,0.454,0.4818,-0.0278,0.454,0.49132,-0.03732
0,606,13426.7,OPEN,0.451,0.4818,-0.0308,0.451,0.48958,-0.03858
0,607,13447.4,OPEN,0.448,0.4818,-0.0338,0.448,0.48785,-0.03985
0,608,13467.7,OPEN,0.445,0.4818,-0.0368,0.445,0.48611,-0.04111
0,609,13487.4,OPEN,0.442,0.48007,-0.03807,0.442,0.48438,-0.04238
0,610,13509.3,OPEN,0.439,0.48527,-0.04627,0.439,0.47917,-0.04017
0,611,13530.3,OPEN,0.436,0.4818,-0.0458,0.436,0.48785,-0.05185
0,612,13551.0,OPEN,0.433,0.47834,-0.04534,0.433,0.4809,-0.0479
0,613,13571.6,OPEN,0.43,0.47834,-0.04834,0.43,0.47917,-0.04917
0,614,13592.8,OPEN,0.427,0.47487,-0.04787,0.427,0.47396,-0.04696
0,615,13613.0,OPEN,0.424,0.47487,-0.05087,0.424,0.47396,-0.04996
0,616,13633.7,OPEN,0.421,0.46967,-0.04867,0.421,0.47049,-0.04949
0,617,13655.3,OPEN,0.418,0.4662,-0.0482,0.418,0.47222,-0.05422
0,618,13676.8,OPEN,0.415,0.46274,-0.04774,0.415,0.46181,-0.04681
0,619,13696.9,OPEN,0.412,0.45754,-0.04554,0.412,0.45833,-0.04633
0,620,13717.2,OPEN,0.409,0.45407,-0.04507,0.409,0.45312,-0.04413
0,621,13739.5,OPEN,0.406,0.44887,-0.04287,0.406,0.45139,-0.04539
0,622,13760.7,OPEN,0.403,0.44367,-0.04067,0.403,0.44618,-0.04318
0,623,13781.4,OPEN,0.4,0.44021,-0.04021,0.4,0.44444,-0.04444
0,624,13802.7,OPEN,0.397,0.43328,-0.03628,0.397,0.44444,-0.04744
0,625,13822.0,OPEN,0.394,0.42981,-0.03581,0.394,0.44097,-0.04697
0,626,13842.6,OPEN,0.391,0.42634,-0.03534,0.391,0.43403,-0.04303
0,627,13864.4,OPEN,0.388,0.42461,-0.03661,0.388,0.43229,-0.04429
0,628,13884.8,OPEN,0.385,0.41594,-0.03094,0.385,0.42535,-0.04035
0,629,13905.0,OPEN,0.382,0.41594,-0.03394,0.382,0.42361,-0.04161
0,630,13924.6,OPEN,0.379,0.41248,-0.03348,0.379,0.4184,-0.0394
0,631,13946.8,OPEN,0.376,0.41075,-0.03475,0.376,0.41493,-0.03893
0,632,13966.9,OPEN,0.373,0.40555,-0.03255,0.373,0.41319,-0.04019
0,633,13987.6,OPEN,0.37,0.40381,-0.03381,0.37,0.40972,-0.03972
0,634,14009.8,OPEN,0.367,0.40208,-0.03508,0.367,0.40625,-0.03925
0,635,14030.1,OPEN,0.364,0.40208,-0.03808,0.364,0.40451,-0.04051
0,636,14051.2,OPEN,0.361,0.39861,-0.03761,0.361,0.40278,-0.04178
0,637,14072.3,OPEN,0.358,0.39515,-0.03715,0.358,0.40625,-0.04825
0,638,14091.9,OPEN,0.355,0.39515,-0.04015,0.355,0.39757,-0.04257
0,639,14113.3,OPEN,0.352,0.39168,-0.03968,0.352,0.39236,-0.04036
0,640,14134.6,OPEN,0.349,0.39341,-0.04441,0.349,0.39236,-0.04336
0,641,14155.2,OPEN,0.346,0.38821,-0.04221,0.346,0.38889,-0.04289
0,642,14176.2,OPEN,0.343,0.38302,-0.04002,0.343,0.38542,-0.04242
0,643,14198.3,OPEN,0.34,0.38128,-0.04128,0.34,0.38368,-0.04368
0,644,14217.9,OPEN,0.337,0.37608,-0.03908,0.337,0.37847,-0.04147
0,645,14238.0,OPEN,0.334,0.37435,-0.04035,0.334,0.375,-0.041
0,646,14259.7,OPEN,0.331,0.37262,-0.04162,0.331,0.37326,-0.04226
0,647,14281.3,OPEN,0.328,0.36742,-0.03942,0.328,0.35764,-0.02964
0,648,14301.9,OPEN,0.325,0.36395,-0.03895,0.325,0.36458,-0.03958
0,649,14323.1,OPEN,0.322,0.36049,-0.03849,0.322,0.36111,-0.03911
0,650,14343.9,OPEN,0.319,0.35529,-0.03629,0.319,0.35764,-0.03864
0,651,14362.9,OPEN,0.316,0.35182,-0.03582,0.316,0.35417,-0.03817
0,652,14384.7,OPEN,0.313,0.35009,-0.03709,0.313,0.35069,-0.03769
0,653,14405.4,OPEN,0.31,0.34662,-0.03662,0.31,0.34722,-0.03722
0,654,14426.6,OPEN,0.307,0.34142,-0.03442,0.307,0.34549,-0.03849
0,655,14447.7,OPEN,0.304,0.33969,-0.03569,0.304,0.34201,-0.03801
0,656,14468.0,OPEN,0.301,0.33795,-0.03695,0.301,0.33854,-0.03754
0,657,14488.6,OPEN,0.298,0.33449,-0.03649,0.298,0.33681,-0.03881
0,658,14508.5,OPEN,0.295,0.33102,-0.03602,0.295,0.33507,-0.04007
0,659,14531.0,OPEN,0.292,0.32929,-0.03729,0.292,0.3316,-0.0396
0,660,14551.6,OPEN,0.289,0.32582,-0.03682,0.289,0.32986,-0.04086
0,661,14572.6,OPEN,0.286,0.32582,-0.03982,0.286,0.3316,-0.0456
0,662,14593.0,OPEN,0.283,0.32062,-0.03762,0.283,0.32292,-0.03992
0,663,14612.7,OPEN,0.28,0.31716,-0.03716,0.28,0.31944,-0.03944
0,664,14634.2,OPEN,0.277,0.31716,-0.04016,0.277,0.31597,-0.03897
0,665,14656.5,OPEN,0.274,0.31196,-0.03796,0.274,0.31424,-0.04024
0,666,14676.8,OPEN,0.271,0.30849,-0.03749,0.271,0.31424,-0.04324
0,667,14696.8,OPEN,0.268,0.30503,-0.03703,0.268,0.30729,-0.03929
0,668,14716.8,OPEN,0.265,0.30329,-0.03829,0.265,0.30382,-0.03882
0,669,14737.4,OPEN,0.262,0.29983,-0.03783,0.262,0.30035,-0.03835
0,670,14759.9,OPEN,0.259,0.30156,-0.04256,0.259,0.29688,-0.03788
0,671,14779.8,OPEN,0.256,0.29289,-0.03689,0.256,0.30035,-0.04435
0,672,14800.7,OPEN,0.253,0.28943,-0.03643,0.253,0.29167,-0.03867
0,673,14823.2,OPEN,0.25,0.28596,-0.03596,0.25,0.29167,-0.04167
0,674,14843.7,OPEN,0.247,0.28423,-0.03723,0.247,0.28472,-0.03772
0,675,14862.3,OPEN,0.244,0.28076,-0.03676,0.244,0.28299,-0.03899
0,676,14883.0,OPEN,0.241,0.27903,-0.03803,0.241,0.28299,-0.04199
0,677,14904.6,OPEN,0.238,0.2773,-0.0393,0.238,0.27778,-0.03978
0,678,14925.3,OPEN,0.235,0.2721,-0.0371,0.235,0.28472,-0.04972
0,679,14946.1,OPEN,0.232,0.27036,-0.03836,0.232,0.27083,-0.03883
0,680,14967.3,OPEN,0.229,0.27036,-0.04136,0.229,0.2691,-0.0401
0,681,14987.9,OPEN,0.226,0.2669,-0.0409,0.226,0.26562,-0.03963
0,682,15008.5,OPEN,0.223,0.25997,-0.03697,0.223,0.26389,-0.04089
0,683,15028.7,OPEN,0.22,0.25997,-0.03997,0.22,0.26042,-0.04042
0,684,15050.2,OPEN,0.217,0.25303,-0.03603,0.217,0.25694,-0.03994
0,685,15072.0,OPEN,0.214,0.24957,-0.03557,0.214,0.26042,-0.04642
0,686,15093.8,OPEN,0.211,0.24783,-0.03683,0.211,0.25174,-0.04074
0,687,15114.5,OPEN,0.208,0.24437,-0.03637,0.208,0.24653,-0.03853
0,688,15132.9,OPEN,0.205,0.2409,-0.0359,0.205,0.24479,-0.03979
0,689,15154.4,OPEN,0.202,0.23744,-0.03544,0.202,0.24132,-0.03932
0,690,15176.3,OPEN,0.199,0.23397,-0.03497,0.199,0.23785,-0.03885
0,691,15196.0,OPEN,0.196,0.23224,-0.03624,0.196,0.23438,-0.03838
0,692,15219.5,OPEN,0.193,0.23224,-0.03924,0.193,0.23785,-0.04485
0,693,15239.6,OPEN,0.19,0.2253,-0.0353,0.19,0.22743,-0.03743
0,694,15260.4,OPEN,0.187,0.22357,-0.03657,0.187,0.22396,-0.03696
0,695,15281.2,OPEN,0.184,0.21837,-0.03437,0.184,0.21875,-0.03475
0,696,15301.1,OPEN,0.181,0.2149,-0.0339,0.181,0.21701,-0.03601
0,697,15321.8,OPEN,0.178,0.20971,-0.03171,0.178,0.21354,-0.03554
0,698,15340.8,OPEN,0.175,0.20797,-0.03297,0.175,0.21701,-0.04201
0,699,15363.8,OPEN,0.172,0.20451,-0.03251,0.172,0.20833,-0.03633
0,700,15384.3,OPEN,0.169,0.20104,-0.03204,0.169,0.20486,-0.03586
0,701,15405.7,OPEN,0.166,0.20451,-0.03851,0.166,0.20139,-0.03539
0,702,15425.4,OPEN,0.163,0.19584,-0.03284,0.163,0.19965,-0.03665
0,703,15445.8,OPEN,0.16,0.19237,-0.03237,0.16,0.20312,-0.04313
0,704,15468.0,OPEN,0.157,0.18891,-0.03191,0.157,0.19444,-0.03744
0,705,15489.0,OPEN,0.154,0.18718,-0.03318,0.154,0.19097,-0.03697
0,706,15510.3,OPEN,0.151,0.18544,-0.03444,0.151,0.1875,-0.0365
0,707,15530.4,OPEN,0.148,0.18024,-0.03224,0.148,0.18403,-0.03603
0,708,15551.4,OPEN,0.145,0.17851,-0.03351,0.145,0.18229,-0.03729
0,709,15572.5,OPEN,0.142,0.18544,-0.04344,0.142,0.17708,-0.03508
0,710,15593.0,OPEN,0.139,0.17331,-0.03431,0.139,0.17535,-0.03635
0,711,15612.5,OPEN,0.136,0.16984,-0.03384,0.136,0.17188,-0.03588
0,712,15633.6,OPEN,0.133,0.17331,-0.04031,0.133,0.1684,-0.0354
0,713,15655.1,OPEN,0.13,0.16291,-0.03291,0.13,0.17014,-0.04014
0,714,15677.1,OPEN,0.127,0.16118,-0.03418,0.127,0.16319,-0.03619
0,715,15696.9,OPEN,0.124,0.16291,-0.03891,0.124,0.15972,-0.03572
0,716,15718.7,OPEN,0.121,0.15425,-0.03325,0.121,0.15625,-0.03525
0,717,15738.4,OPEN,0.118,0.15251,-0.03451,0.118,0.15278,-0.03478
0,718,15759.0,OPEN,0.115,0.14905,-0.03405,0.115,0.14931,-0.03431
0,719,15780.0,OPEN,0.112,0.14558,-0.03358,0.112,0.14757,-0.03557
0,720,15801.9,OPEN,0.109,0.14385,-0.03485,0.109,0.1441,-0.0351
0,721,15820.8,OPEN,0.106,0.14038,-0.03438,0.106,0.1441,-0.0381
0,722,15842.6,OPEN,0.103,0.14038,-0.03738,0.103,0.13889,-0.03589
0,723,15863.1,OPEN,0.1,0.13518,-0.03518,0.1,0.13368,-0.03368
0,724,15883.5,OPEN,0.097,0.13172,-0.03472,0.097,0.13021,-0.03321
0,725,15905.8,OPEN,0.094,0.12998,-0.03598,0.094,0.13194,-0.03794
0,726,15926.9,OPEN,0.091,0.12652,-0.03552,0.091,0.13368,-0.04268
0,727,15946.7,OPEN,0.088,0.12305,-0.03505,0.088,0.12674,-0.03874
0,728,15967.1,OPEN,0.085,0.11785,-0.03285,0.085,0.125,-0.04
0,729,15988.2,OPEN,0.082,0.11785,-0.03585,0.082,0.12153,-0.03953
0,730,16009.6,OPEN,0.079,0.11092,-0.03192,0.079,0.11806,-0.03906
0,731,16031.4,OPEN,0.076,0.10745,-0.03145,0.076,0.11458,-0.03858
0,732,16049.5,OPEN,0.073,0.10572,-0.03272,0.073,0.11111,-0.03811
0,733,16071.1,OPEN,0.07,0.11265,-0.04265,0.07,0.11285,-0.04285
0,734,16093.2,OPEN,0.067,0.09705,-0.03005,0.067,0.10417,-0.03717
0,735,16113.0,OPEN,0.064,0.09185,-0.02785,0.064,0.10069,-0.03669
0,736,16134.8,OPEN,0.061,0.09012,-0.02912,0.061,0.1059,-0.0449
0,737,16155.6,OPEN,0.058,0.08839,-0.03039,0.058,0.09201,-0.03401
0,738,16176.4,OPEN,0.055,0.08492,-0.02992,0.055,0.08854,-0.03354
0,739,16198.6,OPEN,0.052,0.08319,-0.03119,0.052,0.08507,-0.03307
0,740,16218.5,OPEN,0.049,0.07972,-0.03072,0.049,0.0816,-0.0326
0,741,16238.6,OPEN,0.046,0.07972,-0.03372,0.046,0.07812,-0.03213
0,742,16258.9,OPEN,0.043,0.07279,-0.02979,0.043,0.07465,-0.03165
0,743,16279.2,OPEN,0.04,0.07106,-0.03106,0.04,0.07292,-0.03292
0,744,16299.3,OPEN,0.037,0.06932,-0.03232,0.037,0.06944,-0.03244
0,745,16320.4,OPEN,0.034,0.06586,-0.03186,0.034,0.06944,-0.03544
0,746,16341.9,OPEN,0.031,0.06239,-0.03139,0.031,0.06597,-0.03497
0,747,16363.1,OPEN,0.028,0.06066,-0.03266,0.028,0.0625,-0.0345
0,748,16383.0,OPEN,0.025,0.05893,-0.03393,0.025,0.05556,-0.03056
0,749,16403.5,OPEN,0.022,0.05546,-0.03346,0.022,0.0625,-0.0405
0,750,16424.6,OPEN,0.019,0.05373,-0.03473,0.019,0.05556,-0.03656
0,751,16446.8,OPEN,0.016,0.05026,-0.03426,0.016,0.05382,-0.03782
0,752,16468.0,OPEN,0.013,0.04679,-0.03379,0.013,0.05035,-0.03735
0,753,16489.0,OPEN,0.01,0.04333,-0.03333,0.01,0.04861,-0.03861
0,754,16510.9,OPEN,0.007,0.04159,-0.03459,0.007,0.04514,-0.03814
0,755,16530.2,OPEN,0.004,0.03813,-0.03413,0.004,0.04167,-0.03767
0,756,16550.7,OPEN,0.001,0.03466,-0.03366,0.001,0.03819,-0.03719
0,757,16571.1,OPEN,0.0,0.0312,-0.0312,0.0,0.03125,-0.03125
0,758,16576.8,HOLD_OPEN,0.0,0.02946,-0.02946,0.0,0.03299,-0.03299
0,759,16598.3,HOLD_OPEN,0.0,0.026,-0.026,0.0,0.02951,-0.02951
0,760,16620.1,HOLD_OPEN,0.0,0.02253,-0.02253,0.0,0.03472,-0.03472
0,761,16641.2,HOLD_OPEN,0.0,0.0208,-0.0208,0.0,0.02604,-0.02604
0,762,16661.9,HOLD_OPEN,0.0,0.01386,-0.01386,0.0,0.0191,-0.0191
0,763,16682.6,HOLD_OPEN,0.0,0.0104,-0.0104,0.0,0.01736,-0.01736
0,764,16703.0,HOLD_OPEN,0.0,0.00867,-0.00867,0.0,0.01562,-0.01562
0,765,16724.2,HOLD_OPEN,0.0,0.00693,-0.00693,0.0,0.01389,-0.01389
0,766,16744.5,HOLD_OPEN,0.0,0.0052,-0.0052,0.0,0.01215,-0.01215
0,767,16764.5,HOLD_OPEN,0.0,0.00347,-0.00347,0.0,0.01042,-0.01042
0,768,16785.0,HOLD_OPEN,0.0,0.00347,-0.00347,0.0,0.01042,-0.01042
0,769,16805.4,HOLD_OPEN,0.0,0.00347,-0.00347,0.0,0.01042,-0.01042
0,770,16827.7,HOLD_OPEN,0.0,0.00347,-0.00347,0.0,0.01042,-0.01042
0,771,16849.5,HOLD_OPEN,0.0,0.00347,-0.00347,0.0,0.01042,-0.01042
0,772,16870.6,HOLD_OPEN,0.0,0.00347,-0.00347,0.0,0.01042,-0.01042
0,773,16891.3,HOLD_OPEN,0.0,0.00347,-0.00347,0.0,0.01042,-0.01042
0,774,16913.0,HOLD_OPEN,0.0,0.00347,-0.00347,0.0,0.01042,-0.01042
0,775,16932.2,HOLD_OPEN,0.0,0.00347,-0.00347,0.0,0.01042,-0.01042
0,776,16954.0,HOLD_OPEN,0.0,0.00347,-0.00347,0.0,0.01042,-0.01042
0,777,16975.4,HOLD_OPEN,0.0,0.00347,-0.00347,0.0,0.01042,-0.01042
0,778,16995.0,HOLD_OPEN,0.0,0.00347,-0.00347,0.0,0.01042,-0.01042
0,779,17016.9,HOLD_OPEN,0.0,0.00347,-0.00347,0.0,0.01042,-0.01042
0,780,17037.1,HOLD_OPEN,0.0,0.00347,-0.00347,0.0,0.01042,-0.01042
0,781,17057.3,HOLD_OPEN,0.0,0.00347,-0.00347,0.0,0.00868,-0.00868
0,782,17078.3,HOLD_OPEN,0.0,0.00347,-0.00347,0.0,0.00868,-0.00868
0,783,17099.6,HOLD_OPEN,0.0,0.00347,-0.00347,0.0,0.00694,-0.00694
0,784,17119.8,HOLD_OPEN,0.0,0.00347,-0.00347,0.0,0.00694,-0.00694
0,785,17140.1,HOLD_OPEN,0.0,0.00347,-0.00347,0.0,0.00521,-0.00521
0,786,17161.2,HOLD_OPEN,0.0,0.00347,-0.00347,0.0,0.00521,-0.00521
0,787,17181.1,HOLD_OPEN,0.0,0.00347,-0.00347,0.0,0.00521,-0.00521
0,788,17203.5,HOLD_OPEN,0.0,0.00347,-0.00347,0.0,0.00521,-0.00521
0,789,17224.2,HOLD_OPEN,0.0,0.00347,-0.00347,0.0,0.00521,-0.00521
0,790,17245.1,HOLD_OPEN,0.0,0.00347,-0.00347,0.0,0.00521,-0.00521
0,791,17266.3,HOLD_OPEN,0.0,0.00347,-0.00347,0.0,0.00521,-0.00521
0,792,17286.9,HOLD_OPEN,0.0,0.00347,-0.00347,0.0,0.00521,-0.00521
0,793,17307.2,HOLD_OPEN,0.0,0.00347,-0.00347,0.0,0.00521,-0.00521
0,794,17327.6,HOLD_OPEN,0.0,0.00347,-0.00347,0.0,0.00521,-0.00521
0,795,17349.7,HOLD_OPEN,0.0,0.00347,-0.00347,0.0,0.00521,-0.00521
0,796,17370.4,HOLD_OPEN,0.0,0.00347,-0.00347,0.0,0.00694,-0.00694
0,797,17391.9,HOLD_OPEN,0.0,0.00347,-0.00347,0.0,0.00347,-0.00347
0,798,17410.7,HOLD_OPEN,0.0,0.0052,-0.0052,0.0,0.00521,-0.00521
0,799,17432.8,HOLD_OPEN,0.0,0.00347,-0.00347,0.0,0.00521,-0.00521
0,800,17452.6,HOLD_OPEN,0.0,0.00347,-0.00347,0.0,0.00521,-0.00521
0,801,17474.8,HOLD_OPEN,0.0,0.00347,-0.00347,0.0,0.00521,-0.00521
0,802,17495.3,HOLD_OPEN,0.0,0.00347,-0.00347,0.0,0.00521,-0.00521
0,803,17516.5,HOLD_OPEN,0.0,0.00347,-0.00347,0.0,0.00521,-0.00521
0,804,17538.0,HOLD_OPEN,0.0,0.00347,-0.00347,0.0,0.00694,-0.00694
0,805,17556.0,HOLD_OPEN,0.0,0.00347,-0.00347,0.0,0.00347,-0.00347
0,806,17576.1,HOLD_OPEN,0.0,0.00347,-0.00347,0.0,0.00521,-0.00521
0,807,17597.9,HOLD_OPEN,0.0,0.0052,-0.0052,0.0,0.00521,-0.00521
0,808,17618.5,HOLD_OPEN,0.0,0.00347,-0.00347,0.0,0.00521,-0.00521
0,809,17639.2,HOLD_OPEN,0.0,0.00347,-0.00347,0.0,0.00521,-0.00521
0,810,17660.0,HOLD_OPEN,0.0,0.00347,-0.00347,0.0,0.00521,-0.00521
0,811,17681.8,HOLD_OPEN,0.0,0.00347,-0.00347,0.0,0.00521,-0.00521
0,812,17701.7,HOLD_OPEN,0.0,0.00347,-0.00347,0.0,0.00521,-0.00521
0,813,17724.7,HOLD_OPEN,0.0,0.00347,-0.00347,0.0,0.00521,-0.00521
0,814,17745.6,HOLD_OPEN,0.0,0.00347,-0.00347,0.0,0.00347,-0.00347
0,815,17764.8,HOLD_OPEN,0.0,0.00347,-0.00347,0.0,0.00521,-0.00521
0,816,17785.5,HOLD_OPEN,0.0,0.00347,-0.00347,0.0,0.00521,-0.00521
0,817,17806.4,HOLD_OPEN,0.0,0.00347,-0.00347,0.0,0.00521,-0.00521
0,818,17830.8,CLOSE_2,0.003,0.00347,-0.00047,0.003,0.00521,-0.00221
0,819,17851.2,CLOSE_2,0.006,0.00347,0.00253,0.006,0.00521,0.00079
0,820,17871.8,CLOSE_2,0.009,0.00347,0.00553,0.009,0.00521,0.00379
0,821,17891.6,CLOSE_2,0.012,0.00347,0.00853,0.012,0.00521,0.00679
0,822,17913.5,CLOSE_2,0.015,0.00347,0.01153,0.015,0.00694,0.00806
0,823,17935.0,CLOSE_2,0.018,0.00347,0.01453,0.018,0.00521,0.01279
0,824,17956.8,CLOSE_2,0.021,0.00347,0.01753,0.021,0.00521,0.01579
0,825,17976.0,CLOSE_2,0.024,0.00347,0.02053,0.024,0.00521,0.01879
0,826,17996.5,CLOSE_2,0.027,0.00347,0.02353,0.027,0.00521,0.02179
0,827,18016.2,CLOSE_2,0.03,0.00693,0.02307,0.03,0.00521,0.02479
0,828,18037.8,CLOSE_2,0.033,0.00347,0.02953,0.033,0.00347,0.02953
0,829,18059.5,CLOSE_2,0.036,0.00347,0.03253,0.036,0.00347,0.03253
0,830,18080.5,CLOSE_2,0.039,0.00347,0.03553,0.039,0.00521,0.03379
0,831,18102.5,CLOSE_2,0.042,0.00347,0.03853,0.042,0.00694,0.03506
0,832,18121.1,CLOSE_2,0.045,0.0052,0.0398,0.045,0.01736,0.02764
0,833,18143.0,CLOSE_2,0.048,0.00867,0.03933,0.048,0.01562,0.03238
0,834,18164.9,CLOSE_2,0.051,0.01386,0.03714,0.051,0.02257,0.02843
0,835,18183.7,CLOSE_2,0.054,0.01906,0.03494,0.054,0.02778,0.02622
0,836,18203.6,CLOSE_2,0.057,0.02426,0.03274,0.057,0.03299,0.02401
0,837,18225.5,CLOSE_2,0.06,0.0312,0.0288,0.06,0.03993,0.02007
0,838,18248.0,CLOSE_2,0.063,0.0364,0.0266,0.063,0.04861,0.01439
0,839,18268.2,CLOSE_2,0.066,0.04159,0.02441,0.066,0.05556,0.01044
0,840,18288.8,CLOSE_2,0.069,0.04679,0.02221,0.069,0.06076,0.00824
0,841,18308.7,CLOSE_2,0.072,0.05199,0.02001,0.072,0.06424,0.00776
0,842,18329.8,CLOSE_2,0.075,0.05546,0.01954,0.075,0.07292,0.00208
0,843,18352.1,CLOSE_2,0.078,0.06066,0.01734,0.078,0.07465,0.00335
0,844,18372.6,CLOSE_2,0.081,0.06239,0.01861,0.081,0.07639,0.00461
0,845,18393.1,CLOSE_2,0.084,0.06586,0.01814,0.084,0.07812,0.00588
0,846,18415.5,CLOSE_2,0.087,0.07279,0.01421,0.087,0.0816,0.0054
0,847,18435.2,CLOSE_2,0.09,0.06932,0.02068,0.09,0.0816,0.0084
0,848,18455.0,CLOSE_2,0.093,0.07106,0.02194,0.093,0.0816,0.0114
0,849,18474.0,CLOSE_2,0.096,0.07106,0.02494,0.096,0.0816,0.0144
0,850,18495.9,CLOSE_2,0.099,0.07279,0.02621,0.099,0.0816,0.0174
0,851,18518.0,CLOSE_2,0.102,0.07279,0.02921,0.102,0.0816,0.0204
0,852,18537.9,CLOSE_2,0.105,0.07452,0.03048,0.105,0.0816,0.0234
0,853,18559.1,CLOSE_2,0.108,0.07452,0.03348,0.108,0.0816,0.0264
0,854,18578.6,CLOSE_2,0.111,0.07626,0.03474,0.111,0.0816,0.0294
0,855,18600.8,CLOSE_2,0.114,0.07972,0.03428,0.114,0.08333,0.03067
0,856,18622.1,CLOSE_2,0.117,0.09012,0.02688,0.117,0.08854,0.02846
0,857,18643.1,CLOSE_2,0.12,0.09012,0.02988,0.12,0.09201,0.02799
0,858,18664.1,CLOSE_2,0.123,0.08839,0.03461,0.123,0.09201,0.03099
0,859,18684.5,CLOSE_2,0.126,0.09012,0.03588,0.126,0.09375,0.03225
0,860,18706.0,CLOSE_2,0.129,0.09705,0.03195,0.129,0.09722,0.03178
0,861,18724.9,CLOSE_2,0.132,0.10052,0.03148,0.132,0.10069,0.03131
0,862,18746.8,CLOSE_2,0.135,0.10572,0.02928,0.135,0.11285,0.02215
0,863,18768.6,CLOSE_2,0.138,0.11438,0.02362,0.138,0.11111,0.02689
0,864,18789.8,CLOSE_2,0.141,0.11612,0.02488,0.141,0.11458,0.02642
0,865,18810.2,CLOSE_2,0.144,0.11958,0.02442,0.144,0.11979,0.02421
0,866,18829.8,CLOSE_2,0.147,0.12478,0.02222,0.147,0.12674,0.02026
0,867,18851.6,CLOSE_2,0.15,0.12825,0.02175,0.15,0.12847,0.02153
0,868,18874.0,CLOSE_2,0.153,0.13345,0.01955,0.153,0.13368,0.01932
0,869,18893.4,CLOSE_2,0.156,0.13518,0.02082,0.156,0.13715,0.01885
0,870,18913.3,CLOSE_2,0.159,0.13692,0.02208,0.159,0.14062,0.01838
0,871,18934.4,CLOSE_2,0.162,0.14038,0.02162,0.162,0.1441,0.0179
0,872,18954.1,CLOSE_2,0.165,0.14211,0.02289,0.165,0.14757,0.01743
0,873,18974.5,CLOSE_2,0.168,0.14385,0.02415,0.168,0.15104,0.01696
0,874,18995.9,CLOSE_2,0.171,0.15078,0.02022,0.171,0.15278,0.01822
0,875,19018.1,CLOSE_2,0.174,0.14905,0.02495,0.174,0.15278,0.02122
0,876,19039.4,CLOSE_2,0.177,0.15598,0.02102,0.177,0.15625,0.02075
0,877,19059.0,CLOSE_2,0.18,0.15598,0.02402,0.18,0.15799,0.02201
0,878,19079.0,CLOSE_2,0.183,0.16118,0.02182,0.183,0.15972,0.02328
0,879,19099.9,CLOSE_2,0.186,0.15771,0.02829,0.186,0.16146,0.02454
0,880,19121.9,CLOSE_2,0.189,0.15945,0.02955,0.189,0.16493,0.02407
0,881,19142.3,CLOSE_2,0.192,0.16291,0.02909,0.192,0.16667,0.02533
0,882,19162.2,CLOSE_2,0.195,0.16638,0.02862,0.195,0.17014,0.02486
0,883,19184.7,CLOSE_2,0.198,0.16984,0.02816,0.198,0.17361,0.02439
0,884,19205.8,CLOSE_2,0.201,0.17331,0.02769,0.201,0.17708,0.02392
0,885,19225.7,CLOSE_2,0.204,0.17678,0.02722,0.204,0.17535,0.02865
0,886,19248.2,CLOSE_2,0.207,0.18024,0.02676,0.207,0.18403,0.02297
0,887,19268.1,CLOSE_2,0.21,0.18371,0.02629,0.21,0.1875,0.0225
0,888,19288.6,CLOSE_2,0.213,0.18718,0.02582,0.213,0.19271,0.02029
0,889,19309.5,CLOSE_2,0.216,0.19064,0.02536,0.216,0.19618,0.01982
0,890,19331.0,CLOSE_2,0.219,0.19584,0.02316,0.219,0.19965,0.01935
0,891,19352.9,CLOSE_2,0.222,0.19931,0.02269,0.222,0.20139,0.02061
0,892,19373.0,CLOSE_2,0.225,0.20277,0.02223,0.225,0.20486,0.02014
0,893,19393.2,CLOSE_2,0.228,0.20624,0.02176,0.228,0.20833,0.01967
0,894,19413.1,CLOSE_2,0.231,0.20797,0.02303,0.231,0.21181,0.01919
0,895,19433.4,CLOSE_2,0.234,0.21144,0.02256,0.234,0.21354,0.02046
0,896,19454.5,CLOSE_2,0.237,0.21317,0.02383,0.237,0.21701,0.01999
0,897,19476.5,CLOSE_2,0.24,0.21664,0.02336,0.24,0.21875,0.02125
0,898,19497.1,CLOSE_2,0.243,0.2201,0.0229,0.243,0.22222,0.02078
0,899,19517.3,CLOSE_2,0.246,0.22184,0.02416,0.246,0.22396,0.02204
0,900,19538.7,CLOSE_2,0.249,0.22357,0.02543,0.249,0.22743,0.02157
0,901,19559.8,CLOSE_2,0.252,0.23224,0.01976,0.252,0.22917,0.02283
0,902,19580.2,CLOSE_2,0.255,0.23397,0.02103,0.255,0.23264,0.02236
0,903,19600.1,CLOSE_2,0.258,0.2357,0.0223,0.258,0.23611,0.02189
0,904,19622.3,CLOSE_2,0.261,0.23397,0.02703,0.261,0.23785,0.02315
0,905,19642.9,CLOSE_2,0.264,0.2357,0.0283,0.264,0.24132,0.02268
0,906,19664.6,CLOSE_2,0.267,0.2461,0.0209,0.267,0.24306,0.02394
0,907,19684.6,CLOSE_2,0.27,0.24957,0.02043,0.27,0.24653,0.02347
0,908,19704.4,CLOSE_2,0.273,0.2513,0.0217,0.273,0.25174,0.02126
0,909,19726.9,CLOSE_2,0.276,0.2513,0.0247,0.276,0.25521,0.02079
0,910,19748.7,CLOSE_2,0.279,0.25477,0.02423,0.279,0.25868,0.02032
0,911,19768.0,CLOSE_2,0.282,0.25823,0.02377,0.282,0.26042,0.02158
0,912,19788.5,CLOSE_2,0.285,0.26343,0.02157,0.285,0.26562,0.01938
0,913,19808.7,CLOSE_2,0.288,0.26516,0.02284,0.288,0.27083,0.01717
0,914,19831.4,CLOSE_2,0.291,0.27036,0.02064,0.291,0.28125,0.00975
0,915,19852.6,CLOSE_2,0.294,0.27383,0.02017,0.294,0.27778,0.01622
0,916,19872.6,CLOSE_2,0.297,0.2773,0.0197,0.297,0.28125,0.01575
0,917,19892.9,CLOSE_2,0.3,0.28076,0.01924,0.3,0.28472,0.01528
0,918,19913.1,CLOSE_2,0.303,0.2825,0.0205,0.303,0.28646,0.01654
0,919,19933.9,CLOSE_2,0.306,0.28423,0.02177,0.306,0.28819,0.01781
0,920,19955.2,CLOSE_2,0.309,0.28769,0.02131,0.309,0.29167,0.01733
0,921,19976.3,CLOSE_2,0.312,0.28943,0.02257,0.312,0.2934,0.0186
0,922,19995.7,CLOSE_2,0.315,0.29116,0.02384,0.315,0.29861,0.01639
0,923,20016.5,CLOSE_2,0.318,0.29983,0.01817,0.318,0.29514,0.02286
0,924,20039.7,CLOSE_2,0.321,0.29983,0.02117,0.321,0.29688,0.02413
0,925,20059.6,CLOSE_2,0.324,0.29983,0.02417,0.324,0.30382,0.02018
0,926,20080.2,CLOSE_2,0.327,0.30156,0.02544,0.327,0.30208,0.02492
0,927,20100.6,CLOSE_2,0.33,0.30329,0.02671,0.33,0.30382,0.02618
0,928,20123.1,CLOSE_2,0.333,0.30676,0.02624,0.333,0.30729,0.02571
0,929,20143.0,CLOSE_2,0.336,0.30849,0.02751,0.336,0.31076,0.02524
0,930,20163.7,CLOSE_2,0.339,0.31023,0.02877,0.339,0.31424,0.02476
0,931,20186.5,CLOSE_2,0.342,0.31369,0.02831,0.342,0.31944,0.02256
0,932,20205.9,CLOSE_2,0.345,0.31369,0.03131,0.345,0.32465,0.02035
0,933,20226.2,CLOSE_2,0.348,0.31542,0.03258,0.348,0.32812,0.01988
0,934,20246.1,CLOSE_2,0.351,0.31889,0.03211,0.351,0.32986,0.02114
0,935,20267.3,CLOSE_2,0.354,0.32409,0.02991,0.354,0.33333,0.02067
0,936,20288.6,CLOSE_2,0.357,0.32756,0.02944,0.357,0.33681,0.02019
0,937,20310.0,CLOSE_2,0.36,0.33449,0.02551,0.36,0.33854,0.02146
0,938,20330.7,CLOSE_2,0.363,0.33969,0.02331,0.363,0.34201,0.02099
0,939,20351.4,CLOSE_2,0.366,0.34489,0.02111,0.366,0.34201,0.02399
0,940,20371.8,CLOSE_2,0.369,0.34835,0.02065,0.369,0.34722,0.02178
0,941,20392.9,CLOSE_2,0.372,0.35529,0.01671,0.372,0.34896,0.02304
0,942,20413.3,CLOSE_2,0.375,0.35875,0.01625,0.375,0.35243,0.02257
0,943,20434.9,CLOSE_2,0.378,0.36222,0.01578,0.378,0.35938,0.01863
0,944,20456.2,CLOSE_2,0.381,0.36568,0.01532,0.381,0.36111,0.01989
0,945,20476.0,CLOSE_2,0.384,0.36742,0.01658,0.384,0.36458,0.01942
0,946,20495.8,CLOSE_2,0.387,0.37262,0.01438,0.387,0.36806,0.01894
0,947,20515.9,CLOSE_2,0.39,0.37608,0.01392,0.39,0.375,0.015
0,948,20537.3,CLOSE_2,0.393,0.37782,0.01518,0.393,0.37674,0.01626
0,949,20557.6,CLOSE_2,0.396,0.37955,0.01645,0.396,0.38021,0.01579
0,950,20580.1,CLOSE_2,0.399,0.38128,0.01772,0.399,0.38194,0.01706
0,951,20601.8,CLOSE_2,0.402,0.38302,0.01898,0.402,0.38715,0.01485
0,952,20623.1,CLOSE_2,0.405,0.38475,0.02025,0.405,0.39062,0.01438
0,953,20643.0,CLOSE_2,0.408,0.38648,0.02152,0.408,0.3941,0.0139
0,954,20665.7,CLOSE_2,0.411,0.38821,0.02279,0.411,0.39757,0.01343
0,955,20685.8,CLOSE_2,0.414,0.39168,0.02232,0.414,0.40625,0.00775
0,956,20707.3,CLOSE_2,0.417,0.39341,0.02359,0.417,0.40278,0.01422
0,957,20726.4,CLOSE_2,0.42,0.40035,0.01965,0.42,0.40451,0.01549
0,958,20748.2,CLOSE_2,0.423,0.39861,0.02439,0.423,0.40799,0.01501
0,959,20768.8,CLOSE_2,0.426,0.40208,0.02392,0.426,0.41146,0.01454
0,960,20788.1,CLOSE_2,0.429,0.40901,0.01999,0.429,0.41146,0.01754
0,961,20808.1,CLOSE_2,0.432,0.40901,0.02299,0.432,0.41493,0.01707
0,962,20830.5,CLOSE_2,0.435,0.41075,0.02425,0.435,0.41667,0.01833
0,963,20851.8,CLOSE_2,0.438,0.41421,0.02379,0.438,0.42361,0.01439
0,964,20871.5,CLOSE_2,0.441,0.41768,0.02332,0.441,0.42708,0.01392
0,965,20891.4,CLOSE_2,0.444,0.42288,0.02112,0.444,0.42882,0.01518
0,966,20912.7,CLOSE_2,0.447,0.42461,0.02239,0.447,0.42708,0.01992
0,967,20933.7,CLOSE_2,0.45,0.42808,0.02192,0.45,0.43056,0.01944
0,968,20955.7,CLOSE_2,0.453,0.43154,0.02146,0.453,0.43403,0.01897
0,969,20975.9,CLOSE_2,0.456,0.43328,0.02272,0.456,0.43576,0.02024
0,970,20996.2,CLOSE_2,0.459,0.43847,0.02053,0.459,0.44097,0.01803
0,971,21018.5,CLOSE_2,0.462,0.44194,0.02006,0.462,0.44444,0.01756
0,972,21038.9,CLOSE_2,0.465,0.44541,0.01959,0.465,0.44792,0.01708
0,973,21059.5,CLOSE_2,0.468,0.45061,0.01739,0.468,0.45486,0.01314
0,974,21079.8,CLOSE_2,0.471,0.45234,0.01866,0.471,0.45833,0.01267
0,975,21101.8,CLOSE_2,0.474,0.45581,0.01819,0.474,0.45833,0.01567
0,976,21123.0,CLOSE_2,0.477,0.45927,0.01773,0.477,0.46354,0.01346
0,977,21143.6,CLOSE_2,0.48,0.46101,0.01899,0.48,0.46528,0.01472
0,978,21164.1,CLOSE_2,0.483,0.46447,0.01853,0.483,0.47049,0.01251
0,979,21185.6,CLOSE_2,0.486,0.4662,0.0198,0.486,0.47569,0.01031
0,980,21206.5,CLOSE_2,0.489,0.46794,0.02106,0.489,0.47396,0.01504
0,981,21227.3,CLOSE_2,0.492,0.4714,0.0206,0.492,0.47917,0.01283
0,982,21248.2,CLOSE_2,0.495,0.47834,0.01666,0.495,0.4809,0.0141
0,983,21266.5,CLOSE_2,0.498,0.48007,0.01793,0.498,0.48264,0.01536
0,984,21287.8,CLOSE_2,0.501,0.47834,0.02266,0.501,0.48438,0.01663
0,985,21309.9,CLOSE_2,0.504,0.48007,0.02393,0.504,0.48785,0.01615
0,986,21330.0,CLOSE_2,0.507,0.4818,0.0252,0.507,0.49653,0.01047
0,987,21350.1,CLOSE_2,0.51,0.48527,0.02473,0.51,0.50174,0.00826
0,988,21371.8,CLOSE_2,0.513,0.49393,0.01907,0.513,0.50174,0.01126
0,989,21391.9,CLOSE_2,0.516,0.49913,0.01687,0.516,0.50521,0.01079
0,990,21412.4,CLOSE_2,0.519,0.5026,0.0164,0.519,0.50694,0.01206
0,991,21434.6,CLOSE_2,0.522,0.5078,0.0142,0.522,0.50868,0.01332
0,992,21455.2,CLOSE_2,0.525,0.51993,0.00507,0.525,0.51042,0.01458
0,993,21474.5,CLOSE_2,0.528,0.513,0.015,0.528,0.51215,0.01585
0,994,21495.3,CLOSE_2,0.531,0.5182,0.0128,0.531,0.51562,0.01538
0,995,21517.0,CLOSE_2,0.534,0.51993,0.01407,0.534,0.52083,0.01317
0,996,21537.9,CLOSE_2,0.537,0.52166,0.01534,0.537,0.52431,0.01269
0,997,21560.1,CLOSE_2,0.54,0.52686,0.01314,0.54,0.52951,0.01049
0,998,21580.1,CLOSE_2,0.543,0.52513,0.01787,0.543,0.52951,0.01349
0,999,21602.8,CLOSE_2,0.546,0.52513,0.02087,0.546,0.53125,0.01475
0,1000,21623.5,CLOSE_2,0.549,0.5234,0.0256,0.549,0.53299,0.01601
0,1001,21643.3,CLOSE_2,0.552,0.52686,0.02514,0.552,0.53472,0.01728
0,1002,21663.4,CLOSE_2,0.555,0.5286,0.0264,0.555,0.53646,0.01854
0,1003,21685.8,CLOSE_2,0.558,0.5338,0.0242,0.558,0.54688,0.01113
0,1004,21705.8,CLOSE_2,0.561,0.5338,0.0272,0.561,0.5434,0.0176
0,1005,21725.9,CLOSE_2,0.564,0.53726,0.02674,0.564,0.5434,0.0206
0,1006,21747.0,CLOSE_2,0.567,0.54073,0.02627,0.567,0.54861,0.01839
0,1007,21767.5,CLOSE_2,0.57,0.54419,0.02581,0.57,0.55035,0.01965
0,1008,21789.0,CLOSE_2,0.573,0.54939,0.02361,0.573,0.55903,0.01397
0,1009,21809.9,CLOSE_2,0.576,0.55286,0.02314,0.576,0.55903,0.01697
0,1010,21830.3,CLOSE_2,0.579,0.55806,0.02094,0.579,0.56076,0.01824
0,1011,21851.4,CLOSE_2,0.582,0.55979,0.02221,0.582,0.56424,0.01776
0,1012,21870.8,CLOSE_2,0.585,0.56499,0.02001,0.585,0.56597,0.01903
0,1013,21892.5,CLOSE_2,0.588,0.56846,0.01954,0.588,0.57118,0.01682
0,1014,21912.6,CLOSE_2,0.591,0.57886,0.01214,0.591,0.57292,0.01808
0,1015,21933.4,CLOSE_2,0.594,0.57539,0.01861,0.594,0.57639,0.01761
0,1016,21953.3,CLOSE_2,0.597,0.57886,0.01814,0.597,0.57812,0.01888
0,1017,21976.3,CLOSE_2,0.6,0.58232,0.01768,0.6,0.58333,0.01667
0,1018,21997.3,CLOSE_2,0.603,0.58406,0.01894,0.603,0.58681,0.01619
0,1019,22017.9,CLOSE_2,0.606,0.58579,0.02021,0.606,0.59028,0.01572
0,1020,22038.8,CLOSE_2,0.609,0.59099,0.01801,0.609,0.59375,0.01525
0,1021,22059.6,CLOSE_2,0.612,0.59272,0.01928,0.612,0.59722,0.01478
0,1022,22080.8,CLOSE_2,0.615,0.59272,0.02228,0.615,0.59896,0.01604
0,1023,22102.0,CLOSE_2,0.618,0.59619,0.02181,0.618,0.60069,0.01731
0,1024,22122.6,CLOSE_2,0.621,0.59965,0.02135,0.621,0.61111,0.00989
0,1025,22142.1,CLOSE_2,0.624,0.60139,0.02261,0.624,0.60764,0.01636
0,1026,22165.1,CLOSE_2,0.627,0.61005,0.01695,0.627,0.60938,0.01763
0,1027,22184.5,CLOSE_2,0.63,0.60832,0.02168,0.63,0.61458,0.01542
0,1028,22205.4,CLOSE_2,0.633,0.61525,0.01775,0.633,0.61632,0.01668
0,1029,22225.4,CLOSE_2,0.636,0.61179,0.02421,0.636,0.61806,0.01794
0,1030,22247.5,CLOSE_2,0.639,0.61872,0.02028,0.639,0.62153,0.01747
0,1031,22268.0,CLOSE_2,0.642,0.62045,0.02155,0.642,0.625,0.017
0,1032,22288.9,CLOSE_2,0.645,0.62392,0.02108,0.645,0.62847,0.01653
0,1033,22309.7,CLOSE_2,0.648,0.62565,0.02235,0.648,0.63194,0.01606
0,1034,22330.7,CLOSE_2,0.651,0.63085,0.02015,0.651,0.63368,0.01732
0,1035,22350.7,CLOSE_2,0.654,0.63258,0.02142,0.654,0.63542,0.01858
0,1036,22371.9,CLOSE_2,0.657,0.63605,0.02095,0.657,0.63889,0.01811
0,1037,22391.4,CLOSE_2,0.66,0.63951,0.02049,0.66,0.64236,0.01764
0,1038,22412.7,CLOSE_2,0.663,0.64298,0.02002,0.663,0.64583,0.01717
0,1039,22434.4,CLOSE_2,0.666,0.64298,0.02302,0.666,0.65278,0.01322
0,1040,22453.3,CLOSE_2,0.669,0.65165,0.01735,0.669,0.65104,0.01796
0,1041,22475.5,CLOSE_2,0.672,0.64818,0.02382,0.672,0.65451,0.01749
0,1042,22495.8,CLOSE_2,0.675,0.65338,0.02162,0.675,0.65972,0.01528
0,1043,22517.8,CLOSE_2,0.678,0.65338,0.02462,0.678,0.66146,0.01654
0,1044,22539.8,CLOSE_2,0.681,0.65858,0.02242,0.681,0.66493,0.01607
0,1045,22560.5,CLOSE_2,0.684,0.66205,0.02195,0.684,0.6684,0.0156
0,1046,22580.2,CLOSE_2,0.687,0.66551,0.02149,0.687,0.67188,0.01513
0,1047,22602.7,CLOSE_2,0.69,0.67071,0.01929,0.69,0.68229,0.00771
0,1048,22621.1,CLOSE_2,0.693,0.67071,0.02229,0.693,0.67882,0.01418
0,1049,22643.3,CLOSE_2,0.696,0.67591,0.02009,0.696,0.68229,0.01371
0,1050,22663.4,CLOSE_2,0.699,0.67764,0.02136,0.699,0.68403,0.01497
0,1051,22685.0,CLOSE_2,0.702,0.68111,0.02089,0.702,0.68924,0.01276
0,1052,22705.5,CLOSE_2,0.705,0.68284,0.02216,0.705,0.69097,0.01403
0,1053,22726.7,CLOSE_2,0.708,0.69324,0.01476,0.708,0.69271,0.01529
0,1054,22746.5,CLOSE_2,0.711,0.69671,0.01429,0.711,0.70312,0.00788
0,1055,22767.4,CLOSE_2,0.714,0.69497,0.01903,0.714,0.70486,0.00914
0,1056,22787.0,CLOSE_2,0.717,0.69671,0.02029,0.717,0.70139,0.01561
0,1057,22808.0,CLOSE_2,0.72,0.70017,0.01983,0.72,0.70312,0.01688
0,1058,22828.9,CLOSE_2,0.723,0.70191,0.02109,0.723,0.70486,0.01814
0,1059,22852.0,CLOSE_2,0.726,0.70537,0.02063,0.726,0.7066,0.0194
0,1060,22872.7,CLOSE_2,0.729,0.71057,0.01843,0.729,0.71007,0.01893
0,1061,22893.0,CLOSE_2,0.732,0.71057,0.02143,0.732,0.72222,0.00978
0,1062,22914.0,CLOSE_2,0.735,0.71404,0.02096,0.735,0.72049,0.01451
0,1063,22935.2,CLOSE_2,0.738,0.71577,0.02223,0.738,0.72049,0.01751
0,1064,22955.3,CLOSE_2,0.741,0.72097,0.02003,0.741,0.72396,0.01704
0,1065,22975.1,CLOSE_2,0.744,0.72964,0.01436,0.744,0.72569,0.01831
0,1066,22999.0,CLOSE_2,0.747,0.72617,0.02083,0.747,0.7309,0.0161
0,1067,23017.7,CLOSE_2,0.75,0.7279,0.0221,0.75,0.73264,0.01736
0,1068,23038.3,CLOSE_2,0.753,0.73137,0.02163,0.753,0.73611,0.01689
0,1069,23061.4,CLOSE_2,0.756,0.7331,0.0229,0.756,0.73438,0.02163
0,1070,23081.3,CLOSE_2,0.759,0.73657,0.02243,0.759,0.74653,0.01247
0,1071,23101.3,CLOSE_2,0.762,0.74003,0.02197,0.762,0.74826,0.01374
0,1072,23122.2,CLOSE_2,0.765,0.74177,0.02323,0.765,0.75,0.015
0,1073,23142.5,CLOSE_2,0.768,0.74697,0.02103,0.768,0.75347,0.01453
0,1074,23163.2,CLOSE_2,0.771,0.7487,0.0223,0.771,0.75694,0.01406
0,1075,23185.3,CLOSE_2,0.774,0.75217,0.02183,0.774,0.75868,0.01532
0,1076,23205.7,CLOSE_2,0.777,0.75563,0.02137,0.777,0.76215,0.01485
0,1077,23224.5,CLOSE_2,0.78,0.7591,0.0209,0.78,0.76389,0.01611
0,1078,23246.2,CLOSE_2,0.783,0.76083,0.02217,0.783,0.76389,0.01911
0,1079,23265.5,CLOSE_2,0.786,0.77123,0.01477,0.786,0.7691,0.0169
0,1080,23287.7,CLOSE_2,0.789,0.7643,0.0247,0.789,0.77083,0.01817
0,1081,23309.6,CLOSE_2,0.792,0.77123,0.02077,0.792,0.77604,0.01596
0,1082,23330.0,CLOSE_2,0.795,0.77643,0.01857,0.795,0.77604,0.01896
0,1083,23349.4,CLOSE_2,0.798,0.78163,0.01637,0.798,0.77951,0.01849
0,1084,23372.0,CLOSE_2,0.801,0.78163,0.01937,0.801,0.78299,0.01801
0,1085,23393.4,CLOSE_2,0.804,0.78336,0.02064,0.804,0.78472,0.01928
0,1086,23413.3,CLOSE_2,0.807,0.7851,0.0219,0.807,0.78819,0.01881
0,1087,23434.3,CLOSE_2,0.81,0.78856,0.02144,0.81,0.7934,0.0166
0,1088,23455.1,CLOSE_2,0.813,0.79203,0.02097,0.813,0.79514,0.01786
0,1089,23475.5,CLOSE_2,0.816,0.79723,0.01877,0.816,0.80035,0.01565
0,1090,23497.4,CLOSE_2,0.819,0.80069,0.01831,0.819,0.80903,0.00997
0,1091,23518.5,CLOSE_2,0.822,0.80243,0.01957,0.822,0.81424,0.00776
0,1092,23538.4,CLOSE_2,0.825,0.80589,0.01911,0.825,0.80903,0.01597
0,1093,23559.4,CLOSE_2,0.828,0.80763,0.02037,0.828,0.8125,0.0155
0,1094,23581.6,CLOSE_2,0.831,0.81282,0.01818,0.831,0.81597,0.01503
0,1095,23601.4,CLOSE_2,0.834,0.81456,0.01944,0.834,0.81771,0.01629
0,1096,23622.4,CLOSE_2,0.837,0.81629,0.02071,0.837,0.82812,0.00888
0,1097,23642.7,CLOSE_2,0.84,0.81802,0.02198,0.84,0.82465,0.01535
0,1098,23663.0,CLOSE_2,0.843,0.81976,0.02324,0.843,0.82639,0.01661
0,1099,23684.6,CLOSE_2,0.846,0.82496,0.02104,0.846,0.82986,0.01614
0,1100,23705.1,CLOSE_2,0.849,0.82669,0.02231,0.849,0.8316,0.0174
0,1101,23724.5,CLOSE_2,0.852,0.83016,0.02184,0.852,0.83507,0.01693
0,1102,23745.2,CLOSE_2,0.855,0.83536,0.01964,0.855,0.83854,0.01646
0,1103,23766.3,CLOSE_2,0.858,0.84229,0.01571,0.858,0.83854,0.01946
0,1104,23787.0,CLOSE_2,0.861,0.84055,0.02045,0.861,0.84201,0.01899
0,1105,23808.1,CLOSE_2,0.864,0.84229,0.02171,0.864,0.84375,0.02025
0,1106,23830.1,CLOSE_2,0.867,0.84922,0.01778,0.867,0.84722,0.01978
0,1107,23851.2,CLOSE_2,0.87,0.85095,0.01905,0.87,0.85764,0.01236
0,1108,23871.2,CLOSE_2,0.873,0.85269,0.02031,0.873,0.85764,0.01536
0,1109,23890.5,CLOSE_2,0.876,0.85615,0.01985,0.876,0.85764,0.01836
0,1110,23911.2,CLOSE_2,0.879,0.86135,0.01765,0.879,0.85938,0.01963
0,1111,23933.0,CLOSE_2,0.882,0.87348,0.00852,0.882,0.86458,0.01742
0,1112,23954.4,CLOSE_2,0.885,0.86655,0.01845,0.885,0.86979,0.01521
0,1113,23975.0,CLOSE_2,0.888,0.87002,0.01798,0.888,0.87153,0.01647
0,1114,23996.7,CLOSE_2,0.891,0.87522,0.01578,0.891,0.87674,0.01426
0,1115,24017.3,CLOSE_2,0.894,0.87868,0.01532,0.894,0.88021,0.01379
0,1116,24039.3,CLOSE_2,0.897,0.88562,0.01138,0.897,0.88368,0.01332
0,1117,24061.0,CLOSE_2,0.9,0.88215,0.01785,0.9,0.88368,0.01632
0,1118,24080.5,CLOSE_2,0.903,0.88908,0.01392,0.903,0.88715,0.01585
0,1119,24100.6,CLOSE_2,0.906,0.89081,0.01519,0.906,0.89062,0.01538
0,1120,24120.9,CLOSE_2,0.909,0.89428,0.01472,0.909,0.8941,0.0149
0,1121,24142.8,CLOSE_2,0.912,0.89601,0.01599,0.912,0.89931,0.01269
0,1122,24163.9,CLOSE_2,0.915,0.89948,0.01552,0.915,0.89757,0.01743
0,1123,24185.0,CLOSE_2,0.918,0.90641,0.01159,0.918,0.89931,0.01869
0,1124,24205.5,CLOSE_2,0.921,0.90988,0.01112,0.921,0.90104,0.01996
0,1125,24224.9,CLOSE_2,0.924,0.90641,0.01759,0.924,0.90278,0.02122
0,1126,24247.2,CLOSE_2,0.927,0.90815,0.01885,0.927,0.90625,0.02075
0,1127,24266.4,CLOSE_2,0.93,0.91854,0.01146,0.93,0.90625,0.02375
0,1128,24288.2,CLOSE_2,0.933,0.91508,0.01792,0.933,0.91146,0.02154
0,1129,24308.1,CLOSE_2,0.936,0.91681,0.01919,0.936,0.9184,0.0176
0,1130,24330.4,CLOSE_2,0.939,0.91854,0.02046,0.939,0.92535,0.01365
0,1131,24351.8,CLOSE_2,0.942,0.92201,0.01999,0.942,0.92361,0.01839
0,1132,24372.3,CLOSE_2,0.945,0.92548,0.01952,0.945,0.92882,0.01618
0,1133,24393.4,CLOSE_2,0.948,0.93241,0.01559,0.948,0.93576,0.01224
0,1134,24412.4,CLOSE_2,0.951,0.93068,0.02032,0.951,0.93403,0.01697
0,1135,24433.7,CLOSE_2,0.954,0.93761,0.01639,0.954,0.93576,0.01824
0,1136,24456.4,CLOSE_2,0.957,0.94107,0.01593,0.957,0.94097,0.01603
0,1137,24475.2,CLOSE_2,0.96,0.94454,0.01546,0.96,0.94271,0.01729
0,1138,24495.8,CLOSE_2,0.963,0.94801,0.01499,0.963,0.94271,0.02029
0,1139,24519.2,CLOSE_2,0.966,0.95667,0.00933,0.966,0.94792,0.01808
0,1140,24540.0,CLOSE_2,0.969,0.95494,0.01406,0.969,0.95833,0.01067
0,1141,24559.8,CLOSE_2,0.972,0.95667,0.01533,0.972,0.95139,0.02061
0,1142,24580.8,CLOSE_2,0.975,0.96014,0.01486,0.975,0.9566,0.0184
0,1143,24601.3,CLOSE_2,0.978,0.96187,0.01613,0.978,0.96354,0.01446
0,1144,24622.4,CLOSE_2,0.981,0.9636,0.0174,0.981,0.96701,0.01399
0,1145,24642.4,CLOSE_2,0.984,0.96707,0.01693,0.984,0.96181,0.02219
0,1146,24662.9,CLOSE_2,0.987,0.9688,0.0182,0.987,0.97396,0.01304
0,1147,24685.0,CLOSE_2,0.99,0.9688,0.0212,0.99,0.96528,0.02472
0,1148,24705.7,CLOSE_2,0.993,0.9844,0.0086,0.993,0.96701,0.02599
0,1149,24726.0,CLOSE_2,0.996,0.97747,0.01853,0.996,0.97222,0.02378
0,1150,24746.5,CLOSE_2,0.999,0.97747,0.02153,0.999,0.96875,0.03025
0,1151,24767.5,CLOSE_2,1.0,0.9844,0.0156,1.0,0.97222,0.02778
0,1152,24775.7,HOLD_2,1.0,0.97747,0.02253,1.0,0.97222,0.02778
0,1153,24796.3,HOLD_2,1.0,0.9792,0.0208,1.0,0.97396,0.02604
0,1154,24815.8,HOLD_2,1.0,0.98787,0.01213,1.0,0.97396,0.02604
0,1155,24836.9,HOLD_2,1.0,0.97747,0.02253,1.0,0.97222,0.02778
0,1156,24858.9,HOLD_2,1.0,0.97747,0.02253,1.0,0.96701,0.03299
0,1157,24880.1,HOLD_2,1.0,0.9792,0.0208,1.0,0.97222,0.02778
0,1158,24899.9,HOLD_2,1.0,0.9792,0.0208,1.0,0.97222,0.02778
0,1159,24919.6,HOLD_2,1.0,0.97747,0.02253,1.0,0.97396,0.02604
0,1160,24941.1,HOLD_2,1.0,0.9792,0.0208,1.0,0.97396,0.02604
0,1161,24963.4,HOLD_2,1.0,0.9792,0.0208,1.0,0.97569,0.02431
0,1162,24982.8,HOLD_2,1.0,0.97747,0.02253,1.0,0.97222,0.02778
0,1163,25004.4,HOLD_2,1.0,0.97747,0.02253,1.0,0.97743,0.02257
0,1164,25025.5,HOLD_2,1.0,0.9792,0.0208,1.0,0.97396,0.02604
0,1165,25045.6,HOLD_2,1.0,0.9792,0.0208,1.0,0.97917,0.02083
0,1166,25066.7,HOLD_2,1.0,0.98787,0.01213,1.0,0.97396,0.02604
0,1167,25087.3,HOLD_2,1.0,0.97747,0.02253,1.0,0.98264,0.01736
0,1168,25107.9,HOLD_2,1.0,0.9792,0.0208,1.0,0.97569,0.02431
0,1169,25127.8,HOLD_2,1.0,0.9844,0.0156,1.0,0.98438,0.01562
0,1170,25149.2,HOLD_2,1.0,0.9792,0.0208,1.0,0.97569,0.02431
0,1171,25170.4,HOLD_2,1.0,0.9844,0.0156,1.0,0.97569,0.02431
0,1172,25189.9,HOLD_2,1.0,0.9844,0.0156,1.0,0.97917,0.02083
0,1173,25212.6,HOLD_2,1.0,0.9948,0.0052,1.0,0.98264,0.01736
0,1174,25234.3,HOLD_2,1.0,0.99307,0.00693,1.0,0.98264,0.01736
0,1175,25254.0,HOLD_2,1.0,0.9896,0.0104,1.0,0.98611,0.01389
0,1176,25274.9,HOLD_2,1.0,0.99307,0.00693,1.0,0.99653,0.00347
0,1177,25296.9,HOLD_2,1.0,0.99307,0.00693,1.0,0.99653,0.00347
0,1178,25316.2,HOLD_2,1.0,0.99307,0.00693,1.0,0.99132,0.00868
0,1179,25336.9,HOLD_2,1.0,0.99307,0.00693,1.0,0.99306,0.00694
0,1180,25357.0,HOLD_2,1.0,0.99307,0.00693,1.0,0.99306,0.00694
0,1181,25377.8,HOLD_2,1.0,0.99133,0.00867,1.0,0.99479,0.00521
0,1182,25399.0,HOLD_2,1.0,0.99133,0.00867,1.0,0.99306,0.00694
0,1183,25421.4,HOLD_2,1.0,0.99133,0.00867,1.0,0.99306,0.00694
0,1184,25442.0,HOLD_2,1.0,0.99307,0.00693,1.0,0.99306,0.00694
0,1185,25463.2,HOLD_2,1.0,0.99307,0.00693,1.0,0.99306,0.00694
0,1186,25483.6,HOLD_2,1.0,0.99307,0.00693,1.0,0.99479,0.00521
0,1187,25503.4,HOLD_2,1.0,0.99133,0.00867,1.0,0.99306,0.00694
0,1188,25525.5,HOLD_2,1.0,0.9948,0.0052,1.0,0.99306,0.00694
0,1189,25544.9,HOLD_2,1.0,0.99307,0.00693,1.0,0.99479,0.00521
0,1190,25566.7,HOLD_2,1.0,0.99133,0.00867,1.0,0.99306,0.00694
0,1191,25586.4,HOLD_2,1.0,0.99307,0.00693,1.0,0.99306,0.00694
0,1192,25606.8,HOLD_2,1.0,0.99307,0.00693,1.0,0.99306,0.00694
0,1193,25627.3,HOLD_2,1.0,0.99307,0.00693,1.0,0.99479,0.00521
0,1194,25649.7,HOLD_2,1.0,0.99307,0.00693,1.0,0.99479,0.00521
0,1195,25672.3,HOLD_2,1.0,0.9896,0.0104,1.0,0.99132,0.00868
0,1196,25693.2,HOLD_2,1.0,0.99133,0.00867,1.0,0.99306,0.00694
0,1197,25714.1,HOLD_2,1.0,0.99133,0.00867,1.0,0.99306,0.00694
0,1198,25733.7,HOLD_2,1.0,0.99133,0.00867,1.0,0.99132,0.00868
0,1199,25753.7,HOLD_2,1.0,0.99133,0.00867,1.0,0.99306,0.00694
0,1200,25774.5,HOLD_2,1.0,0.99133,0.00867,1.0,0.99132,0.00868
0,1201,25797.7,HOLD_2,1.0,0.99133,0.00867,1.0,0.99479,0.00521
0,1202,25816.6,HOLD_2,1.0,0.99133,0.00867,1.0,0.99479,0.00521
0,1203,25837.7,HOLD_2,1.0,0.99307,0.00693,1.0,0.99306,0.00694
0,1204,25857.9,HOLD_2,1.0,0.99133,0.00867,1.0,0.99479,0.00521
0,1205,25878.0,HOLD_2,1.0,0.99307,0.00693,1.0,0.99479,0.00521
0,1206,25899.0,HOLD_2,1.0,0.9948,0.0052,1.0,0.99306,0.00694
0,1207,25921.3,HOLD_2,1.0,0.99307,0.00693,1.0,0.99306,0.00694
0,1208,25941.7,HOLD_2,1.0,0.9948,0.0052,1.0,0.99479,0.00521
0,1209,25962.7,HOLD_2,1.0,0.99307,0.00693,1.0,0.99479,0.00521
0,1210,25983.0,HOLD_2,1.0,0.99133,0.00867,1.0,0.99306,0.00694
0,1211,26004.6,HOLD_2,1.0,0.99307,0.00693,1.0,0.99306,0.00694
1,1212,26829.6,SETTLE,0.0,0.55979,-0.55979,0.0,0.57986,-0.57986
1,1213,26850.1,SETTLE,0.0,0.54939,-0.54939,0.0,0.56771,-0.56771
1,1214,26872.4,SETTLE,0.0,0.53553,-0.53553,0.0,0.55382,-0.55382
1,1215,26892.2,SETTLE,0.0,0.52513,-0.52513,0.0,0.54167,-0.54167
1,1216,26911.2,SETTLE,0.0,0.50953,-0.50953,0.0,0.53299,-0.53299
1,1217,26931.8,SETTLE,0.0,0.487,-0.487,0.0,0.51215,-0.51215
1,1218,26953.8,SETTLE,0.0,0.47314,-0.47314,0.0,0.49306,-0.49306
1,1219,26975.1,SETTLE,0.0,0.46101,-0.46101,0.0,0.47743,-0.47743
1,1220,26996.3,SETTLE,0.0,0.44887,-0.44887,0.0,0.46528,-0.46528
1,1221,27016.9,SETTLE,0.0,0.43674,-0.43674,0.0,0.45139,-0.45139
1,1222,27038.1,SETTLE,0.0,0.42461,-0.42461,0.0,0.44097,-0.44097
1,1223,27058.1,SETTLE,0.0,0.41075,-0.41075,0.0,0.42708,-0.42708
1,1224,27077.9,SETTLE,0.0,0.39861,-0.39861,0.0,0.41667,-0.41667
1,1225,27098.6,SETTLE,0.0,0.38475,-0.38475,0.0,0.40451,-0.40451
1,1226,27120.2,SETTLE,0.0,0.37262,-0.37262,0.0,0.39062,-0.39062
1,1227,27141.6,SETTLE,0.0,0.35875,-0.35875,0.0,0.37847,-0.37847
1,1228,27161.5,SETTLE,0.0,0.34662,-0.34662,0.0,0.36458,-0.36458
1,1229,27183.5,SETTLE,0.0,0.33102,-0.33102,0.0,0.35243,-0.35243
1,1230,27204.4,SETTLE,0.0,0.31889,-0.31889,0.0,0.34028,-0.34028
1,1231,27223.6,SETTLE,0.0,0.30849,-0.30849,0.0,0.32812,-0.32812
1,1232,27244.7,SETTLE,0.0,0.29636,-0.29636,0.0,0.31424,-0.31424
1,1233,27265.6,SETTLE,0.0,0.28596,-0.28596,0.0,0.30035,-0.30035
1,1234,27288.5,SETTLE,0.0,0.27556,-0.27556,0.0,0.28646,-0.28646
1,1235,27309.9,SETTLE,0.0,0.25997,-0.25997,0.0,0.27083,-0.27083
1,1236,27330.0,SETTLE,0.0,0.25303,-0.25303,0.0,0.26042,-0.26042
1,1237,27350.3,SETTLE,0.0,0.23744,-0.23744,0.0,0.24826,-0.24826
1,1238,27371.3,SETTLE,0.0,0.22357,-0.22357,0.0,0.23438,-0.23438
1,1239,27391.8,SETTLE,0.0,0.21317,-0.21317,0.0,0.22396,-0.22396
1,1240,27412.7,SETTLE,0.0,0.20104,-0.20104,0.0,0.21007,-0.21007
1,1241,27432.9,SETTLE,0.0,0.18544,-0.18544,0.0,0.19965,-0.19965
1,1242,27453.2,CLOSE,0.003,0.17331,-0.17031,0.003,0.18403,-0.18103
1,1243,27473.5,CLOSE,0.006,0.16118,-0.15518,0.006,0.17014,-0.16414
1,1244,27495.5,CLOSE,0.009,0.14905,-0.14005,0.009,0.15451,-0.14551
1,1245,27517.5,CLOSE,0.012,0.13692,-0.12492,0.012,0.14236,-0.13036
1,1246,27538.7,CLOSE,0.015,0.12478,-0.10978,0.015,0.13021,-0.11521
1,1247,27559.1,CLOSE,0.018,0.11438,-0.09638,0.018,0.11806,-0.10006
1,1248,27580.7,CLOSE,0.021,0.09879,-0.07779,0.021,0.10417,-0.08317
1,1249,27600.4,CLOSE,0.024,0.08839,-0.06439,0.024,0.09722,-0.07322
1,1250,27620.2,CLOSE,0.027,0.07799,-0.05099,0.027,0.0816,-0.0546
1,1251,27641.6,CLOSE,0.03,0.06412,-0.03412,0.03,0.06771,-0.03771
1,1252,27662.1,CLOSE,0.033,0.05546,-0.02246,0.033,0.05556,-0.02256
1,1253,27683.7,CLOSE,0.036,0.04853,-0.01253,0.036,0.05035,-0.01435
1,1254,27705.2,CLOSE,0.039,0.0364,0.0026,0.039,0.03472,0.00428
1,1255,27726.0,CLOSE,0.042,0.02773,0.01427,0.042,0.02604,0.01596
1,1256,27747.2,CLOSE,0.045,0.0208,0.0242,0.045,0.0191,0.0259
1,1257,27766.3,CLOSE,0.048,0.01213,0.03587,0.048,0.01389,0.03411
1,1258,27788.8,CLOSE,0.051,0.00867,0.04233,0.051,0.01042,0.04058
1,1259,27808.8,CLOSE,0.054,0.01213,0.04187,0.054,0.01042,0.04358
1,1260,27831.1,CLOSE,0.057,0.00693,0.05007,0.057,0.01042,0.04658
1,1261,27850.7,CLOSE,0.06,0.01386,0.04614,0.06,0.01389,0.04611
1,1262,27871.5,CLOSE,0.063,0.01213,0.05087,0.063,0.01562,0.04738
1,1263,27891.9,CLOSE,0.066,0.01733,0.04867,0.066,0.02083,0.04517
1,1264,27911.6,CLOSE,0.069,0.02253,0.04647,0.069,0.02951,0.03949
1,1265,27932.5,CLOSE,0.072,0.02946,0.04254,0.072,0.03299,0.03901
1,1266,27954.4,CLOSE,0.075,0.0364,0.0386,0.075,0.04167,0.03333
1,1267,27974.8,CLOSE,0.078,0.04159,0.03641,0.078,0.04861,0.02939
1,1268,27996.0,CLOSE,0.081,0.05026,0.03074,0.081,0.05556,0.02544
1,1269,28016.7,CLOSE,0.084,0.05373,0.03027,0.084,0.0625,0.0215
1,1270,28038.2,CLOSE,0.087,0.06066,0.02634,0.087,0.06771,0.01929
1,1271,28059.6,CLOSE,0.09,0.06759,0.02241,0.09,0.07292,0.01708
1,1272,28080.3,CLOSE,0.093,0.07106,0.02194,0.093,0.07639,0.01661
1,1273,28099.4,CLOSE,0.096,0.07452,0.02148,0.096,0.07986,0.01614
1,1274,28120.0,CLOSE,0.099,0.07972,0.01928,0.099,0.08333,0.01567
1,1275,28140.6,CLOSE,0.102,0.08492,0.01708,0.102,0.08681,0.01519
1,1276,28161.3,CLOSE,0.105,0.08839,0.01661,0.105,0.08854,0.01646
1,1277,28183.6,CLOSE,0.108,0.09185,0.01615,0.108,0.09201,0.01599
1,1278,28206.2,CLOSE,0.111,0.09532,0.01568,0.111,0.09375,0.01725
1,1279,28224.7,CLOSE,0.114,0.09532,0.01868,0.114,0.09549,0.01851
1,1280,28246.2,CLOSE,0.117,0.09705,0.01995,0.117,0.09549,0.02151
1,1281,28267.7,CLOSE,0.12,0.09879,0.02121,0.12,0.09722,0.02278
1,1282,28288.6,CLOSE,0.123,0.10052,0.02248,0.123,0.09722,0.02578
1,1283,28310.3,CLOSE,0.126,0.10052,0.02548,0.126,0.09896,0.02704
1,1284,28330.9,CLOSE,0.129,0.10225,0.02675,0.129,0.10243,0.02657
1,1285,28352.2,CLOSE,0.132,0.10572,0.02628,0.132,0.10417,0.02783
1,1286,28370.7,CLOSE,0.135,0.10572,0.02928,0.135,0.11458,0.02042
1,1287,28391.0,CLOSE,0.138,0.10745,0.03055,0.138,0.11632,0.02168
1,1288,28412.0,CLOSE,0.141,0.11092,0.03008,0.141,0.11285,0.02815
1,1289,28433.2,CLOSE,0.144,0.11265,0.03135,0.144,0.11632,0.02768
1,1290,28455.2,CLOSE,0.147,0.11438,0.03262,0.147,0.11979,0.02721
1,1291,28474.2,CLOSE,0.15,0.11785,0.03215,0.15,0.12326,0.02674
1,1292,28495.0,CLOSE,0.153,0.12132,0.03168,0.153,0.12674,0.02626
1,1293,28517.7,CLOSE,0.156,0.12478,0.03122,0.156,0.13021,0.02579
1,1294,28538.6,CLOSE,0.159,0.12825,0.03075,0.159,0.13368,0.02532
1,1295,28559.8,CLOSE,0.162,0.13692,0.02508,0.162,0.13715,0.02485
1,1296,28580.2,CLOSE,0.165,0.13518,0.02982,0.165,0.14062,0.02438
1,1297,28601.2,CLOSE,0.168,0.14731,0.02069,0.168,0.15104,0.01696
1,1298,28620.3,CLOSE,0.171,0.14211,0.02889,0.171,0.14757,0.02343
1,1299,28641.3,CLOSE,0.174,0.14558,0.02842,0.174,0.15625,0.01775
1,1300,28663.2,CLOSE,0.177,0.15078,0.02622,0.177,0.15799,0.01901
1,1301,28685.9,CLOSE,0.18,0.15251,0.02749,0.18,0.16146,0.01854
1,1302,28705.7,CLOSE,0.183,0.15771,0.02529,0.183,0.16319,0.01981
1,1303,28726.1,CLOSE,0.186,0.16291,0.02309,0.186,0.17188,0.01413
1,1304,28746.3,CLOSE,0.189,0.16638,0.02262,0.189,0.17014,0.01886
1,1305,28768.8,CLOSE,0.192,0.17158,0.02042,0.192,0.17361,0.01839
1,1306,28789.7,CLOSE,0.195,0.17504,0.01996,0.195,0.17535,0.01965
1,1307,28810.0,CLOSE,0.198,0.17851,0.01949,0.198,0.17882,0.01918
1,1308,28830.0,CLOSE,0.201,0.18024,0.02076,0.201,0.18056,0.02044
1,1309,28849.3,CLOSE,0.204,0.18371,0.02029,0.204,0.18403,0.01997
1,1310,28870.8,CLOSE,0.207,0.18718,0.01982,0.207,0.18576,0.02124
1,1311,28891.4,CLOSE,0.21,0.18718,0.02282,0.21,0.18924,0.02076
1,1312,28913.4,CLOSE,0.213,0.18891,0.02409,0.213,0.19097,0.02203
1,1313,28933.7,CLOSE,0.216,0.19237,0.02363,0.216,0.19271,0.02329
1,1314,28953.9,CLOSE,0.219,0.19411,0.02489,0.219,0.19618,0.02282
1,1315,28975.4,CLOSE,0.222,0.19584,0.02616,0.222,0.19965,0.02235
1,1316,28995.8,CLOSE,0.225,0.19757,0.02743,0.225,0.2066,0.0184
1,1317,29017.9,CLOSE,0.228,0.20104,0.02696,0.228,0.20312,0.02488
1,1318,29037.1,CLOSE,0.231,0.20277,0.02823,0.231,0.20486,0.02614
1,1319,29058.1,CLOSE,0.234,0.20624,0.02776,0.234,0.21007,0.02393
1,1320,29078.7,CLOSE,0.237,0.20971,0.02729,0.237,0.21181,0.02519
1,1321,29101.1,CLOSE,0.24,0.21664,0.02336,0.24,0.21528,0.02472
1,1322,29120.3,CLOSE,0.243,0.2149,0.0281,0.243,0.22049,0.02251
1,1323,29141.5,CLOSE,0.246,0.21837,0.02763,0.246,0.22396,0.02204
1,1324,29164.6,CLOSE,0.249,0.22357,0.02543,0.249,0.22743,0.02157
1,1325,29184.6,CLOSE,0.252,0.22704,0.02496,0.252,0.2309,0.0211
1,1326,29205.1,CLOSE,0.255,0.22877,0.02623,0.255,0.23438,0.02063
1,1327,29225.5,CLOSE,0.258,0.23397,0.02403,0.258,0.23785,0.02015
1,1328,29246.6,CLOSE,0.261,0.23744,0.02356,0.261,0.24132,0.01968
1,1329,29269.2,CLOSE,0.264,0.2409,0.0231,0.264,0.24826,0.01574
1,1330,29289.3,CLOSE,0.267,0.24437,0.02263,0.267,0.24826,0.01874
1,1331,29309.7,CLOSE,0.27,0.24783,0.02217,0.27,0.25,0.02
1,1332,29330.3,CLOSE,0.273,0.25303,0.01997,0.273,0.25347,0.01953
1,1333,29349.5,CLOSE,0.276,0.2565,0.0195,0.276,0.25694,0.01906
1,1334,29370.1,CLOSE,0.279,0.25823,0.02077,0.279,0.26042,0.01858
1,1335,29391.2,CLOSE,0.282,0.25997,0.02203,0.282,0.26389,0.01811
1,1336,29413.6,CLOSE,0.285,0.26343,0.02157,0.285,0.26736,0.01764
1,1337,29434.5,CLOSE,0.288,0.2669,0.0211,0.288,0.2691,0.0189
1,1338,29454.5,CLOSE,0.291,0.27036,0.02064,0.291,0.27083,0.02017
1,1339,29474.9,CLOSE,0.294,0.27556,0.01844,0.294,0.28125,0.01275
1,1340,29495.6,CLOSE,0.297,0.27383,0.02317,0.297,0.27604,0.02096
1,1341,29517.8,CLOSE,0.3,0.28076,0.01924,0.3,0.28125,0.01875
1,1342,29538.1,CLOSE,0.303,0.25997,0.04303,0.303,0.28299,0.02001
1,1343,29558.1,CLOSE,0.306,0.28423,0.02177,0.306,0.28819,0.01781
1,1344,29580.5,CLOSE,0.309,0.28423,0.02477,0.309,0.28819,0.02081
1,1345,29601.0,CLOSE,0.312,0.28769,0.02431,0.312,0.29167,0.02033
1,1346,29620.9,CLOSE,0.315,0.29116,0.02384,0.315,0.2934,0.0216
1,1347,29641.7,CLOSE,0.318,0.29289,0.02511,0.318,0.29861,0.01939
1,1348,29664.0,CLOSE,0.321,0.29983,0.02117,0.321,0.30208,0.01892
1,1349,29684.4,CLOSE,0.324,0.29983,0.02417,0.324,0.30382,0.02018
1,1350,29705.9,CLOSE,0.327,0.30329,0.02371,0.327,0.30903,0.01797
1,1351,29726.3,CLOSE,0.33,0.30676,0.02324,0.33,0.3125,0.0175
1,1352,29748.0,CLOSE,0.333,0.31023,0.02277,0.333,0.31424,0.01876
1,1353,29767.9,CLOSE,0.336,0.31369,0.02231,0.336,0.31771,0.01829
1,1354,29786.8,CLOSE,0.339,0.31716,0.02184,0.339,0.31944,0.01956
1,1355,29808.6,CLOSE,0.342,0.32236,0.01964,0.342,0.32465,0.01735
1,1356,29830.2,CLOSE,0.345,0.32062,0.02438,0.345,0.3316,0.0134
1,1357,29850.6,CLOSE,0.348,0.32236,0.02564,0.348,0.33507,0.01293
1,1358,29872.0,CLOSE,0.351,0.32409,0.02691,0.351,0.33333,0.01767
1,1359,29891.2,CLOSE,0.354,0.32409,0.02991,0.354,0.33681,0.01719
1,1360,29911.4,CLOSE,0.357,0.32582,0.03118,0.357,0.33681,0.02019
1,1361,29932.9,CLOSE,0.36,0.33102,0.02898,0.36,0.34028,0.01972
1,1362,29955.0,CLOSE,0.363,0.33622,0.02678,0.363,0.34375,0.01925
1,1363,29975.4,CLOSE,0.366,0.33969,0.02631,0.366,0.34549,0.02051
1,1364,29996.1,CLOSE,0.369,0.34315,0.02585,0.369,0.34896,0.02004
1,1365,30017.7,CLOSE,0.372,0.35009,0.02191,0.372,0.35417,0.01783
1,1366,30038.7,CLOSE,0.375,0.35182,0.02318,0.375,0.35764,0.01736
1,1367,30059.1,CLOSE,0.378,0.35702,0.02098,0.378,0.3559,0.0221
1,1368,30078.7,CLOSE,0.381,0.36222,0.01878,0.381,0.35764,0.02336
1,1369,30101.8,CLOSE,0.384,0.36742,0.01658,0.384,0.36458,0.01942
1,1370,30122.3,CLOSE,0.387,0.36915,0.01785,0.387,0.36458,0.02242
1,1371,30144.7,CLOSE,0.39,0.37262,0.01738,0.39,0.36979,0.02021
1,1372,30164.0,CLOSE,0.393,0.38302,0.00998,0.393,0.36979,0.02321
1,1373,30185.8,CLOSE,0.396,0.37955,0.01645,0.396,0.37326,0.02274
1,1374,30205.7,CLOSE,0.399,0.38302,0.01598,0.399,0.37674,0.02226
1,1375,30225.1,CLOSE,0.402,0.38648,0.01552,0.402,0.38021,0.02179
1,1376,30246.4,CLOSE,0.405,0.38821,0.01679,0.405,0.38542,0.01958
1,1377,30268.7,CLOSE,0.408,0.38995,0.01805,0.408,0.39062,0.01738
1,1378,30288.7,CLOSE,0.411,0.39168,0.01932,0.411,0.3941,0.0169
1,1379,30309.8,CLOSE,0.414,0.39341,0.02059,0.414,0.39931,0.01469
1,1380,30330.0,CLOSE,0.417,0.39515,0.02185,0.417,0.40278,0.01422
1,1381,30350.5,CLOSE,0.42,0.39688,0.02312,0.42,0.40278,0.01722
1,1382,30371.3,CLOSE,0.423,0.40035,0.02265,0.423,0.41319,0.00981
1,1383,30392.9,CLOSE,0.426,0.40901,0.01699,0.426,0.41319,0.01281
1,1384,30413.2,CLOSE,0.429,0.40728,0.02172,0.429,0.41667,0.01233
1,1385,30433.6,CLOSE,0.432,0.40728,0.02472,0.432,0.41667,0.01533
1,1386,30455.5,CLOSE,0.435,0.40901,0.02599,0.435,0.4184,0.0166
1,1387,30474.8,CLOSE,0.438,0.41421,0.02379,0.438,0.42188,0.01613
1,1388,30495.4,CLOSE,0.441,0.41768,0.02332,0.441,0.42535,0.01565
1,1389,30518.0,CLOSE,0.444,0.42288,0.02112,0.444,0.42882,0.01518
1,1390,30537.3,CLOSE,0.447,0.42461,0.02239,0.447,0.42882,0.01818
1,1391,30559.7,CLOSE,0.45,0.42808,0.02192,0.45,0.43229,0.01771
1,1392,30581.6,CLOSE,0.453,0.43328,0.01972,0.453,0.43576,0.01724
1,1393,30601.2,CLOSE,0.456,0.43501,0.02099,0.456,0.4375,0.0185
1,1394,30621.6,CLOSE,0.459,0.44541,0.01359,0.459,0.44097,0.01803
1,1395,30643.0,CLOSE,0.462,0.44541,0.01659,0.462,0.44444,0.01756
1,1396,30663.9,CLOSE,0.465,0.44714,0.01786,0.465,0.44792,0.01708
1,1397,30684.5,CLOSE,0.468,0.45061,0.01739,0.468,0.44965,0.01835
1,1398,30704.2,CLOSE,0.471,0.45407,0.01693,0.471,0.45312,0.01788
1,1399,30725.3,CLOSE,0.474,0.45581,0.01819,0.474,0.4566,0.0174
1,1400,30746.5,CLOSE,0.477,0.46101,0.01599,0.477,0.46181,0.01519
1,1401,30766.4,CLOSE,0.48,0.46101,0.01899,0.48,0.46354,0.01646
1,1402,30787.2,CLOSE,0.483,0.46447,0.01853,0.483,0.46528,0.01772
1,1403,30807.6,CLOSE,0.486,0.46447,0.02153,0.486,0.46875,0.01725
1,1404,30829.1,CLOSE,0.489,0.4662,0.0228,0.489,0.47222,0.01678
1,1405,30850.8,CLOSE,0.492,0.47487,0.01713,0.492,0.47396,0.01804
1,1406,30871.5,CLOSE,0.495,0.47487,0.02013,0.495,0.47743,0.01757
1,1407,30891.7,CLOSE,0.498,0.47487,0.02313,0.498,0.47917,0.01883
1,1408,30911.8,CLOSE,0.501,0.47834,0.02266,0.501,0.48264,0.01836
1,1409,30933.6,CLOSE,0.504,0.48007,0.02393,0.504,0.48611,0.01789
1,1410,30955.5,CLOSE,0.507,0.48007,0.02693,0.507,0.49653,0.01047
1,1411,30975.9,CLOSE,0.51,0.48527,0.02473,0.51,0.49306,0.01694
1,1412,30996.6,CLOSE,0.513,0.4922,0.0208,0.513,0.50174,0.01126
1,1413,31017.9,CLOSE,0.516,0.49913,0.01687,0.516,0.50694,0.00906
1,1414,31038.4,CLOSE,0.519,0.50433,0.01467,0.519,0.50868,0.01032
1,1415,31059.7,CLOSE,0.522,0.50953,0.01247,0.522,0.51215,0.00985
1,1416,31078.3,CLOSE,0.525,0.513,0.012,0.525,0.51389,0.01111
1,1417,31100.3,CLOSE,0.528,0.51993,0.00807,0.528,0.52083,0.00717
1,1418,31120.9,CLOSE,0.531,0.5234,0.0076,0.531,0.52604,0.00496
1,1419,31143.2,CLOSE,0.534,0.5234,0.0106,0.534,0.52778,0.00622
1,1420,31162.9,CLOSE,0.537,0.5234,0.0136,0.537,0.52951,0.00749
1,1421,31185.6,CLOSE,0.54,0.52513,0.01487,0.54,0.52778,0.01222
1,1422,31204.5,CLOSE,0.543,0.52513,0.01787,0.543,0.52951,0.01349
1,1423,31224.6,CLOSE,0.546,0.5234,0.0226,0.546,0.52951,0.01649
1,1424,31245.8,CLOSE,0.549,0.52686,0.02214,0.549,0.52951,0.01949
1,1425,31267.8,CLOSE,0.552,0.52513,0.02687,0.552,0.53125,0.02075
1,1426,31288.3,CLOSE,0.555,0.52686,0.02814,0.555,0.53299,0.02201
1,1427,31307.7,CLOSE,0.558,0.5286,0.0294,0.558,0.53299,0.02501
1,1428,31330.2,CLOSE,0.561,0.5338,0.0272,0.561,0.5434,0.0176
1,1429,31350.8,CLOSE,0.564,0.5338,0.0302,0.564,0.53819,0.02581
1,1430,31370.8,CLOSE,0.567,0.53726,0.02974,0.567,0.5434,0.0236
1,1431,31391.3,CLOSE,0.57,0.54419,0.02581,0.57,0.54514,0.02486
1,1432,31411.3,CLOSE,0.573,0.54419,0.02881,0.573,0.54861,0.02439
1,1433,31432.8,CLOSE,0.576,0.55113,0.02487,0.576,0.55382,0.02218
1,1434,31455.6,CLOSE,0.579,0.55633,0.02267,0.579,0.55729,0.02171
1,1435,31475.8,CLOSE,0.582,0.55979,0.02221,0.582,0.56597,0.01603
1,1436,31496.7,CLOSE,0.585,0.56499,0.02001,0.585,0.57118,0.01382
1,1437,31518.4,CLOSE,0.588,0.57192,0.01608,0.588,0.57118,0.01682
1,1438,31537.4,CLOSE,0.591,0.56499,0.02601,0.591,0.57639,0.01461
1,1439,31560.6,CLOSE,0.594,0.57539,0.01861,0.594,0.5816,0.0124
1,1440,31581.0,CLOSE,0.597,0.58406,0.01294,0.597,0.58333,0.01367
1,1441,31601.9,CLOSE,0.6,0.58232,0.01768,0.6,0.58854,0.01146
1,1442,31621.3,CLOSE,0.603,0.58579,0.01721,0.603,0.59549,0.00751
1,1443,31642.3,CLOSE,0.606,0.58925,0.01675,0.606,0.59375,0.01225
1,1444,31664.3,CLOSE,0.609,0.59099,0.01801,0.609,0.59722,0.01178
1,1445,31684.7,CLOSE,0.612,0.59272,0.01928,0.612,0.60069,0.01131
1,1446,31705.5,CLOSE,0.615,0.59445,0.02055,0.615,0.6059,0.0091
1,1447,31725.9,CLOSE,0.618,0.59792,0.02008,0.618,0.61285,0.00515
1,1448,31745.0,CLOSE,0.621,0.59965,0.02135,0.621,0.60417,0.01683
1,1449,31765.8,CLOSE,0.624,0.60139,0.02261,0.624,0.60764,0.01636
1,1450,31788.1,CLOSE,0.627,0.60485,0.02215,0.627,0.60764,0.01936
1,1451,31809.7,CLOSE,0.63,0.60485,0.02515,0.63,0.61285,0.01715
1,1452,31830.7,CLOSE,0.633,0.60832,0.02468,0.633,0.61458,0.01842
1,1453,31850.6,CLOSE,0.636,0.61179,0.02421,0.636,0.61806,0.01794
1,1454,31870.8,CLOSE,0.639,0.61352,0.02548,0.639,0.61806,0.02094
1,1455,31892.2,CLOSE,0.642,0.62045,0.02155,0.642,0.62847,0.01353
1,1456,31912.2,CLOSE,0.645,0.62045,0.02455,0.645,0.625,0.02
1,1457,31932.4,CLOSE,0.648,0.62392,0.02408,0.648,0.62847,0.01953
1,1458,31954.0,CLOSE,0.651,0.62912,0.02188,0.651,0.63194,0.01906
1,1459,31976.3,CLOSE,0.654,0.63258,0.02142,0.654,0.63542,0.01858
1,1460,31996.0,CLOSE,0.657,0.63605,0.02095,0.657,0.64062,0.01638
1,1461,32018.4,CLOSE,0.66,0.63951,0.02049,0.66,0.64757,0.01243
1,1462,32038.3,CLOSE,0.663,0.64471,0.01829,0.663,0.64757,0.01543
1,1463,32058.8,CLOSE,0.666,0.64645,0.01955,0.666,0.65278,0.01322
1,1464,32080.5,CLOSE,0.669,0.64991,0.01909,0.669,0.65451,0.01449
1,1465,32100.8,CLOSE,0.672,0.65338,0.01862,0.672,0.65625,0.01575
1,1466,32121.8,CLOSE,0.675,0.66031,0.01469,0.675,0.66319,0.01181
1,1467,32143.8,CLOSE,0.678,0.66031,0.01769,0.678,0.67014,0.00786
1,1468,32163.2,CLOSE,0.681,0.66378,0.01722,0.681,0.67014,0.01086
1,1469,32185.3,CLOSE,0.684,0.66551,0.01849,0.684,0.67014,0.01386
1,1470,32205.3,CLOSE,0.687,0.66724,0.01976,0.687,0.67361,0.01339
1,1471,32225.6,CLOSE,0.69,0.67591,0.01409,0.69,0.67535,0.01465
1,1472,32246.6,CLOSE,0.693,0.67244,0.02056,0.693,0.67708,0.01592
1,1473,32267.5,CLOSE,0.696,0.67591,0.02009,0.696,0.67882,0.01718
1,1474,32288.2,CLOSE,0.699,0.68284,0.01616,0.699,0.68229,0.01671
1,1475,32308.8,CLOSE,0.702,0.68111,0.02089,0.702,0.68576,0.01624
1,1476,32328.1,CLOSE,0.705,0.68111,0.02389,0.705,0.69444,0.01056
1,1477,32350.4,CLOSE,0.708,0.68458,0.02342,0.708,0.68924,0.01876
1,1478,32371.4,CLOSE,0.711,0.68804,0.02296,0.711,0.69271,0.01829
1,1479,32394.4,CLOSE,0.714,0.69324,0.02076,0.714,0.69618,0.01782
1,1480,32412.3,CLOSE,0.717,0.69671,0.02029,0.717,0.69965,0.01735
1,1481,32432.8,CLOSE,0.72,0.69844,0.02156,0.72,0.69965,0.02035
1,1482,32453.2,CLOSE,0.723,0.70017,0.02283,0.723,0.7066,0.0164
1,1483,32476.1,CLOSE,0.726,0.70884,0.01716,0.726,0.70833,0.01767
1,1484,32497.3,CLOSE,0.729,0.70711,0.02189,0.729,0.71181,0.01719
1,1485,32518.9,CLOSE,0.732,0.71231,0.01969,0.732,0.71354,0.01846
1,1486,32538.2,CLOSE,0.735,0.71404,0.02096,0.735,0.71875,0.01625
1,1487,32559.7,CLOSE,0.738,0.7175,0.0205,0.738,0.72396,0.01404
1,1488,32579.8,CLOSE,0.741,0.72097,0.02003,0.741,0.72743,0.01357
1,1489,32601.6,CLOSE,0.744,0.72444,0.01956,0.744,0.72917,0.01483
1,1490,32620.5,CLOSE,0.747,0.72617,0.02083,0.747,0.73438,0.01263
1,1491,32641.0,CLOSE,0.75,0.7279,0.0221,0.75,0.73611,0.01389
1,1492,32662.2,CLOSE,0.753,0.73137,0.02163,0.753,0.73785,0.01515
1,1493,32681.8,CLOSE,0.756,0.73484,0.02116,0.756,0.74132,0.01468
1,1494,32704.2,CLOSE,0.759,0.7383,0.0207,0.759,0.74479,0.01421
1,1495,32725.0,CLOSE,0.762,0.74003,0.02197,0.762,0.74653,0.01547
1,1496,32746.8,CLOSE,0.765,0.74177,0.02323,0.765,0.75,0.015
1,1497,32766.2,CLOSE,0.768,0.74523,0.02277,0.768,0.75174,0.01626
1,1498,32786.3,CLOSE,0.771,0.75737,0.01363,0.771,0.76215,0.00885
1,1499,32807.7,CLOSE,0.774,0.75043,0.02357,0.774,0.75694,0.01706
1,1500,32829.1,CLOSE,0.777,0.7539,0.0231,0.777,0.76042,0.01658
1,1501,32849.8,CLOSE,0.78,0.75737,0.02263,0.78,0.76215,0.01785
1,1502,32869.8,CLOSE,0.783,0.76083,0.02217,0.783,0.76389,0.01911
1,1503,32891.1,CLOSE,0.786,0.76256,0.02344,0.786,0.7691,0.0169
1,1504,32912.1,CLOSE,0.789,0.7695,0.0195,0.789,0.77778,0.01122
1,1505,32933.1,CLOSE,0.792,0.77123,0.02077,0.792,0.77257,0.01943
1,1506,32956.6,CLOSE,0.795,0.77816,0.01684,0.795,0.77778,0.01722
1,1507,32976.6,CLOSE,0.798,0.7799,0.0181,0.798,0.78993,0.00807
1,1508,32995.2,CLOSE,0.801,0.78163,0.01937,0.801,0.78472,0.01628
1,1509,33017.1,CLOSE,0.804,0.78336,0.02064,0.804,0.78646,0.01754
1,1510,33039.1,CLOSE,0.807,0.78856,0.01844,0.807,0.79167,0.01533
1,1511,33057.9,CLOSE,0.81,0.79376,0.01624,0.81,0.79167,0.01833
1,1512,33080.0,CLOSE,0.813,0.79549,0.01751,0.813,0.79688,0.01613
1,1513,33101.5,CLOSE,0.816,0.79896,0.01704,0.816,0.80903,0.00697
1,1514,33121.6,CLOSE,0.819,0.80069,0.01831,0.819,0.80903,0.00997
1,1515,33140.5,CLOSE,0.822,0.80589,0.01611,0.822,0.80903,0.01297
1,1516,33160.9,CLOSE,0.825,0.80589,0.01911,0.825,0.81076,0.01424
1,1517,33182.6,CLOSE,0.828,0.81109,0.01691,0.828,0.8125,0.0155
1,1518,33205.2,CLOSE,0.831,0.81282,0.01818,0.831,0.81597,0.01503
1,1519,33225.9,CLOSE,0.834,0.81109,0.02291,0.834,0.81771,0.01629
1,1520,33244.7,CLOSE,0.837,0.82149,0.01551,0.837,0.82118,0.01582
1,1521,33266.0,CLOSE,0.84,0.81629,0.02371,0.84,0.8316,0.0084
1,1522,33287.0,CLOSE,0.843,0.82149,0.02151,0.843,0.82812,0.01488
1,1523,33307.3,CLOSE,0.846,0.82149,0.02451,0.846,0.82812,0.01788
1,1524,33328.8,CLOSE,0.849,0.83016,0.01884,0.849,0.82986,0.01914
1,1525,33351.1,CLOSE,0.852,0.83016,0.02184,0.852,0.83333,0.01867
1,1526,33372.2,CLOSE,0.855,0.83362,0.02138,0.855,0.83681,0.01819
1,1527,33392.0,CLOSE,0.858,0.84229,0.01571,0.858,0.83854,0.01946
1,1528,33413.8,CLOSE,0.861,0.84402,0.01698,0.861,0.84201,0.01899
1,1529,33434.3,CLOSE,0.864,0.84402,0.01998,0.864,0.85069,0.01331
1,1530,33455.1,CLOSE,0.867,0.85095,0.01605,0.867,0.84896,0.01804
1,1531,33474.7,CLOSE,0.87,0.85442,0.01558,0.87,0.85243,0.01757
1,1532,33497.5,CLOSE,0.873,0.85789,0.01511,0.873,0.8559,0.0171
1,1533,33517.4,CLOSE,0.876,0.86135,0.01465,0.876,0.85938,0.01663
1,1534,33538.7,CLOSE,0.879,0.86482,0.01418,0.879,0.86111,0.01789
1,1535,33559.6,CLOSE,0.882,0.86828,0.01372,0.882,0.86806,0.01394
1,1536,33580.3,CLOSE,0.885,0.87002,0.01498,0.885,0.86632,0.01868
1,1537,33600.4,CLOSE,0.888,0.87348,0.01452,0.888,0.87153,0.01647
1,1538,33620.7,CLOSE,0.891,0.87522,0.01578,0.891,0.87326,0.01774
1,1539,33642.5,CLOSE,0.894,0.87522,0.01878,0.894,0.87153,0.02247
1,1540,33663.5,CLOSE,0.897,0.88042,0.01658,0.897,0.88368,0.01332
1,1541,33682.9,CLOSE,0.9,0.88908,0.01092,0.9,0.88889,0.01111
1,1542,33704.4,CLOSE,0.903,0.88388,0.01912,0.903,0.88715,0.01585
1,1543,33725.8,CLOSE,0.906,0.88908,0.01692,0.906,0.88715,0.01885
1,1544,33747.3,CLOSE,0.909,0.88735,0.02165,0.909,0.89236,0.01664
1,1545,33766.6,CLOSE,0.912,0.88908,0.02292,0.912,0.8941,0.0179
1,1546,33787.3,CLOSE,0.915,0.89255,0.02245,0.915,0.89583,0.01917
1,1547,33809.2,CLOSE,0.918,0.89775,0.02025,0.918,0.90972,0.00828
1,1548,33828.8,CLOSE,0.921,0.90121,0.01979,0.921,0.89583,0.02517
1,1549,33850.0,CLOSE,0.924,0.90468,0.01932,0.924,0.91319,0.01081
1,1550,33871.8,CLOSE,0.927,0.90641,0.02059,0.927,0.90972,0.01728
1,1551,33891.7,CLOSE,0.93,0.91161,0.01839,0.93,0.91146,0.01854
1,1552,33912.8,CLOSE,0.933,0.91508,0.01792,0.933,0.91319,0.01981
1,1553,33933.0,CLOSE,0.936,0.91681,0.01919,0.936,0.9184,0.0176
1,1554,33954.1,CLOSE,0.939,0.92028,0.01872,0.939,0.92188,0.01713
1,1555,33976.4,CLOSE,0.942,0.92721,0.01479,0.942,0.92535,0.01665
1,1556,33998.0,CLOSE,0.945,0.93414,0.01086,0.945,0.92882,0.01618
1,1557,34018.7,CLOSE,0.948,0.93241,0.01559,0.948,0.92882,0.01918
1,1558,34037.4,CLOSE,0.951,0.93588,0.01512,0.951,0.94097,0.01003
1,1559,34058.6,CLOSE,0.954,0.94281,0.01119,0.954,0.93403,0.01997
1,1560,34079.8,CLOSE,0.957,0.94281,0.01419,0.957,0.9375,0.0195
1,1561,34100.9,CLOSE,0.96,0.94281,0.01719,0.96,0.94097,0.01903
1,1562,34120.4,CLOSE,0.963,0.94627,0.01673,0.963,0.94097,0.02203
1,1563,34141.9,CLOSE,0.966,0.94454,0.02146,0.966,0.94444,0.02156
1,1564,34163.0,CLOSE,0.969,0.94974,0.01926,0.969,0.95312,0.01588
1,1565,34183.4,CLOSE,0.972,0.95494,0.01706,0.972,0.9566,0.0154
1,1566,34205.0,CLOSE,0.975,0.95667,0.01833,0.975,0.95139,0.02361
1,1567,34226.3,CLOSE,0.978,0.95667,0.02133,0.978,0.9566,0.0214
1,1568,34247.8,CLOSE,0.981,0.96534,0.01566,0.981,0.9566,0.0244
1,1569,34266.4,CLOSE,0.984,0.9636,0.0204,0.984,0.96007,0.02393
1,1570,34288.1,CLOSE,0.987,0.96534,0.02166,0.987,0.96181,0.02519
1,1571,34309.3,CLOSE,0.99,0.9688,0.0212,0.99,0.96701,0.02299
1,1572,34328.7,CLOSE,0.993,0.974,0.019,0.993,0.97569,0.01731
1,1573,34349.4,CLOSE,0.996,0.97747,0.01853,0.996,0.97222,0.02378
1,1574,34370.1,CLOSE,0.999,0.97747,0.02153,0.999,0.97222,0.02678
1,1575,34391.4,CLOSE,1.0,0.98787,0.01213,1.0,0.97396,0.02604
1,1576,34397.3,HOLD_CLOSED,1.0,0.98094,0.01906,1.0,0.97222,0.02778
1,1577,34419.8,HOLD_CLOSED,1.0,0.98267,0.01733,1.0,0.97396,0.02604
1,1578,34440.0,HOLD_CLOSED,1.0,0.98094,0.01906,1.0,0.97396,0.02604
1,1579,34461.2,HOLD_CLOSED,1.0,0.98094,0.01906,1.0,0.97396,0.02604
1,1580,34482.4,HOLD_CLOSED,1.0,0.98094,0.01906,1.0,0.97396,0.02604
1,1581,34503.6,HOLD_CLOSED,1.0,0.98094,0.01906,1.0,0.9809,0.0191
1,1582,34523.5,HOLD_CLOSED,1.0,0.98267,0.01733,1.0,0.97396,0.02604
1,1583,34543.6,HOLD_CLOSED,1.0,0.98267,0.01733,1.0,0.97396,0.02604
1,1584,34565.6,HOLD_CLOSED,1.0,0.98094,0.01906,1.0,0.97569,0.02431
1,1585,34586.3,HOLD_CLOSED,1.0,0.98267,0.01733,1.0,0.98611,0.01389
1,1586,34607.5,HOLD_CLOSED,1.0,0.98267,0.01733,1.0,0.97222,0.02778
1,1587,34628.4,HOLD_CLOSED,1.0,0.98267,0.01733,1.0,0.98438,0.01562
1,1588,34649.2,HOLD_CLOSED,1.0,0.97574,0.02426,1.0,0.97396,0.02604
1,1589,34670.0,HOLD_CLOSED,1.0,0.98094,0.01906,1.0,0.97396,0.02604
1,1590,34691.6,HOLD_CLOSED,1.0,0.9896,0.0104,1.0,0.98264,0.01736
1,1591,34710.9,HOLD_CLOSED,1.0,0.9896,0.0104,1.0,0.97569,0.02431
1,1592,34732.5,HOLD_CLOSED,1.0,0.9792,0.0208,1.0,0.98264,0.01736
1,1593,34754.5,HOLD_CLOSED,1.0,0.9896,0.0104,1.0,0.97569,0.02431
1,1594,34773.8,HOLD_CLOSED,1.0,0.98094,0.01906,1.0,0.97569,0.02431
1,1595,34794.3,HOLD_CLOSED,1.0,0.98094,0.01906,1.0,0.98438,0.01562
1,1596,34816.5,HOLD_CLOSED,1.0,0.98267,0.01733,1.0,0.98264,0.01736
1,1597,34835.9,HOLD_CLOSED,1.0,0.98267,0.01733,1.0,0.98264,0.01736
1,1598,34857.2,HOLD_CLOSED,1.0,0.98614,0.01386,1.0,0.98785,0.01215
1,1599,34877.1,HOLD_CLOSED,1.0,0.99307,0.00693,1.0,0.98958,0.01042
1,1600,34898.8,HOLD_CLOSED,1.0,0.9896,0.0104,1.0,0.99132,0.00868
1,1601,34918.7,HOLD_CLOSED,1.0,0.99307,0.00693,1.0,0.99653,0.00347
1,1602,34939.9,HOLD_CLOSED,1.0,0.99307,0.00693,1.0,0.99479,0.00521
1,1603,34961.7,HOLD_CLOSED,1.0,0.9948,0.0052,1.0,0.99306,0.00694
1,1604,34980.8,HOLD_CLOSED,1.0,0.9948,0.0052,1.0,0.99306,0.00694
1,1605,35002.4,HOLD_CLOSED,1.0,0.99653,0.00347,1.0,0.99653,0.00347
1,1606,35024.6,HOLD_CLOSED,1.0,0.99307,0.00693,1.0,0.99479,0.00521
1,1607,35045.9,HOLD_CLOSED,1.0,0.9948,0.0052,1.0,0.99479,0.00521
1,1608,35065.0,HOLD_CLOSED,1.0,0.99307,0.00693,1.0,0.99479,0.00521
1,1609,35087.0,HOLD_CLOSED,1.0,0.99653,0.00347,1.0,0.99306,0.00694
1,1610,35105.8,HOLD_CLOSED,1.0,0.9948,0.0052,1.0,0.99479,0.00521
1,1611,35126.3,HOLD_CLOSED,1.0,0.99307,0.00693,1.0,0.99306,0.00694
1,1612,35147.2,HOLD_CLOSED,1.0,0.99307,0.00693,1.0,0.99653,0.00347
1,1613,35169.9,HOLD_CLOSED,1.0,0.99307,0.00693,1.0,0.99306,0.00694
1,1614,35191.0,HOLD_CLOSED,1.0,0.9948,0.0052,1.0,0.99479,0.00521
1,1615,35211.5,HOLD_CLOSED,1.0,0.9948,0.0052,1.0,0.99653,0.00347
1,1616,35232.0,HOLD_CLOSED,1.0,0.99653,0.00347,1.0,0.99653,0.00347
1,1617,35254.3,HOLD_CLOSED,1.0,0.9948,0.0052,1.0,0.99479,0.00521
1,1618,35273.8,HOLD_CLOSED,1.0,0.9948,0.0052,1.0,0.99479,0.00521
1,1619,35294.0,HOLD_CLOSED,1.0,0.99307,0.00693,1.0,0.99479,0.00521
1,1620,35312.6,HOLD_CLOSED,1.0,0.9948,0.0052,1.0,0.99479,0.00521
1,1621,35333.1,HOLD_CLOSED,1.0,0.99827,0.00173,1.0,0.99306,0.00694
1,1622,35354.0,HOLD_CLOSED,1.0,0.9948,0.0052,1.0,0.99653,0.00347
1,1623,35374.9,HOLD_CLOSED,1.0,0.9948,0.0052,1.0,0.99306,0.00694
1,1624,35396.3,HOLD_CLOSED,1.0,0.99307,0.00693,1.0,0.99479,0.00521
1,1625,35417.2,HOLD_CLOSED,1.0,0.9948,0.0052,1.0,0.99479,0.00521
1,1626,35439.0,HOLD_CLOSED,1.0,0.9948,0.0052,1.0,0.99479,0.00521
1,1627,35460.5,HOLD_CLOSED,1.0,0.99653,0.00347,1.0,0.99653,0.00347
1,1628,35481.9,HOLD_CLOSED,1.0,0.99827,0.00173,1.0,0.99479,0.00521
1,1629,35503.3,HOLD_CLOSED,1.0,0.9948,0.0052,1.0,0.99653,0.00347
1,1630,35524.1,HOLD_CLOSED,1.0,0.9948,0.0052,1.0,0.99653,0.00347
1,1631,35544.5,HOLD_CLOSED,1.0,0.99307,0.00693,1.0,0.99306,0.00694
1,1632,35565.8,HOLD_CLOSED,1.0,0.9948,0.0052,1.0,0.99479,0.00521
1,1633,35586.7,HOLD_CLOSED,1.0,0.99133,0.00867,1.0,0.99479,0.00521
1,1634,35606.5,HOLD_CLOSED,1.0,0.99653,0.00347,1.0,0.99653,0.00347
1,1635,35628.5,HOLD_CLOSED,1.0,0.99307,0.00693,1.0,0.99306,0.00694
1,1636,35649.7,OPEN,0.997,0.9948,0.0022,0.997,0.99653,0.00047
1,1637,35672.1,OPEN,0.994,0.9948,-0.0008,0.994,0.99479,-0.00079
1,1638,35692.8,OPEN,0.991,0.9948,-0.0038,0.991,0.99306,-0.00206
1,1639,35712.8,OPEN,0.988,0.99307,-0.00507,0.988,0.99653,-0.00853
1,1640,35733.6,OPEN,0.985,0.9948,-0.0098,0.985,0.99653,-0.01153
1,1641,35752.9,OPEN,0.982,0.99307,-0.01107,0.982,0.99306,-0.01106
1,1642,35773.7,OPEN,0.979,0.99307,-0.01407,0.979,0.99479,-0.01579
1,1643,35796.2,OPEN,0.976,0.99653,-0.02053,0.976,0.99479,-0.01879
1,1644,35817.3,OPEN,0.973,0.99307,-0.02007,0.973,0.99479,-0.02179
1,1645,35837.9,OPEN,0.97,0.99307,-0.02307,0.97,0.99479,-0.02479
1,1646,35857.7,OPEN,0.967,0.9948,-0.0278,0.967,0.99653,-0.02953
1,1647,35879.6,OPEN,0.964,0.99307,-0.02907,0.964,0.99479,-0.03079
1,1648,35900.1,OPEN,0.961,0.9948,-0.0338,0.961,0.99653,-0.03553
1,1649,35921.1,OPEN,0.958,0.9948,-0.0368,0.958,0.99479,-0.03679
1,1650,35941.8,OPEN,0.955,0.99307,-0.03807,0.955,0.99306,-0.03806
1,1651,35962.9,OPEN,0.952,0.99307,-0.04107,0.952,0.99132,-0.03932
1,1652,35982.3,OPEN,0.949,0.9948,-0.0458,0.949,0.99479,-0.04579
1,1653,36003.4,OPEN,0.946,0.99307,-0.04707,0.946,0.99306,-0.04706
1,1654,36025.0,OPEN,0.943,0.99827,-0.05527,0.943,0.99479,-0.05179
1,1655,36045.1,OPEN,0.94,0.99307,-0.05307,0.94,0.99306,-0.05306
1,1656,36066.4,OPEN,0.937,0.99307,-0.05607,0.937,0.99132,-0.05432
1,1657,36089.1,OPEN,0.934,0.98614,-0.05214,0.934,0.99132,-0.05732
1,1658,36109.7,OPEN,0.931,0.98094,-0.04994,0.931,0.98438,-0.05338
1,1659,36129.0,OPEN,0.928,0.974,-0.046,0.928,0.97917,-0.05117
1,1660,36151.0,OPEN,0.925,0.97574,-0.05074,0.925,0.97569,-0.05069
1,1661,36172.9,OPEN,0.922,0.96707,-0.04507,0.922,0.97049,-0.04849
1,1662,36191.8,OPEN,0.919,0.96187,-0.04287,0.919,0.96701,-0.04801
1,1663,36213.5,OPEN,0.916,0.96187,-0.04587,0.916,0.95833,-0.04233
1,1664,36233.5,OPEN,0.913,0.95841,-0.04541,0.913,0.95486,-0.04186
1,1665,36253.1,OPEN,0.91,0.95321,-0.04321,0.91,0.94965,-0.03965
1,1666,36274.6,OPEN,0.907,0.95494,-0.04794,0.907,0.94792,-0.04092
1,1667,36296.4,OPEN,0.904,0.94974,-0.04574,0.904,0.94444,-0.04044
1,1668,36316.3,OPEN,0.901,0.94454,-0.04354,0.901,0.94444,-0.04344
1,1669,36338.1,OPEN,0.898,0.93934,-0.04134,0.898,0.94618,-0.04818
1,1670,36358.2,OPEN,0.895,0.93588,-0.04088,0.895,0.93924,-0.04424
1,1671,36378.4,OPEN,0.892,0.93068,-0.03868,0.892,0.9375,-0.0455
1,1672,36399.1,OPEN,0.889,0.92894,-0.03994,0.889,0.93576,-0.04676
1,1673,36419.9,OPEN,0.886,0.92894,-0.04294,0.886,0.93403,-0.04803
1,1674,36441.6,OPEN,0.883,0.92721,-0.04421,0.883,0.93403,-0.05103
1,1675,36462.8,OPEN,0.88,0.92721,-0.04721,0.88,0.93229,-0.05229
1,1676,36483.9,OPEN,0.877,0.92548,-0.04848,0.877,0.93056,-0.05356
1,1677,36504.0,OPEN,0.874,0.92721,-0.05321,0.874,0.92708,-0.05308
1,1678,36525.4,OPEN,0.871,0.92374,-0.05274,0.871,0.92188,-0.05088
1,1679,36545.0,OPEN,0.868,0.92721,-0.05921,0.868,0.93056,-0.06256
1,1680,36566.7,OPEN,0.865,0.92201,-0.05701,0.865,0.92708,-0.06208
1,1681,36587.6,OPEN,0.862,0.92028,-0.05828,0.862,0.91667,-0.05467
1,1682,36609.0,OPEN,0.859,0.91681,-0.05781,0.859,0.91146,-0.05246
1,1683,36630.4,OPEN,0.856,0.91161,-0.05561,0.856,0.91146,-0.05546
1,1684,36651.2,OPEN,0.853,0.90815,-0.05515,0.853,0.90972,-0.05672
1,1685,36673.0,OPEN,0.85,0.90641,-0.05641,0.85,0.89931,-0.04931
1,1686,36692.2,OPEN,0.847,0.90641,-0.05941,0.847,0.89236,-0.04536
1,1687,36711.5,OPEN,0.844,0.89775,-0.05375,0.844,0.89583,-0.05183
1,1688,36731.8,OPEN,0.841,0.89255,-0.05155,0.841,0.88715,-0.04615
1,1689,36752.6,OPEN,0.838,0.89081,-0.05281,0.838,0.88715,-0.04915
1,1690,36774.1,OPEN,0.835,0.88562,-0.05062,0.835,0.88368,-0.04868
1,1691,36794.8,OPEN,0.832,0.88042,-0.04842,0.832,0.88021,-0.04821
1,1692,36815.6,OPEN,0.829,0.87695,-0.04795,0.829,0.87847,-0.04947
1,1693,36837.6,OPEN,0.826,0.87348,-0.04748,0.826,0.87674,-0.05074
1,1694,36857.1,OPEN,0.823,0.87002,-0.04702,0.823,0.87847,-0.05547
1,1695,36878.2,OPEN,0.82,0.86655,-0.04655,0.82,0.875,-0.055
1,1696,36899.1,OPEN,0.817,0.86308,-0.04608,0.817,0.86979,-0.05279
1,1697,36921.8,OPEN,0.814,0.85789,-0.04389,0.814,0.86632,-0.05232
1,1698,36941.8,OPEN,0.811,0.85615,-0.04515,0.811,0.86458,-0.05358
1,1699,36962.6,OPEN,0.808,0.85269,-0.04469,0.808,0.86632,-0.05832
1,1700,36983.0,OPEN,0.805,0.84922,-0.04422,0.805,0.86285,-0.05785
1,1701,37005.4,OPEN,0.802,0.84749,-0.04549,0.802,0.85764,-0.05564
1,1702,37027.2,OPEN,0.799,0.84402,-0.04502,0.799,0.85417,-0.05517
1,1703,37046.4,OPEN,0.796,0.84055,-0.04455,0.796,0.84896,-0.05296
1,1704,37068.1,OPEN,0.793,0.84055,-0.04755,0.793,0.84549,-0.05249
1,1705,37087.5,OPEN,0.79,0.83536,-0.04536,0.79,0.84028,-0.05028
1,1706,37108.6,OPEN,0.787,0.83536,-0.04836,0.787,0.83507,-0.04807
1,1707,37129.3,OPEN,0.784,0.83189,-0.04789,0.784,0.83507,-0.05107
1,1708,37150.3,OPEN,0.781,0.82669,-0.04569,0.781,0.82639,-0.04539
1,1709,37171.6,OPEN,0.778,0.82496,-0.04696,0.778,0.82465,-0.04665
1,1710,37191.5,OPEN,0.775,0.82149,-0.04649,0.775,0.81944,-0.04444
1,1711,37210.7,OPEN,0.772,0.82842,-0.05642,0.772,0.81771,-0.04571
1,1712,37230.5,OPEN,0.769,0.81802,-0.04902,0.769,0.8125,-0.0435
1,1713,37251.6,OPEN,0.766,0.81629,-0.05029,0.766,0.80903,-0.04303
1,1714,37272.5,OPEN,0.763,0.81282,-0.04982,0.763,0.80729,-0.04429
1,1715,37293.4,OPEN,0.76,0.81456,-0.05456,0.76,0.80729,-0.04729
1,1716,37313.9,OPEN,0.757,0.80589,-0.04889,0.757,0.80035,-0.04335
1,1717,37334.3,OPEN,0.754,0.80416,-0.05016,0.754,0.79861,-0.04461
1,1718,37354.9,OPEN,0.751,0.80069,-0.04969,0.751,0.79688,-0.04588
1,1719,37375.8,OPEN,0.748,0.79723,-0.04923,0.748,0.79688,-0.04888
1,1720,37396.9,OPEN,0.745,0.79029,-0.04529,0.745,0.79167,-0.04667
1,1721,37417.9,OPEN,0.742,0.79723,-0.05523,0.742,0.79167,-0.04967
1,1722,37438.6,OPEN,0.739,0.78336,-0.04436,0.739,0.78646,-0.04746
1,1723,37459.0,OPEN,0.736,0.77816,-0.04216,0.736,0.78299,-0.04699
1,1724,37480.5,OPEN,0.733,0.77643,-0.04343,0.733,0.78125,-0.04825
1,1725,37501.1,OPEN,0.73,0.7747,-0.0447,0.73,0.77951,-0.04951
1,1726,37522.5,OPEN,0.727,0.77123,-0.04423,0.727,0.77604,-0.04904
1,1727,37543.0,OPEN,0.724,0.76603,-0.04203,0.724,0.77431,-0.05031
1,1728,37565.5,OPEN,0.721,0.76256,-0.04156,0.721,0.77083,-0.04983
1,1729,37586.9,OPEN,0.718,0.7591,-0.0411,0.718,0.76736,-0.04936
1,1730,37607.4,OPEN,0.715,0.76083,-0.04583,0.715,0.76736,-0.05236
1,1731,37627.8,OPEN,0.712,0.75563,-0.04363,0.712,0.76042,-0.04842
1,1732,37648.9,OPEN,0.709,0.75217,-0.04317,0.709,0.75694,-0.04794
1,1733,37670.5,OPEN,0.706,0.7487,-0.0427,0.706,0.75521,-0.04921
1,1734,37691.1,OPEN,0.703,0.7487,-0.0457,0.703,0.75,-0.047
1,1735,37710.4,OPEN,0.7,0.74697,-0.04697,0.7,0.74826,-0.04826
1,1736,37731.1,OPEN,0.697,0.7435,-0.0465,0.697,0.73958,-0.04258
1,1737,37751.4,OPEN,0.694,0.74003,-0.04603,0.694,0.74479,-0.05079
1,1738,37772.5,OPEN,0.691,0.7383,-0.0473,0.691,0.73958,-0.04858
1,1739,37793.3,OPEN,0.688,0.7331,-0.0451,0.688,0.73611,-0.04811
1,1740,37814.1,OPEN,0.685,0.73137,-0.04637,0.685,0.73438,-0.04938
1,1741,37835.0,OPEN,0.682,0.73137,-0.04937,0.682,0.7309,-0.0489
1,1742,37855.8,OPEN,0.679,0.72617,-0.04717,0.679,0.72569,-0.04669
1,1743,37875.8,OPEN,0.676,0.7279,-0.0519,0.676,0.72396,-0.04796
1,1744,37896.9,OPEN,0.673,0.7227,-0.0497,0.673,0.72049,-0.04749
1,1745,37917.9,OPEN,0.67,0.7175,-0.0475,0.67,0.71701,-0.04701
1,1746,37938.9,OPEN,0.667,0.71231,-0.04531,0.667,0.71181,-0.04481
1,1747,37959.4,OPEN,0.664,0.70884,-0.04484,0.664,0.71181,-0.04781
1,1748,37981.3,OPEN,0.661,0.70364,-0.04264,0.661,0.70486,-0.04386
1,1749,38001.7,OPEN,0.658,0.69844,-0.04044,0.658,0.70312,-0.04513
1,1750,38023.4,OPEN,0.655,0.69844,-0.04344,0.655,0.69965,-0.04465
1,1751,38043.8,OPEN,0.652,0.69324,-0.04124,0.652,0.69618,-0.04418
1,1752,38064.5,OPEN,0.649,0.68977,-0.04077,0.649,0.69618,-0.04718
1,1753,38085.2,OPEN,0.646,0.68631,-0.04031,0.646,0.69618,-0.05018
1,1754,38106.0,OPEN,0.643,0.68111,-0.03811,0.643,0.69097,-0.04797
1,1755,38127.3,OPEN,0.64,0.68111,-0.04111,0.64,0.68576,-0.04576
1,1756,38148.0,OPEN,0.637,0.67591,-0.03891,0.637,0.68229,-0.04529
1,1757,38169.7,OPEN,0.634,0.67418,-0.04018,0.634,0.68056,-0.04656
1,1758,38189.9,OPEN,0.631,0.67244,-0.04144,0.631,0.67535,-0.04435
1,1759,38212.3,OPEN,0.628,0.66898,-0.04098,0.628,0.67188,-0.04388
1,1760,38233.7,OPEN,0.625,0.66724,-0.04224,0.625,0.67014,-0.04514
1,1761,38252.7,OPEN,0.622,0.66724,-0.04524,0.622,0.6684,-0.0464
1,1762,38272.4,OPEN,0.619,0.66205,-0.04305,0.619,0.66493,-0.04593
1,1763,38293.7,OPEN,0.616,0.65858,-0.04258,0.616,0.66667,-0.05067
1,1764,38314.6,OPEN,0.613,0.65858,-0.04558,0.613,0.66146,-0.04846
1,1765,38335.8,OPEN,0.61,0.65338,-0.04338,0.61,0.65799,-0.04799
1,1766,38356.5,OPEN,0.607,0.65165,-0.04465,0.607,0.65278,-0.04578
1,1767,38379.4,OPEN,0.604,0.64818,-0.04418,0.604,0.65451,-0.05051
1,1768,38398.5,OPEN,0.601,0.64645,-0.04545,0.601,0.64931,-0.04831
1,1769,38417.7,OPEN,0.598,0.64471,-0.04671,0.598,0.64757,-0.04957
1,1770,38438.8,OPEN,0.595,0.63951,-0.04451,0.595,0.64236,-0.04736
1,1771,38460.5,OPEN,0.592,0.63778,-0.04578,0.592,0.64236,-0.05036
1,1772,38482.1,OPEN,0.589,0.63258,-0.04358,0.589,0.63542,-0.04642
1,1773,38503.1,OPEN,0.586,0.62912,-0.04312,0.586,0.63194,-0.04594
1,1774,38524.0,OPEN,0.583,0.62392,-0.04092,0.583,0.62847,-0.04547
1,1775,38546.0,OPEN,0.58,0.61872,-0.03872,0.58,0.63021,-0.05021
1,1776,38567.9,OPEN,0.577,0.61698,-0.03998,0.577,0.62326,-0.04626
1,1777,38588.6,OPEN,0.574,0.61352,-0.03952,0.574,0.61806,-0.04406
1,1778,38608.4,OPEN,0.571,0.61698,-0.04598,0.571,0.61632,-0.04532
1,1779,38629.1,OPEN,0.568,0.60659,-0.03859,0.568,0.61285,-0.04485
1,1780,38649.8,OPEN,0.565,0.60485,-0.03985,0.565,0.60938,-0.04438
1,1781,38671.1,OPEN,0.562,0.60312,-0.04112,0.562,0.6059,-0.0439
1,1782,38690.1,OPEN,0.559,0.60139,-0.04239,0.559,0.61111,-0.05211
1,1783,38710.7,OPEN,0.556,0.59792,-0.04192,0.556,0.60243,-0.04643
1,1784,38731.8,OPEN,0.553,0.59445,-0.04145,0.553,0.59896,-0.04596
1,1785,38753.9,OPEN,0.55,0.59272,-0.04272,0.55,0.59722,-0.04722
1,1786,38775.1,OPEN,0.547,0.59099,-0.04399,0.547,0.59201,-0.04501
1,1787,38796.1,OPEN,0.544,0.58752,-0.04352,0.544,0.59028,-0.04628
1,1788,38816.7,OPEN,0.541,0.58406,-0.04306,0.541,0.58854,-0.04754
1,1789,38836.7,OPEN,0.538,0.58232,-0.04432,0.538,0.58681,-0.04881
1,1790,38857.0,OPEN,0.535,0.58579,-0.05079,0.535,0.5816,-0.0466
1,1791,38878.9,OPEN,0.532,0.57539,-0.04339,0.532,0.57812,-0.04613
1,1792,38898.4,OPEN,0.529,0.57192,-0.04292,0.529,0.57465,-0.04565
1,1793,38919.2,OPEN,0.526,0.56672,-0.04072,0.526,0.57118,-0.04518
1,1794,38942.6,OPEN,0.523,0.56326,-0.04026,0.523,0.56944,-0.04644
1,1795,38962.5,OPEN,0.52,0.56153,-0.04153,0.52,0.57118,-0.05118
1,1796,38983.5,OPEN,0.517,0.55806,-0.04106,0.517,0.56424,-0.04724
1,1797,39006.3,OPEN,0.514,0.55806,-0.04406,0.514,0.55903,-0.04503
1,1798,39025.1,OPEN,0.511,0.54939,-0.03839,0.511,0.55729,-0.04629
1,1799,39045.0,OPEN,0.508,0.54593,-0.03793,0.508,0.55556,-0.04756
1,1800,39064.9,OPEN,0.505,0.54419,-0.03919,0.505,0.54861,-0.04361
1,1801,39086.8,OPEN,0.502,0.54246,-0.04046,0.502,0.54514,-0.04314
1,1802,39107.9,OPEN,0.499,0.53899,-0.03999,0.499,0.54167,-0.04267
1,1803,39129.0,OPEN,0.496,0.53726,-0.04126,0.496,0.53993,-0.04393
1,1804,39150.1,OPEN,0.493,0.53553,-0.04253,0.493,0.53819,-0.04519
1,1805,39170.7,OPEN,0.49,0.53206,-0.04206,0.49,0.53299,-0.04299
1,1806,39191.4,OPEN,0.487,0.53206,-0.04506,0.487,0.53993,-0.05293
1,1807,39212.6,OPEN,0.484,0.5286,-0.0446,0.484,0.53472,-0.05072
1,1808,39233.9,OPEN,0.481,0.5234,-0.0424,0.481,0.52604,-0.04504
1,1809,39254.9,OPEN,0.478,0.52166,-0.04366,0.478,0.52083,-0.04283
1,1810,39274.0,OPEN,0.475,0.51993,-0.04493,0.475,0.51389,-0.03889
1,1811,39295.7,OPEN,0.472,0.513,-0.041,0.472,0.51042,-0.03842
1,1812,39315.5,OPEN,0.469,0.50953,-0.04053,0.469,0.50694,-0.03794
1,1813,39337.4,OPEN,0.466,0.5026,-0.0366,0.466,0.50521,-0.03921
1,1814,39358.4,OPEN,0.463,0.4974,-0.0344,0.463,0.50174,-0.03874
1,1815,39379.7,OPEN,0.46,0.4922,-0.0322,0.46,0.49653,-0.03653
1,1816,39401.7,OPEN,0.457,0.487,-0.03,0.457,0.49479,-0.03779
1,1817,39421.3,OPEN,0.454,0.48354,-0.02954,0.454,0.49132,-0.03732
1,1818,39443.9,OPEN,0.451,0.48354,-0.03254,0.451,0.48958,-0.03858
1,1819,39463.9,OPEN,0.448,0.49047,-0.04247,0.448,0.48785,-0.03985
1,1820,39484.0,OPEN,0.445,0.48007,-0.03507,0.445,0.48611,-0.04111
1,1821,39504.4,OPEN,0.442,0.48007,-0.03807,0.442,0.48438,-0.04238
1,1822,39523.9,OPEN,0.439,0.48007,-0.04107,0.439,0.48264,-0.04364
1,1823,39544.6,OPEN,0.436,0.47834,-0.04234,0.436,0.48264,-0.04664
1,1824,39566.0,OPEN,0.433,0.4818,-0.0488,0.433,0.48958,-0.05658
1,1825,39587.6,OPEN,0.43,0.4766,-0.0466,0.43,0.47743,-0.04743
1,1826,39608.4,OPEN,0.427,0.47834,-0.05134,0.427,0.47917,-0.05217
1,1827,39629.4,OPEN,0.424,0.4714,-0.0474,0.424,0.47222,-0.04822
1,1828,39650.4,OPEN,0.421,0.46794,-0.04694,0.421,0.47049,-0.04949
1,1829,39669.7,OPEN,0.418,0.46794,-0.04994,0.418,0.46701,-0.04901
1,1830,39690.1,OPEN,0.415,0.46101,-0.04601,0.415,0.46354,-0.04854
1,1831,39711.5,OPEN,0.412,0.45754,-0.04554,0.412,0.45833,-0.04633
1,1832,39732.0,OPEN,0.409,0.45407,-0.04507,0.409,0.45486,-0.04586
1,1833,39752.8,OPEN,0.406,0.44887,-0.04287,0.406,0.45486,-0.04886
1,1834,39773.1,OPEN,0.403,0.44541,-0.04241,0.403,0.45139,-0.04839
1,1835,39795.8,OPEN,0.4,0.44021,-0.04021,0.4,0.44271,-0.04271
1,1836,39816.9,OPEN,0.397,0.43674,-0.03974,0.397,0.43924,-0.04224
1,1837,39837.7,OPEN,0.394,0.43154,-0.03754,0.394,0.43403,-0.04003
1,1838,39857.1,OPEN,0.391,0.43328,-0.04228,0.391,0.43229,-0.04129
1,1839,39880.4,OPEN,0.388,0.42288,-0.03488,0.388,0.42708,-0.03908
1,1840,39899.8,OPEN,0.385,0.42461,-0.03961,0.385,0.42882,-0.04382
1,1841,39920.0,OPEN,0.382,0.41594,-0.03394,0.382,0.42708,-0.04508
1,1842,39941.9,OPEN,0.379,0.41248,-0.03348,0.379,0.41667,-0.03767
1,1843,39963.4,OPEN,0.376,0.41075,-0.03475,0.376,0.4184,-0.0424
1,1844,39984.2,OPEN,0.373,0.40728,-0.03428,0.373,0.41319,-0.04019
1,1845,40003.5,OPEN,0.37,0.40555,-0.03555,0.37,0.40972,-0.03972
1,1846,40023.7,OPEN,0.367,0.40208,-0.03508,0.367,0.40625,-0.03925
1,1847,40044.3,OPEN,0.364,0.40035,-0.03635,0.364,0.40451,-0.04051
1,1848,40067.3,OPEN,0.361,0.39861,-0.03761,0.361,0.40104,-0.04004
1,1849,40087.2,OPEN,0.358,0.39515,-0.03715,0.358,0.40104,-0.04304
1,1850,40107.4,OPEN,0.355,0.39168,-0.03668,0.355,0.39757,-0.04257
1,1851,40127.6,OPEN,0.352,0.38995,-0.03795,0.352,0.3941,-0.0421
1,1852,40148.9,OPEN,0.349,0.39341,-0.04441,0.349,0.39236,-0.04336
1,1853,40169.5,OPEN,0.346,0.38648,-0.04048,0.346,0.38889,-0.04289
1,1854,40190.3,OPEN,0.343,0.38302,-0.04002,0.343,0.38542,-0.04242
1,1855,40212.5,OPEN,0.34,0.37955,-0.03955,0.34,0.38194,-0.04194
1,1856,40233.5,OPEN,0.337,0.37608,-0.03908,0.337,0.37847,-0.04147
1,1857,40255.1,OPEN,0.334,0.37782,-0.04382,0.334,0.375,-0.041
1,1858,40273.7,OPEN,0.331,0.36915,-0.03815,0.331,0.37153,-0.04053
1,1859,40294.9,OPEN,0.328,0.36742,-0.03942,0.328,0.36979,-0.04179
1,1860,40317.5,OPEN,0.325,0.36222,-0.03722,0.325,0.36458,-0.03958
1,1861,40337.3,OPEN,0.322,0.35529,-0.03329,0.322,0.36111,-0.03911
1,1862,40359.0,OPEN,0.319,0.35529,-0.03629,0.319,0.3559,-0.0369
1,1863,40379.3,OPEN,0.316,0.35009,-0.03409,0.316,0.35764,-0.04164
1,1864,40399.4,OPEN,0.313,0.35009,-0.03709,0.313,0.35069,-0.03769
1,1865,40421.0,OPEN,0.31,0.34315,-0.03315,0.31,0.34896,-0.03896
1,1866,40441.0,OPEN,0.307,0.34315,-0.03615,0.307,0.34549,-0.03849
1,1867,40462.7,OPEN,0.304,0.33969,-0.03569,0.304,0.34201,-0.03801
1,1868,40482.6,OPEN,0.301,0.33795,-0.03695,0.301,0.33854,-0.03754
1,1869,40503.6,OPEN,0.298,0.33449,-0.03649,0.298,0.33681,-0.03881
1,1870,40523.6,OPEN,0.295,0.33102,-0.03602,0.295,0.34028,-0.04528
1,1871,40544.3,OPEN,0.292,0.32756,-0.03556,0.292,0.33333,-0.04133
1,1872,40566.9,OPEN,0.289,0.30676,-0.01776,0.289,0.32986,-0.04086
1,1873,40586.4,OPEN,0.286,0.32582,-0.03982,0.286,0.32639,-0.04039
1,1874,40608.1,OPEN,0.283,0.32236,-0.03936,0.283,0.32292,-0.03992
1,1875,40630.3,OPEN,0.28,0.31889,-0.03889,0.28,0.32118,-0.04118
1,1876,40648.9,OPEN,0.277,0.31716,-0.04016,0.277,0.31771,-0.04071
1,1877,40669.9,OPEN,0.274,0.31369,-0.03969,0.274,0.31597,-0.04197
1,1878,40690.3,OPEN,0.271,0.31023,-0.03923,0.271,0.32118,-0.05018
1,1879,40710.8,OPEN,0.268,0.30676,-0.03876,0.268,0.31597,-0.04797
1,1880,40732.1,OPEN,0.265,0.30329,-0.03829,0.265,0.30729,-0.04229
1,1881,40753.2,OPEN,0.262,0.30156,-0.03956,0.262,0.30382,-0.04182
1,1882,40772.8,OPEN,0.259,0.29809,-0.03909,0.259,0.29861,-0.03961
1,1883,40796.8,OPEN,0.256,0.29116,-0.03516,0.256,0.29688,-0.04088
1,1884,40816.8,OPEN,0.253,0.28943,-0.03643,0.253,0.2934,-0.0404
1,1885,40838.9,OPEN,0.25,0.28596,-0.03596,0.25,0.28993,-0.03993
1,1886,40858.8,OPEN,0.247,0.2825,-0.0355,0.247,0.28646,-0.03946
1,1887,40878.7,OPEN,0.244,0.2825,-0.0385,0.244,0.28472,-0.04072
1,1888,40899.5,OPEN,0.241,0.2773,-0.0363,0.241,0.27951,-0.03851
1,1889,40920.3,OPEN,0.238,0.27556,-0.03756,0.238,0.27604,-0.03804
1,1890,40940.9,OPEN,0.235,0.27036,-0.03536,0.235,0.27431,-0.03931
1,1891,40962.6,OPEN,0.232,0.2669,-0.0349,0.232,0.26562,-0.03363
1,1892,40984.4,OPEN,0.229,0.26343,-0.03443,0.229,0.27083,-0.04183
1,1893,41003.4,OPEN,0.226,0.2617,-0.0357,0.226,0.26562,-0.03963
1,1894,41024.2,OPEN,0.223,0.25997,-0.03697,0.223,0.26215,-0.03915
1,1895,41045.2,OPEN,0.22,0.25477,-0.03477,0.22,0.26042,-0.04042
1,1896,41066.8,OPEN,0.217,0.2565,-0.0395,0.217,0.25694,-0.03994
1,1897,41087.6,OPEN,0.214,0.24957,-0.03557,0.214,0.25347,-0.03947
1,1898,41108.9,OPEN,0.211,0.24783,-0.03683,0.211,0.25521,-0.04421
1,1899,41129.8,OPEN,0.208,0.24437,-0.03637,0.208,0.24826,-0.04026
1,1900,41151.5,OPEN,0.205,0.24263,-0.03763,0.205,0.24479,-0.03979
1,1901,41171.0,OPEN,0.202,0.25997,-0.05797,0.202,0.24306,-0.04106
1,1902,41190.2,OPEN,0.199,0.23744,-0.03844,0.199,0.23958,-0.04058
1,1903,41212.0,OPEN,0.196,0.23397,-0.03797,0.196,0.23611,-0.04011
1,1904,41233.6,OPEN,0.193,0.22877,-0.03577,0.193,0.23264,-0.03964
1,1905,41253.9,OPEN,0.19,0.22704,-0.03704,0.19,0.2309,-0.0409
1,1906,41275.7,OPEN,0.187,0.22357,-0.03657,0.187,0.22569,-0.03869
1,1907,41296.9,OPEN,0.184,0.2201,-0.0361,0.184,0.22222,-0.03822
1,1908,41316.7,OPEN,0.181,0.21144,-0.03044,0.181,0.22049,-0.03949
1,1909,41338.9,OPEN,0.178,0.21144,-0.03344,0.178,0.22049,-0.04249
1,1910,41359.5,OPEN,0.175,0.20797,-0.03297,0.175,0.21181,-0.03681
1,1911,41379.2,OPEN,0.172,0.20451,-0.03251,0.172,0.21007,-0.03807
1,1912,41400.6,OPEN,0.169,0.20277,-0.03377,0.169,0.20486,-0.03586
1,1913,41420.8,OPEN,0.166,0.19757,-0.03157,0.166,0.20139,-0.03539
1,1914,41441.1,OPEN,0.163,0.19411,-0.03111,0.163,0.20486,-0.04186
1,1915,41461.0,OPEN,0.16,0.19237,-0.03237,0.16,0.19618,-0.03618
1,1916,41481.5,OPEN,0.157,0.18891,-0.03191,0.157,0.19444,-0.03744
1,1917,41504.4,OPEN,0.154,0.18544,-0.03144,0.154,0.19444,-0.04044
1,1918,41525.5,OPEN,0.151,0.18371,-0.03271,0.151,0.1875,-0.0365
1,1919,41545.0,OPEN,0.148,0.18891,-0.04091,0.148,0.18229,-0.03429
1,1920,41566.1,OPEN,0.145,0.18371,-0.03871,0.145,0.18056,-0.03556
1,1921,41587.1,OPEN,0.142,0.17678,-0.03478,0.142,0.17882,-0.03682
1,1922,41607.5,OPEN,0.139,0.17331,-0.03431,0.139,0.18056,-0.04156
1,1923,41627.5,OPEN,0.136,0.17158,-0.03558,0.136,0.17188,-0.03588
1,1924,41650.9,OPEN,0.133,0.16811,-0.03511,0.133,0.17014,-0.03714
1,1925,41670.4,OPEN,0.13,0.16464,-0.03464,0.13,0.17014,-0.04014
1,1926,41692.3,OPEN,0.127,0.16464,-0.03764,0.127,0.16319,-0.03619
1,1927,41714.2,OPEN,0.124,0.15945,-0.03545,0.124,0.16146,-0.03746
1,1928,41734.1,OPEN,0.121,0.15945,-0.03845,0.121,0.15799,-0.03699
1,1929,41752.9,OPEN,0.118,0.15425,-0.03625,0.118,0.15451,-0.03651
1,1930,41775.2,OPEN,0.115,0.15078,-0.03578,0.115,0.15278,-0.03778
1,1931,41795.0,OPEN,0.112,0.15251,-0.04051,0.112,0.14931,-0.03731
1,1932,41816.9,OPEN,0.109,0.14385,-0.03485,0.109,0.14931,-0.04031
1,1933,41839.5,OPEN,0.106,0.14038,-0.03438,0.106,0.14236,-0.03636
1,1934,41859.9,OPEN,0.103,0.13692,-0.03392,0.103,0.13889,-0.03589
1,1935,41878.2,OPEN,0.1,0.13518,-0.03518,0.1,0.13715,-0.03715
1,1936,41898.6,OPEN,0.097,0.12998,-0.03298,0.097,0.14062,-0.04363
1,1937,41921.7,OPEN,0.094,0.12652,-0.03252,0.094,0.13021,-0.03621
1,1938,41941.0,OPEN,0.091,0.12998,-0.03898,0.091,0.13021,-0.03921
1,1939,41961.8,OPEN,0.088,0.12652,-0.03852,0.088,0.125,-0.037
1,1940,41983.9,OPEN,0.085,0.12132,-0.03632,0.085,0.12153,-0.03653
1,1941,42003.7,OPEN,0.082,0.11438,-0.03238,0.082,0.11979,-0.03779
1,1942,42025.0,OPEN,0.079,0.11092,-0.03192,0.079,0.11632,-0.03732
1,1943,42044.3,OPEN,0.076,0.10745,-0.03145,0.076,0.11285,-0.03685
1,1944,42064.8,OPEN,0.073,0.10572,-0.03272,0.073,0.11111,-0.03811
1,1945,42087.1,OPEN,0.07,0.10225,-0.03225,0.07,0.10764,-0.03764
1,1946,42106.9,OPEN,0.067,0.09879,-0.03179,0.067,0.1059,-0.0389
1,1947,42129.5,OPEN,0.064,0.09532,-0.03132,0.064,0.07812,-0.01413
1,1948,42149.8,OPEN,0.061,0.09185,-0.03085,0.061,0.09722,-0.03622
1,1949,42171.8,OPEN,0.058,0.09012,-0.03212,0.058,0.09201,-0.03401
1,1950,42193.6,OPEN,0.055,0.08666,-0.03166,0.055,0.09028,-0.03528
1,1951,42212.9,OPEN,0.052,0.08319,-0.03119,0.052,0.08854,-0.03654
1,1952,42231.9,OPEN,0.049,0.08146,-0.03246,0.049,0.08333,-0.03433
1,1953,42251.8,OPEN,0.046,0.08146,-0.03546,0.046,0.07986,-0.03386
1,1954,42273.3,OPEN,0.043,0.07452,-0.03152,0.043,0.07812,-0.03513
1,1955,42293.6,OPEN,0.04,0.07106,-0.03106,0.04,0.07465,-0.03465
1,1956,42314.2,OPEN,0.037,0.06932,-0.03232,0.037,0.06597,-0.02897
1,1957,42335.2,OPEN,0.034,0.06412,-0.03012,0.034,0.06944,-0.03544
1,1958,42355.7,OPEN,0.031,0.06239,-0.03139,0.031,0.06424,-0.03324
1,1959,42376.5,OPEN,0.028,0.05893,-0.03093,0.028,0.06424,-0.03624
1,1960,42398.1,OPEN,0.025,0.05546,-0.03046,0.025,0.05903,-0.03403
1,1961,42417.9,OPEN,0.022,0.05373,-0.03173,0.022,0.05729,-0.03529
1,1962,42439.7,OPEN,0.019,0.05373,-0.03473,0.019,0.05382,-0.03482
1,1963,42461.2,OPEN,0.016,0.04853,-0.03253,0.016,0.05208,-0.03608
1,1964,42481.1,OPEN,0.013,0.04506,-0.03206,0.013,0.04861,-0.03561
1,1965,42502.2,OPEN,0.01,0.04159,-0.03159,0.01,0.04688,-0.03688
1,1966,42524.5,OPEN,0.007,0.03986,-0.03286,0.007,0.0434,-0.0364
1,1967,42544.5,OPEN,0.004,0.0364,-0.0324,0.004,0.04167,-0.03767
1,1968,42564.5,OPEN,0.001,0.03466,-0.03366,0.001,0.03646,-0.03546
1,1969,42585.3,OPEN,0.0,0.0312,-0.0312,0.0,0.03299,-0.03299
1,1970,42589.9,HOLD_OPEN,0.0,0.02946,-0.02946,0.0,0.03299,-0.03299
1,1971,42610.3,HOLD_OPEN,0.0,0.02773,-0.02773,0.0,0.03125,-0.03125
1,1972,42632.1,HOLD_OPEN,0.0,0.02946,-0.02946,0.0,0.02778,-0.02778
1,1973,42653.5,HOLD_OPEN,0.0,0.0208,-0.0208,0.0,0.02431,-0.02431
1,1974,42676.4,HOLD_OPEN,0.0,0.01733,-0.01733,0.0,0.02083,-0.02083
1,1975,42696.1,HOLD_OPEN,0.0,0.01386,-0.01386,0.0,0.0191,-0.0191
1,1976,42715.0,HOLD_OPEN,0.0,0.0104,-0.0104,0.0,0.02257,-0.02257
1,1977,42735.7,HOLD_OPEN,0.0,0.00867,-0.00867,0.0,0.01389,-0.01389
1,1978,42756.3,HOLD_OPEN,0.0,0.00693,-0.00693,0.0,0.01215,-0.01215
1,1979,42777.3,HOLD_OPEN,0.0,0.0052,-0.0052,0.0,0.01042,-0.01042
1,1980,42798.4,HOLD_OPEN,0.0,0.00347,-0.00347,0.0,0.01042,-0.01042
1,1981,42819.2,HOLD_OPEN,0.0,0.00347,-0.00347,0.0,0.01042,-0.01042
1,1982,42841.0,HOLD_OPEN,0.0,0.0052,-0.0052,0.0,0.01042,-0.01042
1,1983,42862.7,HOLD_OPEN,0.0,0.00347,-0.00347,0.0,0.01042,-0.01042
1,1984,42884.8,HOLD_OPEN,0.0,0.00173,-0.00173,0.0,0.01215,-0.01215
1,1985,42905.0,HOLD_OPEN,0.0,0.00347,-0.00347,0.0,0.01215,-0.01215
1,1986,42924.1,HOLD_OPEN,0.0,0.0052,-0.0052,0.0,0.01042,-0.01042
1,1987,42944.8,HOLD_OPEN,0.0,0.00347,-0.00347,0.0,0.01042,-0.01042
1,1988,42965.1,HOLD_OPEN,0.0,0.00347,-0.00347,0.0,0.01042,-0.01042
1,1989,42987.3,HOLD_OPEN,0.0,0.00347,-0.00347,0.0,0.01736,-0.01736
1,1990,43009.4,HOLD_OPEN,0.0,0.0052,-0.0052,0.0,0.01042,-0.01042
1,1991,43030.0,HOLD_OPEN,0.0,0.00347,-0.00347,0.0,0.01389,-0.01389
1,1992,43050.9,HOLD_OPEN,0.0,0.00347,-0.00347,0.0,0.01042,-0.01042
1,1993,43072.3,HOLD_OPEN,0.0,0.00347,-0.00347,0.0,0.01562,-0.01562
1,1994,43091.7,HOLD_OPEN,0.0,0.00347,-0.00347,0.0,0.01042,-0.01042
1,1995,43112.4,HOLD_OPEN,0.0,0.00693,-0.00693,0.0,0.00868,-0.00868
1,1996,43135.4,HOLD_OPEN,0.0,0.00347,-0.00347,0.0,0.00694,-0.00694
1,1997,43154.1,HOLD_OPEN,0.0,0.00347,-0.00347,0.0,0.00521,-0.00521
1,1998,43175.0,HOLD_OPEN,0.0,0.00347,-0.00347,0.0,0.00521,-0.00521
1,1999,43195.9,HOLD_OPEN,0.0,0.0052,-0.0052,0.0,0.00347,-0.00347
1,2000,43217.3,HOLD_OPEN,0.0,0.00347,-0.00347,0.0,0.00347,-0.00347
1,2001,43238.8,HOLD_OPEN,0.0,0.00347,-0.00347,0.0,0.00347,-0.00347
1,2002,43259.9,HOLD_OPEN,0.0,0.00347,-0.00347,0.0,0.00347,-0.00347
1,2003,43280.8,HOLD_OPEN,0.0,0.00347,-0.00347,0.0,0.00347,-0.00347
1,2004,43298.9,HOLD_OPEN,0.0,0.00347,-0.00347,0.0,0.00521,-0.00521
1,2005,43319.8,HOLD_OPEN,0.0,0.0052,-0.0052,0.0,0.00347,-0.00347
1,2006,43342.4,HOLD_OPEN,0.0,0.00347,-0.00347,0.0,0.00694,-0.00694
1,2007,43363.5,HOLD_OPEN,0.0,0.00347,-0.00347,0.0,0.00347,-0.00347
1,2008,43383.9,HOLD_OPEN,0.0,0.00347,-0.00347,0.0,0.00347,-0.00347
1,2009,43403.3,HOLD_OPEN,0.0,0.00347,-0.00347,0.0,0.00347,-0.00347
1,2010,43423.5,HOLD_OPEN,0.0,0.00347,-0.00347,0.0,0.00347,-0.00347
1,2011,43444.7,HOLD_OPEN,0.0,0.00347,-0.00347,0.0,0.00347,-0.00347
1,2012,43466.3,HOLD_OPEN,0.0,0.00347,-0.00347,0.0,0.00521,-0.00521
1,2013,43489.0,HOLD_OPEN,0.0,0.00347,-0.00347,0.0,0.00347,-0.00347
1,2014,43510.0,HOLD_OPEN,0.0,0.00347,-0.00347,0.0,0.00521,-0.00521
1,2015,43528.7,HOLD_OPEN,0.0,0.00347,-0.00347,0.0,0.00347,-0.00347
1,2016,43550.4,HOLD_OPEN,0.0,0.00173,-0.00173,0.0,0.00347,-0.00347
1,2017,43573.8,HOLD_OPEN,0.0,0.00347,-0.00347,0.0,0.00347,-0.00347
1,2018,43592.9,HOLD_OPEN,0.0,0.00173,-0.00173,0.0,0.00347,-0.00347
1,2019,43614.2,HOLD_OPEN,0.0,0.00347,-0.00347,0.0,0.00347,-0.00347
1,2020,43633.0,HOLD_OPEN,0.0,0.00173,-0.00173,0.0,0.00347,-0.00347
1,2021,43653.9,HOLD_OPEN,0.0,0.00347,-0.00347,0.0,0.00347,-0.00347
1,2022,43675.0,HOLD_OPEN,0.0,0.00347,-0.00347,0.0,0.00347,-0.00347
1,2023,43697.0,HOLD_OPEN,0.0,0.00347,-0.00347,0.0,0.00347,-0.00347
1,2024,43718.1,HOLD_OPEN,0.0,0.00173,-0.00173,0.0,0.00347,-0.00347
1,2025,43736.6,HOLD_OPEN,0.0,0.00173,-0.00173,0.0,0.00347,-0.00347
1,2026,43758.2,HOLD_OPEN,0.0,0.00347,-0.00347,0.0,0.00347,-0.00347
1,2027,43778.6,HOLD_OPEN,0.0,0.00173,-0.00173,0.0,0.00347,-0.00347
1,2028,43802.0,HOLD_OPEN,0.0,0.00347,-0.00347,0.0,0.00347,-0.00347
1,2029,43821.2,HOLD_OPEN,0.0,0.00347,-0.00347,0.0,0.00521,-0.00521
1,2030,43844.9,CLOSE_2,0.003,0.00173,0.00127,0.003,0.00347,-0.00047
1,2031,43865.4,CLOSE_2,0.006,0.00173,0.00427,0.006,0.00347,0.00253
1,2032,43886.7,CLOSE_2,0.009,0.0052,0.0038,0.009,0.00347,0.00553
1,2033,43904.7,CLOSE_2,0.012,0.00173,0.01027,0.012,0.00347,0.00853
1,2034,43926.9,CLOSE_2,0.015,0.00347,0.01153,0.015,0.00347,0.01153
1,2035,43947.9,CLOSE_2,0.018,0.00173,0.01627,0.018,0.00347,0.01453
1,2036,43969.3,CLOSE_2,0.021,0.00347,0.01753,0.021,0.00347,0.01753
1,2037,43991.1,CLOSE_2,0.024,0.00347,0.02053,0.024,0.00347,0.02053
1,2038,44011.1,CLOSE_2,0.027,0.00173,0.02527,0.027,0.00347,0.02353
1,2039,44032.9,CLOSE_2,0.03,0.00347,0.02653,0.03,0.00347,0.02653
1,2040,44052.3,CLOSE_2,0.033,0.0,0.033,0.033,0.00347,0.02953
1,2041,44073.2,CLOSE_2,0.036,0.00173,0.03427,0.036,0.00347,0.03253
1,2042,44093.4,CLOSE_2,0.039,0.00347,0.03553,0.039,0.00347,0.03553
1,2043,44115.9,CLOSE_2,0.042,0.0052,0.0368,0.042,0.00694,0.03506
1,2044,44136.3,CLOSE_2,0.045,0.00867,0.03633,0.045,0.01042,0.03458
1,2045,44155.2,CLOSE_2,0.048,0.01213,0.03587,0.048,0.01562,0.03238
1,2046,44177.6,CLOSE_2,0.051,0.01906,0.03194,0.051,0.02431,0.02669
1,2047,44197.6,CLOSE_2,0.054,0.026,0.028,0.054,0.02604,0.02796
1,2048,44217.9,CLOSE_2,0.057,0.03293,0.02407,0.057,0.03472,0.02228
1,2049,44239.9,CLOSE_2,0.06,0.04333,0.01667,0.06,0.0434,0.0166
1,2050,44259.3,CLOSE_2,0.063,0.04333,0.01967,0.063,0.04861,0.01439
1,2051,44281.0,CLOSE_2,0.066,0.05026,0.01574,0.066,0.05556,0.01044
1,2052,44301.4,CLOSE_2,0.069,0.05546,0.01354,0.069,0.06076,0.00824
1,2053,44323.3,CLOSE_2,0.072,0.06066,0.01134,0.072,0.06424,0.00776
1,2054,44344.3,CLOSE_2,0.075,0.06412,0.01088,0.075,0.06771,0.00729
1,2055,44363.9,CLOSE_2,0.078,0.06759,0.01041,0.078,0.07118,0.00682
1,2056,44384.4,CLOSE_2,0.081,0.07106,0.00994,0.081,0.07292,0.00808
1,2057,44406.5,CLOSE_2,0.084,0.07626,0.00774,0.084,0.07639,0.00761
1,2058,44426.1,CLOSE_2,0.087,0.07626,0.01074,0.087,0.07639,0.01061
1,2059,44448.8,CLOSE_2,0.09,0.07799,0.01201,0.09,0.07639,0.01361
1,2060,44469.9,CLOSE_2,0.093,0.07799,0.01501,0.093,0.07812,0.01488
1,2061,44489.7,CLOSE_2,0.096,0.07972,0.01628,0.096,0.07639,0.01961
1,2062,44511.0,CLOSE_2,0.099,0.08146,0.01754,0.099,0.07639,0.02261
1,2063,44532.0,CLOSE_2,0.102,0.08146,0.02054,0.102,0.07812,0.02388
1,2064,44551.9,CLOSE_2,0.105,0.08146,0.02354,0.105,0.07812,0.02688
1,2065,44573.0,CLOSE_2,0.108,0.08146,0.02654,0.108,0.07639,0.03161
1,2066,44592.8,CLOSE_2,0.111,0.08146,0.02954,0.111,0.08507,0.02593
1,2067,44613.9,CLOSE_2,0.114,0.08319,0.03081,0.114,0.0816,0.0324
1,2068,44633.8,CLOSE_2,0.117,0.08492,0.03208,0.117,0.08333,0.03367
1,2069,44655.3,CLOSE_2,0.12,0.08666,0.03334,0.12,0.08681,0.03319
1,2070,44676.7,CLOSE_2,0.123,0.08839,0.03461,0.123,0.09028,0.03272
1,2071,44697.6,CLOSE_2,0.126,0.09012,0.03588,0.126,0.09375,0.03225
1,2072,44719.2,CLOSE_2,0.129,0.09532,0.03368,0.129,0.09896,0.03004
1,2073,44739.1,CLOSE_2,0.132,0.09879,0.03321,0.132,0.1059,0.0261
1,2074,44760.5,CLOSE_2,0.135,0.10399,0.03101,0.135,0.10764,0.02736
1,2075,44780.7,CLOSE_2,0.138,0.10745,0.03055,0.138,0.11111,0.02689
1,2076,44800.5,CLOSE_2,0.141,0.12305,0.01795,0.141,0.11458,0.02642
1,2077,44822.5,CLOSE_2,0.144,0.12132,0.02268,0.144,0.11979,0.02421
1,2078,44844.9,CLOSE_2,0.147,0.12132,0.02568,0.147,0.125,0.022
1,2079,44865.4,CLOSE_2,0.15,0.12478,0.02522,0.15,0.12847,0.02153
1,2080,44887.0,CLOSE_2,0.153,0.13172,0.02128,0.153,0.13194,0.02106
1,2081,44907.7,CLOSE_2,0.156,0.13345,0.02255,0.156,0.13715,0.01885
1,2082,44925.1,CLOSE_2,0.159,0.13865,0.02035,0.159,0.13889,0.02011
1,2083,44946.8,CLOSE_2,0.162,0.13865,0.02335,0.162,0.14236,0.01964
1,2084,44968.0,CLOSE_2,0.165,0.14038,0.02462,0.165,0.14583,0.01917
1,2085,44990.8,CLOSE_2,0.168,0.14385,0.02415,0.168,0.14931,0.01869
1,2086,45011.2,CLOSE_2,0.171,0.14905,0.02195,0.171,0.15278,0.01822
1,2087,45033.1,CLOSE_2,0.174,0.14905,0.02495,0.174,0.15625,0.01775
1,2088,45052.7,CLOSE_2,0.177,0.15251,0.02449,0.177,0.15972,0.01728
1,2089,45072.5,CLOSE_2,0.18,0.15425,0.02575,0.18,0.15972,0.02028
1,2090,45093.3,CLOSE_2,0.183,0.15771,0.02529,0.183,0.16319,0.01981
1,2091,45113.3,CLOSE_2,0.186,0.15945,0.02655,0.186,0.17188,0.01413
1,2092,45134.4,CLOSE_2,0.189,0.16118,0.02782,0.189,0.16667,0.02233
1,2093,45156.8,CLOSE_2,0.192,0.16291,0.02909,0.192,0.17014,0.02186
1,2094,45175.8,CLOSE_2,0.195,0.16638,0.02862,0.195,0.17188,0.02313
1,2095,45197.4,CLOSE_2,0.198,0.17158,0.02642,0.198,0.17708,0.02092
1,2096,45217.2,CLOSE_2,0.201,0.17331,0.02769,0.201,0.17708,0.02392
1,2097,45239.0,CLOSE_2,0.204,0.17678,0.02722,0.204,0.17882,0.02518
1,2098,45260.4,CLOSE_2,0.207,0.18024,0.02676,0.207,0.18229,0.02471
1,2099,45283.9,CLOSE_2,0.21,0.18371,0.02629,0.21,0.19097,0.01903
1,2100,45302.7,CLOSE_2,0.213,0.19064,0.02236,0.213,0.19097,0.02203
1,2101,45322.3,CLOSE_2,0.216,0.18891,0.02709,0.216,0.19271,0.02329
1,2102,45344.0,CLOSE_2,0.219,0.19237,0.02663,0.219,0.19618,0.02282
1,2103,45363.8,CLOSE_2,0.222,0.19757,0.02443,0.222,0.19965,0.02235
1,2104,45385.8,CLOSE_2,0.225,0.19931,0.02569,0.225,0.20312,0.02188
1,2105,45407.2,CLOSE_2,0.228,0.20451,0.02349,0.228,0.20486,0.02314
1,2106,45427.1,CLOSE_2,0.231,0.20797,0.02303,0.231,0.20833,0.02267
1,2107,45448.3,CLOSE_2,0.234,0.21144,0.02256,0.234,0.21181,0.02219
1,2108,45469.4,CLOSE_2,0.237,0.2149,0.0221,0.237,0.21528,0.02172
1,2109,45489.6,CLOSE_2,0.24,0.21837,0.02163,0.24,0.21875,0.02125
1,2110,45510.1,CLOSE_2,0.243,0.22184,0.02116,0.243,0.22222,0.02078
1,2111,45530.5,CLOSE_2,0.246,0.22357,0.02243,0.246,0.22569,0.02031
1,2112,45552.4,CLOSE_2,0.249,0.22704,0.02196,0.249,0.22917,0.01983
1,2113,45572.8,CLOSE_2,0.252,0.22877,0.02323,0.252,0.2309,0.0211
1,2114,45593.6,CLOSE_2,0.255,0.23744,0.01756,0.255,0.23438,0.02063
1,2115,45615.0,CLOSE_2,0.258,0.23397,0.02403,0.258,0.23958,0.01842
1,2116,45636.5,CLOSE_2,0.261,0.2357,0.0253,0.261,0.23958,0.02142
1,2117,45655.9,CLOSE_2,0.264,0.23744,0.02656,0.264,0.24132,0.02268
1,2118,45676.5,CLOSE_2,0.267,0.24263,0.02437,0.267,0.24479,0.02221
1,2119,45696.8,CLOSE_2,0.27,0.24437,0.02563,0.27,0.24826,0.02174
1,2120,45719.0,CLOSE_2,0.273,0.24783,0.02517,0.273,0.25174,0.02126
1,2121,45739.4,CLOSE_2,0.276,0.24957,0.02643,0.276,0.25694,0.01906
1,2122,45758.4,CLOSE_2,0.279,0.24957,0.02943,0.279,0.25694,0.02206
1,2123,45780.2,CLOSE_2,0.282,0.25477,0.02723,0.282,0.26042,0.02158
1,2124,45803.3,CLOSE_2,0.285,0.25823,0.02677,0.285,0.26389,0.02111
1,2125,45823.0,CLOSE_2,0.288,0.2617,0.0263,0.288,0.26736,0.02064
1,2126,45844.6,CLOSE_2,0.291,0.26516,0.02584,0.291,0.27083,0.02017
1,2127,45864.4,CLOSE_2,0.294,0.27036,0.02364,0.294,0.27431,0.01969
1,2128,45887.2,CLOSE_2,0.297,0.27383,0.02317,0.297,0.27778,0.01922
1,2129,45907.1,CLOSE_2,0.3,0.2825,0.0175,0.3,0.28299,0.01701
1,2130,45926.6,CLOSE_2,0.303,0.28076,0.02224,0.303,0.28472,0.01828
1,2131,45948.0,CLOSE_2,0.306,0.28423,0.02177,0.306,0.28993,0.01607
1,2132,45969.1,CLOSE_2,0.309,0.28769,0.02131,0.309,0.29167,0.01733
1,2133,45990.5,CLOSE_2,0.312,0.29116,0.02084,0.312,0.2934,0.0186
1,2134,46011.4,CLOSE_2,0.315,0.29636,0.01864,0.315,0.30035,0.01465
1,2135,46031.4,CLOSE_2,0.318,0.29636,0.02164,0.318,0.29861,0.01939
1,2136,46053.3,CLOSE_2,0.321,0.29983,0.02117,0.321,0.30208,0.01892
1,2137,46073.3,CLOSE_2,0.324,0.30329,0.02071,0.324,0.30382,0.02018
1,2138,46094.3,CLOSE_2,0.327,0.30329,0.02371,0.327,0.3125,0.0145
1,2139,46114.9,CLOSE_2,0.33,0.30676,0.02324,0.33,0.30903,0.02097
1,2140,46135.4,CLOSE_2,0.333,0.31023,0.02277,0.333,0.30903,0.02397
1,2141,46156.7,CLOSE_2,0.336,0.31196,0.02404,0.336,0.31424,0.02176
1,2142,46178.5,CLOSE_2,0.339,0.31542,0.02358,0.339,0.31771,0.02129
1,2143,46196.7,CLOSE_2,0.342,0.31542,0.02658,0.342,0.32292,0.01908
1,2144,46219.3,CLOSE_2,0.345,0.31716,0.02784,0.345,0.32465,0.02035
1,2145,46239.2,CLOSE_2,0.348,0.31889,0.02911,0.348,0.32986,0.01814
1,2146,46260.1,CLOSE_2,0.351,0.32062,0.03038,0.351,0.3316,0.0194
1,2147,46283.3,CLOSE_2,0.354,0.32236,0.03164,0.354,0.33681,0.01719
1,2148,46301.7,CLOSE_2,0.357,0.32582,0.03118,0.357,0.33854,0.01846
1,2149,46323.7,CLOSE_2,0.36,0.33102,0.02898,0.36,0.34201,0.01799
1,2150,46346.6,CLOSE_2,0.363,0.34315,0.01985,0.363,0.34549,0.01751
1,2151,46365.6,CLOSE_2,0.366,0.34315,0.02285,0.366,0.34722,0.01878
1,2152,46383.5,CLOSE_2,0.369,0.34662,0.02238,0.369,0.34896,0.02004
1,2153,46406.1,CLOSE_2,0.372,0.35355,0.01845,0.372,0.35243,0.01957
1,2154,46426.4,CLOSE_2,0.375,0.35702,0.01798,0.375,0.35243,0.02257
1,2155,46447.5,CLOSE_2,0.378,0.35529,0.02271,0.378,0.35417,0.02383
1,2156,46468.5,CLOSE_2,0.381,0.36568,0.01532,0.381,0.3559,0.0251
1,2157,46490.3,CLOSE_2,0.384,0.37088,0.01312,0.384,0.35938,0.02463
1,2158,46511.0,CLOSE_2,0.387,0.37262,0.01438,0.387,0.36285,0.02415
1,2159,46530.1,CLOSE_2,0.39,0.37435,0.01565,0.39,0.36632,0.02368
1,2160,46551.0,CLOSE_2,0.393,0.37955,0.01345,0.393,0.37153,0.02147
1,2161,46572.6,CLOSE_2,0.396,0.37782,0.01818,0.396,0.37847,0.01753
1,2162,46595.6,CLOSE_2,0.399,0.38128,0.01772,0.399,0.38021,0.01879
1,2163,46614.3,CLOSE_2,0.402,0.38302,0.01898,0.402,0.38368,0.01832
1,2164,46635.0,CLOSE_2,0.405,0.38475,0.02025,0.405,0.38889,0.01611
1,2165,46655.6,CLOSE_2,0.408,0.38475,0.02325,0.408,0.39236,0.01564
1,2166,46675.3,CLOSE_2,0.411,0.38648,0.02452,0.411,0.39757,0.01343
1,2167,46696.4,CLOSE_2,0.414,0.38995,0.02405,0.414,0.39236,0.02164
1,2168,46719.3,CLOSE_2,0.417,0.39168,0.02532,0.417,0.40625,0.01075
1,2169,46739.9,CLOSE_2,0.42,0.39341,0.02659,0.42,0.40799,0.01201
1,2170,46760.8,CLOSE_2,0.423,0.40381,0.01919,0.423,0.40972,0.01328
1,2171,46782.2,CLOSE_2,0.426,0.40381,0.02219,0.426,0.41146,0.01454
1,2172,46804.2,CLOSE_2,0.429,0.40381,0.02519,0.429,0.41667,0.01233
1,2173,46822.3,CLOSE_2,0.432,0.40555,0.02645,0.432,0.4184,0.0136
1,2174,46844.2,CLOSE_2,0.435,0.41075,0.02425,0.435,0.42014,0.01486
1,2175,46865.7,CLOSE_2,0.438,0.42114,0.01686,0.438,0.42188,0.01613
1,2176,46887.1,CLOSE_2,0.441,0.41941,0.02159,0.441,0.42535,0.01565
1,2177,46908.2,CLOSE_2,0.444,0.42114,0.02286,0.444,0.42535,0.01865
1,2178,46927.9,CLOSE_2,0.447,0.42461,0.02239,0.447,0.42882,0.01818
1,2179,46948.0,CLOSE_2,0.45,0.43501,0.01499,0.45,0.43403,0.01597
1,2180,46969.3,CLOSE_2,0.453,0.43328,0.01972,0.453,0.43576,0.01724
1,2181,46989.6,CLOSE_2,0.456,0.43674,0.01926,0.456,0.4375,0.0185
1,2182,47011.1,CLOSE_2,0.459,0.44021,0.01879,0.459,0.43924,0.01976
1,2183,47030.9,CLOSE_2,0.462,0.44194,0.02006,0.462,0.44271,0.01929
1,2184,47051.3,CLOSE_2,0.465,0.44541,0.01959,0.465,0.44792,0.01708
1,2185,47073.9,CLOSE_2,0.468,0.44887,0.01913,0.468,0.44965,0.01835
1,2186,47092.4,CLOSE_2,0.471,0.45234,0.01866,0.471,0.45312,0.01788
1,2187,47113.2,CLOSE_2,0.474,0.45581,0.01819,0.474,0.4566,0.0174
1,2188,47134.9,CLOSE_2,0.477,0.45754,0.01946,0.477,0.46007,0.01693
1,2189,47157.1,CLOSE_2,0.48,0.46967,0.01033,0.48,0.46354,0.01646
1,2190,47178.3,CLOSE_2,0.483,0.4662,0.0168,0.483,0.46701,0.01599
1,2191,47200.2,CLOSE_2,0.486,0.46794,0.01806,0.486,0.47049,0.01551
1,2192,47221.2,CLOSE_2,0.489,0.46794,0.02106,0.489,0.47396,0.01504
1,2193,47239.5,CLOSE_2,0.492,0.48007,0.01193,0.492,0.47743,0.01457
1,2194,47259.9,CLOSE_2,0.495,0.48007,0.01493,0.495,0.48438,0.01063
1,2195,47281.2,CLOSE_2,0.498,0.47314,0.02486,0.498,0.48785,0.01015
1,2196,47303.3,CLOSE_2,0.501,0.48354,0.01746,0.501,0.48438,0.01663
1,2197,47324.2,CLOSE_2,0.504,0.4766,0.0274,0.504,0.48958,0.01442
1,2198,47343.4,CLOSE_2,0.507,0.48007,0.02693,0.507,0.49306,0.01394
1,2199,47364.6,CLOSE_2,0.51,0.49047,0.01953,0.51,0.50174,0.00826
1,2200,47384.5,CLOSE_2,0.513,0.49567,0.01733,0.513,0.50694,0.00606
1,2201,47405.1,CLOSE_2,0.516,0.5026,0.0134,0.516,0.50868,0.00732
1,2202,47426.1,CLOSE_2,0.519,0.50433,0.01467,0.519,0.50868,0.01032
1,2203,47447.3,CLOSE_2,0.522,0.50953,0.01247,0.522,0.51042,0.01158
1,2204,47467.6,CLOSE_2,0.525,0.513,0.012,0.525,0.51042,0.01458
1,2205,47488.4,CLOSE_2,0.528,0.513,0.015,0.528,0.51215,0.01585
1,2206,47509.4,CLOSE_2,0.531,0.51473,0.01627,0.531,0.51562,0.01538
1,2207,47529.4,CLOSE_2,0.534,0.51473,0.01927,0.534,0.51562,0.01838
1,2208,47552.9,CLOSE_2,0.537,0.5182,0.0188,0.537,0.52083,0.01617
1,2209,47571.7,CLOSE_2,0.54,0.52166,0.01834,0.54,0.52431,0.01569
1,2210,47592.1,CLOSE_2,0.543,0.5234,0.0196,0.543,0.52778,0.01522
1,2211,47615.3,CLOSE_2,0.546,0.5234,0.0226,0.546,0.53125,0.01475
1,2212,47634.8,CLOSE_2,0.549,0.53033,0.01867,0.549,0.53299,0.01601
1,2213,47655.9,CLOSE_2,0.552,0.5286,0.0234,0.552,0.53299,0.01901
1,2214,47677.7,CLOSE_2,0.555,0.5286,0.0264,0.555,0.53819,0.01681
1,2215,47698.4,CLOSE_2,0.558,0.53553,0.02247,0.558,0.53646,0.02154
1,2216,47718.9,CLOSE_2,0.561,0.53726,0.02374,0.561,0.54167,0.01933
1,2217,47739.9,CLOSE_2,0.564,0.53553,0.02847,0.564,0.5434,0.0206
1,2218,47761.0,CLOSE_2,0.567,0.54593,0.02107,0.567,0.54861,0.01839
1,2219,47780.6,CLOSE_2,0.57,0.54419,0.02581,0.57,0.55035,0.01965
1,2220,47801.3,CLOSE_2,0.573,0.54939,0.02361,0.573,0.55382,0.01918
1,2221,47822.9,CLOSE_2,0.576,0.55806,0.01794,0.576,0.55729,0.01871
1,2222,47844.0,CLOSE_2,0.579,0.55806,0.02094,0.579,0.5625,0.0165
1,2223,47865.4,CLOSE_2,0.582,0.56153,0.02047,0.582,0.56597,0.01603
1,2224,47884.8,CLOSE_2,0.585,0.57366,0.01134,0.585,0.56771,0.01729
1,2225,47906.8,CLOSE_2,0.588,0.56846,0.01954,0.588,0.57292,0.01508
1,2226,47926.4,CLOSE_2,0.591,0.57192,0.01908,0.591,0.57812,0.01288
1,2227,47947.5,CLOSE_2,0.594,0.57539,0.01861,0.594,0.57986,0.01414
1,2228,47969.1,CLOSE_2,0.597,0.57886,0.01814,0.597,0.58333,0.01367
1,2229,47989.5,CLOSE_2,0.6,0.58059,0.01941,0.6,0.58507,0.01493
1,2230,48009.3,CLOSE_2,0.603,0.58406,0.01894,0.603,0.58854,0.01446
1,2231,48030.4,CLOSE_2,0.606,0.58579,0.02021,0.606,0.59028,0.01572
1,2232,48051.6,CLOSE_2,0.609,0.58752,0.02148,0.609,0.59375,0.01525
1,2233,48073.4,CLOSE_2,0.612,0.58925,0.02275,0.612,0.59549,0.01651
1,2234,48094.0,CLOSE_2,0.615,0.59272,0.02228,0.615,0.59896,0.01604
1,2235,48113.8,CLOSE_2,0.618,0.59445,0.02355,0.618,0.60069,0.01731
1,2236,48133.9,CLOSE_2,0.621,0.59619,0.02481,0.621,0.60417,0.01683
1,2237,48157.5,CLOSE_2,0.624,0.59965,0.02435,0.624,0.6059,0.0181
1,2238,48179.3,CLOSE_2,0.627,0.60312,0.02388,0.627,0.60938,0.01763
1,2239,48199.0,CLOSE_2,0.63,0.60485,0.02515,0.63,0.60938,0.02063
1,2240,48220.7,CLOSE_2,0.633,0.60832,0.02468,0.633,0.61458,0.01842
1,2241,48239.6,CLOSE_2,0.636,0.61352,0.02248,0.636,0.61806,0.01794
1,2242,48259.0,CLOSE_2,0.639,0.61698,0.02202,0.639,0.62153,0.01747
1,2243,48281.2,CLOSE_2,0.642,0.62045,0.02155,0.642,0.625,0.017
1,2244,48302.8,CLOSE_2,0.645,0.62218,0.02282,0.645,0.62847,0.01653
1,2245,48323.6,CLOSE_2,0.648,0.62738,0.02062,0.648,0.63194,0.01606
1,2246,48344.7,CLOSE_2,0.651,0.63085,0.02015,0.651,0.63715,0.01385
1,2247,48363.7,CLOSE_2,0.654,0.63605,0.01795,0.654,0.6441,0.0099
1,2248,48385.0,CLOSE_2,0.657,0.63778,0.01922,0.657,0.64236,0.01464
1,2249,48405.8,CLOSE_2,0.66,0.64125,0.01875,0.66,0.6441,0.0159
1,2250,48426.2,CLOSE_2,0.663,0.64471,0.01829,0.663,0.64757,0.01543
1,2251,48447.8,CLOSE_2,0.666,0.64645,0.01955,0.666,0.65104,0.01496
1,2252,48467.8,CLOSE_2,0.669,0.64991,0.01909,0.669,0.65104,0.01796
1,2253,48488.9,CLOSE_2,0.672,0.65165,0.02035,0.672,0.65625,0.01575
1,2254,48510.7,CLOSE_2,0.675,0.65165,0.02335,0.675,0.65799,0.01701
1,2255,48530.5,CLOSE_2,0.678,0.65511,0.02289,0.678,0.66146,0.01654
1,2256,48550.7,CLOSE_2,0.681,0.66205,0.01895,0.681,0.66667,0.01433
1,2257,48572.1,CLOSE_2,0.684,0.66898,0.01502,0.684,0.66667,0.01733
1,2258,48594.1,CLOSE_2,0.687,0.66724,0.01976,0.687,0.67014,0.01686
1,2259,48613.6,CLOSE_2,0.69,0.67244,0.01756,0.69,0.67014,0.01986
1,2260,48636.7,CLOSE_2,0.693,0.67764,0.01536,0.693,0.67708,0.01592
1,2261,48656.7,CLOSE_2,0.696,0.68111,0.01489,0.696,0.67882,0.01718
1,2262,48678.3,CLOSE_2,0.699,0.67764,0.02136,0.699,0.68229,0.01671
1,2263,48698.6,CLOSE_2,0.702,0.68284,0.01916,0.702,0.68576,0.01624
1,2264,48720.0,CLOSE_2,0.705,0.68631,0.01869,0.705,0.68924,0.01576
1,2265,48741.6,CLOSE_2,0.708,0.68631,0.02169,0.708,0.69444,0.01356
1,2266,48760.8,CLOSE_2,0.711,0.69151,0.01949,0.711,0.69444,0.01656
1,2267,48781.4,CLOSE_2,0.714,0.70017,0.01383,0.714,0.7066,0.0074
1,2268,48802.5,CLOSE_2,0.717,0.69844,0.01856,0.717,0.70139,0.01561
1,2269,48822.1,CLOSE_2,0.72,0.70711,0.01289,0.72,0.70486,0.01514
1,2270,48842.8,CLOSE_2,0.723,0.70711,0.01589,0.723,0.71354,0.00946
1,2271,48864.4,CLOSE_2,0.726,0.70711,0.01889,0.726,0.71007,0.01593
1,2272,48885.1,CLOSE_2,0.729,0.71057,0.01843,0.729,0.71181,0.01719
1,2273,48905.6,CLOSE_2,0.732,0.71404,0.01796,0.732,0.71354,0.01846
1,2274,48927.5,CLOSE_2,0.735,0.71577,0.01923,0.735,0.71528,0.01972
1,2275,48946.9,CLOSE_2,0.738,0.71577,0.02223,0.738,0.72049,0.01751
1,2276,48968.1,CLOSE_2,0.741,0.71924,0.02176,0.741,0.72222,0.01878
1,2277,48988.8,CLOSE_2,0.744,0.7227,0.0213,0.744,0.7309,0.0131
1,2278,49009.2,CLOSE_2,0.747,0.73137,0.01563,0.747,0.7309,0.0161
1,2279,49030.0,CLOSE_2,0.75,0.7279,0.0221,0.75,0.73264,0.01736
1,2280,49052.5,CLOSE_2,0.753,0.73657,0.01643,0.753,0.73611,0.01689
1,2281,49073.4,CLOSE_2,0.756,0.7331,0.0229,0.756,0.73785,0.01815
1,2282,49094.1,CLOSE_2,0.759,0.73484,0.02416,0.759,0.74132,0.01768
1,2283,49115.6,CLOSE_2,0.762,0.74003,0.02197,0.762,0.74306,0.01894
1,2284,49136.9,CLOSE_2,0.765,0.74177,0.02323,0.765,0.74826,0.01674
1,2285,49157.7,CLOSE_2,0.768,0.74523,0.02277,0.768,0.75174,0.01626
1,2286,49178.9,CLOSE_2,0.771,0.7487,0.0223,0.771,0.75521,0.01579
1,2287,49198.9,CLOSE_2,0.774,0.75217,0.02183,0.774,0.75868,0.01532
1,2288,49220.4,CLOSE_2,0.777,0.7539,0.0231,0.777,0.76042,0.01658
1,2289,49239.7,CLOSE_2,0.78,0.7591,0.0209,0.78,0.76389,0.01611
1,2290,49260.1,CLOSE_2,0.783,0.76256,0.02044,0.783,0.76562,0.01738
1,2291,49281.3,CLOSE_2,0.786,0.76603,0.01997,0.786,0.7691,0.0169
1,2292,49301.6,CLOSE_2,0.789,0.7695,0.0195,0.789,0.77083,0.01817
1,2293,49322.1,CLOSE_2,0.792,0.77296,0.01904,0.792,0.77778,0.01422
1,2294,49343.1,CLOSE_2,0.795,0.78336,0.01164,0.795,0.77778,0.01722
1,2295,49364.2,CLOSE_2,0.798,0.78163,0.01637,0.798,0.78125,0.01675
1,2296,49384.4,CLOSE_2,0.801,0.78336,0.01764,0.801,0.78299,0.01801
1,2297,49405.4,CLOSE_2,0.804,0.7851,0.0189,0.804,0.78646,0.01754
1,2298,49427.5,CLOSE_2,0.807,0.78683,0.02017,0.807,0.79514,0.01186
1,2299,49448.6,CLOSE_2,0.81,0.78856,0.02144,0.81,0.79167,0.01833
1,2300,49468.1,CLOSE_2,0.813,0.79203,0.02097,0.813,0.79514,0.01786
1,2301,49488.4,CLOSE_2,0.816,0.79549,0.02051,0.816,0.79514,0.02086
1,2302,49509.7,CLOSE_2,0.819,0.79723,0.02177,0.819,0.80208,0.01692
1,2303,49529.8,CLOSE_2,0.822,0.80763,0.01437,0.822,0.80382,0.01818
1,2304,49553.3,CLOSE_2,0.825,0.80936,0.01564,0.825,0.81424,0.01076
1,2305,49573.1,CLOSE_2,0.828,0.7799,0.0481,0.828,0.82292,0.00508
1,2306,49592.6,CLOSE_2,0.831,0.80763,0.02337,0.831,0.8125,0.0185
1,2307,49615.4,CLOSE_2,0.834,0.81456,0.01944,0.834,0.81944,0.01456
1,2308,49636.7,CLOSE_2,0.837,0.81282,0.02418,0.837,0.81944,0.01756
1,2309,49657.1,CLOSE_2,0.84,0.81976,0.02024,0.84,0.82465,0.01535
1,2310,49676.9,CLOSE_2,0.843,0.82322,0.01978,0.843,0.82639,0.01661
1,2311,49698.1,CLOSE_2,0.846,0.82322,0.02278,0.846,0.82986,0.01614
1,2312,49719.9,CLOSE_2,0.849,0.83016,0.01884,0.849,0.8316,0.0174
1,2313,49741.5,CLOSE_2,0.852,0.83362,0.01838,0.852,0.83681,0.01519
1,2314,49759.6,CLOSE_2,0.855,0.83709,0.01791,0.855,0.84201,0.01299
1,2315,49779.8,CLOSE_2,0.858,0.84402,0.01398,0.858,0.84201,0.01599
1,2316,49801.2,CLOSE_2,0.861,0.84575,0.01525,0.861,0.84375,0.01725
1,2317,49822.7,CLOSE_2,0.864,0.84922,0.01478,0.864,0.84722,0.01678
1,2318,49844.6,CLOSE_2,0.867,0.85095,0.01605,0.867,0.86111,0.00589
1,2319,49865.6,CLOSE_2,0.87,0.85615,0.01385,0.87,0.85938,0.01063
1,2320,49886.2,CLOSE_2,0.873,0.85442,0.01858,0.873,0.8559,0.0171
1,2321,49906.8,CLOSE_2,0.876,0.85789,0.01811,0.876,0.85764,0.01836
1,2322,49927.5,CLOSE_2,0.879,0.85962,0.01938,0.879,0.86111,0.01789
1,2323,49947.0,CLOSE_2,0.882,0.86308,0.01892,0.882,0.86458,0.01742
1,2324,49968.4,CLOSE_2,0.885,0.87695,0.00805,0.885,0.86979,0.01521
1,2325,49988.8,CLOSE_2,0.888,0.86655,0.02145,0.888,0.87153,0.01647
1,2326,50009.7,CLOSE_2,0.891,0.87002,0.02098,0.891,0.87326,0.01774
1,2327,50031.7,CLOSE_2,0.894,0.87348,0.02052,0.894,0.88194,0.01206
1,2328,50051.8,CLOSE_2,0.897,0.87868,0.01832,0.897,0.88542,0.01158
1,2329,50074.4,CLOSE_2,0.9,0.88215,0.01785,0.9,0.88368,0.01632
1,2330,50095.1,CLOSE_2,0.903,0.88215,0.02085,0.903,0.88715,0.01585
1,2331,50116.6,CLOSE_2,0.906,0.88908,0.01692,0.906,0.88889,0.01711
1,2332,50135.3,CLOSE_2,0.909,0.89081,0.01819,0.909,0.89062,0.01838
1,2333,50155.9,CLOSE_2,0.912,0.89775,0.01425,0.912,0.88715,0.02485
1,2334,50177.8,CLOSE_2,0.915,0.89601,0.01899,0.915,0.89757,0.01743
1,2335,50198.6,CLOSE_2,0.918,0.90815,0.00985,0.918,0.90104,0.01696
1,2336,50220.1,CLOSE_2,0.921,0.90295,0.01805,0.921,0.90972,0.01128
1,2337,50238.7,CLOSE_2,0.924,0.90988,0.01412,0.924,0.90625,0.01775
1,2338,50259.3,CLOSE_2,0.927,0.90988,0.01712,0.927,0.90972,0.01728
1,2339,50281.6,CLOSE_2,0.93,0.91161,0.01839,0.93,0.91146,0.01854
1,2340,50302.0,CLOSE_2,0.933,0.91508,0.01792,0.933,0.91319,0.01981
1,2341,50322.3,CLOSE_2,0.936,0.91854,0.01746,0.936,0.9184,0.0176
1,2342,50344.2,CLOSE_2,0.939,0.92028,0.01872,0.939,0.92188,0.01713
1,2343,50364.8,CLOSE_2,0.942,0.92201,0.01999,0.942,0.92361,0.01839
1,2344,50385.3,CLOSE_2,0.945,0.92548,0.01952,0.945,0.92535,0.01965
1,2345,50406.0,CLOSE_2,0.948,0.92548,0.02252,0.948,0.92882,0.01918
1,2346,50428.3,CLOSE_2,0.951,0.94107,0.00993,0.951,0.93229,0.01871
1,2347,50448.6,CLOSE_2,0.954,0.94107,0.01293,0.954,0.93403,0.01997
1,2348,50469.7,CLOSE_2,0.957,0.94107,0.01593,0.957,0.93229,0.02471
1,2349,50490.6,CLOSE_2,0.96,0.93934,0.02066,0.96,0.94965,0.01035
1,2350,50510.1,CLOSE_2,0.963,0.94974,0.01326,0.963,0.94097,0.02203
1,2351,50531.5,CLOSE_2,0.966,0.95321,0.01279,0.966,0.94618,0.01982
1,2352,50553.9,CLOSE_2,0.969,0.95147,0.01753,0.969,0.94792,0.02108
1,2353,50574.4,CLOSE_2,0.972,0.95321,0.01879,0.972,0.95312,0.01888
1,2354,50594.0,CLOSE_2,0.975,0.96187,0.01313,0.975,0.95486,0.02014
1,2355,50615.7,CLOSE_2,0.978,0.9636,0.0144,0.978,0.95833,0.01967
1,2356,50637.0,CLOSE_2,0.981,0.96534,0.01566,0.981,0.96181,0.01919
1,2357,50657.6,CLOSE_2,0.984,0.97054,0.01346,0.984,0.96528,0.01872
1,2358,50677.9,CLOSE_2,0.987,0.974,0.013,0.987,0.96354,0.02346
1,2359,50699.2,CLOSE_2,0.99,0.97747,0.01253,0.99,0.96701,0.02299
1,2360,50719.9,CLOSE_2,0.993,0.9792,0.0138,0.993,0.96875,0.02425
1,2361,50739.9,CLOSE_2,0.996,0.98094,0.01506,0.996,0.97049,0.02551
1,2362,50760.5,CLOSE_2,0.999,0.98094,0.01806,0.999,0.97396,0.02504
1,2363,50781.7,CLOSE_2,1.0,0.98094,0.01906,1.0,0.97222,0.02778
1,2364,50787.4,HOLD_2,1.0,0.98094,0.01906,1.0,0.97917,0.02083
1,2365,50808.8,HOLD_2,1.0,0.98094,0.01906,1.0,0.97222,0.02778
1,2366,50829.3,HOLD_2,1.0,0.98267,0.01733,1.0,0.97396,0.02604
1,2367,50850.6,HOLD_2,1.0,0.9896,0.0104,1.0,0.97569,0.02431
1,2368,50872.4,HOLD_2,1.0,0.98267,0.01733,1.0,0.97743,0.02257
1,2369,50895.0,HOLD_2,1.0,0.98094,0.01906,1.0,0.97396,0.02604
1,2370,50914.1,HOLD_2,1.0,0.98267,0.01733,1.0,0.97917,0.02083
1,2371,50933.9,HOLD_2,1.0,0.9792,0.0208,1.0,0.97222,0.02778
1,2372,50954.4,HOLD_2,1.0,0.98094,0.01906,1.0,0.97222,0.02778
1,2373,50977.4,HOLD_2,1.0,0.98094,0.01906,1.0,0.97396,0.02604
1,2374,50997.7,HOLD_2,1.0,0.98267,0.01733,1.0,0.97396,0.02604
1,2375,51018.0,HOLD_2,1.0,0.9792,0.0208,1.0,0.97049,0.02951
1,2376,51039.1,HOLD_2,1.0,0.98267,0.01733,1.0,0.97222,0.02778
1,2377,51058.0,HOLD_2,1.0,0.98094,0.01906,1.0,0.97396,0.02604
1,2378,51079.9,HOLD_2,1.0,0.98094,0.01906,1.0,0.97917,0.02083
1,2379,51102.4,HOLD_2,1.0,0.98094,0.01906,1.0,0.97569,0.02431
1,2380,51122.0,HOLD_2,1.0,0.9896,0.0104,1.0,0.97743,0.02257
1,2381,51143.3,HOLD_2,1.0,0.9792,0.0208,1.0,0.97743,0.02257
1,2382,51164.1,HOLD_2,1.0,0.98267,0.01733,1.0,0.98611,0.01389
1,2383,51185.5,HOLD_2,1.0,0.98094,0.01906,1.0,0.98264,0.01736
1,2384,51206.5,HOLD_2,1.0,0.98267,0.01733,1.0,0.98438,0.01562
1,2385,51225.5,HOLD_2,1.0,0.9896,0.0104,1.0,0.98611,0.01389
1,2386,51245.6,HOLD_2,1.0,0.9844,0.0156,1.0,0.99306,0.00694
1,2387,51267.6,HOLD_2,1.0,0.9948,0.0052,1.0,0.99306,0.00694
1,2388,51289.6,HOLD_2,1.0,0.9896,0.0104,1.0,0.99306,0.00694
1,2389,51309.4,HOLD_2,1.0,0.99307,0.00693,1.0,0.99479,0.00521
1,2390,51332.4,HOLD_2,1.0,0.99133,0.00867,1.0,0.99479,0.00521
1,2391,51352.6,HOLD_2,1.0,0.99307,0.00693,1.0,0.99306,0.00694
1,2392,51373.3,HOLD_2,1.0,0.99133,0.00867,1.0,0.99479,0.00521
1,2393,51393.6,HOLD_2,1.0,0.99307,0.00693,1.0,0.99306,0.00694
1,2394,51415.8,HOLD_2,1.0,0.99133,0.00867,1.0,0.99653,0.00347
1,2395,51435.5,HOLD_2,1.0,0.99307,0.00693,1.0,0.99479,0.00521
1,2396,51457.0,HOLD_2,1.0,0.99307,0.00693,1.0,0.99479,0.00521
1,2397,51476.8,HOLD_2,1.0,0.99133,0.00867,1.0,0.99306,0.00694
1,2398,51496.7,HOLD_2,1.0,0.99307,0.00693,1.0,0.99653,0.00347
1,2399,51517.0,HOLD_2,1.0,0.99133,0.00867,1.0,0.99306,0.00694
1,2400,51538.2,HOLD_2,1.0,0.99133,0.00867,1.0,0.99132,0.00868
1,2401,51559.5,HOLD_2,1.0,0.99133,0.00867,1.0,0.99306,0.00694
1,2402,51580.9,HOLD_2,1.0,0.99307,0.00693,1.0,0.99479,0.00521
1,2403,51601.8,HOLD_2,1.0,0.99133,0.00867,1.0,0.99479,0.00521
1,2404,51622.6,HOLD_2,1.0,0.99307,0.00693,1.0,0.99306,0.00694
1,2405,51643.6,HOLD_2,1.0,0.99307,0.00693,1.0,0.99479,0.00521
1,2406,51664.4,HOLD_2,1.0,0.99133,0.00867,1.0,0.99306,0.00694
1,2407,51684.4,HOLD_2,1.0,0.99307,0.00693,1.0,0.99479,0.00521
1,2408,51705.0,HOLD_2,1.0,0.99307,0.00693,1.0,0.99306,0.00694
1,2409,51726.8,HOLD_2,1.0,0.99307,0.00693,1.0,0.99479,0.00521
1,2410,51747.9,HOLD_2,1.0,0.99133,0.00867,1.0,0.99479,0.00521
1,2411,51767.9,HOLD_2,1.0,0.99133,0.00867,1.0,0.99479,0.00521
1,2412,51787.8,HOLD_2,1.0,0.99133,0.00867,1.0,0.99479,0.00521
1,2413,51810.9,HOLD_2,1.0,0.99307,0.00693,1.0,0.99306,0.00694
1,2414,51831.2,HOLD_2,1.0,0.99307,0.00693,1.0,0.99306,0.00694
1,2415,51852.6,HOLD_2,1.0,0.99307,0.00693,1.0,0.99479,0.00521
1,2416,51872.3,HOLD_2,1.0,0.99307,0.00693,1.0,0.99306,0.00694
1,2417,51894.2,HOLD_2,1.0,0.99307,0.00693,1.0,0.99306,0.00694
1,2418,51915.3,HOLD_2,1.0,0.99133,0.00867,1.0,0.99479,0.00521
1,2419,51934.9,HOLD_2,1.0,0.9948,0.0052,1.0,0.99479,0.00521
1,2420,51955.8,HOLD_2,1.0,0.9948,0.0052,1.0,0.99479,0.00521
1,2421,51977.3,HOLD_2,1.0,0.99307,0.00693,1.0,0.99306,0.00694
1,2422,51996.5,HOLD_2,1.0,0.99307,0.00693,1.0,0.99653,0.00347
1,2423,52018.2,HOLD_2,1.0,0.99307,0.00693,1.0,0.99479,0.00521
2,2424,52843.5,SETTLE,0.0,0.57192,-0.57192,0.0,0.57986,-0.57986
2,2425,52865.0,SETTLE,0.0,0.56153,-0.56153,0.0,0.56771,-0.56771
2,2426,52885.3,SETTLE,0.0,0.54593,-0.54593,0.0,0.55556,-0.55556
2,2427,52904.8,SETTLE,0.0,0.53726,-0.53726,0.0,0.54514,-0.54514
2,2428,52925.0,SETTLE,0.0,0.52513,-0.52513,0.0,0.53299,-0.53299
2,2429,52948.3,SETTLE,0.0,0.5026,-0.5026,0.0,0.51215,-0.51215
2,2430,52966.4,SETTLE,0.0,0.48354,-0.48354,0.0,0.49132,-0.49132
2,2431,52990.5,SETTLE,0.0,0.4714,-0.4714,0.0,0.47743,-0.47743
2,2432,53010.6,SETTLE,0.0,0.46101,-0.46101,0.0,0.46701,-0.46701
2,2433,53031.2,SETTLE,0.0,0.45061,-0.45061,0.0,0.45486,-0.45486
2,2434,53051.3,SETTLE,0.0,0.43501,-0.43501,0.0,0.44097,-0.44097
2,2435,53071.7,SETTLE,0.0,0.42288,-0.42288,0.0,0.42882,-0.42882
2,2436,53093.3,SETTLE,0.0,0.40728,-0.40728,0.0,0.41667,-0.41667
2,2437,53114.5,SETTLE,0.0,0.39515,-0.39515,0.0,0.40451,-0.40451
2,2438,53134.3,SETTLE,0.0,0.38475,-0.38475,0.0,0.3941,-0.3941
2,2439,53156.5,SETTLE,0.0,0.37088,-0.37088,0.0,0.37847,-0.37847
2,2440,53175.1,SETTLE,0.0,0.35875,-0.35875,0.0,0.36632,-0.36632
2,2441,53196.3,SETTLE,0.0,0.34489,-0.34489,0.0,0.35417,-0.35417
2,2442,53218.0,SETTLE,0.0,0.33102,-0.33102,0.0,0.34028,-0.34028
2,2443,53239.6,SETTLE,0.0,0.31889,-0.31889,0.0,0.32986,-0.32986
2,2444,53259.8,SETTLE,0.0,0.30676,-0.30676,0.0,0.31771,-0.31771
2,2445,53280.8,SETTLE,0.0,0.29636,-0.29636,0.0,0.30208,-0.30208
2,2446,53300.0,SETTLE,0.0,0.28423,-0.28423,0.0,0.28993,-0.28993
2,2447,53320.7,SETTLE,0.0,0.2721,-0.2721,0.0,0.27604,-0.27604
2,2448,53343.1,SETTLE,0.0,0.25997,-0.25997,0.0,0.26389,-0.26389
2,2449,53363.3,SETTLE,0.0,0.24783,-0.24783,0.0,0.25,-0.25
2,2450,53384.4,SETTLE,0.0,0.2357,-0.2357,0.0,0.23611,-0.23611
2,2451,53404.6,SETTLE,0.0,0.22704,-0.22704,0.0,0.22396,-0.22396
2,2452,53426.4,SETTLE,0.0,0.21144,-0.21144,0.0,0.21181,-0.21181
2,2453,53448.1,SETTLE,0.0,0.19931,-0.19931,0.0,0.19965,-0.19965
2,2454,53470.3,CLOSE,0.003,0.18371,-0.18071,0.003,0.1875,-0.1845
2,2455,53490.9,CLOSE,0.006,0.16984,-0.16384,0.006,0.17014,-0.16414
2,2456,53511.4,CLOSE,0.009,0.15945,-0.15045,0.009,0.15625,-0.14725
2,2457,53530.9,CLOSE,0.012,0.14905,-0.13705,0.012,0.14236,-0.13036
2,2458,53552.8,CLOSE,0.015,0.13518,-0.12018,0.015,0.13021,-0.11521
2,2459,53574.4,CLOSE,0.018,0.12305,-0.10505,0.018,0.11806,-0.10006
2,2460,53595.5,CLOSE,0.021,0.11092,-0.08992,0.021,0.1059,-0.0849
2,2461,53615.2,CLOSE,0.024,0.09705,-0.07305,0.024,0.09375,-0.06975
2,2462,53636.1,CLOSE,0.027,0.08666,-0.05966,0.027,0.07986,-0.05286
2,2463,53656.6,CLOSE,0.03,0.07452,-0.04452,0.03,0.06771,-0.03771
2,2464,53676.7,CLOSE,0.033,0.06412,-0.03112,0.033,0.05729,-0.02429
2,2465,53697.6,CLOSE,0.036,0.05546,-0.01946,0.036,0.04688,-0.01088
2,2466,53719.0,CLOSE,0.039,0.04333,-0.00433,0.039,0.03472,0.00428
2,2467,53739.6,CLOSE,0.042,0.0364,0.0056,0.042,0.02604,0.01596
2,2468,53761.3,CLOSE,0.045,0.02773,0.01727,0.045,0.0191,0.0259
2,2469,53781.9,CLOSE,0.048,0.01906,0.02894,0.048,0.01215,0.03585
2,2470,53804.4,CLOSE,0.051,0.01386,0.03714,0.051,0.01042,0.04058
2,2471,53823.5,CLOSE,0.054,0.0104,0.0436,0.054,0.00868,0.04532
2,2472,53845.3,CLOSE,0.057,0.01213,0.04487,0.057,0.01042,0.04658
2,2473,53865.7,CLOSE,0.06,0.0156,0.0444,0.06,0.01042,0.04958
2,2474,53887.4,CLOSE,0.063,0.0104,0.0526,0.063,0.01389,0.04911
2,2475,53907.7,CLOSE,0.066,0.01733,0.04867,0.066,0.02083,0.04517
2,2476,53928.0,CLOSE,0.069,0.01906,0.04994,0.069,0.02778,0.04122
2,2477,53948.9,CLOSE,0.072,0.026,0.046,0.072,0.03472,0.03728
2,2478,53968.6,CLOSE,0.075,0.0364,0.0386,0.075,0.0434,0.0316
2,2479,53989.8,CLOSE,0.078,0.03813,0.03987,0.078,0.05035,0.02765
2,2480,54010.4,CLOSE,0.081,0.04506,0.03594,0.081,0.05729,0.02371
2,2481,54031.8,CLOSE,0.084,0.05026,0.03374,0.084,0.06424,0.01976
2,2482,54053.8,CLOSE,0.087,0.05719,0.02981,0.087,0.06944,0.01756
2,2483,54074.5,CLOSE,0.09,0.06586,0.02414,0.09,0.07639,0.01361
2,2484,54095.3,CLOSE,0.093,0.06932,0.02368,0.093,0.07986,0.01314
2,2485,54116.1,CLOSE,0.096,0.07279,0.02321,0.096,0.08507,0.01093
2,2486,54136.8,CLOSE,0.099,0.08146,0.01754,0.099,0.08854,0.01046
2,2487,54156.6,CLOSE,0.102,0.08319,0.01881,0.102,0.09201,0.00999
2,2488,54178.3,CLOSE,0.105,0.08839,0.01661,0.105,0.09375,0.01125
2,2489,54197.2,CLOSE,0.108,0.09185,0.01615,0.108,0.09549,0.01251
2,2490,54218.7,CLOSE,0.111,0.09532,0.01568,0.111,0.09722,0.01378
2,2491,54240.8,CLOSE,0.114,0.10052,0.01348,0.114,0.09896,0.01504
2,2492,54262.6,CLOSE,0.117,0.10225,0.01475,0.117,0.09896,0.01804
2,2493,54283.2,CLOSE,0.12,0.10572,0.01428,0.12,0.09896,0.02104
2,2494,54303.1,CLOSE,0.123,0.10919,0.01381,0.123,0.09896,0.02404
2,2495,54323.1,CLOSE,0.126,0.11092,0.01508,0.126,0.10069,0.02531
2,2496,54345.9,CLOSE,0.129,0.11092,0.01808,0.129,0.10243,0.02657
2,2497,54366.0,CLOSE,0.132,0.11092,0.02108,0.132,0.10417,0.02783
2,2498,54386.8,CLOSE,0.135,0.11265,0.02235,0.135,0.1059,0.0291
2,2499,54407.0,CLOSE,0.138,0.11265,0.02535,0.138,0.10938,0.02863
2,2500,54430.0,CLOSE,0.141,0.11265,0.02835,0.141,0.10938,0.03163
2,2501,54449.7,CLOSE,0.144,0.11265,0.03135,0.144,0.11632,0.02768
2,2502,54470.1,CLOSE,0.147,0.11265,0.03435,0.147,0.11806,0.02894
2,2503,54491.1,CLOSE,0.15,0.11785,0.03215,0.15,0.12326,0.02674
2,2504,54510.6,CLOSE,0.153,0.11612,0.03688,0.153,0.12674,0.02626
2,2505,54531.7,CLOSE,0.156,0.11785,0.03815,0.156,0.13021,0.02579
2,2506,54553.6,CLOSE,0.159,0.12132,0.03768,0.159,0.13368,0.02532
2,2507,54574.6,CLOSE,0.162,0.12478,0.03722,0.162,0.13715,0.02485
2,2508,54594.1,CLOSE,0.165,0.12825,0.03675,0.165,0.14062,0.02438
2,2509,54614.9,CLOSE,0.168,0.13345,0.03455,0.168,0.1441,0.0239
2,2510,54634.9,CLOSE,0.171,0.13692,0.03408,0.171,0.14931,0.02169
2,2511,54655.4,CLOSE,0.174,0.14731,0.02669,0.174,0.15278,0.02122
2,2512,54676.8,CLOSE,0.177,0.14558,0.03142,0.177,0.15972,0.01728
2,2513,54697.8,CLOSE,0.18,0.15078,0.02922,0.18,0.16146,0.01854
2,2514,54719.6,CLOSE,0.183,0.15771,0.02529,0.183,0.16319,0.01981
2,2515,54739.9,CLOSE,0.186,0.16118,0.02482,0.186,0.1684,0.0176
2,2516,54760.6,CLOSE,0.189,0.16638,0.02262,0.189,0.17014,0.01886
2,2517,54781.6,CLOSE,0.192,0.16984,0.02216,0.192,0.17188,0.02013
2,2518,54804.7,CLOSE,0.195,0.17678,0.01822,0.195,0.17361,0.02139
2,2519,54825.1,CLOSE,0.198,0.17851,0.01949,0.198,0.17708,0.02092
2,2520,54844.8,CLOSE,0.201,0.18198,0.01902,0.201,0.18576,0.01524
2,2521,54866.4,CLOSE,0.204,0.18371,0.02029,0.204,0.18403,0.01997
2,2522,54886.7,CLOSE,0.207,0.18718,0.01982,0.207,0.18576,0.02124
2,2523,54906.5,CLOSE,0.21,0.18891,0.02109,0.21,0.19097,0.01903
2,2524,54928.8,CLOSE,0.213,0.19064,0.02236,0.213,0.19271,0.02029
2,2525,54948.3,CLOSE,0.216,0.19411,0.02189,0.216,0.19444,0.02156
2,2526,54969.6,CLOSE,0.219,0.19411,0.02489,0.219,0.19792,0.02108
2,2527,54991.4,CLOSE,0.222,0.19584,0.02616,0.222,0.19965,0.02235
2,2528,55009.6,CLOSE,0.225,0.19757,0.02743,0.225,0.20139,0.02361
2,2529,55031.5,CLOSE,0.228,0.20277,0.02523,0.228,0.20312,0.02488
2,2530,55051.0,CLOSE,0.231,0.20624,0.02476,0.231,0.2066,0.0244
2,2531,55072.5,CLOSE,0.234,0.20624,0.02776,0.234,0.21528,0.01872
2,2532,55094.0,CLOSE,0.237,0.20971,0.02729,0.237,0.21354,0.02346
2,2533,55114.9,CLOSE,0.24,0.21144,0.02856,0.24,0.21528,0.02472
2,2534,55136.9,CLOSE,0.243,0.2149,0.0281,0.243,0.21875,0.02425
2,2535,55158.2,CLOSE,0.246,0.21837,0.02763,0.246,0.22222,0.02378
2,2536,55176.7,CLOSE,0.249,0.22184,0.02716,0.249,0.22569,0.02331
2,2537,55198.3,CLOSE,0.252,0.2253,0.0267,0.252,0.22917,0.02283
2,2538,55218.9,CLOSE,0.255,0.22877,0.02623,0.255,0.23264,0.02236
2,2539,55242.6,CLOSE,0.258,0.23397,0.02403,0.258,0.23611,0.02189
2,2540,55262.6,CLOSE,0.261,0.2357,0.0253,0.261,0.23958,0.02142
2,2541,55283.0,CLOSE,0.264,0.23917,0.02483,0.264,0.24306,0.02094
2,2542,55304.1,CLOSE,0.267,0.24263,0.02437,0.267,0.24653,0.02047
2,2543,55323.5,CLOSE,0.27,0.2461,0.0239,0.27,0.25,0.02
2,2544,55346.1,CLOSE,0.273,0.24957,0.02343,0.273,0.25347,0.01953
2,2545,55367.4,CLOSE,0.276,0.25303,0.02297,0.276,0.26042,0.01558
2,2546,55386.0,CLOSE,0.279,0.25477,0.02423,0.279,0.26042,0.01858
2,2547,55406.1,CLOSE,0.282,0.2617,0.0203,0.282,0.26389,0.01811
2,2548,55427.7,CLOSE,0.285,0.26343,0.02157,0.285,0.26736,0.01764
2,2549,55449.7,CLOSE,0.288,0.2669,0.0211,0.288,0.2691,0.0189
2,2550,55469.6,CLOSE,0.291,0.27036,0.02064,0.291,0.27257,0.01843
2,2551,55490.9,CLOSE,0.294,0.27556,0.01844,0.294,0.27431,0.01969
2,2552,55511.9,CLOSE,0.297,0.27383,0.02317,0.297,0.27778,0.01922
2,2553,55532.5,CLOSE,0.3,0.28076,0.01924,0.3,0.27951,0.02049
2,2554,55553.1,CLOSE,0.303,0.28076,0.02224,0.303,0.28299,0.02001
2,2555,55573.6,CLOSE,0.306,0.28423,0.02177,0.306,0.28646,0.01954
2,2556,55595.5,CLOSE,0.309,0.28423,0.02477,0.309,0.28819,0.02081
2,2557,55614.6,CLOSE,0.312,0.28943,0.02257,0.312,0.29167,0.02033
2,2558,55635.7,CLOSE,0.315,0.29116,0.02384,0.315,0.29514,0.01986
2,2559,55657.4,CLOSE,0.318,0.29463,0.02337,0.318,0.29688,0.02113
2,2560,55678.7,CLOSE,0.321,0.29636,0.02464,0.321,0.30035,0.02065
2,2561,55699.2,CLOSE,0.324,0.30329,0.02071,0.324,0.30382,0.02018
2,2562,55720.9,CLOSE,0.327,0.30329,0.02371,0.327,0.30729,0.01971
2,2563,55741.7,CLOSE,0.33,0.30676,0.02324,0.33,0.30903,0.02097
2,2564,55762.9,CLOSE,0.333,0.30849,0.02451,0.333,0.3125,0.0205
2,2565,55782.7,CLOSE,0.336,0.31196,0.02404,0.336,0.31771,0.01829
2,2566,55804.6,CLOSE,0.339,0.31716,0.02184,0.339,0.32118,0.01782
2,2567,55823.8,CLOSE,0.342,0.31889,0.02311,0.342,0.32292,0.01908
2,2568,55845.2,CLOSE,0.345,0.32236,0.02264,0.345,0.32812,0.01688
2,2569,55866.0,CLOSE,0.348,0.32582,0.02218,0.348,0.33507,0.01293
2,2570,55885.5,CLOSE,0.351,0.32756,0.02344,0.351,0.33333,0.01767
2,2571,55906.8,CLOSE,0.354,0.32929,0.02471,0.354,0.33681,0.01719
2,2572,55928.3,CLOSE,0.357,0.33102,0.02598,0.357,0.34028,0.01672
2,2573,55949.4,CLOSE,0.36,0.33969,0.02031,0.36,0.34201,0.01799
2,2574,55969.3,CLOSE,0.363,0.33276,0.03024,0.363,0.34722,0.01578
2,2575,55990.0,CLOSE,0.366,0.33622,0.02978,0.366,0.34722,0.01878
2,2576,56012.1,CLOSE,0.369,0.34315,0.02585,0.369,0.35069,0.01831
2,2577,56032.7,CLOSE,0.372,0.34489,0.02711,0.372,0.35243,0.01957
2,2578,56053.7,CLOSE,0.375,0.35009,0.02491,0.375,0.35764,0.01736
2,2579,56074.6,CLOSE,0.378,0.35355,0.02445,0.378,0.35764,0.02036
2,2580,56095.2,CLOSE,0.381,0.35875,0.02225,0.381,0.36458,0.01642
2,2581,56115.9,CLOSE,0.384,0.36222,0.02178,0.384,0.36806,0.01594
2,2582,56137.4,CLOSE,0.387,0.37088,0.01612,0.387,0.36632,0.02068
2,2583,56157.4,CLOSE,0.39,0.37262,0.01738,0.39,0.36979,0.02021
2,2584,56177.2,CLOSE,0.393,0.37435,0.01865,0.393,0.37326,0.01974
2,2585,56200.6,CLOSE,0.396,0.37435,0.02165,0.396,0.37674,0.01926
2,2586,56221.1,CLOSE,0.399,0.38302,0.01598,0.399,0.37847,0.02053
2,2587,56241.6,CLOSE,0.402,0.38475,0.01725,0.402,0.38021,0.02179
2,2588,56262.3,CLOSE,0.405,0.38648,0.01852,0.405,0.38194,0.02306
2,2589,56282.6,CLOSE,0.408,0.39515,0.01285,0.408,0.38542,0.02258
2,2590,56303.3,CLOSE,0.411,0.39168,0.01932,0.411,0.38715,0.02385
2,2591,56323.3,CLOSE,0.414,0.39515,0.01885,0.414,0.39062,0.02338
2,2592,56344.7,CLOSE,0.417,0.39688,0.02012,0.417,0.39583,0.02117
2,2593,56365.2,CLOSE,0.42,0.40035,0.01965,0.42,0.39931,0.02069
2,2594,56386.7,CLOSE,0.423,0.40208,0.02092,0.423,0.40451,0.01849
2,2595,56406.3,CLOSE,0.426,0.40381,0.02219,0.426,0.40799,0.01801
2,2596,56427.1,CLOSE,0.429,0.40555,0.02345,0.429,0.41146,0.01754
2,2597,56448.1,CLOSE,0.432,0.40728,0.02472,0.432,0.41493,0.01707
2,2598,56469.7,CLOSE,0.435,0.41075,0.02425,0.435,0.42014,0.01486
2,2599,56491.2,CLOSE,0.438,0.41421,0.02379,0.438,0.42708,0.01092
2,2600,56511.0,CLOSE,0.441,0.41594,0.02506,0.441,0.42708,0.01392
2,2601,56530.9,CLOSE,0.444,0.41941,0.02459,0.444,0.42882,0.01518
2,2602,56552.5,CLOSE,0.447,0.42114,0.02586,0.447,0.43403,0.01297
2,2603,56575.5,CLOSE,0.45,0.40381,0.04619,0.45,0.43576,0.01424
2,2604,56593.8,CLOSE,0.453,0.43154,0.02146,0.453,0.4375,0.0155
2,2605,56613.7,CLOSE,0.456,0.43328,0.02272,0.456,0.44097,0.01503
2,2606,56636.2,CLOSE,0.459,0.43674,0.02226,0.459,0.44444,0.01456
2,2607,56659.7,CLOSE,0.462,0.44194,0.02006,0.462,0.44618,0.01582
2,2608,56679.1,CLOSE,0.465,0.44367,0.02133,0.465,0.44965,0.01535
2,2609,56699.0,CLOSE,0.468,0.45061,0.01739,0.468,0.45139,0.01661
2,2610,56721.5,CLOSE,0.471,0.45061,0.02039,0.471,0.45312,0.01788
2,2611,56741.0,CLOSE,0.474,0.45927,0.01473,0.474,0.45833,0.01567
2,2612,56762.9,CLOSE,0.477,0.45754,0.01946,0.477,0.46181,0.01519
2,2613,56782.5,CLOSE,0.48,0.46101,0.01899,0.48,0.46528,0.01472
2,2614,56802.9,CLOSE,0.483,0.46447,0.01853,0.483,0.46701,0.01599
2,2615,56823.8,CLOSE,0.486,0.4662,0.0198,0.486,0.46875,0.01725
2,2616,56845.8,CLOSE,0.489,0.46794,0.02106,0.489,0.47222,0.01678
2,2617,56866.6,CLOSE,0.492,0.4714,0.0206,0.492,0.47396,0.01804
2,2618,56887.0,CLOSE,0.495,0.47314,0.02186,0.495,0.47569,0.01931
2,2619,56907.6,CLOSE,0.498,0.47487,0.02313,0.498,0.47917,0.01883
2,2620,56927.6,CLOSE,0.501,0.4766,0.0244,0.501,0.48438,0.01663
2,2621,56951.2,CLOSE,0.504,0.48354,0.02046,0.504,0.48438,0.01963
2,2622,56970.2,CLOSE,0.507,0.4818,0.0252,0.507,0.48785,0.01915
2,2623,56990.1,CLOSE,0.51,0.48354,0.02646,0.51,0.49132,0.01868
2,2624,57011.1,CLOSE,0.513,0.4922,0.0208,0.513,0.5,0.013
2,2625,57032.9,CLOSE,0.516,0.49567,0.02033,0.516,0.50694,0.00906
2,2626,57051.7,CLOSE,0.519,0.5026,0.0164,0.519,0.50694,0.01206
2,2627,57073.5,CLOSE,0.522,0.5078,0.0142,0.522,0.51042,0.01158
2,2628,57093.7,CLOSE,0.525,0.513,0.012,0.525,0.51389,0.01111
2,2629,57115.3,CLOSE,0.528,0.513,0.015,0.528,0.51562,0.01238
2,2630,57138.5,CLOSE,0.531,0.52166,0.00934,0.531,0.52257,0.00843
2,2631,57158.3,CLOSE,0.534,0.5234,0.0106,0.534,0.52604,0.00796
2,2632,57178.0,CLOSE,0.537,0.5234,0.0136,0.537,0.52778,0.00922
2,2633,57199.1,CLOSE,0.54,0.52513,0.01487,0.54,0.53299,0.00701
2,2634,57220.5,CLOSE,0.543,0.52513,0.01787,0.543,0.52951,0.01349
2,2635,57241.7,CLOSE,0.546,0.5286,0.0174,0.546,0.53472,0.01128
2,2636,57262.3,CLOSE,0.549,0.52686,0.02214,0.549,0.53299,0.01601
2,2637,57281.8,CLOSE,0.552,0.5286,0.0234,0.552,0.53125,0.02075
2,2638,57301.9,CLOSE,0.555,0.5286,0.0264,0.555,0.53299,0.02201
2,2639,57322.4,CLOSE,0.558,0.53206,0.02594,0.558,0.53299,0.02501
2,2640,57343.4,CLOSE,0.561,0.53553,0.02547,0.561,0.53819,0.02281
2,2641,57364.3,CLOSE,0.564,0.53553,0.02847,0.564,0.53993,0.02407
2,2642,57385.5,CLOSE,0.567,0.54073,0.02627,0.567,0.5434,0.0236
2,2643,57407.0,CLOSE,0.57,0.54419,0.02581,0.57,0.54688,0.02313
2,2644,57427.8,CLOSE,0.573,0.54766,0.02534,0.573,0.55208,0.02092
2,2645,57448.6,CLOSE,0.576,0.55113,0.02487,0.576,0.55556,0.02044
2,2646,57469.8,CLOSE,0.579,0.55633,0.02267,0.579,0.56424,0.01476
2,2647,57490.1,CLOSE,0.582,0.55979,0.02221,0.582,0.5625,0.0195
2,2648,57510.4,CLOSE,0.585,0.56153,0.02347,0.585,0.57118,0.01382
2,2649,57530.5,CLOSE,0.588,0.56846,0.01954,0.588,0.57292,0.01508
2,2650,57551.7,CLOSE,0.591,0.57019,0.02081,0.591,0.57639,0.01461
2,2651,57572.7,CLOSE,0.594,0.57539,0.01861,0.594,0.57812,0.01588
2,2652,57594.7,CLOSE,0.597,0.57886,0.01814,0.597,0.58333,0.01367
2,2653,57615.3,CLOSE,0.6,0.58059,0.01941,0.6,0.58681,0.01319
2,2654,57636.7,CLOSE,0.603,0.58579,0.01721,0.603,0.58854,0.01446
2,2655,57657.3,CLOSE,0.606,0.58752,0.01848,0.606,0.59201,0.01399
2,2656,57678.6,CLOSE,0.609,0.59099,0.01801,0.609,0.59549,0.01351
2,2657,57699.7,CLOSE,0.612,0.59445,0.01755,0.612,0.59722,0.01478
2,2658,57720.1,CLOSE,0.615,0.59792,0.01708,0.615,0.60069,0.01431
2,2659,57741.1,CLOSE,0.618,0.59965,0.01835,0.618,0.60069,0.01731
2,2660,57760.5,CLOSE,0.621,0.60659,0.01441,0.621,0.60417,0.01683
2,2661,57781.1,CLOSE,0.624,0.59792,0.02608,0.624,0.6059,0.0181
2,2662,57802.4,CLOSE,0.627,0.60659,0.02041,0.627,0.60938,0.01763
2,2663,57822.4,CLOSE,0.63,0.60832,0.02168,0.63,0.61285,0.01715
2,2664,57845.6,CLOSE,0.633,0.61005,0.02295,0.633,0.61458,0.01842
2,2665,57864.6,CLOSE,0.636,0.61872,0.01728,0.636,0.61806,0.01794
2,2666,57886.1,CLOSE,0.639,0.61525,0.02375,0.639,0.61979,0.01921
2,2667,57908.3,CLOSE,0.642,0.62045,0.02155,0.642,0.62326,0.01874
2,2668,57927.7,CLOSE,0.645,0.62045,0.02455,0.645,0.62674,0.01826
2,2669,57947.5,CLOSE,0.648,0.62392,0.02408,0.648,0.63021,0.01779
2,2670,57968.7,CLOSE,0.651,0.62738,0.02362,0.651,0.63368,0.01732
2,2671,57989.7,CLOSE,0.654,0.63085,0.02315,0.654,0.63889,0.01511
2,2672,58009.7,CLOSE,0.657,0.63778,0.01922,0.657,0.63889,0.01811
2,2673,58031.5,CLOSE,0.66,0.63951,0.02049,0.66,0.64583,0.01417
2,2674,58051.5,CLOSE,0.663,0.64298,0.02002,0.663,0.64757,0.01543
2,2675,58073.5,CLOSE,0.666,0.64645,0.01955,0.666,0.65104,0.01496
2,2676,58094.2,CLOSE,0.669,0.64991,0.01909,0.669,0.65451,0.01449
2,2677,58116.6,CLOSE,0.672,0.65338,0.01862,0.672,0.65799,0.01401
2,2678,58136.9,CLOSE,0.675,0.65511,0.01989,0.675,0.66319,0.01181
2,2679,58157.4,CLOSE,0.678,0.66031,0.01769,0.678,0.66319,0.01481
2,2680,58177.6,CLOSE,0.681,0.66205,0.01895,0.681,0.66667,0.01433
2,2681,58200.4,CLOSE,0.684,0.66551,0.01849,0.684,0.6684,0.0156
2,2682,58221.1,CLOSE,0.687,0.66724,0.01976,0.687,0.67188,0.01513
2,2683,58239.6,CLOSE,0.69,0.67071,0.01929,0.69,0.67535,0.01465
2,2684,58261.0,CLOSE,0.693,0.67244,0.02056,0.693,0.67708,0.01592
2,2685,58280.8,CLOSE,0.696,0.67591,0.02009,0.696,0.68056,0.01544
2,2686,58301.8,CLOSE,0.699,0.67764,0.02136,0.699,0.68576,0.01324
2,2687,58324.3,CLOSE,0.702,0.68111,0.02089,0.702,0.6875,0.0145
2,2688,58344.6,CLOSE,0.705,0.68631,0.01869,0.705,0.68924,0.01576
2,2689,58366.4,CLOSE,0.708,0.68458,0.02342,0.708,0.69271,0.01529
2,2690,58384.9,CLOSE,0.711,0.68804,0.02296,0.711,0.69965,0.01135
2,2691,58406.9,CLOSE,0.714,0.69151,0.02249,0.714,0.69618,0.01782
2,2692,58427.0,CLOSE,0.717,0.69324,0.02376,0.717,0.69965,0.01735
2,2693,58447.4,CLOSE,0.72,0.69671,0.02329,0.72,0.70139,0.01861
2,2694,58468.3,CLOSE,0.723,0.70017,0.02283,0.723,0.70486,0.01814
2,2695,58489.4,CLOSE,0.726,0.70364,0.02236,0.726,0.71007,0.01593
2,2696,58511.5,CLOSE,0.729,0.70711,0.02189,0.729,0.71181,0.01719
2,2697,58533.2,CLOSE,0.732,0.70884,0.02316,0.732,0.71354,0.01846
2,2698,58552.7,CLOSE,0.735,0.71231,0.02269,0.735,0.71701,0.01799
2,2699,58573.0,CLOSE,0.738,0.71577,0.02223,0.738,0.72049,0.01751
2,2700,58594.5,CLOSE,0.741,0.71924,0.02176,0.741,0.72049,0.02051
2,2701,58616.3,CLOSE,0.744,0.72097,0.02303,0.744,0.72569,0.01831
2,2702,58636.4,CLOSE,0.747,0.72444,0.02256,0.747,0.7309,0.0161
2,2703,58657.5,CLOSE,0.75,0.72964,0.02036,0.75,0.73785,0.01215
2,2704,58678.8,CLOSE,0.753,0.73137,0.02163,0.753,0.73785,0.01515
2,2705,58699.2,CLOSE,0.756,0.7331,0.0229,0.756,0.74479,0.01121
2,2706,58718.7,CLOSE,0.759,0.74177,0.01723,0.759,0.74306,0.01594
2,2707,58738.5,CLOSE,0.762,0.74523,0.01677,0.762,0.74479,0.01721
2,2708,58759.9,CLOSE,0.765,0.7435,0.0215,0.765,0.75174,0.01326
2,2709,58781.6,CLOSE,0.768,0.74523,0.02277,0.768,0.75174,0.01626
2,2710,58803.5,CLOSE,0.771,0.7487,0.0223,0.771,0.75347,0.01753
2,2711,58824.4,CLOSE,0.774,0.75043,0.02357,0.774,0.75694,0.01706
2,2712,58843.8,CLOSE,0.777,0.7539,0.0231,0.777,0.75868,0.01832
2,2713,58864.8,CLOSE,0.78,0.7643,0.0157,0.78,0.76215,0.01785
2,2714,58885.4,CLOSE,0.783,0.76083,0.02217,0.783,0.76389,0.01911
2,2715,58907.3,CLOSE,0.786,0.76776,0.01824,0.786,0.77951,0.00649
2,2716,58927.2,CLOSE,0.789,0.77123,0.01777,0.789,0.77604,0.01296
2,2717,58948.0,CLOSE,0.792,0.7539,0.0381,0.792,0.77431,0.01769
2,2718,58969.5,CLOSE,0.795,0.77643,0.01857,0.795,0.77604,0.01896
2,2719,58990.5,CLOSE,0.798,0.7799,0.0181,0.798,0.77951,0.01849
2,2720,59010.3,CLOSE,0.801,0.78336,0.01764,0.801,0.78472,0.01628
2,2721,59031.1,CLOSE,0.804,0.78683,0.01717,0.804,0.78646,0.01754
2,2722,59053.0,CLOSE,0.807,0.79376,0.01324,0.807,0.78993,0.01707
2,2723,59075.6,CLOSE,0.81,0.79376,0.01624,0.81,0.79514,0.01486
2,2724,59095.1,CLOSE,0.813,0.79376,0.01924,0.813,0.79688,0.01613
2,2725,59116.1,CLOSE,0.816,0.80416,0.01184,0.816,0.80208,0.01392
2,2726,59137.5,CLOSE,0.819,0.79723,0.02177,0.819,0.80729,0.01171
2,2727,59157.5,CLOSE,0.822,0.80243,0.01957,0.822,0.80729,0.01471
2,2728,59177.5,CLOSE,0.825,0.80416,0.02084,0.825,0.81076,0.01424
2,2729,59198.0,CLOSE,0.828,0.80763,0.02037,0.828,0.8125,0.0155
2,2730,59218.8,CLOSE,0.831,0.80936,0.02164,0.831,0.81424,0.01676
2,2731,59240.0,CLOSE,0.834,0.81629,0.01771,0.834,0.81944,0.01456
2,2732,59260.2,CLOSE,0.837,0.82322,0.01378,0.837,0.81944,0.01756
2,2733,59282.1,CLOSE,0.84,0.81802,0.02198,0.84,0.82986,0.01014
2,2734,59302.2,CLOSE,0.843,0.81976,0.02324,0.843,0.8316,0.0114
2,2735,59322.9,CLOSE,0.846,0.82322,0.02278,0.846,0.82639,0.01961
2,2736,59342.2,CLOSE,0.849,0.82496,0.02404,0.849,0.82986,0.01914
2,2737,59363.3,CLOSE,0.852,0.82842,0.02358,0.852,0.83333,0.01867
2,2738,59384.2,CLOSE,0.855,0.83362,0.02138,0.855,0.83681,0.01819
2,2739,59405.2,CLOSE,0.858,0.84229,0.01571,0.858,0.83854,0.01946
2,2740,59425.7,CLOSE,0.861,0.84055,0.02045,0.861,0.84028,0.02072
2,2741,59446.0,CLOSE,0.864,0.84575,0.01825,0.864,0.84549,0.01851
2,2742,59467.6,CLOSE,0.867,0.84575,0.02125,0.867,0.84549,0.02151
2,2743,59488.7,CLOSE,0.87,0.85269,0.01731,0.87,0.84896,0.02104
2,2744,59509.5,CLOSE,0.873,0.85615,0.01685,0.873,0.8559,0.0171
2,2745,59530.4,CLOSE,0.876,0.85789,0.01811,0.876,0.86111,0.01489
2,2746,59551.7,CLOSE,0.879,0.86482,0.01418,0.879,0.86111,0.01789
2,2747,59574.3,CLOSE,0.882,0.86655,0.01545,0.882,0.86285,0.01915
2,2748,59595.3,CLOSE,0.885,0.87002,0.01498,0.885,0.86979,0.01521
2,2749,59616.6,CLOSE,0.888,0.87175,0.01625,0.888,0.87153,0.01647
2,2750,59636.2,CLOSE,0.891,0.87002,0.02098,0.891,0.875,0.016
2,2751,59657.7,CLOSE,0.894,0.88215,0.01185,0.894,0.88021,0.01379
2,2752,59678.1,CLOSE,0.897,0.88042,0.01658,0.897,0.88889,0.00811
2,2753,59697.7,CLOSE,0.9,0.88215,0.01785,0.9,0.88021,0.01979
2,2754,59717.9,CLOSE,0.903,0.88215,0.02085,0.903,0.88368,0.01932
2,2755,59739.2,CLOSE,0.906,0.88562,0.02038,0.906,0.89062,0.01538
2,2756,59760.4,CLOSE,0.909,0.89081,0.01819,0.909,0.89062,0.01838
2,2757,59781.2,CLOSE,0.912,0.90121,0.01079,0.912,0.90278,0.00922
2,2758,59802.1,CLOSE,0.915,0.89428,0.02072,0.915,0.8941,0.0209
2,2759,59823.0,CLOSE,0.918,0.89775,0.02025,0.918,0.89757,0.02043
2,2760,59844.7,CLOSE,0.921,0.90468,0.01632,0.921,0.89931,0.02169
2,2761,59863.8,CLOSE,0.924,0.90468,0.01932,0.924,0.90451,0.01949
2,2762,59886.8,CLOSE,0.927,0.90641,0.02059,0.927,0.90799,0.01901
2,2763,59905.1,CLOSE,0.93,0.91161,0.01839,0.93,0.91146,0.01854
2,2764,59927.0,CLOSE,0.933,0.91508,0.01792,0.933,0.91319,0.01981
2,2765,59949.0,CLOSE,0.936,0.91681,0.01919,0.936,0.9184,0.0176
2,2766,59971.5,CLOSE,0.939,0.92028,0.01872,0.939,0.92188,0.01713
2,2767,59989.2,CLOSE,0.942,0.92374,0.01826,0.942,0.91667,0.02533
2,2768,60010.5,CLOSE,0.945,0.93068,0.01432,0.945,0.92708,0.01792
2,2769,60032.8,CLOSE,0.948,0.93414,0.01386,0.948,0.92882,0.01918
2,2770,60054.2,CLOSE,0.951,0.93761,0.01339,0.951,0.93403,0.01697
2,2771,60074.6,CLOSE,0.954,0.93761,0.01639,0.954,0.93576,0.01824
2,2772,60096.0,CLOSE,0.957,0.93934,0.01766,0.957,0.94618,0.01082
2,2773,60115.6,CLOSE,0.96,0.94801,0.01199,0.96,0.94271,0.01729
2,2774,60136.3,CLOSE,0.963,0.94454,0.01846,0.963,0.94271,0.02029
2,2775,60156.4,CLOSE,0.966,0.94974,0.01626,0.966,0.94792,0.01808
2,2776,60177.0,CLOSE,0.969,0.95321,0.01579,0.969,0.95139,0.01761
2,2777,60197.8,CLOSE,0.972,0.95321,0.01879,0.972,0.95139,0.02061
2,2778,60219.1,CLOSE,0.975,0.95841,0.01659,0.975,0.96354,0.01146
2,2779,60240.4,CLOSE,0.978,0.97054,0.00746,0.978,0.95833,0.01967
2,2780,60261.6,CLOSE,0.981,0.9688,0.0122,0.981,0.95833,0.02267
2,2781,60282.5,CLOSE,0.984,0.96534,0.01866,0.984,0.96007,0.02393
2,2782,60301.7,CLOSE,0.987,0.9636,0.0234,0.987,0.96528,0.02172
2,2783,60322.9,CLOSE,0.99,0.98094,0.00906,0.99,0.96528,0.02472
2,2784,60344.1,CLOSE,0.993,0.974,0.019,0.993,0.97396,0.01904
2,2785,60365.9,CLOSE,0.996,0.97747,0.01853,0.996,0.97396,0.02204
2,2786,60386.3,CLOSE,0.999,0.97747,0.02153,0.999,0.97396,0.02504
2,2787,60406.8,CLOSE,1.0,0.97747,0.02253,1.0,0.97049,0.02951
2,2788,60412.8,HOLD_CLOSED,1.0,0.9792,0.0208,1.0,0.97222,0.02778
2,2789,60434.6,HOLD_CLOSED,1.0,0.98094,0.01906,1.0,0.97396,0.02604
2,2790,60454.5,HOLD_CLOSED,1.0,0.97747,0.02253,1.0,0.97222,0.02778
2,2791,60474.4,HOLD_CLOSED,1.0,0.97747,0.02253,1.0,0.97396,0.02604
2,2792,60495.8,HOLD_CLOSED,1.0,0.97747,0.02253,1.0,0.97396,0.02604
2,2793,60515.7,HOLD_CLOSED,1.0,0.97747,0.02253,1.0,0.97396,0.02604
2,2794,60536.6,HOLD_CLOSED,1.0,0.9792,0.0208,1.0,0.97396,0.02604
2,2795,60557.8,HOLD_CLOSED,1.0,0.9792,0.0208,1.0,0.97396,0.02604
2,2796,60579.6,HOLD_CLOSED,1.0,0.9792,0.0208,1.0,0.97396,0.02604
2,2797,60602.1,HOLD_CLOSED,1.0,0.98094,0.01906,1.0,0.97569,0.02431
2,2798,60623.0,HOLD_CLOSED,1.0,0.97747,0.02253,1.0,0.96701,0.03299
2,2799,60643.5,HOLD_CLOSED,1.0,0.97747,0.02253,1.0,0.97222,0.02778
2,2800,60664.9,HOLD_CLOSED,1.0,0.9792,0.0208,1.0,0.97222,0.02778
2,2801,60685.5,HOLD_CLOSED,1.0,0.9844,0.0156,1.0,0.97222,0.02778
2,2802,60706.7,HOLD_CLOSED,1.0,0.9792,0.0208,1.0,0.97222,0.02778
2,2803,60726.3,HOLD_CLOSED,1.0,0.98094,0.01906,1.0,0.97396,0.02604
2,2804,60746.3,HOLD_CLOSED,1.0,0.98614,0.01386,1.0,0.97569,0.02431
2,2805,60767.1,HOLD_CLOSED,1.0,0.9792,0.0208,1.0,0.98611,0.01389
2,2806,60789.9,HOLD_CLOSED,1.0,0.98094,0.01906,1.0,0.97743,0.02257
2,2807,60809.5,HOLD_CLOSED,1.0,0.9792,0.0208,1.0,0.98785,0.01215
2,2808,60829.3,HOLD_CLOSED,1.0,0.98094,0.01906,1.0,0.98785,0.01215
2,2809,60851.7,HOLD_CLOSED,1.0,0.9792,0.0208,1.0,0.98264,0.01736
2,2810,60872.5,HOLD_CLOSED,1.0,0.99307,0.00693,1.0,0.98438,0.01562
2,2811,60893.2,HOLD_CLOSED,1.0,0.98787,0.01213,1.0,0.99306,0.00694
2,2812,60914.3,HOLD_CLOSED,1.0,0.9896,0.0104,1.0,0.98958,0.01042
2,2813,60935.1,HOLD_CLOSED,1.0,0.99133,0.00867,1.0,0.99306,0.00694
2,2814,60956.0,HOLD_CLOSED,1.0,0.99307,0.00693,1.0,0.99132,0.00868
2,2815,60975.6,HOLD_CLOSED,1.0,0.99653,0.00347,1.0,0.99479,0.00521
2,2816,60996.2,HOLD_CLOSED,1.0,0.9948,0.0052,1.0,0.99479,0.00521
2,2817,61018.4,HOLD_CLOSED,1.0,0.99307,0.00693,1.0,0.99306,0.00694
2,2818,61039.1,HOLD_CLOSED,1.0,0.99827,0.00173,1.0,0.99479,0.00521
2,2819,61060.0,HOLD_CLOSED,1.0,0.99653,0.00347,1.0,0.99306,0.00694
2,2820,61080.7,HOLD_CLOSED,1.0,0.99307,0.00693,1.0,0.99306,0.00694
2,2821,61101.9,HOLD_CLOSED,1.0,0.99307,0.00693,1.0,0.99306,0.00694
2,2822,61122.9,HOLD_CLOSED,1.0,0.99307,0.00693,1.0,0.99132,0.00868
2,2823,61143.9,HOLD_CLOSED,1.0,0.99653,0.00347,1.0,0.99306,0.00694
2,2824,61164.4,HOLD_CLOSED,1.0,0.9948,0.0052,1.0,0.99306,0.00694
2,2825,61184.9,HOLD_CLOSED,1.0,0.9948,0.0052,1.0,0.99306,0.00694
2,2826,61206.4,HOLD_CLOSED,1.0,0.9948,0.0052,1.0,0.99306,0.00694
2,2827,61226.9,HOLD_CLOSED,1.0,0.99307,0.00693,1.0,0.99479,0.00521
2,2828,61246.8,HOLD_CLOSED,1.0,0.9948,0.0052,1.0,0.99306,0.00694
2,2829,61268.8,HOLD_CLOSED,1.0,0.99307,0.00693,1.0,0.99479,0.00521
2,2830,61289.5,HOLD_CLOSED,1.0,0.9948,0.0052,1.0,0.99479,0.00521
2,2831,61309.9,HOLD_CLOSED,1.0,0.99307,0.00693,1.0,0.99306,0.00694
2,2832,61331.3,HOLD_CLOSED,1.0,0.99307,0.00693,1.0,0.99479,0.00521
2,2833,61352.3,HOLD_CLOSED,1.0,0.9948,0.0052,1.0,0.99479,0.00521
2,2834,61373.1,HOLD_CLOSED,1.0,0.9948,0.0052,1.0,0.99479,0.00521
2,2835,61391.9,HOLD_CLOSED,1.0,0.9948,0.0052,1.0,0.99479,0.00521
2,2836,61412.3,HOLD_CLOSED,1.0,0.9948,0.0052,1.0,0.99306,0.00694
2,2837,61433.6,HOLD_CLOSED,1.0,0.99653,0.00347,1.0,0.99479,0.00521
2,2838,61454.8,HOLD_CLOSED,1.0,0.99307,0.00693,1.0,0.99306,0.00694
2,2839,61476.6,HOLD_CLOSED,1.0,0.9948,0.0052,1.0,0.99653,0.00347
2,2840,61497.8,HOLD_CLOSED,1.0,0.9948,0.0052,1.0,0.99306,0.00694
2,2841,61516.5,HOLD_CLOSED,1.0,0.9948,0.0052,1.0,0.99306,0.00694
2,2842,61539.8,HOLD_CLOSED,1.0,0.9948,0.0052,1.0,0.99306,0.00694
2,2843,61560.7,HOLD_CLOSED,1.0,0.99307,0.00693,1.0,0.99306,0.00694
2,2844,61580.9,HOLD_CLOSED,1.0,0.9948,0.0052,1.0,0.99479,0.00521
2,2845,61602.0,HOLD_CLOSED,1.0,0.99307,0.00693,1.0,0.99306,0.00694
2,2846,61622.8,HOLD_CLOSED,1.0,0.9948,0.0052,1.0,0.99479,0.00521
2,2847,61643.4,HOLD_CLOSED,1.0,0.99307,0.00693,1.0,0.99479,0.00521
2,2848,61664.4,OPEN,0.997,0.9948,0.0022,0.997,0.99306,0.00394
2,2849,61685.5,OPEN,0.994,0.99307,0.00093,0.994,0.99479,-0.00079
2,2850,61708.1,OPEN,0.991,0.99307,-0.00207,0.991,0.99479,-0.00379
2,2851,61729.4,OPEN,0.988,0.9948,-0.0068,0.988,0.99479,-0.00679
2,2852,61749.7,OPEN,0.985,0.9948,-0.0098,0.985,0.99306,-0.00806
2,2853,61769.7,OPEN,0.982,0.9948,-0.0128,0.982,0.99306,-0.01106
2,2854,61790.9,OPEN,0.979,0.9948,-0.0158,0.979,0.99479,-0.01579
2,2855,61811.0,OPEN,0.976,0.99307,-0.01707,0.976,0.99306,-0.01706
2,2856,61831.8,OPEN,0.973,0.99307,-0.02007,0.973,0.99306,-0.02006
2,2857,61853.4,OPEN,0.97,0.9948,-0.0248,0.97,0.99479,-0.02479
2,2858,61873.8,OPEN,0.967,0.9948,-0.0278,0.967,0.99306,-0.02606
2,2859,61894.5,OPEN,0.964,0.9948,-0.0308,0.964,0.99306,-0.02906
2,2860,61915.6,OPEN,0.961,0.9948,-0.0338,0.961,0.99306,-0.03206
2,2861,61935.3,OPEN,0.958,0.99307,-0.03507,0.958,0.99306,-0.03506
2,2862,61956.2,OPEN,0.955,0.9948,-0.0398,0.955,0.99306,-0.03806
2,2863,61978.4,OPEN,0.952,0.99307,-0.04107,0.952,0.99479,-0.04279
2,2864,61998.6,OPEN,0.949,0.99307,-0.04407,0.949,0.99306,-0.04406
2,2865,62020.3,OPEN,0.946,0.9948,-0.0488,0.946,0.99132,-0.04532
2,2866,62039.3,OPEN,0.943,0.9948,-0.0518,0.943,0.98958,-0.04658
2,2867,62061.7,OPEN,0.94,0.9896,-0.0496,0.94,0.98958,-0.04958
2,2868,62082.9,OPEN,0.937,0.99133,-0.05433,0.937,0.98611,-0.04911
2,2869,62103.1,OPEN,0.934,0.98787,-0.05387,0.934,0.98438,-0.05038
2,2870,62124.1,OPEN,0.931,0.98094,-0.04994,0.931,0.98264,-0.05164
2,2871,62146.4,OPEN,0.928,0.974,-0.046,0.928,0.98438,-0.05638
2,2872,62166.0,OPEN,0.925,0.974,-0.049,0.925,0.97743,-0.05243
2,2873,62186.4,OPEN,0.922,0.97054,-0.04854,0.922,0.97222,-0.05022
2,2874,62207.8,OPEN,0.919,0.96187,-0.04287,0.919,0.97049,-0.05149
2,2875,62228.8,OPEN,0.916,0.95841,-0.04241,0.916,0.96007,-0.04407
2,2876,62249.7,OPEN,0.913,0.95667,-0.04367,0.913,0.95486,-0.04186
2,2877,62269.9,OPEN,0.91,0.95667,-0.04667,0.91,0.95139,-0.04139
2,2878,62291.5,OPEN,0.907,0.95321,-0.04621,0.907,0.94618,-0.03918
2,2879,62310.7,OPEN,0.904,0.94974,-0.04574,0.904,0.94444,-0.04044
2,2880,62332.4,OPEN,0.901,0.94454,-0.04354,0.901,0.94097,-0.03997
2,2881,62353.7,OPEN,0.898,0.93588,-0.03788,0.898,0.93576,-0.03776
2,2882,62372.6,OPEN,0.895,0.93414,-0.03914,0.895,0.93576,-0.04076
2,2883,62394.5,OPEN,0.892,0.93241,-0.04041,0.892,0.93229,-0.04029
2,2884,62415.0,OPEN,0.889,0.92548,-0.03648,0.889,0.93229,-0.04329
2,2885,62436.7,OPEN,0.886,0.92374,-0.03774,0.886,0.93229,-0.04629
2,2886,62456.4,OPEN,0.883,0.92201,-0.03901,0.883,0.93056,-0.04756
2,2887,62477.3,OPEN,0.88,0.92201,-0.04201,0.88,0.93229,-0.05229
2,2888,62497.8,OPEN,0.877,0.92201,-0.04501,0.877,0.92882,-0.05182
2,2889,62518.4,OPEN,0.874,0.92201,-0.04801,0.874,0.93056,-0.05656
2,2890,62538.7,OPEN,0.871,0.92028,-0.04928,0.871,0.93056,-0.05956
2,2891,62561.2,OPEN,0.868,0.93241,-0.06441,0.868,0.92535,-0.05735
2,2892,62582.8,OPEN,0.865,0.91854,-0.05354,0.865,0.92361,-0.05861
2,2893,62603.5,OPEN,0.862,0.91854,-0.05654,0.862,0.92014,-0.05814
2,2894,62623.2,OPEN,0.859,0.91508,-0.05608,0.859,0.91667,-0.05767
2,2895,62645.5,OPEN,0.856,0.91334,-0.05734,0.856,0.90972,-0.05372
2,2896,62667.2,OPEN,0.853,0.90815,-0.05515,0.853,0.90625,-0.05325
2,2897,62686.5,OPEN,0.85,0.90641,-0.05641,0.85,0.90104,-0.05104
2,2898,62708.2,OPEN,0.847,0.90295,-0.05595,0.847,0.89931,-0.05231
2,2899,62727.5,OPEN,0.844,0.90121,-0.05721,0.844,0.8941,-0.0501
2,2900,62748.3,OPEN,0.841,0.89255,-0.05155,0.841,0.88889,-0.04789
2,2901,62769.4,OPEN,0.838,0.88908,-0.05108,0.838,0.88542,-0.04742
2,2902,62790.9,OPEN,0.835,0.88388,-0.04888,0.835,0.88194,-0.04694
2,2903,62812.0,OPEN,0.832,0.88042,-0.04842,0.832,0.87847,-0.04647
2,2904,62832.3,OPEN,0.829,0.87695,-0.04795,0.829,0.87674,-0.04774
2,2905,62852.4,OPEN,0.826,0.87175,-0.04575,0.826,0.875,-0.049
2,2906,62872.7,OPEN,0.823,0.86828,-0.04528,0.823,0.875,-0.052
2,2907,62894.1,OPEN,0.82,0.86655,-0.04655,0.82,0.86979,-0.04979
2,2908,62915.4,OPEN,0.817,0.86135,-0.04435,0.817,0.86632,-0.04932
2,2909,62935.5,OPEN,0.814,0.86308,-0.04908,0.814,0.87153,-0.05753
2,2910,62957.3,OPEN,0.811,0.85962,-0.04862,0.811,0.86806,-0.05706
2,2911,62977.6,OPEN,0.808,0.85442,-0.04642,0.808,0.86458,-0.05658
2,2912,62998.6,OPEN,0.805,0.85095,-0.04595,0.805,0.86285,-0.05785
2,2913,63019.3,OPEN,0.802,0.85095,-0.04895,0.802,0.85764,-0.05564
2,2914,63040.6,OPEN,0.799,0.84575,-0.04675,0.799,0.85417,-0.05517
2,2915,63061.6,OPEN,0.796,0.84055,-0.04455,0.796,0.84896,-0.05296
2,2916,63083.6,OPEN,0.793,0.83882,-0.04582,0.793,0.84375,-0.05075
2,2917,63104.0,OPEN,0.79,0.83709,-0.04709,0.79,0.84028,-0.05028
2,2918,63126.1,OPEN,0.787,0.84229,-0.05529,0.787,0.84028,-0.05328
2,2919,63144.8,OPEN,0.784,0.83016,-0.04616,0.784,0.8316,-0.0476
2,2920,63166.4,OPEN,0.781,0.82496,-0.04396,0.781,0.82639,-0.04539
2,2921,63185.6,OPEN,0.778,0.82322,-0.04522,0.778,0.82118,-0.04318
2,2922,63207.0,OPEN,0.775,0.82149,-0.04649,0.775,0.81944,-0.04444
2,2923,63228.3,OPEN,0.772,0.81802,-0.04602,0.772,0.81597,-0.04397
2,2924,63248.2,OPEN,0.769,0.81629,-0.04729,0.769,0.81076,-0.04176
2,2925,63268.3,OPEN,0.766,0.81456,-0.04856,0.766,0.80729,-0.04129
2,2926,63291.6,OPEN,0.763,0.81109,-0.04809,0.763,0.80556,-0.04256
2,2927,63312.1,OPEN,0.76,0.80936,-0.04936,0.76,0.80382,-0.04382
2,2928,63332.8,OPEN,0.757,0.80243,-0.04543,0.757,0.80035,-0.04335
2,2929,63353.7,OPEN,0.754,0.80243,-0.04843,0.754,0.79861,-0.04461
2,2930,63372.9,OPEN,0.751,0.79896,-0.04796,0.751,0.79514,-0.04414
2,2931,63395.1,OPEN,0.748,0.79549,-0.04749,0.748,0.79514,-0.04714
2,2932,63415.2,OPEN,0.745,0.79203,-0.04703,0.745,0.7934,-0.0484
2,2933,63435.0,OPEN,0.742,0.78856,-0.04656,0.742,0.78993,-0.04793
2,2934,63455.3,OPEN,0.739,0.7851,-0.0461,0.739,0.78646,-0.04746
2,2935,63478.3,OPEN,0.736,0.78163,-0.04563,0.736,0.79688,-0.06088
2,2936,63496.8,OPEN,0.733,0.7799,-0.0469,0.733,0.78125,-0.04825
2,2937,63518.3,OPEN,0.73,0.7747,-0.0447,0.73,0.78472,-0.05472
2,2938,63539.8,OPEN,0.727,0.77123,-0.04423,0.727,0.77604,-0.04904
2,2939,63562.5,OPEN,0.724,0.76776,-0.04376,0.724,0.77431,-0.05031
2,2940,63583.4,OPEN,0.721,0.7643,-0.0433,0.721,0.7691,-0.0481
2,2941,63604.1,OPEN,0.718,0.76256,-0.04456,0.718,0.77083,-0.05283
2,2942,63623.4,OPEN,0.715,0.7591,-0.0441,0.715,0.76215,-0.04715
2,2943,63645.9,OPEN,0.712,0.75563,-0.04363,0.712,0.76042,-0.04842
2,2944,63666.9,OPEN,0.709,0.75217,-0.04317,0.709,0.75868,-0.04968
2,2945,63686.9,OPEN,0.706,0.7487,-0.0427,0.706,0.75,-0.044
2,2946,63707.9,OPEN,0.703,0.74697,-0.04397,0.703,0.74826,-0.04526
2,2947,63727.3,OPEN,0.7,0.7435,-0.0435,0.7,0.74826,-0.04826
2,2948,63750.1,OPEN,0.697,0.74003,-0.04303,0.697,0.75174,-0.05474
2,2949,63770.1,OPEN,0.694,0.7383,-0.0443,0.694,0.74132,-0.04732
2,2950,63790.3,OPEN,0.691,0.73657,-0.04557,0.691,0.74306,-0.05206
2,2951,63812.1,OPEN,0.688,0.7331,-0.0451,0.688,0.73611,-0.04811
2,2952,63832.2,OPEN,0.685,0.73137,-0.04637,0.685,0.7309,-0.0459
2,2953,63853.6,OPEN,0.682,0.72964,-0.04764,0.682,0.72917,-0.04717
2,2954,63874.6,OPEN,0.679,0.72617,-0.04717,0.679,0.72743,-0.04843
2,2955,63893.5,OPEN,0.676,0.7279,-0.0519,0.676,0.72222,-0.04622
2,2956,63914.3,OPEN,0.673,0.72097,-0.04797,0.673,0.71875,-0.04575
2,2957,63935.5,OPEN,0.67,0.7175,-0.0475,0.67,0.72049,-0.05049
2,2958,63957.6,OPEN,0.667,0.71231,-0.04531,0.667,0.71354,-0.04654
2,2959,63977.3,OPEN,0.664,0.70884,-0.04484,0.664,0.71181,-0.04781
2,2960,63998.8,OPEN,0.661,0.70537,-0.04437,0.661,0.70833,-0.04733
2,2961,64019.4,OPEN,0.658,0.70364,-0.04564,0.658,0.7066,-0.0486
2,2962,64039.9,OPEN,0.655,0.70191,-0.04691,0.655,0.70312,-0.04813
2,2963,64061.9,OPEN,0.652,0.70191,-0.04991,0.652,0.69965,-0.04765
2,2964,64083.6,OPEN,0.649,0.69151,-0.04251,0.649,0.69618,-0.04718
2,2965,64103.9,OPEN,0.646,0.68977,-0.04377,0.646,0.69271,-0.04671
2,2966,64123.7,OPEN,0.643,0.68458,-0.04158,0.643,0.6875,-0.0445
2,2967,64146.8,OPEN,0.64,0.67938,-0.03938,0.64,0.68403,-0.04403
2,2968,64167.5,OPEN,0.637,0.68111,-0.04411,0.637,0.68229,-0.04529
2,2969,64185.2,OPEN,0.634,0.67591,-0.04191,0.634,0.67882,-0.04482
2,2970,64206.1,OPEN,0.631,0.67071,-0.03971,0.631,0.67535,-0.04435
2,2971,64227.7,OPEN,0.628,0.66898,-0.04098,0.628,0.67188,-0.04388
2,2972,64249.2,OPEN,0.625,0.66551,-0.04051,0.625,0.67014,-0.04514
2,2973,64269.2,OPEN,0.622,0.66551,-0.04351,0.622,0.6684,-0.0464
2,2974,64291.6,OPEN,0.619,0.65685,-0.03785,0.619,0.66493,-0.04593
2,2975,64311.7,OPEN,0.616,0.65685,-0.04085,0.616,0.66319,-0.04719
2,2976,64332.4,OPEN,0.613,0.65685,-0.04385,0.613,0.65972,-0.04672
2,2977,64351.6,OPEN,0.61,0.65338,-0.04338,0.61,0.65625,-0.04625
2,2978,64372.4,OPEN,0.607,0.65165,-0.04465,0.607,0.65451,-0.04751
2,2979,64393.1,OPEN,0.604,0.64818,-0.04418,0.604,0.65278,-0.04878
2,2980,64416.2,OPEN,0.601,0.65165,-0.05065,0.601,0.64931,-0.04831
2,2981,64436.2,OPEN,0.598,0.64298,-0.04498,0.598,0.64583,-0.04783
2,2982,64456.0,OPEN,0.595,0.63778,-0.04278,0.595,0.64062,-0.04563
2,2983,64479.0,OPEN,0.592,0.63778,-0.04578,0.592,0.64062,-0.04863
2,2984,64498.2,OPEN,0.589,0.63258,-0.04358,0.589,0.63715,-0.04815
2,2985,64518.7,OPEN,0.586,0.62912,-0.04312,0.586,0.63368,-0.04768
2,2986,64542.2,OPEN,0.583,0.62738,-0.04438,0.583,0.63021,-0.04721
2,2987,64562.1,OPEN,0.58,0.62045,-0.04045,0.58,0.625,-0.045
2,2988,64582.2,OPEN,0.577,0.61698,-0.03998,0.577,0.62326,-0.04626
2,2989,64604.6,OPEN,0.574,0.61352,-0.03952,0.574,0.61806,-0.04406
2,2990,64625.7,OPEN,0.571,0.61005,-0.03905,0.571,0.61458,-0.04358
2,2991,64645.5,OPEN,0.568,0.60659,-0.03859,0.568,0.61285,-0.04485
2,2992,64664.7,OPEN,0.565,0.60312,-0.03812,0.565,0.61111,-0.04611
2,2993,64685.0,OPEN,0.562,0.60139,-0.03939,0.562,0.61111,-0.04911
2,2994,64706.6,OPEN,0.559,0.59965,-0.04065,0.559,0.60417,-0.04517
2,2995,64727.9,OPEN,0.556,0.59619,-0.04019,0.556,0.60243,-0.04643
2,2996,64748.6,OPEN,0.553,0.59445,-0.04145,0.553,0.60243,-0.04943
2,2997,64769.9,OPEN,0.55,0.59099,-0.04099,0.55,0.59722,-0.04722
2,2998,64791.3,OPEN,0.547,0.58925,-0.04225,0.547,0.59375,-0.04675
2,2999,64811.7,OPEN,0.544,0.58579,-0.04179,0.544,0.59201,-0.04801
2,3000,64832.7,OPEN,0.541,0.58406,-0.04306,0.541,0.59028,-0.04928
2,3001,64853.6,OPEN,0.538,0.58232,-0.04432,0.538,0.58507,-0.04707
2,3002,64872.0,OPEN,0.535,0.57886,-0.04386,0.535,0.57986,-0.04486
2,3003,64893.3,OPEN,0.532,0.57886,-0.04686,0.532,0.57812,-0.04613
2,3004,64915.9,OPEN,0.529,0.58232,-0.05332,0.529,0.57465,-0.04565
2,3005,64935.3,OPEN,0.526,0.57539,-0.04939,0.526,0.56944,-0.04344
2,3006,64957.2,OPEN,0.523,0.57019,-0.04719,0.523,0.56771,-0.04471
2,3007,64980.1,OPEN,0.52,0.56326,-0.04326,0.52,0.56424,-0.04424
2,3008,64999.0,OPEN,0.517,0.55979,-0.04279,0.517,0.56076,-0.04376
2,3009,65020.8,OPEN,0.514,0.55633,-0.04233,0.514,0.55382,-0.03982
2,3010,65039.8,OPEN,0.511,0.55113,-0.04013,0.511,0.55556,-0.04456
2,3011,65061.9,OPEN,0.508,0.54939,-0.04139,0.508,0.55035,-0.04235
2,3012,65082.4,OPEN,0.505,0.54939,-0.04439,0.505,0.54861,-0.04361
2,3013,65103.5,OPEN,0.502,0.54073,-0.03873,0.502,0.54688,-0.04488
2,3014,65125.2,OPEN,0.499,0.53726,-0.03826,0.499,0.5434,-0.0444
2,3015,65145.2,OPEN,0.496,0.53553,-0.03953,0.496,0.53993,-0.04393
2,3016,65165.8,OPEN,0.493,0.5338,-0.0408,0.493,0.5434,-0.0504
2,3017,65184.5,OPEN,0.49,0.53206,-0.04206,0.49,0.53646,-0.04646
2,3018,65206.4,OPEN,0.487,0.5286,-0.0416,0.487,0.53299,-0.04599
2,3019,65228.0,OPEN,0.484,0.52686,-0.04286,0.484,0.53299,-0.04899
2,3020,65249.3,OPEN,0.481,0.52513,-0.04413,0.481,0.52778,-0.04678
2,3021,65269.6,OPEN,0.478,0.51993,-0.04193,0.478,0.52083,-0.04283
2,3022,65291.1,OPEN,0.475,0.51646,-0.04146,0.475,0.51215,-0.03715
2,3023,65312.1,OPEN,0.472,0.51127,-0.03927,0.472,0.51562,-0.04363
2,3024,65332.4,OPEN,0.469,0.50607,-0.03707,0.469,0.50868,-0.03968
2,3025,65352.9,OPEN,0.466,0.50087,-0.03487,0.466,0.50521,-0.03921
2,3026,65374.0,OPEN,0.463,0.4974,-0.0344,0.463,0.50174,-0.03874
2,3027,65394.1,OPEN,0.46,0.49393,-0.03393,0.46,0.49826,-0.03826
2,3028,65414.7,OPEN,0.457,0.49393,-0.03693,0.457,0.49479,-0.03779
2,3029,65434.9,OPEN,0.454,0.48527,-0.03127,0.454,0.49306,-0.03906
2,3030,65457.8,OPEN,0.451,0.48354,-0.03254,0.451,0.48958,-0.03858
2,3031,65481.0,OPEN,0.448,0.48007,-0.03207,0.448,0.48958,-0.04158
2,3032,65500.9,OPEN,0.445,0.4818,-0.0368,0.445,0.49132,-0.04632
2,3033,65520.7,OPEN,0.442,0.48527,-0.04327,0.442,0.48438,-0.04238
2,3034,65541.4,OPEN,0.439,0.47834,-0.03934,0.439,0.48611,-0.04711
2,3035,65561.6,OPEN,0.436,0.48007,-0.04407,0.436,0.4809,-0.0449
2,3036,65582.5,OPEN,0.433,0.4766,-0.0436,0.433,0.47917,-0.04617
2,3037,65603.6,OPEN,0.43,0.47834,-0.04834,0.43,0.47569,-0.04569
2,3038,65623.9,OPEN,0.427,0.4714,-0.0444,0.427,0.47396,-0.04696
2,3039,65645.6,OPEN,0.424,0.46967,-0.04567,0.424,0.47222,-0.04822
2,3040,65666.2,OPEN,0.421,0.4662,-0.0452,0.421,0.46701,-0.04601
2,3041,65685.9,OPEN,0.418,0.46274,-0.04474,0.418,0.46528,-0.04728
2,3042,65707.3,OPEN,0.415,0.46101,-0.04601,0.415,0.46181,-0.04681
2,3043,65728.4,OPEN,0.412,0.45581,-0.04381,0.412,0.45833,-0.04633
2,3044,65748.5,OPEN,0.409,0.45234,-0.04334,0.409,0.45312,-0.04413
2,3045,65769.2,OPEN,0.406,0.44714,-0.04114,0.406,0.44792,-0.04192
2,3046,65791.1,OPEN,0.403,0.44194,-0.03894,0.403,0.45312,-0.05013
2,3047,65811.4,OPEN,0.4,0.44194,-0.04194,0.4,0.44271,-0.04271
2,3048,65831.9,OPEN,0.397,0.43674,-0.03974,0.397,0.44271,-0.04571
2,3049,65851.9,OPEN,0.394,0.43154,-0.03754,0.394,0.43576,-0.04176
2,3050,65873.9,OPEN,0.391,0.42981,-0.03881,0.391,0.43056,-0.03956
2,3051,65893.4,OPEN,0.388,0.42461,-0.03661,0.388,0.42882,-0.04082
2,3052,65916.8,OPEN,0.385,0.42114,-0.03614,0.385,0.42535,-0.04035
2,3053,65935.6,OPEN,0.382,0.42114,-0.03914,0.382,0.42188,-0.03988
2,3054,65958.1,OPEN,0.379,0.41421,-0.03521,0.379,0.42014,-0.04114
2,3055,65978.5,OPEN,0.376,0.41075,-0.03475,0.376,0.41667,-0.04067
2,3056,65999.6,OPEN,0.373,0.40901,-0.03601,0.373,0.42014,-0.04714
2,3057,66021.1,OPEN,0.37,0.40555,-0.03555,0.37,0.40972,-0.03972
2,3058,66041.8,OPEN,0.367,0.40381,-0.03681,0.367,0.40972,-0.04272
2,3059,66062.4,OPEN,0.364,0.40035,-0.03635,0.364,0.41146,-0.04746
2,3060,66082.4,OPEN,0.361,0.39861,-0.03761,0.361,0.40104,-0.04004
2,3061,66103.2,OPEN,0.358,0.39515,-0.03715,0.358,0.39931,-0.04131
2,3062,66124.1,OPEN,0.355,0.39341,-0.03841,0.355,0.39757,-0.04257
2,3063,66145.1,OPEN,0.352,0.38995,-0.03795,0.352,0.39583,-0.04383
2,3064,66166.1,OPEN,0.349,0.38821,-0.03921,0.349,0.39236,-0.04336
2,3065,66186.5,OPEN,0.346,0.39341,-0.04741,0.346,0.38889,-0.04289
2,3066,66207.6,OPEN,0.343,0.38302,-0.04002,0.343,0.38542,-0.04242
2,3067,66228.8,OPEN,0.34,0.37955,-0.03955,0.34,0.38194,-0.04194
2,3068,66248.4,OPEN,0.337,0.37608,-0.03908,0.337,0.37847,-0.04147
2,3069,66268.1,OPEN,0.334,0.37262,-0.03862,0.334,0.35243,-0.01843
2,3070,66289.4,OPEN,0.331,0.37262,-0.04162,0.331,0.37326,-0.04226
2,3071,66311.6,OPEN,0.328,0.36742,-0.03942,0.328,0.375,-0.047
2,3072,66332.9,OPEN,0.325,0.36568,-0.04068,0.325,0.36632,-0.04132
2,3073,66354.0,OPEN,0.322,0.36222,-0.04022,0.322,0.36111,-0.03911
2,3074,66373.9,OPEN,0.319,0.35875,-0.03975,0.319,0.35764,-0.03864
2,3075,66395.6,OPEN,0.316,0.35355,-0.03755,0.316,0.3559,-0.0399
2,3076,66414.5,OPEN,0.313,0.35009,-0.03709,0.313,0.35243,-0.03943
2,3077,66435.5,OPEN,0.31,0.34662,-0.03662,0.31,0.34896,-0.03896
2,3078,66458.4,OPEN,0.307,0.34315,-0.03615,0.307,0.34722,-0.04022
2,3079,66480.2,OPEN,0.304,0.33969,-0.03569,0.304,0.34201,-0.03801
2,3080,66499.6,OPEN,0.301,0.33795,-0.03695,0.301,0.34028,-0.03928
2,3081,66519.4,OPEN,0.298,0.33276,-0.03476,0.298,0.33681,-0.03881
2,3082,66541.2,OPEN,0.295,0.32929,-0.03429,0.295,0.33333,-0.03833
2,3083,66560.2,OPEN,0.292,0.32756,-0.03556,0.292,0.3316,-0.0396
2,3084,66581.1,OPEN,0.289,0.32409,-0.03509,0.289,0.32812,-0.03913
2,3085,66602.0,OPEN,0.286,0.32062,-0.03462,0.286,0.32465,-0.03865
2,3086,66624.9,OPEN,0.283,0.31889,-0.03589,0.283,0.32118,-0.03818
2,3087,66644.3,OPEN,0.28,0.32062,-0.04062,0.28,0.31944,-0.03944
2,3088,66663.6,OPEN,0.277,0.31542,-0.03842,0.277,0.31597,-0.03897
2,3089,66684.8,OPEN,0.274,0.31196,-0.03796,0.274,0.31424,-0.04024
2,3090,66706.5,OPEN,0.271,0.30849,-0.03749,0.271,0.31076,-0.03976
2,3091,66727.6,OPEN,0.268,0.30676,-0.03876,0.268,0.30729,-0.03929
2,3092,66749.3,OPEN,0.265,0.30329,-0.03829,0.265,0.3125,-0.0475
2,3093,66770.4,OPEN,0.262,0.29983,-0.03783,0.262,0.30556,-0.04356
2,3094,66789.8,OPEN,0.259,0.29809,-0.03909,0.259,0.30382,-0.04482
2,3095,66811.0,OPEN,0.256,0.29463,-0.03863,0.256,0.29688,-0.04088
2,3096,66831.2,OPEN,0.253,0.29116,-0.03816,0.253,0.2934,-0.0404
2,3097,66851.7,OPEN,0.25,0.28943,-0.03943,0.25,0.29167,-0.04167
2,3098,66875.3,OPEN,0.247,0.28423,-0.03723,0.247,0.28646,-0.03946
2,3099,66896.5,OPEN,0.244,0.28076,-0.03676,0.244,0.28299,-0.03899
2,3100,66916.6,OPEN,0.241,0.28076,-0.03976,0.241,0.28646,-0.04546
2,3101,66936.6,OPEN,0.238,0.27556,-0.03756,0.238,0.27778,-0.03978
2,3102,66956.9,OPEN,0.235,0.2721,-0.0371,0.235,0.27778,-0.04278
2,3103,66978.5,OPEN,0.232,0.2669,-0.0349,0.232,0.2691,-0.0371
2,3104,66999.3,OPEN,0.229,0.26863,-0.03963,0.229,0.26736,-0.03836
2,3105,67020.4,OPEN,0.226,0.25997,-0.03397,0.226,0.26389,-0.03789
2,3106,67039.6,OPEN,0.223,0.2565,-0.0335,0.223,0.26042,-0.03742
2,3107,67061.4,OPEN,0.22,0.25477,-0.03477,0.22,0.26562,-0.04563
2,3108,67082.6,OPEN,0.217,0.2513,-0.0343,0.217,0.26215,-0.04515
2,3109,67103.5,OPEN,0.214,0.24783,-0.03383,0.214,0.25174,-0.03774
2,3110,67124.3,OPEN,0.211,0.24437,-0.03337,0.211,0.25,-0.039
2,3111,67144.6,OPEN,0.208,0.24263,-0.03463,0.208,0.24653,-0.03853
2,3112,67166.1,OPEN,0.205,0.23917,-0.03417,0.205,0.24479,-0.03979
2,3113,67186.6,OPEN,0.202,0.23744,-0.03544,0.202,0.24132,-0.03932
2,3114,67207.3,OPEN,0.199,0.23744,-0.03844,0.199,0.24132,-0.04232
2,3115,67228.5,OPEN,0.196,0.23224,-0.03624,0.196,0.23611,-0.04011
2,3116,67248.3,OPEN,0.193,0.22877,-0.03577,0.193,0.23785,-0.04485
2,3117,67268.4,OPEN,0.19,0.22704,-0.03704,0.19,0.22917,-0.03917
2,3118,67290.3,OPEN,0.187,0.22357,-0.03657,0.187,0.22569,-0.03869
2,3119,67312.3,OPEN,0.184,0.2201,-0.0361,0.184,0.22222,-0.03822
2,3120,67331.5,OPEN,0.181,0.21664,-0.03564,0.181,0.21875,-0.03775
2,3121,67352.4,OPEN,0.178,0.2149,-0.0369,0.178,0.21701,-0.03901
2,3122,67373.9,OPEN,0.175,0.20971,-0.03471,0.175,0.21181,-0.03681
2,3123,67395.1,OPEN,0.172,0.20971,-0.03771,0.172,0.21007,-0.03807
2,3124,67415.5,OPEN,0.169,0.20277,-0.03377,0.169,0.20312,-0.03413
2,3125,67436.9,OPEN,0.166,0.19931,-0.03331,0.166,0.20139,-0.03539
2,3126,67458.4,OPEN,0.163,0.19411,-0.03111,0.163,0.20139,-0.03839
2,3127,67477.6,OPEN,0.16,0.19237,-0.03237,0.16,0.19618,-0.03618
2,3128,67497.5,OPEN,0.157,0.18891,-0.03191,0.157,0.19271,-0.03571
2,3129,67519.1,OPEN,0.154,0.18544,-0.03144,0.154,0.18924,-0.03524
2,3130,67539.8,OPEN,0.151,0.18198,-0.03098,0.151,0.18576,-0.03476
2,3131,67561.7,OPEN,0.148,0.18024,-0.03224,0.148,0.18403,-0.03603
2,3132,67582.9,OPEN,0.145,0.17678,-0.03178,0.145,0.18056,-0.03556
2,3133,67603.5,OPEN,0.142,0.17504,-0.03304,0.142,0.17708,-0.03508
2,3134,67622.7,OPEN,0.139,0.17158,-0.03258,0.139,0.17535,-0.03635
2,3135,67644.1,OPEN,0.136,0.16984,-0.03384,0.136,0.17361,-0.03761
2,3136,67664.1,OPEN,0.133,0.16811,-0.03511,0.133,0.1684,-0.0354
2,3137,67685.5,OPEN,0.13,0.17158,-0.04158,0.13,0.16667,-0.03667
2,3138,67706.3,OPEN,0.127,0.16638,-0.03938,0.127,0.16319,-0.03619
2,3139,67726.8,OPEN,0.124,0.16118,-0.03718,0.124,0.16146,-0.03746
2,3140,67748.7,OPEN,0.121,0.15771,-0.03671,0.121,0.15799,-0.03699
2,3141,67769.4,OPEN,0.118,0.15425,-0.03625,0.118,0.15625,-0.03825
2,3142,67790.9,OPEN,0.115,0.15598,-0.04098,0.115,0.15278,-0.03778
2,3143,67811.3,OPEN,0.112,0.15251,-0.04051,0.112,0.14931,-0.03731
2,3144,67832.1,OPEN,0.109,0.14385,-0.03485,0.109,0.14583,-0.03683
2,3145,67852.6,OPEN,0.106,0.14211,-0.03611,0.106,0.14236,-0.03636
2,3146,67872.5,OPEN,0.103,0.13865,-0.03565,0.103,0.14062,-0.03763
2,3147,67893.2,OPEN,0.1,0.13518,-0.03518,0.1,0.13542,-0.03542
2,3148,67914.4,OPEN,0.097,0.13172,-0.03472,0.097,0.13194,-0.03494
2,3149,67934.3,OPEN,0.094,0.12825,-0.03425,0.094,0.13021,-0.03621
2,3150,67954.9,OPEN,0.091,0.12478,-0.03378,0.091,0.12674,-0.03574
2,3151,67976.1,OPEN,0.088,0.12132,-0.03332,0.088,0.125,-0.037
2,3152,67997.3,OPEN,0.085,0.11785,-0.03285,0.085,0.12153,-0.03653
2,3153,68017.8,OPEN,0.082,0.11265,-0.03065,0.082,0.125,-0.043
2,3154,68039.9,OPEN,0.079,0.11092,-0.03192,0.079,0.11979,-0.04079
2,3155,68060.7,OPEN,0.076,0.10745,-0.03145,0.076,0.11285,-0.03685
2,3156,68081.0,OPEN,0.073,0.10399,-0.03099,0.073,0.10938,-0.03638
2,3157,68102.4,OPEN,0.07,0.10052,-0.03052,0.07,0.1059,-0.0359
2,3158,68124.6,OPEN,0.067,0.09705,-0.03005,0.067,0.10243,-0.03543
2,3159,68145.5,OPEN,0.064,0.09359,-0.02959,0.064,0.10069,-0.03669
2,3160,68165.7,OPEN,0.061,0.09012,-0.02912,0.061,0.09722,-0.03622
2,3161,68186.6,OPEN,0.058,0.09532,-0.03732,0.058,0.10243,-0.04443
2,3162,68207.9,OPEN,0.055,0.09012,-0.03512,0.055,0.09028,-0.03528
2,3163,68228.1,OPEN,0.052,0.08319,-0.03119,0.052,0.08854,-0.03654
2,3164,68248.7,OPEN,0.049,0.08146,-0.03246,0.049,0.08507,-0.03607
2,3165,68269.9,OPEN,0.046,0.07799,-0.03199,0.046,0.0816,-0.0356
2,3166,68291.2,OPEN,0.043,0.07452,-0.03152,0.043,0.07812,-0.03513
2,3167,68313.1,OPEN,0.04,0.07106,-0.03106,0.04,0.07986,-0.03986
2,3168,68333.8,OPEN,0.037,0.06932,-0.03232,0.037,0.07118,-0.03418
2,3169,68352.7,OPEN,0.034,0.07279,-0.03879,0.034,0.06771,-0.03371
2,3170,68373.7,OPEN,0.031,0.06239,-0.03139,0.031,0.06597,-0.03497
2,3171,68395.0,OPEN,0.028,0.06066,-0.03266,0.028,0.0625,-0.0345
2,3172,68415.8,OPEN,0.025,0.05719,-0.03219,0.025,0.06076,-0.03576
2,3173,68435.8,OPEN,0.022,0.05546,-0.03346,0.022,0.05729,-0.03529
2,3174,68458.9,OPEN,0.019,0.05026,-0.03126,0.019,0.05382,-0.03482
2,3175,68478.2,OPEN,0.016,0.04853,-0.03253,0.016,0.05035,-0.03435
2,3176,68499.5,OPEN,0.013,0.04506,-0.03206,0.013,0.04861,-0.03561
2,3177,68519.3,OPEN,0.01,0.04333,-0.03333,0.01,0.04514,-0.03514
2,3178,68539.6,OPEN,0.007,0.03986,-0.03286,0.007,0.04514,-0.03814
2,3179,68561.5,OPEN,0.004,0.04333,-0.03933,0.004,0.04167,-0.03767
2,3180,68582.2,OPEN,0.001,0.0364,-0.0354,0.001,0.03819,-0.03719
2,3181,68602.0,OPEN,0.0,0.0312,-0.0312,0.0,0.03472,-0.03472
2,3182,68608.6,HOLD_OPEN,0.0,0.0312,-0.0312,0.0,0.03299,-0.03299
2,3183,68628.2,HOLD_OPEN,0.0,0.02773,-0.02773,0.0,0.03472,-0.03472
2,3184,68650.8,HOLD_OPEN,0.0,0.02426,-0.02426,0.0,0.02778,-0.02778
2,3185,68672.7,HOLD_OPEN,0.0,0.01906,-0.01906,0.0,0.02431,-0.02431
2,3186,68693.4,HOLD_OPEN,0.0,0.01733,-0.01733,0.0,0.02257,-0.02257
2,3187,68715.0,HOLD_OPEN,0.0,0.0156,-0.0156,0.0,0.0191,-0.0191
2,3188,68736.0,HOLD_OPEN,0.0,0.0104,-0.0104,0.0,0.01736,-0.01736
2,3189,68754.9,HOLD_OPEN,0.0,0.00867,-0.00867,0.0,0.01562,-0.01562
2,3190,68776.5,HOLD_OPEN,0.0,0.00693,-0.00693,0.0,0.01389,-0.01389
2,3191,68797.2,HOLD_OPEN,0.0,0.0052,-0.0052,0.0,0.01215,-0.01215
2,3192,68819.0,HOLD_OPEN,0.0,0.00347,-0.00347,0.0,0.01215,-0.01215
2,3193,68838.5,HOLD_OPEN,0.0,0.00347,-0.00347,0.0,0.01215,-0.01215
2,3194,68858.6,HOLD_OPEN,0.0,0.00347,-0.00347,0.0,0.01562,-0.01562
2,3195,68880.4,HOLD_OPEN,0.0,0.00347,-0.00347,0.0,0.01042,-0.01042
2,3196,68901.6,HOLD_OPEN,0.0,0.00347,-0.00347,0.0,0.01042,-0.01042
2,3197,68922.1,HOLD_OPEN,0.0,0.00347,-0.00347,0.0,0.01042,-0.01042
2,3198,68943.8,HOLD_OPEN,0.0,0.00347,-0.00347,0.0,0.01389,-0.01389
2,3199,68963.2,HOLD_OPEN,0.0,0.00347,-0.00347,0.0,0.01042,-0.01042
2,3200,68983.9,HOLD_OPEN,0.0,0.00347,-0.00347,0.0,0.00868,-0.00868
2,3201,69003.1,HOLD_OPEN,0.0,0.00347,-0.00347,0.0,0.01042,-0.01042
2,3202,69026.4,HOLD_OPEN,0.0,0.00347,-0.00347,0.0,0.01215,-0.01215
2,3203,69047.1,HOLD_OPEN,0.0,0.00347,-0.00347,0.0,0.01042,-0.01042
2,3204,69067.4,HOLD_OPEN,0.0,0.00347,-0.00347,0.0,0.01042,-0.01042
2,3205,69087.8,HOLD_OPEN,0.0,0.00347,-0.00347,0.0,0.01042,-0.01042
2,3206,69111.2,HOLD_OPEN,0.0,0.00347,-0.00347,0.0,0.01042,-0.01042
2,3207,69130.7,HOLD_OPEN,0.0,0.00347,-0.00347,0.0,0.01215,-0.01215
2,3208,69151.5,HOLD_OPEN,0.0,0.00347,-0.00347,0.0,0.01215,-0.01215
2,3209,69173.1,HOLD_OPEN,0.0,0.00347,-0.00347,0.0,0.01042,-0.01042
2,3210,69194.0,HOLD_OPEN,0.0,0.00347,-0.00347,0.0,0.01042,-0.01042
2,3211,69215.0,HOLD_OPEN,0.0,0.00347,-0.00347,0.0,0.0191,-0.0191
2,3212,69234.5,HOLD_OPEN,0.0,0.00347,-0.00347,0.0,0.01042,-0.01042
2,3213,69255.5,HOLD_OPEN,0.0,0.00347,-0.00347,0.0,0.00347,-0.00347
2,3214,69275.6,HOLD_OPEN,0.0,0.00347,-0.00347,0.0,0.00868,-0.00868
2,3215,69295.3,HOLD_OPEN,0.0,0.00347,-0.00347,0.0,0.01042,-0.01042
2,3216,69318.0,HOLD_OPEN,0.0,0.00347,-0.00347,0.0,0.00694,-0.00694
2,3217,69339.4,HOLD_OPEN,0.0,0.00347,-0.00347,0.0,0.00521,-0.00521
2,3218,69359.9,HOLD_OPEN,0.0,0.00347,-0.00347,0.0,0.00347,-0.00347
2,3219,69381.0,HOLD_OPEN,0.0,0.0052,-0.0052,0.0,0.00347,-0.00347
2,3220,69401.3,HOLD_OPEN,0.0,0.00347,-0.00347,0.0,0.00347,-0.00347
2,3221,69422.6,HOLD_OPEN,0.0,0.00347,-0.00347,0.0,0.00347,-0.00347
2,3222,69442.3,HOLD_OPEN,0.0,0.00347,-0.00347,0.0,0.00347,-0.00347
2,3223,69462.0,HOLD_OPEN,0.0,0.00347,-0.00347,0.0,0.00347,-0.00347
2,3224,69482.8,HOLD_OPEN,0.0,0.00347,-0.00347,0.0,0.00347,-0.00347
2,3225,69504.5,HOLD_OPEN,0.0,0.00347,-0.00347,0.0,0.00347,-0.00347
2,3226,69526.8,HOLD_OPEN,0.0,0.00347,-0.00347,0.0,0.00347,-0.00347
2,3227,69548.3,HOLD_OPEN,0.0,0.00347,-0.00347,0.0,0.00347,-0.00347
2,3228,69568.7,HOLD_OPEN,0.0,0.00347,-0.00347,0.0,0.00347,-0.00347
2,3229,69589.7,HOLD_OPEN,0.0,0.0052,-0.0052,0.0,0.00347,-0.00347
2,3230,69609.7,HOLD_OPEN,0.0,0.00347,-0.00347,0.0,0.00347,-0.00347
2,3231,69630.4,HOLD_OPEN,0.0,0.00347,-0.00347,0.0,0.00347,-0.00347
2,3232,69652.1,HOLD_OPEN,0.0,0.00347,-0.00347,0.0,0.00347,-0.00347
2,3233,69671.6,HOLD_OPEN,0.0,0.0052,-0.0052,0.0,0.00347,-0.00347
2,3234,69692.5,HOLD_OPEN,0.0,0.00347,-0.00347,0.0,0.00347,-0.00347
2,3235,69713.8,HOLD_OPEN,0.0,0.00347,-0.00347,0.0,0.00347,-0.00347
2,3236,69735.0,HOLD_OPEN,0.0,0.00347,-0.00347,0.0,0.00347,-0.00347
2,3237,69755.5,HOLD_OPEN,0.0,0.00347,-0.00347,0.0,0.00347,-0.00347
2,3238,69775.7,HOLD_OPEN,0.0,0.00347,-0.00347,0.0,0.00347,-0.00347
2,3239,69795.6,HOLD_OPEN,0.0,0.00347,-0.00347,0.0,0.00347,-0.00347
2,3240,69815.9,HOLD_OPEN,0.0,0.0052,-0.0052,0.0,0.00347,-0.00347
2,3241,69837.1,HOLD_OPEN,0.0,0.00347,-0.00347,0.0,0.00347,-0.00347
2,3242,69859.4,CLOSE_2,0.003,0.00347,-0.00047,0.003,0.00347,-0.00047
2,3243,69882.1,CLOSE_2,0.006,0.00347,0.00253,0.006,0.00347,0.00253
2,3244,69903.2,CLOSE_2,0.009,0.00347,0.00553,0.009,0.00347,0.00553
2,3245,69924.3,CLOSE_2,0.012,0.0052,0.0068,0.012,0.00347,0.00853
2,3246,69944.8,CLOSE_2,0.015,0.00347,0.01153,0.015,0.00347,0.01153
2,3247,69965.5,CLOSE_2,0.018,0.00347,0.01453,0.018,0.00521,0.01279
2,3248,69987.3,CLOSE_2,0.021,0.00347,0.01753,0.021,0.00347,0.01753
2,3249,70005.5,CLOSE_2,0.024,0.00347,0.02053,0.024,0.00347,0.02053
2,3250,70027.3,CLOSE_2,0.027,0.00347,0.02353,0.027,0.00347,0.02353
2,3251,70049.4,CLOSE_2,0.03,0.00347,0.02653,0.03,0.00347,0.02653
2,3252,70070.1,CLOSE_2,0.033,0.00347,0.02953,0.033,0.00347,0.02953
2,3253,70091.0,CLOSE_2,0.036,0.00347,0.03253,0.036,0.01042,0.02558
2,3254,70112.4,CLOSE_2,0.039,0.00347,0.03553,0.039,0.00347,0.03553
2,3255,70131.6,CLOSE_2,0.042,0.00693,0.03507,0.042,0.00694,0.03506
2,3256,70152.7,CLOSE_2,0.045,0.01213,0.03287,0.045,0.01389,0.03111
2,3257,70172.2,CLOSE_2,0.048,0.01906,0.02894,0.048,0.01562,0.03238
2,3258,70193.0,CLOSE_2,0.051,0.01906,0.03194,0.051,0.0191,0.0319
2,3259,70213.4,CLOSE_2,0.054,0.026,0.028,0.054,0.02257,0.03143
2,3260,70233.9,CLOSE_2,0.057,0.02946,0.02754,0.057,0.03299,0.02401
2,3261,70255.2,CLOSE_2,0.06,0.0364,0.0236,0.06,0.04167,0.01833
2,3262,70275.8,CLOSE_2,0.063,0.03986,0.02314,0.063,0.04861,0.01439
2,3263,70298.4,CLOSE_2,0.066,0.04506,0.02094,0.066,0.05382,0.01218
2,3264,70318.9,CLOSE_2,0.069,0.05026,0.01874,0.069,0.05903,0.00997
2,3265,70339.9,CLOSE_2,0.072,0.05373,0.01827,0.072,0.06597,0.00603
2,3266,70360.0,CLOSE_2,0.075,0.05719,0.01781,0.075,0.06597,0.00903
2,3267,70380.2,CLOSE_2,0.078,0.05893,0.01907,0.078,0.06944,0.00856
2,3268,70400.9,CLOSE_2,0.081,0.06239,0.01861,0.081,0.07118,0.00982
2,3269,70421.7,CLOSE_2,0.084,0.06412,0.01988,0.084,0.07118,0.01282
2,3270,70443.0,CLOSE_2,0.087,0.06412,0.02288,0.087,0.07465,0.01235
2,3271,70464.7,CLOSE_2,0.09,0.06586,0.02414,0.09,0.07639,0.01361
2,3272,70486.8,CLOSE_2,0.093,0.06759,0.02541,0.093,0.07812,0.01488
2,3273,70505.8,CLOSE_2,0.096,0.06586,0.03014,0.096,0.07812,0.01788
2,3274,70527.0,CLOSE_2,0.099,0.06932,0.02968,0.099,0.07812,0.02088
2,3275,70547.4,CLOSE_2,0.102,0.06932,0.03268,0.102,0.07812,0.02388
2,3276,70568.9,CLOSE_2,0.105,0.07106,0.03394,0.105,0.07986,0.02514
2,3277,70589.9,CLOSE_2,0.108,0.07799,0.03001,0.108,0.08507,0.02293
2,3278,70610.5,CLOSE_2,0.111,0.08319,0.02781,0.111,0.09201,0.01899
2,3279,70631.8,CLOSE_2,0.114,0.08146,0.03254,0.114,0.08333,0.03067
2,3280,70652.4,CLOSE_2,0.117,0.08319,0.03381,0.117,0.08681,0.03019
2,3281,70673.3,CLOSE_2,0.12,0.08666,0.03334,0.12,0.08854,0.03146
2,3282,70695.4,CLOSE_2,0.123,0.09012,0.03288,0.123,0.09201,0.03099
2,3283,70714.5,CLOSE_2,0.126,0.09359,0.03241,0.126,0.09549,0.03051
2,3284,70735.0,CLOSE_2,0.129,0.09879,0.03021,0.129,0.09896,0.03004
2,3285,70756.8,CLOSE_2,0.132,0.10225,0.02975,0.132,0.10243,0.02957
2,3286,70777.5,CLOSE_2,0.135,0.10745,0.02755,0.135,0.10417,0.03083
2,3287,70798.4,CLOSE_2,0.138,0.11265,0.02535,0.138,0.11458,0.02342
2,3288,70819.2,CLOSE_2,0.141,0.11612,0.02488,0.141,0.11632,0.02468
2,3289,70840.8,CLOSE_2,0.144,0.11958,0.02442,0.144,0.11979,0.02421
2,3290,70859.5,CLOSE_2,0.147,0.12305,0.02395,0.147,0.12326,0.02374
2,3291,70881.2,CLOSE_2,0.15,0.12652,0.02348,0.15,0.12674,0.02326
2,3292,70901.8,CLOSE_2,0.153,0.12998,0.02302,0.153,0.13194,0.02106
2,3293,70923.8,CLOSE_2,0.156,0.13345,0.02255,0.156,0.13542,0.02058
2,3294,70945.8,CLOSE_2,0.159,0.13518,0.02382,0.159,0.14062,0.01838
2,3295,70967.6,CLOSE_2,0.162,0.13865,0.02335,0.162,0.14236,0.01964
2,3296,70985.6,CLOSE_2,0.165,0.14038,0.02462,0.165,0.1441,0.0209
2,3297,71005.1,CLOSE_2,0.168,0.14211,0.02589,0.168,0.14757,0.02043
2,3298,71028.2,CLOSE_2,0.171,0.14558,0.02542,0.171,0.15278,0.01822
2,3299,71048.5,CLOSE_2,0.174,0.14905,0.02495,0.174,0.15625,0.01775
2,3300,71069.7,CLOSE_2,0.177,0.15078,0.02622,0.177,0.15799,0.01901
2,3301,71091.1,CLOSE_2,0.18,0.16291,0.01709,0.18,0.16146,0.01854
2,3302,71109.1,CLOSE_2,0.183,0.16118,0.02182,0.183,0.16319,0.01981
2,3303,71131.3,CLOSE_2,0.186,0.15771,0.02829,0.186,0.16667,0.01933
2,3304,71152.7,CLOSE_2,0.189,0.16291,0.02609,0.189,0.1684,0.0206
2,3305,71173.4,CLOSE_2,0.192,0.16464,0.02736,0.192,0.17014,0.02186
2,3306,71192.5,CLOSE_2,0.195,0.16638,0.02862,0.195,0.17535,0.01965
2,3307,71214.0,CLOSE_2,0.198,0.16984,0.02816,0.198,0.17708,0.02092
2,3308,71235.5,CLOSE_2,0.201,0.17331,0.02769,0.201,0.18403,0.01697
2,3309,71256.6,CLOSE_2,0.204,0.17851,0.02549,0.204,0.18056,0.02344
2,3310,71277.9,CLOSE_2,0.207,0.18024,0.02676,0.207,0.18229,0.02471
2,3311,71298.1,CLOSE_2,0.21,0.18371,0.02629,0.21,0.18403,0.02597
2,3312,71317.8,CLOSE_2,0.213,0.19064,0.02236,0.213,0.1875,0.0255
2,3313,71338.3,CLOSE_2,0.216,0.19237,0.02363,0.216,0.19097,0.02503
2,3314,71361.2,CLOSE_2,0.219,0.19237,0.02663,0.219,0.19444,0.02456
2,3315,71382.5,CLOSE_2,0.222,0.19931,0.02269,0.222,0.19792,0.02408
2,3316,71403.8,CLOSE_2,0.225,0.19931,0.02569,0.225,0.19965,0.02535
2,3317,71422.2,CLOSE_2,0.228,0.20277,0.02523,0.228,0.20486,0.02314
2,3318,71444.2,CLOSE_2,0.231,0.20624,0.02476,0.231,0.2066,0.0244
2,3319,71465.3,CLOSE_2,0.234,0.2149,0.0191,0.234,0.21181,0.02219
2,3320,71487.9,CLOSE_2,0.237,0.21317,0.02383,0.237,0.22049,0.01651
2,3321,71506.2,CLOSE_2,0.24,0.21664,0.02336,0.24,0.22049,0.01951
2,3322,71527.3,CLOSE_2,0.243,0.2201,0.0229,0.243,0.22396,0.01904
2,3323,71548.5,CLOSE_2,0.246,0.22704,0.01896,0.246,0.22743,0.01857
2,3324,71568.9,CLOSE_2,0.249,0.22704,0.02196,0.249,0.22917,0.01983
2,3325,71590.9,CLOSE_2,0.252,0.2305,0.0215,0.252,0.23438,0.01763
2,3326,71610.5,CLOSE_2,0.255,0.23397,0.02103,0.255,0.23785,0.01715
2,3327,71631.5,CLOSE_2,0.258,0.23397,0.02403,0.258,0.23958,0.01842
2,3328,71651.1,CLOSE_2,0.261,0.23744,0.02356,0.261,0.24132,0.01968
2,3329,71671.5,CLOSE_2,0.264,0.23917,0.02483,0.264,0.24479,0.01921
2,3330,71693.0,CLOSE_2,0.267,0.24783,0.01917,0.267,0.24653,0.02047
2,3331,71715.8,CLOSE_2,0.27,0.2461,0.0239,0.27,0.25174,0.01826
2,3332,71735.9,CLOSE_2,0.273,0.24783,0.02517,0.273,0.25174,0.02126
2,3333,71754.9,CLOSE_2,0.276,0.2513,0.0247,0.276,0.25521,0.02079
2,3334,71776.2,CLOSE_2,0.279,0.25303,0.02597,0.279,0.26389,0.01511
2,3335,71798.7,CLOSE_2,0.282,0.2565,0.0255,0.282,0.25868,0.02332
2,3336,71817.8,CLOSE_2,0.285,0.2617,0.0233,0.285,0.26215,0.02285
2,3337,71839.1,CLOSE_2,0.288,0.26343,0.02457,0.288,0.26562,0.02238
2,3338,71860.1,CLOSE_2,0.291,0.26516,0.02584,0.291,0.2691,0.0219
2,3339,71881.7,CLOSE_2,0.294,0.2721,0.0219,0.294,0.27257,0.02143
2,3340,71903.5,CLOSE_2,0.297,0.2773,0.0197,0.297,0.27778,0.01922
2,3341,71922.5,CLOSE_2,0.3,0.2773,0.0227,0.3,0.27951,0.02049
2,3342,71943.6,CLOSE_2,0.303,0.28076,0.02224,0.303,0.28472,0.01828
2,3343,71964.6,CLOSE_2,0.306,0.28769,0.01831,0.306,0.28646,0.01954
2,3344,71986.9,CLOSE_2,0.309,0.28769,0.02131,0.309,0.28819,0.02081
2,3345,72006.9,CLOSE_2,0.312,0.29289,0.01911,0.312,0.29514,0.01686
2,3346,72028.0,CLOSE_2,0.315,0.29636,0.01864,0.315,0.29861,0.01639
2,3347,72048.5,CLOSE_2,0.318,0.29809,0.01991,0.318,0.30208,0.01592
2,3348,72067.7,CLOSE_2,0.321,0.30156,0.01944,0.321,0.30556,0.01544
2,3349,72088.6,CLOSE_2,0.324,0.30329,0.02071,0.324,0.30729,0.01671
2,3350,72111.0,CLOSE_2,0.327,0.30676,0.02024,0.327,0.30903,0.01797
2,3351,72130.8,CLOSE_2,0.33,0.30849,0.02151,0.33,0.3125,0.0175
2,3352,72152.5,CLOSE_2,0.333,0.31023,0.02277,0.333,0.31424,0.01876
2,3353,72173.4,CLOSE_2,0.336,0.31716,0.01884,0.336,0.31597,0.02003
2,3354,72194.8,CLOSE_2,0.339,0.31542,0.02358,0.339,0.31944,0.01956
2,3355,72214.3,CLOSE_2,0.342,0.32062,0.02138,0.342,0.32292,0.01908
2,3356,72235.8,CLOSE_2,0.345,0.31889,0.02611,0.345,0.32465,0.02035
2,3357,72255.5,CLOSE_2,0.348,0.32062,0.02738,0.348,0.3316,0.0164
2,3358,72275.8,CLOSE_2,0.351,0.32236,0.02864,0.351,0.32986,0.02114
2,3359,72296.7,CLOSE_2,0.354,0.32582,0.02818,0.354,0.33333,0.02067
2,3360,72319.4,CLOSE_2,0.357,0.32756,0.02944,0.357,0.33854,0.01846
2,3361,72341.6,CLOSE_2,0.36,0.33102,0.02898,0.36,0.34028,0.01972
2,3362,72361.6,CLOSE_2,0.363,0.33276,0.03024,0.363,0.34201,0.02099
2,3363,72380.4,CLOSE_2,0.366,0.33969,0.02631,0.366,0.34549,0.02051
2,3364,72403.1,CLOSE_2,0.369,0.34835,0.02065,0.369,0.35069,0.01831
2,3365,72422.6,CLOSE_2,0.372,0.34835,0.02365,0.372,0.35243,0.01957
2,3366,72444.2,CLOSE_2,0.375,0.35355,0.02145,0.375,0.35417,0.02083
2,3367,72465.1,CLOSE_2,0.378,0.36222,0.01578,0.378,0.3559,0.0221
2,3368,72485.9,CLOSE_2,0.381,0.36568,0.01532,0.381,0.36111,0.01989
2,3369,72506.9,CLOSE_2,0.384,0.37088,0.01312,0.384,0.36111,0.02289
2,3370,72526.8,CLOSE_2,0.387,0.37262,0.01438,0.387,0.36458,0.02242
2,3371,72546.4,CLOSE_2,0.39,0.37608,0.01392,0.39,0.36806,0.02194
2,3372,72567.1,CLOSE_2,0.393,0.37782,0.01518,0.393,0.36979,0.02321
2,3373,72588.8,CLOSE_2,0.396,0.37955,0.01645,0.396,0.38021,0.01579
2,3374,72611.4,CLOSE_2,0.399,0.38302,0.01598,0.399,0.38194,0.01706
2,3375,72631.4,CLOSE_2,0.402,0.38475,0.01725,0.402,0.38542,0.01658
2,3376,72651.6,CLOSE_2,0.405,0.38648,0.01852,0.405,0.38889,0.01611
2,3377,72672.8,CLOSE_2,0.408,0.38648,0.02152,0.408,0.39236,0.01564
2,3378,72693.8,CLOSE_2,0.411,0.38821,0.02279,0.411,0.39757,0.01343
2,3379,72713.7,CLOSE_2,0.414,0.38995,0.02405,0.414,0.39931,0.01469
2,3380,72734.7,CLOSE_2,0.417,0.39168,0.02532,0.417,0.40972,0.00728
2,3381,72755.1,CLOSE_2,0.42,0.39341,0.02659,0.42,0.40972,0.01028
2,3382,72776.6,CLOSE_2,0.423,0.40381,0.01919,0.423,0.40799,0.01501
2,3383,72799.3,CLOSE_2,0.426,0.40035,0.02565,0.426,0.41146,0.01454
2,3384,72817.9,CLOSE_2,0.429,0.40208,0.02692,0.429,0.4184,0.0106
2,3385,72838.8,CLOSE_2,0.432,0.40728,0.02472,0.432,0.41319,0.01881
2,3386,72861.7,CLOSE_2,0.435,0.41075,0.02425,0.435,0.42014,0.01486
2,3387,72882.2,CLOSE_2,0.438,0.41594,0.02206,0.438,0.42188,0.01613
2,3388,72901.6,CLOSE_2,0.441,0.41594,0.02506,0.441,0.43576,0.00524
2,3389,72923.0,CLOSE_2,0.444,0.42288,0.02112,0.444,0.42882,0.01518
2,3390,72943.7,CLOSE_2,0.447,0.42634,0.02066,0.447,0.42882,0.01818
2,3391,72965.8,CLOSE_2,0.45,0.43154,0.01846,0.45,0.43403,0.01597
2,3392,72984.5,CLOSE_2,0.453,0.43328,0.01972,0.453,0.43576,0.01724
2,3393,73005.6,CLOSE_2,0.456,0.43674,0.01926,0.456,0.44271,0.01329
2,3394,73026.5,CLOSE_2,0.459,0.44194,0.01706,0.459,0.44097,0.01803
2,3395,73049.0,CLOSE_2,0.462,0.44367,0.01833,0.462,0.44444,0.01756
2,3396,73069.7,CLOSE_2,0.465,0.44541,0.01959,0.465,0.44618,0.01882
2,3397,73090.5,CLOSE_2,0.468,0.44887,0.01913,0.468,0.45139,0.01661
2,3398,73109.1,CLOSE_2,0.471,0.45061,0.02039,0.471,0.45312,0.01788
2,3399,73130.8,CLOSE_2,0.474,0.45581,0.01819,0.474,0.45486,0.01914
2,3400,73151.2,CLOSE_2,0.477,0.45754,0.01946,0.477,0.45833,0.01867
2,3401,73173.4,CLOSE_2,0.48,0.45754,0.02246,0.48,0.46181,0.01819
2,3402,73193.0,CLOSE_2,0.483,0.46967,0.01333,0.483,0.46875,0.01425
2,3403,73213.1,CLOSE_2,0.486,0.45927,0.02673,0.486,0.46875,0.01725
2,3404,73234.3,CLOSE_2,0.489,0.46447,0.02453,0.489,0.47222,0.01678
2,3405,73255.5,CLOSE_2,0.492,0.46794,0.02406,0.492,0.47396,0.01804
2,3406,73277.5,CLOSE_2,0.495,0.4766,0.0184,0.495,0.47917,0.01583
2,3407,73300.6,CLOSE_2,0.498,0.47314,0.02486,0.498,0.48264,0.01536
2,3408,73319.9,CLOSE_2,0.501,0.4766,0.0244,0.501,0.48438,0.01663
2,3409,73342.3,CLOSE_2,0.504,0.47834,0.02566,0.504,0.48785,0.01615
2,3410,73360.7,CLOSE_2,0.507,0.4818,0.0252,0.507,0.48958,0.01742
2,3411,73381.1,CLOSE_2,0.51,0.487,0.023,0.51,0.49653,0.01347
2,3412,73403.1,CLOSE_2,0.513,0.4974,0.0156,0.513,0.50694,0.00606
2,3413,73421.8,CLOSE_2,0.516,0.50087,0.01513,0.516,0.50868,0.00732
2,3414,73443.9,CLOSE_2,0.519,0.5078,0.0112,0.519,0.51042,0.00858
2,3415,73463.8,CLOSE_2,0.522,0.513,0.009,0.522,0.51215,0.00985
2,3416,73486.9,CLOSE_2,0.525,0.51646,0.00854,0.525,0.51215,0.01285
2,3417,73505.5,CLOSE_2,0.528,0.5182,0.0098,0.528,0.5191,0.0089
2,3418,73527.2,CLOSE_2,0.531,0.52166,0.00934,0.531,0.51562,0.01538
2,3419,73548.4,CLOSE_2,0.534,0.52166,0.01234,0.534,0.52257,0.01143
2,3420,73569.5,CLOSE_2,0.537,0.51993,0.01707,0.537,0.52257,0.01443
2,3421,73589.8,CLOSE_2,0.54,0.52166,0.01834,0.54,0.52604,0.01396
2,3422,73611.1,CLOSE_2,0.543,0.52166,0.02134,0.543,0.52778,0.01522
2,3423,73631.5,CLOSE_2,0.546,0.5234,0.0226,0.546,0.52951,0.01649
2,3424,73650.9,CLOSE_2,0.549,0.5234,0.0256,0.549,0.53125,0.01775
2,3425,73672.4,CLOSE_2,0.552,0.52686,0.02514,0.552,0.53472,0.01728
2,3426,73692.6,CLOSE_2,0.555,0.52513,0.02987,0.555,0.53299,0.02201
2,3427,73714.0,CLOSE_2,0.558,0.53206,0.02594,0.558,0.53646,0.02154
2,3428,73737.0,CLOSE_2,0.561,0.53553,0.02547,0.561,0.53819,0.02281
2,3429,73755.6,CLOSE_2,0.564,0.53553,0.02847,0.564,0.54167,0.02233
2,3430,73775.7,CLOSE_2,0.567,0.54593,0.02107,0.567,0.54514,0.02186
2,3431,73798.5,CLOSE_2,0.57,0.54419,0.02581,0.57,0.54688,0.02313
2,3432,73820.1,CLOSE_2,0.573,0.54939,0.02361,0.573,0.55208,0.02092
2,3433,73839.1,CLOSE_2,0.576,0.55459,0.02141,0.576,0.56076,0.01524
2,3434,73861.8,CLOSE_2,0.579,0.55806,0.02094,0.579,0.56076,0.01824
2,3435,73882.9,CLOSE_2,0.582,0.56326,0.01874,0.582,0.56424,0.01776
2,3436,73902.5,CLOSE_2,0.585,0.56846,0.01654,0.585,0.56771,0.01729
2,3437,73922.9,CLOSE_2,0.588,0.57192,0.01608,0.588,0.57292,0.01508
2,3438,73943.7,CLOSE_2,0.591,0.57366,0.01734,0.591,0.57639,0.01461
2,3439,73963.7,CLOSE_2,0.594,0.58059,0.01341,0.594,0.57812,0.01588
2,3440,73985.4,CLOSE_2,0.597,0.58059,0.01641,0.597,0.58333,0.01367
2,3441,74006.6,CLOSE_2,0.6,0.58232,0.01768,0.6,0.58681,0.01319
2,3442,74025.9,CLOSE_2,0.603,0.58406,0.01894,0.603,0.58854,0.01446
2,3443,74047.3,CLOSE_2,0.606,0.58752,0.01848,0.606,0.59201,0.01399
2,3444,74067.6,CLOSE_2,0.609,0.58752,0.02148,0.609,0.59201,0.01699
2,3445,74088.2,CLOSE_2,0.612,0.59445,0.01755,0.612,0.59549,0.01651
2,3446,74111.2,CLOSE_2,0.615,0.59272,0.02228,0.615,0.59896,0.01604
2,3447,74131.3,CLOSE_2,0.618,0.59445,0.02355,0.618,0.60069,0.01731
2,3448,74153.0,CLOSE_2,0.621,0.59792,0.02308,0.621,0.60417,0.01683
2,3449,74174.4,CLOSE_2,0.624,0.60485,0.01915,0.624,0.6059,0.0181
2,3450,74193.8,CLOSE_2,0.627,0.60485,0.02215,0.627,0.60764,0.01936
2,3451,74213.1,CLOSE_2,0.63,0.60659,0.02341,0.63,0.60938,0.02063
2,3452,74235.7,CLOSE_2,0.633,0.61005,0.02295,0.633,0.61458,0.01842
2,3453,74257.8,CLOSE_2,0.636,0.61179,0.02421,0.636,0.61806,0.01794
2,3454,74277.7,CLOSE_2,0.639,0.61698,0.02202,0.639,0.62153,0.01747
2,3455,74299.1,CLOSE_2,0.642,0.62045,0.02155,0.642,0.63021,0.01179
2,3456,74319.1,CLOSE_2,0.645,0.62392,0.02108,0.645,0.62847,0.01653
2,3457,74339.9,CLOSE_2,0.648,0.62738,0.02062,0.648,0.63194,0.01606
2,3458,74360.8,CLOSE_2,0.651,0.63085,0.02015,0.651,0.63715,0.01385
2,3459,74381.1,CLOSE_2,0.654,0.63605,0.01795,0.654,0.64062,0.01338
2,3460,74401.6,CLOSE_2,0.657,0.63605,0.02095,0.657,0.64583,0.01117
2,3461,74422.4,CLOSE_2,0.66,0.64125,0.01875,0.66,0.65104,0.00896
2,3462,74444.5,CLOSE_2,0.663,0.64298,0.02002,0.663,0.64931,0.01369
2,3463,74465.5,CLOSE_2,0.666,0.64991,0.01609,0.666,0.65104,0.01496
2,3464,74484.9,CLOSE_2,0.669,0.64818,0.02082,0.669,0.65278,0.01622
2,3465,74505.9,CLOSE_2,0.672,0.65165,0.02035,0.672,0.65799,0.01401
2,3466,74526.3,CLOSE_2,0.675,0.65338,0.02162,0.675,0.65972,0.01528
2,3467,74547.0,CLOSE_2,0.678,0.65685,0.02115,0.678,0.66319,0.01481
2,3468,74568.7,CLOSE_2,0.681,0.65858,0.02242,0.681,0.65972,0.02128
2,3469,74589.3,CLOSE_2,0.684,0.66205,0.02195,0.684,0.66667,0.01733
2,3470,74608.6,CLOSE_2,0.687,0.66378,0.02322,0.687,0.67014,0.01686
2,3471,74629.9,CLOSE_2,0.69,0.66898,0.02102,0.69,0.67188,0.01813
2,3472,74651.9,CLOSE_2,0.693,0.66898,0.02402,0.693,0.67535,0.01765
2,3473,74673.7,CLOSE_2,0.696,0.67244,0.02356,0.696,0.67882,0.01718
2,3474,74694.9,CLOSE_2,0.699,0.67418,0.02482,0.699,0.68229,0.01671
2,3475,74716.2,CLOSE_2,0.702,0.67938,0.02262,0.702,0.68576,0.01624
2,3476,74737.7,CLOSE_2,0.705,0.68631,0.01869,0.705,0.68924,0.01576
2,3477,74756.0,CLOSE_2,0.708,0.68631,0.02169,0.708,0.69271,0.01529
2,3478,74776.7,CLOSE_2,0.711,0.69671,0.01429,0.711,0.70139,0.00961
2,3479,74798.0,CLOSE_2,0.714,0.69671,0.01729,0.714,0.69792,0.01608
2,3480,74820.4,CLOSE_2,0.717,0.69844,0.01856,0.717,0.70312,0.01388
2,3481,74840.6,CLOSE_2,0.72,0.70191,0.01809,0.72,0.70486,0.01514
2,3482,74862.3,CLOSE_2,0.723,0.70537,0.01763,0.723,0.70833,0.01467
2,3483,74880.3,CLOSE_2,0.726,0.70884,0.01716,0.726,0.71181,0.01419
2,3484,74900.6,CLOSE_2,0.729,0.71231,0.01669,0.729,0.71354,0.01546
2,3485,74921.7,CLOSE_2,0.732,0.71404,0.01796,0.732,0.72396,0.00804
2,3486,74943.1,CLOSE_2,0.735,0.71924,0.01576,0.735,0.71701,0.01799
2,3487,74962.8,CLOSE_2,0.738,0.71924,0.01876,0.738,0.72049,0.01751
2,3488,74985.1,CLOSE_2,0.741,0.72097,0.02003,0.741,0.72396,0.01704
2,3489,75006.8,CLOSE_2,0.744,0.72444,0.01956,0.744,0.72743,0.01657
2,3490,75025.6,CLOSE_2,0.747,0.7279,0.0191,0.747,0.7309,0.0161
2,3491,75046.9,CLOSE_2,0.75,0.7279,0.0221,0.75,0.7309,0.0191
2,3492,75068.1,CLOSE_2,0.753,0.73137,0.02163,0.753,0.74306,0.00994
2,3493,75088.4,CLOSE_2,0.756,0.73137,0.02463,0.756,0.73785,0.01815
2,3494,75110.9,CLOSE_2,0.759,0.73484,0.02416,0.759,0.74132,0.01768
2,3495,75132.2,CLOSE_2,0.762,0.7383,0.0237,0.762,0.74479,0.01721
2,3496,75152.2,CLOSE_2,0.765,0.7435,0.0215,0.765,0.74653,0.01847
2,3497,75173.7,CLOSE_2,0.768,0.74523,0.02277,0.768,0.75174,0.01626
2,3498,75192.7,CLOSE_2,0.771,0.7539,0.0171,0.771,0.75347,0.01753
2,3499,75213.6,CLOSE_2,0.774,0.75043,0.02357,0.774,0.75694,0.01706
2,3500,75235.7,CLOSE_2,0.777,0.7539,0.0231,0.777,0.76562,0.01138
2,3501,75255.7,CLOSE_2,0.78,0.7539,0.0261,0.78,0.76389,0.01611
2,3502,75278.0,CLOSE_2,0.783,0.7643,0.0187,0.783,0.76736,0.01564
2,3503,75299.5,CLOSE_2,0.786,0.77296,0.01304,0.786,0.77083,0.01517
2,3504,75318.7,CLOSE_2,0.789,0.7695,0.0195,0.789,0.77083,0.01817
2,3505,75339.4,CLOSE_2,0.792,0.77816,0.01384,0.792,0.77431,0.01769
2,3506,75360.7,CLOSE_2,0.795,0.7747,0.0203,0.795,0.77778,0.01722
2,3507,75382.3,CLOSE_2,0.798,0.77816,0.01984,0.798,0.78125,0.01675
2,3508,75401.1,CLOSE_2,0.801,0.78163,0.01937,0.801,0.78125,0.01975
2,3509,75423.8,CLOSE_2,0.804,0.78336,0.02064,0.804,0.79688,0.00713
2,3510,75444.1,CLOSE_2,0.807,0.7851,0.0219,0.807,0.79688,0.01013
2,3511,75463.3,CLOSE_2,0.81,0.78856,0.02144,0.81,0.7934,0.0166
2,3512,75484.4,CLOSE_2,0.813,0.79203,0.02097,0.813,0.79688,0.01613
2,3513,75507.0,CLOSE_2,0.816,0.79549,0.02051,0.816,0.79861,0.01739
2,3514,75525.8,CLOSE_2,0.819,0.79896,0.02004,0.819,0.80208,0.01692
2,3515,75548.2,CLOSE_2,0.822,0.80069,0.02131,0.822,0.80556,0.01644
2,3516,75567.6,CLOSE_2,0.825,0.80243,0.02257,0.825,0.80729,0.01771
2,3517,75587.7,CLOSE_2,0.828,0.80416,0.02384,0.828,0.81076,0.01724
2,3518,75610.4,CLOSE_2,0.831,0.81109,0.01991,0.831,0.8125,0.0185
2,3519,75632.6,CLOSE_2,0.834,0.81629,0.01771,0.834,0.81771,0.01629
2,3520,75652.3,CLOSE_2,0.837,0.81282,0.02418,0.837,0.81424,0.02276
2,3521,75672.2,CLOSE_2,0.84,0.81802,0.02198,0.84,0.81424,0.02576
2,3522,75695.3,CLOSE_2,0.843,0.82322,0.01978,0.843,0.82465,0.01835
2,3523,75716.1,CLOSE_2,0.846,0.83016,0.01584,0.846,0.82812,0.01788
2,3524,75736.8,CLOSE_2,0.849,0.82842,0.02058,0.849,0.83854,0.01046
2,3525,75755.8,CLOSE_2,0.852,0.83189,0.02011,0.852,0.83333,0.01867
2,3526,75777.1,CLOSE_2,0.855,0.83882,0.01618,0.855,0.83854,0.01646
2,3527,75797.5,CLOSE_2,0.858,0.83882,0.01918,0.858,0.84722,0.01078
2,3528,75818.7,CLOSE_2,0.861,0.84229,0.01871,0.861,0.84549,0.01551
2,3529,75840.5,CLOSE_2,0.864,0.84749,0.01651,0.864,0.84722,0.01678
2,3530,75860.8,CLOSE_2,0.867,0.85269,0.01431,0.867,0.85069,0.01631
2,3531,75881.7,CLOSE_2,0.87,0.85095,0.01905,0.87,0.85243,0.01757
2,3532,75902.7,CLOSE_2,0.873,0.85615,0.01685,0.873,0.85938,0.01363
2,3533,75923.0,CLOSE_2,0.876,0.85962,0.01638,0.876,0.86285,0.01315
2,3534,75942.8,CLOSE_2,0.879,0.85962,0.01938,0.879,0.86111,0.01789
2,3535,75963.3,CLOSE_2,0.882,0.86308,0.01892,0.882,0.86458,0.01742
2,3536,75985.2,CLOSE_2,0.885,0.86482,0.02018,0.885,0.86806,0.01694
2,3537,76006.2,CLOSE_2,0.888,0.86655,0.02145,0.888,0.87153,0.01647
2,3538,76025.9,CLOSE_2,0.891,0.87002,0.02098,0.891,0.88021,0.01079
2,3539,76048.5,CLOSE_2,0.894,0.87522,0.01878,0.894,0.87674,0.01726
2,3540,76069.3,CLOSE_2,0.897,0.87695,0.02005,0.897,0.87847,0.01853
2,3541,76089.6,CLOSE_2,0.9,0.88215,0.01785,0.9,0.88194,0.01806
2,3542,76109.8,CLOSE_2,0.903,0.88388,0.01912,0.903,0.88368,0.01932
2,3543,76131.5,CLOSE_2,0.906,0.89255,0.01345,0.906,0.88715,0.01885
2,3544,76153.1,CLOSE_2,0.909,0.89601,0.01299,0.909,0.89062,0.01838
2,3545,76175.4,CLOSE_2,0.912,0.89775,0.01425,0.912,0.8941,0.0179
2,3546,76196.0,CLOSE_2,0.915,0.90121,0.01379,0.915,0.89583,0.01917
2,3547,76215.6,CLOSE_2,0.918,0.90121,0.01679,0.918,0.89931,0.01869
2,3548,76236.3,CLOSE_2,0.921,0.90815,0.01285,0.921,0.90278,0.01822
2,3549,76255.5,CLOSE_2,0.924,0.91161,0.01239,0.924,0.90972,0.01428
2,3550,76277.6,CLOSE_2,0.927,0.90988,0.01712,0.927,0.90972,0.01728
2,3551,76297.9,CLOSE_2,0.93,0.91508,0.01492,0.93,0.91146,0.01854
2,3552,76318.3,CLOSE_2,0.933,0.92201,0.01099,0.933,0.91493,0.01807
2,3553,76339.2,CLOSE_2,0.936,0.92374,0.01226,0.936,0.9184,0.0176
2,3554,76361.5,CLOSE_2,0.939,0.92894,0.01006,0.939,0.92188,0.01713
2,3555,76381.9,CLOSE_2,0.942,0.92548,0.01652,0.942,0.92535,0.01665
2,3556,76401.1,CLOSE_2,0.945,0.92721,0.01779,0.945,0.92708,0.01792
2,3557,76422.1,CLOSE_2,0.948,0.93241,0.01559,0.948,0.92708,0.02092
2,3558,76443.5,CLOSE_2,0.951,0.93241,0.01859,0.951,0.93056,0.02044
2,3559,76465.3,CLOSE_2,0.954,0.93588,0.01812,0.954,0.93229,0.02171
2,3560,76485.2,CLOSE_2,0.957,0.93761,0.01939,0.957,0.93403,0.02297
2,3561,76506.1,CLOSE_2,0.96,0.93934,0.02066,0.96,0.93924,0.02076
2,3562,76527.9,CLOSE_2,0.963,0.94281,0.02019,0.963,0.94097,0.02203
2,3563,76547.8,CLOSE_2,0.966,0.94454,0.02146,0.966,0.94618,0.01982
2,3564,76567.7,CLOSE_2,0.969,0.94801,0.02099,0.969,0.94618,0.02282
2,3565,76589.5,CLOSE_2,0.972,0.95321,0.01879,0.972,0.9566,0.0154
2,3566,76612.6,CLOSE_2,0.975,0.96014,0.01486,0.975,0.96007,0.01493
2,3567,76632.3,CLOSE_2,0.978,0.95667,0.02133,0.978,0.96007,0.01793
2,3568,76652.4,CLOSE_2,0.981,0.96187,0.01913,0.981,0.95833,0.02267
2,3569,76673.0,CLOSE_2,0.984,0.9636,0.0204,0.984,0.96181,0.02219
2,3570,76694.3,CLOSE_2,0.987,0.97054,0.01646,0.987,0.96354,0.02346
2,3571,76715.8,CLOSE_2,0.99,0.97227,0.01773,0.99,0.96701,0.02299
2,3572,76734.9,CLOSE_2,0.993,0.97574,0.01726,0.993,0.97396,0.01904
2,3573,76756.4,CLOSE_2,0.996,0.98094,0.01506,0.996,0.97222,0.02378
2,3574,76776.3,CLOSE_2,0.999,0.98267,0.01633,0.999,0.97222,0.02678
2,3575,76797.5,CLOSE_2,1.0,0.98094,0.01906,1.0,0.97049,0.02951
2,3576,76802.4,HOLD_2,1.0,0.98267,0.01733,1.0,0.97396,0.02604
2,3577,76825.6,HOLD_2,1.0,0.98094,0.01906,1.0,0.97396,0.02604
2,3578,76846.8,HOLD_2,1.0,0.98267,0.01733,1.0,0.97569,0.02431
2,3579,76867.5,HOLD_2,1.0,0.9844,0.0156,1.0,0.9809,0.0191
2,3580,76888.5,HOLD_2,1.0,0.98267,0.01733,1.0,0.97396,0.02604
2,3581,76908.9,HOLD_2,1.0,0.98787,0.01213,1.0,0.97917,0.02083
2,3582,76930.9,HOLD_2,1.0,0.9844,0.0156,1.0,0.97569,0.02431
2,3583,76950.6,HOLD_2,1.0,0.97574,0.02426,1.0,0.97396,0.02604
2,3584,76971.1,HOLD_2,1.0,0.98267,0.01733,1.0,0.97569,0.02431
2,3585,76992.8,HOLD_2,1.0,0.99133,0.00867,1.0,0.97396,0.02604
2,3586,77013.6,HOLD_2,1.0,0.99827,0.00173,1.0,0.97396,0.02604
2,3587,77035.3,HOLD_2,1.0,0.98094,0.01906,1.0,0.97396,0.02604
2,3588,77055.6,HOLD_2,1.0,0.98094,0.01906,1.0,0.97396,0.02604
2,3589,77076.6,HOLD_2,1.0,0.98267,0.01733,1.0,0.97396,0.02604
2,3590,77095.8,HOLD_2,1.0,0.9844,0.0156,1.0,0.97569,0.02431
2,3591,77116.6,HOLD_2,1.0,0.9844,0.0156,1.0,0.97569,0.02431
2,3592,77137.1,HOLD_2,1.0,0.9844,0.0156,1.0,0.97743,0.02257
2,3593,77159.7,HOLD_2,1.0,0.9896,0.0104,1.0,0.98958,0.01042
2,3594,77179.9,HOLD_2,1.0,0.98267,0.01733,1.0,0.9809,0.0191
2,3595,77201.0,HOLD_2,1.0,0.99307,0.00693,1.0,0.98438,0.01562
2,3596,77221.4,HOLD_2,1.0,0.99133,0.00867,1.0,0.99479,0.00521
2,3597,77242.2,HOLD_2,1.0,0.99133,0.00867,1.0,0.98958,0.01042
2,3598,77262.3,HOLD_2,1.0,0.99133,0.00867,1.0,0.99653,0.00347
2,3599,77283.7,HOLD_2,1.0,0.9948,0.0052,1.0,0.99132,0.00868
2,3600,77303.9,HOLD_2,1.0,0.9948,0.0052,1.0,0.99479,0.00521
2,3601,77326.1,HOLD_2,1.0,0.99307,0.00693,1.0,0.99653,0.00347
2,3602,77346.6,HOLD_2,1.0,0.99307,0.00693,1.0,0.99653,0.00347
2,3603,77367.1,HOLD_2,1.0,0.9948,0.0052,1.0,0.99479,0.00521
2,3604,77388.5,HOLD_2,1.0,0.9948,0.0052,1.0,0.99479,0.00521
2,3605,77407.6,HOLD_2,1.0,0.9948,0.0052,1.0,0.99479,0.00521
2,3606,77429.8,HOLD_2,1.0,0.99307,0.00693,1.0,0.99479,0.00521
2,3607,77450.8,HOLD_2,1.0,0.9948,0.0052,1.0,0.99653,0.00347
2,3608,77472.9,HOLD_2,1.0,0.9948,0.0052,1.0,0.99653,0.00347
2,3609,77492.6,HOLD_2,1.0,0.9948,0.0052,1.0,0.99479,0.00521
2,3610,77513.7,HOLD_2,1.0,0.9948,0.0052,1.0,0.99306,0.00694
2,3611,77533.6,HOLD_2,1.0,0.99307,0.00693,1.0,0.99479,0.00521
2,3612,77553.0,HOLD_2,1.0,0.99307,0.00693,1.0,0.99479,0.00521
2,3613,77574.0,HOLD_2,1.0,0.9948,0.0052,1.0,0.99479,0.00521
2,3614,77595.6,HOLD_2,1.0,0.99307,0.00693,1.0,0.99306,0.00694
2,3615,77617.7,HOLD_2,1.0,0.9948,0.0052,1.0,0.99479,0.00521
2,3616,77638.4,HOLD_2,1.0,0.9948,0.0052,1.0,0.99479,0.00521
2,3617,77656.4,HOLD_2,1.0,0.99653,0.00347,1.0,0.99653,0.00347
2,3618,77677.8,HOLD_2,1.0,0.99307,0.00693,1.0,0.99479,0.00521
2,3619,77699.2,HOLD_2,1.0,0.9948,0.0052,1.0,0.99479,0.00521
2,3620,77721.5,HOLD_2,1.0,0.9948,0.0052,1.0,0.99479,0.00521
2,3621,77742.0,HOLD_2,1.0,0.9948,0.0052,1.0,0.99479,0.00521
2,3622,77762.5,HOLD_2,1.0,0.9948,0.0052,1.0,0.99306,0.00694
2,3623,77782.8,HOLD_2,1.0,0.9948,0.0052,1.0,0.99479,0.00521
2,3624,77805.0,HOLD_2,1.0,0.99307,0.00693,1.0,0.99479,0.00521
2,3625,77826.1,HOLD_2,1.0,0.99133,0.00867,1.0,0.99479,0.00521
2,3626,77847.4,HOLD_2,1.0,0.99653,0.00347,1.0,0.99653,0.00347
2,3627,77867.3,HOLD_2,1.0,0.9948,0.0052,1.0,0.99653,0.00347
2,3628,77886.7,HOLD_2,1.0,0.99307,0.00693,1.0,0.99306,0.00694
2,3629,77909.3,HOLD_2,1.0,0.99307,0.00693,1.0,0.99479,0.00521
2,3630,77929.3,HOLD_2,1.0,0.9948,0.0052,1.0,0.99306,0.00694
2,3631,77951.9,HOLD_2,1.0,0.9948,0.0052,1.0,0.99479,0.00521
2,3632,77971.4,HOLD_2,1.0,0.9948,0.0052,1.0,0.99479,0.00521
2,3633,77991.9,HOLD_2,1.0,0.9948,0.0052,1.0,0.99826,0.00174
2,3634,78012.4,HOLD_2,1.0,0.99307,0.00693,1.0,0.99653,0.00347
2,3635,78033.4,HOLD_2,1.0,0.9948,0.0052,1.0,0.99306,0.00694
