cycle,step,t_ms,phase,servo6_q_target,servo6_q_measured,servo6_q_delta,servo7_q_target,servo7_q_measured,servo7_q_delta,servo8_q_target,servo8_q_measured,servo8_q_delta,servo9_q_target,servo9_q_measured,servo9_q_delta
0,0,812.1,SETTLE,0.0,0.0,0.0,0.0,0.00339,-0.00339,0.0,0.0,0.0,0.0,0.0,0.0
0,1,832.1,SETTLE,0.0,0.0,0.0,0.0,0.00339,-0.00339,0.0,0.0,0.0,0.0,0.0,0.0
0,2,852.6,SETTLE,0.0,0.0,0.0,0.0,0.00339,-0.00339,0.0,0.0,0.0,0.0,0.0,0.0
0,3,873.4,SETTLE,0.0,0.0,0.0,0.0,0.00339,-0.00339,0.0,0.0,0.0,0.0,0.0,0.0
0,4,894.3,SETTLE,0.0,0.0,0.0,0.0,0.00339,-0.00339,0.0,0.0,0.0,0.0,0.0,0.0
0,5,914.8,SETTLE,0.0,0.0,0.0,0.0,0.00339,-0.00339,0.0,0.0,0.0,0.0,0.0,0.0
0,6,936.4,SETTLE,0.0,0.0,0.0,0.0,0.00339,-0.00339,0.0,0.0,0.0,0.0,0.0,0.0
0,7,957.2,SETTLE,0.0,0.0,0.0,0.0,0.00339,-0.00339,0.0,0.0,0.0,0.0,0.0,0.0
0,8,978.3,SETTLE,0.0,0.0,0.0,0.0,0.00169,-0.00169,0.0,0.0,0.0,0.0,0.0,0.0
0,9,998.3,SETTLE,0.0,0.0,0.0,0.0,0.00339,-0.00339,0.0,0.0,0.0,0.0,0.0,0.0
0,10,1019.0,SETTLE,0.0,0.0,0.0,0.0,0.00339,-0.00339,0.0,0.0,0.0,0.0,0.0,0.0
0,11,1040.8,SETTLE,0.0,0.0,0.0,0.0,0.00339,-0.00339,0.0,0.0,0.0,0.0,0.0,0.0
0,12,1061.3,SETTLE,0.0,0.0,0.0,0.0,0.00339,-0.00339,0.0,0.0,0.0,0.0,0.0,0.0
0,13,1081.4,SETTLE,0.0,0.0,0.0,0.0,0.00339,-0.00339,0.0,0.0,0.0,0.0,0.0,0.0
0,14,1102.6,SETTLE,0.0,0.00174,-0.00174,0.0,0.00339,-0.00339,0.0,0.0,0.0,0.0,0.0,0.0
0,15,1123.1,SETTLE,0.0,0.0,0.0,0.0,0.00339,-0.00339,0.0,0.0,0.0,0.0,0.0,0.0
0,16,1143.1,SETTLE,0.0,0.0,0.0,0.0,0.00339,-0.00339,0.0,0.0,0.0,0.0,0.0,0.0
0,17,1163.5,SETTLE,0.0,0.0,0.0,0.0,0.00339,-0.00339,0.0,0.0,0.0,0.0,0.0,0.0
0,18,1184.0,SETTLE,0.0,0.0,0.0,0.0,0.00508,-0.00508,0.0,0.0,0.0,0.0,0.0,0.0
0,19,1207.2,SETTLE,0.0,0.0,0.0,0.0,0.00169,-0.00169,0.0,0.0,0.0,0.0,0.0,0.0
0,20,1227.2,SETTLE,0.0,0.0,0.0,0.0,0.00339,-0.00339,0.0,0.0,0.0,0.0,0.0,0.0
0,21,1247.6,SETTLE,0.0,0.00174,-0.00174,0.0,0.00339,-0.00339,0.0,0.0,0.0,0.0,0.0,0.0
0,22,1268.6,SETTLE,0.0,0.0,0.0,0.0,0.00169,-0.00169,0.0,0.0,0.0,0.0,0.0,0.0
0,23,1290.4,SETTLE,0.0,0.0,0.0,0.0,0.00339,-0.00339,0.0,0.0,0.0,0.0,0.0,0.0
0,24,1310.9,SETTLE,0.0,0.0,0.0,0.0,0.00339,-0.00339,0.0,0.0,0.0,0.0,0.0,0.0
0,25,1331.9,SETTLE,0.0,0.0,0.0,0.0,0.00339,-0.00339,0.0,0.0,0.0,0.0,0.0,0.0
0,26,1352.0,SETTLE,0.0,0.0,0.0,0.0,0.00339,-0.00339,0.0,0.0,0.0,0.0,0.0,0.0
0,27,1373.2,SETTLE,0.0,0.0,0.0,0.0,0.00339,-0.00339,0.0,0.0,0.0,0.0,0.0,0.0
0,28,1394.4,SETTLE,0.0,0.0,0.0,0.0,0.00339,-0.00339,0.0,0.0,0.0,0.0,0.0,0.0
0,29,1415.3,SETTLE,0.0,0.0,0.0,0.0,0.00339,-0.00339,0.0,0.0,0.0,0.0,0.0,0.0
0,30,1435.7,CLOSE,0.005,0.00347,0.00153,0.005,0.00339,0.00161,0.005,0.0,0.005,0.005,0.0,0.005
0,31,1458.1,CLOSE,0.01,0.0,0.01,0.01,0.00339,0.00661,0.01,0.0,0.01,0.01,0.0,0.01
0,32,1478.0,CLOSE,0.015,0.0,0.015,0.015,0.00339,0.01161,0.015,0.0,0.015,0.015,0.0,0.015
0,33,1498.6,CLOSE,0.02,0.0,0.02,0.02,0.00339,0.01661,0.02,0.0,0.02,0.02,0.0,0.02
0,34,1519.6,CLOSE,0.025,0.0,0.025,0.025,0.00339,0.02161,0.025,0.0,0.025,0.025,0.0,0.025
0,35,1541.7,CLOSE,0.03,0.0,0.03,0.03,0.00339,0.02661,0.03,0.0,0.03,0.03,0.0,0.03
0,36,1563.5,CLOSE,0.035,0.0,0.035,0.035,0.00339,0.03161,0.035,0.0,0.035,0.035,0.00577,0.02923
0,37,1582.6,CLOSE,0.04,0.0,0.04,0.04,0.00339,0.03661,0.04,0.0,0.04,0.04,0.0,0.04
0,38,1604.3,CLOSE,0.045,0.0,0.045,0.045,0.00508,0.03992,0.045,0.0,0.045,0.045,0.0,0.045
0,39,1624.3,CLOSE,0.05,0.00868,0.04132,0.05,0.00508,0.04492,0.05,0.0,0.05,0.05,0.0,0.05
0,40,1647.5,CLOSE,0.055,0.00694,0.04806,0.055,0.01017,0.04483,0.055,0.00347,0.05153,0.055,0.00385,0.05115
0,41,1667.2,CLOSE,0.06,0.01042,0.04958,0.06,0.01017,0.04983,0.06,0.0104,0.0496,0.06,0.00577,0.05423
0,42,1688.1,CLOSE,0.065,0.02083,0.04417,0.065,0.01695,0.04805,0.065,0.01906,0.04594,0.065,0.01346,0.05154
0,43,1708.7,CLOSE,0.07,0.02257,0.04743,0.07,0.02034,0.04966,0.07,0.0208,0.0492,0.07,0.02308,0.04692
0,44,1729.7,CLOSE,0.075,0.03125,0.04375,0.075,0.02542,0.04958,0.075,0.0312,0.0438,0.075,0.025,0.05
0,45,1750.3,CLOSE,0.08,0.03993,0.04007,0.08,0.03051,0.04949,0.08,0.03986,0.04014,0.08,0.03462,0.04538
0,46,1770.0,CLOSE,0.085,0.04861,0.03639,0.085,0.03729,0.04771,0.085,0.04333,0.04167,0.085,0.04038,0.04462
0,47,1791.1,CLOSE,0.09,0.05729,0.03271,0.09,0.04915,0.04085,0.09,0.05199,0.03801,0.09,0.05385,0.03615
0,48,1812.2,CLOSE,0.095,0.06597,0.02903,0.095,0.05593,0.03907,0.095,0.06066,0.03434,0.095,0.05769,0.03731
0,49,1833.6,CLOSE,0.1,0.07465,0.02535,0.1,0.06102,0.03898,0.1,0.06586,0.03414,0.1,0.06538,0.03462
0,50,1854.2,CLOSE,0.105,0.07986,0.02514,0.105,0.0678,0.0372,0.105,0.07279,0.03221,0.105,0.075,0.03
0,51,1874.9,CLOSE,0.11,0.08507,0.02493,0.11,0.07458,0.03542,0.11,0.08146,0.02854,0.11,0.08077,0.02923
0,52,1895.4,CLOSE,0.115,0.09028,0.02472,0.115,0.08136,0.03364,0.115,0.08666,0.02834,0.115,0.08846,0.02654
0,53,1916.1,CLOSE,0.12,0.09549,0.02451,0.12,0.08814,0.03186,0.12,0.09185,0.02815,0.12,0.09615,0.02385
0,54,1936.4,CLOSE,0.125,0.09896,0.02604,0.125,0.09492,0.03008,0.125,0.09879,0.02621,0.125,0.10385,0.02115
0,55,1957.9,CLOSE,0.13,0.10069,0.02931,0.13,0.10169,0.02831,0.13,0.10745,0.02255,0.13,0.10577,0.02423
0,56,1979.5,CLOSE,0.135,0.1059,0.0291,0.135,0.11017,0.02483,0.135,0.11612,0.01888,0.135,0.11538,0.01962
0,57,1999.6,CLOSE,0.14,0.10417,0.03583,0.14,0.11186,0.02814,0.14,0.11612,0.02388,0.14,0.11346,0.02654
0,58,2019.0,CLOSE,0.145,0.10764,0.03736,0.145,0.12203,0.02297,0.145,0.11785,0.02715,0.145,0.11538,0.02962
0,59,2039.4,CLOSE,0.15,0.10938,0.04063,0.15,0.12881,0.02119,0.15,0.11958,0.03042,0.15,0.11731,0.03269
0,60,2060.3,CLOSE,0.155,0.11285,0.04215,0.155,0.13051,0.02449,0.155,0.12305,0.03195,0.155,0.11923,0.03577
0,61,2082.1,CLOSE,0.16,0.11632,0.04368,0.16,0.13559,0.02441,0.16,0.12305,0.03695,0.16,0.12115,0.03885
0,62,2102.2,CLOSE,0.165,0.12153,0.04347,0.165,0.14068,0.02432,0.165,0.12825,0.03675,0.165,0.13077,0.03423
0,63,2124.5,CLOSE,0.17,0.12847,0.04153,0.17,0.14407,0.02593,0.17,0.13345,0.03655,0.17,0.12885,0.04115
0,64,2144.4,CLOSE,0.175,0.13021,0.04479,0.175,0.14746,0.02754,0.175,0.13518,0.03982,0.175,0.13269,0.04231
0,65,2165.7,CLOSE,0.18,0.13542,0.04458,0.18,0.15424,0.02576,0.18,0.13865,0.04135,0.18,0.13846,0.04154
0,66,2186.5,CLOSE,0.185,0.14062,0.04438,0.185,0.15254,0.03246,0.185,0.14905,0.03595,0.185,0.14808,0.03692
0,67,2206.2,CLOSE,0.19,0.15278,0.03722,0.19,0.15424,0.03576,0.19,0.14558,0.04442,0.19,0.15,0.04
0,68,2227.5,CLOSE,0.195,0.15451,0.04049,0.195,0.15593,0.03907,0.195,0.15078,0.04422,0.195,0.15577,0.03923
0,69,2248.8,CLOSE,0.2,0.15972,0.04028,0.2,0.15763,0.04237,0.2,0.15598,0.04402,0.2,0.16346,0.03654
0,70,2269.6,CLOSE,0.205,0.17014,0.03486,0.205,0.15763,0.04737,0.205,0.16118,0.04382,0.205,0.16923,0.03577
0,71,2290.4,CLOSE,0.21,0.17361,0.03639,0.21,0.1661,0.0439,0.21,0.16638,0.04362,0.21,0.175,0.035
0,72,2310.9,CLOSE,0.215,0.17882,0.03618,0.215,0.1678,0.0472,0.215,0.17158,0.04342,0.215,0.18077,0.03423
0,73,2331.7,CLOSE,0.22,0.18403,0.03597,0.22,0.1661,0.0539,0.22,0.17851,0.04149,0.22,0.19231,0.02769
0,74,2353.4,CLOSE,0.225,0.19097,0.03403,0.225,0.16949,0.05551,0.225,0.18718,0.03782,0.225,0.19231,0.03269
0,75,2373.6,CLOSE,0.23,0.19618,0.03382,0.23,0.17288,0.05712,0.23,0.19411,0.03589,0.23,0.20385,0.02615
0,76,2394.5,CLOSE,0.235,0.20486,0.03014,0.235,0.17797,0.05703,0.235,0.20451,0.03049,0.235,0.20577,0.02923
0,77,2415.9,CLOSE,0.24,0.20486,0.03514,0.24,0.18305,0.05695,0.24,0.20797,0.03203,0.24,0.22692,0.01308
0,78,2435.8,CLOSE,0.245,0.20833,0.03667,0.245,0.18814,0.05686,0.245,0.20971,0.03529,0.245,0.22885,0.01615
0,79,2456.9,CLOSE,0.25,0.21181,0.03819,0.25,0.19492,0.05508,0.25,0.2149,0.0351,0.25,0.23654,0.01346
0,80,2478.2,CLOSE,0.255,0.21354,0.04146,0.255,0.20508,0.04992,0.255,0.22357,0.03143,0.255,0.24423,0.01077
0,81,2499.0,CLOSE,0.26,0.21701,0.04299,0.26,0.20339,0.05661,0.26,0.22704,0.03296,0.26,0.25,0.01
0,82,2519.8,CLOSE,0.265,0.22049,0.04451,0.265,0.21186,0.05314,0.265,0.23224,0.03276,0.265,0.25577,0.00923
0,83,2540.9,CLOSE,0.27,0.22396,0.04604,0.27,0.21864,0.05136,0.27,0.2357,0.0343,0.27,0.25962,0.01038
0,84,2561.4,CLOSE,0.275,0.2309,0.0441,0.275,0.22542,0.04958,0.275,0.23917,0.03583,0.275,0.26346,0.01154
0,85,2582.5,CLOSE,0.28,0.23785,0.04215,0.28,0.2322,0.0478,0.28,0.2461,0.0339,0.28,0.26923,0.01077
0,86,2604.9,CLOSE,0.285,0.24479,0.04021,0.285,0.24237,0.04263,0.285,0.2513,0.0337,0.285,0.27308,0.01192
0,87,2623.7,CLOSE,0.29,0.25,0.04,0.29,0.24746,0.04254,0.29,0.25823,0.03177,0.29,0.275,0.015
0,88,2645.1,CLOSE,0.295,0.25694,0.03806,0.295,0.25593,0.03907,0.295,0.2565,0.0385,0.295,0.28654,0.00846
0,89,2665.9,CLOSE,0.3,0.26389,0.03611,0.3,0.27288,0.02712,0.3,0.25997,0.04003,0.3,0.28654,0.01346
0,90,2687.4,CLOSE,0.305,0.2691,0.0359,0.305,0.27119,0.03381,0.305,0.2669,0.0381,0.305,0.29038,0.01462
0,91,2708.1,CLOSE,0.31,0.27604,0.03396,0.31,0.27797,0.03203,0.31,0.26863,0.04137,0.31,0.29615,0.01385
0,92,2728.9,CLOSE,0.315,0.28819,0.02681,0.315,0.27966,0.03534,0.315,0.2721,0.0429,0.315,0.3,0.015
0,93,2749.1,CLOSE,0.32,0.28819,0.03181,0.32,0.28305,0.03695,0.32,0.27903,0.04097,0.32,0.30577,0.01423
0,94,2769.6,CLOSE,0.325,0.29514,0.02986,0.325,0.28644,0.03856,0.325,0.2825,0.0425,0.325,0.31346,0.01154
0,95,2790.0,CLOSE,0.33,0.30035,0.02965,0.33,0.28983,0.04017,0.33,0.28943,0.04057,0.33,0.31923,0.01077
0,96,2811.8,CLOSE,0.335,0.30556,0.02944,0.335,0.29492,0.04008,0.335,0.29463,0.04037,0.335,0.32692,0.00808
0,97,2832.2,CLOSE,0.34,0.31076,0.02924,0.34,0.29661,0.04339,0.34,0.30156,0.03844,0.34,0.33269,0.00731
0,98,2852.8,CLOSE,0.345,0.31424,0.03076,0.345,0.3,0.045,0.345,0.30676,0.03824,0.345,0.34038,0.00462
0,99,2873.6,CLOSE,0.35,0.31944,0.03056,0.35,0.30678,0.04322,0.35,0.31196,0.03804,0.35,0.34423,0.00577
0,100,2894.3,CLOSE,0.355,0.32292,0.03208,0.355,0.31525,0.03975,0.355,0.32062,0.03438,0.355,0.35192,0.00308
0,101,2915.4,CLOSE,0.36,0.32812,0.03188,0.36,0.31864,0.04136,0.36,0.32582,0.03418,0.36,0.35769,0.00231
0,102,2935.8,CLOSE,0.365,0.33333,0.03167,0.365,0.32542,0.03958,0.365,0.33969,0.02531,0.365,0.36346,0.00154
0,103,2957.3,CLOSE,0.37,0.34201,0.02799,0.37,0.32203,0.04797,0.37,0.33795,0.03205,0.37,0.36538,0.00462
0,104,2979.4,CLOSE,0.375,0.34375,0.03125,0.375,0.3322,0.0428,0.375,0.34315,0.03185,0.375,0.36731,0.00769
0,105,2999.1,CLOSE,0.38,0.34896,0.03104,0.38,0.33729,0.04271,0.38,0.34835,0.03165,0.38,0.37308,0.00692
0,106,3019.6,CLOSE,0.385,0.35417,0.03083,0.385,0.34237,0.04263,0.385,0.35355,0.03145,0.385,0.37885,0.00615
0,107,3041.5,CLOSE,0.39,0.35764,0.03236,0.39,0.34407,0.04593,0.39,0.35875,0.03125,0.39,0.38269,0.00731
0,108,3062.6,CLOSE,0.395,0.36632,0.02868,0.395,0.34746,0.04754,0.395,0.36568,0.02932,0.395,0.39423,0.00077
0,109,3082.6,CLOSE,0.4,0.36632,0.03368,0.4,0.35254,0.04746,0.4,0.37262,0.02738,0.4,0.4,0.0
0,110,3103.6,CLOSE,0.405,0.375,0.03,0.405,0.35932,0.04568,0.405,0.37435,0.03065,0.405,0.40577,-0.00077
0,111,3125.1,CLOSE,0.41,0.38194,0.02806,0.41,0.3661,0.0439,0.41,0.38128,0.02872,0.41,0.41538,-0.00538
0,112,3145.5,CLOSE,0.415,0.38194,0.03306,0.415,0.37288,0.04212,0.415,0.38302,0.03198,0.415,0.41731,-0.00231
0,113,3166.1,CLOSE,0.42,0.38889,0.03111,0.42,0.37797,0.04203,0.42,0.38648,0.03352,0.42,0.425,-0.005
0,114,3186.3,CLOSE,0.425,0.39236,0.03264,0.425,0.38644,0.03856,0.425,0.38995,0.03505,0.425,0.42885,-0.00385
0,115,3207.4,CLOSE,0.43,0.39757,0.03243,0.43,0.39153,0.03847,0.43,0.39515,0.03485,0.43,0.43269,-0.00269
0,116,3228.6,CLOSE,0.435,0.40104,0.03396,0.435,0.39153,0.04347,0.435,0.39861,0.03639,0.435,0.43846,-0.00346
0,117,3248.8,CLOSE,0.44,0.40799,0.03201,0.44,0.39661,0.04339,0.44,0.40381,0.03619,0.44,0.44615,-0.00615
0,118,3269.1,CLOSE,0.445,0.41319,0.03181,0.445,0.40169,0.04331,0.445,0.40728,0.03772,0.445,0.45192,-0.00692
0,119,3290.2,CLOSE,0.45,0.41667,0.03333,0.45,0.40508,0.04492,0.45,0.41248,0.03752,0.45,0.45577,-0.00577
0,120,3311.4,CLOSE,0.455,0.42014,0.03486,0.455,0.41186,0.04314,0.455,0.41768,0.03732,0.455,0.46154,-0.00654
0,121,3332.0,CLOSE,0.46,0.43229,0.02771,0.46,0.41525,0.04475,0.46,0.42808,0.03192,0.46,0.46731,-0.00731
0,122,3353.3,CLOSE,0.465,0.43229,0.03271,0.465,0.41864,0.04636,0.465,0.42981,0.03519,0.465,0.47115,-0.00615
0,123,3373.7,CLOSE,0.47,0.43576,0.03424,0.47,0.43051,0.03949,0.47,0.43154,0.03846,0.47,0.475,-0.005
0,124,3394.5,CLOSE,0.475,0.44271,0.03229,0.475,0.42881,0.04619,0.475,0.44194,0.03306,0.475,0.48269,-0.00769
0,125,3415.0,CLOSE,0.48,0.44792,0.03208,0.48,0.4339,0.0461,0.48,0.44714,0.03286,0.48,0.48654,-0.00654
0,126,3436.3,CLOSE,0.485,0.45139,0.03361,0.485,0.44068,0.04432,0.485,0.45061,0.03439,0.485,0.49231,-0.00731
0,127,3457.5,CLOSE,0.49,0.4566,0.0334,0.49,0.45254,0.03746,0.49,0.45581,0.03419,0.49,0.5,-0.01
0,128,3478.6,CLOSE,0.495,0.46181,0.03319,0.495,0.44915,0.04585,0.495,0.45927,0.03573,0.495,0.50769,-0.01269
0,129,3498.6,CLOSE,0.5,0.46528,0.03472,0.5,0.45932,0.04068,0.5,0.4662,0.0338,0.5,0.51154,-0.01154
0,130,3520.3,CLOSE,0.505,0.47222,0.03278,0.5,0.46102,0.03898,0.505,0.47834,0.02666,0.5,0.51923,-0.01923
0,131,3541.6,CLOSE,0.51,0.48438,0.02563,0.5,0.4661,0.0339,0.51,0.47487,0.03513,0.5,0.525,-0.025
0,132,3562.1,CLOSE,0.515,0.48264,0.03236,0.5,0.47797,0.02203,0.515,0.4818,0.0332,0.5,0.53077,-0.03077
0,133,3582.5,CLOSE,0.52,0.48958,0.03042,0.5,0.47797,0.02203,0.52,0.48527,0.03473,0.5,0.53654,-0.03654
0,134,3603.3,CLOSE,0.525,0.49306,0.03194,0.5,0.48305,0.01695,0.525,0.49567,0.02933,0.5,0.54231,-0.04231
0,135,3625.1,CLOSE,0.53,0.51042,0.01958,0.5,0.48983,0.01017,0.53,0.50433,0.02567,0.5,0.54615,-0.04615
0,136,3645.6,CLOSE,0.535,0.51562,0.01938,0.5,0.49492,0.00508,0.535,0.513,0.022,0.5,0.55,-0.05
0,137,3665.0,CLOSE,0.54,0.51389,0.02611,0.5,0.50339,-0.00339,0.54,0.5182,0.0218,0.5,0.55192,-0.05192
0,138,3686.4,CLOSE,0.545,0.52604,0.01896,0.5,0.50678,-0.00678,0.545,0.52513,0.01987,0.5,0.55385,-0.05385
0,139,3707.2,CLOSE,0.55,0.53125,0.01875,0.5,0.50847,-0.00847,0.55,0.52513,0.02487,0.5,0.55769,-0.05769
0,140,3727.8,CLOSE,0.555,0.53299,0.02201,0.5,0.50847,-0.00847,0.555,0.5234,0.0316,0.5,0.55962,-0.05962
0,141,3749.7,CLOSE,0.56,0.54167,0.01833,0.5,0.51017,-0.01017,0.56,0.53553,0.02447,0.5,0.55962,-0.05962
0,142,3770.0,CLOSE,0.565,0.53472,0.03028,0.5,0.50847,-0.00847,0.565,0.53726,0.02774,0.5,0.55962,-0.05962
0,143,3791.0,CLOSE,0.57,0.53646,0.03354,0.5,0.50847,-0.00847,0.57,0.53553,0.03447,0.5,0.55962,-0.05962
0,144,3811.9,CLOSE,0.575,0.53819,0.03681,0.5,0.50847,-0.00847,0.575,0.53726,0.03774,0.5,0.55962,-0.05962
0,145,3832.4,CLOSE,0.58,0.53993,0.04007,0.5,0.50847,-0.00847,0.58,0.53899,0.04101,0.5,0.55962,-0.05962
0,146,3853.7,CLOSE,0.585,0.54514,0.03986,0.5,0.51525,-0.01525,0.585,0.54419,0.04081,0.5,0.55962,-0.05962
0,147,3874.8,CLOSE,0.59,0.55556,0.03444,0.5,0.51017,-0.01017,0.59,0.54766,0.04234,0.5,0.56154,-0.06154
0,148,3895.5,CLOSE,0.595,0.55729,0.03771,0.5,0.50847,-0.00847,0.595,0.55286,0.04214,0.5,0.55769,-0.05769
0,149,3916.4,CLOSE,0.6,0.55903,0.04097,0.5,0.50847,-0.00847,0.6,0.55806,0.04194,0.5,0.55962,-0.05962
0,150,3937.6,CLOSE,0.605,0.5625,0.0425,0.5,0.51017,-0.01017,0.605,0.55806,0.04694,0.5,0.55962,-0.05962
0,151,3957.6,CLOSE,0.61,0.56771,0.04229,0.5,0.51017,-0.01017,0.61,0.57539,0.03461,0.5,0.55962,-0.05962
0,152,3979.8,CLOSE,0.615,0.57465,0.04035,0.5,0.50847,-0.00847,0.615,0.57539,0.03961,0.5,0.55962,-0.05962
0,153,4000.7,CLOSE,0.62,0.57986,0.04014,0.5,0.50847,-0.00847,0.62,0.58752,0.03248,0.5,0.55962,-0.05962
0,154,4021.3,CLOSE,0.625,0.58854,0.03646,0.5,0.50847,-0.00847,0.625,0.58925,0.03575,0.5,0.55962,-0.05962
0,155,4041.7,CLOSE,0.63,0.59375,0.03625,0.5,0.50847,-0.00847,0.63,0.59619,0.03381,0.5,0.55962,-0.05962
0,156,4062.4,CLOSE,0.635,0.59722,0.03778,0.5,0.50847,-0.00847,0.635,0.60312,0.03188,0.5,0.55962,-0.05962
0,157,4084.0,CLOSE,0.64,0.60417,0.03583,0.5,0.51017,-0.01017,0.64,0.61005,0.02995,0.5,0.55962,-0.05962
0,158,4104.8,CLOSE,0.645,0.61111,0.03389,0.5,0.51017,-0.01017,0.645,0.61525,0.02975,0.5,0.55962,-0.05962
0,159,4124.2,CLOSE,0.65,0.61458,0.03542,0.5,0.51017,-0.01017,0.65,0.62045,0.02955,0.5,0.55962,-0.05962
0,160,4145.7,CLOSE,0.655,0.62153,0.03347,0.5,0.51525,-0.01525,0.655,0.62392,0.03108,0.5,0.56154,-0.06154
0,161,4166.1,CLOSE,0.66,0.62674,0.03326,0.5,0.51525,-0.01525,0.66,0.63085,0.02915,0.5,0.55962,-0.05962
0,162,4186.9,CLOSE,0.665,0.63021,0.03479,0.5,0.50847,-0.00847,0.665,0.64125,0.02375,0.5,0.55962,-0.05962
0,163,4208.4,CLOSE,0.67,0.64236,0.02764,0.5,0.51017,-0.01017,0.67,0.63951,0.03049,0.5,0.55962,-0.05962
0,164,4228.7,CLOSE,0.675,0.64236,0.03264,0.5,0.50508,-0.00508,0.675,0.64298,0.03202,0.5,0.55962,-0.05962
0,165,4249.0,CLOSE,0.68,0.64757,0.03243,0.5,0.49492,0.00508,0.68,0.64645,0.03355,0.5,0.56346,-0.06346
0,166,4269.9,CLOSE,0.685,0.65104,0.03396,0.5,0.49153,0.00847,0.685,0.65165,0.03335,0.5,0.55962,-0.05962
0,167,4291.0,CLOSE,0.69,0.65451,0.03549,0.5,0.48983,0.01017,0.69,0.65338,0.03662,0.5,0.55962,-0.05962
0,168,4312.0,CLOSE,0.695,0.65972,0.03528,0.5,0.48644,0.01356,0.695,0.65685,0.03815,0.5,0.55962,-0.05962
0,169,4333.0,CLOSE,0.7,0.66493,0.03507,0.5,0.47119,0.02881,0.7,0.66205,0.03795,0.5,0.55962,-0.05962
0,170,4353.6,CLOSE,0.705,0.67188,0.03313,0.5,0.48305,0.01695,0.705,0.66551,0.03949,0.5,0.55962,-0.05962
0,171,4374.8,CLOSE,0.71,0.68056,0.02944,0.5,0.48644,0.01356,0.71,0.67244,0.03756,0.5,0.55962,-0.05962
0,172,4396.2,CLOSE,0.715,0.68229,0.03271,0.5,0.47966,0.02034,0.715,0.67591,0.03909,0.5,0.56154,-0.06154
0,173,4416.3,CLOSE,0.72,0.68576,0.03424,0.5,0.48644,0.01356,0.72,0.68284,0.03716,0.5,0.55962,-0.05962
0,174,4438.4,CLOSE,0.725,0.69444,0.03056,0.5,0.48644,0.01356,0.725,0.68631,0.03869,0.5,0.55962,-0.05962
0,175,4458.1,CLOSE,0.73,0.69792,0.03208,0.5,0.48983,0.01017,0.73,0.69324,0.03676,0.5,0.55962,-0.05962
0,176,4479.5,CLOSE,0.735,0.7066,0.0284,0.5,0.48644,0.01356,0.735,0.69844,0.03656,0.5,0.55962,-0.05962
0,177,4500.0,CLOSE,0.74,0.71007,0.02993,0.5,0.48644,0.01356,0.74,0.70884,0.03116,0.5,0.55962,-0.05962
0,178,4520.9,CLOSE,0.745,0.71354,0.03146,0.5,0.48644,0.01356,0.745,0.71231,0.03269,0.5,0.56346,-0.06346
0,179,4542.2,CLOSE,0.75,0.71701,0.03299,0.5,0.48814,0.01186,0.75,0.72097,0.02903,0.5,0.55962,-0.05962
0,180,4562.4,CLOSE,0.755,0.72396,0.03104,0.5,0.48983,0.01017,0.755,0.7227,0.0323,0.5,0.55962,-0.05962
0,181,4583.2,CLOSE,0.76,0.7309,0.0291,0.5,0.49322,0.00678,0.76,0.7331,0.0269,0.5,0.56154,-0.06154
0,182,4603.8,CLOSE,0.765,0.73264,0.03236,0.5,0.49831,0.00169,0.765,0.7383,0.0267,0.5,0.55962,-0.05962
0,183,4624.8,CLOSE,0.77,0.73958,0.03042,0.5,0.50508,-0.00508,0.77,0.73657,0.03343,0.5,0.55962,-0.05962
0,184,4644.6,CLOSE,0.775,0.74306,0.03194,0.5,0.50678,-0.00678,0.775,0.74697,0.02803,0.5,0.55962,-0.05962
0,185,4665.8,CLOSE,0.78,0.75521,0.02479,0.5,0.50678,-0.00678,0.78,0.74523,0.03477,0.5,0.55769,-0.05769
0,186,4687.4,CLOSE,0.785,0.75347,0.03153,0.5,0.50678,-0.00678,0.785,0.75043,0.03457,0.5,0.55962,-0.05962
0,187,4707.8,CLOSE,0.79,0.75868,0.03132,0.5,0.50508,-0.00508,0.79,0.7539,0.0361,0.5,0.55962,-0.05962
0,188,4729.0,CLOSE,0.795,0.76215,0.03285,0.5,0.50508,-0.00508,0.795,0.7591,0.0359,0.5,0.56154,-0.06154
0,189,4750.4,CLOSE,0.8,0.76562,0.03438,0.5,0.51017,-0.01017,0.8,0.7643,0.0357,0.5,0.56154,-0.06154
0,190,4770.3,CLOSE,0.805,0.77083,0.03417,0.5,0.50678,-0.00678,0.805,0.77123,0.03377,0.5,0.55962,-0.05962
0,191,4791.0,CLOSE,0.81,0.77431,0.03569,0.5,0.50678,-0.00678,0.81,0.77643,0.03357,0.5,0.55962,-0.05962
0,192,4811.9,CLOSE,0.815,0.78125,0.03375,0.5,0.50678,-0.00678,0.815,0.78336,0.03164,0.5,0.56346,-0.06346
0,193,4833.0,CLOSE,0.82,0.78993,0.03007,0.5,0.51017,-0.01017,0.82,0.78856,0.03144,0.5,0.56346,-0.06346
0,194,4852.9,CLOSE,0.825,0.79688,0.02813,0.5,0.50678,-0.00678,0.825,0.79376,0.03124,0.5,0.55962,-0.05962
0,195,4874.6,CLOSE,0.83,0.79688,0.03313,0.5,0.50678,-0.00678,0.83,0.80069,0.02931,0.5,0.56154,-0.06154
0,196,4895.3,CLOSE,0.835,0.80382,0.03118,0.5,0.50678,-0.00678,0.835,0.80763,0.02737,0.5,0.55962,-0.05962
0,197,4916.6,CLOSE,0.84,0.80729,0.03271,0.5,0.50508,-0.00508,0.84,0.81109,0.02891,0.5,0.55962,-0.05962
0,198,4937.6,CLOSE,0.845,0.81597,0.02903,0.5,0.50508,-0.00508,0.845,0.81629,0.02871,0.5,0.55962,-0.05962
0,199,4958.5,CLOSE,0.85,0.82465,0.02535,0.5,0.50508,-0.00508,0.85,0.82669,0.02331,0.5,0.55962,-0.05962
0,200,4977.2,CLOSE,0.855,0.82118,0.03382,0.5,0.50508,-0.00508,0.855,0.82842,0.02658,0.5,0.56154,-0.06154
0,201,4998.9,CLOSE,0.86,0.83507,0.02493,0.5,0.50678,-0.00678,0.86,0.83882,0.02118,0.5,0.56154,-0.06154
0,202,5020.2,CLOSE,0.865,0.8316,0.0334,0.5,0.50847,-0.00847,0.865,0.83536,0.02964,0.5,0.56154,-0.06154
0,203,5040.6,CLOSE,0.87,0.84549,0.02451,0.5,0.50508,-0.00508,0.87,0.84402,0.02598,0.5,0.56538,-0.06538
0,204,5061.4,CLOSE,0.875,0.84201,0.03299,0.5,0.50678,-0.00678,0.875,0.84402,0.03098,0.5,0.56154,-0.06154
0,205,5081.5,CLOSE,0.88,0.8559,0.0241,0.5,0.50508,-0.00508,0.88,0.85269,0.02731,0.5,0.55962,-0.05962
0,206,5102.8,CLOSE,0.885,0.85243,0.03257,0.5,0.50508,-0.00508,0.885,0.85269,0.03231,0.5,0.56154,-0.06154
0,207,5122.4,CLOSE,0.89,0.85764,0.03236,0.5,0.50508,-0.00508,0.89,0.85789,0.03211,0.5,0.56346,-0.06346
0,208,5146.2,CLOSE,0.895,0.86458,0.03042,0.5,0.50508,-0.00508,0.895,0.86308,0.03192,0.5,0.56154,-0.06154
0,209,5166.3,CLOSE,0.9,0.86806,0.03194,0.5,0.50678,-0.00678,0.9,0.86655,0.03345,0.5,0.55962,-0.05962
0,210,5186.8,CLOSE,0.905,0.86632,0.03868,0.5,0.50678,-0.00678,0.905,0.87175,0.03325,0.5,0.55962,-0.05962
0,211,5207.6,CLOSE,0.91,0.875,0.035,0.5,0.50678,-0.00678,0.91,0.87868,0.03132,0.5,0.56154,-0.06154
0,212,5228.5,CLOSE,0.915,0.88021,0.03479,0.5,0.50678,-0.00678,0.915,0.88562,0.02938,0.5,0.55962,-0.05962
0,213,5249.7,CLOSE,0.92,0.88715,0.03285,0.5,0.50678,-0.00678,0.92,0.89428,0.02572,0.5,0.56154,-0.06154
0,214,5270.8,CLOSE,0.925,0.89583,0.02917,0.5,0.50508,-0.00508,0.925,0.89255,0.03245,0.5,0.55962,-0.05962
0,215,5291.0,CLOSE,0.93,0.90451,0.02549,0.5,0.50678,-0.00678,0.93,0.90121,0.02879,0.5,0.55962,-0.05962
0,216,5312.0,CLOSE,0.935,0.90104,0.03396,0.5,0.50678,-0.00678,0.935,0.90641,0.02859,0.5,0.55962,-0.05962
0,217,5333.6,CLOSE,0.94,0.90278,0.03722,0.5,0.50678,-0.00678,0.94,0.91508,0.02492,0.5,0.55962,-0.05962
0,218,5356.1,CLOSE,0.945,0.90799,0.03701,0.5,0.50678,-0.00678,0.945,0.91854,0.02646,0.5,0.55962,-0.05962
0,219,5374.6,CLOSE,0.95,0.91319,0.03681,0.5,0.50678,-0.00678,0.95,0.92028,0.02972,0.5,0.56154,-0.06154
0,220,5396.1,CLOSE,0.955,0.92188,0.03313,0.5,0.50678,-0.00678,0.955,0.93414,0.02086,0.5,0.55962,-0.05962
0,221,5416.7,CLOSE,0.96,0.92535,0.03465,0.5,0.50508,-0.00508,0.96,0.93761,0.02239,0.5,0.56154,-0.06154
0,222,5437.7,CLOSE,0.965,0.93056,0.03444,0.5,0.51017,-0.01017,0.965,0.93761,0.02739,0.5,0.56154,-0.06154
0,223,5459.1,CLOSE,0.97,0.93576,0.03424,0.5,0.50678,-0.00678,0.97,0.94107,0.02893,0.5,0.56154,-0.06154
0,224,5479.6,CLOSE,0.975,0.93924,0.03576,0.5,0.50678,-0.00678,0.975,0.94627,0.02873,0.5,0.56154,-0.06154
0,225,5500.5,CLOSE,0.98,0.95139,0.02861,0.5,0.50847,-0.00847,0.98,0.95321,0.02679,0.5,0.56154,-0.06154
0,226,5521.4,CLOSE,0.985,0.95486,0.03014,0.5,0.50508,-0.00508,0.985,0.95841,0.02659,0.5,0.55962,-0.05962
0,227,5541.1,CLOSE,0.99,0.95486,0.03514,0.5,0.50678,-0.00678,0.99,0.9688,0.0212,0.5,0.56154,-0.06154
0,228,5562.0,CLOSE,0.995,0.95833,0.03667,0.5,0.50678,-0.00678,0.995,0.96707,0.02793,0.5,0.55962,-0.05962
0,229,5583.0,CLOSE,1.0,0.97049,0.02951,0.5,0.50508,-0.00508,1.0,0.9688,0.0312,0.5,0.56154,-0.06154
0,230,5590.6,HOLD_CLOSED,1.0,0.96354,0.03646,0.5,0.50508,-0.00508,1.0,0.97227,0.02773,0.5,0.56154,-0.06154
0,231,5612.3,HOLD_CLOSED,1.0,0.97396,0.02604,0.5,0.50678,-0.00678,1.0,0.97574,0.02426,0.5,0.56154,-0.06154
0,232,5632.4,HOLD_CLOSED,1.0,0.97569,0.02431,0.5,0.50678,-0.00678,1.0,0.97747,0.02253,0.5,0.55962,-0.05962
0,233,5653.5,HOLD_CLOSED,1.0,0.97049,0.02951,0.5,0.50678,-0.00678,1.0,0.98094,0.01906,0.5,0.56154,-0.06154
0,234,5675.4,HOLD_CLOSED,1.0,0.97049,0.02951,0.5,0.50678,-0.00678,1.0,0.98267,0.01733,0.5,0.55962,-0.05962
0,235,5695.2,HOLD_CLOSED,1.0,0.97222,0.02778,0.5,0.50847,-0.00847,1.0,0.974,0.026,0.5,0.55962,-0.05962
0,236,5716.8,HOLD_CLOSED,1.0,0.97396,0.02604,0.5,0.50678,-0.00678,1.0,0.98094,0.01906,0.5,0.55962,-0.05962
0,237,5737.2,HOLD_CLOSED,1.0,0.97569,0.02431,0.5,0.50678,-0.00678,1.0,0.98094,0.01906,0.5,0.56154,-0.06154
0,238,5758.3,HOLD_CLOSED,1.0,0.97222,0.02778,0.5,0.50678,-0.00678,1.0,0.9792,0.0208,0.5,0.56154,-0.06154
0,239,5779.5,HOLD_CLOSED,1.0,0.97222,0.02778,0.5,0.50508,-0.00508,1.0,0.98094,0.01906,0.5,0.56154,-0.06154
0,240,5800.1,HOLD_CLOSED,1.0,0.97222,0.02778,0.5,0.50678,-0.00678,1.0,0.98094,0.01906,0.5,0.55962,-0.05962
0,241,5820.3,HOLD_CLOSED,1.0,0.97396,0.02604,0.5,0.50508,-0.00508,1.0,0.9792,0.0208,0.5,0.56154,-0.06154
0,242,5841.2,HOLD_CLOSED,1.0,0.97396,0.02604,0.5,0.50508,-0.00508,1.0,0.9792,0.0208,0.5,0.55962,-0.05962
0,243,5862.3,HOLD_CLOSED,1.0,0.97049,0.02951,0.5,0.50678,-0.00678,1.0,0.9896,0.0104,0.5,0.56154,-0.06154
0,244,5881.9,HOLD_CLOSED,1.0,0.97396,0.02604,0.5,0.50678,-0.00678,1.0,0.98267,0.01733,0.5,0.55962,-0.05962
0,245,5903.8,HOLD_CLOSED,1.0,0.97396,0.02604,0.5,0.50678,-0.00678,1.0,0.9792,0.0208,0.5,0.56154,-0.06154
0,246,5924.8,HOLD_CLOSED,1.0,0.9809,0.0191,0.5,0.50678,-0.00678,1.0,0.98094,0.01906,0.5,0.55962,-0.05962
0,247,5945.4,HOLD_CLOSED,1.0,0.97396,0.02604,0.5,0.50678,-0.00678,1.0,0.98094,0.01906,0.5,0.56154,-0.06154
0,248,5967.1,HOLD_CLOSED,1.0,0.97222,0.02778,0.5,0.50508,-0.00508,1.0,0.98094,0.01906,0.5,0.56154,-0.06154
0,249,5987.1,HOLD_CLOSED,1.0,0.97396,0.02604,0.5,0.51017,-0.01017,1.0,0.9792,0.0208,0.5,0.56154,-0.06154
0,250,6007.4,HOLD_CLOSED,1.0,0.97396,0.02604,0.5,0.50678,-0.00678,1.0,0.98094,0.01906,0.5,0.55962,-0.05962
0,251,6028.7,HOLD_CLOSED,1.0,0.98264,0.01736,0.5,0.50678,-0.00678,1.0,0.98787,0.01213,0.5,0.55962,-0.05962
0,252,6049.6,HOLD_CLOSED,1.0,0.97396,0.02604,0.5,0.50678,-0.00678,1.0,0.98094,0.01906,0.5,0.56154,-0.06154
0,253,6071.0,HOLD_CLOSED,1.0,0.98438,0.01562,0.5,0.50508,-0.00508,1.0,0.98267,0.01733,0.5,0.55769,-0.05769
0,254,6091.3,HOLD_CLOSED,1.0,0.97743,0.02257,0.5,0.50678,-0.00678,1.0,0.9844,0.0156,0.5,0.55962,-0.05962
0,255,6112.0,HOLD_CLOSED,1.0,0.97569,0.02431,0.5,0.50508,-0.00508,1.0,0.98614,0.01386,0.5,0.55962,-0.05962
0,256,6132.6,HOLD_CLOSED,1.0,0.97049,0.02951,0.5,0.50678,-0.00678,1.0,0.98787,0.01213,0.5,0.56154,-0.06154
0,257,6154.3,HOLD_CLOSED,1.0,0.9809,0.0191,0.5,0.50678,-0.00678,1.0,0.9896,0.0104,0.5,0.56154,-0.06154
0,258,6174.8,HOLD_CLOSED,1.0,0.98438,0.01562,0.5,0.50508,-0.00508,1.0,0.99307,0.00693,0.5,0.56538,-0.06538
0,259,6196.0,HOLD_CLOSED,1.0,0.98785,0.01215,0.5,0.50678,-0.00678,1.0,0.99133,0.00867,0.5,0.56346,-0.06346
0,260,6216.0,HOLD_CLOSED,1.0,0.99826,0.00174,0.5,0.50678,-0.00678,1.0,0.99133,0.00867,0.5,0.55962,-0.05962
0,261,6237.1,HOLD_CLOSED,1.0,0.99132,0.00868,0.5,0.50678,-0.00678,1.0,0.9948,0.0052,0.5,0.55962,-0.05962
0,262,6259.2,HOLD_CLOSED,1.0,0.99306,0.00694,0.5,0.50678,-0.00678,1.0,0.99307,0.00693,0.5,0.56154,-0.06154
0,263,6278.5,HOLD_CLOSED,1.0,0.99653,0.00347,0.5,0.50678,-0.00678,1.0,0.99307,0.00693,0.5,0.55962,-0.05962
0,264,6298.6,HOLD_CLOSED,1.0,0.99479,0.00521,0.5,0.50678,-0.00678,1.0,0.9948,0.0052,0.5,0.55962,-0.05962
0,265,6320.0,HOLD_CLOSED,1.0,0.99479,0.00521,0.5,0.50678,-0.00678,1.0,0.99307,0.00693,0.5,0.55962,-0.05962
0,266,6341.6,HOLD_CLOSED,1.0,0.99306,0.00694,0.5,0.50508,-0.00508,1.0,0.99307,0.00693,0.5,0.56154,-0.06154
0,267,6361.8,HOLD_CLOSED,1.0,0.99306,0.00694,0.5,0.50678,-0.00678,1.0,0.99307,0.00693,0.5,0.55962,-0.05962
0,268,6382.5,HOLD_CLOSED,1.0,0.99306,0.00694,0.5,0.50508,-0.00508,1.0,0.99307,0.00693,0.5,0.55962,-0.05962
0,269,6403.8,HOLD_CLOSED,1.0,0.99653,0.00347,0.5,0.50678,-0.00678,1.0,0.9948,0.0052,0.5,0.56154,-0.06154
0,270,6424.3,HOLD_CLOSED,1.0,0.99653,0.00347,0.5,0.50678,-0.00678,1.0,0.9948,0.0052,0.5,0.56154,-0.06154
0,271,6445.1,HOLD_CLOSED,1.0,0.99479,0.00521,0.5,0.50678,-0.00678,1.0,0.99307,0.00693,0.5,0.55962,-0.05962
0,272,6465.7,HOLD_CLOSED,1.0,0.99479,0.00521,0.5,0.50678,-0.00678,1.0,0.99133,0.00867,0.5,0.56346,-0.06346
0,273,6486.8,HOLD_CLOSED,1.0,0.99479,0.00521,0.5,0.50678,-0.00678,1.0,0.99133,0.00867,0.5,0.55962,-0.05962
0,274,6507.7,HOLD_CLOSED,1.0,0.99479,0.00521,0.5,0.50678,-0.00678,1.0,0.99307,0.00693,0.5,0.55962,-0.05962
0,275,6528.5,HOLD_CLOSED,1.0,0.99479,0.00521,0.5,0.50678,-0.00678,1.0,0.99133,0.00867,0.5,0.55962,-0.05962
0,276,6549.1,HOLD_CLOSED,1.0,0.99479,0.00521,0.5,0.50508,-0.00508,1.0,0.99307,0.00693,0.5,0.56154,-0.06154
0,277,6570.4,HOLD_CLOSED,1.0,0.99306,0.00694,0.5,0.50678,-0.00678,1.0,0.99133,0.00867,0.5,0.56154,-0.06154
0,278,6590.9,HOLD_CLOSED,1.0,0.99653,0.00347,0.5,0.50678,-0.00678,1.0,0.99307,0.00693,0.5,0.56154,-0.06154
0,279,6611.5,HOLD_CLOSED,1.0,0.99306,0.00694,0.5,0.50678,-0.00678,1.0,0.99307,0.00693,0.5,0.55962,-0.05962
0,280,6633.2,HOLD_CLOSED,1.0,0.99479,0.00521,0.5,0.50508,-0.00508,1.0,0.99133,0.00867,0.5,0.55962,-0.05962
0,281,6654.4,HOLD_CLOSED,1.0,0.99479,0.00521,0.5,0.50678,-0.00678,1.0,0.99307,0.00693,0.5,0.55962,-0.05962
0,282,6675.5,HOLD_CLOSED,1.0,0.99479,0.00521,0.5,0.50678,-0.00678,1.0,0.99133,0.00867,0.5,0.55962,-0.05962
0,283,6695.4,HOLD_CLOSED,1.0,0.99306,0.00694,0.5,0.50508,-0.00508,1.0,0.99133,0.00867,0.5,0.56154,-0.06154
0,284,6716.6,HOLD_CLOSED,1.0,0.99306,0.00694,0.5,0.50678,-0.00678,1.0,0.99307,0.00693,0.5,0.55962,-0.05962
0,285,6737.2,HOLD_CLOSED,1.0,0.99479,0.00521,0.5,0.50678,-0.00678,1.0,0.99307,0.00693,0.5,0.56154,-0.06154
0,286,6757.6,HOLD_CLOSED,1.0,0.99306,0.00694,0.5,0.50678,-0.00678,1.0,0.99307,0.00693,0.5,0.56154,-0.06154
0,287,6778.8,HOLD_CLOSED,1.0,0.99479,0.00521,0.5,0.50678,-0.00678,1.0,0.99307,0.00693,0.5,0.55962,-0.05962
0,288,6799.0,HOLD_CLOSED,1.0,0.99479,0.00521,0.5,0.50678,-0.00678,1.0,0.9948,0.0052,0.5,0.56154,-0.06154
0,289,6819.7,HOLD_CLOSED,1.0,0.99479,0.00521,0.5,0.50508,-0.00508,1.0,0.99133,0.00867,0.5,0.55962,-0.05962
0,290,6843.3,OPEN,0.995,0.99479,0.00021,0.495,0.50678,-0.01178,0.995,0.99133,0.00367,0.495,0.56154,-0.06654
0,291,6863.3,OPEN,0.99,0.99479,-0.00479,0.49,0.50678,-0.01678,0.99,0.99307,-0.00307,0.49,0.55962,-0.06962
0,292,6884.6,OPEN,0.985,0.99306,-0.00806,0.485,0.50678,-0.02178,0.985,0.99307,-0.00807,0.485,0.55962,-0.07462
0,293,6905.1,OPEN,0.98,0.99826,-0.01826,0.48,0.50678,-0.02678,0.98,0.99133,-0.01133,0.48,0.55962,-0.07962
0,294,6926.5,OPEN,0.975,0.99479,-0.01979,0.475,0.50678,-0.03178,0.975,0.99307,-0.01807,0.475,0.56154,-0.08654
0,295,6946.9,OPEN,0.97,0.99306,-0.02306,0.47,0.50678,-0.03678,0.97,0.99133,-0.02133,0.47,0.56154,-0.09154
0,296,6967.4,OPEN,0.965,0.99479,-0.02979,0.465,0.50678,-0.04178,0.965,0.99133,-0.02633,0.465,0.55962,-0.09462
0,297,6988.6,OPEN,0.96,0.99306,-0.03306,0.46,0.50678,-0.04678,0.96,0.99307,-0.03307,0.46,0.56154,-0.10154
0,298,7009.8,OPEN,0.955,0.99479,-0.03979,0.455,0.51864,-0.06364,0.955,0.99307,-0.03807,0.455,0.56154,-0.10654
0,299,7031.9,OPEN,0.95,0.99479,-0.04479,0.45,0.50847,-0.05847,0.95,0.99307,-0.04307,0.45,0.55962,-0.10962
0,300,7051.9,OPEN,0.945,0.99479,-0.04979,0.445,0.51017,-0.06517,0.945,0.9948,-0.0498,0.445,0.56538,-0.12038
0,301,7072.8,OPEN,0.94,0.99306,-0.05306,0.44,0.50508,-0.06508,0.94,0.99307,-0.05307,0.44,0.56154,-0.12154
0,302,7094.6,OPEN,0.935,0.99479,-0.05979,0.435,0.50169,-0.06669,0.935,0.99133,-0.05633,0.435,0.55962,-0.12462
0,303,7114.5,OPEN,0.93,0.99306,-0.06306,0.43,0.49322,-0.06322,0.93,0.99827,-0.06827,0.43,0.56154,-0.13154
0,304,7135.9,OPEN,0.925,0.99306,-0.06806,0.425,0.48305,-0.05805,0.925,0.9948,-0.0698,0.425,0.55192,-0.12692
0,305,7156.4,OPEN,0.92,1.0,-0.08,0.42,0.47288,-0.05288,0.92,0.9896,-0.0696,0.42,0.54038,-0.12038
0,306,7177.1,OPEN,0.915,0.98611,-0.07111,0.415,0.46949,-0.05449,0.915,0.9844,-0.0694,0.415,0.53077,-0.11577
0,307,7197.6,OPEN,0.91,0.98958,-0.07958,0.41,0.45763,-0.04763,0.91,0.9792,-0.0692,0.41,0.52115,-0.11115
0,308,7218.7,OPEN,0.905,0.97743,-0.07243,0.405,0.45085,-0.04585,0.905,0.974,-0.069,0.405,0.51154,-0.10654
0,309,7239.0,OPEN,0.9,0.97222,-0.07222,0.4,0.44237,-0.04237,0.9,0.97054,-0.07054,0.4,0.5,-0.1
0,310,7259.6,OPEN,0.895,0.96701,-0.07201,0.395,0.43898,-0.04398,0.895,0.96187,-0.06687,0.395,0.48846,-0.09346
0,311,7280.2,OPEN,0.89,0.9566,-0.0666,0.39,0.42542,-0.03542,0.89,0.95667,-0.06667,0.39,0.47885,-0.08885
0,312,7301.1,OPEN,0.885,0.95139,-0.06639,0.385,0.42034,-0.03534,0.885,0.94974,-0.06474,0.385,0.46731,-0.08231
0,313,7321.9,OPEN,0.88,0.94618,-0.06618,0.38,0.41356,-0.03356,0.88,0.94801,-0.06801,0.38,0.45769,-0.07769
0,314,7341.9,OPEN,0.875,0.93576,-0.06076,0.375,0.40678,-0.03178,0.875,0.93241,-0.05741,0.375,0.45,-0.075
0,315,7364.5,OPEN,0.87,0.92882,-0.05882,0.37,0.40169,-0.03169,0.87,0.93414,-0.06414,0.37,0.44038,-0.07038
0,316,7385.0,OPEN,0.865,0.92361,-0.05861,0.365,0.39831,-0.03331,0.865,0.92721,-0.06221,0.365,0.43269,-0.06769
0,317,7405.7,OPEN,0.86,0.9184,-0.0584,0.36,0.39492,-0.03492,0.86,0.92201,-0.06201,0.36,0.42885,-0.06885
0,318,7426.3,OPEN,0.855,0.91146,-0.05646,0.355,0.39322,-0.03822,0.855,0.91508,-0.06008,0.355,0.425,-0.07
0,319,7447.6,OPEN,0.85,0.90625,-0.05625,0.35,0.39153,-0.04153,0.85,0.90815,-0.05815,0.35,0.42115,-0.07115
0,320,7468.7,OPEN,0.845,0.89757,-0.05257,0.345,0.38814,-0.04314,0.845,0.90121,-0.05621,0.345,0.41923,-0.07423
0,321,7489.0,OPEN,0.84,0.89236,-0.05236,0.34,0.38644,-0.04644,0.84,0.89081,-0.05081,0.34,0.41731,-0.07731
0,322,7511.4,OPEN,0.835,0.88889,-0.05389,0.335,0.38475,-0.04975,0.835,0.88388,-0.04888,0.335,0.41731,-0.08231
0,323,7531.1,OPEN,0.83,0.88715,-0.05715,0.33,0.38136,-0.05136,0.83,0.87695,-0.04695,0.33,0.41538,-0.08538
0,324,7551.6,OPEN,0.825,0.87847,-0.05347,0.325,0.37797,-0.05297,0.825,0.87002,-0.04502,0.325,0.41154,-0.08654
0,325,7572.8,OPEN,0.82,0.87847,-0.05847,0.32,0.37288,-0.05288,0.82,0.86482,-0.04482,0.32,0.41154,-0.09154
0,326,7594.6,OPEN,0.815,0.88021,-0.06521,0.315,0.36949,-0.05449,0.815,0.85789,-0.04289,0.315,0.4,-0.085
0,327,7613.9,OPEN,0.81,0.86806,-0.05806,0.31,0.36271,-0.05271,0.81,0.85789,-0.04789,0.31,0.40385,-0.09385
0,328,7635.4,OPEN,0.805,0.86458,-0.05958,0.305,0.35763,-0.05263,0.805,0.85095,-0.04595,0.305,0.40192,-0.09692
0,329,7656.0,OPEN,0.8,0.85764,-0.05764,0.3,0.35424,-0.05424,0.8,0.84749,-0.04749,0.3,0.39231,-0.09231
0,330,7676.3,OPEN,0.795,0.85938,-0.06438,0.295,0.34576,-0.05076,0.795,0.84575,-0.05075,0.295,0.39615,-0.10115
0,331,7697.3,OPEN,0.79,0.8559,-0.0659,0.29,0.33898,-0.04898,0.79,0.84402,-0.05402,0.29,0.38269,-0.09269
0,332,7717.6,OPEN,0.785,0.86111,-0.07611,0.285,0.3339,-0.0489,0.785,0.84055,-0.05555,0.285,0.37692,-0.09192
0,333,7738.8,OPEN,0.78,0.85069,-0.07069,0.28,0.32881,-0.04881,0.78,0.84055,-0.06055,0.28,0.37115,-0.09115
0,334,7759.8,OPEN,0.775,0.85243,-0.07743,0.275,0.32542,-0.05042,0.775,0.83882,-0.06382,0.275,0.36538,-0.09038
0,335,7780.6,OPEN,0.77,0.84896,-0.07896,0.27,0.31864,-0.04864,0.77,0.83882,-0.06882,0.27,0.35962,-0.08962
0,336,7801.2,OPEN,0.765,0.84375,-0.07875,0.265,0.31356,-0.04856,0.765,0.83536,-0.07036,0.265,0.35192,-0.08692
0,337,7822.5,OPEN,0.76,0.83681,-0.07681,0.26,0.31017,-0.05017,0.76,0.83016,-0.07016,0.26,0.34615,-0.08615
0,338,7842.8,OPEN,0.755,0.8316,-0.0766,0.255,0.30339,-0.04839,0.755,0.82669,-0.07169,0.255,0.34423,-0.08923
0,339,7864.2,OPEN,0.75,0.82292,-0.07292,0.25,0.29831,-0.04831,0.75,0.81976,-0.06976,0.25,0.33462,-0.08462
0,340,7884.6,OPEN,0.745,0.81424,-0.06924,0.245,0.29322,-0.04822,0.745,0.81282,-0.06782,0.245,0.32885,-0.08385
0,341,7905.5,OPEN,0.74,0.80729,-0.06729,0.24,0.28814,-0.04814,0.74,0.80763,-0.06763,0.24,0.31731,-0.07731
0,342,7927.5,OPEN,0.735,0.80382,-0.06882,0.235,0.28305,-0.04805,0.735,0.80243,-0.06743,0.235,0.30962,-0.07462
0,343,7946.9,OPEN,0.73,0.78993,-0.05993,0.23,0.27966,-0.04966,0.73,0.79549,-0.06549,0.23,0.30385,-0.07385
0,344,7967.9,OPEN,0.725,0.79167,-0.06667,0.225,0.27458,-0.04958,0.725,0.7851,-0.0601,0.225,0.29615,-0.07115
0,345,7989.7,OPEN,0.72,0.78299,-0.06299,0.22,0.27458,-0.05458,0.72,0.7799,-0.0599,0.22,0.29038,-0.07038
0,346,8010.8,OPEN,0.715,0.77083,-0.05583,0.215,0.26271,-0.04771,0.715,0.7747,-0.0597,0.215,0.28462,-0.06962
0,347,8030.0,OPEN,0.71,0.76562,-0.05563,0.21,0.25424,-0.04424,0.71,0.76776,-0.05776,0.21,0.28269,-0.07269
0,348,8050.5,OPEN,0.705,0.76215,-0.05715,0.205,0.24915,-0.04415,0.705,0.76083,-0.05583,0.205,0.27308,-0.06808
0,349,8072.0,OPEN,0.7,0.75694,-0.05694,0.2,0.24407,-0.04407,0.7,0.75563,-0.05563,0.2,0.26731,-0.06731
0,350,8092.9,OPEN,0.695,0.75174,-0.05674,0.195,0.23898,-0.04398,0.695,0.7487,-0.0537,0.195,0.26346,-0.06846
0,351,8115.9,OPEN,0.69,0.75,-0.06,0.19,0.23051,-0.04051,0.69,0.7435,-0.0535,0.19,0.25769,-0.06769
0,352,8135.2,OPEN,0.685,0.74132,-0.05632,0.185,0.22712,-0.04212,0.685,0.7383,-0.0533,0.185,0.25577,-0.07077
0,353,8155.4,OPEN,0.68,0.73611,-0.05611,0.18,0.22373,-0.04373,0.68,0.7331,-0.0531,0.18,0.24808,-0.06808
0,354,8177.6,OPEN,0.675,0.72917,-0.05417,0.175,0.22034,-0.04534,0.675,0.72617,-0.05117,0.175,0.24423,-0.06923
0,355,8197.2,OPEN,0.67,0.72743,-0.05743,0.17,0.21695,-0.04695,0.67,0.72964,-0.05964,0.17,0.23654,-0.06654
0,356,8218.2,OPEN,0.665,0.72396,-0.05896,0.165,0.21356,-0.04856,0.665,0.72097,-0.05597,0.165,0.22885,-0.06385
0,357,8238.9,OPEN,0.66,0.71701,-0.05701,0.16,0.21864,-0.05864,0.66,0.71577,-0.05577,0.16,0.22308,-0.06308
0,358,8259.4,OPEN,0.655,0.71875,-0.06375,0.155,0.21356,-0.05856,0.655,0.71231,-0.05731,0.155,0.21538,-0.06038
0,359,8280.1,OPEN,0.65,0.71528,-0.06528,0.15,0.21017,-0.06017,0.65,0.70711,-0.05711,0.15,0.21538,-0.06538
0,360,8301.6,OPEN,0.645,0.7066,-0.0616,0.145,0.20508,-0.06008,0.645,0.70364,-0.05864,0.145,0.20385,-0.05885
0,361,8322.2,OPEN,0.64,0.70139,-0.06139,0.14,0.19661,-0.05661,0.64,0.69844,-0.05844,0.14,0.2,-0.06
0,362,8343.2,OPEN,0.635,0.69792,-0.06292,0.135,0.18983,-0.05483,0.635,0.69497,-0.05997,0.135,0.19615,-0.06115
0,363,8363.6,OPEN,0.63,0.69444,-0.06444,0.13,0.18983,-0.05983,0.63,0.68977,-0.05977,0.13,0.19038,-0.06038
0,364,8384.9,OPEN,0.625,0.68924,-0.06424,0.125,0.18136,-0.05636,0.625,0.68458,-0.05958,0.125,0.18462,-0.05962
0,365,8407.2,OPEN,0.62,0.68403,-0.06403,0.12,0.17627,-0.05627,0.62,0.67764,-0.05764,0.12,0.18654,-0.06654
0,366,8425.8,OPEN,0.615,0.67708,-0.06208,0.115,0.17119,-0.05619,0.615,0.67418,-0.05918,0.115,0.18462,-0.06962
0,367,8448.2,OPEN,0.61,0.67188,-0.06188,0.11,0.1661,-0.0561,0.61,0.66898,-0.05898,0.11,0.175,-0.065
0,368,8468.7,OPEN,0.605,0.67188,-0.06688,0.105,0.16102,-0.05602,0.605,0.66205,-0.05705,0.105,0.16923,-0.06423
0,369,8489.2,OPEN,0.6,0.65972,-0.05972,0.1,0.15593,-0.05593,0.6,0.65511,-0.05511,0.1,0.16538,-0.06538
0,370,8510.9,OPEN,0.595,0.65451,-0.05951,0.095,0.14915,-0.05415,0.595,0.65338,-0.05838,0.095,0.15769,-0.06269
0,371,8531.7,OPEN,0.59,0.65451,-0.06451,0.09,0.14407,-0.05407,0.59,0.64645,-0.05645,0.09,0.15385,-0.06385
0,372,8551.8,OPEN,0.585,0.64236,-0.05736,0.085,0.13898,-0.05398,0.585,0.64125,-0.05625,0.085,0.14615,-0.06115
0,373,8573.7,OPEN,0.58,0.63889,-0.05889,0.08,0.1322,-0.0522,0.58,0.63432,-0.05432,0.08,0.14808,-0.06808
0,374,8593.3,OPEN,0.575,0.6441,-0.0691,0.075,0.1322,-0.0572,0.575,0.62912,-0.05412,0.075,0.13654,-0.06154
0,375,8613.9,OPEN,0.57,0.63021,-0.06021,0.07,0.12034,-0.05034,0.57,0.62218,-0.05218,0.07,0.12885,-0.05885
0,376,8635.0,OPEN,0.565,0.62326,-0.05826,0.065,0.12034,-0.05534,0.565,0.61698,-0.05198,0.065,0.12692,-0.06192
0,377,8655.4,OPEN,0.56,0.61632,-0.05632,0.06,0.11525,-0.05525,0.56,0.61352,-0.05352,0.06,0.12115,-0.06115
0,378,8676.4,OPEN,0.555,0.61285,-0.05785,0.055,0.11017,-0.05517,0.555,0.60832,-0.05332,0.055,0.10769,-0.05269
0,379,8697.0,OPEN,0.55,0.60938,-0.05938,0.05,0.1,-0.05,0.55,0.60312,-0.05312,0.05,0.10577,-0.05577
0,380,8718.0,OPEN,0.545,0.60417,-0.05917,0.045,0.09153,-0.04653,0.545,0.59965,-0.05465,0.045,0.09423,-0.04923
0,381,8739.1,OPEN,0.54,0.59896,-0.05896,0.04,0.08814,-0.04814,0.54,0.59965,-0.05965,0.04,0.09231,-0.05231
0,382,8759.6,OPEN,0.535,0.60069,-0.06569,0.035,0.08305,-0.04805,0.535,0.59445,-0.05945,0.035,0.08077,-0.04577
0,383,8780.7,OPEN,0.53,0.59028,-0.06028,0.03,0.07797,-0.04797,0.53,0.58406,-0.05406,0.03,0.07308,-0.04308
0,384,8801.1,OPEN,0.525,0.58681,-0.06181,0.025,0.07458,-0.04958,0.525,0.57886,-0.05386,0.025,0.06923,-0.04423
0,385,8821.3,OPEN,0.52,0.57986,-0.05986,0.02,0.07119,-0.05119,0.52,0.57539,-0.05539,0.02,0.06154,-0.04154
0,386,8841.2,OPEN,0.515,0.57812,-0.06313,0.015,0.06441,-0.04941,0.515,0.57019,-0.05519,0.015,0.05962,-0.04462
0,387,8861.6,OPEN,0.51,0.57118,-0.06118,0.01,0.05932,-0.04932,0.51,0.56672,-0.05672,0.01,0.05385,-0.04385
0,388,8882.8,OPEN,0.505,0.56597,-0.06097,0.005,0.05424,-0.04924,0.505,0.56153,-0.05653,0.005,0.04808,-0.04308
0,389,8903.4,OPEN,0.5,0.56076,-0.06076,0.0,0.05085,-0.05085,0.5,0.55633,-0.05633,0.0,0.04423,-0.04423
0,390,8924.6,OPEN,0.495,0.55556,-0.06056,0.0,0.05085,-0.05085,0.495,0.55459,-0.05959,0.0,0.03654,-0.03654
0,391,8947.7,OPEN,0.49,0.55208,-0.06208,0.0,0.03729,-0.03729,0.49,0.54766,-0.05766,0.0,0.03077,-0.03077
0,392,8968.3,OPEN,0.485,0.54514,-0.06014,0.0,0.03898,-0.03898,0.485,0.53899,-0.05399,0.0,0.02692,-0.02692
0,393,8990.0,OPEN,0.48,0.5434,-0.0634,0.0,0.02712,-0.02712,0.48,0.5338,-0.0538,0.0,0.02115,-0.02115
0,394,9011.1,OPEN,0.475,0.53472,-0.05972,0.0,0.02373,-0.02373,0.475,0.53033,-0.05533,0.0,0.01538,-0.01538
0,395,9031.1,OPEN,0.47,0.52951,-0.05951,0.0,0.02203,-0.02203,0.47,0.54939,-0.07939,0.0,0.00962,-0.00962
0,396,9051.9,OPEN,0.465,0.5191,-0.0541,0.0,0.01525,-0.01525,0.465,0.51993,-0.05493,0.0,0.00577,-0.00577
0,397,9073.3,OPEN,0.46,0.51042,-0.05042,0.0,0.01186,-0.01186,0.46,0.51127,-0.05127,0.0,0.00192,-0.00192
0,398,9093.8,OPEN,0.455,0.50694,-0.05194,0.0,0.01017,-0.01017,0.455,0.5026,-0.0476,0.0,0.0,0.0
0,399,9111.9,OPEN,0.45,0.49653,-0.04653,0.0,0.00847,-0.00847,0.45,0.49567,-0.04567,0.0,0.0,0.0
0,400,9132.4,OPEN,0.445,0.49132,-0.04632,0.0,0.00847,-0.00847,0.445,0.48873,-0.04373,0.0,0.0,0.0
0,401,9153.4,OPEN,0.44,0.48611,-0.04611,0.0,0.00678,-0.00678,0.44,0.4818,-0.0418,0.0,0.0,0.0
0,402,9174.3,OPEN,0.435,0.48264,-0.04764,0.0,0.00678,-0.00678,0.435,0.47834,-0.04334,0.0,0.0,0.0
0,403,9196.4,OPEN,0.43,0.48438,-0.05438,0.0,0.00678,-0.00678,0.43,0.48007,-0.05007,0.0,0.0,0.0
0,404,9217.2,OPEN,0.425,0.4809,-0.0559,0.0,0.00678,-0.00678,0.425,0.4766,-0.0516,0.0,0.0,0.0
0,405,9238.0,OPEN,0.42,0.48785,-0.06785,0.0,0.00678,-0.00678,0.42,0.47314,-0.05314,0.0,0.0,0.0
0,406,9260.2,OPEN,0.415,0.47743,-0.06243,0.0,0.00678,-0.00678,0.415,0.4714,-0.0564,0.0,0.0,0.0
0,407,9279.2,OPEN,0.41,0.47743,-0.06743,0.0,0.00678,-0.00678,0.41,0.46794,-0.05794,0.0,0.0,0.0
0,408,9300.6,OPEN,0.405,0.47049,-0.06549,0.0,0.00678,-0.00678,0.405,0.4714,-0.0664,0.0,0.0,0.0
0,409,9321.7,OPEN,0.4,0.46528,-0.06528,0.0,0.00678,-0.00678,0.4,0.46101,-0.06101,0.0,0.0,0.0
0,410,9343.1,OPEN,0.395,0.46007,-0.06507,0.0,0.01017,-0.01017,0.395,0.45581,-0.06081,0.0,0.0,0.0
0,411,9363.7,OPEN,0.39,0.45486,-0.06486,0.0,0.00678,-0.00678,0.39,0.44887,-0.05887,0.0,0.0,0.0
0,412,9384.9,OPEN,0.385,0.44965,-0.06465,0.0,0.00678,-0.00678,0.385,0.44887,-0.06387,0.0,0.0,0.0
0,413,9405.9,OPEN,0.38,0.44271,-0.06271,0.0,0.00678,-0.00678,0.38,0.43847,-0.05847,0.0,0.0,0.0
0,414,9427.6,OPEN,0.375,0.43576,-0.06076,0.0,0.00678,-0.00678,0.375,0.43154,-0.05654,0.0,0.0,0.0
0,415,9448.9,OPEN,0.37,0.43056,-0.06056,0.0,0.00678,-0.00678,0.37,0.42461,-0.05461,0.0,0.0,0.0
0,416,9467.7,OPEN,0.365,0.43229,-0.06729,0.0,0.00678,-0.00678,0.365,0.41941,-0.05441,0.0,0.0,0.0
0,417,9490.3,OPEN,0.36,0.4184,-0.0584,0.0,0.00678,-0.00678,0.36,0.41075,-0.05075,0.0,0.0,0.0
0,418,9510.7,OPEN,0.355,0.41493,-0.05993,0.0,0.00678,-0.00678,0.355,0.40555,-0.05055,0.0,0.0,0.0
0,419,9530.8,OPEN,0.35,0.40625,-0.05625,0.0,0.00678,-0.00678,0.35,0.40035,-0.05035,0.0,0.0,0.0
0,420,9551.7,OPEN,0.345,0.40104,-0.05604,0.0,0.00678,-0.00678,0.345,0.39341,-0.04841,0.0,0.0,0.0
0,421,9571.7,OPEN,0.34,0.39583,-0.05583,0.0,0.00847,-0.00847,0.34,0.38995,-0.04995,0.0,0.0,0.0
0,422,9593.3,OPEN,0.335,0.38889,-0.05389,0.0,0.00678,-0.00678,0.335,0.38302,-0.04802,0.0,0.0,0.0
0,423,9613.4,OPEN,0.33,0.38368,-0.05368,0.0,0.00678,-0.00678,0.33,0.37782,-0.04782,0.0,0.0,0.0
0,424,9634.5,OPEN,0.325,0.38021,-0.05521,0.0,0.00678,-0.00678,0.325,0.37782,-0.05282,0.0,0.0,0.0
0,425,9654.9,OPEN,0.32,0.37326,-0.05326,0.0,0.00678,-0.00678,0.32,0.37088,-0.05088,0.0,0.0,0.0
0,426,9675.4,OPEN,0.315,0.36806,-0.05306,0.0,0.00678,-0.00678,0.315,0.36742,-0.05242,0.0,0.0,0.0
0,427,9697.0,OPEN,0.31,0.36458,-0.05458,0.0,0.01017,-0.01017,0.31,0.35875,-0.04875,0.0,0.0,0.0
0,428,9718.2,OPEN,0.305,0.35764,-0.05264,0.0,0.00678,-0.00678,0.305,0.35529,-0.05029,0.0,0.0,0.0
0,429,9738.7,OPEN,0.3,0.35417,-0.05417,0.0,0.00678,-0.00678,0.3,0.35009,-0.05009,0.0,0.0,0.0
0,430,9759.4,OPEN,0.295,0.34896,-0.05396,0.0,0.00678,-0.00678,0.295,0.34489,-0.04989,0.0,0.0,0.0
0,431,9780.8,OPEN,0.29,0.34375,-0.05375,0.0,0.00847,-0.00847,0.29,0.33969,-0.04969,0.0,0.0,0.0
0,432,9801.4,OPEN,0.285,0.33854,-0.05354,0.0,0.00678,-0.00678,0.285,0.33622,-0.05122,0.0,0.0,0.0
0,433,9822.5,OPEN,0.28,0.33681,-0.05681,0.0,0.00678,-0.00678,0.28,0.32929,-0.04929,0.0,0.0,0.0
0,434,9843.4,OPEN,0.275,0.32812,-0.05313,0.0,0.00678,-0.00678,0.275,0.32582,-0.05082,0.0,0.0,0.0
0,435,9863.7,OPEN,0.27,0.32639,-0.05639,0.0,0.00678,-0.00678,0.27,0.31889,-0.04889,0.0,0.0,0.0
0,436,9886.7,OPEN,0.265,0.31944,-0.05444,0.0,0.00508,-0.00508,0.265,0.31369,-0.04869,0.0,0.0,0.0
0,437,9906.0,OPEN,0.26,0.31424,-0.05424,0.0,0.00678,-0.00678,0.26,0.31023,-0.05023,0.0,0.0,0.0
0,438,9927.8,OPEN,0.255,0.30903,-0.05403,0.0,0.00678,-0.00678,0.255,0.30503,-0.05003,0.0,0.0,0.0
0,439,9948.0,OPEN,0.25,0.30382,-0.05382,0.0,0.00678,-0.00678,0.25,0.29983,-0.04983,0.0,0.0,0.0
0,440,9969.2,OPEN,0.245,0.29861,-0.05361,0.0,0.00678,-0.00678,0.245,0.30156,-0.05656,0.0,0.0,0.0
0,441,9989.7,OPEN,0.24,0.29167,-0.05167,0.0,0.00678,-0.00678,0.24,0.29116,-0.05116,0.0,0.0,0.0
0,442,10009.5,OPEN,0.235,0.28819,-0.05319,0.0,0.00678,-0.00678,0.235,0.28596,-0.05096,0.0,0.0,0.0
0,443,10030.9,OPEN,0.23,0.28299,-0.05299,0.0,0.00678,-0.00678,0.23,0.28076,-0.05076,0.0,0.0,0.0
0,444,10051.4,OPEN,0.225,0.27778,-0.05278,0.0,0.00678,-0.00678,0.225,0.27556,-0.05056,0.0,0.0,0.0
0,445,10072.1,OPEN,0.22,0.27257,-0.05257,0.0,0.00678,-0.00678,0.22,0.2669,-0.0469,0.0,0.0,0.0
0,446,10093.0,OPEN,0.215,0.26736,-0.05236,0.0,0.00678,-0.00678,0.215,0.26516,-0.05016,0.0,0.0,0.0
0,447,10113.5,OPEN,0.21,0.26215,-0.05215,0.0,0.00678,-0.00678,0.21,0.25997,-0.04997,0.0,0.0,0.0
0,448,10134.2,OPEN,0.205,0.25868,-0.05368,0.0,0.00678,-0.00678,0.205,0.25477,-0.04977,0.0,0.0,0.0
0,449,10155.4,OPEN,0.2,0.26215,-0.06215,0.0,0.00678,-0.00678,0.2,0.24957,-0.04957,0.0,0.0,0.0
0,450,10177.0,OPEN,0.195,0.24826,-0.05326,0.0,0.00847,-0.00847,0.195,0.24437,-0.04937,0.0,0.0,0.0
0,451,10197.0,OPEN,0.19,0.24479,-0.05479,0.0,0.00678,-0.00678,0.19,0.24263,-0.05263,0.0,0.0,0.0
0,452,10217.9,OPEN,0.185,0.23958,-0.05458,0.0,0.00678,-0.00678,0.185,0.2357,-0.0507,0.0,0.0,0.0
0,453,10238.7,OPEN,0.18,0.23611,-0.05611,0.0,0.00678,-0.00678,0.18,0.2305,-0.0505,0.0,0.0,0.0
0,454,10257.6,OPEN,0.175,0.2309,-0.0559,0.0,0.00678,-0.00678,0.175,0.2253,-0.0503,0.0,0.0,0.0
0,455,10277.7,OPEN,0.17,0.22917,-0.05917,0.0,0.00678,-0.00678,0.17,0.2201,-0.0501,0.0,0.0,0.0
0,456,10298.2,OPEN,0.165,0.20139,-0.03639,0.0,0.00678,-0.00678,0.165,0.2149,-0.0499,0.0,0.0,0.0
0,457,10321.0,OPEN,0.16,0.21354,-0.05354,0.0,0.00678,-0.00678,0.16,0.20971,-0.04971,0.0,0.0,0.0
0,458,10341.8,OPEN,0.155,0.20833,-0.05333,0.0,0.00678,-0.00678,0.155,0.20624,-0.05124,0.0,0.0,0.0
0,459,10362.5,OPEN,0.15,0.20312,-0.05313,0.0,0.00678,-0.00678,0.15,0.20104,-0.05104,0.0,0.0,0.0
0,460,10383.4,OPEN,0.145,0.20312,-0.05813,0.0,0.00678,-0.00678,0.145,0.19411,-0.04911,0.0,0.0,0.0
0,461,10405.0,OPEN,0.14,0.19271,-0.05271,0.0,0.00678,-0.00678,0.14,0.19237,-0.05237,0.0,0.0,0.0
0,462,10427.2,OPEN,0.135,0.18403,-0.04903,0.0,0.00678,-0.00678,0.135,0.17851,-0.04351,0.0,0.0,0.0
0,463,10448.2,OPEN,0.13,0.17882,-0.04882,0.0,0.00678,-0.00678,0.13,0.17331,-0.04331,0.0,0.0,0.0
0,464,10469.3,OPEN,0.125,0.17188,-0.04688,0.0,0.00678,-0.00678,0.125,0.17158,-0.04658,0.0,0.0,0.0
0,465,10489.6,OPEN,0.12,0.16667,-0.04667,0.0,0.00678,-0.00678,0.12,0.16464,-0.04464,0.0,0.0,0.0
0,466,10509.9,OPEN,0.115,0.16146,-0.04646,0.0,0.00678,-0.00678,0.115,0.15771,-0.04271,0.0,0.0,0.0
0,467,10530.2,OPEN,0.11,0.15625,-0.04625,0.0,0.00678,-0.00678,0.11,0.15251,-0.04251,0.0,0.0,0.0
0,468,10551.0,OPEN,0.105,0.15104,-0.04604,0.0,0.00678,-0.00678,0.105,0.14905,-0.04405,0.0,0.0,0.0
0,469,10571.9,OPEN,0.1,0.14757,-0.04757,0.0,0.00678,-0.00678,0.1,0.14385,-0.04385,0.0,0.0,0.0
0,470,10592.8,OPEN,0.095,0.14236,-0.04736,0.0,0.00678,-0.00678,0.095,0.14038,-0.04538,0.0,0.0,0.0
0,471,10613.2,OPEN,0.09,0.13889,-0.04889,0.0,0.00678,-0.00678,0.09,0.13692,-0.04692,0.0,0.0,0.0
0,472,10634.5,OPEN,0.085,0.14062,-0.05563,0.0,0.00678,-0.00678,0.085,0.13172,-0.04672,0.0,0.0,0.0
0,473,10655.8,OPEN,0.08,0.13021,-0.05021,0.0,0.00678,-0.00678,0.08,0.12652,-0.04652,0.0,0.0,0.0
0,474,10676.5,OPEN,0.075,0.12674,-0.05174,0.0,0.00508,-0.00508,0.075,0.12305,-0.04805,0.0,0.0,0.0
0,475,10697.3,OPEN,0.07,0.12153,-0.05153,0.0,0.00678,-0.00678,0.07,0.12132,-0.05132,0.0,0.0,0.0
0,476,10718.0,OPEN,0.065,0.11806,-0.05306,0.0,0.00847,-0.00847,0.065,0.11785,-0.05285,0.0,0.0,0.0
0,477,10739.0,OPEN,0.06,0.11285,-0.05285,0.0,0.00678,-0.00678,0.06,0.10919,-0.04919,0.0,0.0,0.0
0,478,10759.7,OPEN,0.055,0.10938,-0.05438,0.0,0.01017,-0.01017,0.055,0.10225,-0.04725,0.0,0.0,0.0
0,479,10780.4,OPEN,0.05,0.10243,-0.05243,0.0,0.00678,-0.00678,0.05,0.09705,-0.04705,0.0,0.0,0.0
0,480,10800.8,OPEN,0.045,0.09722,-0.05222,0.0,0.01017,-0.01017,0.045,0.09012,-0.04512,0.0,0.0,0.0
0,481,10821.8,OPEN,0.04,0.09028,-0.05028,0.0,0.00678,-0.00678,0.04,0.08492,-0.04492,0.0,0.0,0.0
0,482,10843.1,OPEN,0.035,0.08681,-0.05181,0.0,0.00678,-0.00678,0.035,0.07972,-0.04472,0.0,0.0,0.0
0,483,10864.3,OPEN,0.03,0.07986,-0.04986,0.0,0.00678,-0.00678,0.03,0.07452,-0.04452,0.0,0.0,0.0
0,484,10885.4,OPEN,0.025,0.07465,-0.04965,0.0,0.00678,-0.00678,0.025,0.06932,-0.04432,0.0,0.0,0.0
0,485,10906.7,OPEN,0.02,0.06771,-0.04771,0.0,0.00678,-0.00678,0.02,0.06412,-0.04412,0.0,0.0,0.0
0,486,10927.3,OPEN,0.015,0.0625,-0.0475,0.0,0.00678,-0.00678,0.015,0.05893,-0.04393,0.0,0.0,0.0
0,487,10947.4,OPEN,0.01,0.05729,-0.04729,0.0,0.00678,-0.00678,0.01,0.05373,-0.04373,0.0,0.0,0.0
0,488,10967.9,OPEN,0.005,0.05208,-0.04708,0.0,0.00678,-0.00678,0.005,0.05546,-0.05046,0.0,0.0,0.0
0,489,10988.6,OPEN,0.0,0.04688,-0.04688,0.0,0.00678,-0.00678,0.0,0.05026,-0.05026,0.0,0.0,0.0
0,490,10996.6,HOLD_OPEN,0.0,0.04514,-0.04514,0.0,0.00847,-0.00847,0.0,0.04159,-0.04159,0.0,0.0,0.0
0,491,11017.8,HOLD_OPEN,0.0,0.03993,-0.03993,0.0,0.00678,-0.00678,0.0,0.04679,-0.04679,0.0,0.0,0.0
0,492,11039.1,HOLD_OPEN,0.0,0.03472,-0.03472,0.0,0.00678,-0.00678,0.0,0.03466,-0.03466,0.0,0.0,0.0
0,493,11058.9,HOLD_OPEN,0.0,0.02951,-0.02951,0.0,0.00678,-0.00678,0.0,0.02946,-0.02946,0.0,0.0,0.0
0,494,11080.3,HOLD_OPEN,0.0,0.03299,-0.03299,0.0,0.00678,-0.00678,0.0,0.02426,-0.02426,0.0,0.0,0.0
0,495,11100.9,HOLD_OPEN,0.0,0.02257,-0.02257,0.0,0.00678,-0.00678,0.0,0.01906,-0.01906,0.0,0.0,0.0
0,496,11121.0,HOLD_OPEN,0.0,0.0191,-0.0191,0.0,0.00678,-0.00678,0.0,0.0156,-0.0156,0.0,0.0,0.0
0,497,11143.0,HOLD_OPEN,0.0,0.01562,-0.01562,0.0,0.00678,-0.00678,0.0,0.01213,-0.01213,0.0,0.0,0.0
0,498,11163.7,HOLD_OPEN,0.0,0.01389,-0.01389,0.0,0.00678,-0.00678,0.0,0.00693,-0.00693,0.0,0.0,0.0
0,499,11184.5,HOLD_OPEN,0.0,0.01215,-0.01215,0.0,0.00678,-0.00678,0.0,0.0052,-0.0052,0.0,0.0,0.0
0,500,11205.6,HOLD_OPEN,0.0,0.01042,-0.01042,0.0,0.00678,-0.00678,0.0,0.00347,-0.00347,0.0,0.0,0.0
0,501,11225.8,HOLD_OPEN,0.0,0.00868,-0.00868,0.0,0.00678,-0.00678,0.0,0.00173,-0.00173,0.0,0.0,0.0
0,502,11247.2,HOLD_OPEN,0.0,0.00868,-0.00868,0.0,0.00678,-0.00678,0.0,0.0,0.0,0.0,0.0,0.0
0,503,11267.6,HOLD_OPEN,0.0,0.00868,-0.00868,0.0,0.00678,-0.00678,0.0,0.0,0.0,0.0,0.0,0.0
0,504,11289.0,HOLD_OPEN,0.0,0.00868,-0.00868,0.0,0.00678,-0.00678,0.0,0.0,0.0,0.0,0.0,0.0
0,505,11309.7,HOLD_OPEN,0.0,0.00868,-0.00868,0.0,0.00678,-0.00678,0.0,0.0,0.0,0.0,0.0,0.0
0,506,11329.9,HOLD_OPEN,0.0,0.00868,-0.00868,0.0,0.00678,-0.00678,0.0,0.0,0.0,0.0,0.0,0.0
0,507,11351.1,HOLD_OPEN,0.0,0.01042,-0.01042,0.0,0.00678,-0.00678,0.0,0.0,0.0,0.0,0.0,0.0
0,508,11371.4,HOLD_OPEN,0.0,0.00868,-0.00868,0.0,0.00678,-0.00678,0.0,0.0,0.0,0.0,0.0,0.0
0,509,11392.6,HOLD_OPEN,0.0,0.00868,-0.00868,0.0,0.00678,-0.00678,0.0,0.0,0.0,0.0,0.0,0.0
0,510,11413.7,HOLD_OPEN,0.0,0.00868,-0.00868,0.0,0.00678,-0.00678,0.0,0.0,0.0,0.0,0.0,0.0
0,511,11434.2,HOLD_OPEN,0.0,0.00868,-0.00868,0.0,0.00508,-0.00508,0.0,0.0,0.0,0.0,0.0,0.0
0,512,11455.2,HOLD_OPEN,0.0,0.00868,-0.00868,0.0,0.00678,-0.00678,0.0,0.0,0.0,0.0,0.0,0.0
0,513,11475.9,HOLD_OPEN,0.0,0.00868,-0.00868,0.0,0.00678,-0.00678,0.0,0.0,0.0,0.0,0.0,0.0
0,514,11496.7,HOLD_OPEN,0.0,0.00868,-0.00868,0.0,0.00678,-0.00678,0.0,0.0,0.0,0.0,0.0,0.0
0,515,11518.1,HOLD_OPEN,0.0,0.00868,-0.00868,0.0,0.00678,-0.00678,0.0,0.0,0.0,0.0,0.0,0.0
0,516,11537.7,HOLD_OPEN,0.0,0.00868,-0.00868,0.0,0.00678,-0.00678,0.0,0.0,0.0,0.0,0.0,0.0
0,517,11559.4,HOLD_OPEN,0.0,0.01389,-0.01389,0.0,0.00678,-0.00678,0.0,0.0,0.0,0.0,0.0,0.0
0,518,11581.0,HOLD_OPEN,0.0,0.00868,-0.00868,0.0,0.00847,-0.00847,0.0,0.0,0.0,0.0,0.0,0.0
0,519,11601.7,HOLD_OPEN,0.0,0.00868,-0.00868,0.0,0.00678,-0.00678,0.0,0.0,0.0,0.0,0.0,0.0
0,520,11622.5,HOLD_OPEN,0.0,0.00868,-0.00868,0.0,0.00678,-0.00678,0.0,0.0,0.0,0.0,0.0,0.0
0,521,11643.1,HOLD_OPEN,0.0,0.00868,-0.00868,0.0,0.00678,-0.00678,0.0,0.00173,-0.00173,0.0,0.0,0.0
0,522,11664.3,HOLD_OPEN,0.0,0.01736,-0.01736,0.0,0.00508,-0.00508,0.0,0.0,0.0,0.0,0.0,0.0
0,523,11684.6,HOLD_OPEN,0.0,0.00868,-0.00868,0.0,0.00678,-0.00678,0.0,0.00173,-0.00173,0.0,0.0,0.0
0,524,11705.4,HOLD_OPEN,0.0,0.00694,-0.00694,0.0,0.00678,-0.00678,0.0,0.0,0.0,0.0,0.0,0.0
0,525,11726.1,HOLD_OPEN,0.0,0.00694,-0.00694,0.0,0.00678,-0.00678,0.0,0.0,0.0,0.0,0.0,0.0
0,526,11746.9,HOLD_OPEN,0.0,0.00521,-0.00521,0.0,0.00678,-0.00678,0.0,0.0,0.0,0.0,0.0,0.0
0,527,11767.7,HOLD_OPEN,0.0,0.00521,-0.00521,0.0,0.00678,-0.00678,0.0,0.0,0.0,0.0,0.0,0.0
0,528,11788.2,HOLD_OPEN,0.0,0.00694,-0.00694,0.0,0.00508,-0.00508,0.0,0.0,0.0,0.0,0.0,0.0
0,529,11809.3,HOLD_OPEN,0.0,0.00521,-0.00521,0.0,0.00678,-0.00678,0.0,0.0,0.0,0.0,0.0,0.0
0,530,11829.6,HOLD_OPEN,0.0,0.00347,-0.00347,0.0,0.00678,-0.00678,0.0,0.0,0.0,0.0,0.0,0.0
0,531,11850.5,HOLD_OPEN,0.0,0.00521,-0.00521,0.0,0.00678,-0.00678,0.0,0.0,0.0,0.0,0.0,0.0
0,532,11872.0,HOLD_OPEN,0.0,0.00521,-0.00521,0.0,0.00678,-0.00678,0.0,0.0,0.0,0.0,0.0,0.0
0,533,11892.7,HOLD_OPEN,0.0,0.00521,-0.00521,0.0,0.00678,-0.00678,0.0,0.0,0.0,0.0,0.0,0.0
0,534,11912.9,HOLD_OPEN,0.0,0.00521,-0.00521,0.0,0.00678,-0.00678,0.0,0.0,0.0,0.0,0.0,0.0
0,535,11934.1,HOLD_OPEN,0.0,0.00521,-0.00521,0.0,0.00678,-0.00678,0.0,0.0,0.0,0.0,0.0,0.0
0,536,11955.0,HOLD_OPEN,0.0,0.00521,-0.00521,0.0,0.00678,-0.00678,0.0,0.0,0.0,0.0,0.0,0.0
0,537,11976.2,HOLD_OPEN,0.0,0.00521,-0.00521,0.0,0.00678,-0.00678,0.0,0.0,0.0,0.0,0.0,0.0
0,538,11996.7,HOLD_OPEN,0.0,0.00521,-0.00521,0.0,0.00678,-0.00678,0.0,0.0,0.0,0.0,0.0,0.0
0,539,12017.4,HOLD_OPEN,0.0,0.00521,-0.00521,0.0,0.00678,-0.00678,0.0,0.0,0.0,0.0,0.0,0.0
0,540,12037.7,HOLD_OPEN,0.0,0.00521,-0.00521,0.0,0.00678,-0.00678,0.0,0.0,0.0,0.0,0.0,0.0
0,541,12058.9,HOLD_OPEN,0.0,0.00521,-0.00521,0.0,0.00678,-0.00678,0.0,0.00173,-0.00173,0.0,0.0,0.0
0,542,12080.2,HOLD_OPEN,0.0,0.00521,-0.00521,0.0,0.00508,-0.00508,0.0,0.0,0.0,0.0,0.0,0.0
0,543,12101.6,HOLD_OPEN,0.0,0.00694,-0.00694,0.0,0.00678,-0.00678,0.0,0.0,0.0,0.0,0.0,0.0
0,544,12122.0,HOLD_OPEN,0.0,0.00521,-0.00521,0.0,0.00678,-0.00678,0.0,0.0,0.0,0.0,0.0,0.0
0,545,12143.1,HOLD_OPEN,0.0,0.00521,-0.00521,0.0,0.00678,-0.00678,0.0,0.0,0.0,0.0,0.0,0.0
0,546,12164.1,HOLD_OPEN,0.0,0.00521,-0.00521,0.0,0.00847,-0.00847,0.0,0.0,0.0,0.0,0.0,0.0
0,547,12184.4,HOLD_OPEN,0.0,0.00521,-0.00521,0.0,0.00678,-0.00678,0.0,0.0,0.0,0.0,0.0,0.0
0,548,12204.9,HOLD_OPEN,0.0,0.00347,-0.00347,0.0,0.00678,-0.00678,0.0,0.0,0.0,0.0,0.0,0.0
0,549,12226.2,HOLD_OPEN,0.0,0.00521,-0.00521,0.0,0.00678,-0.00678,0.0,0.0,0.0,0.0,0.0,0.0
0,550,12247.4,CLOSE_2,0.005,0.00521,-0.00021,0.005,0.00678,-0.00178,0.005,0.0,0.005,0.005,0.0,0.005
0,551,12268.6,CLOSE_2,0.01,0.00521,0.00479,0.01,0.00678,0.00322,0.01,0.0,0.01,0.01,0.0,0.01
0,552,12290.1,CLOSE_2,0.015,0.00521,0.00979,0.015,0.00678,0.00822,0.015,0.0,0.015,0.015,0.0,0.015
0,553,12310.7,CLOSE_2,0.02,0.00521,0.01479,0.02,0.00678,0.01322,0.02,0.0,0.02,0.02,0.0,0.02
0,554,12331.5,CLOSE_2,0.025,0.00521,0.01979,0.025,0.00678,0.01822,0.025,0.0,0.025,0.025,0.0,0.025
0,555,12352.7,CLOSE_2,0.03,0.00521,0.02479,0.03,0.00678,0.02322,0.03,0.0,0.03,0.03,0.0,0.03
0,556,12373.8,CLOSE_2,0.035,0.00521,0.02979,0.035,0.00678,0.02822,0.035,0.0,0.035,0.035,0.0,0.035
0,557,12394.0,CLOSE_2,0.04,0.00521,0.03479,0.04,0.00508,0.03492,0.04,0.0,0.04,0.04,0.0,0.04
0,558,12415.3,CLOSE_2,0.045,0.01042,0.03458,0.045,0.01356,0.03144,0.045,0.00693,0.03807,0.045,0.0,0.045
0,559,12436.2,CLOSE_2,0.05,0.00868,0.04132,0.05,0.01017,0.03983,0.05,0.0,0.05,0.05,0.0,0.05
0,560,12456.9,CLOSE_2,0.055,0.00521,0.04979,0.055,0.01356,0.04144,0.055,0.0,0.055,0.055,0.0,0.055
0,561,12478.6,CLOSE_2,0.06,0.00868,0.05132,0.06,0.00508,0.05492,0.06,0.0052,0.0548,0.06,0.0,0.06
0,562,12498.7,CLOSE_2,0.065,0.01215,0.05285,0.065,0.00847,0.05653,0.065,0.01213,0.05287,0.065,0.00192,0.06308
0,563,12520.3,CLOSE_2,0.07,0.02257,0.04743,0.07,0.00678,0.06322,0.07,0.01733,0.05267,0.07,0.01154,0.05846
0,564,12541.3,CLOSE_2,0.075,0.02431,0.05069,0.075,0.01525,0.05975,0.075,0.02773,0.04727,0.075,0.01923,0.05577
0,565,12561.1,CLOSE_2,0.08,0.03299,0.04701,0.08,0.01525,0.06475,0.08,0.03466,0.04534,0.08,0.03269,0.04731
0,566,12582.6,CLOSE_2,0.085,0.04167,0.04333,0.085,0.02542,0.05958,0.085,0.04159,0.04341,0.085,0.04231,0.04269
0,567,12604.1,CLOSE_2,0.09,0.05035,0.03965,0.09,0.03051,0.05949,0.09,0.04679,0.04321,0.09,0.05192,0.03808
0,568,12624.7,CLOSE_2,0.095,0.06424,0.03076,0.095,0.04407,0.05093,0.095,0.05373,0.04127,0.095,0.05577,0.03923
0,569,12644.7,CLOSE_2,0.1,0.07118,0.02882,0.1,0.04576,0.05424,0.1,0.06412,0.03588,0.1,0.06923,0.03077
0,570,12664.8,CLOSE_2,0.105,0.07639,0.02861,0.105,0.05763,0.04737,0.105,0.07279,0.03221,0.105,0.07885,0.02615
0,571,12685.8,CLOSE_2,0.11,0.08333,0.02667,0.11,0.06441,0.04559,0.11,0.07626,0.03374,0.11,0.08462,0.02538
0,572,12706.5,CLOSE_2,0.115,0.08854,0.02646,0.115,0.07288,0.04212,0.115,0.08319,0.03181,0.115,0.09231,0.02269
0,573,12727.6,CLOSE_2,0.12,0.09549,0.02451,0.12,0.08475,0.03525,0.12,0.09185,0.02815,0.12,0.10192,0.01808
0,574,12747.8,CLOSE_2,0.125,0.09896,0.02604,0.125,0.08814,0.03686,0.125,0.09705,0.02795,0.125,0.10577,0.01923
0,575,12768.7,CLOSE_2,0.13,0.10243,0.02757,0.13,0.1,0.03,0.13,0.10399,0.02601,0.13,0.11154,0.01846
0,576,12789.8,CLOSE_2,0.135,0.1059,0.0291,0.135,0.10508,0.02992,0.135,0.11612,0.01888,0.135,0.11731,0.01769
0,577,12810.7,CLOSE_2,0.14,0.10938,0.03063,0.14,0.11186,0.02814,0.14,0.11612,0.02388,0.14,0.12115,0.01885
0,578,12831.5,CLOSE_2,0.145,0.10938,0.03563,0.145,0.11864,0.02636,0.145,0.12305,0.02195,0.145,0.12308,0.02192
0,579,12852.5,CLOSE_2,0.15,0.11111,0.03889,0.15,0.12373,0.02627,0.15,0.12478,0.02522,0.15,0.125,0.025
0,580,12873.5,CLOSE_2,0.155,0.12153,0.03347,0.155,0.13729,0.01771,0.155,0.13172,0.02328,0.155,0.12692,0.02808
0,581,12893.5,CLOSE_2,0.16,0.12674,0.03326,0.16,0.13559,0.02441,0.16,0.13172,0.02828,0.16,0.13654,0.02346
0,582,12914.7,CLOSE_2,0.165,0.12153,0.04347,0.165,0.14407,0.02093,0.165,0.13172,0.03328,0.165,0.13269,0.03231
0,583,12935.9,CLOSE_2,0.17,0.12674,0.04326,0.17,0.14915,0.02085,0.17,0.13518,0.03482,0.17,0.13462,0.03538
0,584,12957.6,CLOSE_2,0.175,0.13194,0.04306,0.175,0.15254,0.02246,0.175,0.13692,0.03808,0.175,0.13846,0.03654
0,585,12978.1,CLOSE_2,0.18,0.13542,0.04458,0.18,0.15424,0.02576,0.18,0.13865,0.04135,0.18,0.14231,0.03769
0,586,12998.7,CLOSE_2,0.185,0.14236,0.04264,0.185,0.15593,0.02907,0.185,0.14038,0.04462,0.185,0.14808,0.03692
0,587,13020.0,CLOSE_2,0.19,0.14931,0.04069,0.19,0.15763,0.03237,0.19,0.14731,0.04269,0.19,0.15385,0.03615
0,588,13040.5,CLOSE_2,0.195,0.15451,0.04049,0.195,0.1678,0.0272,0.195,0.14558,0.04942,0.195,0.15962,0.03538
0,589,13061.5,CLOSE_2,0.2,0.15972,0.04028,0.2,0.15932,0.04068,0.2,0.15078,0.04922,0.2,0.17115,0.02885
0,590,13082.6,CLOSE_2,0.205,0.16667,0.03833,0.205,0.16102,0.04398,0.205,0.15598,0.04902,0.205,0.16923,0.03577
0,591,13103.2,CLOSE_2,0.21,0.17361,0.03639,0.21,0.16271,0.04729,0.21,0.15945,0.05055,0.21,0.175,0.035
0,592,13123.6,CLOSE_2,0.215,0.17882,0.03618,0.215,0.16441,0.05059,0.215,0.16984,0.04516,0.215,0.18077,0.03423
0,593,13143.8,CLOSE_2,0.22,0.18576,0.03424,0.22,0.16949,0.05051,0.22,0.17331,0.04669,0.22,0.18462,0.03538
0,594,13164.9,CLOSE_2,0.225,0.19792,0.02708,0.225,0.16949,0.05551,0.225,0.18371,0.04129,0.225,0.19038,0.03462
0,595,13185.9,CLOSE_2,0.23,0.2066,0.0234,0.23,0.17458,0.05542,0.23,0.18891,0.04109,0.23,0.20192,0.02808
0,596,13206.6,CLOSE_2,0.235,0.20486,0.03014,0.235,0.17797,0.05703,0.235,0.19411,0.04089,0.235,0.20577,0.02923
0,597,13227.2,CLOSE_2,0.24,0.20833,0.03167,0.24,0.18814,0.05186,0.24,0.19931,0.04069,0.24,0.21154,0.02846
0,598,13248.1,CLOSE_2,0.245,0.21007,0.03493,0.245,0.19661,0.04839,0.245,0.20624,0.03876,0.245,0.22308,0.02192
0,599,13269.3,CLOSE_2,0.25,0.21354,0.03646,0.25,0.19322,0.05678,0.25,0.21144,0.03856,0.25,0.23654,0.01346
0,600,13290.2,CLOSE_2,0.255,0.21875,0.03625,0.255,0.2,0.055,0.255,0.21664,0.03836,0.255,0.24231,0.01269
0,601,13310.8,CLOSE_2,0.26,0.22222,0.03778,0.26,0.20678,0.05322,0.26,0.22357,0.03643,0.26,0.25192,0.00808
0,602,13331.5,CLOSE_2,0.265,0.22743,0.03757,0.265,0.21186,0.05314,0.265,0.2305,0.0345,0.265,0.25577,0.00923
0,603,13352.5,CLOSE_2,0.27,0.23438,0.03563,0.27,0.21864,0.05136,0.27,0.23397,0.03603,0.27,0.26538,0.00462
0,604,13372.9,CLOSE_2,0.275,0.23785,0.03715,0.275,0.22542,0.04958,0.275,0.2409,0.0341,0.275,0.26346,0.01154
0,605,13394.0,CLOSE_2,0.28,0.24306,0.03694,0.28,0.2322,0.0478,0.28,0.24437,0.03563,0.28,0.26731,0.01269
0,606,13415.4,CLOSE_2,0.285,0.24653,0.03847,0.285,0.24237,0.04263,0.285,0.24957,0.03543,0.285,0.27115,0.01385
0,607,13437.7,CLOSE_2,0.29,0.25347,0.03653,0.29,0.25254,0.03746,0.29,0.25303,0.03697,0.29,0.275,0.015
0,608,13457.6,CLOSE_2,0.295,0.26042,0.03458,0.295,0.24915,0.04585,0.295,0.25997,0.03503,0.295,0.28077,0.01423
0,609,13479.2,CLOSE_2,0.3,0.26215,0.03785,0.3,0.2661,0.0339,0.3,0.26343,0.03657,0.3,0.28654,0.01346
0,610,13499.3,CLOSE_2,0.305,0.2691,0.0359,0.305,0.26949,0.03551,0.305,0.2721,0.0329,0.305,0.29038,0.01462
0,611,13519.9,CLOSE_2,0.31,0.27431,0.03569,0.31,0.27797,0.03203,0.31,0.27556,0.03444,0.31,0.3,0.01
0,612,13541.2,CLOSE_2,0.315,0.27778,0.03722,0.315,0.27966,0.03534,0.315,0.28076,0.03424,0.315,0.30769,0.00731
0,613,13561.1,CLOSE_2,0.32,0.27951,0.04049,0.32,0.28305,0.03695,0.32,0.28423,0.03577,0.32,0.30769,0.01231
0,614,13582.6,CLOSE_2,0.325,0.28299,0.04201,0.325,0.28644,0.03856,0.325,0.28943,0.03557,0.325,0.31538,0.00962
0,615,13602.6,CLOSE_2,0.33,0.28993,0.04007,0.33,0.28983,0.04017,0.33,0.29289,0.03711,0.33,0.32115,0.00885
0,616,13623.6,CLOSE_2,0.335,0.29514,0.03986,0.335,0.29492,0.04008,0.335,0.29463,0.04037,0.335,0.32885,0.00615
0,617,13643.8,CLOSE_2,0.34,0.30035,0.03965,0.34,0.29831,0.04169,0.34,0.29463,0.04537,0.34,0.33462,0.00538
0,618,13664.5,CLOSE_2,0.345,0.30903,0.03597,0.345,0.30339,0.04161,0.345,0.29809,0.04691,0.345,0.33846,0.00654
0,619,13685.9,CLOSE_2,0.35,0.31424,0.03576,0.35,0.30678,0.04322,0.35,0.30503,0.04497,0.35,0.34615,0.00385
0,620,13706.7,CLOSE_2,0.355,0.32118,0.03382,0.355,0.31186,0.04314,0.355,0.31023,0.04477,0.355,0.35577,-0.00077
0,621,13727.8,CLOSE_2,0.36,0.32639,0.03361,0.36,0.31525,0.04475,0.36,0.31716,0.04284,0.36,0.35769,0.00231
0,622,13748.3,CLOSE_2,0.365,0.3316,0.0334,0.365,0.32034,0.04466,0.365,0.32409,0.04091,0.365,0.36154,0.00346
0,623,13769.1,CLOSE_2,0.37,0.33854,0.03146,0.37,0.32881,0.04119,0.37,0.32929,0.04071,0.37,0.36538,0.00462
0,624,13790.3,CLOSE_2,0.375,0.34896,0.02604,0.375,0.32712,0.04788,0.375,0.33622,0.03878,0.375,0.36923,0.00577
0,625,13810.5,CLOSE_2,0.38,0.35417,0.02583,0.38,0.3322,0.0478,0.38,0.34315,0.03685,0.38,0.375,0.005
0,626,13831.8,CLOSE_2,0.385,0.35764,0.02736,0.385,0.33729,0.04771,0.385,0.34835,0.03665,0.385,0.37692,0.00808
0,627,13851.8,CLOSE_2,0.39,0.36458,0.02542,0.39,0.34068,0.04932,0.39,0.35875,0.03125,0.39,0.38269,0.00731
0,628,13874.3,CLOSE_2,0.395,0.36458,0.03042,0.395,0.34915,0.04585,0.395,0.36395,0.03105,0.395,0.38846,0.00654
0,629,13894.3,CLOSE_2,0.4,0.36979,0.03021,0.4,0.35424,0.04576,0.4,0.37088,0.02912,0.4,0.39423,0.00577
0,630,13914.5,CLOSE_2,0.405,0.375,0.03,0.405,0.35763,0.04737,0.405,0.37608,0.02892,0.405,0.40192,0.00308
0,631,13936.5,CLOSE_2,0.41,0.38194,0.02806,0.41,0.36949,0.04051,0.41,0.38128,0.02872,0.41,0.40192,0.00808
0,632,13958.4,CLOSE_2,0.415,0.38542,0.02958,0.415,0.37119,0.04381,0.415,0.38648,0.02852,0.415,0.41538,-0.00038
0,633,13977.6,CLOSE_2,0.42,0.39062,0.02938,0.42,0.37458,0.04542,0.42,0.39168,0.02832,0.42,0.425,-0.005
0,634,13998.8,CLOSE_2,0.425,0.39583,0.02917,0.425,0.38136,0.04364,0.425,0.39688,0.02812,0.425,0.42692,-0.00192
0,635,14021.1,CLOSE_2,0.43,0.40104,0.02896,0.43,0.38814,0.04186,0.43,0.40035,0.02965,0.43,0.43269,-0.00269
0,636,14041.3,CLOSE_2,0.435,0.40799,0.02701,0.435,0.39322,0.04178,0.435,0.40555,0.02945,0.435,0.44038,-0.00538
0,637,14061.4,CLOSE_2,0.44,0.41146,0.02854,0.44,0.39831,0.04169,0.44,0.41075,0.02925,0.44,0.44615,-0.00615
0,638,14081.7,CLOSE_2,0.445,0.41493,0.03007,0.445,0.40339,0.04161,0.445,0.41421,0.03079,0.445,0.45192,-0.00692
0,639,14102.7,CLOSE_2,0.45,0.42708,0.02292,0.45,0.41186,0.03814,0.45,0.42114,0.02886,0.45,0.45769,-0.00769
0,640,14122.9,CLOSE_2,0.455,0.42708,0.02792,0.455,0.41864,0.03636,0.455,0.42634,0.02866,0.455,0.46154,-0.00654
0,641,14144.1,CLOSE_2,0.46,0.42708,0.03292,0.46,0.41356,0.04644,0.46,0.42461,0.03539,0.46,0.46731,-0.00731
0,642,14164.8,CLOSE_2,0.465,0.43403,0.03097,0.465,0.41525,0.04975,0.465,0.42981,0.03519,0.465,0.47308,-0.00808
0,643,14185.5,CLOSE_2,0.47,0.43576,0.03424,0.47,0.42034,0.04966,0.47,0.43328,0.03672,0.47,0.47692,-0.00692
0,644,14206.5,CLOSE_2,0.475,0.44097,0.03403,0.475,0.42542,0.04958,0.475,0.43674,0.03826,0.475,0.48269,-0.00769
0,645,14227.3,CLOSE_2,0.48,0.44792,0.03208,0.48,0.43051,0.04949,0.48,0.44194,0.03806,0.48,0.49423,-0.01423
0,646,14248.4,CLOSE_2,0.485,0.44965,0.03535,0.485,0.43559,0.04941,0.485,0.44714,0.03786,0.485,0.49423,-0.00923
0,647,14269.1,CLOSE_2,0.49,0.46181,0.02819,0.49,0.44746,0.04254,0.49,0.45061,0.03939,0.49,0.5,-0.01
0,648,14290.9,CLOSE_2,0.495,0.46528,0.02972,0.495,0.44746,0.04754,0.495,0.45581,0.03919,0.495,0.50577,-0.01077
0,649,14311.3,CLOSE_2,0.5,0.46528,0.03472,0.5,0.45254,0.04746,0.5,0.46274,0.03726,0.5,0.51923,-0.01923
0,650,14332.7,CLOSE_2,0.505,0.47222,0.03278,0.5,0.45763,0.04237,0.505,0.4662,0.0388,0.5,0.51923,-0.01923
0,651,14352.5,CLOSE_2,0.51,0.47743,0.03257,0.5,0.46271,0.03729,0.51,0.47314,0.03686,0.5,0.525,-0.025
0,652,14374.3,CLOSE_2,0.515,0.48264,0.03236,0.5,0.47119,0.02881,0.515,0.4766,0.0384,0.5,0.53077,-0.03077
0,653,14394.9,CLOSE_2,0.52,0.48611,0.03389,0.5,0.47458,0.02542,0.52,0.4818,0.0382,0.5,0.53462,-0.03462
0,654,14416.3,CLOSE_2,0.525,0.49826,0.02674,0.5,0.48305,0.01695,0.525,0.49047,0.03453,0.5,0.54038,-0.04038
0,655,14436.7,CLOSE_2,0.53,0.50694,0.02306,0.5,0.48814,0.01186,0.53,0.49913,0.03087,0.5,0.54423,-0.04423
0,656,14458.2,CLOSE_2,0.535,0.51042,0.02458,0.5,0.49322,0.00678,0.535,0.5078,0.0272,0.5,0.54808,-0.04808
0,657,14477.8,CLOSE_2,0.54,0.52257,0.01743,0.5,0.50169,-0.00169,0.54,0.5182,0.0218,0.5,0.55192,-0.05192
0,658,14499.4,CLOSE_2,0.545,0.52951,0.01549,0.5,0.50678,-0.00678,0.545,0.5234,0.0216,0.5,0.55385,-0.05385
0,659,14520.2,CLOSE_2,0.55,0.53299,0.01701,0.5,0.50847,-0.00847,0.55,0.52513,0.02487,0.5,0.55769,-0.05769
0,660,14540.1,CLOSE_2,0.555,0.53646,0.01854,0.5,0.51017,-0.01017,0.555,0.53033,0.02467,0.5,0.55962,-0.05962
0,661,14561.0,CLOSE_2,0.56,0.53819,0.02181,0.5,0.51017,-0.01017,0.56,0.53206,0.02794,0.5,0.55962,-0.05962
0,662,14581.7,CLOSE_2,0.565,0.54514,0.01986,0.5,0.51017,-0.01017,0.565,0.53553,0.02947,0.5,0.55962,-0.05962
0,663,14602.5,CLOSE_2,0.57,0.53993,0.03007,0.5,0.51017,-0.01017,0.57,0.54246,0.02754,0.5,0.55962,-0.05962
0,664,14623.0,CLOSE_2,0.575,0.54167,0.03333,0.5,0.51017,-0.01017,0.575,0.54073,0.03427,0.5,0.55962,-0.05962
0,665,14643.9,CLOSE_2,0.58,0.54514,0.03486,0.5,0.51017,-0.01017,0.58,0.54246,0.03754,0.5,0.55962,-0.05962
0,666,14664.7,CLOSE_2,0.585,0.54861,0.03639,0.5,0.51017,-0.01017,0.585,0.54419,0.04081,0.5,0.55769,-0.05769
0,667,14685.7,CLOSE_2,0.59,0.55208,0.03792,0.5,0.51525,-0.01525,0.59,0.54766,0.04234,0.5,0.55962,-0.05962
0,668,14706.2,CLOSE_2,0.595,0.55556,0.03944,0.5,0.51017,-0.01017,0.595,0.55286,0.04214,0.5,0.55962,-0.05962
0,669,14727.1,CLOSE_2,0.6,0.56076,0.03924,0.5,0.51186,-0.01186,0.6,0.55633,0.04367,0.5,0.56154,-0.06154
0,670,14749.0,CLOSE_2,0.605,0.57118,0.03382,0.5,0.51017,-0.01017,0.605,0.56499,0.04001,0.5,0.56154,-0.06154
0,671,14769.2,CLOSE_2,0.61,0.57465,0.03535,0.5,0.51017,-0.01017,0.61,0.56672,0.04328,0.5,0.55962,-0.05962
0,672,14790.4,CLOSE_2,0.615,0.57639,0.03861,0.5,0.51017,-0.01017,0.615,0.57366,0.04134,0.5,0.55962,-0.05962
0,673,14811.3,CLOSE_2,0.62,0.58507,0.03493,0.5,0.51186,-0.01186,0.62,0.57886,0.04114,0.5,0.55962,-0.05962
0,674,14832.0,CLOSE_2,0.625,0.58854,0.03646,0.5,0.51186,-0.01186,0.625,0.58752,0.03748,0.5,0.56154,-0.06154
0,675,14853.6,CLOSE_2,0.63,0.59201,0.03799,0.5,0.51186,-0.01186,0.63,0.59272,0.03728,0.5,0.55962,-0.05962
0,676,14874.5,CLOSE_2,0.635,0.59722,0.03778,0.5,0.51186,-0.01186,0.635,0.59965,0.03535,0.5,0.55962,-0.05962
0,677,14895.1,CLOSE_2,0.64,0.60938,0.03063,0.5,0.50678,-0.00678,0.64,0.61352,0.02648,0.5,0.55962,-0.05962
0,678,14916.0,CLOSE_2,0.645,0.61111,0.03389,0.5,0.51186,-0.01186,0.645,0.61352,0.03148,0.5,0.55962,-0.05962
0,679,14936.4,CLOSE_2,0.65,0.61632,0.03368,0.5,0.51695,-0.01695,0.65,0.62045,0.02955,0.5,0.56538,-0.06538
0,680,14957.8,CLOSE_2,0.655,0.62326,0.03174,0.5,0.51525,-0.01525,0.655,0.62392,0.03108,0.5,0.56346,-0.06346
0,681,14977.7,CLOSE_2,0.66,0.62847,0.03153,0.5,0.51017,-0.01017,0.66,0.63432,0.02568,0.5,0.55962,-0.05962
0,682,14998.7,CLOSE_2,0.665,0.63368,0.03132,0.5,0.51186,-0.01186,0.665,0.63951,0.02549,0.5,0.55962,-0.05962
0,683,15018.9,CLOSE_2,0.67,0.63889,0.03111,0.5,0.51017,-0.01017,0.67,0.64471,0.02529,0.5,0.55962,-0.05962
0,684,15040.3,CLOSE_2,0.675,0.64583,0.02917,0.5,0.51017,-0.01017,0.675,0.64645,0.02855,0.5,0.55962,-0.05962
0,685,15060.7,CLOSE_2,0.68,0.65104,0.02896,0.5,0.51017,-0.01017,0.68,0.65165,0.02835,0.5,0.56346,-0.06346
0,686,15081.8,CLOSE_2,0.685,0.65451,0.03049,0.5,0.51017,-0.01017,0.685,0.65511,0.02989,0.5,0.55962,-0.05962
0,687,15102.3,CLOSE_2,0.69,0.66146,0.02854,0.5,0.50508,-0.00508,0.69,0.66031,0.02969,0.5,0.55962,-0.05962
0,688,15123.0,CLOSE_2,0.695,0.66319,0.03181,0.5,0.49492,0.00508,0.695,0.66205,0.03295,0.5,0.55962,-0.05962
0,689,15143.9,CLOSE_2,0.7,0.67014,0.02986,0.5,0.48983,0.01017,0.7,0.66378,0.03622,0.5,0.55962,-0.05962
0,690,15164.7,CLOSE_2,0.705,0.67188,0.03313,0.5,0.49492,0.00508,0.705,0.66898,0.03602,0.5,0.55962,-0.05962
0,691,15186.2,CLOSE_2,0.71,0.68403,0.02597,0.5,0.48475,0.01525,0.71,0.67418,0.03582,0.5,0.56538,-0.06538
0,692,15207.5,CLOSE_2,0.715,0.68403,0.03097,0.5,0.48644,0.01356,0.715,0.67938,0.03562,0.5,0.55962,-0.05962
0,693,15227.3,CLOSE_2,0.72,0.68924,0.03076,0.5,0.48475,0.01525,0.72,0.67938,0.04062,0.5,0.56346,-0.06346
0,694,15248.5,CLOSE_2,0.725,0.69271,0.03229,0.5,0.48644,0.01356,0.725,0.68804,0.03696,0.5,0.56154,-0.06154
0,695,15269.2,CLOSE_2,0.73,0.69965,0.03035,0.5,0.48644,0.01356,0.73,0.69324,0.03676,0.5,0.55962,-0.05962
0,696,15290.2,CLOSE_2,0.735,0.70312,0.03188,0.5,0.48475,0.01525,0.735,0.69671,0.03829,0.5,0.55962,-0.05962
0,697,15312.3,CLOSE_2,0.74,0.70833,0.03167,0.5,0.48644,0.01356,0.74,0.70884,0.03116,0.5,0.55962,-0.05962
0,698,15332.5,CLOSE_2,0.745,0.71354,0.03146,0.5,0.48644,0.01356,0.745,0.70711,0.03789,0.5,0.55769,-0.05769
0,699,15353.5,CLOSE_2,0.75,0.71875,0.03125,0.5,0.48644,0.01356,0.75,0.71577,0.03423,0.5,0.56154,-0.06154
0,700,15373.6,CLOSE_2,0.755,0.72396,0.03104,0.5,0.49153,0.00847,0.755,0.72444,0.03056,0.5,0.55769,-0.05769
0,701,15395.4,CLOSE_2,0.76,0.72917,0.03083,0.5,0.48644,0.01356,0.76,0.72444,0.03556,0.5,0.55962,-0.05962
0,702,15417.3,CLOSE_2,0.765,0.73438,0.03063,0.5,0.48814,0.01186,0.765,0.73137,0.03363,0.5,0.55962,-0.05962
0,703,15436.5,CLOSE_2,0.77,0.73785,0.03215,0.5,0.49153,0.00847,0.77,0.73484,0.03516,0.5,0.56154,-0.06154
0,704,15456.7,CLOSE_2,0.775,0.74306,0.03194,0.5,0.49322,0.00678,0.775,0.74003,0.03497,0.5,0.55962,-0.05962
0,705,15477.7,CLOSE_2,0.78,0.74826,0.03174,0.5,0.50169,-0.00169,0.78,0.74523,0.03477,0.5,0.55962,-0.05962
0,706,15498.1,CLOSE_2,0.785,0.75521,0.02979,0.5,0.50339,-0.00339,0.785,0.75043,0.03457,0.5,0.56154,-0.06154
0,707,15519.5,CLOSE_2,0.79,0.76042,0.02958,0.5,0.50678,-0.00678,0.79,0.75563,0.03437,0.5,0.56154,-0.06154
0,708,15539.8,CLOSE_2,0.795,0.76215,0.03285,0.5,0.50678,-0.00678,0.795,0.75737,0.03763,0.5,0.55962,-0.05962
0,709,15560.8,CLOSE_2,0.8,0.7691,0.0309,0.5,0.50508,-0.00508,0.8,0.7643,0.0357,0.5,0.56154,-0.06154
0,710,15582.3,CLOSE_2,0.805,0.77083,0.03417,0.5,0.50678,-0.00678,0.805,0.7695,0.0355,0.5,0.55962,-0.05962
0,711,15602.1,CLOSE_2,0.81,0.78472,0.02528,0.5,0.50508,-0.00508,0.81,0.77643,0.03357,0.5,0.55962,-0.05962
0,712,15622.7,CLOSE_2,0.815,0.78299,0.03201,0.5,0.50678,-0.00678,0.815,0.7799,0.0351,0.5,0.55962,-0.05962
0,713,15644.1,CLOSE_2,0.82,0.78993,0.03007,0.5,0.50678,-0.00678,0.82,0.7851,0.0349,0.5,0.56154,-0.06154
0,714,15664.6,CLOSE_2,0.825,0.79514,0.02986,0.5,0.50678,-0.00678,0.825,0.78856,0.03644,0.5,0.56154,-0.06154
0,715,15685.8,CLOSE_2,0.83,0.79861,0.03139,0.5,0.50678,-0.00678,0.83,0.80416,0.02584,0.5,0.55962,-0.05962
0,716,15706.2,CLOSE_2,0.835,0.80729,0.02771,0.5,0.50678,-0.00678,0.835,0.80069,0.03431,0.5,0.55962,-0.05962
0,717,15727.4,CLOSE_2,0.84,0.80903,0.03097,0.5,0.50678,-0.00678,0.84,0.81109,0.02891,0.5,0.56154,-0.06154
0,718,15748.6,CLOSE_2,0.845,0.82292,0.02208,0.5,0.50678,-0.00678,0.845,0.81109,0.03391,0.5,0.55962,-0.05962
0,719,15769.0,CLOSE_2,0.85,0.81597,0.03403,0.5,0.50678,-0.00678,0.85,0.81282,0.03718,0.5,0.56154,-0.06154
0,720,15790.9,CLOSE_2,0.855,0.82465,0.03035,0.5,0.50678,-0.00678,0.855,0.81976,0.03524,0.5,0.56154,-0.06154
0,721,15811.7,CLOSE_2,0.86,0.82812,0.03188,0.5,0.50508,-0.00508,0.86,0.82496,0.03504,0.5,0.55962,-0.05962
0,722,15831.9,CLOSE_2,0.865,0.83681,0.02819,0.5,0.50678,-0.00678,0.865,0.83362,0.03138,0.5,0.56154,-0.06154
0,723,15853.0,CLOSE_2,0.87,0.84028,0.02972,0.5,0.50678,-0.00678,0.87,0.84229,0.02771,0.5,0.56154,-0.06154
0,724,15874.1,CLOSE_2,0.875,0.84549,0.02951,0.5,0.50678,-0.00678,0.875,0.84575,0.02925,0.5,0.55962,-0.05962
0,725,15895.1,CLOSE_2,0.88,0.85243,0.02757,0.5,0.50678,-0.00678,0.88,0.85789,0.02211,0.5,0.55962,-0.05962
0,726,15915.6,CLOSE_2,0.885,0.85417,0.03083,0.5,0.50847,-0.00847,0.885,0.85442,0.03058,0.5,0.55962,-0.05962
0,727,15937.1,CLOSE_2,0.89,0.86111,0.02889,0.5,0.50678,-0.00678,0.89,0.86135,0.02865,0.5,0.56346,-0.06346
0,728,15956.9,CLOSE_2,0.895,0.86806,0.02694,0.5,0.50508,-0.00508,0.895,0.87002,0.02498,0.5,0.55962,-0.05962
0,729,15977.3,CLOSE_2,0.9,0.875,0.025,0.5,0.50508,-0.00508,0.9,0.87522,0.02478,0.5,0.56154,-0.06154
0,730,15998.4,CLOSE_2,0.905,0.87326,0.03174,0.5,0.50847,-0.00847,0.905,0.88042,0.02458,0.5,0.55962,-0.05962
0,731,16018.5,CLOSE_2,0.91,0.87674,0.03326,0.5,0.50678,-0.00678,0.91,0.88562,0.02438,0.5,0.56154,-0.06154
0,732,16039.9,CLOSE_2,0.915,0.88194,0.03306,0.5,0.50678,-0.00678,0.915,0.88215,0.03285,0.5,0.56154,-0.06154
0,733,16060.7,CLOSE_2,0.92,0.88542,0.03458,0.5,0.50678,-0.00678,0.92,0.89255,0.02745,0.5,0.56154,-0.06154
0,734,16081.5,CLOSE_2,0.925,0.89236,0.03264,0.5,0.50678,-0.00678,0.925,0.89601,0.02899,0.5,0.56154,-0.06154
0,735,16102.1,CLOSE_2,0.93,0.8941,0.0359,0.5,0.50508,-0.00508,0.93,0.89948,0.03052,0.5,0.56154,-0.06154
0,736,16123.6,CLOSE_2,0.935,0.89931,0.03569,0.5,0.51017,-0.01017,0.935,0.90468,0.03032,0.5,0.56154,-0.06154
0,737,16143.9,CLOSE_2,0.94,0.90972,0.03028,0.5,0.50678,-0.00678,0.94,0.91161,0.02839,0.5,0.56154,-0.06154
0,738,16164.3,CLOSE_2,0.945,0.91319,0.03181,0.5,0.50678,-0.00678,0.945,0.91681,0.02819,0.5,0.56154,-0.06154
0,739,16185.7,CLOSE_2,0.95,0.92188,0.02813,0.5,0.50678,-0.00678,0.95,0.92201,0.02799,0.5,0.56154,-0.06154
0,740,16206.9,CLOSE_2,0.955,0.92188,0.03313,0.5,0.50169,-0.00169,0.955,0.92721,0.02779,0.5,0.56154,-0.06154
0,741,16228.0,CLOSE_2,0.96,0.92882,0.03118,0.5,0.50678,-0.00678,0.96,0.93241,0.02759,0.5,0.56154,-0.06154
0,742,16248.9,CLOSE_2,0.965,0.93229,0.03271,0.5,0.50678,-0.00678,0.965,0.93588,0.02912,0.5,0.55962,-0.05962
0,743,16268.9,CLOSE_2,0.97,0.9375,0.0325,0.5,0.50678,-0.00678,0.97,0.94107,0.02893,0.5,0.55962,-0.05962
0,744,16290.9,CLOSE_2,0.975,0.94444,0.03056,0.5,0.50847,-0.00847,0.975,0.94454,0.03046,0.5,0.56154,-0.06154
0,745,16310.1,CLOSE_2,0.98,0.94271,0.03729,0.5,0.50678,-0.00678,0.98,0.95841,0.02159,0.5,0.56538,-0.06538
0,746,16332.7,CLOSE_2,0.985,0.94965,0.03535,0.5,0.51017,-0.01017,0.985,0.96014,0.02486,0.5,0.56154,-0.06154
0,747,16352.7,CLOSE_2,0.99,0.96181,0.02819,0.5,0.50847,-0.00847,0.99,0.96014,0.02986,0.5,0.56154,-0.06154
0,748,16374.3,CLOSE_2,0.995,0.95833,0.03667,0.5,0.50678,-0.00678,0.995,0.9688,0.0262,0.5,0.56154,-0.06154
0,749,16394.2,CLOSE_2,1.0,0.96181,0.03819,0.5,0.50678,-0.00678,1.0,0.974,0.026,0.5,0.56154,-0.06154
0,750,16401.2,HOLD_2,1.0,0.96181,0.03819,0.5,0.51017,-0.01017,1.0,0.974,0.026,0.5,0.56154,-0.06154
0,751,16424.5,HOLD_2,1.0,0.96875,0.03125,0.5,0.50678,-0.00678,1.0,0.9792,0.0208,0.5,0.56154,-0.06154
0,752,16443.8,HOLD_2,1.0,0.97049,0.02951,0.5,0.51017,-0.01017,1.0,0.9792,0.0208,0.5,0.56346,-0.06346
0,753,16464.3,HOLD_2,1.0,0.97222,0.02778,0.5,0.50678,-0.00678,1.0,0.98267,0.01733,0.5,0.56154,-0.06154
0,754,16485.4,HOLD_2,1.0,0.97222,0.02778,0.5,0.50678,-0.00678,1.0,0.98614,0.01386,0.5,0.56154,-0.06154
0,755,16506.2,HOLD_2,1.0,0.97569,0.02431,0.5,0.50508,-0.00508,1.0,0.98614,0.01386,0.5,0.56154,-0.06154
0,756,16527.3,HOLD_2,1.0,0.97396,0.02604,0.5,0.50678,-0.00678,1.0,0.9844,0.0156,0.5,0.56154,-0.06154
0,757,16547.9,HOLD_2,1.0,0.97396,0.02604,0.5,0.50508,-0.00508,1.0,0.9844,0.0156,0.5,0.56154,-0.06154
0,758,16569.6,HOLD_2,1.0,0.97569,0.02431,0.5,0.50678,-0.00678,1.0,0.98614,0.01386,0.5,0.56154,-0.06154
0,759,16590.3,HOLD_2,1.0,0.97917,0.02083,0.5,0.50508,-0.00508,1.0,0.98267,0.01733,0.5,0.56154,-0.06154
0,760,16610.9,HOLD_2,1.0,0.97396,0.02604,0.5,0.50678,-0.00678,1.0,0.98614,0.01386,0.5,0.56154,-0.06154
0,761,16631.9,HOLD_2,1.0,0.97396,0.02604,0.5,0.50678,-0.00678,1.0,0.9844,0.0156,0.5,0.56154,-0.06154
0,762,16653.0,HOLD_2,1.0,0.98438,0.01562,0.5,0.50678,-0.00678,1.0,0.9844,0.0156,0.5,0.56154,-0.06154
0,763,16674.4,HOLD_2,1.0,0.97569,0.02431,0.5,0.50678,-0.00678,1.0,0.98614,0.01386,0.5,0.56154,-0.06154
0,764,16694.5,HOLD_2,1.0,0.97396,0.02604,0.5,0.50678,-0.00678,1.0,0.9844,0.0156,0.5,0.55962,-0.05962
0,765,16714.8,HOLD_2,1.0,0.97396,0.02604,0.5,0.50678,-0.00678,1.0,0.9844,0.0156,0.5,0.56154,-0.06154
0,766,16735.7,HOLD_2,1.0,0.97569,0.02431,0.5,0.50678,-0.00678,1.0,0.9844,0.0156,0.5,0.56154,-0.06154
0,767,16756.2,HOLD_2,1.0,0.97396,0.02604,0.5,0.50508,-0.00508,1.0,0.99133,0.00867,0.5,0.55962,-0.05962
0,768,16777.2,HOLD_2,1.0,0.97569,0.02431,0.5,0.50847,-0.00847,1.0,0.98614,0.01386,0.5,0.56346,-0.06346
0,769,16798.3,HOLD_2,1.0,0.98264,0.01736,0.5,0.50678,-0.00678,1.0,0.9844,0.0156,0.5,0.56538,-0.06538
0,770,16818.9,HOLD_2,1.0,0.97569,0.02431,0.5,0.50508,-0.00508,1.0,0.9844,0.0156,0.5,0.56154,-0.06154
0,771,16840.0,HOLD_2,1.0,0.97743,0.02257,0.5,0.50678,-0.00678,1.0,0.98614,0.01386,0.5,0.56154,-0.06154
0,772,16860.9,HOLD_2,1.0,0.97743,0.02257,0.5,0.50678,-0.00678,1.0,0.98614,0.01386,0.5,0.55962,-0.05962
0,773,16881.2,HOLD_2,1.0,0.97917,0.02083,0.5,0.50678,-0.00678,1.0,0.98787,0.01213,0.5,0.56154,-0.06154
0,774,16902.1,HOLD_2,1.0,0.9809,0.0191,0.5,0.50508,-0.00508,1.0,0.9844,0.0156,0.5,0.56154,-0.06154
0,775,16924.1,HOLD_2,1.0,0.98785,0.01215,0.5,0.50508,-0.00508,1.0,0.9792,0.0208,0.5,0.56154,-0.06154
0,776,16944.4,HOLD_2,1.0,0.98438,0.01562,0.5,0.50508,-0.00508,1.0,0.98787,0.01213,0.5,0.55962,-0.05962
0,777,16965.1,HOLD_2,1.0,0.99653,0.00347,0.5,0.50678,-0.00678,1.0,0.9896,0.0104,0.5,0.56154,-0.06154
0,778,16985.8,HOLD_2,1.0,0.99132,0.00868,0.5,0.50508,-0.00508,1.0,0.99307,0.00693,0.5,0.56154,-0.06154
0,779,17006.3,HOLD_2,1.0,0.99306,0.00694,0.5,0.50678,-0.00678,1.0,0.99307,0.00693,0.5,0.56154,-0.06154
0,780,17027.0,HOLD_2,1.0,0.99479,0.00521,0.5,0.50678,-0.00678,1.0,0.99307,0.00693,0.5,0.56538,-0.06538
0,781,17048.6,HOLD_2,1.0,0.99306,0.00694,0.5,0.50678,-0.00678,1.0,0.9948,0.0052,0.5,0.56154,-0.06154
0,782,17069.4,HOLD_2,1.0,0.99132,0.00868,0.5,0.50678,-0.00678,1.0,0.9948,0.0052,0.5,0.56154,-0.06154
0,783,17090.6,HOLD_2,1.0,0.99306,0.00694,0.5,0.50678,-0.00678,1.0,0.99307,0.00693,0.5,0.56154,-0.06154
0,784,17110.9,HOLD_2,1.0,0.99479,0.00521,0.5,0.50678,-0.00678,1.0,0.99307,0.00693,0.5,0.55962,-0.05962
0,785,17131.2,HOLD_2,1.0,0.99479,0.00521,0.5,0.50678,-0.00678,1.0,0.9948,0.0052,0.5,0.56154,-0.06154
0,786,17153.2,HOLD_2,1.0,0.99306,0.00694,0.5,0.50678,-0.00678,1.0,0.9948,0.0052,0.5,0.56154,-0.06154
0,787,17172.6,HOLD_2,1.0,0.99479,0.00521,0.5,0.50678,-0.00678,1.0,0.99307,0.00693,0.5,0.56154,-0.06154
0,788,17193.2,HOLD_2,1.0,0.99479,0.00521,0.5,0.50678,-0.00678,1.0,0.99307,0.00693,0.5,0.56154,-0.06154
0,789,17215.1,HOLD_2,1.0,0.99306,0.00694,0.5,0.50847,-0.00847,1.0,0.99307,0.00693,0.5,0.55962,-0.05962
0,790,17235.7,HOLD_2,1.0,0.99306,0.00694,0.5,0.50678,-0.00678,1.0,0.9948,0.0052,0.5,0.55962,-0.05962
0,791,17256.3,HOLD_2,1.0,0.99306,0.00694,0.5,0.50678,-0.00678,1.0,0.9948,0.0052,0.5,0.56154,-0.06154
0,792,17277.6,HOLD_2,1.0,0.99306,0.00694,0.5,0.50678,-0.00678,1.0,0.9948,0.0052,0.5,0.56346,-0.06346
0,793,17298.4,HOLD_2,1.0,0.99479,0.00521,0.5,0.50847,-0.00847,1.0,0.9948,0.0052,0.5,0.56154,-0.06154
0,794,17318.7,HOLD_2,1.0,0.99306,0.00694,0.5,0.50678,-0.00678,1.0,0.9948,0.0052,0.5,0.56154,-0.06154
0,795,17339.4,HOLD_2,1.0,0.99306,0.00694,0.5,0.50678,-0.00678,1.0,0.9948,0.0052,0.5,0.55962,-0.05962
0,796,17360.5,HOLD_2,1.0,0.99306,0.00694,0.5,0.50508,-0.00508,1.0,0.99307,0.00693,0.5,0.56154,-0.06154
0,797,17381.8,HOLD_2,1.0,0.99306,0.00694,0.5,0.50678,-0.00678,1.0,0.9948,0.0052,0.5,0.56154,-0.06154
0,798,17402.8,HOLD_2,1.0,0.99479,0.00521,0.5,0.50678,-0.00678,1.0,0.99307,0.00693,0.5,0.56154,-0.06154
0,799,17422.9,HOLD_2,1.0,0.99306,0.00694,0.5,0.50508,-0.00508,1.0,0.99307,0.00693,0.5,0.56154,-0.06154
0,800,17444.5,HOLD_2,1.0,0.99653,0.00347,0.5,0.50678,-0.00678,1.0,0.99307,0.00693,0.5,0.56154,-0.06154
0,801,17464.2,HOLD_2,1.0,0.99479,0.00521,0.5,0.50678,-0.00678,1.0,0.9948,0.0052,0.5,0.55962,-0.05962
0,802,17487.0,HOLD_2,1.0,0.99479,0.00521,0.5,0.50678,-0.00678,1.0,0.9948,0.0052,0.5,0.55962,-0.05962
0,803,17506.9,HOLD_2,1.0,0.99479,0.00521,0.5,0.50508,-0.00508,1.0,0.99827,0.00173,0.5,0.56154,-0.06154
0,804,17527.4,HOLD_2,1.0,0.99306,0.00694,0.5,0.50678,-0.00678,1.0,0.9948,0.0052,0.5,0.56154,-0.06154
0,805,17547.9,HOLD_2,1.0,0.99306,0.00694,0.5,0.50508,-0.00508,1.0,0.9948,0.0052,0.5,0.56154,-0.06154
0,806,17569.0,HOLD_2,1.0,0.99306,0.00694,0.5,0.50678,-0.00678,1.0,0.99307,0.00693,0.5,0.56154,-0.06154
0,807,17590.3,HOLD_2,1.0,0.99306,0.00694,0.5,0.50678,-0.00678,1.0,0.9948,0.0052,0.5,0.56154,-0.06154
0,808,17610.6,HOLD_2,1.0,0.99479,0.00521,0.5,0.50678,-0.00678,1.0,0.9948,0.0052,0.5,0.56154,-0.06154
0,809,17631.5,HOLD_2,1.0,0.99306,0.00694,0.5,0.50678,-0.00678,1.0,0.99307,0.00693,0.5,0.56154,-0.06154
1,810,18456.2,SETTLE,0.0,0.59896,-0.59896,0.0,0.14068,-0.14068,0.0,0.58059,-0.58059,0.0,0.14038,-0.14038
1,811,18476.1,SETTLE,0.0,0.59028,-0.59028,0.0,0.1322,-0.1322,0.0,0.56672,-0.56672,0.0,0.12885,-0.12885
1,812,18498.4,SETTLE,0.0,0.57639,-0.57639,0.0,0.11864,-0.11864,0.0,0.55459,-0.55459,0.0,0.11731,-0.11731
1,813,18519.7,SETTLE,0.0,0.56597,-0.56597,0.0,0.10847,-0.10847,0.0,0.54073,-0.54073,0.0,0.10192,-0.10192
1,814,18540.3,SETTLE,0.0,0.55035,-0.55035,0.0,0.09661,-0.09661,0.0,0.53033,-0.53033,0.0,0.08846,-0.08846
1,815,18560.8,SETTLE,0.0,0.53993,-0.53993,0.0,0.08814,-0.08814,0.0,0.51646,-0.51646,0.0,0.075,-0.075
1,816,18581.2,SETTLE,0.0,0.52951,-0.52951,0.0,0.07797,-0.07797,0.0,0.49567,-0.49567,0.0,0.06346,-0.06346
1,817,18601.9,SETTLE,0.0,0.51042,-0.51042,0.0,0.0678,-0.0678,0.0,0.4818,-0.4818,0.0,0.05385,-0.05385
1,818,18622.8,SETTLE,0.0,0.48785,-0.48785,0.0,0.05593,-0.05593,0.0,0.47314,-0.47314,0.0,0.04038,-0.04038
1,819,18644.3,SETTLE,0.0,0.47569,-0.47569,0.0,0.04746,-0.04746,0.0,0.45754,-0.45754,0.0,0.02692,-0.02692
1,820,18665.3,SETTLE,0.0,0.46528,-0.46528,0.0,0.03729,-0.03729,0.0,0.44367,-0.44367,0.0,0.01538,-0.01538
1,821,18685.9,SETTLE,0.0,0.45139,-0.45139,0.0,0.02712,-0.02712,0.0,0.43154,-0.43154,0.0,0.00769,-0.00769
1,822,18706.7,SETTLE,0.0,0.43924,-0.43924,0.0,0.02373,-0.02373,0.0,0.41768,-0.41768,0.0,0.0,0.0
1,823,18728.4,SETTLE,0.0,0.42708,-0.42708,0.0,0.01186,-0.01186,0.0,0.40555,-0.40555,0.0,0.0,0.0
1,824,18748.3,SETTLE,0.0,0.41493,-0.41493,0.0,0.00678,-0.00678,0.0,0.39168,-0.39168,0.0,0.0,0.0
1,825,18769.0,SETTLE,0.0,0.40278,-0.40278,0.0,0.00169,-0.00169,0.0,0.38128,-0.38128,0.0,0.0,0.0
1,826,18789.4,SETTLE,0.0,0.39236,-0.39236,0.0,0.0,0.0,0.0,0.36742,-0.36742,0.0,0.0,0.0
1,827,18810.1,SETTLE,0.0,0.37847,-0.37847,0.0,0.0,0.0,0.0,0.35355,-0.35355,0.0,0.0,0.0
1,828,18830.4,SETTLE,0.0,0.36632,-0.36632,0.0,0.0,0.0,0.0,0.34489,-0.34489,0.0,0.0,0.0
1,829,18852.5,SETTLE,0.0,0.35417,-0.35417,0.0,0.0,0.0,0.0,0.32929,-0.32929,0.0,0.0,0.0
1,830,18872.5,SETTLE,0.0,0.34201,-0.34201,0.0,0.0,0.0,0.0,0.31716,-0.31716,0.0,0.0,0.0
1,831,18893.9,SETTLE,0.0,0.32986,-0.32986,0.0,0.0,0.0,0.0,0.30503,-0.30503,0.0,0.0,0.0
1,832,18914.1,SETTLE,0.0,0.31771,-0.31771,0.0,0.0,0.0,0.0,0.29463,-0.29463,0.0,0.0,0.0
1,833,18934.8,SETTLE,0.0,0.30382,-0.30382,0.0,0.0,0.0,0.0,0.2825,-0.2825,0.0,0.0,0.0
1,834,18955.7,SETTLE,0.0,0.29167,-0.29167,0.0,0.0,0.0,0.0,0.27036,-0.27036,0.0,0.0,0.0
1,835,18977.1,SETTLE,0.0,0.27778,-0.27778,0.0,0.0,0.0,0.0,0.25823,-0.25823,0.0,0.0,0.0
1,836,18997.7,SETTLE,0.0,0.26389,-0.26389,0.0,0.0,0.0,0.0,0.24783,-0.24783,0.0,0.0,0.0
1,837,19018.1,SETTLE,0.0,0.25174,-0.25174,0.0,0.0,0.0,0.0,0.2357,-0.2357,0.0,0.0,0.0
1,838,19039.0,SETTLE,0.0,0.24132,-0.24132,0.0,0.0,0.0,0.0,0.22357,-0.22357,0.0,0.0,0.0
1,839,19060.3,SETTLE,0.0,0.22743,-0.22743,0.0,0.0,0.0,0.0,0.20971,-0.20971,0.0,0.0,0.0
1,840,19081.8,CLOSE,0.005,0.21528,-0.21028,0.005,0.0,0.005,0.005,0.19931,-0.19431,0.005,0.0,0.005
1,841,19104.3,CLOSE,0.01,0.20312,-0.19312,0.01,0.0,0.01,0.01,0.18371,-0.17371,0.01,0.0,0.01
1,842,19125.8,CLOSE,0.015,0.19097,-0.17597,0.015,0.0,0.015,0.015,0.17158,-0.15658,0.015,0.0,0.015
1,843,19145.9,CLOSE,0.02,0.17535,-0.15535,0.02,0.0,0.02,0.02,0.15945,-0.13945,0.02,0.0,0.02
1,844,19167.8,CLOSE,0.025,0.16319,-0.13819,0.025,0.0,0.025,0.025,0.14731,-0.12231,0.025,0.0,0.025
1,845,19188.1,CLOSE,0.03,0.14931,-0.11931,0.03,0.0,0.03,0.03,0.13518,-0.10518,0.03,0.0,0.03
1,846,19208.2,CLOSE,0.035,0.14236,-0.10736,0.035,0.0,0.035,0.035,0.12652,-0.09152,0.035,0.0,0.035
1,847,19229.2,CLOSE,0.04,0.125,-0.085,0.04,0.0,0.04,0.04,0.11438,-0.07438,0.04,0.0,0.04
1,848,19248.8,CLOSE,0.045,0.11285,-0.06785,0.045,0.0,0.045,0.045,0.10052,-0.05552,0.045,0.0,0.045
1,849,19269.9,CLOSE,0.05,0.10243,-0.05243,0.05,0.0,0.05,0.05,0.09185,-0.04185,0.05,0.0,0.05
1,850,19290.9,CLOSE,0.055,0.08681,-0.03181,0.055,0.00508,0.04992,0.055,0.07626,-0.02126,0.055,0.0,0.055
1,851,19311.8,CLOSE,0.06,0.07812,-0.01813,0.06,0.00847,0.05153,0.06,0.06932,-0.00932,0.06,0.0,0.06
1,852,19332.7,CLOSE,0.065,0.06597,-0.00097,0.065,0.01864,0.04636,0.065,0.05893,0.00607,0.065,0.00385,0.06115
1,853,19353.2,CLOSE,0.07,0.05556,0.01444,0.07,0.02203,0.04797,0.07,0.04853,0.02147,0.07,0.01731,0.05269
1,854,19374.5,CLOSE,0.075,0.04688,0.02812,0.075,0.03559,0.03941,0.075,0.04159,0.03341,0.075,0.01538,0.05962
1,855,19395.8,CLOSE,0.08,0.03819,0.04181,0.08,0.04068,0.03932,0.08,0.0364,0.0436,0.08,0.02308,0.05692
1,856,19416.1,CLOSE,0.085,0.02431,0.06069,0.085,0.04746,0.03754,0.085,0.0312,0.0538,0.085,0.02885,0.05615
1,857,19437.2,CLOSE,0.09,0.03125,0.05875,0.09,0.05424,0.03576,0.09,0.0312,0.0588,0.09,0.03846,0.05154
1,858,19457.3,CLOSE,0.095,0.03125,0.06375,0.095,0.06271,0.03229,0.095,0.026,0.069,0.095,0.04615,0.04885
1,859,19478.6,CLOSE,0.1,0.03646,0.06354,0.1,0.07119,0.02881,0.1,0.02773,0.07227,0.1,0.05192,0.04808
1,860,19499.5,CLOSE,0.105,0.03993,0.06507,0.105,0.07797,0.02703,0.105,0.0364,0.0686,0.105,0.06538,0.03962
1,861,19520.4,CLOSE,0.11,0.04514,0.06486,0.11,0.08644,0.02356,0.11,0.04333,0.06667,0.11,0.06538,0.04462
1,862,19540.8,CLOSE,0.115,0.05556,0.05944,0.115,0.09322,0.02178,0.115,0.04853,0.06647,0.115,0.07115,0.04385
1,863,19562.5,CLOSE,0.12,0.0625,0.0575,0.12,0.09831,0.02169,0.12,0.05199,0.06801,0.12,0.08077,0.03923
1,864,19582.8,CLOSE,0.125,0.06944,0.05556,0.125,0.10339,0.02161,0.125,0.06239,0.06261,0.125,0.08654,0.03846
1,865,19604.5,CLOSE,0.13,0.07986,0.05014,0.13,0.10678,0.02322,0.13,0.06932,0.06068,0.13,0.09423,0.03577
1,866,19625.0,CLOSE,0.135,0.08854,0.04646,0.135,0.11186,0.02314,0.135,0.07972,0.05528,0.135,0.1,0.035
1,867,19646.6,CLOSE,0.14,0.09722,0.04278,0.14,0.11525,0.02475,0.14,0.09012,0.04988,0.14,0.10962,0.03038
1,868,19666.2,CLOSE,0.145,0.10417,0.04083,0.145,0.11525,0.02975,0.145,0.09705,0.04795,0.145,0.11346,0.03154
1,869,19687.8,CLOSE,0.15,0.11285,0.03715,0.15,0.11695,0.03305,0.15,0.10745,0.04255,0.15,0.11923,0.03077
1,870,19707.7,CLOSE,0.155,0.11806,0.03694,0.155,0.11864,0.03636,0.155,0.11438,0.04062,0.155,0.125,0.03
1,871,19728.8,CLOSE,0.16,0.12674,0.03326,0.16,0.11864,0.04136,0.16,0.12652,0.03348,0.16,0.13654,0.02346
1,872,19749.4,CLOSE,0.165,0.13194,0.03306,0.165,0.12034,0.04466,0.165,0.12998,0.03502,0.165,0.13846,0.02654
1,873,19769.8,CLOSE,0.17,0.13715,0.03285,0.17,0.12034,0.04966,0.17,0.13692,0.03308,0.17,0.14615,0.02385
1,874,19790.8,CLOSE,0.175,0.14236,0.03264,0.175,0.10508,0.06992,0.175,0.14385,0.03115,0.175,0.14423,0.03077
1,875,19811.4,CLOSE,0.18,0.15104,0.02896,0.18,0.12542,0.05458,0.18,0.14905,0.03095,0.18,0.15,0.03
1,876,19833.3,CLOSE,0.185,0.15451,0.03049,0.185,0.13051,0.05449,0.185,0.15251,0.03249,0.185,0.15577,0.02923
1,877,19853.2,CLOSE,0.19,0.15972,0.03028,0.19,0.13729,0.05271,0.19,0.15771,0.03229,0.19,0.15962,0.03038
1,878,19874.4,CLOSE,0.195,0.16493,0.03007,0.195,0.14068,0.05432,0.195,0.16291,0.03209,0.195,0.16346,0.03154
1,879,19895.0,CLOSE,0.2,0.1684,0.0316,0.2,0.14746,0.05254,0.2,0.16638,0.03362,0.2,0.16923,0.03077
1,880,19916.0,CLOSE,0.205,0.17188,0.03313,0.205,0.15254,0.05246,0.205,0.16984,0.03516,0.205,0.17308,0.03192
1,881,19937.5,CLOSE,0.21,0.17708,0.03292,0.21,0.16441,0.04559,0.21,0.17504,0.03496,0.21,0.17885,0.03115
1,882,19958.1,CLOSE,0.215,0.18056,0.03444,0.215,0.1678,0.0472,0.215,0.17851,0.03649,0.215,0.18462,0.03038
1,883,19978.6,CLOSE,0.22,0.19444,0.02556,0.22,0.17627,0.04373,0.22,0.18198,0.03802,0.22,0.18846,0.03154
1,884,19999.9,CLOSE,0.225,0.19097,0.03403,0.225,0.18136,0.04364,0.225,0.18718,0.03782,0.225,0.19231,0.03269
1,885,20021.0,CLOSE,0.23,0.19965,0.03035,0.23,0.18305,0.04695,0.23,0.19237,0.03763,0.23,0.19615,0.03385
1,886,20043.1,CLOSE,0.235,0.2066,0.0284,0.235,0.18814,0.04686,0.235,0.20104,0.03396,0.235,0.20577,0.02923
1,887,20062.7,CLOSE,0.24,0.20312,0.03688,0.24,0.19322,0.04678,0.24,0.20104,0.03896,0.24,0.21538,0.02462
1,888,20083.2,CLOSE,0.245,0.21181,0.03319,0.245,0.2,0.045,0.245,0.20624,0.03876,0.245,0.23269,0.01231
1,889,20104.6,CLOSE,0.25,0.21875,0.03125,0.25,0.21017,0.03983,0.25,0.20971,0.04029,0.25,0.23462,0.01538
1,890,20124.3,CLOSE,0.255,0.21528,0.03972,0.255,0.21017,0.04483,0.255,0.21664,0.03836,0.255,0.24231,0.01269
1,891,20145.7,CLOSE,0.26,0.22743,0.03257,0.26,0.21525,0.04475,0.26,0.2201,0.0399,0.26,0.25192,0.00808
1,892,20166.7,CLOSE,0.265,0.22569,0.03931,0.265,0.22203,0.04297,0.265,0.22704,0.03796,0.265,0.25385,0.01115
1,893,20186.7,CLOSE,0.27,0.2309,0.0391,0.27,0.22712,0.04288,0.27,0.2305,0.0395,0.27,0.25769,0.01231
1,894,20207.9,CLOSE,0.275,0.23785,0.03715,0.275,0.2322,0.0428,0.275,0.2357,0.0393,0.275,0.26154,0.01346
1,895,20228.7,CLOSE,0.28,0.24132,0.03868,0.28,0.23898,0.04102,0.28,0.2409,0.0391,0.28,0.26538,0.01462
1,896,20249.1,CLOSE,0.285,0.24479,0.04021,0.285,0.24576,0.03924,0.285,0.24957,0.03543,0.285,0.27115,0.01385
1,897,20268.6,CLOSE,0.29,0.25174,0.03826,0.29,0.25085,0.03915,0.29,0.2565,0.0335,0.29,0.27692,0.01308
1,898,20289.2,CLOSE,0.295,0.25694,0.03806,0.295,0.25424,0.04076,0.295,0.2617,0.0333,0.295,0.27885,0.01615
1,899,20310.3,CLOSE,0.3,0.26042,0.03958,0.3,0.26271,0.03729,0.3,0.26516,0.03484,0.3,0.28269,0.01731
1,900,20332.1,CLOSE,0.305,0.2691,0.0359,0.305,0.2661,0.0389,0.305,0.2721,0.0329,0.305,0.28654,0.01846
1,901,20353.7,CLOSE,0.31,0.27257,0.03743,0.31,0.27458,0.03542,0.31,0.27383,0.03617,0.31,0.29423,0.01577
1,902,20374.3,CLOSE,0.315,0.27951,0.03549,0.315,0.27966,0.03534,0.315,0.2825,0.0325,0.315,0.29808,0.01692
1,903,20395.7,CLOSE,0.32,0.28646,0.03354,0.32,0.27627,0.04373,0.32,0.28423,0.03577,0.32,0.30385,0.01615
1,904,20416.3,CLOSE,0.325,0.29167,0.03333,0.325,0.28305,0.04195,0.325,0.28769,0.03731,0.325,0.31154,0.01346
1,905,20436.9,CLOSE,0.33,0.29688,0.03313,0.33,0.28475,0.04525,0.33,0.29289,0.03711,0.33,0.31923,0.01077
1,906,20458.0,CLOSE,0.335,0.30035,0.03465,0.335,0.28814,0.04686,0.335,0.29983,0.03517,0.335,0.32308,0.01192
1,907,20477.9,CLOSE,0.34,0.30729,0.03271,0.34,0.29322,0.04678,0.34,0.30329,0.03671,0.34,0.33077,0.00923
1,908,20499.9,CLOSE,0.345,0.31597,0.02903,0.345,0.29661,0.04839,0.345,0.30676,0.03824,0.345,0.34038,0.00462
1,909,20519.6,CLOSE,0.35,0.31771,0.03229,0.35,0.30339,0.04661,0.35,0.31196,0.03804,0.35,0.34808,0.00192
1,910,20542.2,CLOSE,0.355,0.31597,0.03903,0.355,0.30847,0.04653,0.355,0.31369,0.04131,0.355,0.35577,-0.00077
1,911,20562.1,CLOSE,0.36,0.32639,0.03361,0.36,0.32203,0.03797,0.36,0.31542,0.04458,0.36,0.35769,0.00231
1,912,20583.2,CLOSE,0.365,0.32812,0.03688,0.365,0.32034,0.04466,0.365,0.31889,0.04611,0.365,0.35577,0.00923
1,913,20603.5,CLOSE,0.37,0.3316,0.0384,0.37,0.32712,0.04288,0.37,0.32582,0.04418,0.37,0.36731,0.00269
1,914,20624.7,CLOSE,0.375,0.33681,0.03819,0.375,0.3322,0.0428,0.375,0.33622,0.03878,0.375,0.37308,0.00192
1,915,20645.4,CLOSE,0.38,0.34201,0.03799,0.38,0.34068,0.03932,0.38,0.33969,0.04031,0.38,0.37692,0.00308
1,916,20665.8,CLOSE,0.385,0.34896,0.03604,0.385,0.34237,0.04263,0.385,0.34662,0.03838,0.385,0.38269,0.00231
1,917,20687.6,CLOSE,0.39,0.35764,0.03236,0.39,0.34746,0.04254,0.39,0.35702,0.03298,0.39,0.39423,-0.00423
1,918,20706.9,CLOSE,0.395,0.36111,0.03389,0.395,0.35254,0.04246,0.395,0.36049,0.03451,0.395,0.39231,0.00269
1,919,20728.1,CLOSE,0.4,0.36632,0.03368,0.4,0.35932,0.04068,0.4,0.36568,0.03432,0.4,0.39808,0.00192
1,920,20749.5,CLOSE,0.405,0.37674,0.02826,0.405,0.36441,0.04059,0.405,0.37262,0.03238,0.405,0.40385,0.00115
1,921,20770.7,CLOSE,0.41,0.37847,0.03153,0.41,0.36949,0.04051,0.41,0.38302,0.02698,0.41,0.41154,-0.00154
1,922,20790.8,CLOSE,0.415,0.38368,0.03132,0.415,0.37288,0.04212,0.415,0.38995,0.02505,0.415,0.41346,0.00154
1,923,20811.6,CLOSE,0.42,0.38889,0.03111,0.42,0.37966,0.04034,0.42,0.39515,0.02485,0.42,0.41923,0.00077
1,924,20832.2,CLOSE,0.425,0.3941,0.0309,0.425,0.38136,0.04364,0.425,0.39861,0.02639,0.425,0.425,0.0
1,925,20853.3,CLOSE,0.43,0.39931,0.03069,0.43,0.39153,0.03847,0.43,0.40035,0.02965,0.43,0.43462,-0.00462
1,926,20875.2,CLOSE,0.435,0.40799,0.02701,0.435,0.39322,0.04178,0.435,0.40555,0.02945,0.435,0.44231,-0.00731
1,927,20895.3,CLOSE,0.44,0.40972,0.03028,0.44,0.39322,0.04678,0.44,0.40901,0.03099,0.44,0.44423,-0.00423
1,928,20916.1,CLOSE,0.445,0.41493,0.03007,0.445,0.39831,0.04669,0.445,0.41594,0.02906,0.445,0.45,-0.005
1,929,20936.9,CLOSE,0.45,0.4184,0.0316,0.45,0.40169,0.04831,0.45,0.41768,0.03232,0.45,0.45385,-0.00385
1,930,20958.8,CLOSE,0.455,0.42361,0.03139,0.455,0.40847,0.04653,0.455,0.42288,0.03212,0.455,0.46731,-0.01231
1,931,20979.5,CLOSE,0.46,0.43229,0.02771,0.46,0.41525,0.04475,0.46,0.42461,0.03539,0.46,0.47115,-0.01115
1,932,21000.0,CLOSE,0.465,0.43403,0.03097,0.465,0.41864,0.04636,0.465,0.43154,0.03346,0.465,0.47308,-0.00808
1,933,21021.0,CLOSE,0.47,0.4375,0.0325,0.47,0.42373,0.04627,0.47,0.43501,0.03499,0.47,0.47885,-0.00885
1,934,21041.4,CLOSE,0.475,0.44444,0.03056,0.475,0.42881,0.04619,0.475,0.43847,0.03653,0.475,0.48462,-0.00962
1,935,21062.6,CLOSE,0.48,0.44792,0.03208,0.48,0.43559,0.04441,0.48,0.44367,0.03633,0.48,0.49038,-0.01038
1,936,21085.1,CLOSE,0.485,0.45833,0.02667,0.485,0.44068,0.04432,0.485,0.45407,0.03093,0.485,0.49808,-0.01308
1,937,21104.3,CLOSE,0.49,0.46007,0.02993,0.49,0.45424,0.03576,0.49,0.45407,0.03593,0.49,0.50192,-0.01192
1,938,21124.4,CLOSE,0.495,0.46875,0.02625,0.495,0.45254,0.04246,0.495,0.45927,0.03573,0.495,0.50962,-0.01462
1,939,21144.4,CLOSE,0.5,0.46875,0.03125,0.5,0.45763,0.04237,0.5,0.46447,0.03553,0.5,0.51538,-0.01538
1,940,21163.9,CLOSE,0.505,0.47396,0.03104,0.5,0.46271,0.03729,0.505,0.4714,0.0336,0.5,0.51923,-0.01923
1,941,21184.9,CLOSE,0.51,0.47743,0.03257,0.5,0.47119,0.02881,0.51,0.47314,0.03686,0.5,0.52692,-0.02692
1,942,21206.2,CLOSE,0.515,0.48264,0.03236,0.5,0.47458,0.02542,0.515,0.47834,0.03666,0.5,0.53269,-0.03269
1,943,21228.1,CLOSE,0.52,0.48611,0.03389,0.5,0.48644,0.01356,0.52,0.4818,0.0382,0.5,0.53654,-0.03654
1,944,21249.6,CLOSE,0.525,0.49132,0.03368,0.5,0.48644,0.01356,0.525,0.487,0.038,0.5,0.54038,-0.04038
1,945,21269.3,CLOSE,0.53,0.50521,0.02479,0.5,0.48983,0.01017,0.53,0.49567,0.03433,0.5,0.54615,-0.04615
1,946,21291.3,CLOSE,0.535,0.51042,0.02458,0.5,0.49661,0.00339,0.535,0.5026,0.0324,0.5,0.54808,-0.04808
1,947,21311.7,CLOSE,0.54,0.51389,0.02611,0.5,0.50169,-0.00169,0.54,0.513,0.027,0.5,0.55,-0.05
1,948,21332.5,CLOSE,0.545,0.52778,0.01722,0.5,0.50678,-0.00678,0.545,0.52166,0.02334,0.5,0.55192,-0.05192
1,949,21352.9,CLOSE,0.55,0.53125,0.01875,0.5,0.50678,-0.00678,0.55,0.52686,0.02314,0.5,0.55385,-0.05385
1,950,21374.8,CLOSE,0.555,0.53299,0.02201,0.5,0.50847,-0.00847,0.555,0.5286,0.0264,0.5,0.55577,-0.05577
1,951,21395.2,CLOSE,0.56,0.53646,0.02354,0.5,0.51356,-0.01356,0.56,0.53033,0.02967,0.5,0.55769,-0.05769
1,952,21418.0,CLOSE,0.565,0.53646,0.02854,0.5,0.51186,-0.01186,0.565,0.5338,0.0312,0.5,0.55769,-0.05769
1,953,21438.4,CLOSE,0.57,0.53993,0.03007,0.5,0.50847,-0.00847,0.57,0.53726,0.03274,0.5,0.55577,-0.05577
1,954,21459.4,CLOSE,0.575,0.53993,0.03507,0.5,0.50847,-0.00847,0.575,0.54246,0.03254,0.5,0.55769,-0.05769
1,955,21478.7,CLOSE,0.58,0.54514,0.03486,0.5,0.50847,-0.00847,0.58,0.54419,0.03581,0.5,0.55769,-0.05769
1,956,21500.0,CLOSE,0.585,0.54861,0.03639,0.5,0.51356,-0.01356,0.585,0.55113,0.03387,0.5,0.55769,-0.05769
1,957,21521.5,CLOSE,0.59,0.55208,0.03792,0.5,0.51017,-0.01017,0.59,0.56153,0.02847,0.5,0.55577,-0.05577
1,958,21542.2,CLOSE,0.595,0.55729,0.03771,0.5,0.51017,-0.01017,0.595,0.55806,0.03694,0.5,0.55769,-0.05769
1,959,21562.3,CLOSE,0.6,0.5625,0.0375,0.5,0.51017,-0.01017,0.6,0.56326,0.03674,0.5,0.55577,-0.05577
1,960,21583.9,CLOSE,0.605,0.57118,0.03382,0.5,0.50847,-0.00847,0.605,0.56846,0.03654,0.5,0.55769,-0.05769
1,961,21603.3,CLOSE,0.61,0.57639,0.03361,0.5,0.50847,-0.00847,0.61,0.57192,0.03808,0.5,0.55769,-0.05769
1,962,21624.6,CLOSE,0.615,0.57986,0.03514,0.5,0.51017,-0.01017,0.615,0.57712,0.03788,0.5,0.55769,-0.05769
1,963,21645.4,CLOSE,0.62,0.58333,0.03667,0.5,0.50847,-0.00847,0.62,0.58232,0.03768,0.5,0.55769,-0.05769
1,964,21665.8,CLOSE,0.625,0.58854,0.03646,0.5,0.50847,-0.00847,0.625,0.59272,0.03228,0.5,0.55769,-0.05769
1,965,21686.9,CLOSE,0.63,0.60069,0.02931,0.5,0.51186,-0.01186,0.63,0.59619,0.03381,0.5,0.55769,-0.05769
1,966,21707.5,CLOSE,0.635,0.60417,0.03083,0.5,0.51017,-0.01017,0.635,0.59965,0.03535,0.5,0.55769,-0.05769
1,967,21728.5,CLOSE,0.64,0.6059,0.0341,0.5,0.51356,-0.01356,0.64,0.61179,0.02821,0.5,0.56154,-0.06154
1,968,21748.6,CLOSE,0.645,0.60938,0.03563,0.5,0.51017,-0.01017,0.645,0.61352,0.03148,0.5,0.55769,-0.05769
1,969,21770.1,CLOSE,0.65,0.62153,0.02847,0.5,0.51017,-0.01017,0.65,0.62045,0.02955,0.5,0.55769,-0.05769
1,970,21791.2,CLOSE,0.655,0.62153,0.03347,0.5,0.50847,-0.00847,0.655,0.62218,0.03282,0.5,0.55962,-0.05962
1,971,21812.4,CLOSE,0.66,0.62674,0.03326,0.5,0.50847,-0.00847,0.66,0.62565,0.03435,0.5,0.55769,-0.05769
1,972,21833.4,CLOSE,0.665,0.63715,0.02785,0.5,0.51525,-0.01525,0.665,0.63432,0.03068,0.5,0.55769,-0.05769
1,973,21853.5,CLOSE,0.67,0.64583,0.02417,0.5,0.50678,-0.00678,0.67,0.64125,0.02875,0.5,0.55769,-0.05769
1,974,21874.7,CLOSE,0.675,0.64583,0.02917,0.5,0.49831,0.00169,0.675,0.64298,0.03202,0.5,0.55769,-0.05769
1,975,21894.7,CLOSE,0.68,0.64757,0.03243,0.5,0.49153,0.00847,0.68,0.64818,0.03182,0.5,0.56154,-0.06154
1,976,21917.6,CLOSE,0.685,0.65625,0.02875,0.5,0.48136,0.01864,0.685,0.65165,0.03335,0.5,0.55769,-0.05769
1,977,21937.9,CLOSE,0.69,0.66146,0.02854,0.5,0.48644,0.01356,0.69,0.66205,0.02795,0.5,0.56154,-0.06154
1,978,21958.1,CLOSE,0.695,0.66493,0.03007,0.5,0.48814,0.01186,0.695,0.66031,0.03469,0.5,0.55577,-0.05577
1,979,21979.7,CLOSE,0.7,0.6684,0.0316,0.5,0.47797,0.02203,0.7,0.67244,0.02756,0.5,0.55577,-0.05577
1,980,22000.2,CLOSE,0.705,0.68056,0.02444,0.5,0.48644,0.01356,0.705,0.67244,0.03256,0.5,0.55769,-0.05769
1,981,22021.5,CLOSE,0.71,0.68229,0.02771,0.5,0.48644,0.01356,0.71,0.67764,0.03236,0.5,0.55577,-0.05577
1,982,22042.2,CLOSE,0.715,0.6875,0.0275,0.5,0.48475,0.01525,0.715,0.68631,0.02869,0.5,0.55769,-0.05769
1,983,22062.5,CLOSE,0.72,0.69271,0.02729,0.5,0.48644,0.01356,0.72,0.68804,0.03196,0.5,0.55769,-0.05769
1,984,22082.6,CLOSE,0.725,0.69792,0.02708,0.5,0.48644,0.01356,0.725,0.69151,0.03349,0.5,0.55769,-0.05769
1,985,22103.1,CLOSE,0.73,0.70139,0.02861,0.5,0.48644,0.01356,0.73,0.69844,0.03156,0.5,0.55769,-0.05769
1,986,22124.0,CLOSE,0.735,0.7066,0.0284,0.5,0.48644,0.01356,0.735,0.70017,0.03483,0.5,0.55769,-0.05769
1,987,22145.4,CLOSE,0.74,0.71701,0.02299,0.5,0.48644,0.01356,0.74,0.71231,0.02769,0.5,0.55769,-0.05769
1,988,22166.3,CLOSE,0.745,0.71528,0.02972,0.5,0.48644,0.01356,0.745,0.71404,0.03096,0.5,0.55769,-0.05769
1,989,22186.7,CLOSE,0.75,0.71875,0.03125,0.5,0.48136,0.01864,0.75,0.72097,0.02903,0.5,0.55769,-0.05769
1,990,22207.9,CLOSE,0.755,0.72222,0.03278,0.5,0.49831,0.00169,0.755,0.71924,0.03576,0.5,0.55769,-0.05769
1,991,22228.5,CLOSE,0.76,0.72743,0.03257,0.5,0.49492,0.00508,0.76,0.72444,0.03556,0.5,0.55769,-0.05769
1,992,22249.3,CLOSE,0.765,0.7309,0.0341,0.5,0.48814,0.01186,0.765,0.7331,0.0319,0.5,0.55577,-0.05577
1,993,22270.0,CLOSE,0.77,0.73611,0.03389,0.5,0.48983,0.01017,0.77,0.73657,0.03343,0.5,0.55769,-0.05769
1,994,22291.3,CLOSE,0.775,0.74132,0.03368,0.5,0.49322,0.00678,0.775,0.7383,0.0367,0.5,0.55769,-0.05769
1,995,22311.8,CLOSE,0.78,0.74653,0.03347,0.5,0.50339,-0.00339,0.78,0.7435,0.0365,0.5,0.55769,-0.05769
1,996,22333.6,CLOSE,0.785,0.75521,0.02979,0.5,0.50678,-0.00678,0.785,0.7487,0.0363,0.5,0.55769,-0.05769
1,997,22353.5,CLOSE,0.79,0.75521,0.03479,0.5,0.50847,-0.00847,0.79,0.75217,0.03783,0.5,0.55769,-0.05769
1,998,22374.4,CLOSE,0.795,0.76042,0.03458,0.5,0.51017,-0.01017,0.795,0.7591,0.0359,0.5,0.55769,-0.05769
1,999,22395.9,CLOSE,0.8,0.77257,0.02743,0.5,0.51186,-0.01186,0.8,0.7695,0.0305,0.5,0.55962,-0.05962
1,1000,22416.5,CLOSE,0.805,0.77083,0.03417,0.5,0.51017,-0.01017,0.805,0.7695,0.0355,0.5,0.55769,-0.05769
1,1001,22438.5,CLOSE,0.81,0.78125,0.02875,0.5,0.51017,-0.01017,0.81,0.77643,0.03357,0.5,0.56154,-0.06154
1,1002,22457.4,CLOSE,0.815,0.78299,0.03201,0.5,0.51186,-0.01186,0.815,0.78163,0.03337,0.5,0.55769,-0.05769
1,1003,22479.2,CLOSE,0.82,0.78819,0.03181,0.5,0.51017,-0.01017,0.82,0.79376,0.02624,0.5,0.56346,-0.06346
1,1004,22500.6,CLOSE,0.825,0.7934,0.0316,0.5,0.51017,-0.01017,0.825,0.79376,0.03124,0.5,0.55769,-0.05769
1,1005,22520.4,CLOSE,0.83,0.79861,0.03139,0.5,0.51186,-0.01186,0.83,0.80069,0.02931,0.5,0.55769,-0.05769
1,1006,22541.0,CLOSE,0.835,0.80382,0.03118,0.5,0.51017,-0.01017,0.835,0.80416,0.03084,0.5,0.55769,-0.05769
1,1007,22561.7,CLOSE,0.84,0.81076,0.02924,0.5,0.51017,-0.01017,0.84,0.80936,0.03064,0.5,0.55769,-0.05769
1,1008,22582.5,CLOSE,0.845,0.81597,0.02903,0.5,0.51017,-0.01017,0.845,0.81629,0.02871,0.5,0.55769,-0.05769
1,1009,22603.7,CLOSE,0.85,0.82292,0.02708,0.5,0.51186,-0.01186,0.85,0.81802,0.03198,0.5,0.55962,-0.05962
1,1010,22624.4,CLOSE,0.855,0.82465,0.03035,0.5,0.51017,-0.01017,0.855,0.82149,0.03351,0.5,0.55769,-0.05769
1,1011,22645.6,CLOSE,0.86,0.82812,0.03188,0.5,0.51017,-0.01017,0.86,0.83189,0.02811,0.5,0.55962,-0.05962
1,1012,22665.9,CLOSE,0.865,0.8316,0.0334,0.5,0.51017,-0.01017,0.865,0.83709,0.02791,0.5,0.55962,-0.05962
1,1013,22687.2,CLOSE,0.87,0.84028,0.02972,0.5,0.51017,-0.01017,0.87,0.84055,0.02945,0.5,0.55769,-0.05769
1,1014,22707.6,CLOSE,0.875,0.84201,0.03299,0.5,0.51017,-0.01017,0.875,0.84402,0.03098,0.5,0.55769,-0.05769
1,1015,22728.0,CLOSE,0.88,0.85243,0.02757,0.5,0.51186,-0.01186,0.88,0.85095,0.02905,0.5,0.55769,-0.05769
1,1016,22749.8,CLOSE,0.885,0.85243,0.03257,0.5,0.51864,-0.01864,0.885,0.85789,0.02711,0.5,0.55769,-0.05769
1,1017,22770.3,CLOSE,0.89,0.85417,0.03583,0.5,0.52034,-0.02034,0.89,0.86135,0.02865,0.5,0.56154,-0.06154
1,1018,22791.4,CLOSE,0.895,0.86632,0.02868,0.5,0.49661,0.00339,0.895,0.86828,0.02672,0.5,0.55769,-0.05769
1,1019,22812.4,CLOSE,0.9,0.87153,0.02847,0.5,0.51017,-0.01017,0.9,0.87348,0.02652,0.5,0.55769,-0.05769
1,1020,22832.3,CLOSE,0.905,0.87674,0.02826,0.5,0.51864,-0.01864,0.905,0.87868,0.02632,0.5,0.55769,-0.05769
1,1021,22854.1,CLOSE,0.91,0.87674,0.03326,0.5,0.51017,-0.01017,0.91,0.87868,0.03132,0.5,0.55769,-0.05769
1,1022,22874.8,CLOSE,0.915,0.88021,0.03479,0.5,0.50847,-0.00847,0.915,0.88562,0.02938,0.5,0.55769,-0.05769
1,1023,22895.4,CLOSE,0.92,0.88889,0.03111,0.5,0.51017,-0.01017,0.92,0.88908,0.03092,0.5,0.55962,-0.05962
1,1024,22916.7,CLOSE,0.925,0.8941,0.0309,0.5,0.50847,-0.00847,0.925,0.90121,0.02379,0.5,0.55962,-0.05962
1,1025,22937.6,CLOSE,0.93,0.90104,0.02896,0.5,0.51695,-0.01695,0.93,0.89948,0.03052,0.5,0.55769,-0.05769
1,1026,22958.4,CLOSE,0.935,0.90278,0.03222,0.5,0.49661,0.00339,0.935,0.90641,0.02859,0.5,0.55769,-0.05769
1,1027,22979.8,CLOSE,0.94,0.90625,0.03375,0.5,0.49153,0.00847,0.94,0.91161,0.02839,0.5,0.55769,-0.05769
1,1028,23000.4,CLOSE,0.945,0.90972,0.03528,0.5,0.49153,0.00847,0.945,0.91854,0.02646,0.5,0.55962,-0.05962
1,1029,23019.9,CLOSE,0.95,0.91667,0.03333,0.5,0.49322,0.00678,0.95,0.92201,0.02799,0.5,0.56346,-0.06346
1,1030,23040.9,CLOSE,0.955,0.92188,0.03313,0.5,0.48983,0.01017,0.955,0.92548,0.02952,0.5,0.55769,-0.05769
1,1031,23061.7,CLOSE,0.96,0.92882,0.03118,0.5,0.48983,0.01017,0.96,0.92894,0.03106,0.5,0.55769,-0.05769
1,1032,23082.9,CLOSE,0.965,0.93229,0.03271,0.5,0.46949,0.03051,0.965,0.93414,0.03086,0.5,0.55962,-0.05962
1,1033,23102.9,CLOSE,0.97,0.9375,0.0325,0.5,0.49661,0.00339,0.97,0.93934,0.03066,0.5,0.55769,-0.05769
1,1034,23124.3,CLOSE,0.975,0.93924,0.03576,0.5,0.48814,0.01186,0.975,0.94801,0.02699,0.5,0.55769,-0.05769
1,1035,23145.4,CLOSE,0.98,0.94618,0.03382,0.5,0.48983,0.01017,0.98,0.94974,0.03026,0.5,0.55769,-0.05769
1,1036,23165.8,CLOSE,0.985,0.94965,0.03535,0.5,0.48983,0.01017,0.985,0.95667,0.02833,0.5,0.55962,-0.05962
1,1037,23186.7,CLOSE,0.99,0.95486,0.03514,0.5,0.49153,0.00847,0.99,0.95841,0.03159,0.5,0.55962,-0.05962
1,1038,23207.1,CLOSE,0.995,0.9566,0.0384,0.5,0.48814,0.01186,0.995,0.9636,0.0314,0.5,0.55769,-0.05769
1,1039,23228.3,CLOSE,1.0,0.95833,0.04167,0.5,0.49492,0.00508,1.0,0.96707,0.03293,0.5,0.55962,-0.05962
1,1040,23236.4,HOLD_CLOSED,1.0,0.96181,0.03819,0.5,0.48814,0.01186,1.0,0.97574,0.02426,0.5,0.55962,-0.05962
1,1041,23256.9,HOLD_CLOSED,1.0,0.96528,0.03472,0.5,0.48983,0.01017,1.0,0.974,0.026,0.5,0.55962,-0.05962
1,1042,23277.9,HOLD_CLOSED,1.0,0.96701,0.03299,0.5,0.49153,0.00847,1.0,0.9792,0.0208,0.5,0.55962,-0.05962
1,1043,23298.9,HOLD_CLOSED,1.0,0.97569,0.02431,0.5,0.48983,0.01017,1.0,0.98094,0.01906,0.5,0.55577,-0.05577
1,1044,23319.8,HOLD_CLOSED,1.0,0.97049,0.02951,0.5,0.5,0.0,1.0,0.98094,0.01906,0.5,0.55769,-0.05769
1,1045,23340.8,HOLD_CLOSED,1.0,0.97917,0.02083,0.5,0.50339,-0.00339,1.0,0.9844,0.0156,0.5,0.55577,-0.05577
1,1046,23361.3,HOLD_CLOSED,1.0,0.97396,0.02604,0.5,0.50508,-0.00508,1.0,0.9844,0.0156,0.5,0.55769,-0.05769
1,1047,23382.3,HOLD_CLOSED,1.0,0.98264,0.01736,0.5,0.50339,-0.00339,1.0,0.9844,0.0156,0.5,0.55962,-0.05962
1,1048,23403.6,HOLD_CLOSED,1.0,0.97396,0.02604,0.5,0.50339,-0.00339,1.0,0.9844,0.0156,0.5,0.55962,-0.05962
1,1049,23423.9,HOLD_CLOSED,1.0,0.97396,0.02604,0.5,0.50508,-0.00508,1.0,0.9844,0.0156,0.5,0.55769,-0.05769
1,1050,23444.3,HOLD_CLOSED,1.0,0.97222,0.02778,0.5,0.50339,-0.00339,1.0,0.9844,0.0156,0.5,0.55769,-0.05769
1,1051,23465.5,HOLD_CLOSED,1.0,0.97222,0.02778,0.5,0.50339,-0.00339,1.0,0.98267,0.01733,0.5,0.55962,-0.05962
1,1052,23486.3,HOLD_CLOSED,1.0,0.97396,0.02604,0.5,0.50339,-0.00339,1.0,0.98267,0.01733,0.5,0.55962,-0.05962
1,1053,23507.2,HOLD_CLOSED,1.0,0.96528,0.03472,0.5,0.50169,-0.00169,1.0,0.9844,0.0156,0.5,0.55769,-0.05769
1,1054,23528.3,HOLD_CLOSED,1.0,0.97396,0.02604,0.5,0.50508,-0.00508,1.0,0.9844,0.0156,0.5,0.55769,-0.05769
1,1055,23548.7,HOLD_CLOSED,1.0,0.97049,0.02951,0.5,0.50339,-0.00339,1.0,0.9844,0.0156,0.5,0.55962,-0.05962
1,1056,23570.3,HOLD_CLOSED,1.0,0.97396,0.02604,0.5,0.50508,-0.00508,1.0,0.9844,0.0156,0.5,0.56154,-0.06154
1,1057,23590.1,HOLD_CLOSED,1.0,0.97396,0.02604,0.5,0.50169,-0.00169,1.0,0.98614,0.01386,0.5,0.55769,-0.05769
1,1058,23612.6,HOLD_CLOSED,1.0,0.98611,0.01389,0.5,0.50678,-0.00678,1.0,0.9844,0.0156,0.5,0.55769,-0.05769
1,1059,23633.0,HOLD_CLOSED,1.0,0.97396,0.02604,0.5,0.50508,-0.00508,1.0,0.99133,0.00867,0.5,0.55769,-0.05769
1,1060,23654.7,HOLD_CLOSED,1.0,0.97569,0.02431,0.5,0.50339,-0.00339,1.0,0.9844,0.0156,0.5,0.55962,-0.05962
1,1061,23673.9,HOLD_CLOSED,1.0,0.97743,0.02257,0.5,0.50508,-0.00508,1.0,0.98614,0.01386,0.5,0.55769,-0.05769
1,1062,23694.5,HOLD_CLOSED,1.0,0.97917,0.02083,0.5,0.50339,-0.00339,1.0,0.9844,0.0156,0.5,0.55769,-0.05769
1,1063,23715.9,HOLD_CLOSED,1.0,0.98264,0.01736,0.5,0.50339,-0.00339,1.0,0.98787,0.01213,0.5,0.55962,-0.05962
1,1064,23736.7,HOLD_CLOSED,1.0,0.99132,0.00868,0.5,0.50847,-0.00847,1.0,1.0,0.0,0.5,0.55769,-0.05769
1,1065,23756.8,HOLD_CLOSED,1.0,0.98611,0.01389,0.5,0.50339,-0.00339,1.0,0.9896,0.0104,0.5,0.55962,-0.05962
1,1066,23778.0,HOLD_CLOSED,1.0,0.99826,0.00174,0.5,0.50339,-0.00339,1.0,1.0,0.0,0.5,0.55962,-0.05962
1,1067,23798.6,HOLD_CLOSED,1.0,0.99132,0.00868,0.5,0.50508,-0.00508,1.0,0.99307,0.00693,0.5,0.55769,-0.05769
1,1068,23820.5,HOLD_CLOSED,1.0,0.99132,0.00868,0.5,0.50339,-0.00339,1.0,0.99307,0.00693,0.5,0.55769,-0.05769
1,1069,23840.6,HOLD_CLOSED,1.0,0.99653,0.00347,0.5,0.50339,-0.00339,1.0,0.99307,0.00693,0.5,0.55769,-0.05769
1,1070,23861.4,HOLD_CLOSED,1.0,0.99132,0.00868,0.5,0.50339,-0.00339,1.0,0.9948,0.0052,0.5,0.55962,-0.05962
1,1071,23881.9,HOLD_CLOSED,1.0,0.99479,0.00521,0.5,0.50508,-0.00508,1.0,0.99307,0.00693,0.5,0.55769,-0.05769
1,1072,23902.9,HOLD_CLOSED,1.0,0.99306,0.00694,0.5,0.50508,-0.00508,1.0,0.9948,0.0052,0.5,0.55769,-0.05769
1,1073,23924.0,HOLD_CLOSED,1.0,0.99826,0.00174,0.5,0.50339,-0.00339,1.0,0.99307,0.00693,0.5,0.55962,-0.05962
1,1074,23944.9,HOLD_CLOSED,1.0,0.99479,0.00521,0.5,0.50339,-0.00339,1.0,0.9948,0.0052,0.5,0.55769,-0.05769
1,1075,23965.3,HOLD_CLOSED,1.0,0.99306,0.00694,0.5,0.50508,-0.00508,1.0,0.99307,0.00693,0.5,0.56154,-0.06154
1,1076,23987.9,HOLD_CLOSED,1.0,0.99306,0.00694,0.5,0.50508,-0.00508,1.0,0.99307,0.00693,0.5,0.55769,-0.05769
1,1077,24007.3,HOLD_CLOSED,1.0,0.99132,0.00868,0.5,0.50508,-0.00508,1.0,0.9948,0.0052,0.5,0.55769,-0.05769
1,1078,24027.6,HOLD_CLOSED,1.0,0.99479,0.00521,0.5,0.50339,-0.00339,1.0,0.9948,0.0052,0.5,0.55769,-0.05769
1,1079,24049.7,HOLD_CLOSED,1.0,0.99479,0.00521,0.5,0.50339,-0.00339,1.0,0.99307,0.00693,0.5,0.55962,-0.05962
1,1080,24070.2,HOLD_CLOSED,1.0,0.99479,0.00521,0.5,0.50339,-0.00339,1.0,0.99307,0.00693,0.5,0.55769,-0.05769
1,1081,24091.5,HOLD_CLOSED,1.0,0.99306,0.00694,0.5,0.50508,-0.00508,1.0,0.99307,0.00693,0.5,0.55769,-0.05769
1,1082,24111.9,HOLD_CLOSED,1.0,0.99132,0.00868,0.5,0.50339,-0.00339,1.0,0.9948,0.0052,0.5,0.55769,-0.05769
1,1083,24132.5,HOLD_CLOSED,1.0,0.99306,0.00694,0.5,0.50339,-0.00339,1.0,0.99307,0.00693,0.5,0.55769,-0.05769
1,1084,24153.6,HOLD_CLOSED,1.0,0.99479,0.00521,0.5,0.50339,-0.00339,1.0,0.99133,0.00867,0.5,0.55962,-0.05962
1,1085,24174.1,HOLD_CLOSED,1.0,0.99479,0.00521,0.5,0.50508,-0.00508,1.0,0.99307,0.00693,0.5,0.55769,-0.05769
1,1086,24194.9,HOLD_CLOSED,1.0,0.99479,0.00521,0.5,0.50508,-0.00508,1.0,0.9948,0.0052,0.5,0.55962,-0.05962
1,1087,24216.3,HOLD_CLOSED,1.0,0.99306,0.00694,0.5,0.50339,-0.00339,1.0,0.99307,0.00693,0.5,0.55769,-0.05769
1,1088,24236.4,HOLD_CLOSED,1.0,0.99306,0.00694,0.5,0.50339,-0.00339,1.0,0.99307,0.00693,0.5,0.55769,-0.05769
1,1089,24257.2,HOLD_CLOSED,1.0,0.99306,0.00694,0.5,0.50339,-0.00339,1.0,0.99133,0.00867,0.5,0.55962,-0.05962
1,1090,24278.0,HOLD_CLOSED,1.0,0.99479,0.00521,0.5,0.50508,-0.00508,1.0,0.9948,0.0052,0.5,0.55769,-0.05769
1,1091,24297.7,HOLD_CLOSED,1.0,0.99479,0.00521,0.5,0.50508,-0.00508,1.0,0.99307,0.00693,0.5,0.56154,-0.06154
1,1092,24319.4,HOLD_CLOSED,1.0,0.99479,0.00521,0.5,0.50339,-0.00339,1.0,0.99133,0.00867,0.5,0.55769,-0.05769
1,1093,24340.7,HOLD_CLOSED,1.0,0.99479,0.00521,0.5,0.50508,-0.00508,1.0,0.99307,0.00693,0.5,0.55962,-0.05962
1,1094,24361.6,HOLD_CLOSED,1.0,0.99479,0.00521,0.5,0.50508,-0.00508,1.0,0.99307,0.00693,0.5,0.55769,-0.05769
1,1095,24382.5,HOLD_CLOSED,1.0,0.99479,0.00521,0.5,0.50508,-0.00508,1.0,0.99307,0.00693,0.5,0.55962,-0.05962
1,1096,24403.2,HOLD_CLOSED,1.0,0.99306,0.00694,0.5,0.50339,-0.00339,1.0,0.99307,0.00693,0.5,0.55769,-0.05769
1,1097,24423.8,HOLD_CLOSED,1.0,0.99306,0.00694,0.5,0.50339,-0.00339,1.0,0.99133,0.00867,0.5,0.55962,-0.05962
1,1098,24444.7,HOLD_CLOSED,1.0,0.99479,0.00521,0.5,0.50678,-0.00678,1.0,0.99307,0.00693,0.5,0.55769,-0.05769
1,1099,24466.1,HOLD_CLOSED,1.0,0.99479,0.00521,0.5,0.50508,-0.00508,1.0,0.99307,0.00693,0.5,0.55962,-0.05962
1,1100,24487.6,OPEN,0.995,0.99653,-0.00153,0.495,0.50508,-0.01008,0.995,0.99307,0.00193,0.495,0.55962,-0.06462
1,1101,24509.1,OPEN,0.99,0.99306,-0.00306,0.49,0.50339,-0.01339,0.99,0.99307,-0.00307,0.49,0.55962,-0.06962
1,1102,24530.3,OPEN,0.985,0.99306,-0.00806,0.485,0.50508,-0.02008,0.985,0.99133,-0.00633,0.485,0.55962,-0.07462
1,1103,24552.7,OPEN,0.98,0.99479,-0.01479,0.48,0.50508,-0.02508,0.98,0.99307,-0.01307,0.48,0.55769,-0.07769
1,1104,24572.8,OPEN,0.975,0.99479,-0.01979,0.475,0.50508,-0.03008,0.975,0.99307,-0.01807,0.475,0.55769,-0.08269
1,1105,24593.2,OPEN,0.97,0.99306,-0.02306,0.47,0.50339,-0.03339,0.97,0.99307,-0.02307,0.47,0.55962,-0.08962
1,1106,24614.3,OPEN,0.965,0.99306,-0.02806,0.465,0.50339,-0.03839,0.965,0.99133,-0.02633,0.465,0.55769,-0.09269
1,1107,24635.0,OPEN,0.96,0.99479,-0.03479,0.46,0.50508,-0.04508,0.96,0.99133,-0.03133,0.46,0.55962,-0.09962
1,1108,24656.1,OPEN,0.955,0.99479,-0.03979,0.455,0.51356,-0.05856,0.955,0.99307,-0.03807,0.455,0.55769,-0.10269
1,1109,24676.0,OPEN,0.95,0.99306,-0.04306,0.45,0.50339,-0.05339,0.95,0.9948,-0.0448,0.45,0.55769,-0.10769
1,1110,24697.2,OPEN,0.945,0.99306,-0.04806,0.445,0.50339,-0.05839,0.945,0.99133,-0.04633,0.445,0.55577,-0.11077
1,1111,24718.1,OPEN,0.94,0.99306,-0.05306,0.44,0.50339,-0.06339,0.94,0.99133,-0.05133,0.44,0.55769,-0.11769
1,1112,24738.3,OPEN,0.935,0.99479,-0.05979,0.435,0.50339,-0.06839,0.935,0.9948,-0.0598,0.435,0.55769,-0.12269
1,1113,24758.6,OPEN,0.93,0.99306,-0.06306,0.43,0.49831,-0.06831,0.93,0.99307,-0.06307,0.43,0.55769,-0.12769
1,1114,24779.9,OPEN,0.925,0.99132,-0.06632,0.425,0.49661,-0.07161,0.925,0.99307,-0.06807,0.425,0.55385,-0.12885
1,1115,24800.6,OPEN,0.92,0.99132,-0.07132,0.42,0.48644,-0.06644,0.92,0.9896,-0.0696,0.42,0.54231,-0.12231
1,1116,24821.5,OPEN,0.915,0.98611,-0.07111,0.415,0.47966,-0.06466,0.915,0.98614,-0.07114,0.415,0.53462,-0.11962
1,1117,24842.8,OPEN,0.91,0.9809,-0.0709,0.41,0.46949,-0.05949,0.91,0.9844,-0.0744,0.41,0.52885,-0.11885
1,1118,24863.5,OPEN,0.905,0.97743,-0.07243,0.405,0.46102,-0.05602,0.905,0.9792,-0.0742,0.405,0.52308,-0.11808
1,1119,24884.6,OPEN,0.9,0.97222,-0.07222,0.4,0.45254,-0.05254,0.9,0.9688,-0.0688,0.4,0.50385,-0.10385
1,1120,24905.2,OPEN,0.895,0.97222,-0.07722,0.395,0.44576,-0.05076,0.895,0.9636,-0.0686,0.395,0.49615,-0.10115
1,1121,24926.2,OPEN,0.89,0.96181,-0.07181,0.39,0.43729,-0.04729,0.89,0.96187,-0.07187,0.39,0.48269,-0.09269
1,1122,24947.0,OPEN,0.885,0.95833,-0.07333,0.385,0.42881,-0.04381,0.885,0.95494,-0.06994,0.385,0.47308,-0.08808
1,1123,24967.8,OPEN,0.88,0.94792,-0.06792,0.38,0.42203,-0.04203,0.88,0.94627,-0.06627,0.38,0.46346,-0.08346
1,1124,24989.1,OPEN,0.875,0.93229,-0.05729,0.375,0.41525,-0.04025,0.875,0.93414,-0.05914,0.375,0.45577,-0.08077
1,1125,25009.7,OPEN,0.87,0.92708,-0.05708,0.37,0.40678,-0.03678,0.87,0.92894,-0.05894,0.37,0.44615,-0.07615
1,1126,25031.1,OPEN,0.865,0.9184,-0.0534,0.365,0.40169,-0.03669,0.865,0.92201,-0.05701,0.365,0.43846,-0.07346
1,1127,25051.5,OPEN,0.86,0.90972,-0.04972,0.36,0.39661,-0.03661,0.86,0.91681,-0.05681,0.36,0.43269,-0.07269
1,1128,25073.1,OPEN,0.855,0.90451,-0.04951,0.355,0.38983,-0.03483,0.855,0.90988,-0.05488,0.355,0.42692,-0.07192
1,1129,25093.2,OPEN,0.85,0.8941,-0.0441,0.35,0.38305,-0.03305,0.85,0.90641,-0.05641,0.35,0.42308,-0.07308
1,1130,25114.2,OPEN,0.845,0.89062,-0.04563,0.345,0.37797,-0.03297,0.845,0.89601,-0.05101,0.345,0.41923,-0.07423
1,1131,25135.3,OPEN,0.84,0.88368,-0.04368,0.34,0.37288,-0.03288,0.84,0.88562,-0.04562,0.34,0.41731,-0.07731
1,1132,25155.4,OPEN,0.835,0.88021,-0.04521,0.335,0.3678,-0.0328,0.835,0.88042,-0.04542,0.335,0.41538,-0.08038
1,1133,25174.9,OPEN,0.83,0.87847,-0.04847,0.33,0.36271,-0.03271,0.83,0.87522,-0.04522,0.33,0.41538,-0.08538
1,1134,25196.4,OPEN,0.825,0.875,-0.05,0.325,0.35763,-0.03263,0.825,0.86828,-0.04328,0.325,0.40962,-0.08462
1,1135,25218.1,OPEN,0.82,0.87326,-0.05326,0.32,0.35424,-0.03424,0.82,0.86308,-0.04308,0.32,0.40962,-0.08962
1,1136,25238.6,OPEN,0.815,0.87153,-0.05653,0.315,0.35424,-0.03924,0.815,0.85962,-0.04462,0.315,0.40385,-0.08885
1,1137,25259.1,OPEN,0.81,0.86806,-0.05806,0.31,0.34915,-0.03915,0.81,0.85442,-0.04442,0.31,0.40385,-0.09385
1,1138,25280.6,OPEN,0.805,0.86632,-0.06132,0.305,0.34746,-0.04246,0.805,0.85269,-0.04769,0.305,0.39808,-0.09308
1,1139,25301.6,OPEN,0.8,0.86458,-0.06458,0.3,0.34576,-0.04576,0.8,0.85269,-0.05269,0.3,0.39423,-0.09423
1,1140,25321.3,OPEN,0.795,0.86458,-0.06958,0.295,0.34237,-0.04737,0.795,0.85269,-0.05769,0.295,0.39423,-0.09923
1,1141,25342.3,OPEN,0.79,0.86806,-0.07806,0.29,0.34407,-0.05407,0.79,0.84922,-0.05922,0.29,0.38462,-0.09462
1,1142,25363.2,OPEN,0.785,0.86285,-0.07785,0.285,0.33559,-0.05059,0.785,0.84922,-0.06422,0.285,0.37692,-0.09192
1,1143,25384.6,OPEN,0.78,0.8559,-0.0759,0.28,0.3322,-0.0522,0.78,0.84575,-0.06575,0.28,0.37115,-0.09115
1,1144,25405.1,OPEN,0.775,0.85069,-0.07569,0.275,0.33559,-0.06059,0.775,0.84055,-0.06555,0.275,0.36923,-0.09423
1,1145,25426.4,OPEN,0.77,0.85417,-0.08417,0.27,0.32373,-0.05373,0.77,0.83709,-0.06709,0.27,0.35962,-0.08962
1,1146,25448.3,OPEN,0.765,0.84722,-0.08222,0.265,0.31864,-0.05364,0.765,0.83362,-0.06862,0.265,0.35192,-0.08692
1,1147,25468.0,OPEN,0.76,0.84028,-0.08028,0.26,0.31186,-0.05186,0.76,0.83016,-0.07016,0.26,0.34615,-0.08615
1,1148,25489.3,OPEN,0.755,0.83507,-0.08007,0.255,0.30678,-0.05178,0.755,0.82149,-0.06649,0.255,0.33654,-0.08154
1,1149,25510.8,OPEN,0.75,0.81944,-0.06944,0.25,0.3,-0.05,0.75,0.81456,-0.06456,0.25,0.32692,-0.07692
1,1150,25531.0,OPEN,0.745,0.81771,-0.07271,0.245,0.29831,-0.05331,0.745,0.81109,-0.06609,0.245,0.325,-0.08
1,1151,25550.4,OPEN,0.74,0.80903,-0.06903,0.24,0.28814,-0.04814,0.74,0.81109,-0.07109,0.24,0.31538,-0.07538
1,1152,25573.0,OPEN,0.735,0.79861,-0.06361,0.235,0.28814,-0.05314,0.735,0.79896,-0.06396,0.235,0.30769,-0.07269
1,1153,25593.0,OPEN,0.73,0.78993,-0.05993,0.23,0.27797,-0.04797,0.73,0.79376,-0.06376,0.23,0.3,-0.07
1,1154,25613.8,OPEN,0.725,0.78299,-0.05799,0.225,0.27797,-0.05297,0.725,0.7851,-0.0601,0.225,0.29423,-0.06923
1,1155,25634.3,OPEN,0.72,0.77604,-0.05604,0.22,0.2678,-0.0478,0.72,0.77816,-0.05816,0.22,0.28846,-0.06846
1,1156,25655.2,OPEN,0.715,0.78125,-0.06625,0.215,0.26441,-0.04941,0.715,0.77123,-0.05623,0.215,0.28269,-0.06769
1,1157,25675.2,OPEN,0.71,0.77083,-0.06083,0.21,0.25254,-0.04254,0.71,0.7643,-0.0543,0.21,0.27885,-0.06885
1,1158,25696.5,OPEN,0.705,0.76562,-0.06063,0.205,0.24746,-0.04246,0.705,0.7591,-0.0541,0.205,0.27308,-0.06808
1,1159,25717.7,OPEN,0.7,0.75521,-0.05521,0.2,0.24407,-0.04407,0.7,0.75563,-0.05563,0.2,0.27115,-0.07115
1,1160,25737.9,OPEN,0.695,0.75174,-0.05674,0.195,0.23729,-0.04229,0.695,0.75043,-0.05543,0.195,0.26346,-0.06846
1,1161,25757.9,OPEN,0.69,0.75174,-0.06174,0.19,0.23051,-0.04051,0.69,0.7435,-0.0535,0.19,0.25962,-0.06962
1,1162,25778.2,OPEN,0.685,0.74132,-0.05632,0.185,0.23898,-0.05398,0.685,0.74003,-0.05503,0.185,0.25577,-0.07077
1,1163,25798.4,OPEN,0.68,0.73785,-0.05785,0.18,0.22203,-0.04203,0.68,0.73484,-0.05484,0.18,0.25,-0.07
1,1164,25819.9,OPEN,0.675,0.73438,-0.05938,0.175,0.22203,-0.04703,0.675,0.73137,-0.05637,0.175,0.24615,-0.07115
1,1165,25841.3,OPEN,0.67,0.7309,-0.0609,0.17,0.22203,-0.05203,0.67,0.72964,-0.05964,0.17,0.24038,-0.07038
1,1166,25862.9,OPEN,0.665,0.73264,-0.06764,0.165,0.21695,-0.05195,0.665,0.72444,-0.05944,0.165,0.23269,-0.06769
1,1167,25883.9,OPEN,0.66,0.72917,-0.06917,0.16,0.21186,-0.05186,0.66,0.71404,-0.05404,0.16,0.22308,-0.06308
1,1168,25904.3,OPEN,0.655,0.71701,-0.06201,0.155,0.20678,-0.05178,0.655,0.71404,-0.05904,0.155,0.21538,-0.06038
1,1169,25925.7,OPEN,0.65,0.71181,-0.06181,0.15,0.20508,-0.05508,0.65,0.70537,-0.05537,0.15,0.20962,-0.05962
1,1170,25947.3,OPEN,0.645,0.70833,-0.06333,0.145,0.20508,-0.06008,0.645,0.70537,-0.06037,0.145,0.20385,-0.05885
1,1171,25968.1,OPEN,0.64,0.70139,-0.06139,0.14,0.2,-0.06,0.64,0.69844,-0.05844,0.14,0.19808,-0.05808
1,1172,25988.5,OPEN,0.635,0.70139,-0.06639,0.135,0.19492,-0.05992,0.635,0.69497,-0.05997,0.135,0.19808,-0.06308
1,1173,26009.4,OPEN,0.63,0.69097,-0.06097,0.13,0.18814,-0.05814,0.63,0.68631,-0.05631,0.13,0.18654,-0.05654
1,1174,26030.3,OPEN,0.625,0.68924,-0.06424,0.125,0.17966,-0.05466,0.625,0.68284,-0.05784,0.125,0.18269,-0.05769
1,1175,26051.2,OPEN,0.62,0.67882,-0.05882,0.12,0.17458,-0.05458,0.62,0.67938,-0.05938,0.12,0.17885,-0.05885
1,1176,26072.0,OPEN,0.615,0.68056,-0.06556,0.115,0.17458,-0.05958,0.615,0.67071,-0.05571,0.115,0.17885,-0.06385
1,1177,26091.8,OPEN,0.61,0.6684,-0.0584,0.11,0.16441,-0.05441,0.61,0.66898,-0.05898,0.11,0.16923,-0.05923
1,1178,26112.5,OPEN,0.605,0.66493,-0.05993,0.105,0.15932,-0.05432,0.605,0.66031,-0.05531,0.105,0.16538,-0.06038
1,1179,26133.2,OPEN,0.6,0.65799,-0.05799,0.1,0.15424,-0.05424,0.6,0.65338,-0.05338,0.1,0.15962,-0.05962
1,1180,26153.9,OPEN,0.595,0.65451,-0.05951,0.095,0.14915,-0.05415,0.595,0.64991,-0.05491,0.095,0.15577,-0.06077
1,1181,26175.4,OPEN,0.59,0.64757,-0.05757,0.09,0.15085,-0.06085,0.59,0.64471,-0.05471,0.09,0.15192,-0.06192
1,1182,26196.1,OPEN,0.585,0.64931,-0.06431,0.085,0.13898,-0.05398,0.585,0.64125,-0.05625,0.085,0.14808,-0.06308
1,1183,26218.6,OPEN,0.58,0.64062,-0.06063,0.08,0.1339,-0.0539,0.58,0.63605,-0.05605,0.08,0.14231,-0.06231
1,1184,26238.1,OPEN,0.575,0.63715,-0.06215,0.075,0.1339,-0.0589,0.575,0.62912,-0.05412,0.075,0.14615,-0.07115
1,1185,26259.2,OPEN,0.57,0.63194,-0.06194,0.07,0.12203,-0.05203,0.57,0.62392,-0.05392,0.07,0.13077,-0.06077
1,1186,26280.0,OPEN,0.565,0.62674,-0.06174,0.065,0.11525,-0.05025,0.565,0.62045,-0.05545,0.065,0.125,-0.06
1,1187,26300.3,OPEN,0.56,0.62153,-0.06153,0.06,0.11017,-0.05017,0.56,0.61525,-0.05525,0.06,0.11923,-0.05923
1,1188,26321.8,OPEN,0.555,0.61632,-0.06132,0.055,0.10508,-0.05008,0.555,0.61005,-0.05505,0.055,0.11154,-0.05654
1,1189,26343.0,OPEN,0.55,0.60938,-0.05938,0.05,0.09831,-0.04831,0.55,0.60485,-0.05485,0.05,0.10385,-0.05385
1,1190,26364.0,OPEN,0.545,0.6059,-0.0609,0.045,0.09322,-0.04822,0.545,0.59965,-0.05465,0.045,0.10192,-0.05692
1,1191,26384.2,OPEN,0.54,0.60243,-0.06243,0.04,0.08814,-0.04814,0.54,0.59272,-0.05272,0.04,0.09038,-0.05038
1,1192,26404.7,OPEN,0.535,0.59722,-0.06222,0.035,0.08305,-0.04805,0.535,0.58925,-0.05425,0.035,0.08077,-0.04577
1,1193,26426.5,OPEN,0.53,0.59028,-0.06028,0.03,0.07797,-0.04797,0.53,0.58406,-0.05406,0.03,0.07885,-0.04885
1,1194,26447.8,OPEN,0.525,0.58681,-0.06181,0.025,0.07797,-0.05297,0.525,0.57712,-0.05212,0.025,0.06923,-0.04423
1,1195,26468.0,OPEN,0.52,0.57986,-0.05986,0.02,0.0678,-0.0478,0.52,0.57366,-0.05366,0.02,0.06346,-0.04346
1,1196,26489.2,OPEN,0.515,0.57465,-0.05965,0.015,0.0678,-0.0528,0.515,0.56672,-0.05172,0.015,0.05577,-0.04077
1,1197,26510.6,OPEN,0.51,0.57292,-0.06292,0.01,0.05763,-0.04763,0.51,0.56326,-0.05326,0.01,0.05385,-0.04385
1,1198,26530.9,OPEN,0.505,0.5625,-0.0575,0.005,0.05254,-0.04754,0.505,0.55633,-0.05133,0.005,0.05,-0.045
1,1199,26551.8,OPEN,0.5,0.55903,-0.05903,0.0,0.04576,-0.04576,0.5,0.55113,-0.05113,0.0,0.04615,-0.04615
1,1200,26571.5,OPEN,0.495,0.55208,-0.05708,0.0,0.03898,-0.03898,0.495,0.54419,-0.04919,0.0,0.03654,-0.03654
1,1201,26592.1,OPEN,0.49,0.54688,-0.05688,0.0,0.03559,-0.03559,0.49,0.53899,-0.04899,0.0,0.02885,-0.02885
1,1202,26613.2,OPEN,0.485,0.55382,-0.06882,0.0,0.02881,-0.02881,0.485,0.53899,-0.05399,0.0,0.025,-0.025
1,1203,26634.6,OPEN,0.48,0.53993,-0.05993,0.0,0.02542,-0.02542,0.48,0.5338,-0.0538,0.0,0.01923,-0.01923
1,1204,26655.0,OPEN,0.475,0.53472,-0.05972,0.0,0.02203,-0.02203,0.475,0.5286,-0.0536,0.0,0.01923,-0.01923
1,1205,26675.8,OPEN,0.47,0.53125,-0.06125,0.0,0.01864,-0.01864,0.47,0.52513,-0.05513,0.0,0.01154,-0.01154
1,1206,26697.4,OPEN,0.465,0.52257,-0.05757,0.0,0.01525,-0.01525,0.465,0.52166,-0.05666,0.0,0.00769,-0.00769
1,1207,26716.9,OPEN,0.46,0.51215,-0.05215,0.0,0.01017,-0.01017,0.46,0.51473,-0.05473,0.0,0.00385,-0.00385
1,1208,26738.2,OPEN,0.455,0.50868,-0.05368,0.0,0.01525,-0.01525,0.455,0.50433,-0.04933,0.0,0.00192,-0.00192
1,1209,26759.1,OPEN,0.45,0.50174,-0.05174,0.0,0.01017,-0.01017,0.45,0.4974,-0.0474,0.0,0.0,0.0
1,1210,26779.9,OPEN,0.445,0.49306,-0.04806,0.0,0.00847,-0.00847,0.445,0.487,-0.042,0.0,0.0,0.0
1,1211,26800.7,OPEN,0.44,0.49132,-0.05132,0.0,0.00847,-0.00847,0.44,0.48354,-0.04354,0.0,0.0,0.0
1,1212,26821.6,OPEN,0.435,0.48438,-0.04938,0.0,0.00847,-0.00847,0.435,0.48007,-0.04507,0.0,0.0,0.0
1,1213,26842.4,OPEN,0.43,0.4809,-0.0509,0.0,0.00847,-0.00847,0.43,0.4766,-0.0466,0.0,0.0,0.0
1,1214,26863.4,OPEN,0.425,0.47917,-0.05417,0.0,0.00678,-0.00678,0.425,0.48007,-0.05507,0.0,0.0,0.0
1,1215,26885.6,OPEN,0.42,0.47569,-0.05569,0.0,0.00847,-0.00847,0.42,0.4714,-0.0514,0.0,0.0,0.0
1,1216,26905.3,OPEN,0.415,0.47049,-0.05549,0.0,0.00847,-0.00847,0.415,0.46794,-0.05294,0.0,0.0,0.0
1,1217,26926.3,OPEN,0.41,0.46875,-0.05875,0.0,0.00847,-0.00847,0.41,0.46274,-0.05274,0.0,0.0,0.0
1,1218,26947.3,OPEN,0.405,0.4566,-0.0516,0.0,0.00847,-0.00847,0.405,0.45927,-0.05427,0.0,0.0,0.0
1,1219,26968.2,OPEN,0.4,0.46007,-0.06007,0.0,0.00847,-0.00847,0.4,0.45581,-0.05581,0.0,0.0,0.0
1,1220,26988.8,OPEN,0.395,0.45486,-0.05986,0.0,0.00847,-0.00847,0.395,0.45061,-0.05561,0.0,0.0,0.0
1,1221,27009.5,OPEN,0.39,0.44965,-0.05965,0.0,0.01525,-0.01525,0.39,0.44541,-0.05541,0.0,0.0,0.0
1,1222,27030.4,OPEN,0.385,0.44618,-0.06118,0.0,0.00847,-0.00847,0.385,0.44021,-0.05521,0.0,0.0,0.0
1,1223,27050.9,OPEN,0.38,0.44618,-0.06618,0.0,0.00847,-0.00847,0.38,0.43674,-0.05674,0.0,0.0,0.0
1,1224,27072.1,OPEN,0.375,0.4375,-0.0625,0.0,0.00847,-0.00847,0.375,0.43154,-0.05654,0.0,0.0,0.0
1,1225,27092.4,OPEN,0.37,0.43056,-0.06056,0.0,0.00847,-0.00847,0.37,0.42634,-0.05634,0.0,0.0,0.0
1,1226,27113.0,OPEN,0.365,0.42535,-0.06035,0.0,0.00847,-0.00847,0.365,0.42114,-0.05614,0.0,0.0,0.0
1,1227,27133.7,OPEN,0.36,0.42014,-0.06014,0.0,0.00847,-0.00847,0.36,0.41421,-0.05421,0.0,0.0,0.0
1,1228,27154.8,OPEN,0.355,0.41493,-0.05993,0.0,0.00847,-0.00847,0.355,0.40901,-0.05401,0.0,0.0,0.0
1,1229,27175.4,OPEN,0.35,0.40799,-0.05799,0.0,0.01864,-0.01864,0.35,0.40381,-0.05381,0.0,0.0,0.0
1,1230,27196.2,OPEN,0.345,0.40451,-0.05951,0.0,0.01525,-0.01525,0.345,0.39861,-0.05361,0.0,0.0,0.0
1,1231,27217.3,OPEN,0.34,0.39757,-0.05757,0.0,0.00678,-0.00678,0.34,0.39168,-0.05168,0.0,0.0,0.0
1,1232,27238.2,OPEN,0.335,0.39236,-0.05736,0.0,0.00508,-0.00508,0.335,0.39341,-0.05841,0.0,0.0,0.0
1,1233,27259.4,OPEN,0.33,0.39236,-0.06236,0.0,0.00508,-0.00508,0.33,0.38475,-0.05475,0.0,0.0,0.0
1,1234,27280.4,OPEN,0.325,0.38194,-0.05694,0.0,0.00508,-0.00508,0.325,0.37608,-0.05108,0.0,0.0,0.0
1,1235,27300.5,OPEN,0.32,0.37674,-0.05674,0.0,0.00508,-0.00508,0.32,0.36915,-0.04915,0.0,0.0,0.0
1,1236,27322.1,OPEN,0.315,0.36979,-0.05479,0.0,0.00508,-0.00508,0.315,0.36568,-0.05068,0.0,0.0,0.0
1,1237,27343.6,OPEN,0.31,0.36979,-0.05979,0.0,0.00508,-0.00508,0.31,0.35875,-0.04875,0.0,0.0,0.0
1,1238,27363.5,OPEN,0.305,0.36111,-0.05611,0.0,0.00508,-0.00508,0.305,0.35355,-0.04855,0.0,0.0,0.0
1,1239,27385.4,OPEN,0.3,0.35243,-0.05243,0.0,0.00339,-0.00339,0.3,0.35182,-0.05182,0.0,0.0,0.0
1,1240,27405.9,OPEN,0.295,0.34896,-0.05396,0.0,0.00508,-0.00508,0.295,0.34662,-0.05162,0.0,0.0,0.0
1,1241,27426.0,OPEN,0.29,0.34375,-0.05375,0.0,0.00508,-0.00508,0.29,0.33795,-0.04795,0.0,0.0,0.0
1,1242,27447.8,OPEN,0.285,0.33681,-0.05181,0.0,0.00508,-0.00508,0.285,0.33449,-0.04949,0.0,0.0,0.0
1,1243,27468.1,OPEN,0.28,0.33333,-0.05333,0.0,0.00339,-0.00339,0.28,0.32756,-0.04756,0.0,0.0,0.0
1,1244,27488.1,OPEN,0.275,0.32639,-0.05139,0.0,0.00508,-0.00508,0.275,0.32756,-0.05256,0.0,0.0,0.0
1,1245,27509.7,OPEN,0.27,0.32465,-0.05465,0.0,0.00339,-0.00339,0.27,0.31889,-0.04889,0.0,0.0,0.0
1,1246,27530.4,OPEN,0.265,0.31597,-0.05097,0.0,0.00339,-0.00339,0.265,0.31369,-0.04869,0.0,0.0,0.0
1,1247,27551.2,OPEN,0.26,0.31076,-0.05076,0.0,0.00508,-0.00508,0.26,0.30849,-0.04849,0.0,0.0,0.0
1,1248,27571.5,OPEN,0.255,0.30729,-0.05229,0.0,0.00339,-0.00339,0.255,0.30503,-0.05003,0.0,0.0,0.0
1,1249,27592.6,OPEN,0.25,0.30208,-0.05208,0.0,0.00339,-0.00339,0.25,0.30156,-0.05156,0.0,0.0,0.0
1,1250,27613.1,OPEN,0.245,0.29688,-0.05188,0.0,0.00508,-0.00508,0.245,0.29636,-0.05136,0.0,0.0,0.0
1,1251,27634.4,OPEN,0.24,0.29167,-0.05167,0.0,0.00508,-0.00508,0.24,0.29809,-0.05809,0.0,0.0,0.0
1,1252,27655.1,OPEN,0.235,0.28819,-0.05319,0.0,0.00339,-0.00339,0.235,0.29289,-0.05789,0.0,0.0,0.0
1,1253,27675.7,OPEN,0.23,0.28299,-0.05299,0.0,0.00508,-0.00508,0.23,0.28943,-0.05943,0.0,0.0,0.0
1,1254,27696.5,OPEN,0.225,0.27951,-0.05451,0.0,0.00339,-0.00339,0.225,0.2773,-0.0523,0.0,0.0,0.0
1,1255,27717.5,OPEN,0.22,0.27431,-0.05431,0.0,0.00339,-0.00339,0.22,0.27556,-0.05556,0.0,0.0,0.0
1,1256,27738.4,OPEN,0.215,0.2691,-0.0541,0.0,0.00339,-0.00339,0.215,0.2669,-0.0519,0.0,0.0,0.0
1,1257,27759.8,OPEN,0.21,0.26389,-0.05389,0.0,0.00339,-0.00339,0.21,0.25997,-0.04997,0.0,0.0,0.0
1,1258,27779.7,OPEN,0.205,0.25868,-0.05368,0.0,0.00508,-0.00508,0.205,0.25997,-0.05497,0.0,0.0,0.0
1,1259,27800.8,OPEN,0.2,0.25347,-0.05347,0.0,0.00339,-0.00339,0.2,0.24957,-0.04957,0.0,0.0,0.0
1,1260,27822.4,OPEN,0.195,0.24826,-0.05326,0.0,0.00339,-0.00339,0.195,0.2461,-0.0511,0.0,0.0,0.0
1,1261,27842.9,OPEN,0.19,0.24306,-0.05306,0.0,0.00678,-0.00678,0.19,0.23917,-0.04917,0.0,0.0,0.0
1,1262,27862.9,OPEN,0.185,0.23958,-0.05458,0.0,0.00339,-0.00339,0.185,0.23744,-0.05244,0.0,0.0,0.0
1,1263,27885.0,OPEN,0.18,0.23264,-0.05264,0.0,0.00339,-0.00339,0.18,0.23397,-0.05397,0.0,0.0,0.0
1,1264,27906.2,OPEN,0.175,0.22743,-0.05243,0.0,0.00508,-0.00508,0.175,0.2253,-0.0503,0.0,0.0,0.0
1,1265,27926.9,OPEN,0.17,0.22222,-0.05222,0.0,0.00339,-0.00339,0.17,0.21664,-0.04664,0.0,0.0,0.0
1,1266,27947.5,OPEN,0.165,0.21701,-0.05201,0.0,0.00339,-0.00339,0.165,0.21144,-0.04644,0.0,0.0,0.0
1,1267,27968.6,OPEN,0.16,0.21528,-0.05528,0.0,0.00508,-0.00508,0.16,0.20624,-0.04624,0.0,0.0,0.0
1,1268,27988.3,OPEN,0.155,0.20833,-0.05333,0.0,0.00339,-0.00339,0.155,0.20104,-0.04604,0.0,0.0,0.0
1,1269,28009.5,OPEN,0.15,0.20139,-0.05139,0.0,0.00339,-0.00339,0.15,0.19411,-0.04411,0.0,0.0,0.0
1,1270,28030.2,OPEN,0.145,0.19618,-0.05118,0.0,0.00508,-0.00508,0.145,0.19064,-0.04564,0.0,0.0,0.0
1,1271,28050.8,OPEN,0.14,0.19792,-0.05792,0.0,0.00339,-0.00339,0.14,0.18544,-0.04544,0.0,0.0,0.0
1,1272,28071.3,OPEN,0.135,0.19097,-0.05597,0.0,0.00339,-0.00339,0.135,0.18024,-0.04524,0.0,0.0,0.0
1,1273,28092.1,OPEN,0.13,0.18576,-0.05576,0.0,0.00339,-0.00339,0.13,0.17504,-0.04504,0.0,0.0,0.0
1,1274,28113.1,OPEN,0.125,0.17535,-0.05035,0.0,0.00678,-0.00678,0.125,0.18371,-0.05871,0.0,0.0,0.0
1,1275,28134.4,OPEN,0.12,0.17014,-0.05014,0.0,0.00508,-0.00508,0.12,0.16638,-0.04638,0.0,0.0,0.0
1,1276,28155.0,OPEN,0.115,0.16493,-0.04993,0.0,0.00339,-0.00339,0.115,0.16118,-0.04618,0.0,0.0,0.0
1,1277,28175.5,OPEN,0.11,0.15972,-0.04972,0.0,0.00339,-0.00339,0.11,0.15771,-0.04771,0.0,0.0,0.0
1,1278,28196.5,OPEN,0.105,0.15972,-0.05472,0.0,0.00339,-0.00339,0.105,0.13172,-0.02672,0.0,0.0,0.0
1,1279,28218.0,OPEN,0.1,0.14931,-0.04931,0.0,0.00339,-0.00339,0.1,0.14731,-0.04731,0.0,0.0,0.0
1,1280,28238.0,OPEN,0.095,0.1441,-0.0491,0.0,0.00678,-0.00678,0.095,0.14385,-0.04885,0.0,0.0,0.0
1,1281,28259.0,OPEN,0.09,0.13889,-0.04889,0.0,0.00339,-0.00339,0.09,0.13865,-0.04865,0.0,0.0,0.0
1,1282,28281.7,OPEN,0.085,0.13715,-0.05215,0.0,0.00339,-0.00339,0.085,0.13865,-0.05365,0.0,0.0,0.0
1,1283,28301.4,OPEN,0.08,0.13021,-0.05021,0.0,0.00508,-0.00508,0.08,0.12825,-0.04825,0.0,0.0,0.0
1,1284,28322.5,OPEN,0.075,0.125,-0.05,0.0,0.00339,-0.00339,0.075,0.12132,-0.04632,0.0,0.0,0.0
1,1285,28345.2,OPEN,0.07,0.125,-0.055,0.0,0.00339,-0.00339,0.07,0.11612,-0.04612,0.0,0.0,0.0
1,1286,28363.9,OPEN,0.065,0.11806,-0.05306,0.0,0.00508,-0.00508,0.065,0.11265,-0.04765,0.0,0.0,0.0
1,1287,28384.8,OPEN,0.06,0.11632,-0.05632,0.0,0.00339,-0.00339,0.06,0.10399,-0.04399,0.0,0.0,0.0
1,1288,28405.7,OPEN,0.055,0.1059,-0.0509,0.0,0.00339,-0.00339,0.055,0.10225,-0.04725,0.0,0.0,0.0
1,1289,28425.7,OPEN,0.05,0.10069,-0.05069,0.0,0.00508,-0.00508,0.05,0.09012,-0.04012,0.0,0.0,0.0
1,1290,28445.4,OPEN,0.045,0.09375,-0.04875,0.0,0.00339,-0.00339,0.045,0.08492,-0.03992,0.0,0.0,0.0
1,1291,28465.2,OPEN,0.04,0.09028,-0.05028,0.0,0.00678,-0.00678,0.04,0.08146,-0.04146,0.0,0.0,0.0
1,1292,28486.5,OPEN,0.035,0.08507,-0.05007,0.0,0.00508,-0.00508,0.035,0.07452,-0.03952,0.0,0.0,0.0
1,1293,28506.6,OPEN,0.03,0.07986,-0.04986,0.0,0.00339,-0.00339,0.03,0.07106,-0.04106,0.0,0.0,0.0
1,1294,28528.4,OPEN,0.025,0.07639,-0.05139,0.0,0.00508,-0.00508,0.025,0.06586,-0.04086,0.0,0.0,0.0
1,1295,28548.4,OPEN,0.02,0.07118,-0.05118,0.0,0.00339,-0.00339,0.02,0.06239,-0.04239,0.0,0.0,0.0
1,1296,28569.3,OPEN,0.015,0.06424,-0.04924,0.0,0.00678,-0.00678,0.015,0.05893,-0.04393,0.0,0.0,0.0
1,1297,28590.3,OPEN,0.01,0.05729,-0.04729,0.0,0.00339,-0.00339,0.01,0.05546,-0.04546,0.0,0.0,0.0
1,1298,28610.5,OPEN,0.005,0.0625,-0.0575,0.0,0.00678,-0.00678,0.005,0.05199,-0.04699,0.0,0.0,0.0
1,1299,28631.8,OPEN,0.0,0.05208,-0.05208,0.0,0.00339,-0.00339,0.0,0.04679,-0.04679,0.0,0.0,0.0
1,1300,28636.4,HOLD_OPEN,0.0,0.05035,-0.05035,0.0,0.00339,-0.00339,0.0,0.05373,-0.05373,0.0,0.0,0.0
1,1301,28657.7,HOLD_OPEN,0.0,0.05035,-0.05035,0.0,0.00339,-0.00339,0.0,0.04159,-0.04159,0.0,0.0,0.0
1,1302,28678.9,HOLD_OPEN,0.0,0.03993,-0.03993,0.0,0.00339,-0.00339,0.0,0.03813,-0.03813,0.0,0.0,0.0
1,1303,28700.2,HOLD_OPEN,0.0,0.04167,-0.04167,0.0,0.00339,-0.00339,0.0,0.03293,-0.03293,0.0,0.0,0.0
1,1304,28720.2,HOLD_OPEN,0.0,0.03299,-0.03299,0.0,0.00339,-0.00339,0.0,0.02946,-0.02946,0.0,0.0,0.0
1,1305,28741.3,HOLD_OPEN,0.0,0.02604,-0.02604,0.0,0.00339,-0.00339,0.0,0.02426,-0.02426,0.0,0.0,0.0
1,1306,28762.1,HOLD_OPEN,0.0,0.02083,-0.02083,0.0,0.00339,-0.00339,0.0,0.02253,-0.02253,0.0,0.0,0.0
1,1307,28783.1,HOLD_OPEN,0.0,0.01736,-0.01736,0.0,0.00339,-0.00339,0.0,0.01386,-0.01386,0.0,0.0,0.0
1,1308,28803.8,HOLD_OPEN,0.0,0.01389,-0.01389,0.0,0.00339,-0.00339,0.0,0.0104,-0.0104,0.0,0.0,0.0
1,1309,28825.1,HOLD_OPEN,0.0,0.01042,-0.01042,0.0,0.00339,-0.00339,0.0,0.0052,-0.0052,0.0,0.0,0.0
1,1310,28844.7,HOLD_OPEN,0.0,0.00868,-0.00868,0.0,0.00339,-0.00339,0.0,0.00347,-0.00347,0.0,0.0,0.0
1,1311,28866.1,HOLD_OPEN,0.0,0.00694,-0.00694,0.0,0.00339,-0.00339,0.0,0.00173,-0.00173,0.0,0.0,0.0
1,1312,28887.2,HOLD_OPEN,0.0,0.00694,-0.00694,0.0,0.00339,-0.00339,0.0,0.0,0.0,0.0,0.0,0.0
1,1313,28907.5,HOLD_OPEN,0.0,0.00868,-0.00868,0.0,0.00339,-0.00339,0.0,0.0,0.0,0.0,0.0,0.0
1,1314,28928.9,HOLD_OPEN,0.0,0.00694,-0.00694,0.0,0.00339,-0.00339,0.0,0.0,0.0,0.0,0.0,0.0
1,1315,28950.1,HOLD_OPEN,0.0,0.00694,-0.00694,0.0,0.00339,-0.00339,0.0,0.0,0.0,0.0,0.0,0.0
1,1316,28969.9,HOLD_OPEN,0.0,0.00694,-0.00694,0.0,0.00339,-0.00339,0.0,0.0,0.0,0.0,0.0,0.0
1,1317,28991.8,HOLD_OPEN,0.0,0.00694,-0.00694,0.0,0.00339,-0.00339,0.0,0.0,0.0,0.0,0.0,0.0
1,1318,29012.4,HOLD_OPEN,0.0,0.00694,-0.00694,0.0,0.00339,-0.00339,0.0,0.0,0.0,0.0,0.0,0.0
1,1319,29032.3,HOLD_OPEN,0.0,0.00694,-0.00694,0.0,0.00339,-0.00339,0.0,0.0,0.0,0.0,0.0,0.0
1,1320,29056.0,HOLD_OPEN,0.0,0.00694,-0.00694,0.0,0.00339,-0.00339,0.0,0.0,0.0,0.0,0.0,0.0
1,1321,29077.1,HOLD_OPEN,0.0,0.00694,-0.00694,0.0,0.00339,-0.00339,0.0,0.0,0.0,0.0,0.0,0.0
1,1322,29097.3,HOLD_OPEN,0.0,0.00694,-0.00694,0.0,0.00339,-0.00339,0.0,0.0,0.0,0.0,0.0,0.0
1,1323,29119.4,HOLD_OPEN,0.0,0.00694,-0.00694,0.0,0.00508,-0.00508,0.0,0.0,0.0,0.0,0.0,0.0
1,1324,29139.4,HOLD_OPEN,0.0,0.00694,-0.00694,0.0,0.00339,-0.00339,0.0,0.0,0.0,0.0,0.0,0.0
1,1325,29161.4,HOLD_OPEN,0.0,0.00694,-0.00694,0.0,0.00339,-0.00339,0.0,0.0,0.0,0.0,0.0,0.0
1,1326,29181.2,HOLD_OPEN,0.0,0.00694,-0.00694,0.0,0.00339,-0.00339,0.0,0.0,0.0,0.0,0.0,0.0
1,1327,29200.6,HOLD_OPEN,0.0,0.00694,-0.00694,0.0,0.00339,-0.00339,0.0,0.0,0.0,0.0,0.0,0.0
1,1328,29221.0,HOLD_OPEN,0.0,0.00694,-0.00694,0.0,0.00339,-0.00339,0.0,0.0,0.0,0.0,0.0,0.0
1,1329,29241.1,HOLD_OPEN,0.0,0.00694,-0.00694,0.0,0.00339,-0.00339,0.0,0.0,0.0,0.0,0.0,0.0
1,1330,29262.9,HOLD_OPEN,0.0,0.00694,-0.00694,0.0,0.00339,-0.00339,0.0,0.0,0.0,0.0,0.0,0.0
1,1331,29283.6,HOLD_OPEN,0.0,0.00694,-0.00694,0.0,0.00339,-0.00339,0.0,0.0,0.0,0.0,0.0,0.0
1,1332,29303.5,HOLD_OPEN,0.0,0.00694,-0.00694,0.0,0.00339,-0.00339,0.0,0.0,0.0,0.0,0.0,0.0
1,1333,29324.2,HOLD_OPEN,0.0,0.00694,-0.00694,0.0,0.00339,-0.00339,0.0,0.0,0.0,0.0,0.0,0.0
1,1334,29345.2,HOLD_OPEN,0.0,0.00694,-0.00694,0.0,0.00339,-0.00339,0.0,0.0,0.0,0.0,0.0,0.0
1,1335,29365.9,HOLD_OPEN,0.0,0.00694,-0.00694,0.0,0.00339,-0.00339,0.0,0.0,0.0,0.0,0.0,0.0
1,1336,29387.2,HOLD_OPEN,0.0,0.00694,-0.00694,0.0,0.00339,-0.00339,0.0,0.0,0.0,0.0,0.0,0.0
1,1337,29407.8,HOLD_OPEN,0.0,0.00694,-0.00694,0.0,0.00508,-0.00508,0.0,0.0,0.0,0.0,0.0,0.0
1,1338,29428.3,HOLD_OPEN,0.0,0.00694,-0.00694,0.0,0.00339,-0.00339,0.0,0.0,0.0,0.0,0.0,0.0
1,1339,29448.7,HOLD_OPEN,0.0,0.00694,-0.00694,0.0,0.00339,-0.00339,0.0,0.0,0.0,0.0,0.0,0.0
1,1340,29470.2,HOLD_OPEN,0.0,0.00694,-0.00694,0.0,0.00339,-0.00339,0.0,0.0,0.0,0.0,0.0,0.0
1,1341,29491.3,HOLD_OPEN,0.0,0.00694,-0.00694,0.0,0.00339,-0.00339,0.0,0.0,0.0,0.0,0.0,0.0
1,1342,29512.2,HOLD_OPEN,0.0,0.00694,-0.00694,0.0,0.00339,-0.00339,0.0,0.0,0.0,0.0,0.0,0.0
1,1343,29532.6,HOLD_OPEN,0.0,0.00694,-0.00694,0.0,0.00339,-0.00339,0.0,0.0,0.0,0.0,0.0,0.0
1,1344,29553.4,HOLD_OPEN,0.0,0.00694,-0.00694,0.0,0.00339,-0.00339,0.0,0.0,0.0,0.0,0.0,0.0
1,1345,29574.4,HOLD_OPEN,0.0,0.00694,-0.00694,0.0,0.00339,-0.00339,0.0,0.0,0.0,0.0,0.0,0.0
1,1346,29594.7,HOLD_OPEN,0.0,0.00694,-0.00694,0.0,0.00339,-0.00339,0.0,0.0,0.0,0.0,0.0,0.0
1,1347,29615.4,HOLD_OPEN,0.0,0.00694,-0.00694,0.0,0.00339,-0.00339,0.0,0.0,0.0,0.0,0.0,0.0
1,1348,29636.7,HOLD_OPEN,0.0,0.00694,-0.00694,0.0,0.00339,-0.00339,0.0,0.0,0.0,0.0,0.0,0.0
1,1349,29657.1,HOLD_OPEN,0.0,0.00694,-0.00694,0.0,0.00339,-0.00339,0.0,0.0,0.0,0.0,0.0,0.0
1,1350,29679.5,HOLD_OPEN,0.0,0.00521,-0.00521,0.0,0.00339,-0.00339,0.0,0.0,0.0,0.0,0.0,0.0
1,1351,29700.3,HOLD_OPEN,0.0,0.00694,-0.00694,0.0,0.00339,-0.00339,0.0,0.0,0.0,0.0,0.0,0.0
1,1352,29723.5,HOLD_OPEN,0.0,0.00521,-0.00521,0.0,0.00339,-0.00339,0.0,0.0,0.0,0.0,0.0,0.0
1,1353,29744.5,HOLD_OPEN,0.0,0.00694,-0.00694,0.0,0.00339,-0.00339,0.0,0.0,0.0,0.0,0.0,0.0
1,1354,29763.9,HOLD_OPEN,0.0,0.00694,-0.00694,0.0,0.00339,-0.00339,0.0,0.0,0.0,0.0,0.0,0.0
1,1355,29784.6,HOLD_OPEN,0.0,0.00694,-0.00694,0.0,0.00339,-0.00339,0.0,0.0,0.0,0.0,0.0,0.0
1,1356,29806.2,HOLD_OPEN,0.0,0.00694,-0.00694,0.0,0.00339,-0.00339,0.0,0.0,0.0,0.0,0.0,0.0
1,1357,29826.3,HOLD_OPEN,0.0,0.00694,-0.00694,0.0,0.00339,-0.00339,0.0,0.0,0.0,0.0,0.0,0.0
1,1358,29847.3,HOLD_OPEN,0.0,0.00521,-0.00521,0.0,0.00339,-0.00339,0.0,0.0,0.0,0.0,0.0,0.0
1,1359,29868.1,HOLD_OPEN,0.0,0.00694,-0.00694,0.0,0.00339,-0.00339,0.0,0.0,0.0,0.0,0.0,0.0
1,1360,29890.4,CLOSE_2,0.005,0.00868,-0.00368,0.005,0.00339,0.00161,0.005,0.0,0.005,0.005,0.0,0.005
1,1361,29911.7,CLOSE_2,0.01,0.00694,0.00306,0.01,0.00339,0.00661,0.01,0.0,0.01,0.01,0.0,0.01
1,1362,29933.4,CLOSE_2,0.015,0.00694,0.00806,0.015,0.00339,0.01161,0.015,0.0,0.015,0.015,0.0,0.015
1,1363,29953.8,CLOSE_2,0.02,0.01736,0.00264,0.02,0.00678,0.01322,0.02,0.0,0.02,0.02,0.0,0.02
1,1364,29974.9,CLOSE_2,0.025,0.00521,0.01979,0.025,0.00339,0.02161,0.025,0.0,0.025,0.025,0.0,0.025
1,1365,29995.1,CLOSE_2,0.03,0.00521,0.02479,0.03,0.00339,0.02661,0.03,0.0,0.03,0.03,0.0,0.03
1,1366,30015.5,CLOSE_2,0.035,0.00521,0.02979,0.035,0.00339,0.03161,0.035,0.0,0.035,0.035,0.0,0.035
1,1367,30037.3,CLOSE_2,0.04,0.00521,0.03479,0.04,0.00169,0.03831,0.04,0.0,0.04,0.04,0.00192,0.03808
1,1368,30058.0,CLOSE_2,0.045,0.01389,0.03111,0.045,0.00339,0.04161,0.045,0.0,0.045,0.045,0.0,0.045
1,1369,30079.9,CLOSE_2,0.05,0.00521,0.04479,0.05,0.00339,0.04661,0.05,0.0,0.05,0.05,0.0,0.05
1,1370,30099.7,CLOSE_2,0.055,0.00694,0.04806,0.055,0.00339,0.05161,0.055,0.00173,0.05327,0.055,0.0,0.055
1,1371,30120.7,CLOSE_2,0.06,0.01042,0.04958,0.06,0.00339,0.05661,0.06,0.0156,0.0444,0.06,0.00769,0.05231
1,1372,30141.6,CLOSE_2,0.065,0.01562,0.04937,0.065,0.00339,0.06161,0.065,0.01386,0.05114,0.065,0.00962,0.05538
1,1373,30162.0,CLOSE_2,0.07,0.02778,0.04222,0.07,0.00678,0.06322,0.07,0.01733,0.05267,0.07,0.01346,0.05654
1,1374,30183.2,CLOSE_2,0.075,0.03125,0.04375,0.075,0.01695,0.05805,0.075,0.02773,0.04727,0.075,0.01923,0.05577
1,1375,30203.4,CLOSE_2,0.08,0.04167,0.03833,0.08,0.02373,0.05627,0.08,0.0312,0.0488,0.08,0.02885,0.05115
1,1376,30224.1,CLOSE_2,0.085,0.05035,0.03465,0.085,0.03051,0.05449,0.085,0.04159,0.04341,0.085,0.03654,0.04846
1,1377,30244.7,CLOSE_2,0.09,0.05556,0.03444,0.09,0.03559,0.05441,0.09,0.04853,0.04147,0.09,0.04808,0.04192
1,1378,30266.0,CLOSE_2,0.095,0.06424,0.03076,0.095,0.04746,0.04754,0.095,0.05373,0.04127,0.095,0.05577,0.03923
1,1379,30286.6,CLOSE_2,0.1,0.07292,0.02708,0.1,0.05424,0.04576,0.1,0.06066,0.03934,0.1,0.06538,0.03462
1,1380,30307.5,CLOSE_2,0.105,0.07812,0.02688,0.105,0.06102,0.04398,0.105,0.06759,0.03741,0.105,0.075,0.03
1,1381,30328.8,CLOSE_2,0.11,0.08507,0.02493,0.11,0.06949,0.04051,0.11,0.07452,0.03548,0.11,0.08462,0.02538
1,1382,30348.6,CLOSE_2,0.115,0.09028,0.02472,0.115,0.07627,0.03873,0.115,0.08319,0.03181,0.115,0.09231,0.02269
1,1383,30369.6,CLOSE_2,0.12,0.09549,0.02451,0.12,0.08475,0.03525,0.12,0.08839,0.03161,0.12,0.1,0.02
1,1384,30390.4,CLOSE_2,0.125,0.09896,0.02604,0.125,0.09153,0.03347,0.125,0.09705,0.02795,0.125,0.10769,0.01731
1,1385,30409.3,CLOSE_2,0.13,0.10243,0.02757,0.13,0.09831,0.03169,0.13,0.10225,0.02775,0.13,0.11154,0.01846
1,1386,30431.0,CLOSE_2,0.135,0.1059,0.0291,0.135,0.10847,0.02653,0.135,0.10919,0.02581,0.135,0.11538,0.01962
1,1387,30451.9,CLOSE_2,0.14,0.10764,0.03236,0.14,0.11186,0.02814,0.14,0.11438,0.02562,0.14,0.11923,0.02077
1,1388,30473.6,CLOSE_2,0.145,0.11979,0.02521,0.145,0.11525,0.02975,0.145,0.11958,0.02542,0.145,0.12308,0.02192
1,1389,30494.7,CLOSE_2,0.15,0.11285,0.03715,0.15,0.12034,0.02966,0.15,0.12305,0.02695,0.15,0.12692,0.02308
1,1390,30516.0,CLOSE_2,0.155,0.11632,0.03868,0.155,0.12373,0.03127,0.155,0.12478,0.03022,0.155,0.12885,0.02615
1,1391,30537.2,CLOSE_2,0.16,0.11979,0.04021,0.16,0.12542,0.03458,0.16,0.12825,0.03175,0.16,0.13077,0.02923
1,1392,30557.8,CLOSE_2,0.165,0.12326,0.04174,0.165,0.12712,0.03788,0.165,0.12998,0.03502,0.165,0.13462,0.03038
1,1393,30578.3,CLOSE_2,0.17,0.12674,0.04326,0.17,0.13729,0.03271,0.17,0.13345,0.03655,0.17,0.13654,0.03346
1,1394,30599.2,CLOSE_2,0.175,0.13194,0.04306,0.175,0.1339,0.0411,0.175,0.13345,0.04155,0.175,0.14038,0.03462
1,1395,30620.6,CLOSE_2,0.18,0.13715,0.04285,0.18,0.1339,0.0461,0.18,0.13692,0.04308,0.18,0.15,0.03
1,1396,30641.7,CLOSE_2,0.185,0.14236,0.04264,0.185,0.14068,0.04432,0.185,0.14038,0.04462,0.185,0.15,0.035
1,1397,30661.6,CLOSE_2,0.19,0.14757,0.04243,0.19,0.14915,0.04085,0.19,0.14385,0.04615,0.19,0.15385,0.03615
1,1398,30681.8,CLOSE_2,0.195,0.15451,0.04049,0.195,0.14915,0.04585,0.195,0.14731,0.04769,0.195,0.15962,0.03538
1,1399,30702.7,CLOSE_2,0.2,0.16146,0.03854,0.2,0.15254,0.04746,0.2,0.14905,0.05095,0.2,0.16346,0.03654
1,1400,30723.2,CLOSE_2,0.205,0.16667,0.03833,0.205,0.15593,0.04907,0.205,0.15598,0.04902,0.205,0.16923,0.03577
1,1401,30744.5,CLOSE_2,0.21,0.17361,0.03639,0.21,0.16102,0.04898,0.21,0.16291,0.04709,0.21,0.17115,0.03885
1,1402,30764.9,CLOSE_2,0.215,0.17882,0.03618,0.215,0.16949,0.04551,0.215,0.17158,0.04342,0.215,0.17885,0.03615
1,1403,30785.9,CLOSE_2,0.22,0.18403,0.03597,0.22,0.1678,0.0522,0.22,0.17504,0.04496,0.22,0.18462,0.03538
1,1404,30806.9,CLOSE_2,0.225,0.19097,0.03403,0.225,0.17797,0.04703,0.225,0.18544,0.03956,0.225,0.19038,0.03462
1,1405,30827.2,CLOSE_2,0.23,0.19618,0.03382,0.23,0.17966,0.05034,0.23,0.19411,0.03589,0.23,0.19615,0.03385
1,1406,30848.8,CLOSE_2,0.235,0.20139,0.03361,0.235,0.18475,0.05025,0.235,0.19584,0.03916,0.235,0.20385,0.03115
1,1407,30869.2,CLOSE_2,0.24,0.20486,0.03514,0.24,0.18814,0.05186,0.24,0.20277,0.03723,0.24,0.21154,0.02846
1,1408,30890.3,CLOSE_2,0.245,0.21007,0.03493,0.245,0.19492,0.05008,0.245,0.20797,0.03703,0.245,0.22115,0.02385
1,1409,30911.4,CLOSE_2,0.25,0.21528,0.03472,0.25,0.20508,0.04492,0.25,0.21317,0.03683,0.25,0.23269,0.01731
1,1410,30931.9,CLOSE_2,0.255,0.22049,0.03451,0.255,0.21017,0.04483,0.255,0.2201,0.0349,0.255,0.23846,0.01654
1,1411,30953.8,CLOSE_2,0.26,0.22222,0.03778,0.26,0.21186,0.04814,0.26,0.22877,0.03123,0.26,0.25192,0.00808
1,1412,30975.5,CLOSE_2,0.265,0.22917,0.03583,0.265,0.21695,0.04805,0.265,0.2305,0.0345,0.265,0.25385,0.01115
1,1413,30995.4,CLOSE_2,0.27,0.23438,0.03563,0.27,0.22373,0.04627,0.27,0.2357,0.0343,0.27,0.25769,0.01231
1,1414,31015.4,CLOSE_2,0.275,0.24132,0.03368,0.275,0.22881,0.04619,0.275,0.2409,0.0341,0.275,0.26154,0.01346
1,1415,31036.5,CLOSE_2,0.28,0.24479,0.03521,0.28,0.23729,0.04271,0.28,0.24783,0.03217,0.28,0.26538,0.01462
1,1416,31058.6,CLOSE_2,0.285,0.25,0.035,0.285,0.24915,0.03585,0.285,0.2513,0.0337,0.285,0.27115,0.01385
1,1417,31077.5,CLOSE_2,0.29,0.25521,0.03479,0.29,0.25085,0.03915,0.29,0.25477,0.03523,0.29,0.27692,0.01308
1,1418,31099.2,CLOSE_2,0.295,0.26389,0.03111,0.295,0.26102,0.03398,0.295,0.2617,0.0333,0.295,0.28269,0.01231
1,1419,31119.9,CLOSE_2,0.3,0.26736,0.03264,0.3,0.26949,0.03051,0.3,0.2669,0.0331,0.3,0.28654,0.01346
1,1420,31139.8,CLOSE_2,0.305,0.27257,0.03243,0.305,0.26949,0.03551,0.305,0.27903,0.02597,0.305,0.29038,0.01462
1,1421,31160.9,CLOSE_2,0.31,0.28299,0.02701,0.31,0.27458,0.03542,0.31,0.2773,0.0327,0.31,0.29615,0.01385
1,1422,31182.2,CLOSE_2,0.315,0.28299,0.03201,0.315,0.27797,0.03703,0.315,0.28596,0.02904,0.315,0.3,0.015
1,1423,31202.3,CLOSE_2,0.32,0.28819,0.03181,0.32,0.28136,0.03864,0.32,0.28596,0.03404,0.32,0.30385,0.01615
1,1424,31223.8,CLOSE_2,0.325,0.29167,0.03333,0.325,0.28305,0.04195,0.325,0.28943,0.03557,0.325,0.31346,0.01154
1,1425,31244.2,CLOSE_2,0.33,0.2934,0.0366,0.33,0.28644,0.04356,0.33,0.29289,0.03711,0.33,0.32308,0.00692
1,1426,31265.3,CLOSE_2,0.335,0.29514,0.03986,0.335,0.28983,0.04517,0.335,0.29809,0.03691,0.335,0.32308,0.01192
1,1427,31286.5,CLOSE_2,0.34,0.29861,0.04139,0.34,0.30169,0.03831,0.34,0.29983,0.04017,0.34,0.32692,0.01308
1,1428,31306.7,CLOSE_2,0.345,0.30903,0.03597,0.345,0.29661,0.04839,0.345,0.30329,0.04171,0.345,0.33654,0.00846
1,1429,31327.4,CLOSE_2,0.35,0.31424,0.03576,0.35,0.30339,0.04661,0.35,0.30676,0.04324,0.35,0.34615,0.00385
1,1430,31348.0,CLOSE_2,0.355,0.31597,0.03903,0.355,0.30678,0.04822,0.355,0.30676,0.04824,0.355,0.35,0.005
1,1431,31369.9,CLOSE_2,0.36,0.32292,0.03708,0.36,0.31186,0.04814,0.36,0.31369,0.04631,0.36,0.35385,0.00615
1,1432,31390.3,CLOSE_2,0.365,0.32639,0.03861,0.365,0.31864,0.04636,0.365,0.31889,0.04611,0.365,0.37115,-0.00615
1,1433,31411.3,CLOSE_2,0.37,0.33507,0.03493,0.37,0.32373,0.04627,0.37,0.32756,0.04244,0.37,0.36538,0.00462
1,1434,31432.1,CLOSE_2,0.375,0.34375,0.03125,0.375,0.32881,0.04619,0.375,0.33449,0.04051,0.375,0.37115,0.00385
1,1435,31453.8,CLOSE_2,0.38,0.34722,0.03278,0.38,0.3339,0.0461,0.38,0.33969,0.04031,0.38,0.37692,0.00308
1,1436,31474.3,CLOSE_2,0.385,0.35243,0.03257,0.385,0.33729,0.04771,0.385,0.35009,0.03491,0.385,0.37885,0.00615
1,1437,31496.1,CLOSE_2,0.39,0.36111,0.02889,0.39,0.34915,0.04085,0.39,0.35355,0.03645,0.39,0.39231,-0.00231
1,1438,31516.5,CLOSE_2,0.395,0.36806,0.02694,0.395,0.35085,0.04415,0.395,0.36568,0.02932,0.395,0.39808,-0.00308
1,1439,31537.7,CLOSE_2,0.4,0.37153,0.02847,0.4,0.35763,0.04237,0.4,0.36742,0.03258,0.4,0.39808,0.00192
1,1440,31557.8,CLOSE_2,0.405,0.37674,0.02826,0.405,0.36271,0.04229,0.405,0.37262,0.03238,0.405,0.40192,0.00308
1,1441,31578.4,CLOSE_2,0.41,0.37847,0.03153,0.41,0.36949,0.04051,0.41,0.38302,0.02698,0.41,0.41154,-0.00154
1,1442,31599.1,CLOSE_2,0.415,0.39062,0.02438,0.415,0.37458,0.04042,0.415,0.38648,0.02852,0.415,0.41731,-0.00231
1,1443,31619.2,CLOSE_2,0.42,0.3941,0.0259,0.42,0.38305,0.03695,0.42,0.38995,0.03005,0.42,0.42308,-0.00308
1,1444,31640.4,CLOSE_2,0.425,0.39931,0.02569,0.425,0.38305,0.04195,0.425,0.39688,0.02812,0.425,0.42885,-0.00385
1,1445,31661.3,CLOSE_2,0.43,0.40278,0.02722,0.43,0.39322,0.03678,0.43,0.40208,0.02792,0.43,0.43077,-0.00077
1,1446,31681.9,CLOSE_2,0.435,0.40625,0.02875,0.435,0.39322,0.04178,0.435,0.40728,0.02772,0.435,0.44038,-0.00538
1,1447,31702.7,CLOSE_2,0.44,0.41146,0.02854,0.44,0.39661,0.04339,0.44,0.41075,0.02925,0.44,0.44423,-0.00423
1,1448,31723.3,CLOSE_2,0.445,0.41493,0.03007,0.445,0.40169,0.04331,0.445,0.41594,0.02906,0.445,0.45,-0.005
1,1449,31744.3,CLOSE_2,0.45,0.42014,0.02986,0.45,0.40508,0.04492,0.45,0.42461,0.02539,0.45,0.45577,-0.00577
1,1450,31765.2,CLOSE_2,0.455,0.42188,0.03313,0.455,0.40847,0.04653,0.455,0.42808,0.02692,0.455,0.46154,-0.00654
1,1451,31786.0,CLOSE_2,0.46,0.42708,0.03292,0.46,0.42203,0.03797,0.46,0.42808,0.03192,0.46,0.46346,-0.00346
1,1452,31806.7,CLOSE_2,0.465,0.43056,0.03444,0.465,0.42542,0.03958,0.465,0.43154,0.03346,0.465,0.47115,-0.00615
1,1453,31827.9,CLOSE_2,0.47,0.44271,0.02729,0.47,0.42034,0.04966,0.47,0.43847,0.03153,0.47,0.48077,-0.01077
1,1454,31849.2,CLOSE_2,0.475,0.44097,0.03403,0.475,0.42712,0.04788,0.475,0.43847,0.03653,0.475,0.48077,-0.00577
1,1455,31869.1,CLOSE_2,0.48,0.44618,0.03382,0.48,0.4322,0.0478,0.48,0.44367,0.03633,0.48,0.49038,-0.01038
1,1456,31891.0,CLOSE_2,0.485,0.45139,0.03361,0.485,0.44407,0.04093,0.485,0.44887,0.03613,0.485,0.49038,-0.00538
1,1457,31911.1,CLOSE_2,0.49,0.45486,0.03514,0.49,0.44407,0.04593,0.49,0.45407,0.03593,0.49,0.5,-0.01
1,1458,31932.7,CLOSE_2,0.495,0.46181,0.03319,0.495,0.45085,0.04415,0.495,0.45927,0.03573,0.495,0.51154,-0.01654
1,1459,31954.4,CLOSE_2,0.5,0.46701,0.03299,0.5,0.45593,0.04407,0.5,0.46447,0.03553,0.5,0.51346,-0.01346
1,1460,31974.6,CLOSE_2,0.505,0.47396,0.03104,0.5,0.46271,0.03729,0.505,0.46967,0.03533,0.5,0.51731,-0.01731
1,1461,31995.0,CLOSE_2,0.51,0.47917,0.03083,0.5,0.47119,0.02881,0.51,0.47487,0.03513,0.5,0.525,-0.025
1,1462,32016.5,CLOSE_2,0.515,0.48611,0.02889,0.5,0.48136,0.01864,0.515,0.47834,0.03666,0.5,0.53269,-0.03269
1,1463,32037.1,CLOSE_2,0.52,0.48785,0.03215,0.5,0.47966,0.02034,0.52,0.4818,0.0382,0.5,0.53846,-0.03846
1,1464,32058.3,CLOSE_2,0.525,0.49826,0.02674,0.5,0.48814,0.01186,0.525,0.49567,0.02933,0.5,0.54231,-0.04231
1,1465,32078.3,CLOSE_2,0.53,0.50868,0.02132,0.5,0.49153,0.00847,0.53,0.5026,0.0274,0.5,0.55,-0.05
1,1466,32098.3,CLOSE_2,0.535,0.51215,0.02285,0.5,0.5,0.0,0.535,0.5078,0.0272,0.5,0.55,-0.05
1,1467,32119.5,CLOSE_2,0.54,0.52257,0.01743,0.5,0.50508,-0.00508,0.54,0.51646,0.02354,0.5,0.55192,-0.05192
1,1468,32140.2,CLOSE_2,0.545,0.52951,0.01549,0.5,0.50847,-0.00847,0.545,0.52513,0.01987,0.5,0.55769,-0.05769
1,1469,32160.9,CLOSE_2,0.55,0.53125,0.01875,0.5,0.51186,-0.01186,0.55,0.52686,0.02314,0.5,0.55962,-0.05962
1,1470,32182.2,CLOSE_2,0.555,0.53299,0.02201,0.5,0.51356,-0.01356,0.555,0.5286,0.0264,0.5,0.55962,-0.05962
1,1471,32202.8,CLOSE_2,0.56,0.53819,0.02181,0.5,0.51186,-0.01186,0.56,0.53033,0.02967,0.5,0.56154,-0.06154
1,1472,32223.7,CLOSE_2,0.565,0.53646,0.02854,0.5,0.51186,-0.01186,0.565,0.53553,0.02947,0.5,0.55962,-0.05962
1,1473,32244.2,CLOSE_2,0.57,0.53819,0.03181,0.5,0.51186,-0.01186,0.57,0.53726,0.03274,0.5,0.56154,-0.06154
1,1474,32265.3,CLOSE_2,0.575,0.55035,0.02465,0.5,0.51186,-0.01186,0.575,0.53553,0.03947,0.5,0.55962,-0.05962
1,1475,32285.7,CLOSE_2,0.58,0.55035,0.02965,0.5,0.51186,-0.01186,0.58,0.53899,0.04101,0.5,0.55962,-0.05962
1,1476,32306.8,CLOSE_2,0.585,0.54514,0.03986,0.5,0.51186,-0.01186,0.585,0.54246,0.04254,0.5,0.55962,-0.05962
1,1477,32328.0,CLOSE_2,0.59,0.55035,0.03965,0.5,0.51186,-0.01186,0.59,0.54766,0.04234,0.5,0.55962,-0.05962
1,1478,32348.4,CLOSE_2,0.595,0.55382,0.04118,0.5,0.52203,-0.02203,0.595,0.55286,0.04214,0.5,0.55962,-0.05962
1,1479,32369.9,CLOSE_2,0.6,0.56424,0.03576,0.5,0.51186,-0.01186,0.6,0.55806,0.04194,0.5,0.56154,-0.06154
1,1480,32390.2,CLOSE_2,0.605,0.57465,0.03035,0.5,0.51186,-0.01186,0.605,0.56326,0.04174,0.5,0.56154,-0.06154
1,1481,32411.6,CLOSE_2,0.61,0.56944,0.04056,0.5,0.51186,-0.01186,0.61,0.57019,0.03981,0.5,0.55962,-0.05962
1,1482,32432.6,CLOSE_2,0.615,0.57639,0.03861,0.5,0.51186,-0.01186,0.615,0.57712,0.03788,0.5,0.56154,-0.06154
1,1483,32453.1,CLOSE_2,0.62,0.58854,0.03146,0.5,0.50847,-0.00847,0.62,0.58925,0.03075,0.5,0.56154,-0.06154
1,1484,32474.7,CLOSE_2,0.625,0.59201,0.03299,0.5,0.51356,-0.01356,0.625,0.59099,0.03401,0.5,0.56154,-0.06154
1,1485,32495.5,CLOSE_2,0.63,0.59549,0.03451,0.5,0.51186,-0.01186,0.63,0.59792,0.03208,0.5,0.55962,-0.05962
1,1486,32515.7,CLOSE_2,0.635,0.60069,0.03431,0.5,0.51186,-0.01186,0.635,0.60485,0.03015,0.5,0.56538,-0.06538
1,1487,32536.9,CLOSE_2,0.64,0.6059,0.0341,0.5,0.51186,-0.01186,0.64,0.60832,0.03168,0.5,0.56154,-0.06154
1,1488,32557.3,CLOSE_2,0.645,0.61285,0.03215,0.5,0.51186,-0.01186,0.645,0.61352,0.03148,0.5,0.56154,-0.06154
1,1489,32578.3,CLOSE_2,0.65,0.61806,0.03194,0.5,0.51525,-0.01525,0.65,0.62045,0.02955,0.5,0.56154,-0.06154
1,1490,32598.0,CLOSE_2,0.655,0.62153,0.03347,0.5,0.51186,-0.01186,0.655,0.62392,0.03108,0.5,0.55962,-0.05962
1,1491,32619.2,CLOSE_2,0.66,0.63368,0.02632,0.5,0.51525,-0.01525,0.66,0.63258,0.02742,0.5,0.56154,-0.06154
1,1492,32640.1,CLOSE_2,0.665,0.63542,0.02958,0.5,0.51186,-0.01186,0.665,0.63432,0.03068,0.5,0.56731,-0.06731
1,1493,32660.9,CLOSE_2,0.67,0.64062,0.02938,0.5,0.51186,-0.01186,0.67,0.63778,0.03222,0.5,0.55962,-0.05962
1,1494,32681.9,CLOSE_2,0.675,0.64757,0.02743,0.5,0.51186,-0.01186,0.675,0.64471,0.03029,0.5,0.55962,-0.05962
1,1495,32703.1,CLOSE_2,0.68,0.64931,0.03069,0.5,0.51186,-0.01186,0.68,0.64645,0.03355,0.5,0.55962,-0.05962
1,1496,32723.4,CLOSE_2,0.685,0.65278,0.03222,0.5,0.51017,-0.01017,0.685,0.65685,0.02815,0.5,0.55962,-0.05962
1,1497,32744.6,CLOSE_2,0.69,0.65972,0.03028,0.5,0.50339,-0.00339,0.69,0.65511,0.03489,0.5,0.56154,-0.06154
1,1498,32765.1,CLOSE_2,0.695,0.66493,0.03007,0.5,0.49322,0.00678,0.695,0.66031,0.03469,0.5,0.55962,-0.05962
1,1499,32785.8,CLOSE_2,0.7,0.66667,0.03333,0.5,0.48983,0.01017,0.7,0.66551,0.03449,0.5,0.56154,-0.06154
1,1500,32807.0,CLOSE_2,0.705,0.67361,0.03139,0.5,0.48644,0.01356,0.705,0.67418,0.03082,0.5,0.56154,-0.06154
1,1501,32827.8,CLOSE_2,0.71,0.67882,0.03118,0.5,0.48814,0.01186,0.71,0.67591,0.03409,0.5,0.55962,-0.05962
1,1502,32849.3,CLOSE_2,0.715,0.69271,0.02229,0.5,0.48644,0.01356,0.715,0.67938,0.03562,0.5,0.56154,-0.06154
1,1503,32871.7,CLOSE_2,0.72,0.67708,0.04292,0.5,0.47966,0.02034,0.72,0.68284,0.03716,0.5,0.56154,-0.06154
1,1504,32890.4,CLOSE_2,0.725,0.69618,0.02882,0.5,0.48644,0.01356,0.725,0.68977,0.03523,0.5,0.55962,-0.05962
1,1505,32912.5,CLOSE_2,0.73,0.69965,0.03035,0.5,0.49153,0.00847,0.73,0.69671,0.03329,0.5,0.56346,-0.06346
1,1506,32933.0,CLOSE_2,0.735,0.71181,0.02319,0.5,0.48644,0.01356,0.735,0.69844,0.03656,0.5,0.56346,-0.06346
1,1507,32953.9,CLOSE_2,0.74,0.71181,0.02819,0.5,0.48814,0.01186,0.74,0.70191,0.03809,0.5,0.56154,-0.06154
1,1508,32975.0,CLOSE_2,0.745,0.71528,0.02972,0.5,0.48644,0.01356,0.745,0.7175,0.0275,0.5,0.56346,-0.06346
1,1509,32995.0,CLOSE_2,0.75,0.72396,0.02604,0.5,0.48644,0.01356,0.75,0.7175,0.0325,0.5,0.56154,-0.06154
1,1510,33015.7,CLOSE_2,0.755,0.72396,0.03104,0.5,0.48644,0.01356,0.755,0.7279,0.0271,0.5,0.56154,-0.06154
1,1511,33036.1,CLOSE_2,0.76,0.7309,0.0291,0.5,0.48983,0.01017,0.76,0.7331,0.0269,0.5,0.55962,-0.05962
1,1512,33056.8,CLOSE_2,0.765,0.7309,0.0341,0.5,0.48983,0.01017,0.765,0.73137,0.03363,0.5,0.56154,-0.06154
1,1513,33078.6,CLOSE_2,0.77,0.73785,0.03215,0.5,0.49322,0.00678,0.77,0.7331,0.0369,0.5,0.55962,-0.05962
1,1514,33096.5,CLOSE_2,0.775,0.74306,0.03194,0.5,0.50169,-0.00169,0.775,0.7383,0.0367,0.5,0.56154,-0.06154
1,1515,33119.2,CLOSE_2,0.78,0.74826,0.03174,0.5,0.50339,-0.00339,0.78,0.74523,0.03477,0.5,0.56154,-0.06154
1,1516,33139.5,CLOSE_2,0.785,0.75174,0.03326,0.5,0.50339,-0.00339,0.785,0.74697,0.03803,0.5,0.56154,-0.06154
1,1517,33159.9,CLOSE_2,0.79,0.75694,0.03306,0.5,0.50508,-0.00508,0.79,0.75217,0.03783,0.5,0.56154,-0.06154
1,1518,33182.3,CLOSE_2,0.795,0.76042,0.03458,0.5,0.50678,-0.00678,0.795,0.75737,0.03763,0.5,0.56154,-0.06154
1,1519,33202.1,CLOSE_2,0.8,0.76562,0.03438,0.5,0.50508,-0.00508,0.8,0.76256,0.03744,0.5,0.55962,-0.05962
1,1520,33223.5,CLOSE_2,0.805,0.77951,0.02549,0.5,0.50508,-0.00508,0.805,0.77296,0.03204,0.5,0.56154,-0.06154
1,1521,33242.6,CLOSE_2,0.81,0.77431,0.03569,0.5,0.50678,-0.00678,0.81,0.7747,0.0353,0.5,0.55962,-0.05962
1,1522,33263.8,CLOSE_2,0.815,0.78472,0.03028,0.5,0.50508,-0.00508,0.815,0.77643,0.03857,0.5,0.56154,-0.06154
1,1523,33285.2,CLOSE_2,0.82,0.78646,0.03354,0.5,0.50508,-0.00508,0.82,0.7851,0.0349,0.5,0.56154,-0.06154
1,1524,33305.6,CLOSE_2,0.825,0.79167,0.03333,0.5,0.50508,-0.00508,0.825,0.79029,0.03471,0.5,0.56154,-0.06154
1,1525,33328.6,CLOSE_2,0.83,0.80035,0.02965,0.5,0.50339,-0.00339,0.83,0.79549,0.03451,0.5,0.56538,-0.06538
1,1526,33350.0,CLOSE_2,0.835,0.80382,0.03118,0.5,0.50508,-0.00508,0.835,0.79896,0.03604,0.5,0.56538,-0.06538
1,1527,33369.9,CLOSE_2,0.84,0.81076,0.02924,0.5,0.50678,-0.00678,0.84,0.80763,0.03237,0.5,0.55962,-0.05962
1,1528,33389.3,CLOSE_2,0.845,0.81424,0.03076,0.5,0.50678,-0.00678,0.845,0.81629,0.02871,0.5,0.56154,-0.06154
1,1529,33410.0,CLOSE_2,0.85,0.82986,0.02014,0.5,0.50508,-0.00508,0.85,0.81802,0.03198,0.5,0.56154,-0.06154
1,1530,33431.9,CLOSE_2,0.855,0.82639,0.02861,0.5,0.50508,-0.00508,0.855,0.82322,0.03178,0.5,0.55962,-0.05962
1,1531,33451.6,CLOSE_2,0.86,0.8316,0.0284,0.5,0.50508,-0.00508,0.86,0.83016,0.02984,0.5,0.56154,-0.06154
1,1532,33472.1,CLOSE_2,0.865,0.84375,0.02125,0.5,0.50678,-0.00678,0.865,0.83536,0.02964,0.5,0.56154,-0.06154
1,1533,33493.7,CLOSE_2,0.87,0.84201,0.02799,0.5,0.50678,-0.00678,0.87,0.84055,0.02945,0.5,0.56154,-0.06154
1,1534,33513.8,CLOSE_2,0.875,0.84549,0.02951,0.5,0.50508,-0.00508,0.875,0.84749,0.02751,0.5,0.56154,-0.06154
1,1535,33534.8,CLOSE_2,0.88,0.85764,0.02236,0.5,0.50678,-0.00678,0.88,0.85442,0.02558,0.5,0.56154,-0.06154
1,1536,33555.2,CLOSE_2,0.885,0.85417,0.03083,0.5,0.50508,-0.00508,0.885,0.85442,0.03058,0.5,0.56154,-0.06154
1,1537,33576.3,CLOSE_2,0.89,0.85938,0.03063,0.5,0.50678,-0.00678,0.89,0.86135,0.02865,0.5,0.56154,-0.06154
1,1538,33597.8,CLOSE_2,0.895,0.86285,0.03215,0.5,0.50508,-0.00508,0.895,0.86308,0.03192,0.5,0.55962,-0.05962
1,1539,33617.1,CLOSE_2,0.9,0.86806,0.03194,0.5,0.50508,-0.00508,0.9,0.87002,0.02998,0.5,0.56154,-0.06154
1,1540,33638.8,CLOSE_2,0.905,0.87153,0.03347,0.5,0.50678,-0.00678,0.905,0.87348,0.03152,0.5,0.56154,-0.06154
1,1541,33660.0,CLOSE_2,0.91,0.87847,0.03153,0.5,0.50678,-0.00678,0.91,0.88562,0.02438,0.5,0.55962,-0.05962
1,1542,33679.9,CLOSE_2,0.915,0.88021,0.03479,0.5,0.50678,-0.00678,0.915,0.88215,0.03285,0.5,0.56154,-0.06154
1,1543,33701.8,CLOSE_2,0.92,0.89062,0.02938,0.5,0.50508,-0.00508,0.92,0.88735,0.03265,0.5,0.56538,-0.06538
1,1544,33722.5,CLOSE_2,0.925,0.8941,0.0309,0.5,0.50508,-0.00508,0.925,0.89255,0.03245,0.5,0.56154,-0.06154
1,1545,33743.3,CLOSE_2,0.93,0.89583,0.03417,0.5,0.50847,-0.00847,0.93,0.89775,0.03225,0.5,0.56154,-0.06154
1,1546,33765.2,CLOSE_2,0.935,0.90104,0.03396,0.5,0.50508,-0.00508,0.935,0.90295,0.03205,0.5,0.56154,-0.06154
1,1547,33786.5,CLOSE_2,0.94,0.90972,0.03028,0.5,0.50508,-0.00508,0.94,0.90641,0.03359,0.5,0.56154,-0.06154
1,1548,33808.9,CLOSE_2,0.945,0.90972,0.03528,0.5,0.50678,-0.00678,0.945,0.92201,0.02299,0.5,0.56731,-0.06731
1,1549,33829.5,CLOSE_2,0.95,0.91319,0.03681,0.5,0.50508,-0.00508,0.95,0.92374,0.02626,0.5,0.55962,-0.05962
1,1550,33850.0,CLOSE_2,0.955,0.92188,0.03313,0.5,0.50508,-0.00508,0.955,0.92374,0.03126,0.5,0.56154,-0.06154
1,1551,33870.6,CLOSE_2,0.96,0.92708,0.03292,0.5,0.50508,-0.00508,0.96,0.93068,0.02932,0.5,0.56154,-0.06154
1,1552,33891.2,CLOSE_2,0.965,0.92882,0.03618,0.5,0.50508,-0.00508,0.965,0.93588,0.02912,0.5,0.56154,-0.06154
1,1553,33912.5,CLOSE_2,0.97,0.93576,0.03424,0.5,0.50508,-0.00508,0.97,0.95147,0.01853,0.5,0.56154,-0.06154
1,1554,33933.0,CLOSE_2,0.975,0.94097,0.03403,0.5,0.50508,-0.00508,0.975,0.94627,0.02873,0.5,0.55962,-0.05962
1,1555,33954.3,CLOSE_2,0.98,0.94792,0.03208,0.5,0.50508,-0.00508,0.98,0.94974,0.03026,0.5,0.56154,-0.06154
1,1556,33974.1,CLOSE_2,0.985,0.95139,0.03361,0.5,0.50508,-0.00508,0.985,0.95494,0.03006,0.5,0.55962,-0.05962
1,1557,33995.0,CLOSE_2,0.99,0.95486,0.03514,0.5,0.50508,-0.00508,0.99,0.95841,0.03159,0.5,0.56154,-0.06154
1,1558,34015.3,CLOSE_2,0.995,0.96181,0.03319,0.5,0.50508,-0.00508,0.995,0.96187,0.03313,0.5,0.55962,-0.05962
1,1559,34037.0,CLOSE_2,1.0,0.96528,0.03472,0.5,0.50678,-0.00678,1.0,0.96707,0.03293,0.5,0.55962,-0.05962
1,1560,34044.8,HOLD_2,1.0,0.96528,0.03472,0.5,0.50508,-0.00508,1.0,0.97054,0.02946,0.5,0.56154,-0.06154
1,1561,34066.0,HOLD_2,1.0,0.97396,0.02604,0.5,0.50508,-0.00508,1.0,0.97747,0.02253,0.5,0.56538,-0.06538
1,1562,34087.6,HOLD_2,1.0,0.96875,0.03125,0.5,0.50508,-0.00508,1.0,0.97747,0.02253,0.5,0.56154,-0.06154
1,1563,34106.9,HOLD_2,1.0,0.97222,0.02778,0.5,0.50678,-0.00678,1.0,0.98094,0.01906,0.5,0.56154,-0.06154
1,1564,34129.0,HOLD_2,1.0,0.97396,0.02604,0.5,0.50508,-0.00508,1.0,0.98267,0.01733,0.5,0.56154,-0.06154
1,1565,34148.8,HOLD_2,1.0,0.97222,0.02778,0.5,0.50508,-0.00508,1.0,0.9844,0.0156,0.5,0.56346,-0.06346
1,1566,34170.4,HOLD_2,1.0,0.97396,0.02604,0.5,0.50508,-0.00508,1.0,0.9896,0.0104,0.5,0.56346,-0.06346
1,1567,34191.4,HOLD_2,1.0,0.97222,0.02778,0.5,0.50678,-0.00678,1.0,0.9844,0.0156,0.5,0.56154,-0.06154
1,1568,34212.6,HOLD_2,1.0,0.98264,0.01736,0.5,0.50508,-0.00508,1.0,0.9844,0.0156,0.5,0.56154,-0.06154
1,1569,34233.2,HOLD_2,1.0,0.97222,0.02778,0.5,0.50508,-0.00508,1.0,0.98267,0.01733,0.5,0.56154,-0.06154
1,1570,34253.5,HOLD_2,1.0,0.97396,0.02604,0.5,0.50847,-0.00847,1.0,0.9844,0.0156,0.5,0.56154,-0.06154
1,1571,34274.3,HOLD_2,1.0,0.97569,0.02431,0.5,0.50678,-0.00678,1.0,0.98267,0.01733,0.5,0.56538,-0.06538
1,1572,34295.0,HOLD_2,1.0,0.97569,0.02431,0.5,0.50508,-0.00508,1.0,0.9844,0.0156,0.5,0.56154,-0.06154
1,1573,34315.4,HOLD_2,1.0,0.98264,0.01736,0.5,0.50847,-0.00847,1.0,0.98614,0.01386,0.5,0.56538,-0.06538
1,1574,34336.3,HOLD_2,1.0,0.97569,0.02431,0.5,0.50508,-0.00508,1.0,0.98267,0.01733,0.5,0.56154,-0.06154
1,1575,34357.6,HOLD_2,1.0,0.97396,0.02604,0.5,0.50508,-0.00508,1.0,0.9844,0.0156,0.5,0.56154,-0.06154
1,1576,34378.1,HOLD_2,1.0,0.97569,0.02431,0.5,0.50847,-0.00847,1.0,0.9844,0.0156,0.5,0.56154,-0.06154
1,1577,34398.7,HOLD_2,1.0,0.97396,0.02604,0.5,0.50508,-0.00508,1.0,0.9844,0.0156,0.5,0.56154,-0.06154
1,1578,34420.3,HOLD_2,1.0,0.97396,0.02604,0.5,0.50508,-0.00508,1.0,0.9844,0.0156,0.5,0.56154,-0.06154
1,1579,34440.7,HOLD_2,1.0,0.97396,0.02604,0.5,0.50678,-0.00678,1.0,0.9844,0.0156,0.5,0.56154,-0.06154
1,1580,34462.1,HOLD_2,1.0,0.97396,0.02604,0.5,0.50508,-0.00508,1.0,0.98267,0.01733,0.5,0.56154,-0.06154
1,1581,34481.8,HOLD_2,1.0,0.97396,0.02604,0.5,0.50678,-0.00678,1.0,0.9844,0.0156,0.5,0.56154,-0.06154
1,1582,34503.2,HOLD_2,1.0,0.97569,0.02431,0.5,0.50678,-0.00678,1.0,0.9896,0.0104,0.5,0.56154,-0.06154
1,1583,34524.4,HOLD_2,1.0,0.97569,0.02431,0.5,0.50847,-0.00847,1.0,0.9896,0.0104,0.5,0.56154,-0.06154
1,1584,34545.3,HOLD_2,1.0,0.98611,0.01389,0.5,0.50678,-0.00678,1.0,0.9896,0.0104,0.5,0.56154,-0.06154
1,1585,34566.6,HOLD_2,1.0,0.9809,0.0191,0.5,0.50678,-0.00678,1.0,0.99133,0.00867,0.5,0.56154,-0.06154
1,1586,34587.8,HOLD_2,1.0,0.9809,0.0191,0.5,0.50678,-0.00678,1.0,0.9948,0.0052,0.5,0.56154,-0.06154
1,1587,34608.4,HOLD_2,1.0,0.9809,0.0191,0.5,0.50508,-0.00508,1.0,0.99307,0.00693,0.5,0.56154,-0.06154
1,1588,34628.8,HOLD_2,1.0,0.9809,0.0191,0.5,0.50508,-0.00508,1.0,0.99133,0.00867,0.5,0.56154,-0.06154
1,1589,34648.8,HOLD_2,1.0,0.99479,0.00521,0.5,0.50508,-0.00508,1.0,0.99307,0.00693,0.5,0.56346,-0.06346
1,1590,34670.2,HOLD_2,1.0,0.98958,0.01042,0.5,0.50678,-0.00678,1.0,0.9948,0.0052,0.5,0.56154,-0.06154
1,1591,34691.5,HOLD_2,1.0,0.99132,0.00868,0.5,0.50678,-0.00678,1.0,0.99307,0.00693,0.5,0.56154,-0.06154
1,1592,34711.7,HOLD_2,1.0,0.99479,0.00521,0.5,0.50508,-0.00508,1.0,0.9948,0.0052,0.5,0.56154,-0.06154
1,1593,34732.3,HOLD_2,1.0,0.99479,0.00521,0.5,0.50847,-0.00847,1.0,0.9948,0.0052,0.5,0.56154,-0.06154
1,1594,34753.5,HOLD_2,1.0,0.99306,0.00694,0.5,0.50508,-0.00508,1.0,0.9948,0.0052,0.5,0.56346,-0.06346
1,1595,34774.1,HOLD_2,1.0,0.99479,0.00521,0.5,0.50508,-0.00508,1.0,0.9948,0.0052,0.5,0.56154,-0.06154
1,1596,34795.1,HOLD_2,1.0,0.99306,0.00694,0.5,0.50678,-0.00678,1.0,0.99307,0.00693,0.5,0.55962,-0.05962
1,1597,34815.4,HOLD_2,1.0,0.99306,0.00694,0.5,0.50508,-0.00508,1.0,0.99307,0.00693,0.5,0.56154,-0.06154
1,1598,34836.7,HOLD_2,1.0,0.99306,0.00694,0.5,0.50508,-0.00508,1.0,0.9948,0.0052,0.5,0.55962,-0.05962
1,1599,34857.4,HOLD_2,1.0,0.99132,0.00868,0.5,0.50678,-0.00678,1.0,0.99133,0.00867,0.5,0.56346,-0.06346
1,1600,34878.2,HOLD_2,1.0,0.99132,0.00868,0.5,0.50508,-0.00508,1.0,0.99133,0.00867,0.5,0.56154,-0.06154
1,1601,34898.6,HOLD_2,1.0,0.99306,0.00694,0.5,0.50508,-0.00508,1.0,0.99133,0.00867,0.5,0.56154,-0.06154
1,1602,34920.8,HOLD_2,1.0,0.99306,0.00694,0.5,0.50508,-0.00508,1.0,0.99307,0.00693,0.5,0.56154,-0.06154
1,1603,34940.8,HOLD_2,1.0,0.99479,0.00521,0.5,0.50678,-0.00678,1.0,0.9948,0.0052,0.5,0.56154,-0.06154
1,1604,34962.0,HOLD_2,1.0,0.99479,0.00521,0.5,0.50508,-0.00508,1.0,0.99653,0.00347,0.5,0.56154,-0.06154
1,1605,34982.3,HOLD_2,1.0,0.99306,0.00694,0.5,0.50678,-0.00678,1.0,0.99307,0.00693,0.5,0.56154,-0.06154
1,1606,35003.1,HOLD_2,1.0,0.99479,0.00521,0.5,0.50508,-0.00508,1.0,0.99307,0.00693,0.5,0.56154,-0.06154
1,1607,35024.6,HOLD_2,1.0,0.99479,0.00521,0.5,0.50678,-0.00678,1.0,0.99133,0.00867,0.5,0.56154,-0.06154
1,1608,35045.6,HOLD_2,1.0,0.99306,0.00694,0.5,0.50508,-0.00508,1.0,0.9948,0.0052,0.5,0.56154,-0.06154
1,1609,35066.6,HOLD_2,1.0,0.99653,0.00347,0.5,0.50508,-0.00508,1.0,0.99307,0.00693,0.5,0.56154,-0.06154
1,1610,35087.9,HOLD_2,1.0,0.99479,0.00521,0.5,0.50508,-0.00508,1.0,0.99133,0.00867,0.5,0.56346,-0.06346
1,1611,35107.7,HOLD_2,1.0,0.99479,0.00521,0.5,0.50508,-0.00508,1.0,0.99307,0.00693,0.5,0.56346,-0.06346
1,1612,35129.0,HOLD_2,1.0,0.99306,0.00694,0.5,0.50508,-0.00508,1.0,0.99307,0.00693,0.5,0.56154,-0.06154
1,1613,35150.8,HOLD_2,1.0,0.99306,0.00694,0.5,0.50508,-0.00508,1.0,0.9948,0.0052,0.5,0.55962,-0.05962
1,1614,35169.9,HOLD_2,1.0,0.99132,0.00868,0.5,0.50847,-0.00847,1.0,0.99307,0.00693,0.5,0.56154,-0.06154
1,1615,35190.9,HOLD_2,1.0,0.99479,0.00521,0.5,0.50678,-0.00678,1.0,0.9948,0.0052,0.5,0.56154,-0.06154
1,1616,35212.0,HOLD_2,1.0,0.99306,0.00694,0.5,0.50508,-0.00508,1.0,0.99307,0.00693,0.5,0.55962,-0.05962
1,1617,35233.3,HOLD_2,1.0,0.99479,0.00521,0.5,0.50508,-0.00508,1.0,0.99307,0.00693,0.5,0.56154,-0.06154
1,1618,35253.5,HOLD_2,1.0,0.99306,0.00694,0.5,0.50508,-0.00508,1.0,0.99307,0.00693,0.5,0.56154,-0.06154
1,1619,35274.0,HOLD_2,1.0,0.99479,0.00521,0.5,0.50508,-0.00508,1.0,0.99307,0.00693,0.5,0.56154,-0.06154
2,1620,36098.5,SETTLE,0.0,0.59549,-0.59549,0.0,0.14068,-0.14068,0.0,0.57712,-0.57712,0.0,0.14423,-0.14423
2,1621,36120.7,SETTLE,0.0,0.57986,-0.57986,0.0,0.12881,-0.12881,0.0,0.55979,-0.55979,0.0,0.13269,-0.13269
2,1622,36140.6,SETTLE,0.0,0.57292,-0.57292,0.0,0.11695,-0.11695,0.0,0.55286,-0.55286,0.0,0.12115,-0.12115
2,1623,36162.1,SETTLE,0.0,0.55903,-0.55903,0.0,0.10678,-0.10678,0.0,0.53553,-0.53553,0.0,0.11154,-0.11154
2,1624,36182.9,SETTLE,0.0,0.54514,-0.54514,0.0,0.09661,-0.09661,0.0,0.53033,-0.53033,0.0,0.09423,-0.09423
2,1625,36203.3,SETTLE,0.0,0.53472,-0.53472,0.0,0.08644,-0.08644,0.0,0.5078,-0.5078,0.0,0.08077,-0.08077
2,1626,36224.6,SETTLE,0.0,0.51389,-0.51389,0.0,0.07627,-0.07627,0.0,0.48873,-0.48873,0.0,0.06923,-0.06923
2,1627,36245.0,SETTLE,0.0,0.49653,-0.49653,0.0,0.06441,-0.06441,0.0,0.4766,-0.4766,0.0,0.05577,-0.05577
2,1628,36266.2,SETTLE,0.0,0.48438,-0.48438,0.0,0.05593,-0.05593,0.0,0.4662,-0.4662,0.0,0.05,-0.05
2,1629,36285.7,SETTLE,0.0,0.47049,-0.47049,0.0,0.04746,-0.04746,0.0,0.45234,-0.45234,0.0,0.03462,-0.03462
2,1630,36306.8,SETTLE,0.0,0.45833,-0.45833,0.0,0.0339,-0.0339,0.0,0.44367,-0.44367,0.0,0.025,-0.025
2,1631,36328.4,SETTLE,0.0,0.44618,-0.44618,0.0,0.02881,-0.02881,0.0,0.42634,-0.42634,0.0,0.01346,-0.01346
2,1632,36349.0,SETTLE,0.0,0.43229,-0.43229,0.0,0.01695,-0.01695,0.0,0.41421,-0.41421,0.0,0.00385,-0.00385
2,1633,36369.4,SETTLE,0.0,0.42188,-0.42188,0.0,0.01017,-0.01017,0.0,0.40555,-0.40555,0.0,0.0,0.0
2,1634,36390.4,SETTLE,0.0,0.40972,-0.40972,0.0,0.00339,-0.00339,0.0,0.38821,-0.38821,0.0,0.0,0.0
2,1635,36411.7,SETTLE,0.0,0.39757,-0.39757,0.0,0.0,0.0,0.0,0.37608,-0.37608,0.0,0.0,0.0
2,1636,36431.8,SETTLE,0.0,0.38542,-0.38542,0.0,0.0,0.0,0.0,0.36222,-0.36222,0.0,0.0,0.0
2,1637,36453.0,SETTLE,0.0,0.37326,-0.37326,0.0,0.0,0.0,0.0,0.35182,-0.35182,0.0,0.0,0.0
2,1638,36473.4,SETTLE,0.0,0.36111,-0.36111,0.0,0.0,0.0,0.0,0.33795,-0.33795,0.0,0.0,0.0
2,1639,36493.9,SETTLE,0.0,0.34896,-0.34896,0.0,0.0,0.0,0.0,0.32582,-0.32582,0.0,0.0,0.0
2,1640,36514.9,SETTLE,0.0,0.33507,-0.33507,0.0,0.0,0.0,0.0,0.31542,-0.31542,0.0,0.0,0.0
2,1641,36536.0,SETTLE,0.0,0.32118,-0.32118,0.0,0.0,0.0,0.0,0.30329,-0.30329,0.0,0.0,0.0
2,1642,36556.7,SETTLE,0.0,0.31076,-0.31076,0.0,0.0,0.0,0.0,0.29116,-0.29116,0.0,0.0,0.0
2,1643,36577.4,SETTLE,0.0,0.29688,-0.29688,0.0,0.0,0.0,0.0,0.28076,-0.28076,0.0,0.0,0.0
2,1644,36599.4,SETTLE,0.0,0.28472,-0.28472,0.0,0.0,0.0,0.0,0.26863,-0.26863,0.0,0.0,0.0
2,1645,36619.2,SETTLE,0.0,0.27431,-0.27431,0.0,0.0,0.0,0.0,0.25477,-0.25477,0.0,0.0,0.0
2,1646,36640.0,SETTLE,0.0,0.25868,-0.25868,0.0,0.0,0.0,0.0,0.24437,-0.24437,0.0,0.0,0.0
2,1647,36659.7,SETTLE,0.0,0.24653,-0.24653,0.0,0.0,0.0,0.0,0.23397,-0.23397,0.0,0.0,0.0
2,1648,36679.8,SETTLE,0.0,0.23438,-0.23438,0.0,0.0,0.0,0.0,0.2201,-0.2201,0.0,0.0,0.0
2,1649,36700.5,SETTLE,0.0,0.22222,-0.22222,0.0,0.0,0.0,0.0,0.20797,-0.20797,0.0,0.0,0.0
2,1650,36723.1,CLOSE,0.005,0.20833,-0.20333,0.005,0.0,0.005,0.005,0.19411,-0.18911,0.005,0.0,0.005
2,1651,36745.8,CLOSE,0.01,0.19618,-0.18618,0.01,0.0,0.01,0.01,0.18198,-0.17198,0.01,0.0,0.01
2,1652,36767.2,CLOSE,0.015,0.18229,-0.16729,0.015,0.0,0.015,0.015,0.16811,-0.15311,0.015,0.0,0.015
2,1653,36786.7,CLOSE,0.02,0.1684,-0.1484,0.02,0.0,0.02,0.02,0.15771,-0.13771,0.02,0.0,0.02
2,1654,36807.6,CLOSE,0.025,0.15625,-0.13125,0.025,0.0,0.025,0.025,0.14385,-0.11885,0.025,0.0,0.025
2,1655,36829.1,CLOSE,0.03,0.14236,-0.11236,0.03,0.0,0.03,0.03,0.13172,-0.10172,0.03,0.0,0.03
2,1656,36848.9,CLOSE,0.035,0.13194,-0.09694,0.035,0.0,0.035,0.035,0.12305,-0.08805,0.035,0.0,0.035
2,1657,36869.7,CLOSE,0.04,0.12153,-0.08153,0.04,0.0,0.04,0.04,0.11092,-0.07092,0.04,0.0,0.04
2,1658,36891.4,CLOSE,0.045,0.1059,-0.0609,0.045,0.0,0.045,0.045,0.09705,-0.05205,0.045,0.0,0.045
2,1659,36912.1,CLOSE,0.05,0.09549,-0.04549,0.05,0.00508,0.04492,0.05,0.08319,-0.03319,0.05,0.0,0.05
2,1660,36932.4,CLOSE,0.055,0.08333,-0.02833,0.055,0.00847,0.04653,0.055,0.07279,-0.01779,0.055,0.0,0.055
2,1661,36953.3,CLOSE,0.06,0.07465,-0.01465,0.06,0.01186,0.04814,0.06,0.06412,-0.00412,0.06,0.0,0.06
2,1662,36974.3,CLOSE,0.065,0.05903,0.00597,0.065,0.02034,0.04466,0.065,0.05373,0.01127,0.065,0.00385,0.06115
2,1663,36995.4,CLOSE,0.07,0.05382,0.01618,0.07,0.03051,0.03949,0.07,0.04679,0.02321,0.07,0.01346,0.05654
2,1664,37016.5,CLOSE,0.075,0.04167,0.03333,0.075,0.03559,0.03941,0.075,0.03986,0.03514,0.075,0.01538,0.05962
2,1665,37037.0,CLOSE,0.08,0.03472,0.04528,0.08,0.04237,0.03763,0.08,0.02773,0.05227,0.08,0.02115,0.05885
2,1666,37057.5,CLOSE,0.085,0.03125,0.05375,0.085,0.05254,0.03246,0.085,0.03813,0.04687,0.085,0.02692,0.05808
2,1667,37078.7,CLOSE,0.09,0.02604,0.06396,0.09,0.06102,0.02898,0.09,0.02773,0.06227,0.09,0.03462,0.05538
2,1668,37099.6,CLOSE,0.095,0.03125,0.06375,0.095,0.0678,0.0272,0.095,0.03466,0.06034,0.095,0.04615,0.04885
2,1669,37120.5,CLOSE,0.1,0.03299,0.06701,0.1,0.07627,0.02373,0.1,0.0364,0.0636,0.1,0.05,0.05
2,1670,37141.7,CLOSE,0.105,0.03819,0.06681,0.105,0.08475,0.02025,0.105,0.0364,0.0686,0.105,0.05769,0.04731
2,1671,37162.6,CLOSE,0.11,0.04688,0.06313,0.11,0.08983,0.02017,0.11,0.04159,0.06841,0.11,0.06923,0.04077
2,1672,37182.5,CLOSE,0.115,0.05556,0.05944,0.115,0.09492,0.02008,0.115,0.05199,0.06301,0.115,0.07308,0.04192
2,1673,37204.4,CLOSE,0.12,0.06424,0.05576,0.12,0.1,0.02,0.12,0.05719,0.06281,0.12,0.08077,0.03923
2,1674,37224.6,CLOSE,0.125,0.07292,0.05208,0.125,0.10508,0.01992,0.125,0.07106,0.05394,0.125,0.09038,0.03462
2,1675,37245.7,CLOSE,0.13,0.0816,0.0484,0.13,0.10678,0.02322,0.13,0.07452,0.05548,0.13,0.09808,0.03192
2,1676,37266.0,CLOSE,0.135,0.09028,0.04472,0.135,0.11017,0.02483,0.135,0.07452,0.06048,0.135,0.10192,0.03308
2,1677,37286.8,CLOSE,0.14,0.09896,0.04104,0.14,0.11186,0.02814,0.14,0.08839,0.05161,0.14,0.10769,0.03231
2,1678,37307.8,CLOSE,0.145,0.1059,0.0391,0.145,0.11356,0.03144,0.145,0.09879,0.04621,0.145,0.11346,0.03154
2,1679,37328.7,CLOSE,0.15,0.11285,0.03715,0.15,0.11525,0.03475,0.15,0.10745,0.04255,0.15,0.11923,0.03077
2,1680,37349.2,CLOSE,0.155,0.11979,0.03521,0.155,0.11695,0.03805,0.155,0.11612,0.03888,0.155,0.12308,0.03192
2,1681,37370.1,CLOSE,0.16,0.12674,0.03326,0.16,0.12542,0.03458,0.16,0.12478,0.03522,0.16,0.12885,0.03115
2,1682,37390.5,CLOSE,0.165,0.13194,0.03306,0.165,0.12712,0.03788,0.165,0.12998,0.03502,0.165,0.13269,0.03231
2,1683,37411.6,CLOSE,0.17,0.13715,0.03285,0.17,0.12203,0.04797,0.17,0.13692,0.03308,0.17,0.13077,0.03923
2,1684,37432.5,CLOSE,0.175,0.14236,0.03264,0.175,0.12542,0.04958,0.175,0.14211,0.03289,0.175,0.14231,0.03269
2,1685,37453.9,CLOSE,0.18,0.14757,0.03243,0.18,0.12881,0.05119,0.18,0.14731,0.03269,0.18,0.14808,0.03192
2,1686,37474.1,CLOSE,0.185,0.15278,0.03222,0.185,0.1339,0.0511,0.185,0.15251,0.03249,0.185,0.15385,0.03115
2,1687,37495.3,CLOSE,0.19,0.15972,0.03028,0.19,0.13898,0.05102,0.19,0.15598,0.03402,0.19,0.16154,0.02846
2,1688,37515.9,CLOSE,0.195,0.16319,0.03181,0.195,0.14915,0.04585,0.195,0.16118,0.03382,0.195,0.16346,0.03154
2,1689,37537.2,CLOSE,0.2,0.16667,0.03333,0.2,0.15085,0.04915,0.2,0.16291,0.03709,0.2,0.16731,0.03269
2,1690,37557.7,CLOSE,0.205,0.17188,0.03313,0.205,0.14576,0.05924,0.205,0.16638,0.03862,0.205,0.17308,0.03192
2,1691,37580.5,CLOSE,0.21,0.17882,0.03118,0.21,0.16102,0.04898,0.21,0.17331,0.03669,0.21,0.17692,0.03308
2,1692,37601.1,CLOSE,0.215,0.18229,0.03271,0.215,0.16949,0.04551,0.215,0.17504,0.03996,0.215,0.18077,0.03423
2,1693,37622.4,CLOSE,0.22,0.1875,0.0325,0.22,0.16949,0.05051,0.22,0.18024,0.03976,0.22,0.18846,0.03154
2,1694,37641.7,CLOSE,0.225,0.19792,0.02708,0.225,0.17797,0.04703,0.225,0.18891,0.03609,0.225,0.19808,0.02692
2,1695,37663.1,CLOSE,0.23,0.19965,0.03035,0.23,0.18136,0.04864,0.23,0.18718,0.04282,0.23,0.20192,0.02808
2,1696,37684.6,CLOSE,0.235,0.20312,0.03188,0.235,0.19153,0.04347,0.235,0.19757,0.03743,0.235,0.21154,0.02346
2,1697,37704.7,CLOSE,0.24,0.20833,0.03167,0.24,0.18983,0.05017,0.24,0.19931,0.04069,0.24,0.22692,0.01308
2,1698,37725.5,CLOSE,0.245,0.21007,0.03493,0.245,0.19661,0.04839,0.245,0.20451,0.04049,0.245,0.22885,0.01615
2,1699,37746.6,CLOSE,0.25,0.21528,0.03472,0.25,0.20339,0.04661,0.25,0.21664,0.03336,0.25,0.23846,0.01154
2,1700,37766.2,CLOSE,0.255,0.22396,0.03104,0.255,0.21186,0.04314,0.255,0.21144,0.04356,0.255,0.24615,0.00885
2,1701,37787.5,CLOSE,0.26,0.22396,0.03604,0.26,0.21356,0.04644,0.26,0.2253,0.0347,0.26,0.25577,0.00423
2,1702,37808.5,CLOSE,0.265,0.22743,0.03757,0.265,0.21864,0.04636,0.265,0.22704,0.03796,0.265,0.25385,0.01115
2,1703,37828.9,CLOSE,0.27,0.2309,0.0391,0.27,0.22373,0.04627,0.27,0.2305,0.0395,0.27,0.25769,0.01231
2,1704,37850.2,CLOSE,0.275,0.23785,0.03715,0.275,0.22881,0.04619,0.275,0.23917,0.03583,0.275,0.26154,0.01346
2,1705,37871.1,CLOSE,0.28,0.24479,0.03521,0.28,0.2339,0.0461,0.28,0.24437,0.03563,0.28,0.26731,0.01269
2,1706,37891.8,CLOSE,0.285,0.24653,0.03847,0.285,0.24068,0.04432,0.285,0.24783,0.03717,0.285,0.26923,0.01577
2,1707,37912.4,CLOSE,0.29,0.25174,0.03826,0.29,0.24576,0.04424,0.29,0.2513,0.0387,0.29,0.275,0.015
2,1708,37933.2,CLOSE,0.295,0.25694,0.03806,0.295,0.25254,0.04246,0.295,0.2565,0.0385,0.295,0.27885,0.01615
2,1709,37953.8,CLOSE,0.3,0.2691,0.0309,0.3,0.26102,0.03898,0.3,0.2617,0.0383,0.3,0.28269,0.01731
2,1710,37974.4,CLOSE,0.305,0.25694,0.04806,0.305,0.2661,0.0389,0.305,0.2669,0.0381,0.305,0.28846,0.01654
2,1711,37995.9,CLOSE,0.31,0.27604,0.03396,0.31,0.26949,0.04051,0.31,0.2773,0.0327,0.31,0.29615,0.01385
2,1712,38017.1,CLOSE,0.315,0.28125,0.03375,0.315,0.27458,0.04042,0.315,0.28076,0.03424,0.315,0.3,0.015
2,1713,38038.6,CLOSE,0.32,0.28646,0.03354,0.32,0.27627,0.04373,0.32,0.28596,0.03404,0.32,0.30385,0.01615
2,1714,38058.9,CLOSE,0.325,0.29167,0.03333,0.325,0.29322,0.03178,0.325,0.28769,0.03731,0.325,0.31154,0.01346
2,1715,38079.0,CLOSE,0.33,0.29861,0.03139,0.33,0.28475,0.04525,0.33,0.29809,0.03191,0.33,0.31923,0.01077
2,1716,38100.7,CLOSE,0.335,0.30382,0.03118,0.335,0.29153,0.04347,0.335,0.29983,0.03517,0.335,0.32308,0.01192
2,1717,38121.1,CLOSE,0.34,0.30903,0.03097,0.34,0.29661,0.04339,0.34,0.30503,0.03497,0.34,0.33462,0.00538
2,1718,38142.2,CLOSE,0.345,0.31424,0.03076,0.345,0.30169,0.04331,0.345,0.31023,0.03477,0.345,0.34423,0.00077
2,1719,38163.0,CLOSE,0.35,0.31944,0.03056,0.35,0.30847,0.04153,0.35,0.31369,0.03631,0.35,0.34808,0.00192
2,1720,38183.5,CLOSE,0.355,0.32292,0.03208,0.355,0.31186,0.04314,0.355,0.31716,0.03784,0.355,0.35192,0.00308
2,1721,38204.4,CLOSE,0.36,0.3316,0.0284,0.36,0.31695,0.04305,0.36,0.31889,0.04111,0.36,0.36538,-0.00538
2,1722,38224.9,CLOSE,0.365,0.32812,0.03688,0.365,0.32203,0.04297,0.365,0.32062,0.04438,0.365,0.36538,-0.00038
2,1723,38246.2,CLOSE,0.37,0.3316,0.0384,0.37,0.3339,0.0361,0.37,0.32582,0.04418,0.37,0.36538,0.00462
2,1724,38266.3,CLOSE,0.375,0.33333,0.04167,0.375,0.33559,0.03941,0.375,0.33102,0.04398,0.375,0.36923,0.00577
2,1725,38287.7,CLOSE,0.38,0.33854,0.04146,0.38,0.3339,0.0461,0.38,0.33969,0.04031,0.38,0.37692,0.00308
2,1726,38308.4,CLOSE,0.385,0.34375,0.04125,0.385,0.34068,0.04432,0.385,0.34489,0.04011,0.385,0.38269,0.00231
2,1727,38328.4,CLOSE,0.39,0.35069,0.03931,0.39,0.34407,0.04593,0.39,0.35009,0.03991,0.39,0.38462,0.00538
2,1728,38350.1,CLOSE,0.395,0.3559,0.0391,0.395,0.34915,0.04585,0.395,0.35702,0.03798,0.395,0.39038,0.00462
2,1729,38370.6,CLOSE,0.4,0.36285,0.03715,0.4,0.35254,0.04746,0.4,0.36222,0.03778,0.4,0.39423,0.00577
2,1730,38391.7,CLOSE,0.405,0.37153,0.03347,0.405,0.35932,0.04568,0.405,0.36915,0.03585,0.405,0.40385,0.00115
2,1731,38413.2,CLOSE,0.41,0.375,0.035,0.41,0.3661,0.0439,0.41,0.37608,0.03392,0.41,0.41154,-0.00154
2,1732,38433.8,CLOSE,0.415,0.38021,0.03479,0.415,0.37119,0.04381,0.415,0.38128,0.03372,0.415,0.41538,-0.00038
2,1733,38454.1,CLOSE,0.42,0.38715,0.03285,0.42,0.37627,0.04373,0.42,0.39341,0.02659,0.42,0.41923,0.00077
2,1734,38476.6,CLOSE,0.425,0.3941,0.0309,0.425,0.38305,0.04195,0.425,0.39341,0.03159,0.425,0.42692,-0.00192
2,1735,38496.1,CLOSE,0.43,0.40278,0.02722,0.43,0.39153,0.03847,0.43,0.40035,0.02965,0.43,0.43269,-0.00269
2,1736,38515.2,CLOSE,0.435,0.40625,0.02875,0.435,0.38983,0.04517,0.435,0.40381,0.03119,0.435,0.44038,-0.00538
2,1737,38534.4,CLOSE,0.44,0.41146,0.02854,0.44,0.4,0.04,0.44,0.40901,0.03099,0.44,0.44423,-0.00423
2,1738,38557.8,CLOSE,0.445,0.41667,0.02833,0.445,0.40508,0.03992,0.445,0.41421,0.03079,0.445,0.45192,-0.00692
2,1739,38578.1,CLOSE,0.45,0.42014,0.02986,0.45,0.40339,0.04661,0.45,0.42114,0.02886,0.45,0.46346,-0.01346
2,1740,38600.5,CLOSE,0.455,0.42708,0.02792,0.455,0.40847,0.04653,0.455,0.42634,0.02866,0.455,0.46346,-0.00846
2,1741,38620.9,CLOSE,0.46,0.43056,0.02944,0.46,0.41356,0.04644,0.46,0.42981,0.03019,0.46,0.47115,-0.01115
2,1742,38640.7,CLOSE,0.465,0.4375,0.0275,0.465,0.41695,0.04805,0.465,0.43328,0.03172,0.465,0.47308,-0.00808
2,1743,38661.9,CLOSE,0.47,0.44097,0.02903,0.47,0.42203,0.04797,0.47,0.43847,0.03153,0.47,0.48269,-0.01269
2,1744,38682.9,CLOSE,0.475,0.44618,0.02882,0.475,0.42881,0.04619,0.475,0.44194,0.03306,0.475,0.48462,-0.00962
2,1745,38703.3,CLOSE,0.48,0.44965,0.03035,0.48,0.4339,0.0461,0.48,0.44714,0.03286,0.48,0.49038,-0.01038
2,1746,38724.6,CLOSE,0.485,0.46007,0.02493,0.485,0.44068,0.04432,0.485,0.45061,0.03439,0.485,0.49808,-0.01308
2,1747,38744.9,CLOSE,0.49,0.46181,0.02819,0.49,0.44746,0.04254,0.49,0.45581,0.03419,0.49,0.50192,-0.01192
2,1748,38766.1,CLOSE,0.495,0.46528,0.02972,0.495,0.45085,0.04415,0.495,0.46447,0.03053,0.495,0.51154,-0.01654
2,1749,38786.8,CLOSE,0.5,0.46875,0.03125,0.5,0.45593,0.04407,0.5,0.46447,0.03553,0.5,0.51346,-0.01346
2,1750,38807.7,CLOSE,0.505,0.47396,0.03104,0.5,0.46271,0.03729,0.505,0.46794,0.03706,0.5,0.51923,-0.01923
2,1751,38828.4,CLOSE,0.51,0.47743,0.03257,0.5,0.46949,0.03051,0.51,0.47314,0.03686,0.5,0.525,-0.025
2,1752,38849.0,CLOSE,0.515,0.48264,0.03236,0.5,0.47458,0.02542,0.515,0.4766,0.0384,0.5,0.53077,-0.03077
2,1753,38870.1,CLOSE,0.52,0.48611,0.03389,0.5,0.47966,0.02034,0.52,0.48354,0.03646,0.5,0.53462,-0.03462
2,1754,38891.5,CLOSE,0.525,0.49826,0.02674,0.5,0.48305,0.01695,0.525,0.48527,0.03973,0.5,0.54038,-0.04038
2,1755,38912.1,CLOSE,0.53,0.50347,0.02653,0.5,0.48814,0.01186,0.53,0.49393,0.03607,0.5,0.54423,-0.04423
2,1756,38933.0,CLOSE,0.535,0.50868,0.02632,0.5,0.49322,0.00678,0.535,0.5026,0.0324,0.5,0.54808,-0.04808
2,1757,38953.7,CLOSE,0.54,0.51562,0.02438,0.5,0.5,0.0,0.54,0.51127,0.02873,0.5,0.55192,-0.05192
2,1758,38974.8,CLOSE,0.545,0.52951,0.01549,0.5,0.50339,-0.00339,0.545,0.5234,0.0216,0.5,0.55385,-0.05385
2,1759,38995.3,CLOSE,0.55,0.53125,0.01875,0.5,0.50678,-0.00678,0.55,0.52513,0.02487,0.5,0.55577,-0.05577
2,1760,39016.5,CLOSE,0.555,0.53472,0.02028,0.5,0.50847,-0.00847,0.555,0.53033,0.02467,0.5,0.55769,-0.05769
2,1761,39038.5,CLOSE,0.56,0.53819,0.02181,0.5,0.50678,-0.00678,0.56,0.53206,0.02794,0.5,0.55769,-0.05769
2,1762,39058.5,CLOSE,0.565,0.53993,0.02507,0.5,0.50678,-0.00678,0.565,0.53553,0.02947,0.5,0.55769,-0.05769
2,1763,39079.5,CLOSE,0.57,0.5434,0.0266,0.5,0.50847,-0.00847,0.57,0.54073,0.02927,0.5,0.55769,-0.05769
2,1764,39101.1,CLOSE,0.575,0.55035,0.02465,0.5,0.50847,-0.00847,0.575,0.54419,0.03081,0.5,0.55769,-0.05769
2,1765,39122.5,CLOSE,0.58,0.55729,0.02271,0.5,0.50678,-0.00678,0.58,0.54766,0.03234,0.5,0.55769,-0.05769
2,1766,39142.0,CLOSE,0.585,0.55382,0.03118,0.5,0.51017,-0.01017,0.585,0.55286,0.03214,0.5,0.55769,-0.05769
2,1767,39162.5,CLOSE,0.59,0.55729,0.03271,0.5,0.50678,-0.00678,0.59,0.55806,0.03194,0.5,0.55769,-0.05769
2,1768,39183.1,CLOSE,0.595,0.56076,0.03424,0.5,0.50847,-0.00847,0.595,0.56153,0.03347,0.5,0.55577,-0.05577
2,1769,39203.9,CLOSE,0.6,0.56424,0.03576,0.5,0.50847,-0.00847,0.6,0.57192,0.02808,0.5,0.55769,-0.05769
2,1770,39225.4,CLOSE,0.605,0.56944,0.03556,0.5,0.50678,-0.00678,0.605,0.56846,0.03654,0.5,0.55769,-0.05769
2,1771,39245.5,CLOSE,0.61,0.57118,0.03882,0.5,0.50847,-0.00847,0.61,0.57366,0.03634,0.5,0.55769,-0.05769
2,1772,39266.4,CLOSE,0.615,0.57986,0.03514,0.5,0.50847,-0.00847,0.615,0.57712,0.03788,0.5,0.55769,-0.05769
2,1773,39287.3,CLOSE,0.62,0.58507,0.03493,0.5,0.51017,-0.01017,0.62,0.58406,0.03594,0.5,0.55769,-0.05769
2,1774,39308.3,CLOSE,0.625,0.58854,0.03646,0.5,0.50847,-0.00847,0.625,0.58925,0.03575,0.5,0.55769,-0.05769
2,1775,39328.9,CLOSE,0.63,0.59549,0.03451,0.5,0.50678,-0.00678,0.63,0.59099,0.03901,0.5,0.55577,-0.05577
2,1776,39349.9,CLOSE,0.635,0.59896,0.03604,0.5,0.50678,-0.00678,0.635,0.59965,0.03535,0.5,0.56154,-0.06154
2,1777,39371.1,CLOSE,0.64,0.60417,0.03583,0.5,0.51525,-0.01525,0.64,0.60139,0.03861,0.5,0.55769,-0.05769
2,1778,39392.0,CLOSE,0.645,0.60938,0.03563,0.5,0.50847,-0.00847,0.645,0.60832,0.03668,0.5,0.55577,-0.05577
2,1779,39413.4,CLOSE,0.65,0.61979,0.03021,0.5,0.50847,-0.00847,0.65,0.61352,0.03648,0.5,0.55769,-0.05769
2,1780,39433.4,CLOSE,0.655,0.61979,0.03521,0.5,0.51695,-0.01695,0.655,0.61698,0.03802,0.5,0.55577,-0.05577
2,1781,39454.9,CLOSE,0.66,0.62674,0.03326,0.5,0.50847,-0.00847,0.66,0.62392,0.03608,0.5,0.55769,-0.05769
2,1782,39476.1,CLOSE,0.665,0.63715,0.02785,0.5,0.51186,-0.01186,0.665,0.63258,0.03242,0.5,0.55769,-0.05769
2,1783,39497.8,CLOSE,0.67,0.64062,0.02938,0.5,0.50847,-0.00847,0.67,0.63778,0.03222,0.5,0.55769,-0.05769
2,1784,39516.8,CLOSE,0.675,0.6441,0.0309,0.5,0.51186,-0.01186,0.675,0.64125,0.03375,0.5,0.56154,-0.06154
2,1785,39538.3,CLOSE,0.68,0.64931,0.03069,0.5,0.51525,-0.01525,0.68,0.64991,0.03009,0.5,0.55769,-0.05769
2,1786,39559.4,CLOSE,0.685,0.65451,0.03049,0.5,0.50847,-0.00847,0.685,0.65165,0.03335,0.5,0.55769,-0.05769
2,1787,39579.3,CLOSE,0.69,0.66146,0.02854,0.5,0.50508,-0.00508,0.69,0.65685,0.03315,0.5,0.55769,-0.05769
2,1788,39599.8,CLOSE,0.695,0.66493,0.03007,0.5,0.49492,0.00508,0.695,0.66551,0.02949,0.5,0.55769,-0.05769
2,1789,39620.7,CLOSE,0.7,0.67014,0.02986,0.5,0.49153,0.00847,0.7,0.66898,0.03102,0.5,0.55769,-0.05769
2,1790,39641.7,CLOSE,0.705,0.67708,0.02792,0.5,0.48983,0.01017,0.705,0.67071,0.03429,0.5,0.55769,-0.05769
2,1791,39661.7,CLOSE,0.71,0.68229,0.02771,0.5,0.48814,0.01186,0.71,0.67764,0.03236,0.5,0.55769,-0.05769
2,1792,39683.4,CLOSE,0.715,0.69444,0.02056,0.5,0.48644,0.01356,0.715,0.68284,0.03216,0.5,0.55769,-0.05769
2,1793,39704.4,CLOSE,0.72,0.69097,0.02903,0.5,0.48814,0.01186,0.72,0.68631,0.03369,0.5,0.55577,-0.05577
2,1794,39725.0,CLOSE,0.725,0.69618,0.02882,0.5,0.48983,0.01017,0.725,0.69151,0.03349,0.5,0.55769,-0.05769
2,1795,39746.2,CLOSE,0.73,0.70139,0.02861,0.5,0.48814,0.01186,0.73,0.69671,0.03329,0.5,0.55769,-0.05769
2,1796,39766.6,CLOSE,0.735,0.70486,0.03014,0.5,0.48983,0.01017,0.735,0.70711,0.02789,0.5,0.56346,-0.06346
2,1797,39787.8,CLOSE,0.74,0.71007,0.02993,0.5,0.48814,0.01186,0.74,0.70537,0.03463,0.5,0.55769,-0.05769
2,1798,39808.1,CLOSE,0.745,0.71354,0.03146,0.5,0.48644,0.01356,0.745,0.70884,0.03616,0.5,0.55577,-0.05577
2,1799,39829.2,CLOSE,0.75,0.72222,0.02778,0.5,0.48814,0.01186,0.75,0.71404,0.03596,0.5,0.55769,-0.05769
2,1800,39850.4,CLOSE,0.755,0.72222,0.03278,0.5,0.48814,0.01186,0.755,0.71924,0.03576,0.5,0.55577,-0.05577
2,1801,39871.1,CLOSE,0.76,0.72743,0.03257,0.5,0.48814,0.01186,0.76,0.7279,0.0321,0.5,0.55769,-0.05769
2,1802,39891.5,CLOSE,0.765,0.73264,0.03236,0.5,0.49153,0.00847,0.765,0.73484,0.03016,0.5,0.56154,-0.06154
2,1803,39912.8,CLOSE,0.77,0.73785,0.03215,0.5,0.49322,0.00678,0.77,0.73484,0.03516,0.5,0.55769,-0.05769
2,1804,39934.0,CLOSE,0.775,0.73611,0.03889,0.5,0.49661,0.00339,0.775,0.74177,0.03323,0.5,0.55769,-0.05769
2,1805,39954.4,CLOSE,0.78,0.74653,0.03347,0.5,0.50339,-0.00339,0.78,0.74697,0.03303,0.5,0.55769,-0.05769
2,1806,39976.5,CLOSE,0.785,0.75174,0.03326,0.5,0.50339,-0.00339,0.785,0.75217,0.03283,0.5,0.55769,-0.05769
2,1807,39996.4,CLOSE,0.79,0.75868,0.03132,0.5,0.50508,-0.00508,0.79,0.76256,0.02744,0.5,0.55769,-0.05769
2,1808,40017.5,CLOSE,0.795,0.76215,0.03285,0.5,0.50678,-0.00678,0.795,0.76256,0.03244,0.5,0.55769,-0.05769
2,1809,40038.4,CLOSE,0.8,0.7691,0.0309,0.5,0.50508,-0.00508,0.8,0.76776,0.03224,0.5,0.55769,-0.05769
2,1810,40058.6,CLOSE,0.805,0.77604,0.02896,0.5,0.50339,-0.00339,0.805,0.77296,0.03204,0.5,0.55769,-0.05769
2,1811,40079.6,CLOSE,0.81,0.77778,0.03222,0.5,0.50508,-0.00508,0.81,0.7799,0.0301,0.5,0.55769,-0.05769
2,1812,40099.8,CLOSE,0.815,0.78472,0.03028,0.5,0.50339,-0.00339,0.815,0.78683,0.02817,0.5,0.55962,-0.05962
2,1813,40120.9,CLOSE,0.82,0.78819,0.03181,0.5,0.50508,-0.00508,0.82,0.78856,0.03144,0.5,0.55769,-0.05769
2,1814,40141.4,CLOSE,0.825,0.7934,0.0316,0.5,0.50508,-0.00508,0.825,0.79549,0.02951,0.5,0.56154,-0.06154
2,1815,40162.5,CLOSE,0.83,0.80556,0.02444,0.5,0.50508,-0.00508,0.83,0.79896,0.03104,0.5,0.55769,-0.05769
2,1816,40182.7,CLOSE,0.835,0.80729,0.02771,0.5,0.50339,-0.00339,0.835,0.80416,0.03084,0.5,0.55962,-0.05962
2,1817,40203.8,CLOSE,0.84,0.80903,0.03097,0.5,0.50339,-0.00339,0.84,0.80763,0.03237,0.5,0.55962,-0.05962
2,1818,40225.2,CLOSE,0.845,0.8125,0.0325,0.5,0.50508,-0.00508,0.845,0.81109,0.03391,0.5,0.55769,-0.05769
2,1819,40245.5,CLOSE,0.85,0.81771,0.03229,0.5,0.50508,-0.00508,0.85,0.81282,0.03718,0.5,0.55769,-0.05769
2,1820,40266.3,CLOSE,0.855,0.82465,0.03035,0.5,0.50508,-0.00508,0.855,0.81976,0.03524,0.5,0.55962,-0.05962
2,1821,40287.2,CLOSE,0.86,0.82812,0.03188,0.5,0.50508,-0.00508,0.86,0.82322,0.03678,0.5,0.55769,-0.05769
2,1822,40308.8,CLOSE,0.865,0.83333,0.03167,0.5,0.50678,-0.00678,0.865,0.83362,0.03138,0.5,0.55962,-0.05962
2,1823,40329.2,CLOSE,0.87,0.84375,0.02625,0.5,0.50339,-0.00339,0.87,0.84229,0.02771,0.5,0.55769,-0.05769
2,1824,40349.8,CLOSE,0.875,0.84722,0.02778,0.5,0.50339,-0.00339,0.875,0.84402,0.03098,0.5,0.55769,-0.05769
2,1825,40370.4,CLOSE,0.88,0.84896,0.03104,0.5,0.50339,-0.00339,0.88,0.85269,0.02731,0.5,0.55769,-0.05769
2,1826,40392.9,CLOSE,0.885,0.85764,0.02736,0.5,0.50508,-0.00508,0.885,0.85789,0.02711,0.5,0.55962,-0.05962
2,1827,40414.3,CLOSE,0.89,0.86458,0.02542,0.5,0.50508,-0.00508,0.89,0.86308,0.02692,0.5,0.55769,-0.05769
2,1828,40434.5,CLOSE,0.895,0.86806,0.02694,0.5,0.50508,-0.00508,0.895,0.86655,0.02845,0.5,0.55769,-0.05769
2,1829,40455.3,CLOSE,0.9,0.87326,0.02674,0.5,0.50508,-0.00508,0.9,0.87695,0.02305,0.5,0.55769,-0.05769
2,1830,40475.0,CLOSE,0.905,0.87326,0.03174,0.5,0.50508,-0.00508,0.905,0.88388,0.02112,0.5,0.55962,-0.05962
2,1831,40496.2,CLOSE,0.91,0.87847,0.03153,0.5,0.50339,-0.00339,0.91,0.88562,0.02438,0.5,0.55962,-0.05962
2,1832,40517.5,CLOSE,0.915,0.88021,0.03479,0.5,0.50508,-0.00508,0.915,0.89601,0.01899,0.5,0.55769,-0.05769
2,1833,40538.9,CLOSE,0.92,0.89236,0.02764,0.5,0.50508,-0.00508,0.92,0.89601,0.02399,0.5,0.55769,-0.05769
2,1834,40558.4,CLOSE,0.925,0.8941,0.0309,0.5,0.50678,-0.00678,0.925,0.90815,0.01685,0.5,0.55769,-0.05769
2,1835,40578.9,CLOSE,0.93,0.89583,0.03417,0.5,0.50508,-0.00508,0.93,0.90988,0.02012,0.5,0.55769,-0.05769
2,1836,40600.4,CLOSE,0.935,0.90104,0.03396,0.5,0.50508,-0.00508,0.935,0.90988,0.02512,0.5,0.55769,-0.05769
2,1837,40620.4,CLOSE,0.94,0.90799,0.03201,0.5,0.50678,-0.00678,0.94,0.91508,0.02492,0.5,0.56154,-0.06154
2,1838,40640.9,CLOSE,0.945,0.90972,0.03528,0.5,0.50339,-0.00339,0.945,0.91854,0.02646,0.5,0.55769,-0.05769
2,1839,40662.2,CLOSE,0.95,0.92535,0.02465,0.5,0.50508,-0.00508,0.95,0.92201,0.02799,0.5,0.55962,-0.05962
2,1840,40683.2,CLOSE,0.955,0.92188,0.03313,0.5,0.50508,-0.00508,0.955,0.92548,0.02952,0.5,0.55577,-0.05577
2,1841,40703.6,CLOSE,0.96,0.92361,0.03639,0.5,0.50508,-0.00508,0.96,0.93068,0.02932,0.5,0.55769,-0.05769
2,1842,40724.9,CLOSE,0.965,0.93056,0.03444,0.5,0.50508,-0.00508,0.965,0.93414,0.03086,0.5,0.55962,-0.05962
2,1843,40745.6,CLOSE,0.97,0.93576,0.03424,0.5,0.50847,-0.00847,0.97,0.93934,0.03066,0.5,0.55769,-0.05769
2,1844,40766.3,CLOSE,0.975,0.93924,0.03576,0.5,0.50678,-0.00678,0.975,0.94974,0.02526,0.5,0.55962,-0.05962
2,1845,40787.2,CLOSE,0.98,0.94444,0.03556,0.5,0.50508,-0.00508,0.98,0.94801,0.03199,0.5,0.55769,-0.05769
2,1846,40809.0,CLOSE,0.985,0.94792,0.03708,0.5,0.50508,-0.00508,0.985,0.95494,0.03006,0.5,0.55769,-0.05769
2,1847,40829.0,CLOSE,0.99,0.94792,0.04208,0.5,0.50508,-0.00508,0.99,0.96534,0.02466,0.5,0.55577,-0.05577
2,1848,40849.9,CLOSE,0.995,0.9566,0.0384,0.5,0.50508,-0.00508,0.995,0.9688,0.0262,0.5,0.55769,-0.05769
2,1849,40871.6,CLOSE,1.0,0.96007,0.03993,0.5,0.50678,-0.00678,1.0,0.9688,0.0312,0.5,0.55769,-0.05769
2,1850,40879.4,HOLD_CLOSED,1.0,0.96181,0.03819,0.5,0.50508,-0.00508,1.0,0.97054,0.02946,0.5,0.56346,-0.06346
2,1851,40900.6,HOLD_CLOSED,1.0,0.97222,0.02778,0.5,0.50678,-0.00678,1.0,0.97747,0.02253,0.5,0.55962,-0.05962
2,1852,40921.2,HOLD_CLOSED,1.0,0.96875,0.03125,0.5,0.50508,-0.00508,1.0,0.98094,0.01906,0.5,0.55769,-0.05769
2,1853,40941.5,HOLD_CLOSED,1.0,0.97743,0.02257,0.5,0.50678,-0.00678,1.0,0.9844,0.0156,0.5,0.55769,-0.05769
2,1854,40962.4,HOLD_CLOSED,1.0,0.97396,0.02604,0.5,0.50508,-0.00508,1.0,0.98787,0.01213,0.5,0.55769,-0.05769
2,1855,40984.3,HOLD_CLOSED,1.0,0.97917,0.02083,0.5,0.50508,-0.00508,1.0,0.98787,0.01213,0.5,0.55962,-0.05962
2,1856,41004.6,HOLD_CLOSED,1.0,0.97396,0.02604,0.5,0.50508,-0.00508,1.0,0.98787,0.01213,0.5,0.55769,-0.05769
2,1857,41025.6,HOLD_CLOSED,1.0,0.98264,0.01736,0.5,0.50508,-0.00508,1.0,0.98614,0.01386,0.5,0.55962,-0.05962
2,1858,41045.9,HOLD_CLOSED,1.0,0.97569,0.02431,0.5,0.50678,-0.00678,1.0,0.98787,0.01213,0.5,0.55769,-0.05769
2,1859,41067.5,HOLD_CLOSED,1.0,0.97569,0.02431,0.5,0.50508,-0.00508,1.0,0.98787,0.01213,0.5,0.56346,-0.06346
2,1860,41088.2,HOLD_CLOSED,1.0,0.97743,0.02257,0.5,0.50508,-0.00508,1.0,0.9896,0.0104,0.5,0.55769,-0.05769
2,1861,41109.2,HOLD_CLOSED,1.0,0.97396,0.02604,0.5,0.50508,-0.00508,1.0,0.98614,0.01386,0.5,0.55577,-0.05577
2,1862,41129.2,HOLD_CLOSED,1.0,0.97569,0.02431,0.5,0.50508,-0.00508,1.0,0.98614,0.01386,0.5,0.55962,-0.05962
2,1863,41151.0,HOLD_CLOSED,1.0,0.97569,0.02431,0.5,0.50678,-0.00678,1.0,0.9896,0.0104,0.5,0.55769,-0.05769
2,1864,41171.4,HOLD_CLOSED,1.0,0.97743,0.02257,0.5,0.50508,-0.00508,1.0,0.98787,0.01213,0.5,0.55769,-0.05769
2,1865,41192.0,HOLD_CLOSED,1.0,0.97396,0.02604,0.5,0.50508,-0.00508,1.0,0.98614,0.01386,0.5,0.55577,-0.05577
2,1866,41211.6,HOLD_CLOSED,1.0,0.97569,0.02431,0.5,0.50508,-0.00508,1.0,0.98787,0.01213,0.5,0.55769,-0.05769
2,1867,41233.3,HOLD_CLOSED,1.0,0.98438,0.01562,0.5,0.50508,-0.00508,1.0,0.98787,0.01213,0.5,0.55769,-0.05769
2,1868,41253.8,HOLD_CLOSED,1.0,0.97569,0.02431,0.5,0.50508,-0.00508,1.0,0.9792,0.0208,0.5,0.55769,-0.05769
2,1869,41276.2,HOLD_CLOSED,1.0,0.97396,0.02604,0.5,0.50678,-0.00678,1.0,0.98614,0.01386,0.5,0.55769,-0.05769
2,1870,41295.8,HOLD_CLOSED,1.0,0.97569,0.02431,0.5,0.50508,-0.00508,1.0,0.98614,0.01386,0.5,0.55769,-0.05769
2,1871,41317.6,HOLD_CLOSED,1.0,0.97396,0.02604,0.5,0.50508,-0.00508,1.0,0.98614,0.01386,0.5,0.55769,-0.05769
2,1872,41338.0,HOLD_CLOSED,1.0,0.98264,0.01736,0.5,0.50339,-0.00339,1.0,0.98787,0.01213,0.5,0.55769,-0.05769
2,1873,41359.2,HOLD_CLOSED,1.0,0.97569,0.02431,0.5,0.50508,-0.00508,1.0,0.98614,0.01386,0.5,0.55769,-0.05769
2,1874,41379.3,HOLD_CLOSED,1.0,0.98958,0.01042,0.5,0.50508,-0.00508,1.0,0.98787,0.01213,0.5,0.55577,-0.05577
2,1875,41400.1,HOLD_CLOSED,1.0,0.97743,0.02257,0.5,0.50339,-0.00339,1.0,0.98614,0.01386,0.5,0.55769,-0.05769
2,1876,41422.0,HOLD_CLOSED,1.0,0.9809,0.0191,0.5,0.50508,-0.00508,1.0,0.98614,0.01386,0.5,0.55769,-0.05769
2,1877,41442.4,HOLD_CLOSED,1.0,0.98611,0.01389,0.5,0.50678,-0.00678,1.0,0.9948,0.0052,0.5,0.55769,-0.05769
2,1878,41462.6,HOLD_CLOSED,1.0,0.98785,0.01215,0.5,0.50678,-0.00678,1.0,0.98787,0.01213,0.5,0.55769,-0.05769
2,1879,41483.8,HOLD_CLOSED,1.0,0.98785,0.01215,0.5,0.50508,-0.00508,1.0,0.99827,0.00173,0.5,0.55769,-0.05769
2,1880,41504.6,HOLD_CLOSED,1.0,1.0,0.0,0.5,0.50508,-0.00508,1.0,0.9948,0.0052,0.5,0.55769,-0.05769
2,1881,41525.9,HOLD_CLOSED,1.0,0.99306,0.00694,0.5,0.50678,-0.00678,1.0,0.99653,0.00347,0.5,0.56154,-0.06154
2,1882,41546.4,HOLD_CLOSED,1.0,0.99479,0.00521,0.5,0.50508,-0.00508,1.0,0.99653,0.00347,0.5,0.55769,-0.05769
2,1883,41567.5,HOLD_CLOSED,1.0,0.99479,0.00521,0.5,0.50508,-0.00508,1.0,0.9948,0.0052,0.5,0.55962,-0.05962
2,1884,41588.5,HOLD_CLOSED,1.0,0.99479,0.00521,0.5,0.50508,-0.00508,1.0,0.99827,0.00173,0.5,0.55769,-0.05769
2,1885,41608.8,HOLD_CLOSED,1.0,0.99479,0.00521,0.5,0.50508,-0.00508,1.0,0.99307,0.00693,0.5,0.55769,-0.05769
2,1886,41629.9,HOLD_CLOSED,1.0,0.99479,0.00521,0.5,0.50508,-0.00508,1.0,0.9948,0.0052,0.5,0.55962,-0.05962
2,1887,41651.2,HOLD_CLOSED,1.0,0.99306,0.00694,0.5,0.50508,-0.00508,1.0,0.9948,0.0052,0.5,0.55769,-0.05769
2,1888,41671.8,HOLD_CLOSED,1.0,0.99479,0.00521,0.5,0.50508,-0.00508,1.0,0.99307,0.00693,0.5,0.55769,-0.05769
2,1889,41692.9,HOLD_CLOSED,1.0,0.99479,0.00521,0.5,0.50508,-0.00508,1.0,0.99307,0.00693,0.5,0.55769,-0.05769
2,1890,41712.8,HOLD_CLOSED,1.0,0.99306,0.00694,0.5,0.50508,-0.00508,1.0,0.9948,0.0052,0.5,0.55962,-0.05962
2,1891,41734.1,HOLD_CLOSED,1.0,0.99306,0.00694,0.5,0.50508,-0.00508,1.0,0.99307,0.00693,0.5,0.55769,-0.05769
2,1892,41754.5,HOLD_CLOSED,1.0,0.99132,0.00868,0.5,0.50508,-0.00508,1.0,0.99307,0.00693,0.5,0.55769,-0.05769
2,1893,41775.1,HOLD_CLOSED,1.0,0.99306,0.00694,0.5,0.50508,-0.00508,1.0,0.99307,0.00693,0.5,0.55769,-0.05769
2,1894,41796.4,HOLD_CLOSED,1.0,0.99306,0.00694,0.5,0.50678,-0.00678,1.0,0.99827,0.00173,0.5,0.55577,-0.05577
2,1895,41817.1,HOLD_CLOSED,1.0,0.99306,0.00694,0.5,0.50847,-0.00847,1.0,0.9948,0.0052,0.5,0.55769,-0.05769
2,1896,41838.0,HOLD_CLOSED,1.0,0.99479,0.00521,0.5,0.50508,-0.00508,1.0,0.99307,0.00693,0.5,0.55962,-0.05962
2,1897,41858.8,HOLD_CLOSED,1.0,0.99479,0.00521,0.5,0.50508,-0.00508,1.0,0.99307,0.00693,0.5,0.55769,-0.05769
2,1898,41879.5,HOLD_CLOSED,1.0,0.99306,0.00694,0.5,0.50678,-0.00678,1.0,0.9948,0.0052,0.5,0.55769,-0.05769
2,1899,41900.2,HOLD_CLOSED,1.0,0.99479,0.00521,0.5,0.50847,-0.00847,1.0,0.99653,0.00347,0.5,0.55769,-0.05769
2,1900,41921.1,HOLD_CLOSED,1.0,0.99306,0.00694,0.5,0.50678,-0.00678,1.0,0.99307,0.00693,0.5,0.55962,-0.05962
2,1901,41942.1,HOLD_CLOSED,1.0,0.99479,0.00521,0.5,0.50508,-0.00508,1.0,0.9948,0.0052,0.5,0.55577,-0.05577
2,1902,41962.7,HOLD_CLOSED,1.0,0.99479,0.00521,0.5,0.50508,-0.00508,1.0,0.99653,0.00347,0.5,0.55769,-0.05769
2,1903,41983.6,HOLD_CLOSED,1.0,0.99479,0.00521,0.5,0.50339,-0.00339,1.0,0.9948,0.0052,0.5,0.55769,-0.05769
2,1904,42005.0,HOLD_CLOSED,1.0,0.99306,0.00694,0.5,0.50678,-0.00678,1.0,0.99307,0.00693,0.5,0.55769,-0.05769
2,1905,42025.3,HOLD_CLOSED,1.0,0.99479,0.00521,0.5,0.50508,-0.00508,1.0,0.9948,0.0052,0.5,0.55769,-0.05769
2,1906,42046.6,HOLD_CLOSED,1.0,0.99306,0.00694,0.5,0.50508,-0.00508,1.0,0.99307,0.00693,0.5,0.55769,-0.05769
2,1907,42067.1,HOLD_CLOSED,1.0,0.99479,0.00521,0.5,0.50508,-0.00508,1.0,0.99133,0.00867,0.5,0.55769,-0.05769
2,1908,42088.7,HOLD_CLOSED,1.0,0.99306,0.00694,0.5,0.50678,-0.00678,1.0,0.9948,0.0052,0.5,0.55769,-0.05769
2,1909,42110.0,HOLD_CLOSED,1.0,0.99306,0.00694,0.5,0.50508,-0.00508,1.0,0.9948,0.0052,0.5,0.56154,-0.06154
2,1910,42130.8,OPEN,0.995,0.99306,0.00194,0.495,0.50508,-0.01008,0.995,0.99653,-0.00153,0.495,0.55769,-0.06269
2,1911,42153.0,OPEN,0.99,0.99479,-0.00479,0.49,0.50508,-0.01508,0.99,0.99653,-0.00653,0.49,0.55769,-0.06769
2,1912,42173.6,OPEN,0.985,0.99479,-0.00979,0.485,0.50508,-0.02008,0.985,0.99827,-0.01327,0.485,0.55769,-0.07269
2,1913,42192.7,OPEN,0.98,0.99479,-0.01479,0.48,0.50678,-0.02678,0.98,0.99653,-0.01653,0.48,0.55769,-0.07769
2,1914,42214.7,OPEN,0.975,0.99479,-0.01979,0.475,0.50847,-0.03347,0.975,0.9948,-0.0198,0.475,0.56154,-0.08654
2,1915,42234.8,OPEN,0.97,0.99479,-0.02479,0.47,0.50508,-0.03508,0.97,0.9948,-0.0248,0.47,0.55769,-0.08769
2,1916,42256.4,OPEN,0.965,0.99479,-0.02979,0.465,0.51356,-0.04856,0.965,0.99307,-0.02807,0.465,0.56346,-0.09846
2,1917,42277.7,OPEN,0.96,0.99479,-0.03479,0.46,0.51017,-0.05017,0.96,0.99307,-0.03307,0.46,0.55769,-0.09769
2,1918,42298.0,OPEN,0.955,0.99306,-0.03806,0.455,0.50508,-0.05008,0.955,0.9948,-0.0398,0.455,0.55769,-0.10269
2,1919,42318.7,OPEN,0.95,0.99306,-0.04306,0.45,0.50678,-0.05678,0.95,0.99307,-0.04307,0.45,0.56538,-0.11538
2,1920,42339.7,OPEN,0.945,0.99653,-0.05153,0.445,0.50508,-0.06008,0.945,0.99653,-0.05153,0.445,0.55962,-0.11462
2,1921,42360.3,OPEN,0.94,0.99306,-0.05306,0.44,0.50169,-0.06169,0.94,0.99307,-0.05307,0.44,0.55769,-0.11769
2,1922,42381.2,OPEN,0.935,0.99306,-0.05806,0.435,0.50847,-0.07347,0.935,0.9948,-0.0598,0.435,0.55769,-0.12269
2,1923,42402.1,OPEN,0.93,0.99306,-0.06306,0.43,0.5,-0.07,0.93,0.99307,-0.06307,0.43,0.56346,-0.13346
2,1924,42422.7,OPEN,0.925,0.99306,-0.06806,0.425,0.48644,-0.06144,0.925,0.9948,-0.0698,0.425,0.55192,-0.12692
2,1925,42443.6,OPEN,0.92,0.99132,-0.07132,0.42,0.47797,-0.05797,0.92,1.0,-0.08,0.42,0.54423,-0.12423
2,1926,42464.8,OPEN,0.915,0.98611,-0.07111,0.415,0.47288,-0.05788,0.915,0.99307,-0.07807,0.415,0.53462,-0.11962
2,1927,42486.1,OPEN,0.91,0.98438,-0.07438,0.41,0.4678,-0.0578,0.91,0.9792,-0.0692,0.41,0.52692,-0.11692
2,1928,42506.6,OPEN,0.905,0.97743,-0.07243,0.405,0.45763,-0.05263,0.905,0.974,-0.069,0.405,0.51538,-0.11038
2,1929,42527.8,OPEN,0.9,0.97569,-0.07569,0.4,0.44915,-0.04915,0.9,0.9688,-0.0688,0.4,0.50577,-0.10577
2,1930,42547.6,OPEN,0.895,0.96701,-0.07201,0.395,0.43898,-0.04398,0.895,0.9636,-0.0686,0.395,0.49423,-0.09923
2,1931,42568.7,OPEN,0.89,0.95833,-0.06833,0.39,0.43051,-0.04051,0.89,0.95841,-0.06841,0.39,0.48269,-0.09269
2,1932,42588.7,OPEN,0.885,0.95312,-0.06813,0.385,0.42712,-0.04212,0.885,0.94974,-0.06474,0.385,0.47308,-0.08808
2,1933,42609.2,OPEN,0.88,0.94965,-0.06965,0.38,0.41695,-0.03695,0.88,0.94281,-0.06281,0.38,0.46346,-0.08346
2,1934,42630.9,OPEN,0.875,0.9375,-0.0625,0.375,0.41017,-0.03517,0.875,0.93588,-0.06088,0.375,0.45192,-0.07692
2,1935,42651.2,OPEN,0.87,0.93056,-0.06056,0.37,0.40339,-0.03339,0.87,0.92894,-0.05894,0.37,0.44231,-0.07231
2,1936,42673.6,OPEN,0.865,0.92708,-0.06208,0.365,0.39831,-0.03331,0.865,0.92201,-0.05701,0.365,0.43462,-0.06962
2,1937,42692.7,OPEN,0.86,0.91667,-0.05667,0.36,0.39322,-0.03322,0.86,0.91854,-0.05854,0.36,0.42885,-0.06885
2,1938,42714.7,OPEN,0.855,0.90972,-0.05472,0.355,0.39153,-0.03653,0.855,0.91161,-0.05661,0.355,0.42308,-0.06808
2,1939,42735.2,OPEN,0.85,0.90451,-0.05451,0.35,0.38305,-0.03305,0.85,0.90641,-0.05641,0.35,0.41731,-0.06731
2,1940,42756.5,OPEN,0.845,0.89757,-0.05257,0.345,0.38305,-0.03805,0.845,0.89775,-0.05275,0.345,0.41538,-0.07038
2,1941,42776.9,OPEN,0.84,0.89236,-0.05236,0.34,0.37627,-0.03627,0.84,0.88908,-0.04908,0.34,0.41346,-0.07346
2,1942,42797.9,OPEN,0.835,0.88889,-0.05389,0.335,0.37458,-0.03958,0.835,0.88562,-0.05062,0.335,0.41346,-0.07846
2,1943,42818.7,OPEN,0.83,0.88542,-0.05542,0.33,0.37119,-0.04119,0.83,0.88042,-0.05042,0.33,0.41154,-0.08154
2,1944,42839.6,OPEN,0.825,0.88542,-0.06042,0.325,0.3678,-0.0428,0.825,0.88042,-0.05542,0.325,0.41154,-0.08654
2,1945,42860.1,OPEN,0.82,0.87847,-0.05847,0.32,0.3661,-0.0461,0.82,0.87175,-0.05175,0.32,0.41154,-0.09154
2,1946,42881.3,OPEN,0.815,0.87674,-0.06174,0.315,0.36102,-0.04602,0.815,0.86828,-0.05328,0.315,0.41154,-0.09654
2,1947,42902.7,OPEN,0.81,0.87847,-0.06847,0.31,0.3678,-0.0578,0.81,0.86828,-0.05828,0.31,0.41154,-0.10154
2,1948,42923.5,OPEN,0.805,0.87674,-0.07174,0.305,0.35254,-0.04754,0.805,0.86655,-0.06155,0.305,0.41154,-0.10654
2,1949,42943.7,OPEN,0.8,0.86979,-0.06979,0.3,0.35424,-0.05424,0.8,0.86308,-0.06308,0.3,0.41154,-0.11154
2,1950,42964.3,OPEN,0.795,0.86979,-0.07479,0.295,0.35085,-0.05585,0.795,0.85789,-0.06289,0.295,0.40192,-0.10692
2,1951,42985.6,OPEN,0.79,0.87153,-0.08153,0.29,0.33898,-0.04898,0.79,0.85269,-0.06269,0.29,0.38846,-0.09846
2,1952,43006.4,OPEN,0.785,0.86979,-0.08479,0.285,0.33729,-0.05229,0.785,0.84922,-0.06422,0.285,0.38077,-0.09577
2,1953,43027.2,OPEN,0.78,0.86285,-0.08285,0.28,0.3339,-0.0539,0.78,0.84229,-0.06229,0.28,0.37692,-0.09692
2,1954,43049.5,OPEN,0.775,0.85417,-0.07917,0.275,0.32542,-0.05042,0.775,0.83709,-0.06209,0.275,0.36923,-0.09423
2,1955,43069.0,OPEN,0.77,0.8559,-0.0859,0.27,0.32542,-0.05542,0.77,0.83189,-0.06189,0.27,0.36346,-0.09346
2,1956,43089.9,OPEN,0.765,0.84549,-0.08049,0.265,0.31864,-0.05364,0.765,0.82496,-0.05996,0.265,0.35385,-0.08885
2,1957,43111.1,OPEN,0.76,0.83681,-0.07681,0.26,0.30847,-0.04847,0.76,0.82322,-0.06322,0.26,0.34423,-0.08423
2,1958,43131.7,OPEN,0.755,0.83333,-0.07833,0.255,0.30678,-0.05178,0.755,0.81629,-0.06129,0.255,0.33654,-0.08154
2,1959,43153.1,OPEN,0.75,0.82118,-0.07118,0.25,0.3,-0.05,0.75,0.81109,-0.06109,0.25,0.32692,-0.07692
2,1960,43173.0,OPEN,0.745,0.8125,-0.0675,0.245,0.29153,-0.04653,0.745,0.80589,-0.06089,0.245,0.32115,-0.07615
2,1961,43193.9,OPEN,0.74,0.80556,-0.06556,0.24,0.28814,-0.04814,0.74,0.79723,-0.05723,0.24,0.31346,-0.07346
2,1962,43213.3,OPEN,0.735,0.79861,-0.06361,0.235,0.28136,-0.04636,0.735,0.79376,-0.05876,0.235,0.30962,-0.07462
2,1963,43235.2,OPEN,0.73,0.78993,-0.05993,0.23,0.27966,-0.04966,0.73,0.79376,-0.06376,0.23,0.3,-0.07
2,1964,43255.9,OPEN,0.725,0.78299,-0.05799,0.225,0.27458,-0.04958,0.725,0.78336,-0.05836,0.225,0.29423,-0.06923
2,1965,43277.6,OPEN,0.72,0.77951,-0.05951,0.22,0.26949,-0.04949,0.72,0.77643,-0.05643,0.22,0.28269,-0.06269
2,1966,43297.5,OPEN,0.715,0.7691,-0.0541,0.215,0.27119,-0.05619,0.715,0.77296,-0.05796,0.215,0.28462,-0.06962
2,1967,43318.9,OPEN,0.71,0.76389,-0.05389,0.21,0.25593,-0.04593,0.71,0.76776,-0.05776,0.21,0.27692,-0.06692
2,1968,43340.0,OPEN,0.705,0.76042,-0.05542,0.205,0.25424,-0.04924,0.705,0.76083,-0.05583,0.205,0.27308,-0.06808
2,1969,43360.0,OPEN,0.7,0.75694,-0.05694,0.2,0.24576,-0.04576,0.7,0.75563,-0.05563,0.2,0.26923,-0.06923
2,1970,43381.5,OPEN,0.695,0.75347,-0.05847,0.195,0.24068,-0.04568,0.695,0.75217,-0.05717,0.195,0.26346,-0.06846
2,1971,43401.5,OPEN,0.69,0.74826,-0.05826,0.19,0.2322,-0.0422,0.69,0.74697,-0.05697,0.19,0.25962,-0.06962
2,1972,43422.5,OPEN,0.685,0.74306,-0.05806,0.185,0.22881,-0.04381,0.685,0.7435,-0.0585,0.185,0.25385,-0.06885
2,1973,43444.0,OPEN,0.68,0.73958,-0.05958,0.18,0.22542,-0.04542,0.68,0.73657,-0.05657,0.18,0.25385,-0.07385
2,1974,43464.6,OPEN,0.675,0.73611,-0.06111,0.175,0.22373,-0.04873,0.675,0.7331,-0.0581,0.175,0.24423,-0.06923
2,1975,43486.1,OPEN,0.67,0.73438,-0.06438,0.17,0.21864,-0.04864,0.67,0.72964,-0.05964,0.17,0.23846,-0.06846
2,1976,43507.4,OPEN,0.665,0.72569,-0.06069,0.165,0.21356,-0.04856,0.665,0.7227,-0.0577,0.165,0.23077,-0.06577
2,1977,43528.0,OPEN,0.66,0.72222,-0.06222,0.16,0.21017,-0.05017,0.66,0.7227,-0.0627,0.16,0.22115,-0.06115
2,1978,43549.2,OPEN,0.655,0.71875,-0.06375,0.155,0.20508,-0.05008,0.655,0.71404,-0.05904,0.155,0.21346,-0.05846
2,1979,43569.1,OPEN,0.65,0.71181,-0.06181,0.15,0.20169,-0.05169,0.65,0.71404,-0.06404,0.15,0.21154,-0.06154
2,1980,43591.4,OPEN,0.645,0.70486,-0.05986,0.145,0.20169,-0.05669,0.645,0.70191,-0.05691,0.145,0.20192,-0.05692
2,1981,43611.8,OPEN,0.64,0.70486,-0.06486,0.14,0.20169,-0.06169,0.64,0.70017,-0.06017,0.14,0.20192,-0.06192
2,1982,43631.4,OPEN,0.635,0.69618,-0.06118,0.135,0.18644,-0.05144,0.635,0.69324,-0.05824,0.135,0.19231,-0.05731
2,1983,43652.0,OPEN,0.63,0.69271,-0.06271,0.13,0.18136,-0.05136,0.63,0.68631,-0.05631,0.13,0.18654,-0.05654
2,1984,43672.6,OPEN,0.625,0.68576,-0.06076,0.125,0.17797,-0.05297,0.625,0.68111,-0.05611,0.125,0.18269,-0.05769
2,1985,43693.8,OPEN,0.62,0.68229,-0.06229,0.12,0.17288,-0.05288,0.62,0.67591,-0.05591,0.12,0.17885,-0.05885
2,1986,43714.6,OPEN,0.615,0.67535,-0.06035,0.115,0.1678,-0.0528,0.615,0.67244,-0.05744,0.115,0.175,-0.06
2,1987,43735.4,OPEN,0.61,0.67361,-0.06361,0.11,0.16949,-0.05949,0.61,0.66551,-0.05551,0.11,0.17115,-0.06115
2,1988,43756.0,OPEN,0.605,0.66667,-0.06167,0.105,0.1661,-0.0611,0.605,0.66378,-0.05878,0.105,0.16731,-0.06231
2,1989,43777.3,OPEN,0.6,0.65972,-0.05972,0.1,0.15424,-0.05424,0.6,0.65338,-0.05338,0.1,0.17692,-0.07692
2,1990,43797.8,OPEN,0.595,0.65625,-0.06125,0.095,0.15085,-0.05585,0.595,0.64991,-0.05491,0.095,0.15577,-0.06077
2,1991,43819.3,OPEN,0.59,0.65104,-0.06104,0.09,0.14915,-0.05915,0.59,0.64471,-0.05471,0.09,0.15385,-0.06385
2,1992,43840.3,OPEN,0.585,0.64757,-0.06257,0.085,0.14068,-0.05568,0.585,0.64298,-0.05798,0.085,0.15,-0.065
2,1993,43860.3,OPEN,0.58,0.64236,-0.06236,0.08,0.13559,-0.05559,0.58,0.63605,-0.05605,0.08,0.15,-0.07
2,1994,43881.6,OPEN,0.575,0.63715,-0.06215,0.075,0.13051,-0.05551,0.575,0.63258,-0.05758,0.075,0.14038,-0.06538
2,1995,43902.1,OPEN,0.57,0.63194,-0.06194,0.07,0.12373,-0.05373,0.57,0.62565,-0.05565,0.07,0.13269,-0.06269
2,1996,43923.1,OPEN,0.565,0.625,-0.06,0.065,0.12373,-0.05873,0.565,0.62045,-0.05545,0.065,0.125,-0.06
2,1997,43944.4,OPEN,0.56,0.61979,-0.05979,0.06,0.11695,-0.05695,0.56,0.61352,-0.05352,0.06,0.11923,-0.05923
2,1998,43965.6,OPEN,0.555,0.61632,-0.06132,0.055,0.10847,-0.05347,0.555,0.60832,-0.05332,0.055,0.11346,-0.05846
2,1999,43986.3,OPEN,0.55,0.60938,-0.05938,0.05,0.10339,-0.05339,0.55,0.61005,-0.06005,0.05,0.09038,-0.04038
2,2000,44006.7,OPEN,0.545,0.60938,-0.06438,0.045,0.09322,-0.04822,0.545,0.59792,-0.05292,0.045,0.09808,-0.05308
2,2001,44028.2,OPEN,0.54,0.59896,-0.05896,0.04,0.08814,-0.04814,0.54,0.59445,-0.05445,0.04,0.08654,-0.04654
2,2002,44048.4,OPEN,0.535,0.59375,-0.05875,0.035,0.08305,-0.04805,0.535,0.58925,-0.05425,0.035,0.07885,-0.04385
2,2003,44069.1,OPEN,0.53,0.59549,-0.06549,0.03,0.08136,-0.05136,0.53,0.58406,-0.05406,0.03,0.07308,-0.04308
2,2004,44090.9,OPEN,0.525,0.58333,-0.05833,0.025,0.07288,-0.04788,0.525,0.57886,-0.05386,0.025,0.07115,-0.04615
2,2005,44110.4,OPEN,0.52,0.57812,-0.05813,0.02,0.06949,-0.04949,0.52,0.57366,-0.05366,0.02,0.06346,-0.04346
2,2006,44131.4,OPEN,0.515,0.57465,-0.05965,0.015,0.06441,-0.04941,0.515,0.56846,-0.05346,0.015,0.05577,-0.04077
2,2007,44152.2,OPEN,0.51,0.56944,-0.05944,0.01,0.05932,-0.04932,0.51,0.56326,-0.05326,0.01,0.05192,-0.04192
2,2008,44172.5,OPEN,0.505,0.56597,-0.06097,0.005,0.05424,-0.04924,0.505,0.55979,-0.05479,0.005,0.04615,-0.04115
2,2009,44193.6,OPEN,0.5,0.55903,-0.05903,0.0,0.04915,-0.04915,0.5,0.56153,-0.06153,0.0,0.04038,-0.04038
2,2010,44214.1,OPEN,0.495,0.55556,-0.06056,0.0,0.04407,-0.04407,0.495,0.55633,-0.06133,0.0,0.03462,-0.03462
2,2011,44235.4,OPEN,0.49,0.55729,-0.06729,0.0,0.03898,-0.03898,0.49,0.54593,-0.05593,0.0,0.03077,-0.03077
2,2012,44256.2,OPEN,0.485,0.55382,-0.06882,0.0,0.03559,-0.03559,0.485,0.54246,-0.05746,0.0,0.025,-0.025
2,2013,44277.0,OPEN,0.48,0.54167,-0.06167,0.0,0.03051,-0.03051,0.48,0.54246,-0.06246,0.0,0.01923,-0.01923
2,2014,44298.2,OPEN,0.475,0.53646,-0.06146,0.0,0.02373,-0.02373,0.475,0.53033,-0.05533,0.0,0.01346,-0.01346
2,2015,44318.3,OPEN,0.47,0.53299,-0.06299,0.0,0.02203,-0.02203,0.47,0.52686,-0.05686,0.0,0.01346,-0.01346
2,2016,44340.0,OPEN,0.465,0.52778,-0.06278,0.0,0.01864,-0.01864,0.465,0.5234,-0.0584,0.0,0.00769,-0.00769
2,2017,44360.4,OPEN,0.46,0.51562,-0.05563,0.0,0.01525,-0.01525,0.46,0.51473,-0.05473,0.0,0.00385,-0.00385
2,2018,44382.1,OPEN,0.455,0.51042,-0.05542,0.0,0.01186,-0.01186,0.455,0.50607,-0.05107,0.0,0.00192,-0.00192
2,2019,44401.6,OPEN,0.45,0.50347,-0.05347,0.0,0.01017,-0.01017,0.45,0.4974,-0.0474,0.0,0.0,0.0
2,2020,44424.6,OPEN,0.445,0.49132,-0.04632,0.0,0.00847,-0.00847,0.445,0.487,-0.042,0.0,0.0,0.0
2,2021,44445.1,OPEN,0.44,0.48785,-0.04785,0.0,0.00508,-0.00508,0.44,0.4818,-0.0418,0.0,0.0,0.0
2,2022,44465.8,OPEN,0.435,0.48264,-0.04764,0.0,0.00339,-0.00339,0.435,0.4766,-0.0416,0.0,0.0,0.0
2,2023,44486.2,OPEN,0.43,0.48438,-0.05438,0.0,0.00847,-0.00847,0.43,0.47487,-0.04487,0.0,0.0,0.0
2,2024,44507.0,OPEN,0.425,0.47569,-0.05069,0.0,0.00847,-0.00847,0.425,0.4714,-0.0464,0.0,0.0,0.0
2,2025,44528.3,OPEN,0.42,0.47222,-0.05222,0.0,0.00847,-0.00847,0.42,0.46794,-0.04794,0.0,0.0,0.0
2,2026,44548.3,OPEN,0.415,0.47049,-0.05549,0.0,0.00847,-0.00847,0.415,0.4714,-0.0564,0.0,0.0,0.0
2,2027,44569.0,OPEN,0.41,0.46528,-0.05528,0.0,0.00847,-0.00847,0.41,0.45927,-0.04927,0.0,0.0,0.0
2,2028,44589.6,OPEN,0.405,0.46181,-0.05681,0.0,0.00678,-0.00678,0.405,0.45754,-0.05254,0.0,0.0,0.0
2,2029,44610.5,OPEN,0.4,0.45833,-0.05833,0.0,0.00847,-0.00847,0.4,0.45407,-0.05407,0.0,0.0,0.0
2,2030,44631.0,OPEN,0.395,0.45486,-0.05986,0.0,0.00847,-0.00847,0.395,0.45061,-0.05561,0.0,0.0,0.0
2,2031,44651.5,OPEN,0.39,0.44965,-0.05965,0.0,0.00847,-0.00847,0.39,0.44541,-0.05541,0.0,0.0,0.0
2,2032,44672.8,OPEN,0.385,0.44618,-0.06118,0.0,0.00847,-0.00847,0.385,0.44194,-0.05694,0.0,0.0,0.0
2,2033,44694.3,OPEN,0.38,0.43924,-0.05924,0.0,0.00678,-0.00678,0.38,0.43501,-0.05501,0.0,0.0,0.0
2,2034,44715.1,OPEN,0.375,0.43576,-0.06076,0.0,0.00847,-0.00847,0.375,0.43154,-0.05654,0.0,0.0,0.0
2,2035,44735.5,OPEN,0.37,0.43056,-0.06056,0.0,0.01864,-0.01864,0.37,0.42634,-0.05634,0.0,0.0,0.0
2,2036,44756.4,OPEN,0.365,0.42708,-0.06208,0.0,0.00847,-0.00847,0.365,0.42114,-0.05614,0.0,0.0,0.0
2,2037,44776.6,OPEN,0.36,0.42014,-0.06014,0.0,0.01017,-0.01017,0.36,0.41421,-0.05421,0.0,0.0,0.0
2,2038,44798.2,OPEN,0.355,0.41493,-0.05993,0.0,0.00847,-0.00847,0.355,0.40901,-0.05401,0.0,0.0,0.0
2,2039,44818.6,OPEN,0.35,0.40972,-0.05972,0.0,0.00847,-0.00847,0.35,0.40381,-0.05381,0.0,0.0,0.0
2,2040,44840.0,OPEN,0.345,0.40625,-0.06125,0.0,0.00847,-0.00847,0.345,0.39861,-0.05361,0.0,0.0,0.0
2,2041,44860.0,OPEN,0.34,0.39931,-0.05931,0.0,0.00847,-0.00847,0.34,0.39341,-0.05341,0.0,0.0,0.0
2,2042,44881.1,OPEN,0.335,0.38889,-0.05389,0.0,0.00847,-0.00847,0.335,0.38648,-0.05148,0.0,0.0,0.0
2,2043,44902.8,OPEN,0.33,0.39236,-0.06236,0.0,0.00678,-0.00678,0.33,0.38128,-0.05128,0.0,0.0,0.0
2,2044,44924.1,OPEN,0.325,0.38194,-0.05694,0.0,0.00508,-0.00508,0.325,0.37435,-0.04935,0.0,0.0,0.0
2,2045,44944.5,OPEN,0.32,0.375,-0.055,0.0,0.00339,-0.00339,0.32,0.36915,-0.04915,0.0,0.0,0.0
2,2046,44964.5,OPEN,0.315,0.36979,-0.05479,0.0,0.00339,-0.00339,0.315,0.36395,-0.04895,0.0,0.0,0.0
2,2047,44986.9,OPEN,0.31,0.36285,-0.05285,0.0,0.00508,-0.00508,0.31,0.35702,-0.04702,0.0,0.0,0.0
2,2048,45007.6,OPEN,0.305,0.3559,-0.0509,0.0,0.00508,-0.00508,0.305,0.35182,-0.04682,0.0,0.0,0.0
2,2049,45028.2,OPEN,0.3,0.35243,-0.05243,0.0,0.00339,-0.00339,0.3,0.34662,-0.04662,0.0,0.0,0.0
2,2050,45047.9,OPEN,0.295,0.34722,-0.05222,0.0,0.00508,-0.00508,0.295,0.34315,-0.04815,0.0,0.0,0.0
2,2051,45068.0,OPEN,0.29,0.34028,-0.05028,0.0,0.00339,-0.00339,0.29,0.33795,-0.04795,0.0,0.0,0.0
2,2052,45089.3,OPEN,0.285,0.33681,-0.05181,0.0,0.00339,-0.00339,0.285,0.33276,-0.04776,0.0,0.0,0.0
2,2053,45110.2,OPEN,0.28,0.3316,-0.0516,0.0,0.00339,-0.00339,0.28,0.31889,-0.03889,0.0,0.0,0.0
2,2054,45131.3,OPEN,0.275,0.33333,-0.05833,0.0,0.00339,-0.00339,0.275,0.32582,-0.05082,0.0,0.0,0.0
2,2055,45151.8,OPEN,0.27,0.32465,-0.05465,0.0,0.00339,-0.00339,0.27,0.31889,-0.04889,0.0,0.0,0.0
2,2056,45172.6,OPEN,0.265,0.31771,-0.05271,0.0,0.00339,-0.00339,0.265,0.31542,-0.05042,0.0,0.0,0.0
2,2057,45192.2,OPEN,0.26,0.3125,-0.0525,0.0,0.00339,-0.00339,0.26,0.31023,-0.05023,0.0,0.0,0.0
2,2058,45211.9,OPEN,0.255,0.30903,-0.05403,0.0,0.00339,-0.00339,0.255,0.30676,-0.05176,0.0,0.0,0.0
2,2059,45232.7,OPEN,0.25,0.30382,-0.05382,0.0,0.00339,-0.00339,0.25,0.30156,-0.05156,0.0,0.0,0.0
2,2060,45254.3,OPEN,0.245,0.29861,-0.05361,0.0,0.00339,-0.00339,0.245,0.29809,-0.05309,0.0,0.0,0.0
2,2061,45274.6,OPEN,0.24,0.29514,-0.05514,0.0,0.00339,-0.00339,0.24,0.28769,-0.04769,0.0,0.0,0.0
2,2062,45295.2,OPEN,0.235,0.28993,-0.05493,0.0,0.00339,-0.00339,0.235,0.28769,-0.05269,0.0,0.0,0.0
2,2063,45316.8,OPEN,0.23,0.28472,-0.05472,0.0,0.00508,-0.00508,0.23,0.29116,-0.06116,0.0,0.0,0.0
2,2064,45337.4,OPEN,0.225,0.27951,-0.05451,0.0,0.00339,-0.00339,0.225,0.2825,-0.0575,0.0,0.0,0.0
2,2065,45358.2,OPEN,0.22,0.27257,-0.05257,0.0,0.00339,-0.00339,0.22,0.27383,-0.05383,0.0,0.0,0.0
2,2066,45379.4,OPEN,0.215,0.26736,-0.05236,0.0,0.00339,-0.00339,0.215,0.2669,-0.0519,0.0,0.0,0.0
2,2067,45400.7,OPEN,0.21,0.26215,-0.05215,0.0,0.00508,-0.00508,0.21,0.2617,-0.0517,0.0,0.0,0.0
2,2068,45421.8,OPEN,0.205,0.25694,-0.05194,0.0,0.00339,-0.00339,0.205,0.2565,-0.0515,0.0,0.0,0.0
2,2069,45441.6,OPEN,0.2,0.25347,-0.05347,0.0,0.00339,-0.00339,0.2,0.24957,-0.04957,0.0,0.0,0.0
2,2070,45462.3,OPEN,0.195,0.24653,-0.05153,0.0,0.00339,-0.00339,0.195,0.24437,-0.04937,0.0,0.0,0.0
2,2071,45483.9,OPEN,0.19,0.24826,-0.05826,0.0,0.00339,-0.00339,0.19,0.24263,-0.05263,0.0,0.0,0.0
2,2072,45504.4,OPEN,0.185,0.23785,-0.05285,0.0,0.00508,-0.00508,0.185,0.23397,-0.04897,0.0,0.0,0.0
2,2073,45524.9,OPEN,0.18,0.23611,-0.05611,0.0,0.00339,-0.00339,0.18,0.22877,-0.04877,0.0,0.0,0.0
2,2074,45545.3,OPEN,0.175,0.22743,-0.05243,0.0,0.00339,-0.00339,0.175,0.22357,-0.04857,0.0,0.0,0.0
2,2075,45566.4,OPEN,0.17,0.22396,-0.05396,0.0,0.00508,-0.00508,0.17,0.21837,-0.04837,0.0,0.0,0.0
2,2076,45586.8,OPEN,0.165,0.21875,-0.05375,0.0,0.00339,-0.00339,0.165,0.2149,-0.0499,0.0,0.0,0.0
2,2077,45608.3,OPEN,0.16,0.21354,-0.05354,0.0,0.00339,-0.00339,0.16,0.20797,-0.04797,0.0,0.0,0.0
2,2078,45628.5,OPEN,0.155,0.20833,-0.05333,0.0,0.00339,-0.00339,0.155,0.21144,-0.05644,0.0,0.0,0.0
2,2079,45649.7,OPEN,0.15,0.20833,-0.05833,0.0,0.00339,-0.00339,0.15,0.20451,-0.05451,0.0,0.0,0.0
2,2080,45670.3,OPEN,0.145,0.19965,-0.05465,0.0,0.00678,-0.00678,0.145,0.19411,-0.04911,0.0,0.0,0.0
2,2081,45691.4,OPEN,0.14,0.19444,-0.05444,0.0,0.00339,-0.00339,0.14,0.18891,-0.04891,0.0,0.0,0.0
2,2082,45712.4,OPEN,0.135,0.18924,-0.05424,0.0,0.00339,-0.00339,0.135,0.18718,-0.05218,0.0,0.0,0.0
2,2083,45733.1,OPEN,0.13,0.18229,-0.05229,0.0,0.00508,-0.00508,0.13,0.17851,-0.04851,0.0,0.0,0.0
2,2084,45754.0,OPEN,0.125,0.17535,-0.05035,0.0,0.00339,-0.00339,0.125,0.17158,-0.04658,0.0,0.0,0.0
2,2085,45774.5,OPEN,0.12,0.17014,-0.05014,0.0,0.00339,-0.00339,0.12,0.16638,-0.04638,0.0,0.0,0.0
2,2086,45795.6,OPEN,0.115,0.16667,-0.05167,0.0,0.00339,-0.00339,0.115,0.16118,-0.04618,0.0,0.0,0.0
2,2087,45816.8,OPEN,0.11,0.15972,-0.04972,0.0,0.00339,-0.00339,0.11,0.16118,-0.05118,0.0,0.0,0.0
2,2088,45837.9,OPEN,0.105,0.15451,-0.04951,0.0,0.00339,-0.00339,0.105,0.15078,-0.04578,0.0,0.0,0.0
2,2089,45858.3,OPEN,0.1,0.14931,-0.04931,0.0,0.00339,-0.00339,0.1,0.14731,-0.04731,0.0,0.0,0.0
2,2090,45878.8,OPEN,0.095,0.1441,-0.0491,0.0,0.00339,-0.00339,0.095,0.14211,-0.04711,0.0,0.0,0.0
2,2091,45899.9,OPEN,0.09,0.14062,-0.05063,0.0,0.00339,-0.00339,0.09,0.13865,-0.04865,0.0,0.0,0.0
2,2092,45921.2,OPEN,0.085,0.13889,-0.05389,0.0,0.00678,-0.00678,0.085,0.13172,-0.04672,0.0,0.0,0.0
2,2093,45942.3,OPEN,0.08,0.13021,-0.05021,0.0,0.00339,-0.00339,0.08,0.12825,-0.04825,0.0,0.0,0.0
2,2094,45962.2,OPEN,0.075,0.125,-0.05,0.0,0.00339,-0.00339,0.075,0.12305,-0.04805,0.0,0.0,0.0
2,2095,45983.7,OPEN,0.07,0.12153,-0.05153,0.0,0.00339,-0.00339,0.07,0.11785,-0.04785,0.0,0.0,0.0
2,2096,46003.9,OPEN,0.065,0.11458,-0.04958,0.0,0.00678,-0.00678,0.065,0.10919,-0.04419,0.0,0.0,0.0
2,2097,46024.9,OPEN,0.06,0.11111,-0.05111,0.0,0.00508,-0.00508,0.06,0.10919,-0.04919,0.0,0.0,0.0
2,2098,46045.6,OPEN,0.055,0.1059,-0.0509,0.0,0.00339,-0.00339,0.055,0.10399,-0.04899,0.0,0.0,0.0
2,2099,46066.5,OPEN,0.05,0.1059,-0.0559,0.0,0.00339,-0.00339,0.05,0.09359,-0.04359,0.0,0.0,0.0
2,2100,46086.9,OPEN,0.045,0.09896,-0.05396,0.0,0.00339,-0.00339,0.045,0.08839,-0.04339,0.0,0.0,0.0
2,2101,46107.8,OPEN,0.04,0.09028,-0.05028,0.0,0.00339,-0.00339,0.04,0.08492,-0.04492,0.0,0.0,0.0
2,2102,46129.4,OPEN,0.035,0.08681,-0.05181,0.0,0.00339,-0.00339,0.035,0.07972,-0.04472,0.0,0.0,0.0
2,2103,46149.7,OPEN,0.03,0.0816,-0.0516,0.0,0.00339,-0.00339,0.03,0.07626,-0.04626,0.0,0.0,0.0
2,2104,46171.7,OPEN,0.025,0.07812,-0.05313,0.0,0.00339,-0.00339,0.025,0.06932,-0.04432,0.0,0.0,0.0
2,2105,46192.9,OPEN,0.02,0.07118,-0.05118,0.0,0.00339,-0.00339,0.02,0.06586,-0.04586,0.0,0.0,0.0
2,2106,46214.1,OPEN,0.015,0.06597,-0.05097,0.0,0.00339,-0.00339,0.015,0.06066,-0.04566,0.0,0.0,0.0
2,2107,46235.4,OPEN,0.01,0.06597,-0.05597,0.0,0.00339,-0.00339,0.01,0.05546,-0.04546,0.0,0.0,0.0
2,2108,46255.9,OPEN,0.005,0.0625,-0.0575,0.0,0.00339,-0.00339,0.005,0.05026,-0.04526,0.0,0.0,0.0
2,2109,46277.2,OPEN,0.0,0.05208,-0.05208,0.0,0.00678,-0.00678,0.0,0.04506,-0.04506,0.0,0.0,0.0
2,2110,46284.5,HOLD_OPEN,0.0,0.04861,-0.04861,0.0,0.00339,-0.00339,0.0,0.04333,-0.04333,0.0,0.0,0.0
2,2111,46306.0,HOLD_OPEN,0.0,0.0434,-0.0434,0.0,0.00339,-0.00339,0.0,0.03986,-0.03986,0.0,0.0,0.0
2,2112,46326.8,HOLD_OPEN,0.0,0.03646,-0.03646,0.0,0.00339,-0.00339,0.0,0.03466,-0.03466,0.0,0.0,0.0
2,2113,46347.8,HOLD_OPEN,0.0,0.03299,-0.03299,0.0,0.00339,-0.00339,0.0,0.02946,-0.02946,0.0,0.0,0.0
2,2114,46368.7,HOLD_OPEN,0.0,0.02604,-0.02604,0.0,0.00508,-0.00508,0.0,0.02426,-0.02426,0.0,0.0,0.0
2,2115,46389.5,HOLD_OPEN,0.0,0.02083,-0.02083,0.0,0.00339,-0.00339,0.0,0.0208,-0.0208,0.0,0.0,0.0
2,2116,46410.2,HOLD_OPEN,0.0,0.01736,-0.01736,0.0,0.00339,-0.00339,0.0,0.01386,-0.01386,0.0,0.0,0.0
2,2117,46431.2,HOLD_OPEN,0.0,0.01389,-0.01389,0.0,0.00339,-0.00339,0.0,0.0104,-0.0104,0.0,0.0,0.0
2,2118,46451.6,HOLD_OPEN,0.0,0.01389,-0.01389,0.0,0.00339,-0.00339,0.0,0.0052,-0.0052,0.0,0.0,0.0
2,2119,46472.0,HOLD_OPEN,0.0,0.00868,-0.00868,0.0,0.00339,-0.00339,0.0,0.00347,-0.00347,0.0,0.0,0.0
2,2120,46493.5,HOLD_OPEN,0.0,0.00868,-0.00868,0.0,0.00339,-0.00339,0.0,0.0,0.0,0.0,0.0,0.0
2,2121,46514.7,HOLD_OPEN,0.0,0.00694,-0.00694,0.0,0.00339,-0.00339,0.0,0.00173,-0.00173,0.0,0.0,0.0
2,2122,46535.3,HOLD_OPEN,0.0,0.00694,-0.00694,0.0,0.00339,-0.00339,0.0,0.0,0.0,0.0,0.0,0.0
2,2123,46556.5,HOLD_OPEN,0.0,0.00694,-0.00694,0.0,0.00339,-0.00339,0.0,0.0,0.0,0.0,0.0,0.0
2,2124,46577.1,HOLD_OPEN,0.0,0.00694,-0.00694,0.0,0.00339,-0.00339,0.0,0.0,0.0,0.0,0.0,0.0
2,2125,46598.5,HOLD_OPEN,0.0,0.00694,-0.00694,0.0,0.00339,-0.00339,0.0,0.0,0.0,0.0,0.0,0.0
2,2126,46619.4,HOLD_OPEN,0.0,0.00694,-0.00694,0.0,0.00339,-0.00339,0.0,0.0,0.0,0.0,0.0,0.0
2,2127,46640.1,HOLD_OPEN,0.0,0.00694,-0.00694,0.0,0.00339,-0.00339,0.0,0.0,0.0,0.0,0.0,0.0
2,2128,46660.3,HOLD_OPEN,0.0,0.00868,-0.00868,0.0,0.00339,-0.00339,0.0,0.0,0.0,0.0,0.0,0.0
2,2129,46682.1,HOLD_OPEN,0.0,0.01042,-0.01042,0.0,0.00339,-0.00339,0.0,0.0,0.0,0.0,0.0,0.0
2,2130,46702.2,HOLD_OPEN,0.0,0.00694,-0.00694,0.0,0.00339,-0.00339,0.0,0.0,0.0,0.0,0.0,0.0
2,2131,46723.6,HOLD_OPEN,0.0,0.00694,-0.00694,0.0,0.00339,-0.00339,0.0,0.0,0.0,0.0,0.0,0.0
2,2132,46744.0,HOLD_OPEN,0.0,0.00694,-0.00694,0.0,0.00339,-0.00339,0.0,0.0,0.0,0.0,0.0,0.0
2,2133,46764.2,HOLD_OPEN,0.0,0.00694,-0.00694,0.0,0.00339,-0.00339,0.0,0.0,0.0,0.0,0.0,0.0
2,2134,46785.1,HOLD_OPEN,0.0,0.00694,-0.00694,0.0,0.00339,-0.00339,0.0,0.0,0.0,0.0,0.0,0.0
2,2135,46806.9,HOLD_OPEN,0.0,0.01042,-0.01042,0.0,0.00508,-0.00508,0.0,0.0,0.0,0.0,0.0,0.0
2,2136,46826.6,HOLD_OPEN,0.0,0.00694,-0.00694,0.0,0.00339,-0.00339,0.0,0.0,0.0,0.0,0.0,0.0
2,2137,46847.0,HOLD_OPEN,0.0,0.00694,-0.00694,0.0,0.00339,-0.00339,0.0,0.0,0.0,0.0,0.0,0.0
2,2138,46868.1,HOLD_OPEN,0.0,0.00694,-0.00694,0.0,0.00339,-0.00339,0.0,0.0,0.0,0.0,0.0,0.0
2,2139,46889.6,HOLD_OPEN,0.0,0.00174,-0.00174,0.0,0.00339,-0.00339,0.0,0.0,0.0,0.0,0.0,0.0
2,2140,46910.2,HOLD_OPEN,0.0,0.00694,-0.00694,0.0,0.00339,-0.00339,0.0,0.0,0.0,0.0,0.0,0.0
2,2141,46930.9,HOLD_OPEN,0.0,0.00694,-0.00694,0.0,0.00339,-0.00339,0.0,0.0,0.0,0.0,0.0,0.0
2,2142,46951.9,HOLD_OPEN,0.0,0.00694,-0.00694,0.0,0.00339,-0.00339,0.0,0.0,0.0,0.0,0.0,0.0
2,2143,46973.5,HOLD_OPEN,0.0,0.00521,-0.00521,0.0,0.00339,-0.00339,0.0,0.0,0.0,0.0,0.0,0.0
2,2144,46994.2,HOLD_OPEN,0.0,0.00521,-0.00521,0.0,0.00339,-0.00339,0.0,0.0,0.0,0.0,0.0,0.0
2,2145,47014.8,HOLD_OPEN,0.0,0.00521,-0.00521,0.0,0.00339,-0.00339,0.0,0.0,0.0,0.0,0.0,0.0
2,2146,47035.4,HOLD_OPEN,0.0,0.00694,-0.00694,0.0,0.00339,-0.00339,0.0,0.0,0.0,0.0,0.0,0.0
2,2147,47055.9,HOLD_OPEN,0.0,0.00521,-0.00521,0.0,0.00169,-0.00169,0.0,0.0,0.0,0.0,0.0,0.0
2,2148,47077.0,HOLD_OPEN,0.0,0.00521,-0.00521,0.0,0.00339,-0.00339,0.0,0.0,0.0,0.0,0.0,0.0
2,2149,47098.2,HOLD_OPEN,0.0,0.00521,-0.00521,0.0,0.00339,-0.00339,0.0,0.0,0.0,0.0,0.0,0.0
2,2150,47119.4,HOLD_OPEN,0.0,0.00521,-0.00521,0.0,0.00339,-0.00339,0.0,0.0,0.0,0.0,0.0,0.0
2,2151,47140.1,HOLD_OPEN,0.0,0.00521,-0.00521,0.0,0.00339,-0.00339,0.0,0.0,0.0,0.0,0.0,0.0
2,2152,47160.1,HOLD_OPEN,0.0,0.00521,-0.00521,0.0,0.00339,-0.00339,0.0,0.0,0.0,0.0,0.0,0.0
2,2153,47180.4,HOLD_OPEN,0.0,0.00521,-0.00521,0.0,0.00339,-0.00339,0.0,0.0,0.0,0.0,0.0,0.0
2,2154,47203.2,HOLD_OPEN,0.0,0.00521,-0.00521,0.0,0.00339,-0.00339,0.0,0.0,0.0,0.0,0.0,0.0
2,2155,47222.6,HOLD_OPEN,0.0,0.00521,-0.00521,0.0,0.00339,-0.00339,0.0,0.0,0.0,0.0,0.0,0.0
2,2156,47243.4,HOLD_OPEN,0.0,0.00694,-0.00694,0.0,0.00169,-0.00169,0.0,0.0,0.0,0.0,0.0,0.0
2,2157,47264.1,HOLD_OPEN,0.0,0.00521,-0.00521,0.0,0.00339,-0.00339,0.0,0.0,0.0,0.0,0.0,0.0
2,2158,47285.5,HOLD_OPEN,0.0,0.00521,-0.00521,0.0,0.00339,-0.00339,0.0,0.0,0.0,0.0,0.0,0.0
2,2159,47306.1,HOLD_OPEN,0.0,0.00521,-0.00521,0.0,0.00339,-0.00339,0.0,0.0,0.0,0.0,0.0,0.0
2,2160,47326.8,HOLD_OPEN,0.0,0.00521,-0.00521,0.0,0.00339,-0.00339,0.0,0.0,0.0,0.0,0.0,0.0
2,2161,47347.6,HOLD_OPEN,0.0,0.00521,-0.00521,0.0,0.00339,-0.00339,0.0,0.0,0.0,0.0,0.0,0.0
2,2162,47368.5,HOLD_OPEN,0.0,0.00521,-0.00521,0.0,0.00339,-0.00339,0.0,0.0,0.0,0.0,0.0,0.0
2,2163,47390.0,HOLD_OPEN,0.0,0.00521,-0.00521,0.0,0.00339,-0.00339,0.0,0.0,0.0,0.0,0.0,0.0
2,2164,47410.0,HOLD_OPEN,0.0,0.00521,-0.00521,0.0,0.00339,-0.00339,0.0,0.0,0.0,0.0,0.0,0.0
2,2165,47430.7,HOLD_OPEN,0.0,0.00521,-0.00521,0.0,0.00339,-0.00339,0.0,0.0,0.0,0.0,0.0,0.0
2,2166,47452.2,HOLD_OPEN,0.0,0.00521,-0.00521,0.0,0.00339,-0.00339,0.0,0.0,0.0,0.0,0.0,0.0
2,2167,47472.4,HOLD_OPEN,0.0,0.00521,-0.00521,0.0,0.00339,-0.00339,0.0,0.0,0.0,0.0,0.0,0.0
2,2168,47492.5,HOLD_OPEN,0.0,0.00521,-0.00521,0.0,0.00339,-0.00339,0.0,0.0,0.0,0.0,0.0,0.0
2,2169,47512.4,HOLD_OPEN,0.0,0.00521,-0.00521,0.0,0.00339,-0.00339,0.0,0.0,0.0,0.0,0.0,0.0
2,2170,47535.1,CLOSE_2,0.005,0.00521,-0.00021,0.005,0.00339,0.00161,0.005,0.0,0.005,0.005,0.0,0.005
2,2171,47558.2,CLOSE_2,0.01,0.00521,0.00479,0.01,0.00339,0.00661,0.01,0.0,0.01,0.01,0.0,0.01
2,2172,47579.4,CLOSE_2,0.015,0.00521,0.00979,0.015,0.00339,0.01161,0.015,0.0,0.015,0.015,0.0,0.015
2,2173,47600.0,CLOSE_2,0.02,0.00521,0.01479,0.02,0.00339,0.01661,0.02,0.0,0.02,0.02,0.0,0.02
2,2174,47621.0,CLOSE_2,0.025,0.00521,0.01979,0.025,0.00339,0.02161,0.025,0.0,0.025,0.025,0.0,0.025
2,2175,47641.1,CLOSE_2,0.03,0.00521,0.02479,0.03,0.00678,0.02322,0.03,0.0,0.03,0.03,0.0,0.03
2,2176,47661.5,CLOSE_2,0.035,0.00521,0.02979,0.035,0.00339,0.03161,0.035,0.0,0.035,0.035,0.0,0.035
2,2177,47683.5,CLOSE_2,0.04,0.00521,0.03479,0.04,0.00508,0.03492,0.04,0.0,0.04,0.04,0.0,0.04
2,2178,47703.6,CLOSE_2,0.045,0.00868,0.03632,0.045,0.00169,0.04331,0.045,0.0,0.045,0.045,0.0,0.045
2,2179,47723.7,CLOSE_2,0.05,0.00694,0.04306,0.05,0.01186,0.03814,0.05,0.0,0.05,0.05,0.0,0.05
2,2180,47745.1,CLOSE_2,0.055,0.00521,0.04979,0.055,0.00847,0.04653,0.055,0.0,0.055,0.055,0.0,0.055
2,2181,47765.5,CLOSE_2,0.06,0.00347,0.05653,0.06,0.00678,0.05322,0.06,0.0,0.06,0.06,0.00385,0.05615
2,2182,47787.0,CLOSE_2,0.065,0.01736,0.04764,0.065,0.00678,0.05822,0.065,0.0104,0.0546,0.065,0.00769,0.05731
2,2183,47807.6,CLOSE_2,0.07,0.01042,0.05958,0.07,0.01186,0.05814,0.07,0.0156,0.0544,0.07,0.02115,0.04885
2,2184,47826.8,CLOSE_2,0.075,0.02257,0.05243,0.075,0.01186,0.06314,0.075,0.01733,0.05767,0.075,0.025,0.05
2,2185,47847.3,CLOSE_2,0.08,0.02951,0.05049,0.08,0.01695,0.06305,0.08,0.02426,0.05574,0.08,0.02692,0.05308
2,2186,47868.6,CLOSE_2,0.085,0.03299,0.05201,0.085,0.02712,0.05788,0.085,0.0364,0.0486,0.085,0.03462,0.05038
2,2187,47890.8,CLOSE_2,0.09,0.0434,0.0466,0.09,0.0322,0.0578,0.09,0.04159,0.04841,0.09,0.04615,0.04385
2,2188,47911.3,CLOSE_2,0.095,0.05208,0.04292,0.095,0.04407,0.05093,0.095,0.04679,0.04821,0.095,0.05577,0.03923
2,2189,47931.8,CLOSE_2,0.1,0.06076,0.03924,0.1,0.05085,0.04915,0.1,0.05546,0.04454,0.1,0.06346,0.03654
2,2190,47953.6,CLOSE_2,0.105,0.06944,0.03556,0.105,0.05763,0.04737,0.105,0.06586,0.03914,0.105,0.07308,0.03192
2,2191,47973.3,CLOSE_2,0.11,0.07812,0.03188,0.11,0.06949,0.04051,0.11,0.07452,0.03548,0.11,0.08462,0.02538
2,2192,47995.5,CLOSE_2,0.115,0.08681,0.02819,0.115,0.07458,0.04042,0.115,0.08319,0.03181,0.115,0.09231,0.02269
2,2193,48015.9,CLOSE_2,0.12,0.09375,0.02625,0.12,0.08305,0.03695,0.12,0.08839,0.03161,0.12,0.1,0.02
2,2194,48036.6,CLOSE_2,0.125,0.10069,0.02431,0.125,0.09661,0.02839,0.125,0.09705,0.02795,0.125,0.10962,0.01538
2,2195,48058.2,CLOSE_2,0.13,0.10764,0.02236,0.13,0.1,0.03,0.13,0.10572,0.02428,0.13,0.11538,0.01462
2,2196,48078.7,CLOSE_2,0.135,0.11285,0.02215,0.135,0.10847,0.02653,0.135,0.11265,0.02235,0.135,0.11923,0.01577
2,2197,48098.7,CLOSE_2,0.14,0.11632,0.02368,0.14,0.11525,0.02475,0.14,0.11958,0.02042,0.14,0.12308,0.01692
2,2198,48120.6,CLOSE_2,0.145,0.12326,0.02174,0.145,0.12203,0.02297,0.145,0.12478,0.02022,0.145,0.12692,0.01808
2,2199,48140.0,CLOSE_2,0.15,0.12326,0.02674,0.15,0.12712,0.02288,0.15,0.12825,0.02175,0.15,0.12885,0.02115
2,2200,48161.4,CLOSE_2,0.155,0.125,0.03,0.155,0.1322,0.0228,0.155,0.13345,0.02155,0.155,0.13269,0.02231
2,2201,48182.0,CLOSE_2,0.16,0.12847,0.03153,0.16,0.13559,0.02441,0.16,0.13518,0.02482,0.16,0.13269,0.02731
2,2202,48202.9,CLOSE_2,0.165,0.13021,0.03479,0.165,0.13898,0.02602,0.165,0.13865,0.02635,0.165,0.13269,0.03231
2,2203,48223.5,CLOSE_2,0.17,0.13194,0.03806,0.17,0.14237,0.02763,0.17,0.14038,0.02962,0.17,0.13462,0.03538
2,2204,48244.5,CLOSE_2,0.175,0.13542,0.03958,0.175,0.14237,0.03263,0.175,0.14211,0.03289,0.175,0.13269,0.04231
2,2205,48264.8,CLOSE_2,0.18,0.13368,0.04632,0.18,0.14237,0.03763,0.18,0.14211,0.03789,0.18,0.14615,0.03385
2,2206,48285.5,CLOSE_2,0.185,0.13715,0.04785,0.185,0.13729,0.04771,0.185,0.14385,0.04115,0.185,0.15,0.035
2,2207,48307.0,CLOSE_2,0.19,0.14062,0.04938,0.19,0.14237,0.04763,0.19,0.14558,0.04442,0.19,0.14615,0.04385
2,2208,48327.2,CLOSE_2,0.195,0.1441,0.0509,0.195,0.14407,0.05093,0.195,0.14731,0.04769,0.195,0.15577,0.03923
2,2209,48348.8,CLOSE_2,0.2,0.15799,0.04201,0.2,0.15085,0.04915,0.2,0.14731,0.05269,0.2,0.16154,0.03846
2,2210,48369.7,CLOSE_2,0.205,0.16319,0.04181,0.205,0.15085,0.05415,0.205,0.15425,0.05075,0.205,0.16731,0.03769
2,2211,48390.1,CLOSE_2,0.21,0.17014,0.03986,0.21,0.15254,0.05746,0.21,0.15945,0.05055,0.21,0.17115,0.03885
2,2212,48413.8,CLOSE_2,0.215,0.17188,0.04313,0.215,0.15763,0.05737,0.215,0.16464,0.05036,0.215,0.175,0.04
2,2213,48432.4,CLOSE_2,0.22,0.17882,0.04118,0.22,0.16102,0.05898,0.22,0.17158,0.04842,0.22,0.18077,0.03923
2,2214,48453.0,CLOSE_2,0.225,0.18403,0.04097,0.225,0.1661,0.0589,0.225,0.18198,0.04302,0.225,0.18654,0.03846
2,2215,48474.1,CLOSE_2,0.23,0.19271,0.03729,0.23,0.17288,0.05712,0.23,0.18718,0.04282,0.23,0.19423,0.03577
2,2216,48496.4,CLOSE_2,0.235,0.19965,0.03535,0.235,0.17797,0.05703,0.235,0.19237,0.04263,0.235,0.20385,0.03115
2,2217,48515.3,CLOSE_2,0.24,0.20486,0.03514,0.24,0.18475,0.05525,0.24,0.19931,0.04069,0.24,0.21538,0.02462
2,2218,48536.5,CLOSE_2,0.245,0.21354,0.03146,0.245,0.18983,0.05517,0.245,0.20624,0.03876,0.245,0.225,0.02
2,2219,48557.9,CLOSE_2,0.25,0.21875,0.03125,0.25,0.19661,0.05339,0.25,0.21837,0.03163,0.25,0.23846,0.01154
2,2220,48577.9,CLOSE_2,0.255,0.22222,0.03278,0.255,0.20678,0.04822,0.255,0.2201,0.0349,0.255,0.24423,0.01077
2,2221,48598.8,CLOSE_2,0.26,0.22917,0.03083,0.26,0.20847,0.05153,0.26,0.22877,0.03123,0.26,0.25,0.01
2,2222,48619.6,CLOSE_2,0.265,0.23438,0.03063,0.265,0.21525,0.04975,0.265,0.23224,0.03276,0.265,0.25577,0.00923
2,2223,48640.7,CLOSE_2,0.27,0.23958,0.03042,0.27,0.22373,0.04627,0.27,0.2357,0.0343,0.27,0.25962,0.01038
2,2224,48661.0,CLOSE_2,0.275,0.24306,0.03194,0.275,0.2322,0.0428,0.275,0.2409,0.0341,0.275,0.26346,0.01154
2,2225,48681.4,CLOSE_2,0.28,0.25,0.03,0.28,0.23051,0.04949,0.28,0.2461,0.0339,0.28,0.26731,0.01269
2,2226,48702.8,CLOSE_2,0.285,0.25174,0.03326,0.285,0.24237,0.04263,0.285,0.24957,0.03543,0.285,0.275,0.01
2,2227,48723.9,CLOSE_2,0.29,0.25694,0.03306,0.29,0.25085,0.03915,0.29,0.25477,0.03523,0.29,0.275,0.015
2,2228,48744.4,CLOSE_2,0.295,0.26042,0.03458,0.295,0.25593,0.03907,0.295,0.25823,0.03677,0.295,0.27692,0.01808
2,2229,48765.1,CLOSE_2,0.3,0.26562,0.03438,0.3,0.26441,0.03559,0.3,0.2617,0.0383,0.3,0.28269,0.01731
2,2230,48786.5,CLOSE_2,0.305,0.27604,0.02896,0.305,0.27119,0.03381,0.305,0.26863,0.03637,0.305,0.28462,0.02038
2,2231,48807.8,CLOSE_2,0.31,0.27951,0.03049,0.31,0.27288,0.03712,0.31,0.2773,0.0327,0.31,0.29808,0.01192
2,2232,48828.5,CLOSE_2,0.315,0.28125,0.03375,0.315,0.27627,0.03873,0.315,0.28076,0.03424,0.315,0.30192,0.01308
2,2233,48849.1,CLOSE_2,0.32,0.28646,0.03354,0.32,0.27966,0.04034,0.32,0.2825,0.0375,0.32,0.30577,0.01423
2,2234,48870.9,CLOSE_2,0.325,0.28993,0.03507,0.325,0.28814,0.03686,0.325,0.28769,0.03731,0.325,0.30962,0.01538
2,2235,48891.4,CLOSE_2,0.33,0.29514,0.03486,0.33,0.29492,0.03508,0.33,0.29289,0.03711,0.33,0.31731,0.01269
2,2236,48913.4,CLOSE_2,0.335,0.30035,0.03465,0.335,0.29322,0.04178,0.335,0.30156,0.03344,0.335,0.32115,0.01385
2,2237,48933.3,CLOSE_2,0.34,0.30382,0.03618,0.34,0.29831,0.04169,0.34,0.30329,0.03671,0.34,0.32885,0.01115
2,2238,48955.2,CLOSE_2,0.345,0.30729,0.03771,0.345,0.30339,0.04161,0.345,0.30676,0.03824,0.345,0.34231,0.00269
2,2239,48975.0,CLOSE_2,0.35,0.31076,0.03924,0.35,0.30847,0.04153,0.35,0.31023,0.03977,0.35,0.34615,0.00385
2,2240,48995.7,CLOSE_2,0.355,0.3125,0.0425,0.355,0.31356,0.04144,0.355,0.31023,0.04477,0.355,0.35,0.005
2,2241,49016.4,CLOSE_2,0.36,0.31944,0.04056,0.36,0.31695,0.04305,0.36,0.31542,0.04458,0.36,0.35769,0.00231
2,2242,49036.3,CLOSE_2,0.365,0.32986,0.03514,0.365,0.32203,0.04297,0.365,0.32409,0.04091,0.365,0.36346,0.00154
2,2243,49058.3,CLOSE_2,0.37,0.3316,0.0384,0.37,0.32542,0.04458,0.37,0.33102,0.03898,0.37,0.36923,0.00077
2,2244,49078.5,CLOSE_2,0.375,0.33854,0.03646,0.375,0.33051,0.04449,0.375,0.33449,0.04051,0.375,0.37308,0.00192
2,2245,49098.9,CLOSE_2,0.38,0.34549,0.03451,0.38,0.33559,0.04441,0.38,0.34489,0.03511,0.38,0.37885,0.00115
2,2246,49120.2,CLOSE_2,0.385,0.35764,0.02736,0.385,0.33898,0.04602,0.385,0.35009,0.03491,0.385,0.38269,0.00231
2,2247,49141.3,CLOSE_2,0.39,0.35764,0.03236,0.39,0.34407,0.04593,0.39,0.35702,0.03298,0.39,0.38654,0.00346
2,2248,49161.5,CLOSE_2,0.395,0.36285,0.03215,0.395,0.34746,0.04754,0.395,0.36222,0.03278,0.395,0.39615,-0.00115
2,2249,49182.6,CLOSE_2,0.4,0.36979,0.03021,0.4,0.35424,0.04576,0.4,0.36742,0.03258,0.4,0.39808,0.00192
2,2250,49203.4,CLOSE_2,0.405,0.375,0.03,0.405,0.36441,0.04059,0.405,0.37262,0.03238,0.405,0.40962,-0.00462
2,2251,49223.9,CLOSE_2,0.41,0.37847,0.03153,0.41,0.3678,0.0422,0.41,0.38128,0.02872,0.41,0.40577,0.00423
2,2252,49244.7,CLOSE_2,0.415,0.38542,0.02958,0.415,0.37119,0.04381,0.415,0.38302,0.03198,0.415,0.42115,-0.00615
2,2253,49265.9,CLOSE_2,0.42,0.39062,0.02938,0.42,0.37797,0.04203,0.42,0.38995,0.03005,0.42,0.425,-0.005
2,2254,49286.4,CLOSE_2,0.425,0.39583,0.02917,0.425,0.37966,0.04534,0.425,0.39341,0.03159,0.425,0.43462,-0.00962
2,2255,49308.0,CLOSE_2,0.43,0.40104,0.02896,0.43,0.38814,0.04186,0.43,0.40035,0.02965,0.43,0.42885,0.00115
2,2256,49328.7,CLOSE_2,0.435,0.40625,0.02875,0.435,0.39153,0.04347,0.435,0.40208,0.03292,0.435,0.43654,-0.00154
2,2257,49349.0,CLOSE_2,0.44,0.40972,0.03028,0.44,0.39661,0.04339,0.44,0.40555,0.03445,0.44,0.44423,-0.00423
2,2258,49370.4,CLOSE_2,0.445,0.41493,0.03007,0.445,0.40169,0.04331,0.445,0.41075,0.03425,0.445,0.44808,-0.00308
2,2259,49392.2,CLOSE_2,0.45,0.42014,0.02986,0.45,0.40847,0.04153,0.45,0.41594,0.03406,0.45,0.45385,-0.00385
2,2260,49413.2,CLOSE_2,0.455,0.42361,0.03139,0.455,0.41186,0.04314,0.455,0.42114,0.03386,0.455,0.46154,-0.00654
2,2261,49434.5,CLOSE_2,0.46,0.42882,0.03118,0.46,0.42203,0.03797,0.46,0.42634,0.03366,0.46,0.46731,-0.00731
2,2262,49454.4,CLOSE_2,0.465,0.43403,0.03097,0.465,0.42034,0.04466,0.465,0.43154,0.03346,0.465,0.47308,-0.00808
2,2263,49475.2,CLOSE_2,0.47,0.43924,0.03076,0.47,0.42542,0.04458,0.47,0.44021,0.02979,0.47,0.47885,-0.00885
2,2264,49496.3,CLOSE_2,0.475,0.44444,0.03056,0.475,0.42881,0.04619,0.475,0.44194,0.03306,0.475,0.48462,-0.00962
2,2265,49516.8,CLOSE_2,0.48,0.45139,0.02861,0.48,0.4339,0.0461,0.48,0.44541,0.03459,0.48,0.49231,-0.01231
2,2266,49537.2,CLOSE_2,0.485,0.45486,0.03014,0.485,0.44407,0.04093,0.485,0.45061,0.03439,0.485,0.50192,-0.01692
2,2267,49558.1,CLOSE_2,0.49,0.46181,0.02819,0.49,0.44915,0.04085,0.49,0.45581,0.03419,0.49,0.50385,-0.01385
2,2268,49578.7,CLOSE_2,0.495,0.46528,0.02972,0.495,0.45085,0.04415,0.495,0.46101,0.03399,0.495,0.50962,-0.01462
2,2269,49599.4,CLOSE_2,0.5,0.46875,0.03125,0.5,0.45424,0.04576,0.5,0.4662,0.0338,0.5,0.51538,-0.01538
2,2270,49620.5,CLOSE_2,0.505,0.4809,0.0241,0.5,0.46441,0.03559,0.505,0.4766,0.0284,0.5,0.52115,-0.02115
2,2271,49640.8,CLOSE_2,0.51,0.48438,0.02563,0.5,0.4678,0.0322,0.51,0.4714,0.0386,0.5,0.525,-0.025
2,2272,49661.4,CLOSE_2,0.515,0.48264,0.03236,0.5,0.47119,0.02881,0.515,0.4766,0.0384,0.5,0.53077,-0.03077
2,2273,49682.6,CLOSE_2,0.52,0.48611,0.03389,0.5,0.47797,0.02203,0.52,0.48527,0.03473,0.5,0.53654,-0.03654
2,2274,49703.2,CLOSE_2,0.525,0.48958,0.03542,0.5,0.48305,0.01695,0.525,0.49047,0.03453,0.5,0.54038,-0.04038
2,2275,49723.4,CLOSE_2,0.53,0.50347,0.02653,0.5,0.49153,0.00847,0.53,0.5026,0.0274,0.5,0.54423,-0.04423
2,2276,49745.2,CLOSE_2,0.535,0.51215,0.02285,0.5,0.49322,0.00678,0.535,0.51127,0.02373,0.5,0.54808,-0.04808
2,2277,49766.5,CLOSE_2,0.54,0.51215,0.02785,0.5,0.5,0.0,0.54,0.51646,0.02354,0.5,0.55,-0.05
2,2278,49786.3,CLOSE_2,0.545,0.52604,0.01896,0.5,0.50508,-0.00508,0.545,0.5234,0.0216,0.5,0.55192,-0.05192
2,2279,49807.8,CLOSE_2,0.55,0.53125,0.01875,0.5,0.50847,-0.00847,0.55,0.52513,0.02487,0.5,0.55385,-0.05385
2,2280,49829.2,CLOSE_2,0.555,0.53472,0.02028,0.5,0.50847,-0.00847,0.555,0.5286,0.0264,0.5,0.55769,-0.05769
2,2281,49848.6,CLOSE_2,0.56,0.53993,0.02007,0.5,0.51017,-0.01017,0.56,0.53033,0.02967,0.5,0.55769,-0.05769
2,2282,49869.2,CLOSE_2,0.565,0.53993,0.02507,0.5,0.51017,-0.01017,0.565,0.53553,0.02947,0.5,0.55769,-0.05769
2,2283,49889.1,CLOSE_2,0.57,0.54167,0.02833,0.5,0.51017,-0.01017,0.57,0.53726,0.03274,0.5,0.55577,-0.05577
2,2284,49912.1,CLOSE_2,0.575,0.55382,0.02118,0.5,0.50847,-0.00847,0.575,0.54766,0.02734,0.5,0.55769,-0.05769
2,2285,49932.5,CLOSE_2,0.58,0.54861,0.03139,0.5,0.50847,-0.00847,0.58,0.54419,0.03581,0.5,0.55769,-0.05769
2,2286,49954.4,CLOSE_2,0.585,0.55208,0.03292,0.5,0.50847,-0.00847,0.585,0.54939,0.03561,0.5,0.55769,-0.05769
2,2287,49975.0,CLOSE_2,0.59,0.55729,0.03271,0.5,0.51017,-0.01017,0.59,0.55633,0.03367,0.5,0.55769,-0.05769
2,2288,49995.4,CLOSE_2,0.595,0.56597,0.02903,0.5,0.51017,-0.01017,0.595,0.56499,0.03001,0.5,0.55769,-0.05769
2,2289,50015.6,CLOSE_2,0.6,0.56597,0.03403,0.5,0.50847,-0.00847,0.6,0.56499,0.03501,0.5,0.55769,-0.05769
2,2290,50035.8,CLOSE_2,0.605,0.57118,0.03382,0.5,0.50847,-0.00847,0.605,0.56846,0.03654,0.5,0.55769,-0.05769
2,2291,50056.4,CLOSE_2,0.61,0.57465,0.03535,0.5,0.50847,-0.00847,0.61,0.57539,0.03461,0.5,0.55769,-0.05769
2,2292,50077.8,CLOSE_2,0.615,0.5816,0.0334,0.5,0.50847,-0.00847,0.615,0.58059,0.03441,0.5,0.55577,-0.05577
2,2293,50098.3,CLOSE_2,0.62,0.59201,0.02799,0.5,0.51017,-0.01017,0.62,0.58752,0.03248,0.5,0.55769,-0.05769
2,2294,50119.5,CLOSE_2,0.625,0.59722,0.02778,0.5,0.51186,-0.01186,0.625,0.59272,0.03228,0.5,0.56154,-0.06154
2,2295,50140.0,CLOSE_2,0.63,0.60069,0.02931,0.5,0.51695,-0.01695,0.63,0.59272,0.03728,0.5,0.55577,-0.05577
2,2296,50160.4,CLOSE_2,0.635,0.60764,0.02736,0.5,0.51695,-0.01695,0.635,0.61179,0.02321,0.5,0.55962,-0.05962
2,2297,50181.7,CLOSE_2,0.64,0.60938,0.03063,0.5,0.51017,-0.01017,0.64,0.60659,0.03341,0.5,0.55769,-0.05769
2,2298,50203.1,CLOSE_2,0.645,0.60938,0.03563,0.5,0.50847,-0.00847,0.645,0.61698,0.02802,0.5,0.55769,-0.05769
2,2299,50224.4,CLOSE_2,0.65,0.61632,0.03368,0.5,0.51525,-0.01525,0.65,0.61698,0.03302,0.5,0.55769,-0.05769
2,2300,50245.1,CLOSE_2,0.655,0.62153,0.03347,0.5,0.50847,-0.00847,0.655,0.62045,0.03455,0.5,0.55769,-0.05769
2,2301,50265.9,CLOSE_2,0.66,0.625,0.035,0.5,0.51017,-0.01017,0.66,0.62392,0.03608,0.5,0.55769,-0.05769
2,2302,50287.4,CLOSE_2,0.665,0.63715,0.02785,0.5,0.51017,-0.01017,0.665,0.63605,0.02895,0.5,0.55769,-0.05769
2,2303,50307.5,CLOSE_2,0.67,0.63889,0.03111,0.5,0.50847,-0.00847,0.67,0.63951,0.03049,0.5,0.55769,-0.05769
2,2304,50328.2,CLOSE_2,0.675,0.64583,0.02917,0.5,0.50847,-0.00847,0.675,0.64471,0.03029,0.5,0.55769,-0.05769
2,2305,50349.8,CLOSE_2,0.68,0.65104,0.02896,0.5,0.50678,-0.00678,0.68,0.64645,0.03355,0.5,0.55577,-0.05577
2,2306,50370.5,CLOSE_2,0.685,0.65451,0.03049,0.5,0.49492,0.00508,0.685,0.65165,0.03335,0.5,0.55769,-0.05769
2,2307,50391.1,CLOSE_2,0.69,0.66146,0.02854,0.5,0.49153,0.00847,0.69,0.65685,0.03315,0.5,0.55769,-0.05769
2,2308,50411.6,CLOSE_2,0.695,0.66667,0.02833,0.5,0.48983,0.01017,0.695,0.65858,0.03642,0.5,0.55769,-0.05769
2,2309,50434.1,CLOSE_2,0.7,0.67361,0.02639,0.5,0.48475,0.01525,0.7,0.66724,0.03276,0.5,0.55769,-0.05769
2,2310,50453.5,CLOSE_2,0.705,0.67708,0.02792,0.5,0.48644,0.01356,0.705,0.67071,0.03429,0.5,0.55769,-0.05769
2,2311,50475.3,CLOSE_2,0.71,0.68229,0.02771,0.5,0.49322,0.00678,0.71,0.67591,0.03409,0.5,0.55577,-0.05577
2,2312,50494.9,CLOSE_2,0.715,0.6875,0.0275,0.5,0.48644,0.01356,0.715,0.67764,0.03736,0.5,0.55769,-0.05769
2,2313,50516.1,CLOSE_2,0.72,0.69965,0.02035,0.5,0.48644,0.01356,0.72,0.68284,0.03716,0.5,0.55769,-0.05769
2,2314,50536.4,CLOSE_2,0.725,0.70312,0.02188,0.5,0.48644,0.01356,0.725,0.68977,0.03523,0.5,0.55769,-0.05769
2,2315,50557.1,CLOSE_2,0.73,0.71007,0.01993,0.5,0.48814,0.01186,0.73,0.69324,0.03676,0.5,0.55769,-0.05769
2,2316,50578.1,CLOSE_2,0.735,0.70312,0.03188,0.5,0.48136,0.01864,0.735,0.70191,0.03309,0.5,0.55769,-0.05769
2,2317,50599.5,CLOSE_2,0.74,0.71007,0.02993,0.5,0.48644,0.01356,0.74,0.70364,0.03636,0.5,0.55769,-0.05769
2,2318,50619.8,CLOSE_2,0.745,0.71354,0.03146,0.5,0.48644,0.01356,0.745,0.70537,0.03963,0.5,0.55769,-0.05769
2,2319,50640.7,CLOSE_2,0.75,0.71701,0.03299,0.5,0.48644,0.01356,0.75,0.71404,0.03596,0.5,0.55769,-0.05769
2,2320,50660.9,CLOSE_2,0.755,0.71875,0.03625,0.5,0.48644,0.01356,0.755,0.71577,0.03923,0.5,0.55962,-0.05962
2,2321,50682.0,CLOSE_2,0.76,0.72569,0.03431,0.5,0.48644,0.01356,0.76,0.7227,0.0373,0.5,0.55769,-0.05769
2,2322,50703.6,CLOSE_2,0.765,0.73785,0.02715,0.5,0.48644,0.01356,0.765,0.72617,0.03883,0.5,0.55769,-0.05769
2,2323,50724.3,CLOSE_2,0.77,0.73785,0.03215,0.5,0.48814,0.01186,0.77,0.73137,0.03863,0.5,0.55769,-0.05769
2,2324,50745.3,CLOSE_2,0.775,0.74132,0.03368,0.5,0.48305,0.01695,0.775,0.7383,0.0367,0.5,0.55769,-0.05769
2,2325,50766.5,CLOSE_2,0.78,0.74653,0.03347,0.5,0.48644,0.01356,0.78,0.7435,0.0365,0.5,0.55769,-0.05769
2,2326,50786.4,CLOSE_2,0.785,0.75521,0.02979,0.5,0.48644,0.01356,0.785,0.7487,0.0363,0.5,0.55577,-0.05577
2,2327,50808.3,CLOSE_2,0.79,0.76215,0.02785,0.5,0.49153,0.00847,0.79,0.75563,0.03437,0.5,0.56346,-0.06346
2,2328,50829.8,CLOSE_2,0.795,0.76736,0.02764,0.5,0.49831,0.00169,0.795,0.7591,0.0359,0.5,0.55769,-0.05769
2,2329,50851.1,CLOSE_2,0.8,0.77257,0.02743,0.5,0.50678,-0.00678,0.8,0.76603,0.03397,0.5,0.55769,-0.05769
2,2330,50870.5,CLOSE_2,0.805,0.77257,0.03243,0.5,0.51017,-0.01017,0.805,0.7695,0.0355,0.5,0.55962,-0.05962
2,2331,50891.1,CLOSE_2,0.81,0.77951,0.03049,0.5,0.51186,-0.01186,0.81,0.77643,0.03357,0.5,0.55577,-0.05577
2,2332,50912.2,CLOSE_2,0.815,0.78299,0.03201,0.5,0.51525,-0.01525,0.815,0.78163,0.03337,0.5,0.55769,-0.05769
2,2333,50933.2,CLOSE_2,0.82,0.79167,0.02833,0.5,0.51186,-0.01186,0.82,0.79029,0.02971,0.5,0.55769,-0.05769
2,2334,50954.5,CLOSE_2,0.825,0.79861,0.02639,0.5,0.51186,-0.01186,0.825,0.79723,0.02777,0.5,0.55962,-0.05962
2,2335,50974.4,CLOSE_2,0.83,0.80035,0.02965,0.5,0.51356,-0.01356,0.83,0.79896,0.03104,0.5,0.55769,-0.05769
2,2336,50994.9,CLOSE_2,0.835,0.80382,0.03118,0.5,0.51356,-0.01356,0.835,0.80243,0.03257,0.5,0.55577,-0.05577
2,2337,51015.7,CLOSE_2,0.84,0.8125,0.0275,0.5,0.52034,-0.02034,0.84,0.80763,0.03237,0.5,0.56154,-0.06154
2,2338,51036.9,CLOSE_2,0.845,0.81597,0.02903,0.5,0.51525,-0.01525,0.845,0.81109,0.03391,0.5,0.55769,-0.05769
2,2339,51057.8,CLOSE_2,0.85,0.82292,0.02708,0.5,0.51186,-0.01186,0.85,0.81976,0.03024,0.5,0.55769,-0.05769
2,2340,51078.2,CLOSE_2,0.855,0.82465,0.03035,0.5,0.51186,-0.01186,0.855,0.82149,0.03351,0.5,0.56346,-0.06346
2,2341,51099.1,CLOSE_2,0.86,0.82812,0.03188,0.5,0.51186,-0.01186,0.86,0.82669,0.03331,0.5,0.55769,-0.05769
2,2342,51121.0,CLOSE_2,0.865,0.83333,0.03167,0.5,0.51017,-0.01017,0.865,0.83189,0.03311,0.5,0.55769,-0.05769
2,2343,51140.4,CLOSE_2,0.87,0.83681,0.03319,0.5,0.51017,-0.01017,0.87,0.84402,0.02598,0.5,0.55769,-0.05769
2,2344,51162.1,CLOSE_2,0.875,0.84201,0.03299,0.5,0.51864,-0.01864,0.875,0.84055,0.03445,0.5,0.55769,-0.05769
2,2345,51181.9,CLOSE_2,0.88,0.84722,0.03278,0.5,0.52034,-0.02034,0.88,0.84922,0.03078,0.5,0.55769,-0.05769
2,2346,51203.1,CLOSE_2,0.885,0.85417,0.03083,0.5,0.51525,-0.01525,0.885,0.85442,0.03058,0.5,0.55769,-0.05769
2,2347,51224.3,CLOSE_2,0.89,0.86632,0.02368,0.5,0.51356,-0.01356,0.89,0.86308,0.02692,0.5,0.55769,-0.05769
2,2348,51245.9,CLOSE_2,0.895,0.86285,0.03215,0.5,0.51356,-0.01356,0.895,0.86828,0.02672,0.5,0.55769,-0.05769
2,2349,51266.0,CLOSE_2,0.9,0.86632,0.03368,0.5,0.50339,-0.00339,0.9,0.87348,0.02652,0.5,0.55962,-0.05962
2,2350,51287.0,CLOSE_2,0.905,0.87326,0.03174,0.5,0.49831,0.00169,0.905,0.87522,0.02978,0.5,0.55769,-0.05769
2,2351,51307.7,CLOSE_2,0.91,0.875,0.035,0.5,0.49492,0.00508,0.91,0.88562,0.02438,0.5,0.55769,-0.05769
2,2352,51329.5,CLOSE_2,0.915,0.88194,0.03306,0.5,0.49322,0.00678,0.915,0.88908,0.02592,0.5,0.55577,-0.05577
2,2353,51350.5,CLOSE_2,0.92,0.88715,0.03285,0.5,0.49322,0.00678,0.92,0.89255,0.02745,0.5,0.55962,-0.05962
2,2354,51370.6,CLOSE_2,0.925,0.89236,0.03264,0.5,0.49492,0.00508,0.925,0.89775,0.02725,0.5,0.55769,-0.05769
2,2355,51391.2,CLOSE_2,0.93,0.89757,0.03243,0.5,0.49322,0.00678,0.93,0.90121,0.02879,0.5,0.55962,-0.05962
2,2356,51412.7,CLOSE_2,0.935,0.89931,0.03569,0.5,0.49322,0.00678,0.935,0.90988,0.02512,0.5,0.55769,-0.05769
2,2357,51433.5,CLOSE_2,0.94,0.90625,0.03375,0.5,0.49322,0.00678,0.94,0.91334,0.02666,0.5,0.55769,-0.05769
2,2358,51453.5,CLOSE_2,0.945,0.9184,0.0266,0.5,0.49153,0.00847,0.945,0.91681,0.02819,0.5,0.55769,-0.05769
2,2359,51474.5,CLOSE_2,0.95,0.92014,0.02986,0.5,0.49322,0.00678,0.95,0.92374,0.02626,0.5,0.55769,-0.05769
2,2360,51494.9,CLOSE_2,0.955,0.92535,0.02965,0.5,0.49661,0.00339,0.955,0.92894,0.02606,0.5,0.55769,-0.05769
2,2361,51515.5,CLOSE_2,0.96,0.92708,0.03292,0.5,0.49322,0.00678,0.96,0.93414,0.02586,0.5,0.55962,-0.05962
2,2362,51536.8,CLOSE_2,0.965,0.93056,0.03444,0.5,0.49322,0.00678,0.965,0.94454,0.02046,0.5,0.55769,-0.05769
2,2363,51557.4,CLOSE_2,0.97,0.93403,0.03597,0.5,0.49322,0.00678,0.97,0.94974,0.02026,0.5,0.55962,-0.05962
2,2364,51578.2,CLOSE_2,0.975,0.93924,0.03576,0.5,0.49322,0.00678,0.975,0.94974,0.02526,0.5,0.55962,-0.05962
2,2365,51599.2,CLOSE_2,0.98,0.94271,0.03729,0.5,0.49322,0.00678,0.98,0.95494,0.02506,0.5,0.56154,-0.06154
2,2366,51620.0,CLOSE_2,0.985,0.94792,0.03708,0.5,0.49322,0.00678,0.985,0.96187,0.02313,0.5,0.55962,-0.05962
2,2367,51640.5,CLOSE_2,0.99,0.95312,0.03688,0.5,0.49322,0.00678,0.99,0.9688,0.0212,0.5,0.55769,-0.05769
2,2368,51661.8,CLOSE_2,0.995,0.95486,0.04014,0.5,0.49322,0.00678,0.995,0.97054,0.02446,0.5,0.55769,-0.05769
2,2369,51683.4,CLOSE_2,1.0,0.96007,0.03993,0.5,0.49322,0.00678,1.0,0.97054,0.02946,0.5,0.56346,-0.06346
2,2370,51691.6,HOLD_2,1.0,0.96181,0.03819,0.5,0.5,0.0,1.0,0.97054,0.02946,0.5,0.55962,-0.05962
2,2371,51712.1,HOLD_2,1.0,0.96701,0.03299,0.5,0.49322,0.00678,1.0,0.974,0.026,0.5,0.55769,-0.05769
2,2372,51732.9,HOLD_2,1.0,0.97049,0.02951,0.5,0.49322,0.00678,1.0,0.98614,0.01386,0.5,0.55769,-0.05769
2,2373,51754.0,HOLD_2,1.0,0.97222,0.02778,0.5,0.49322,0.00678,1.0,0.98094,0.01906,0.5,0.55769,-0.05769
2,2374,51774.2,HOLD_2,1.0,0.97396,0.02604,0.5,0.49322,0.00678,1.0,0.98267,0.01733,0.5,0.55769,-0.05769
2,2375,51795.2,HOLD_2,1.0,0.97917,0.02083,0.5,0.49322,0.00678,1.0,0.98094,0.01906,0.5,0.55769,-0.05769
2,2376,51816.3,HOLD_2,1.0,0.97396,0.02604,0.5,0.49661,0.00339,1.0,0.98267,0.01733,0.5,0.55769,-0.05769
2,2377,51837.2,HOLD_2,1.0,0.97569,0.02431,0.5,0.50508,-0.00508,1.0,0.98267,0.01733,0.5,0.55962,-0.05962
2,2378,51858.5,HOLD_2,1.0,0.97743,0.02257,0.5,0.50847,-0.00847,1.0,0.98267,0.01733,0.5,0.55769,-0.05769
2,2379,51878.6,HOLD_2,1.0,0.97743,0.02257,0.5,0.51186,-0.01186,1.0,0.98267,0.01733,0.5,0.55769,-0.05769
2,2380,51899.7,HOLD_2,1.0,0.9809,0.0191,0.5,0.50678,-0.00678,1.0,0.99133,0.00867,0.5,0.55962,-0.05962
2,2381,51920.6,HOLD_2,1.0,0.97569,0.02431,0.5,0.51186,-0.01186,1.0,0.98267,0.01733,0.5,0.55769,-0.05769
2,2382,51945.4,HOLD_2,1.0,0.97396,0.02604,0.5,0.51186,-0.01186,1.0,0.98094,0.01906,0.5,0.55962,-0.05962
2,2383,51961.8,HOLD_2,1.0,0.97396,0.02604,0.5,0.51186,-0.01186,1.0,0.98614,0.01386,0.5,0.55769,-0.05769
2,2384,51983.5,HOLD_2,1.0,0.98611,0.01389,0.5,0.51186,-0.01186,1.0,0.98094,0.01906,0.5,0.55769,-0.05769
2,2385,52004.2,HOLD_2,1.0,0.97396,0.02604,0.5,0.51186,-0.01186,1.0,0.98267,0.01733,0.5,0.55769,-0.05769
2,2386,52024.4,HOLD_2,1.0,0.97743,0.02257,0.5,0.51356,-0.01356,1.0,0.98614,0.01386,0.5,0.55962,-0.05962
2,2387,52046.2,HOLD_2,1.0,0.97396,0.02604,0.5,0.51186,-0.01186,1.0,0.98267,0.01733,0.5,0.55962,-0.05962
2,2388,52066.9,HOLD_2,1.0,0.97917,0.02083,0.5,0.50678,-0.00678,1.0,0.98094,0.01906,0.5,0.55769,-0.05769
2,2389,52088.2,HOLD_2,1.0,0.97569,0.02431,0.5,0.51186,-0.01186,1.0,0.98267,0.01733,0.5,0.55962,-0.05962
2,2390,52108.8,HOLD_2,1.0,0.97569,0.02431,0.5,0.51017,-0.01017,1.0,0.97574,0.02426,0.5,0.55769,-0.05769
2,2391,52128.7,HOLD_2,1.0,0.98264,0.01736,0.5,0.51186,-0.01186,1.0,0.98787,0.01213,0.5,0.55769,-0.05769
2,2392,52150.1,HOLD_2,1.0,0.97917,0.02083,0.5,0.52542,-0.02542,1.0,0.9792,0.0208,0.5,0.55769,-0.05769
2,2393,52170.6,HOLD_2,1.0,0.97743,0.02257,0.5,0.51186,-0.01186,1.0,0.99133,0.00867,0.5,0.55769,-0.05769
2,2394,52191.3,HOLD_2,1.0,0.98264,0.01736,0.5,0.51017,-0.01017,1.0,0.9844,0.0156,0.5,0.55769,-0.05769
2,2395,52211.5,HOLD_2,1.0,0.97917,0.02083,0.5,0.52034,-0.02034,1.0,0.98614,0.01386,0.5,0.55769,-0.05769
2,2396,52233.2,HOLD_2,1.0,0.99132,0.00868,0.5,0.50847,-0.00847,1.0,0.98614,0.01386,0.5,0.55577,-0.05577
2,2397,52253.8,HOLD_2,1.0,0.98611,0.01389,0.5,0.50847,-0.00847,1.0,0.98787,0.01213,0.5,0.55769,-0.05769
2,2398,52274.7,HOLD_2,1.0,0.99306,0.00694,0.5,0.50847,-0.00847,1.0,1.0,0.0,0.5,0.55769,-0.05769
2,2399,52295.5,HOLD_2,1.0,0.98785,0.01215,0.5,0.52034,-0.02034,1.0,0.99307,0.00693,0.5,0.55962,-0.05962
2,2400,52316.8,HOLD_2,1.0,0.98958,0.01042,0.5,0.50847,-0.00847,1.0,0.99307,0.00693,0.5,0.55769,-0.05769
2,2401,52337.4,HOLD_2,1.0,0.99132,0.00868,0.5,0.50339,-0.00339,1.0,0.9948,0.0052,0.5,0.55769,-0.05769
2,2402,52357.4,HOLD_2,1.0,0.99479,0.00521,0.5,0.49153,0.00847,1.0,0.9948,0.0052,0.5,0.55769,-0.05769
2,2403,52379.5,HOLD_2,1.0,0.99479,0.00521,0.5,0.48983,0.01017,1.0,0.9948,0.0052,0.5,0.55769,-0.05769
2,2404,52399.8,HOLD_2,1.0,0.99306,0.00694,0.5,0.48983,0.01017,1.0,0.9948,0.0052,0.5,0.55769,-0.05769
2,2405,52420.3,HOLD_2,1.0,0.99306,0.00694,0.5,0.48814,0.01186,1.0,0.9948,0.0052,0.5,0.55962,-0.05962
2,2406,52441.8,HOLD_2,1.0,0.99479,0.00521,0.5,0.48814,0.01186,1.0,0.99307,0.00693,0.5,0.55769,-0.05769
2,2407,52462.4,HOLD_2,1.0,0.99306,0.00694,0.5,0.49153,0.00847,1.0,0.99307,0.00693,0.5,0.55769,-0.05769
2,2408,52483.1,HOLD_2,1.0,0.99479,0.00521,0.5,0.48983,0.01017,1.0,0.99133,0.00867,0.5,0.55769,-0.05769
2,2409,52504.2,HOLD_2,1.0,0.99132,0.00868,0.5,0.48983,0.01017,1.0,0.99307,0.00693,0.5,0.55769,-0.05769
2,2410,52525.7,HOLD_2,1.0,0.99479,0.00521,0.5,0.48814,0.01186,1.0,0.9948,0.0052,0.5,0.55962,-0.05962
2,2411,52545.9,HOLD_2,1.0,0.99653,0.00347,0.5,0.48814,0.01186,1.0,0.9948,0.0052,0.5,0.55962,-0.05962
2,2412,52566.5,HOLD_2,1.0,0.99479,0.00521,0.5,0.48814,0.01186,1.0,0.99307,0.00693,0.5,0.55769,-0.05769
2,2413,52587.0,HOLD_2,1.0,0.99479,0.00521,0.5,0.48814,0.01186,1.0,0.9948,0.0052,0.5,0.55769,-0.05769
2,2414,52608.2,HOLD_2,1.0,0.99479,0.00521,0.5,0.48983,0.01017,1.0,0.99133,0.00867,0.5,0.55962,-0.05962
2,2415,52629.4,HOLD_2,1.0,0.99479,0.00521,0.5,0.48814,0.01186,1.0,0.99307,0.00693,0.5,0.55769,-0.05769
2,2416,52650.0,HOLD_2,1.0,0.99479,0.00521,0.5,0.48814,0.01186,1.0,0.99307,0.00693,0.5,0.55962,-0.05962
2,2417,52670.5,HOLD_2,1.0,0.99653,0.00347,0.5,0.48814,0.01186,1.0,0.9948,0.0052,0.5,0.55769,-0.05769
2,2418,52691.5,HOLD_2,1.0,0.99479,0.00521,0.5,0.48814,0.01186,1.0,0.99307,0.00693,0.5,0.55577,-0.05577
2,2419,52712.0,HOLD_2,1.0,0.99479,0.00521,0.5,0.48983,0.01017,1.0,0.9948,0.0052,0.5,0.55962,-0.05962
2,2420,52733.4,HOLD_2,1.0,0.99479,0.00521,0.5,0.49153,0.00847,1.0,0.99307,0.00693,0.5,0.55769,-0.05769
2,2421,52753.9,HOLD_2,1.0,0.99306,0.00694,0.5,0.48814,0.01186,1.0,0.9948,0.0052,0.5,0.55769,-0.05769
2,2422,52774.5,HOLD_2,1.0,0.99306,0.00694,0.5,0.49661,0.00339,1.0,0.99307,0.00693,0.5,0.55769,-0.05769
2,2423,52795.3,HOLD_2,1.0,0.99306,0.00694,0.5,0.48814,0.01186,1.0,0.9948,0.0052,0.5,0.55577,-0.05577
2,2424,52816.2,HOLD_2,1.0,0.99306,0.00694,0.5,0.5,0.0,1.0,0.9948,0.0052,0.5,0.55769,-0.05769
2,2425,52837.1,HOLD_2,1.0,0.99479,0.00521,0.5,0.49153,0.00847,1.0,0.99307,0.00693,0.5,0.55769,-0.05769
2,2426,52857.8,HOLD_2,1.0,0.99306,0.00694,0.5,0.48814,0.01186,1.0,0.99307,0.00693,0.5,0.55769,-0.05769
2,2427,52879.1,HOLD_2,1.0,0.99306,0.00694,0.5,0.49153,0.00847,1.0,0.99307,0.00693,0.5,0.55962,-0.05962
2,2428,52899.7,HOLD_2,1.0,0.99479,0.00521,0.5,0.48983,0.01017,1.0,0.9948,0.0052,0.5,0.55769,-0.05769
2,2429,52920.8,HOLD_2,1.0,0.99306,0.00694,0.5,0.49492,0.00508,1.0,0.99133,0.00867,0.5,0.55769,-0.05769
3,2430,53746.1,SETTLE,0.0,0.59201,-0.59201,0.0,0.13051,-0.13051,0.0,0.58059,-0.58059,0.0,0.14038,-0.14038
3,2431,53766.8,SETTLE,0.0,0.5816,-0.5816,0.0,0.12034,-0.12034,0.0,0.56672,-0.56672,0.0,0.13077,-0.13077
3,2432,53787.4,SETTLE,0.0,0.56944,-0.56944,0.0,0.10847,-0.10847,0.0,0.55286,-0.55286,0.0,0.11731,-0.11731
3,2433,53808.2,SETTLE,0.0,0.55729,-0.55729,0.0,0.09831,-0.09831,0.0,0.54246,-0.54246,0.0,0.10385,-0.10385
3,2434,53828.9,SETTLE,0.0,0.54514,-0.54514,0.0,0.08644,-0.08644,0.0,0.53033,-0.53033,0.0,0.08846,-0.08846
3,2435,53850.1,SETTLE,0.0,0.53299,-0.53299,0.0,0.07797,-0.07797,0.0,0.51473,-0.51473,0.0,0.075,-0.075
3,2436,53871.3,SETTLE,0.0,0.51215,-0.51215,0.0,0.0678,-0.0678,0.0,0.49393,-0.49393,0.0,0.06154,-0.06154
3,2437,53891.1,SETTLE,0.0,0.49306,-0.49306,0.0,0.05763,-0.05763,0.0,0.48007,-0.48007,0.0,0.05385,-0.05385
3,2438,53912.0,SETTLE,0.0,0.48264,-0.48264,0.0,0.04746,-0.04746,0.0,0.46967,-0.46967,0.0,0.03846,-0.03846
3,2439,53933.8,SETTLE,0.0,0.46875,-0.46875,0.0,0.03898,-0.03898,0.0,0.45581,-0.45581,0.0,0.03077,-0.03077
3,2440,53954.6,SETTLE,0.0,0.4566,-0.4566,0.0,0.02881,-0.02881,0.0,0.44194,-0.44194,0.0,0.01731,-0.01731
3,2441,53974.9,SETTLE,0.0,0.44444,-0.44444,0.0,0.01864,-0.01864,0.0,0.43154,-0.43154,0.0,0.00769,-0.00769
3,2442,53995.4,SETTLE,0.0,0.43229,-0.43229,0.0,0.01186,-0.01186,0.0,0.41768,-0.41768,0.0,0.0,0.0
3,2443,54016.7,SETTLE,0.0,0.42014,-0.42014,0.0,0.00678,-0.00678,0.0,0.40381,-0.40381,0.0,0.0,0.0
3,2444,54037.5,SETTLE,0.0,0.40799,-0.40799,0.0,0.0,0.0,0.0,0.39341,-0.39341,0.0,0.0,0.0
3,2445,54058.1,SETTLE,0.0,0.39757,-0.39757,0.0,0.0,0.0,0.0,0.37955,-0.37955,0.0,0.0,0.0
3,2446,54078.8,SETTLE,0.0,0.38368,-0.38368,0.0,0.0,0.0,0.0,0.36742,-0.36742,0.0,0.0,0.0
3,2447,54100.3,SETTLE,0.0,0.36979,-0.36979,0.0,0.0,0.0,0.0,0.35355,-0.35355,0.0,0.0,0.0
3,2448,54121.6,SETTLE,0.0,0.35764,-0.35764,0.0,0.0,0.0,0.0,0.33969,-0.33969,0.0,0.0,0.0
3,2449,54142.6,SETTLE,0.0,0.34896,-0.34896,0.0,0.0,0.0,0.0,0.32756,-0.32756,0.0,0.0,0.0
3,2450,54162.8,SETTLE,0.0,0.3316,-0.3316,0.0,0.0,0.0,0.0,0.31716,-0.31716,0.0,0.0,0.0
3,2451,54182.6,SETTLE,0.0,0.32118,-0.32118,0.0,0.0,0.0,0.0,0.30503,-0.30503,0.0,0.0,0.0
3,2452,54204.7,SETTLE,0.0,0.30729,-0.30729,0.0,0.0,0.0,0.0,0.29289,-0.29289,0.0,0.0,0.0
3,2453,54225.7,SETTLE,0.0,0.29514,-0.29514,0.0,0.0,0.0,0.0,0.28076,-0.28076,0.0,0.0,0.0
3,2454,54246.1,SETTLE,0.0,0.28125,-0.28125,0.0,0.0,0.0,0.0,0.26863,-0.26863,0.0,0.0,0.0
3,2455,54266.3,SETTLE,0.0,0.2691,-0.2691,0.0,0.0,0.0,0.0,0.25997,-0.25997,0.0,0.0,0.0
3,2456,54285.1,SETTLE,0.0,0.25694,-0.25694,0.0,0.0,0.0,0.0,0.24783,-0.24783,0.0,0.0,0.0
3,2457,54305.1,SETTLE,0.0,0.24479,-0.24479,0.0,0.0,0.0,0.0,0.2357,-0.2357,0.0,0.0,0.0
3,2458,54326.2,SETTLE,0.0,0.23264,-0.23264,0.0,0.0,0.0,0.0,0.22357,-0.22357,0.0,0.0,0.0
3,2459,54347.1,SETTLE,0.0,0.21701,-0.21701,0.0,0.0,0.0,0.0,0.21144,-0.21144,0.0,0.0,0.0
3,2460,54369.5,CLOSE,0.005,0.20486,-0.19986,0.005,0.0,0.005,0.005,0.19931,-0.19431,0.005,0.0,0.005
3,2461,54391.6,CLOSE,0.01,0.19444,-0.18444,0.01,0.0,0.01,0.01,0.18544,-0.17544,0.01,0.0,0.01
3,2462,54413.5,CLOSE,0.015,0.17882,-0.16382,0.015,0.0,0.015,0.015,0.17158,-0.15658,0.015,0.0,0.015
3,2463,54434.9,CLOSE,0.02,0.16319,-0.14319,0.02,0.0,0.02,0.02,0.15771,-0.13771,0.02,0.0,0.02
3,2464,54456.0,CLOSE,0.025,0.15104,-0.12604,0.025,0.0,0.025,0.025,0.14731,-0.12231,0.025,0.00192,0.02308
3,2465,54475.2,CLOSE,0.03,0.14236,-0.11236,0.03,0.0,0.03,0.03,0.13518,-0.10518,0.03,0.00192,0.02808
3,2466,54494.1,CLOSE,0.035,0.12847,-0.09347,0.035,0.0,0.035,0.035,0.12652,-0.09152,0.035,0.00192,0.03308
3,2467,54514.4,CLOSE,0.04,0.11632,-0.07632,0.04,0.0,0.04,0.04,0.11785,-0.07785,0.04,0.01346,0.02654
3,2468,54535.8,CLOSE,0.045,0.1059,-0.0609,0.045,0.0,0.045,0.045,0.09879,-0.05379,0.045,0.00385,0.04115
3,2469,54556.2,CLOSE,0.05,0.09201,-0.04201,0.05,0.0,0.05,0.05,0.08666,-0.03666,0.05,0.00385,0.04615
3,2470,54577.3,CLOSE,0.055,0.0816,-0.0266,0.055,0.0,0.055,0.055,0.07626,-0.02126,0.055,0.00577,0.04923
3,2471,54597.7,CLOSE,0.06,0.07118,-0.01118,0.06,0.00339,0.05661,0.06,0.06759,-0.00759,0.06,0.00962,0.05038
3,2472,54619.1,CLOSE,0.065,0.06424,0.00076,0.065,0.01356,0.05144,0.065,0.05719,0.00781,0.065,0.01346,0.05154
3,2473,54640.2,CLOSE,0.07,0.05035,0.01965,0.07,0.02203,0.04797,0.07,0.04853,0.02147,0.07,0.01538,0.05462
3,2474,54661.1,CLOSE,0.075,0.04167,0.03333,0.075,0.02542,0.04958,0.075,0.04159,0.03341,0.075,0.02115,0.05385
3,2475,54681.9,CLOSE,0.08,0.03819,0.04181,0.08,0.03559,0.04441,0.08,0.03466,0.04534,0.08,0.02692,0.05308
3,2476,54702.3,CLOSE,0.085,0.03472,0.05028,0.085,0.04407,0.04093,0.085,0.02946,0.05554,0.085,0.03269,0.05231
3,2477,54723.3,CLOSE,0.09,0.03472,0.05528,0.09,0.05085,0.03915,0.09,0.0312,0.0588,0.09,0.03654,0.05346
3,2478,54743.7,CLOSE,0.095,0.03472,0.06028,0.095,0.05932,0.03568,0.095,0.0312,0.0638,0.095,0.04423,0.05077
3,2479,54764.1,CLOSE,0.1,0.03819,0.06181,0.1,0.0678,0.0322,0.1,0.0312,0.0688,0.1,0.05,0.05
3,2480,54785.4,CLOSE,0.105,0.04861,0.05639,0.105,0.07797,0.02703,0.105,0.03293,0.07207,0.105,0.05769,0.04731
3,2481,54806.1,CLOSE,0.11,0.05208,0.05792,0.11,0.08305,0.02695,0.11,0.03813,0.07187,0.11,0.06346,0.04654
3,2482,54827.5,CLOSE,0.115,0.05903,0.05597,0.115,0.08814,0.02686,0.115,0.04506,0.06994,0.115,0.06923,0.04577
3,2483,54848.5,CLOSE,0.12,0.06771,0.05229,0.12,0.09661,0.02339,0.12,0.05199,0.06801,0.12,0.07692,0.04308
3,2484,54869.5,CLOSE,0.125,0.07465,0.05035,0.125,0.09831,0.02669,0.125,0.06066,0.06434,0.125,0.08654,0.03846
3,2485,54889.5,CLOSE,0.13,0.08333,0.04667,0.13,0.10339,0.02661,0.13,0.06759,0.06241,0.13,0.09423,0.03577
3,2486,54911.8,CLOSE,0.135,0.09201,0.04299,0.135,0.10678,0.02822,0.135,0.07799,0.05701,0.135,0.10192,0.03308
3,2487,54932.4,CLOSE,0.14,0.10243,0.03757,0.14,0.10847,0.03153,0.14,0.08666,0.05334,0.14,0.10385,0.03615
3,2488,54953.6,CLOSE,0.145,0.1059,0.0391,0.145,0.11186,0.03314,0.145,0.09879,0.04621,0.145,0.10962,0.03538
3,2489,54976.4,CLOSE,0.15,0.11632,0.03368,0.15,0.11356,0.03644,0.15,0.10572,0.04428,0.15,0.11538,0.03462
3,2490,54997.2,CLOSE,0.155,0.12153,0.03347,0.155,0.11864,0.03636,0.155,0.11958,0.03542,0.155,0.12308,0.03192
3,2491,55018.8,CLOSE,0.16,0.12674,0.03326,0.16,0.11695,0.04305,0.16,0.12305,0.03695,0.16,0.12885,0.03115
3,2492,55038.3,CLOSE,0.165,0.13368,0.03132,0.165,0.11864,0.04636,0.165,0.13345,0.03155,0.165,0.13269,0.03231
3,2493,55056.7,CLOSE,0.17,0.14062,0.02938,0.17,0.12203,0.04797,0.17,0.13692,0.03308,0.17,0.13846,0.03154
3,2494,55076.4,CLOSE,0.175,0.14236,0.03264,0.175,0.12373,0.05127,0.175,0.14211,0.03289,0.175,0.14231,0.03269
3,2495,55100.2,CLOSE,0.18,0.14931,0.03069,0.18,0.1322,0.0478,0.18,0.14905,0.03095,0.18,0.15,0.03
3,2496,55121.4,CLOSE,0.185,0.15451,0.03049,0.185,0.13729,0.04771,0.185,0.15425,0.03075,0.185,0.15577,0.02923
3,2497,55143.6,CLOSE,0.19,0.16146,0.02854,0.19,0.14576,0.04424,0.19,0.16118,0.02882,0.19,0.15962,0.03038
3,2498,55163.9,CLOSE,0.195,0.16667,0.02833,0.195,0.14915,0.04585,0.195,0.16464,0.03036,0.195,0.16538,0.02962
3,2499,55185.0,CLOSE,0.2,0.17014,0.02986,0.2,0.16102,0.03898,0.2,0.16984,0.03016,0.2,0.17308,0.02692
3,2500,55204.4,CLOSE,0.205,0.17361,0.03139,0.205,0.16271,0.04229,0.205,0.17678,0.02822,0.205,0.175,0.03
3,2501,55223.3,CLOSE,0.21,0.17708,0.03292,0.21,0.16949,0.04051,0.21,0.17851,0.03149,0.21,0.17885,0.03115
3,2502,55243.6,CLOSE,0.215,0.18229,0.03271,0.215,0.16949,0.04551,0.215,0.18024,0.03476,0.215,0.18462,0.03038
3,2503,55263.9,CLOSE,0.22,0.18576,0.03424,0.22,0.17458,0.04542,0.22,0.18371,0.03629,0.22,0.18846,0.03154
3,2504,55286.3,CLOSE,0.225,0.19097,0.03403,0.225,0.18136,0.04364,0.225,0.18371,0.04129,0.225,0.19423,0.03077
3,2505,55307.3,CLOSE,0.23,0.19444,0.03556,0.23,0.18136,0.04864,0.23,0.18718,0.04282,0.23,0.20577,0.02423
3,2506,55328.6,CLOSE,0.235,0.20486,0.03014,0.235,0.18644,0.04856,0.235,0.19584,0.03916,0.235,0.20577,0.02923
3,2507,55349.8,CLOSE,0.24,0.20312,0.03688,0.24,0.18983,0.05017,0.24,0.19931,0.04069,0.24,0.21538,0.02462
3,2508,55371.8,CLOSE,0.245,0.21007,0.03493,0.245,0.19492,0.05008,0.245,0.20451,0.04049,0.245,0.225,0.02
3,2509,55393.3,CLOSE,0.25,0.21007,0.03993,0.25,0.19831,0.05169,0.25,0.21144,0.03856,0.25,0.23462,0.01538
3,2510,55413.8,CLOSE,0.255,0.21528,0.03972,0.255,0.20339,0.05161,0.255,0.2149,0.0401,0.255,0.24423,0.01077
3,2511,55435.5,CLOSE,0.26,0.22049,0.03951,0.26,0.20847,0.05153,0.26,0.21837,0.04163,0.26,0.24808,0.01192
3,2512,55455.9,CLOSE,0.265,0.22569,0.03931,0.265,0.21525,0.04975,0.265,0.22184,0.04316,0.265,0.25192,0.01308
3,2513,55476.3,CLOSE,0.27,0.2309,0.0391,0.27,0.22034,0.04966,0.27,0.2305,0.0395,0.27,0.25769,0.01231
3,2514,55496.4,CLOSE,0.275,0.23611,0.03889,0.275,0.22712,0.04788,0.275,0.23397,0.04103,0.275,0.26154,0.01346
3,2515,55517.7,CLOSE,0.28,0.24132,0.03868,0.28,0.2322,0.0478,0.28,0.24263,0.03737,0.28,0.26538,0.01462
3,2516,55539.6,CLOSE,0.285,0.24653,0.03847,0.285,0.24576,0.03924,0.285,0.2461,0.0389,0.285,0.27308,0.01192
3,2517,55560.2,CLOSE,0.29,0.25347,0.03653,0.29,0.24915,0.04085,0.29,0.2513,0.0387,0.29,0.275,0.015
3,2518,55581.0,CLOSE,0.295,0.26042,0.03458,0.295,0.25424,0.04076,0.295,0.25823,0.03677,0.295,0.27692,0.01808
3,2519,55602.0,CLOSE,0.3,0.26562,0.03438,0.3,0.26441,0.03559,0.3,0.26516,0.03484,0.3,0.28462,0.01538
3,2520,55622.7,CLOSE,0.305,0.27431,0.03069,0.305,0.2678,0.0372,0.305,0.27036,0.03464,0.305,0.29423,0.01077
3,2521,55642.7,CLOSE,0.31,0.27604,0.03396,0.31,0.27288,0.03712,0.31,0.27556,0.03444,0.31,0.3,0.01
3,2522,55664.3,CLOSE,0.315,0.28299,0.03201,0.315,0.27627,0.03873,0.315,0.28423,0.03077,0.315,0.3,0.015
3,2523,55684.5,CLOSE,0.32,0.28819,0.03181,0.32,0.28136,0.03864,0.32,0.28596,0.03404,0.32,0.30577,0.01423
3,2524,55705.5,CLOSE,0.325,0.2934,0.0316,0.325,0.28475,0.04025,0.325,0.28943,0.03557,0.325,0.31154,0.01346
3,2525,55725.8,CLOSE,0.33,0.29861,0.03139,0.33,0.28983,0.04017,0.33,0.29636,0.03364,0.33,0.31923,0.01077
3,2526,55746.5,CLOSE,0.335,0.30382,0.03118,0.335,0.29661,0.03839,0.335,0.29983,0.03517,0.335,0.32308,0.01192
3,2527,55767.9,CLOSE,0.34,0.30903,0.03097,0.34,0.30508,0.03492,0.34,0.30503,0.03497,0.34,0.32885,0.01115
3,2528,55788.2,CLOSE,0.345,0.31597,0.02903,0.345,0.30847,0.03653,0.345,0.30849,0.03651,0.345,0.33846,0.00654
3,2529,55809.5,CLOSE,0.35,0.31771,0.03229,0.35,0.30847,0.04153,0.35,0.31196,0.03804,0.35,0.34423,0.00577
3,2530,55830.0,CLOSE,0.355,0.32812,0.02688,0.355,0.31356,0.04144,0.355,0.31716,0.03784,0.355,0.35,0.005
3,2531,55851.5,CLOSE,0.36,0.3316,0.0284,0.36,0.31864,0.04136,0.36,0.31889,0.04111,0.36,0.35577,0.00423
3,2532,55871.2,CLOSE,0.365,0.3316,0.0334,0.365,0.32203,0.04297,0.365,0.32062,0.04438,0.365,0.35962,0.00538
3,2533,55892.5,CLOSE,0.37,0.3316,0.0384,0.37,0.32712,0.04288,0.37,0.32409,0.04591,0.37,0.36538,0.00462
3,2534,55913.9,CLOSE,0.375,0.33507,0.03993,0.375,0.33559,0.03941,0.375,0.33102,0.04398,0.375,0.36923,0.00577
3,2535,55934.7,CLOSE,0.38,0.33681,0.04319,0.38,0.33559,0.04441,0.38,0.34142,0.03858,0.38,0.375,0.005
3,2536,55956.4,CLOSE,0.385,0.34201,0.04299,0.385,0.33898,0.04602,0.385,0.34662,0.03838,0.385,0.38269,0.00231
3,2537,55978.4,CLOSE,0.39,0.34896,0.04104,0.39,0.34407,0.04593,0.39,0.35182,0.03818,0.39,0.38654,0.00346
3,2538,55997.7,CLOSE,0.395,0.3559,0.0391,0.395,0.35254,0.04246,0.395,0.36568,0.02932,0.395,0.39231,0.00269
3,2539,56017.7,CLOSE,0.4,0.36111,0.03889,0.4,0.35932,0.04068,0.4,0.36742,0.03258,0.4,0.4,0.0
3,2540,56039.6,CLOSE,0.405,0.36979,0.03521,0.405,0.3661,0.0389,0.405,0.37435,0.03065,0.405,0.40577,-0.00077
3,2541,56060.6,CLOSE,0.41,0.37847,0.03153,0.41,0.3678,0.0422,0.41,0.38128,0.02872,0.41,0.41538,-0.00538
3,2542,56080.5,CLOSE,0.415,0.38542,0.02958,0.415,0.37458,0.04042,0.415,0.38648,0.02852,0.415,0.41923,-0.00423
3,2543,56101.0,CLOSE,0.42,0.38715,0.03285,0.42,0.37797,0.04203,0.42,0.39168,0.02832,0.42,0.425,-0.005
3,2544,56121.6,CLOSE,0.425,0.39583,0.02917,0.425,0.38305,0.04195,0.425,0.39861,0.02639,0.425,0.43077,-0.00577
3,2545,56142.9,CLOSE,0.43,0.40278,0.02722,0.43,0.38983,0.04017,0.43,0.40381,0.02619,0.43,0.43654,-0.00654
3,2546,56163.3,CLOSE,0.435,0.40799,0.02701,0.435,0.39492,0.04008,0.435,0.40901,0.02599,0.435,0.44231,-0.00731
3,2547,56184.2,CLOSE,0.44,0.4184,0.0216,0.44,0.39661,0.04339,0.44,0.41248,0.02752,0.44,0.45385,-0.01385
3,2548,56204.8,CLOSE,0.445,0.42188,0.02313,0.445,0.40169,0.04331,0.445,0.41421,0.03079,0.445,0.45769,-0.01269
3,2549,56226.2,CLOSE,0.45,0.42188,0.02813,0.45,0.41017,0.03983,0.45,0.42114,0.02886,0.45,0.45769,-0.00769
3,2550,56247.3,CLOSE,0.455,0.42708,0.02792,0.455,0.41017,0.04483,0.455,0.42288,0.03212,0.455,0.46154,-0.00654
3,2551,56268.3,CLOSE,0.46,0.43056,0.02944,0.46,0.41525,0.04475,0.46,0.42634,0.03366,0.46,0.46538,-0.00538
3,2552,56288.5,CLOSE,0.465,0.43576,0.02924,0.465,0.41864,0.04636,0.465,0.43501,0.02999,0.465,0.47115,-0.00615
3,2553,56308.7,CLOSE,0.47,0.44097,0.02903,0.47,0.42203,0.04797,0.47,0.43328,0.03672,0.47,0.475,-0.005
3,2554,56329.9,CLOSE,0.475,0.44444,0.03056,0.475,0.42712,0.04788,0.475,0.43847,0.03653,0.475,0.48077,-0.00577
3,2555,56351.5,CLOSE,0.48,0.45139,0.02861,0.48,0.43898,0.04102,0.48,0.44367,0.03633,0.48,0.48846,-0.00846
3,2556,56372.0,CLOSE,0.485,0.45486,0.03014,0.485,0.44576,0.03924,0.485,0.44714,0.03786,0.485,0.49423,-0.00923
3,2557,56393.9,CLOSE,0.49,0.46007,0.02993,0.49,0.44407,0.04593,0.49,0.46274,0.02726,0.49,0.5,-0.01
3,2558,56413.7,CLOSE,0.495,0.46528,0.02972,0.495,0.45424,0.04076,0.495,0.45754,0.03746,0.495,0.50577,-0.01077
3,2559,56435.5,CLOSE,0.5,0.47049,0.02951,0.5,0.46102,0.03898,0.5,0.46274,0.03726,0.5,0.51923,-0.01923
3,2560,56456.5,CLOSE,0.505,0.47917,0.02583,0.5,0.46441,0.03559,0.505,0.4662,0.0388,0.5,0.51923,-0.01923
3,2561,56476.7,CLOSE,0.51,0.48264,0.02736,0.5,0.46949,0.03051,0.51,0.47314,0.03686,0.5,0.525,-0.025
3,2562,56497.3,CLOSE,0.515,0.48438,0.03063,0.5,0.47627,0.02373,0.515,0.47834,0.03666,0.5,0.53462,-0.03462
3,2563,56518.3,CLOSE,0.52,0.49653,0.02347,0.5,0.47966,0.02034,0.52,0.4818,0.0382,0.5,0.53654,-0.03654
3,2564,56538.8,CLOSE,0.525,0.5,0.025,0.5,0.49153,0.00847,0.525,0.48873,0.03627,0.5,0.54423,-0.04423
3,2565,56561.6,CLOSE,0.53,0.50868,0.02132,0.5,0.49153,0.00847,0.53,0.49913,0.03087,0.5,0.54808,-0.04808
3,2566,56580.6,CLOSE,0.535,0.51215,0.02285,0.5,0.49831,0.00169,0.535,0.50953,0.02547,0.5,0.55,-0.05
3,2567,56600.5,CLOSE,0.54,0.52257,0.01743,0.5,0.50678,-0.00678,0.54,0.5182,0.0218,0.5,0.55385,-0.05385
3,2568,56622.0,CLOSE,0.545,0.52951,0.01549,0.5,0.50847,-0.00847,0.545,0.52513,0.01987,0.5,0.55577,-0.05577
3,2569,56642.8,CLOSE,0.55,0.53299,0.01701,0.5,0.51017,-0.01017,0.55,0.52686,0.02314,0.5,0.55769,-0.05769
3,2570,56663.8,CLOSE,0.555,0.53472,0.02028,0.5,0.51017,-0.01017,0.555,0.53033,0.02467,0.5,0.56154,-0.06154
3,2571,56685.2,CLOSE,0.56,0.53472,0.02528,0.5,0.51356,-0.01356,0.56,0.53033,0.02967,0.5,0.55962,-0.05962
3,2572,56704.8,CLOSE,0.565,0.5434,0.0216,0.5,0.50847,-0.00847,0.565,0.5338,0.0312,0.5,0.55962,-0.05962
3,2573,56725.8,CLOSE,0.57,0.53819,0.03181,0.5,0.51017,-0.01017,0.57,0.54246,0.02754,0.5,0.55962,-0.05962
3,2574,56746.6,CLOSE,0.575,0.53993,0.03507,0.5,0.51017,-0.01017,0.575,0.54766,0.02734,0.5,0.56154,-0.06154
3,2575,56768.2,CLOSE,0.58,0.54167,0.03833,0.5,0.50847,-0.00847,0.58,0.54073,0.03927,0.5,0.55962,-0.05962
3,2576,56788.6,CLOSE,0.585,0.54688,0.03813,0.5,0.51186,-0.01186,0.585,0.54246,0.04254,0.5,0.56154,-0.06154
3,2577,56809.1,CLOSE,0.59,0.55035,0.03965,0.5,0.51186,-0.01186,0.59,0.54593,0.04407,0.5,0.55962,-0.05962
3,2578,56830.5,CLOSE,0.595,0.56076,0.03424,0.5,0.51525,-0.01525,0.595,0.55286,0.04214,0.5,0.56346,-0.06346
3,2579,56851.2,CLOSE,0.6,0.56597,0.03403,0.5,0.51356,-0.01356,0.6,0.56153,0.03847,0.5,0.56154,-0.06154
3,2580,56872.7,CLOSE,0.605,0.56597,0.03903,0.5,0.51017,-0.01017,0.605,0.56326,0.04174,0.5,0.56154,-0.06154
3,2581,56892.7,CLOSE,0.61,0.56944,0.04056,0.5,0.51017,-0.01017,0.61,0.56846,0.04154,0.5,0.55962,-0.05962
3,2582,56914.8,CLOSE,0.615,0.57812,0.03688,0.5,0.51017,-0.01017,0.615,0.57539,0.03961,0.5,0.56154,-0.06154
3,2583,56935.1,CLOSE,0.62,0.58507,0.03493,0.5,0.51017,-0.01017,0.62,0.58406,0.03594,0.5,0.55962,-0.05962
3,2584,56956.6,CLOSE,0.625,0.59201,0.03299,0.5,0.51186,-0.01186,0.625,0.58752,0.03748,0.5,0.56154,-0.06154
3,2585,56977.2,CLOSE,0.63,0.59549,0.03451,0.5,0.51017,-0.01017,0.63,0.59099,0.03901,0.5,0.56346,-0.06346
3,2586,56997.4,CLOSE,0.635,0.6059,0.0291,0.5,0.51017,-0.01017,0.635,0.59965,0.03535,0.5,0.55962,-0.05962
3,2587,57019.4,CLOSE,0.64,0.6059,0.0341,0.5,0.51864,-0.01864,0.64,0.60832,0.03168,0.5,0.56346,-0.06346
3,2588,57039.6,CLOSE,0.645,0.61458,0.03042,0.5,0.51017,-0.01017,0.645,0.61525,0.02975,0.5,0.56154,-0.06154
3,2589,57058.7,CLOSE,0.65,0.61979,0.03021,0.5,0.51017,-0.01017,0.65,0.62045,0.02955,0.5,0.56154,-0.06154
3,2590,57080.1,CLOSE,0.655,0.625,0.03,0.5,0.51186,-0.01186,0.655,0.62565,0.02935,0.5,0.56154,-0.06154
3,2591,57101.8,CLOSE,0.66,0.63194,0.02806,0.5,0.51017,-0.01017,0.66,0.63085,0.02915,0.5,0.56154,-0.06154
3,2592,57121.9,CLOSE,0.665,0.63715,0.02785,0.5,0.50847,-0.00847,0.665,0.63432,0.03068,0.5,0.56154,-0.06154
3,2593,57143.2,CLOSE,0.67,0.64236,0.02764,0.5,0.51186,-0.01186,0.67,0.63951,0.03049,0.5,0.56154,-0.06154
3,2594,57164.5,CLOSE,0.675,0.64583,0.02917,0.5,0.51186,-0.01186,0.675,0.64298,0.03202,0.5,0.56154,-0.06154
3,2595,57185.1,CLOSE,0.68,0.65278,0.02722,0.5,0.51864,-0.01864,0.68,0.64818,0.03182,0.5,0.56154,-0.06154
3,2596,57205.3,CLOSE,0.685,0.65451,0.03049,0.5,0.51017,-0.01017,0.685,0.65338,0.03162,0.5,0.56154,-0.06154
3,2597,57225.5,CLOSE,0.69,0.65972,0.03028,0.5,0.51017,-0.01017,0.69,0.65858,0.03142,0.5,0.55962,-0.05962
3,2598,57247.5,CLOSE,0.695,0.66319,0.03181,0.5,0.50847,-0.00847,0.695,0.66898,0.02602,0.5,0.56154,-0.06154
3,2599,57267.8,CLOSE,0.7,0.67014,0.02986,0.5,0.50169,-0.00169,0.7,0.67244,0.02756,0.5,0.56154,-0.06154
3,2600,57288.4,CLOSE,0.705,0.67361,0.03139,0.5,0.49492,0.00508,0.705,0.67244,0.03256,0.5,0.56154,-0.06154
3,2601,57309.4,CLOSE,0.71,0.68056,0.02944,0.5,0.48983,0.01017,0.71,0.67591,0.03409,0.5,0.56154,-0.06154
3,2602,57330.8,CLOSE,0.715,0.68403,0.03097,0.5,0.48644,0.01356,0.715,0.68804,0.02696,0.5,0.56154,-0.06154
3,2603,57353.9,CLOSE,0.72,0.69097,0.02903,0.5,0.48814,0.01186,0.72,0.68804,0.03196,0.5,0.56154,-0.06154
3,2604,57371.8,CLOSE,0.725,0.69618,0.02882,0.5,0.48814,0.01186,0.725,0.69151,0.03349,0.5,0.56154,-0.06154
3,2605,57394.5,CLOSE,0.73,0.71007,0.01993,0.5,0.49492,0.00508,0.73,0.70711,0.02289,0.5,0.56154,-0.06154
3,2606,57414.6,CLOSE,0.735,0.71181,0.02319,0.5,0.49661,0.00339,0.735,0.69844,0.03656,0.5,0.56154,-0.06154
3,2607,57435.1,CLOSE,0.74,0.71007,0.02993,0.5,0.48644,0.01356,0.74,0.70884,0.03116,0.5,0.56346,-0.06346
3,2608,57456.6,CLOSE,0.745,0.71354,0.03146,0.5,0.48644,0.01356,0.745,0.70884,0.03616,0.5,0.56154,-0.06154
3,2609,57476.7,CLOSE,0.75,0.72049,0.02951,0.5,0.48644,0.01356,0.75,0.71231,0.03769,0.5,0.56154,-0.06154
3,2610,57497.4,CLOSE,0.755,0.72569,0.02931,0.5,0.48983,0.01017,0.755,0.7175,0.0375,0.5,0.56346,-0.06346
3,2611,57518.1,CLOSE,0.76,0.72917,0.03083,0.5,0.48644,0.01356,0.76,0.72097,0.03903,0.5,0.56154,-0.06154
3,2612,57538.8,CLOSE,0.765,0.73438,0.03063,0.5,0.48814,0.01186,0.765,0.7331,0.0319,0.5,0.56154,-0.06154
3,2613,57559.3,CLOSE,0.77,0.73785,0.03215,0.5,0.48983,0.01017,0.77,0.7331,0.0369,0.5,0.56154,-0.06154
3,2614,57580.6,CLOSE,0.775,0.75,0.025,0.5,0.49322,0.00678,0.775,0.73657,0.03843,0.5,0.55962,-0.05962
3,2615,57600.8,CLOSE,0.78,0.74826,0.03174,0.5,0.49661,0.00339,0.78,0.7435,0.0365,0.5,0.56154,-0.06154
3,2616,57622.2,CLOSE,0.785,0.75347,0.03153,0.5,0.50169,-0.00169,0.785,0.75217,0.03283,0.5,0.56154,-0.06154
3,2617,57642.7,CLOSE,0.79,0.75868,0.03132,0.5,0.50847,-0.00847,0.79,0.75563,0.03437,0.5,0.56346,-0.06346
3,2618,57663.3,CLOSE,0.795,0.76389,0.03111,0.5,0.50339,-0.00339,0.795,0.76256,0.03244,0.5,0.56346,-0.06346
3,2619,57685.0,CLOSE,0.8,0.76736,0.03264,0.5,0.50508,-0.00508,0.8,0.7695,0.0305,0.5,0.56154,-0.06154
3,2620,57705.0,CLOSE,0.805,0.77083,0.03417,0.5,0.50339,-0.00339,0.805,0.77296,0.03204,0.5,0.56346,-0.06346
3,2621,57726.3,CLOSE,0.81,0.78125,0.02875,0.5,0.50339,-0.00339,0.81,0.7799,0.0301,0.5,0.56154,-0.06154
3,2622,57747.1,CLOSE,0.815,0.78472,0.03028,0.5,0.50339,-0.00339,0.815,0.7851,0.0299,0.5,0.56154,-0.06154
3,2623,57768.1,CLOSE,0.82,0.78646,0.03354,0.5,0.50678,-0.00678,0.82,0.79029,0.02971,0.5,0.56154,-0.06154
3,2624,57789.5,CLOSE,0.825,0.7934,0.0316,0.5,0.50339,-0.00339,0.825,0.79896,0.02604,0.5,0.56154,-0.06154
3,2625,57807.6,CLOSE,0.83,0.79861,0.03139,0.5,0.50339,-0.00339,0.83,0.81109,0.01891,0.5,0.55962,-0.05962
3,2626,57828.5,CLOSE,0.835,0.80382,0.03118,0.5,0.50508,-0.00508,0.835,0.80763,0.02737,0.5,0.56346,-0.06346
3,2627,57849.1,CLOSE,0.84,0.81076,0.02924,0.5,0.50339,-0.00339,0.84,0.81109,0.02891,0.5,0.56154,-0.06154
3,2628,57872.1,CLOSE,0.845,0.81771,0.02729,0.5,0.50508,-0.00508,0.845,0.81629,0.02871,0.5,0.56154,-0.06154
3,2629,57892.7,CLOSE,0.85,0.82118,0.02882,0.5,0.50339,-0.00339,0.85,0.81976,0.03024,0.5,0.56154,-0.06154
3,2630,57914.2,CLOSE,0.855,0.82639,0.02861,0.5,0.50508,-0.00508,0.855,0.82322,0.03178,0.5,0.56154,-0.06154
3,2631,57934.0,CLOSE,0.86,0.83333,0.02667,0.5,0.50508,-0.00508,0.86,0.83362,0.02638,0.5,0.56154,-0.06154
3,2632,57955.9,CLOSE,0.865,0.83507,0.02993,0.5,0.50339,-0.00339,0.865,0.83362,0.03138,0.5,0.56154,-0.06154
3,2633,57976.9,CLOSE,0.87,0.84201,0.02799,0.5,0.50508,-0.00508,0.87,0.84229,0.02771,0.5,0.56154,-0.06154
3,2634,57996.6,CLOSE,0.875,0.84375,0.03125,0.5,0.50339,-0.00339,0.875,0.84402,0.03098,0.5,0.56154,-0.06154
3,2635,58017.4,CLOSE,0.88,0.84896,0.03104,0.5,0.50339,-0.00339,0.88,0.84922,0.03078,0.5,0.56154,-0.06154
3,2636,58038.1,CLOSE,0.885,0.8559,0.0291,0.5,0.50508,-0.00508,0.885,0.85442,0.03058,0.5,0.56154,-0.06154
3,2637,58058.9,CLOSE,0.89,0.86111,0.02889,0.5,0.50339,-0.00339,0.89,0.85962,0.03038,0.5,0.56538,-0.06538
3,2638,58079.3,CLOSE,0.895,0.86458,0.03042,0.5,0.50339,-0.00339,0.895,0.86308,0.03192,0.5,0.56346,-0.06346
3,2639,58100.2,CLOSE,0.9,0.87326,0.02674,0.5,0.50508,-0.00508,0.9,0.86482,0.03518,0.5,0.56154,-0.06154
3,2640,58119.6,CLOSE,0.905,0.87326,0.03174,0.5,0.50339,-0.00339,0.905,0.87522,0.02978,0.5,0.56154,-0.06154
3,2641,58140.8,CLOSE,0.91,0.88368,0.02632,0.5,0.50339,-0.00339,0.91,0.87695,0.03305,0.5,0.56154,-0.06154
3,2642,58162.1,CLOSE,0.915,0.88368,0.03132,0.5,0.50339,-0.00339,0.915,0.88735,0.02765,0.5,0.56346,-0.06346
3,2643,58184.0,CLOSE,0.92,0.88889,0.03111,0.5,0.50508,-0.00508,0.92,0.89428,0.02572,0.5,0.56154,-0.06154
3,2644,58204.7,CLOSE,0.925,0.89236,0.03264,0.5,0.50339,-0.00339,0.925,0.90121,0.02379,0.5,0.56346,-0.06346
3,2645,58225.3,CLOSE,0.93,0.89757,0.03243,0.5,0.50339,-0.00339,0.93,0.90468,0.02532,0.5,0.56154,-0.06154
3,2646,58246.7,CLOSE,0.935,0.90104,0.03396,0.5,0.50508,-0.00508,0.935,0.90641,0.02859,0.5,0.56346,-0.06346
3,2647,58267.3,CLOSE,0.94,0.90799,0.03201,0.5,0.50339,-0.00339,0.94,0.91334,0.02666,0.5,0.56154,-0.06154
3,2648,58289.2,CLOSE,0.945,0.90972,0.03528,0.5,0.50508,-0.00508,0.945,0.91681,0.02819,0.5,0.56154,-0.06154
3,2649,58309.1,CLOSE,0.95,0.91667,0.03333,0.5,0.50508,-0.00508,0.95,0.92374,0.02626,0.5,0.56154,-0.06154
3,2650,58330.4,CLOSE,0.955,0.92188,0.03313,0.5,0.50508,-0.00508,0.955,0.92721,0.02779,0.5,0.56154,-0.06154
3,2651,58352.7,CLOSE,0.96,0.92708,0.03292,0.5,0.50678,-0.00678,0.96,0.93241,0.02759,0.5,0.56346,-0.06346
3,2652,58372.2,CLOSE,0.965,0.9375,0.0275,0.5,0.50339,-0.00339,0.965,0.93761,0.02739,0.5,0.55962,-0.05962
3,2653,58393.6,CLOSE,0.97,0.93924,0.03076,0.5,0.50508,-0.00508,0.97,0.94454,0.02546,0.5,0.56154,-0.06154
3,2654,58414.6,CLOSE,0.975,0.94271,0.03229,0.5,0.50678,-0.00678,0.975,0.95321,0.02179,0.5,0.56154,-0.06154
3,2655,58433.8,CLOSE,0.98,0.95312,0.02688,0.5,0.50339,-0.00339,0.98,0.95321,0.02679,0.5,0.56154,-0.06154
3,2656,58455.6,CLOSE,0.985,0.95312,0.03188,0.5,0.50508,-0.00508,0.985,0.95841,0.02659,0.5,0.56154,-0.06154
3,2657,58475.7,CLOSE,0.99,0.9566,0.0334,0.5,0.50339,-0.00339,0.99,0.9636,0.0264,0.5,0.56154,-0.06154
3,2658,58496.1,CLOSE,0.995,0.95833,0.03667,0.5,0.50678,-0.00678,0.995,0.9688,0.0262,0.5,0.56346,-0.06346
3,2659,58517.2,CLOSE,1.0,0.96181,0.03819,0.5,0.50339,-0.00339,1.0,0.97054,0.02946,0.5,0.56154,-0.06154
3,2660,58523.7,HOLD_CLOSED,1.0,0.96528,0.03472,0.5,0.50508,-0.00508,1.0,0.97227,0.02773,0.5,0.56346,-0.06346
3,2661,58545.6,HOLD_CLOSED,1.0,0.96875,0.03125,0.5,0.50339,-0.00339,1.0,0.97747,0.02253,0.5,0.56154,-0.06154
3,2662,58566.1,HOLD_CLOSED,1.0,0.97917,0.02083,0.5,0.50508,-0.00508,1.0,0.9792,0.0208,0.5,0.56346,-0.06346
3,2663,58586.2,HOLD_CLOSED,1.0,0.97049,0.02951,0.5,0.50508,-0.00508,1.0,0.98094,0.01906,0.5,0.56154,-0.06154
3,2664,58607.2,HOLD_CLOSED,1.0,0.97396,0.02604,0.5,0.50508,-0.00508,1.0,0.98267,0.01733,0.5,0.56154,-0.06154
3,2665,58628.5,HOLD_CLOSED,1.0,0.98264,0.01736,0.5,0.50508,-0.00508,1.0,0.98094,0.01906,0.5,0.56154,-0.06154
3,2666,58649.6,HOLD_CLOSED,1.0,0.97569,0.02431,0.5,0.50678,-0.00678,1.0,0.98267,0.01733,0.5,0.56154,-0.06154
3,2667,58671.0,HOLD_CLOSED,1.0,0.97396,0.02604,0.5,0.50339,-0.00339,1.0,0.98267,0.01733,0.5,0.56346,-0.06346
3,2668,58692.3,HOLD_CLOSED,1.0,0.97743,0.02257,0.5,0.50508,-0.00508,1.0,0.98267,0.01733,0.5,0.56346,-0.06346
3,2669,58712.8,HOLD_CLOSED,1.0,0.97396,0.02604,0.5,0.50508,-0.00508,1.0,0.9844,0.0156,0.5,0.56154,-0.06154
3,2670,58733.7,HOLD_CLOSED,1.0,1.0,0.0,0.5,0.50847,-0.00847,1.0,0.9844,0.0156,0.5,0.56154,-0.06154
3,2671,58753.6,HOLD_CLOSED,1.0,0.97569,0.02431,0.5,0.50508,-0.00508,1.0,0.9844,0.0156,0.5,0.56346,-0.06346
3,2672,58774.7,HOLD_CLOSED,1.0,0.97569,0.02431,0.5,0.50508,-0.00508,1.0,0.9844,0.0156,0.5,0.56538,-0.06538
3,2673,58794.8,HOLD_CLOSED,1.0,0.97569,0.02431,0.5,0.50508,-0.00508,1.0,0.98267,0.01733,0.5,0.56154,-0.06154
3,2674,58816.7,HOLD_CLOSED,1.0,0.97396,0.02604,0.5,0.50508,-0.00508,1.0,0.98267,0.01733,0.5,0.56346,-0.06346
3,2675,58837.0,HOLD_CLOSED,1.0,0.98611,0.01389,0.5,0.50508,-0.00508,1.0,0.98094,0.01906,0.5,0.56346,-0.06346
3,2676,58858.1,HOLD_CLOSED,1.0,0.97222,0.02778,0.5,0.50508,-0.00508,1.0,0.9844,0.0156,0.5,0.56538,-0.06538
3,2677,58878.6,HOLD_CLOSED,1.0,0.97396,0.02604,0.5,0.50508,-0.00508,1.0,0.98267,0.01733,0.5,0.56154,-0.06154
3,2678,58900.1,HOLD_CLOSED,1.0,0.97743,0.02257,0.5,0.50339,-0.00339,1.0,0.98787,0.01213,0.5,0.56154,-0.06154
3,2679,58920.2,HOLD_CLOSED,1.0,0.97569,0.02431,0.5,0.50508,-0.00508,1.0,0.98267,0.01733,0.5,0.56346,-0.06346
3,2680,58941.4,HOLD_CLOSED,1.0,0.96875,0.03125,0.5,0.50339,-0.00339,1.0,0.9896,0.0104,0.5,0.56346,-0.06346
3,2681,58962.1,HOLD_CLOSED,1.0,0.98958,0.01042,0.5,0.50339,-0.00339,1.0,0.9844,0.0156,0.5,0.56154,-0.06154
3,2682,58983.0,HOLD_CLOSED,1.0,0.97917,0.02083,0.5,0.50339,-0.00339,1.0,0.98267,0.01733,0.5,0.56346,-0.06346
3,2683,59003.3,HOLD_CLOSED,1.0,0.9809,0.0191,0.5,0.50508,-0.00508,1.0,0.98614,0.01386,0.5,0.56538,-0.06538
3,2684,59025.2,HOLD_CLOSED,1.0,0.98264,0.01736,0.5,0.50508,-0.00508,1.0,0.98787,0.01213,0.5,0.56346,-0.06346
3,2685,59045.2,HOLD_CLOSED,1.0,0.98264,0.01736,0.5,0.50508,-0.00508,1.0,0.98787,0.01213,0.5,0.56154,-0.06154
3,2686,59066.4,HOLD_CLOSED,1.0,0.98611,0.01389,0.5,0.50847,-0.00847,1.0,0.9948,0.0052,0.5,0.56154,-0.06154
3,2687,59087.5,HOLD_CLOSED,1.0,0.98785,0.01215,0.5,0.50339,-0.00339,1.0,0.9948,0.0052,0.5,0.56346,-0.06346
3,2688,59109.5,HOLD_CLOSED,1.0,0.98785,0.01215,0.5,0.50508,-0.00508,1.0,0.99133,0.00867,0.5,0.56346,-0.06346
3,2689,59129.9,HOLD_CLOSED,1.0,1.0,0.0,0.5,0.50508,-0.00508,1.0,0.99653,0.00347,0.5,0.56154,-0.06154
3,2690,59150.4,HOLD_CLOSED,1.0,0.99479,0.00521,0.5,0.50508,-0.00508,1.0,0.9948,0.0052,0.5,0.56154,-0.06154
3,2691,59171.2,HOLD_CLOSED,1.0,0.99653,0.00347,0.5,0.50339,-0.00339,1.0,0.9948,0.0052,0.5,0.56154,-0.06154
3,2692,59192.6,HOLD_CLOSED,1.0,0.99479,0.00521,0.5,0.50339,-0.00339,1.0,0.9948,0.0052,0.5,0.56346,-0.06346
3,2693,59215.1,HOLD_CLOSED,1.0,0.99479,0.00521,0.5,0.50508,-0.00508,1.0,0.99307,0.00693,0.5,0.56346,-0.06346
3,2694,59233.7,HOLD_CLOSED,1.0,0.99306,0.00694,0.5,0.50339,-0.00339,1.0,0.99307,0.00693,0.5,0.56154,-0.06154
3,2695,59253.8,HOLD_CLOSED,1.0,0.99306,0.00694,0.5,0.50508,-0.00508,1.0,0.99307,0.00693,0.5,0.56154,-0.06154
3,2696,59274.8,HOLD_CLOSED,1.0,0.99479,0.00521,0.5,0.50339,-0.00339,1.0,0.99307,0.00693,0.5,0.56154,-0.06154
3,2697,59295.2,HOLD_CLOSED,1.0,0.99306,0.00694,0.5,0.50339,-0.00339,1.0,0.99307,0.00693,0.5,0.56346,-0.06346
3,2698,59315.9,HOLD_CLOSED,1.0,0.99306,0.00694,0.5,0.50339,-0.00339,1.0,0.99307,0.00693,0.5,0.56154,-0.06154
3,2699,59336.9,HOLD_CLOSED,1.0,0.99132,0.00868,0.5,0.50508,-0.00508,1.0,0.9948,0.0052,0.5,0.56154,-0.06154
3,2700,59357.9,HOLD_CLOSED,1.0,0.99306,0.00694,0.5,0.50508,-0.00508,1.0,0.99133,0.00867,0.5,0.56154,-0.06154
3,2701,59378.5,HOLD_CLOSED,1.0,0.99306,0.00694,0.5,0.50508,-0.00508,1.0,0.99307,0.00693,0.5,0.56154,-0.06154
3,2702,59400.0,HOLD_CLOSED,1.0,0.99479,0.00521,0.5,0.50339,-0.00339,1.0,0.99653,0.00347,0.5,0.56346,-0.06346
3,2703,59420.1,HOLD_CLOSED,1.0,0.99479,0.00521,0.5,0.50339,-0.00339,1.0,0.99133,0.00867,0.5,0.56154,-0.06154
3,2704,59441.4,HOLD_CLOSED,1.0,0.99306,0.00694,0.5,0.50508,-0.00508,1.0,0.99307,0.00693,0.5,0.56154,-0.06154
3,2705,59462.5,HOLD_CLOSED,1.0,0.99479,0.00521,0.5,0.50339,-0.00339,1.0,0.9948,0.0052,0.5,0.56154,-0.06154
3,2706,59483.4,HOLD_CLOSED,1.0,0.99306,0.00694,0.5,0.50508,-0.00508,1.0,0.9948,0.0052,0.5,0.56154,-0.06154
3,2707,59504.2,HOLD_CLOSED,1.0,0.99479,0.00521,0.5,0.50508,-0.00508,1.0,0.99307,0.00693,0.5,0.56154,-0.06154
3,2708,59525.1,HOLD_CLOSED,1.0,0.99306,0.00694,0.5,0.50508,-0.00508,1.0,0.99307,0.00693,0.5,0.56346,-0.06346
3,2709,59545.0,HOLD_CLOSED,1.0,0.99306,0.00694,0.5,0.50508,-0.00508,1.0,0.99307,0.00693,0.5,0.56346,-0.06346
3,2710,59565.8,HOLD_CLOSED,1.0,0.99479,0.00521,0.5,0.50508,-0.00508,1.0,0.99307,0.00693,0.5,0.56154,-0.06154
3,2711,59588.6,HOLD_CLOSED,1.0,0.99306,0.00694,0.5,0.50339,-0.00339,1.0,0.9948,0.0052,0.5,0.56154,-0.06154
3,2712,59608.6,HOLD_CLOSED,1.0,0.99306,0.00694,0.5,0.50508,-0.00508,1.0,0.99307,0.00693,0.5,0.56154,-0.06154
3,2713,59628.6,HOLD_CLOSED,1.0,0.99653,0.00347,0.5,0.50508,-0.00508,1.0,0.9948,0.0052,0.5,0.56346,-0.06346
3,2714,59650.2,HOLD_CLOSED,1.0,0.99306,0.00694,0.5,0.50508,-0.00508,1.0,0.99307,0.00693,0.5,0.56154,-0.06154
3,2715,59670.6,HOLD_CLOSED,1.0,0.99479,0.00521,0.5,0.50508,-0.00508,1.0,0.99133,0.00867,0.5,0.56154,-0.06154
3,2716,59691.4,HOLD_CLOSED,1.0,0.99479,0.00521,0.5,0.50508,-0.00508,1.0,0.99133,0.00867,0.5,0.56346,-0.06346
3,2717,59713.0,HOLD_CLOSED,1.0,0.99479,0.00521,0.5,0.50508,-0.00508,1.0,0.9948,0.0052,0.5,0.56154,-0.06154
3,2718,59733.1,HOLD_CLOSED,1.0,0.99132,0.00868,0.5,0.50508,-0.00508,1.0,0.9948,0.0052,0.5,0.56154,-0.06154
3,2719,59753.7,HOLD_CLOSED,1.0,0.99479,0.00521,0.5,0.50339,-0.00339,1.0,0.99307,0.00693,0.5,0.56154,-0.06154
3,2720,59775.8,OPEN,0.995,0.99479,0.00021,0.495,0.50508,-0.01008,0.995,0.99307,0.00193,0.495,0.56154,-0.06654
3,2721,59796.9,OPEN,0.99,0.99306,-0.00306,0.49,0.50339,-0.01339,0.99,0.9948,-0.0048,0.49,0.56154,-0.07154
3,2722,59818.6,OPEN,0.985,0.99306,-0.00806,0.485,0.50508,-0.02008,0.985,0.9948,-0.0098,0.485,0.56154,-0.07654
3,2723,59839.2,OPEN,0.98,0.99132,-0.01132,0.48,0.50508,-0.02508,0.98,0.99307,-0.01307,0.48,0.55962,-0.07962
3,2724,59859.7,OPEN,0.975,0.99306,-0.01806,0.475,0.50508,-0.03008,0.975,0.9948,-0.0198,0.475,0.56154,-0.08654
3,2725,59880.2,OPEN,0.97,0.99479,-0.02479,0.47,0.50339,-0.03339,0.97,0.9948,-0.0248,0.47,0.56346,-0.09346
3,2726,59902.5,OPEN,0.965,0.99479,-0.02979,0.465,0.50339,-0.03839,0.965,0.99307,-0.02807,0.465,0.56154,-0.09654
3,2727,59922.3,OPEN,0.96,0.99479,-0.03479,0.46,0.50508,-0.04508,0.96,0.99307,-0.03307,0.46,0.56346,-0.10346
3,2728,59943.1,OPEN,0.955,0.99479,-0.03979,0.455,0.50508,-0.05008,0.955,0.9948,-0.0398,0.455,0.54423,-0.08923
3,2729,59964.9,OPEN,0.95,0.99306,-0.04306,0.45,0.50508,-0.05508,0.95,0.99133,-0.04133,0.45,0.56346,-0.11346
3,2730,59987.0,OPEN,0.945,0.99132,-0.04632,0.445,0.50339,-0.05839,0.945,0.99133,-0.04633,0.445,0.56154,-0.11654
3,2731,60006.5,OPEN,0.94,0.99132,-0.05132,0.44,0.50169,-0.06169,0.94,0.9948,-0.0548,0.44,0.56346,-0.12346
3,2732,60026.8,OPEN,0.935,0.99306,-0.05806,0.435,0.49153,-0.05653,0.935,0.99133,-0.05633,0.435,0.56154,-0.12654
3,2733,60048.9,OPEN,0.93,0.99479,-0.06479,0.43,0.48136,-0.05136,0.93,0.9948,-0.0648,0.43,0.55769,-0.12769
3,2734,60068.4,OPEN,0.925,0.99132,-0.06632,0.425,0.47797,-0.05297,0.925,0.99307,-0.06807,0.425,0.55385,-0.12885
3,2735,60089.8,OPEN,0.92,0.98611,-0.06611,0.42,0.46949,-0.04949,0.92,0.99307,-0.07307,0.42,0.53846,-0.11846
3,2736,60109.3,OPEN,0.915,0.99132,-0.07632,0.415,0.46441,-0.04941,0.915,0.98267,-0.06767,0.415,0.52885,-0.11385
3,2737,60129.1,OPEN,0.91,0.97917,-0.06917,0.41,0.45424,-0.04424,0.91,0.97574,-0.06574,0.41,0.51923,-0.10923
3,2738,60150.7,OPEN,0.905,0.97222,-0.06722,0.405,0.44746,-0.04246,0.905,0.97747,-0.07247,0.405,0.51538,-0.11038
3,2739,60170.2,OPEN,0.9,0.96875,-0.06875,0.4,0.43898,-0.03898,0.9,0.96707,-0.06707,0.4,0.49808,-0.09808
3,2740,60191.1,OPEN,0.895,0.96181,-0.06681,0.395,0.43729,-0.04229,0.895,0.9636,-0.0686,0.395,0.48846,-0.09346
3,2741,60211.9,OPEN,0.89,0.95312,-0.06313,0.39,0.43051,-0.04051,0.89,0.95841,-0.06841,0.39,0.48077,-0.09077
3,2742,60233.1,OPEN,0.885,0.94792,-0.06292,0.385,0.41864,-0.03364,0.885,0.95494,-0.06994,0.385,0.46538,-0.08038
3,2743,60252.9,OPEN,0.88,0.94097,-0.06097,0.38,0.41186,-0.03186,0.88,0.94627,-0.06627,0.38,0.45769,-0.07769
3,2744,60273.7,OPEN,0.875,0.93229,-0.05729,0.375,0.40678,-0.03178,0.875,0.93761,-0.06261,0.375,0.45,-0.075
3,2745,60294.8,OPEN,0.87,0.92708,-0.05708,0.37,0.40169,-0.03169,0.87,0.93934,-0.06934,0.37,0.44231,-0.07231
3,2746,60315.8,OPEN,0.865,0.92535,-0.06035,0.365,0.4,-0.035,0.865,0.92721,-0.06221,0.365,0.43654,-0.07154
3,2747,60337.1,OPEN,0.86,0.91667,-0.05667,0.36,0.39831,-0.03831,0.86,0.92721,-0.06721,0.36,0.43269,-0.07269
3,2748,60357.8,OPEN,0.855,0.91146,-0.05646,0.355,0.39661,-0.04161,0.855,0.91508,-0.06008,0.355,0.42885,-0.07385
3,2749,60378.5,OPEN,0.85,0.90799,-0.05799,0.35,0.39492,-0.04492,0.85,0.91161,-0.06161,0.35,0.42885,-0.07885
3,2750,60399.8,OPEN,0.845,0.90278,-0.05778,0.345,0.39492,-0.04992,0.845,0.90468,-0.05968,0.345,0.42692,-0.08192
3,2751,60421.2,OPEN,0.84,0.89931,-0.05931,0.34,0.39831,-0.05831,0.84,0.89081,-0.05081,0.34,0.42885,-0.08885
3,2752,60444.4,OPEN,0.835,0.89583,-0.06083,0.335,0.39831,-0.06331,0.835,0.88562,-0.05062,0.335,0.42692,-0.09192
3,2753,60464.6,OPEN,0.83,0.89062,-0.06063,0.33,0.37797,-0.04797,0.83,0.87695,-0.04695,0.33,0.43077,-0.10077
3,2754,60485.2,OPEN,0.825,0.88715,-0.06215,0.325,0.37797,-0.05297,0.825,0.87348,-0.04848,0.325,0.425,-0.1
3,2755,60506.6,OPEN,0.82,0.88368,-0.06368,0.32,0.37288,-0.05288,0.82,0.86482,-0.04482,0.32,0.42308,-0.10308
3,2756,60528.4,OPEN,0.815,0.87847,-0.06347,0.315,0.3678,-0.0528,0.815,0.85962,-0.04462,0.315,0.41923,-0.10423
3,2757,60547.9,OPEN,0.81,0.875,-0.065,0.31,0.36102,-0.05102,0.81,0.85615,-0.04615,0.31,0.41731,-0.10731
3,2758,60569.8,OPEN,0.805,0.87153,-0.06653,0.305,0.35424,-0.04924,0.805,0.85269,-0.04769,0.305,0.40962,-0.10462
3,2759,60590.6,OPEN,0.8,0.86806,-0.06806,0.3,0.34746,-0.04746,0.8,0.85095,-0.05095,0.3,0.39808,-0.09808
3,2760,60609.9,OPEN,0.795,0.86458,-0.06958,0.295,0.34237,-0.04737,0.795,0.84575,-0.05075,0.295,0.39038,-0.09538
3,2761,60630.9,OPEN,0.79,0.86111,-0.07111,0.29,0.34068,-0.05068,0.79,0.84402,-0.05402,0.29,0.38269,-0.09269
3,2762,60651.5,OPEN,0.785,0.8559,-0.0709,0.285,0.32034,-0.03534,0.785,0.84055,-0.05555,0.285,0.37692,-0.09192
3,2763,60672.7,OPEN,0.78,0.85417,-0.07417,0.28,0.32542,-0.04542,0.78,0.83709,-0.05709,0.28,0.36923,-0.08923
3,2764,60693.3,OPEN,0.775,0.84722,-0.07222,0.275,0.32203,-0.04703,0.775,0.83536,-0.06036,0.275,0.36346,-0.08846
3,2765,60714.0,OPEN,0.77,0.84722,-0.07722,0.27,0.31695,-0.04695,0.77,0.83362,-0.06362,0.27,0.35962,-0.08962
3,2766,60734.7,OPEN,0.765,0.84375,-0.07875,0.265,0.31356,-0.04856,0.765,0.82842,-0.06342,0.265,0.35,-0.085
3,2767,60755.7,OPEN,0.76,0.82986,-0.06986,0.26,0.30847,-0.04847,0.76,0.82496,-0.06496,0.26,0.34231,-0.08231
3,2768,60776.8,OPEN,0.755,0.82292,-0.06792,0.255,0.30169,-0.04669,0.755,0.81976,-0.06476,0.255,0.33269,-0.07769
3,2769,60797.7,OPEN,0.75,0.81597,-0.06597,0.25,0.29831,-0.04831,0.75,0.81629,-0.06629,0.25,0.32692,-0.07692
3,2770,60818.2,OPEN,0.745,0.80903,-0.06403,0.245,0.30169,-0.05669,0.745,0.81802,-0.07302,0.245,0.32115,-0.07615
3,2771,60839.1,OPEN,0.74,0.80208,-0.06208,0.24,0.29492,-0.05492,0.74,0.80589,-0.06589,0.24,0.31538,-0.07538
3,2772,60860.3,OPEN,0.735,0.79688,-0.06188,0.235,0.28475,-0.04975,0.735,0.80069,-0.06569,0.235,0.31346,-0.07846
3,2773,60881.5,OPEN,0.73,0.78993,-0.05993,0.23,0.28136,-0.05136,0.73,0.79376,-0.06376,0.23,0.3,-0.07
3,2774,60901.0,OPEN,0.725,0.78299,-0.05799,0.225,0.27627,-0.05127,0.725,0.78683,-0.06183,0.225,0.3,-0.075
3,2775,60924.8,OPEN,0.72,0.77604,-0.05604,0.22,0.27119,-0.05119,0.72,0.78163,-0.06163,0.22,0.28846,-0.06846
3,2776,60943.4,OPEN,0.715,0.77083,-0.05583,0.215,0.27119,-0.05619,0.715,0.77296,-0.05796,0.215,0.29038,-0.07538
3,2777,60964.9,OPEN,0.71,0.76562,-0.05563,0.21,0.25932,-0.04932,0.71,0.76776,-0.05776,0.21,0.28269,-0.07269
3,2778,60985.6,OPEN,0.705,0.76215,-0.05715,0.205,0.24915,-0.04415,0.705,0.76603,-0.06103,0.205,0.27308,-0.06808
3,2779,61006.7,OPEN,0.7,0.75868,-0.05868,0.2,0.24237,-0.04237,0.7,0.75563,-0.05563,0.2,0.26731,-0.06731
3,2780,61026.4,OPEN,0.695,0.75347,-0.05847,0.195,0.23729,-0.04229,0.695,0.7487,-0.0537,0.195,0.26346,-0.06846
3,2781,61048.5,OPEN,0.69,0.75,-0.06,0.19,0.2322,-0.0422,0.69,0.7435,-0.0535,0.19,0.25962,-0.06962
3,2782,61069.3,OPEN,0.685,0.74479,-0.05979,0.185,0.22542,-0.04042,0.685,0.7383,-0.0533,0.185,0.25192,-0.06692
3,2783,61088.9,OPEN,0.68,0.74132,-0.06132,0.18,0.22373,-0.04373,0.68,0.73484,-0.05484,0.18,0.24808,-0.06808
3,2784,61108.2,OPEN,0.675,0.73611,-0.06111,0.175,0.22203,-0.04703,0.675,0.72964,-0.05464,0.175,0.24615,-0.07115
3,2785,61128.8,OPEN,0.67,0.73264,-0.06264,0.17,0.21695,-0.04695,0.67,0.72617,-0.05617,0.17,0.23846,-0.06846
3,2786,61149.6,OPEN,0.665,0.72917,-0.06417,0.165,0.21356,-0.04856,0.665,0.7227,-0.0577,0.165,0.23462,-0.06962
3,2787,61170.5,OPEN,0.66,0.72222,-0.06222,0.16,0.21017,-0.05017,0.66,0.7175,-0.0575,0.16,0.22308,-0.06308
3,2788,61191.2,OPEN,0.655,0.71875,-0.06375,0.155,0.20678,-0.05178,0.655,0.71404,-0.05904,0.155,0.21731,-0.06231
3,2789,61211.1,OPEN,0.65,0.71354,-0.06354,0.15,0.20339,-0.05339,0.65,0.70711,-0.05711,0.15,0.20962,-0.05962
3,2790,61233.1,OPEN,0.645,0.71354,-0.06854,0.145,0.20508,-0.06008,0.645,0.70537,-0.06037,0.145,0.20385,-0.05885
3,2791,61254.0,OPEN,0.64,0.70486,-0.06486,0.14,0.19492,-0.05492,0.64,0.70017,-0.06017,0.14,0.19808,-0.05808
3,2792,61274.6,OPEN,0.635,0.69965,-0.06465,0.135,0.19153,-0.05653,0.635,0.69671,-0.06171,0.135,0.19615,-0.06115
3,2793,61297.3,OPEN,0.63,0.69271,-0.06271,0.13,0.18475,-0.05475,0.63,0.68977,-0.05977,0.13,0.18846,-0.05846
3,2794,61318.6,OPEN,0.625,0.69618,-0.07118,0.125,0.17966,-0.05466,0.625,0.68458,-0.05958,0.125,0.18462,-0.05962
3,2795,61339.2,OPEN,0.62,0.68403,-0.06403,0.12,0.17458,-0.05458,0.62,0.68284,-0.06284,0.12,0.18846,-0.06846
3,2796,61359.8,OPEN,0.615,0.67708,-0.06208,0.115,0.1678,-0.0528,0.615,0.67244,-0.05744,0.115,0.17692,-0.06192
3,2797,61380.7,OPEN,0.61,0.67188,-0.06188,0.11,0.16441,-0.05441,0.61,0.66898,-0.05898,0.11,0.17115,-0.06115
3,2798,61401.3,OPEN,0.605,0.66667,-0.06167,0.105,0.15932,-0.05432,0.605,0.66205,-0.05705,0.105,0.16923,-0.06423
3,2799,61423.1,OPEN,0.6,0.65972,-0.05972,0.1,0.15424,-0.05424,0.6,0.65685,-0.05685,0.1,0.16346,-0.06346
3,2800,61445.7,OPEN,0.595,0.65625,-0.06125,0.095,0.14915,-0.05415,0.595,0.64298,-0.04798,0.095,0.15769,-0.06269
3,2801,61465.4,OPEN,0.59,0.64931,-0.05931,0.09,0.14576,-0.05576,0.59,0.64471,-0.05471,0.09,0.15577,-0.06577
3,2802,61485.7,OPEN,0.585,0.64757,-0.06257,0.085,0.13898,-0.05398,0.585,0.64125,-0.05625,0.085,0.14615,-0.06115
3,2803,61506.7,OPEN,0.58,0.63889,-0.05889,0.08,0.1322,-0.0522,0.58,0.63951,-0.05951,0.08,0.14038,-0.06038
3,2804,61527.2,OPEN,0.575,0.63368,-0.05868,0.075,0.12881,-0.05381,0.575,0.62738,-0.05238,0.075,0.13269,-0.05769
3,2805,61547.7,OPEN,0.57,0.62847,-0.05847,0.07,0.12203,-0.05203,0.57,0.62218,-0.05218,0.07,0.12885,-0.05885
3,2806,61568.8,OPEN,0.565,0.62847,-0.06347,0.065,0.11525,-0.05025,0.565,0.61525,-0.05025,0.065,0.12692,-0.06192
3,2807,61589.3,OPEN,0.56,0.61979,-0.05979,0.06,0.11017,-0.05017,0.56,0.61005,-0.05005,0.06,0.12115,-0.06115
3,2808,61610.4,OPEN,0.555,0.61285,-0.05785,0.055,0.10678,-0.05178,0.555,0.60659,-0.05159,0.055,0.10769,-0.05269
3,2809,61631.0,OPEN,0.55,0.60764,-0.05764,0.05,0.09831,-0.04831,0.55,0.60139,-0.05139,0.05,0.1,-0.05
3,2810,61651.0,OPEN,0.545,0.6059,-0.0609,0.045,0.09661,-0.05161,0.545,0.59272,-0.04772,0.045,0.09423,-0.04923
3,2811,61672.0,OPEN,0.54,0.59896,-0.05896,0.04,0.08814,-0.04814,0.54,0.59272,-0.05272,0.04,0.08654,-0.04654
3,2812,61693.6,OPEN,0.535,0.59549,-0.06049,0.035,0.08305,-0.04805,0.535,0.59099,-0.05599,0.035,0.08462,-0.04962
3,2813,61714.2,OPEN,0.53,0.59028,-0.06028,0.03,0.07966,-0.04966,0.53,0.58752,-0.05752,0.03,0.075,-0.045
3,2814,61735.2,OPEN,0.525,0.58681,-0.06181,0.025,0.07458,-0.04958,0.525,0.58232,-0.05732,0.025,0.06731,-0.04231
3,2815,61755.7,OPEN,0.52,0.5816,-0.0616,0.02,0.06949,-0.04949,0.52,0.57539,-0.05539,0.02,0.06346,-0.04346
3,2816,61776.7,OPEN,0.515,0.57292,-0.05792,0.015,0.06949,-0.05449,0.515,0.57192,-0.05692,0.015,0.05962,-0.04462
3,2817,61797.4,OPEN,0.51,0.57465,-0.06465,0.01,0.0661,-0.0561,0.51,0.56672,-0.05672,0.01,0.05385,-0.04385
3,2818,61818.1,OPEN,0.505,0.56771,-0.06271,0.005,0.06102,-0.05602,0.505,0.56326,-0.05826,0.005,0.04808,-0.04308
3,2819,61839.2,OPEN,0.5,0.55903,-0.05903,0.0,0.05085,-0.05085,0.5,0.55979,-0.05979,0.0,0.04808,-0.04808
3,2820,61860.2,OPEN,0.495,0.55556,-0.06056,0.0,0.04407,-0.04407,0.495,0.55286,-0.05786,0.0,0.04038,-0.04038
3,2821,61880.1,OPEN,0.49,0.55035,-0.06035,0.0,0.03898,-0.03898,0.49,0.54593,-0.05593,0.0,0.03462,-0.03462
3,2822,61901.9,OPEN,0.485,0.5434,-0.0584,0.0,0.03559,-0.03559,0.485,0.54073,-0.05573,0.0,0.02692,-0.02692
3,2823,61922.4,OPEN,0.48,0.54514,-0.06514,0.0,0.02881,-0.02881,0.48,0.53726,-0.05726,0.0,0.02115,-0.02115
3,2824,61944.6,OPEN,0.475,0.53472,-0.05972,0.0,0.02373,-0.02373,0.475,0.53206,-0.05706,0.0,0.01538,-0.01538
3,2825,61964.0,OPEN,0.47,0.53125,-0.06125,0.0,0.01864,-0.01864,0.47,0.53206,-0.06206,0.0,0.01154,-0.01154
3,2826,61984.6,OPEN,0.465,0.52604,-0.06104,0.0,0.01525,-0.01525,0.465,0.52166,-0.05666,0.0,0.01154,-0.01154
3,2827,62006.9,OPEN,0.46,0.51042,-0.05042,0.0,0.01186,-0.01186,0.46,0.51473,-0.05473,0.0,0.00192,-0.00192
3,2828,62027.8,OPEN,0.455,0.50694,-0.05194,0.0,0.01017,-0.01017,0.455,0.50087,-0.04587,0.0,0.0,0.0
3,2829,62047.1,OPEN,0.45,0.49306,-0.04306,0.0,0.00847,-0.00847,0.45,0.49567,-0.04567,0.0,0.0,0.0
3,2830,62067.9,OPEN,0.445,0.48785,-0.04285,0.0,0.00847,-0.00847,0.445,0.487,-0.042,0.0,0.0,0.0
3,2831,62089.1,OPEN,0.44,0.48611,-0.04611,0.0,0.00678,-0.00678,0.44,0.4818,-0.0418,0.0,0.0,0.0
3,2832,62109.2,OPEN,0.435,0.4809,-0.0459,0.0,0.00678,-0.00678,0.435,0.4766,-0.0416,0.0,0.0,0.0
3,2833,62130.1,OPEN,0.43,0.4809,-0.0509,0.0,0.00678,-0.00678,0.43,0.47487,-0.04487,0.0,0.0,0.0
3,2834,62150.9,OPEN,0.425,0.48785,-0.06285,0.0,0.00678,-0.00678,0.425,0.4714,-0.0464,0.0,0.0,0.0
3,2835,62171.8,OPEN,0.42,0.47743,-0.05743,0.0,0.00678,-0.00678,0.42,0.46967,-0.04967,0.0,0.0,0.0
3,2836,62192.7,OPEN,0.415,0.47743,-0.06243,0.0,0.00678,-0.00678,0.415,0.46794,-0.05294,0.0,0.0,0.0
3,2837,62213.2,OPEN,0.41,0.47569,-0.06569,0.0,0.00678,-0.00678,0.41,0.4662,-0.0562,0.0,0.0,0.0
3,2838,62235.5,OPEN,0.405,0.47222,-0.06722,0.0,0.00678,-0.00678,0.405,0.46447,-0.05947,0.0,0.0,0.0
3,2839,62256.2,OPEN,0.4,0.46875,-0.06875,0.0,0.00678,-0.00678,0.4,0.46101,-0.06101,0.0,0.0,0.0
3,2840,62276.2,OPEN,0.395,0.46354,-0.06854,0.0,0.00678,-0.00678,0.395,0.45754,-0.06254,0.0,0.0,0.0
3,2841,62297.4,OPEN,0.39,0.46528,-0.07528,0.0,0.00678,-0.00678,0.39,0.45581,-0.06581,0.0,0.0,0.0
3,2842,62318.7,OPEN,0.385,0.46007,-0.07507,0.0,0.00678,-0.00678,0.385,0.44541,-0.06041,0.0,0.0,0.0
3,2843,62339.1,OPEN,0.38,0.44792,-0.06792,0.0,0.00678,-0.00678,0.38,0.44021,-0.06021,0.0,0.0,0.0
3,2844,62360.9,OPEN,0.375,0.44097,-0.06597,0.0,0.00678,-0.00678,0.375,0.43501,-0.06001,0.0,0.0,0.0
3,2845,62382.1,OPEN,0.37,0.43403,-0.06403,0.0,0.00678,-0.00678,0.37,0.42634,-0.05634,0.0,0.0,0.0
3,2846,62401.9,OPEN,0.365,0.42882,-0.06382,0.0,0.00847,-0.00847,0.365,0.42288,-0.05788,0.0,0.0,0.0
3,2847,62424.0,OPEN,0.36,0.42188,-0.06188,0.0,0.00678,-0.00678,0.36,0.41421,-0.05421,0.0,0.0,0.0
3,2848,62444.4,OPEN,0.355,0.41493,-0.05993,0.0,0.01017,-0.01017,0.355,0.43154,-0.07654,0.0,0.0,0.0
3,2849,62465.7,OPEN,0.35,0.40625,-0.05625,0.0,0.00678,-0.00678,0.35,0.39861,-0.04861,0.0,0.0,0.0
3,2850,62485.7,OPEN,0.345,0.40278,-0.05778,0.0,0.00678,-0.00678,0.345,0.39341,-0.04841,0.0,0.0,0.0
3,2851,62507.2,OPEN,0.34,0.39583,-0.05583,0.0,0.00678,-0.00678,0.34,0.38821,-0.04821,0.0,0.0,0.0
3,2852,62526.7,OPEN,0.335,0.38889,-0.05389,0.0,0.00678,-0.00678,0.335,0.38128,-0.04628,0.0,0.0,0.0
3,2853,62547.4,OPEN,0.33,0.38889,-0.05889,0.0,0.00678,-0.00678,0.33,0.37608,-0.04608,0.0,0.0,0.0
3,2854,62567.9,OPEN,0.325,0.38368,-0.05868,0.0,0.00678,-0.00678,0.325,0.37262,-0.04762,0.0,0.0,0.0
3,2855,62588.9,OPEN,0.32,0.375,-0.055,0.0,0.00678,-0.00678,0.32,0.36568,-0.04568,0.0,0.0,0.0
3,2856,62609.7,OPEN,0.315,0.36632,-0.05132,0.0,0.00678,-0.00678,0.315,0.36222,-0.04722,0.0,0.0,0.0
3,2857,62631.0,OPEN,0.31,0.36458,-0.05458,0.0,0.00678,-0.00678,0.31,0.35529,-0.04529,0.0,0.0,0.0
3,2858,62651.1,OPEN,0.305,0.3559,-0.0509,0.0,0.00678,-0.00678,0.305,0.35009,-0.04509,0.0,0.0,0.0
3,2859,62672.3,OPEN,0.3,0.35069,-0.05069,0.0,0.00678,-0.00678,0.3,0.35182,-0.05182,0.0,0.0,0.0
3,2860,62693.1,OPEN,0.295,0.34722,-0.05222,0.0,0.01186,-0.01186,0.295,0.34662,-0.05162,0.0,0.0,0.0
3,2861,62713.9,OPEN,0.29,0.34201,-0.05201,0.0,0.03559,-0.03559,0.29,0.33969,-0.04969,0.0,0.0,0.0
3,2862,62734.9,OPEN,0.285,0.34028,-0.05528,0.0,0.00678,-0.00678,0.285,0.33449,-0.04949,0.0,0.0,0.0
3,2863,62755.6,OPEN,0.28,0.33333,-0.05333,0.0,0.00508,-0.00508,0.28,0.33102,-0.05102,0.0,0.0,0.0
3,2864,62776.9,OPEN,0.275,0.32986,-0.05486,0.0,0.00508,-0.00508,0.275,0.32756,-0.05256,0.0,0.0,0.0
3,2865,62798.2,OPEN,0.27,0.32465,-0.05465,0.0,0.00508,-0.00508,0.27,0.32062,-0.05062,0.0,0.0,0.0
3,2866,62818.8,OPEN,0.265,0.31771,-0.05271,0.0,0.00508,-0.00508,0.265,0.31716,-0.05216,0.0,0.0,0.0
3,2867,62841.1,OPEN,0.26,0.3125,-0.0525,0.0,0.00678,-0.00678,0.26,0.31542,-0.05542,0.0,0.0,0.0
3,2868,62860.7,OPEN,0.255,0.30903,-0.05403,0.0,0.00339,-0.00339,0.255,0.30676,-0.05176,0.0,0.0,0.0
3,2869,62882.3,OPEN,0.25,0.30208,-0.05208,0.0,0.00508,-0.00508,0.25,0.30156,-0.05156,0.0,0.0,0.0
3,2870,62902.6,OPEN,0.245,0.29688,-0.05188,0.0,0.00508,-0.00508,0.245,0.29983,-0.05483,0.0,0.0,0.0
3,2871,62923.7,OPEN,0.24,0.2934,-0.0534,0.0,0.00508,-0.00508,0.24,0.29289,-0.05289,0.0,0.0,0.0
3,2872,62944.0,OPEN,0.235,0.28646,-0.05146,0.0,0.00508,-0.00508,0.235,0.28596,-0.05096,0.0,0.0,0.0
3,2873,62964.6,OPEN,0.23,0.28299,-0.05299,0.0,0.00508,-0.00508,0.23,0.28076,-0.05076,0.0,0.0,0.0
3,2874,62985.7,OPEN,0.225,0.27604,-0.05104,0.0,0.00508,-0.00508,0.225,0.2825,-0.0575,0.0,0.0,0.0
3,2875,63005.7,OPEN,0.22,0.27083,-0.05083,0.0,0.00339,-0.00339,0.22,0.27036,-0.05036,0.0,0.0,0.0
3,2876,63026.4,OPEN,0.215,0.26736,-0.05236,0.0,0.00508,-0.00508,0.215,0.26863,-0.05363,0.0,0.0,0.0
3,2877,63047.5,OPEN,0.21,0.26215,-0.05215,0.0,0.00508,-0.00508,0.21,0.2617,-0.0517,0.0,0.0,0.0
3,2878,63068.1,OPEN,0.205,0.25868,-0.05368,0.0,0.00508,-0.00508,0.205,0.2565,-0.0515,0.0,0.0,0.0
3,2879,63089.4,OPEN,0.2,0.25347,-0.05347,0.0,0.00508,-0.00508,0.2,0.24957,-0.04957,0.0,0.0,0.0
3,2880,63110.1,OPEN,0.195,0.25,-0.055,0.0,0.00508,-0.00508,0.195,0.24437,-0.04937,0.0,0.0,0.0
3,2881,63130.7,OPEN,0.19,0.24479,-0.05479,0.0,0.00339,-0.00339,0.19,0.23917,-0.04917,0.0,0.0,0.0
3,2882,63152.0,OPEN,0.185,0.23958,-0.05458,0.0,0.00508,-0.00508,0.185,0.23397,-0.04897,0.0,0.0,0.0
3,2883,63172.1,OPEN,0.18,0.23611,-0.05611,0.0,0.00508,-0.00508,0.18,0.22877,-0.04877,0.0,0.0,0.0
3,2884,63192.9,OPEN,0.175,0.2309,-0.0559,0.0,0.00508,-0.00508,0.175,0.2253,-0.0503,0.0,0.0,0.0
3,2885,63213.7,OPEN,0.17,0.22569,-0.05569,0.0,0.00508,-0.00508,0.17,0.22184,-0.05184,0.0,0.0,0.0
3,2886,63235.2,OPEN,0.165,0.21875,-0.05375,0.0,0.00508,-0.00508,0.165,0.21317,-0.04817,0.0,0.0,0.0
3,2887,63256.3,OPEN,0.16,0.21354,-0.05354,0.0,0.00508,-0.00508,0.16,0.20797,-0.04797,0.0,0.0,0.0
3,2888,63276.3,OPEN,0.155,0.21354,-0.05854,0.0,0.00508,-0.00508,0.155,0.20277,-0.04777,0.0,0.0,0.0
3,2889,63298.9,OPEN,0.15,0.20312,-0.05313,0.0,0.00508,-0.00508,0.15,0.19757,-0.04757,0.0,0.0,0.0
3,2890,63319.4,OPEN,0.145,0.19792,-0.05292,0.0,0.00508,-0.00508,0.145,0.19237,-0.04737,0.0,0.0,0.0
3,2891,63340.4,OPEN,0.14,0.19792,-0.05792,0.0,0.00508,-0.00508,0.14,0.19064,-0.05064,0.0,0.0,0.0
3,2892,63361.6,OPEN,0.135,0.18403,-0.04903,0.0,0.00339,-0.00339,0.135,0.18024,-0.04524,0.0,0.0,0.0
3,2893,63381.6,OPEN,0.13,0.17882,-0.04882,0.0,0.00508,-0.00508,0.13,0.17331,-0.04331,0.0,0.0,0.0
3,2894,63402.5,OPEN,0.125,0.17188,-0.04688,0.0,0.00508,-0.00508,0.125,0.17504,-0.05004,0.0,0.0,0.0
3,2895,63422.9,OPEN,0.12,0.16667,-0.04667,0.0,0.00508,-0.00508,0.12,0.16638,-0.04638,0.0,0.0,0.0
3,2896,63444.8,OPEN,0.115,0.15972,-0.04472,0.0,0.00508,-0.00508,0.115,0.15945,-0.04445,0.0,0.0,0.0
3,2897,63464.7,OPEN,0.11,0.15451,-0.04451,0.0,0.00508,-0.00508,0.11,0.15425,-0.04425,0.0,0.0,0.0
3,2898,63484.9,OPEN,0.105,0.15451,-0.04951,0.0,0.00508,-0.00508,0.105,0.14905,-0.04405,0.0,0.0,0.0
3,2899,63505.6,OPEN,0.1,0.14931,-0.04931,0.0,0.00339,-0.00339,0.1,0.14558,-0.04558,0.0,0.0,0.0
3,2900,63526.9,OPEN,0.095,0.14062,-0.04563,0.0,0.00508,-0.00508,0.095,0.14038,-0.04538,0.0,0.0,0.0
3,2901,63547.2,OPEN,0.09,0.13715,-0.04715,0.0,0.00508,-0.00508,0.09,0.13692,-0.04692,0.0,0.0,0.0
3,2902,63567.8,OPEN,0.085,0.13368,-0.04868,0.0,0.00508,-0.00508,0.085,0.13172,-0.04672,0.0,0.0,0.0
3,2903,63589.0,OPEN,0.08,0.13021,-0.05021,0.0,0.00508,-0.00508,0.08,0.12652,-0.04652,0.0,0.0,0.0
3,2904,63609.4,OPEN,0.075,0.125,-0.05,0.0,0.00508,-0.00508,0.075,0.13172,-0.05672,0.0,0.0,0.0
3,2905,63630.5,OPEN,0.07,0.12153,-0.05153,0.0,0.00508,-0.00508,0.07,0.12132,-0.05132,0.0,0.0,0.0
3,2906,63651.2,OPEN,0.065,0.12153,-0.05653,0.0,0.00508,-0.00508,0.065,0.11092,-0.04592,0.0,0.0,0.0
3,2907,63672.5,OPEN,0.06,0.11285,-0.05285,0.0,0.00508,-0.00508,0.06,0.11092,-0.05092,0.0,0.0,0.0
3,2908,63693.6,OPEN,0.055,0.10764,-0.05264,0.0,0.00508,-0.00508,0.055,0.10052,-0.04552,0.0,0.0,0.0
3,2909,63714.2,OPEN,0.05,0.10243,-0.05243,0.0,0.00508,-0.00508,0.05,0.09532,-0.04532,0.0,0.0,0.0
3,2910,63734.7,OPEN,0.045,0.09722,-0.05222,0.0,0.00508,-0.00508,0.045,0.09012,-0.04512,0.0,0.0,0.0
3,2911,63755.8,OPEN,0.04,0.09201,-0.05201,0.0,0.00339,-0.00339,0.04,0.08492,-0.04492,0.0,0.0,0.0
3,2912,63776.5,OPEN,0.035,0.08681,-0.05181,0.0,0.00508,-0.00508,0.035,0.07972,-0.04472,0.0,0.0,0.0
3,2913,63798.8,OPEN,0.03,0.07986,-0.04986,0.0,0.00508,-0.00508,0.03,0.07452,-0.04452,0.0,0.0,0.0
3,2914,63818.7,OPEN,0.025,0.07812,-0.05313,0.0,0.00847,-0.00847,0.025,0.07106,-0.04606,0.0,0.0,0.0
3,2915,63839.4,OPEN,0.02,0.07292,-0.05292,0.0,0.00339,-0.00339,0.02,0.06932,-0.04932,0.0,0.0,0.0
3,2916,63861.2,OPEN,0.015,0.06424,-0.04924,0.0,0.00508,-0.00508,0.015,0.05893,-0.04393,0.0,0.0,0.0
3,2917,63882.0,OPEN,0.01,0.05729,-0.04729,0.0,0.00508,-0.00508,0.01,0.05546,-0.04546,0.0,0.0,0.0
3,2918,63903.2,OPEN,0.005,0.05208,-0.04708,0.0,0.00508,-0.00508,0.005,0.05546,-0.05046,0.0,0.0,0.0
3,2919,63923.5,OPEN,0.0,0.04688,-0.04688,0.0,0.00508,-0.00508,0.0,0.04506,-0.04506,0.0,0.0,0.0
3,2920,63930.5,HOLD_OPEN,0.0,0.0434,-0.0434,0.0,0.00508,-0.00508,0.0,0.04506,-0.04506,0.0,0.0,0.0
3,2921,63951.4,HOLD_OPEN,0.0,0.03993,-0.03993,0.0,0.00508,-0.00508,0.0,0.04159,-0.04159,0.0,0.0,0.0
3,2922,63972.0,HOLD_OPEN,0.0,0.03472,-0.03472,0.0,0.00508,-0.00508,0.0,0.03466,-0.03466,0.0,0.0,0.0
3,2923,63993.4,HOLD_OPEN,0.0,0.03472,-0.03472,0.0,0.00847,-0.00847,0.0,0.02946,-0.02946,0.0,0.0,0.0
3,2924,64015.5,HOLD_OPEN,0.0,0.02604,-0.02604,0.0,0.00678,-0.00678,0.0,0.02426,-0.02426,0.0,0.0,0.0
3,2925,64035.7,HOLD_OPEN,0.0,0.02083,-0.02083,0.0,0.00339,-0.00339,0.0,0.02253,-0.02253,0.0,0.0,0.0
3,2926,64055.8,HOLD_OPEN,0.0,0.0191,-0.0191,0.0,0.00508,-0.00508,0.0,0.0156,-0.0156,0.0,0.0,0.0
3,2927,64077.7,HOLD_OPEN,0.0,0.01562,-0.01562,0.0,0.00508,-0.00508,0.0,0.0156,-0.0156,0.0,0.0,0.0
3,2928,64098.6,HOLD_OPEN,0.0,0.01215,-0.01215,0.0,0.00508,-0.00508,0.0,0.00867,-0.00867,0.0,0.0,0.0
3,2929,64119.2,HOLD_OPEN,0.0,0.01042,-0.01042,0.0,0.00508,-0.00508,0.0,0.0052,-0.0052,0.0,0.0,0.0
3,2930,64139.0,HOLD_OPEN,0.0,0.01042,-0.01042,0.0,0.00508,-0.00508,0.0,0.00347,-0.00347,0.0,0.0,0.0
3,2931,64161.6,HOLD_OPEN,0.0,0.00868,-0.00868,0.0,0.00508,-0.00508,0.0,0.00173,-0.00173,0.0,0.0,0.0
3,2932,64182.0,HOLD_OPEN,0.0,0.00868,-0.00868,0.0,0.00508,-0.00508,0.0,0.00173,-0.00173,0.0,0.0,0.0
3,2933,64202.6,HOLD_OPEN,0.0,0.00868,-0.00868,0.0,0.00508,-0.00508,0.0,0.00347,-0.00347,0.0,0.0,0.0
3,2934,64223.1,HOLD_OPEN,0.0,0.01562,-0.01562,0.0,0.00508,-0.00508,0.0,0.0,0.0,0.0,0.0,0.0
3,2935,64244.4,HOLD_OPEN,0.0,0.01042,-0.01042,0.0,0.00508,-0.00508,0.0,0.0,0.0,0.0,0.0,0.0
3,2936,64264.6,HOLD_OPEN,0.0,0.00868,-0.00868,0.0,0.00508,-0.00508,0.0,0.0,0.0,0.0,0.0,0.0
3,2937,64285.0,HOLD_OPEN,0.0,0.00868,-0.00868,0.0,0.00508,-0.00508,0.0,0.0,0.0,0.0,0.0,0.0
3,2938,64306.5,HOLD_OPEN,0.0,0.01042,-0.01042,0.0,0.00508,-0.00508,0.0,0.00173,-0.00173,0.0,0.0,0.0
3,2939,64327.3,HOLD_OPEN,0.0,0.00868,-0.00868,0.0,0.00508,-0.00508,0.0,0.0,0.0,0.0,0.0,0.0
3,2940,64347.9,HOLD_OPEN,0.0,0.00868,-0.00868,0.0,0.00508,-0.00508,0.0,0.0,0.0,0.0,0.0,0.0
3,2941,64368.8,HOLD_OPEN,0.0,0.00868,-0.00868,0.0,0.00339,-0.00339,0.0,0.0,0.0,0.0,0.0,0.0
3,2942,64389.3,HOLD_OPEN,0.0,0.00868,-0.00868,0.0,0.00508,-0.00508,0.0,0.0,0.0,0.0,0.0,0.0
3,2943,64410.1,HOLD_OPEN,0.0,0.00868,-0.00868,0.0,0.00508,-0.00508,0.0,0.0,0.0,0.0,0.0,0.0
3,2944,64431.1,HOLD_OPEN,0.0,0.00694,-0.00694,0.0,0.00508,-0.00508,0.0,0.0,0.0,0.0,0.0,0.0
3,2945,64452.1,HOLD_OPEN,0.0,0.01042,-0.01042,0.0,0.00508,-0.00508,0.0,0.0,0.0,0.0,0.0,0.0
3,2946,64472.9,HOLD_OPEN,0.0,0.00694,-0.00694,0.0,0.00508,-0.00508,0.0,0.0,0.0,0.0,0.0,0.0
3,2947,64494.4,HOLD_OPEN,0.0,0.00868,-0.00868,0.0,0.00847,-0.00847,0.0,0.0,0.0,0.0,0.0,0.0
3,2948,64514.7,HOLD_OPEN,0.0,0.00694,-0.00694,0.0,0.00339,-0.00339,0.0,0.0,0.0,0.0,0.0,0.0
3,2949,64535.8,HOLD_OPEN,0.0,0.00521,-0.00521,0.0,0.00508,-0.00508,0.0,0.0,0.0,0.0,0.0,0.0
3,2950,64556.9,HOLD_OPEN,0.0,0.00521,-0.00521,0.0,0.00678,-0.00678,0.0,0.0,0.0,0.0,0.0,0.0
3,2951,64578.0,HOLD_OPEN,0.0,0.00521,-0.00521,0.0,0.00508,-0.00508,0.0,0.0,0.0,0.0,0.0,0.0
3,2952,64598.8,HOLD_OPEN,0.0,0.00521,-0.00521,0.0,0.00508,-0.00508,0.0,0.0,0.0,0.0,0.0,0.0
3,2953,64619.6,HOLD_OPEN,0.0,0.00521,-0.00521,0.0,0.00508,-0.00508,0.0,0.0,0.0,0.0,0.0,0.0
3,2954,64639.7,HOLD_OPEN,0.0,0.00521,-0.00521,0.0,0.00508,-0.00508,0.0,0.0,0.0,0.0,0.0,0.0
3,2955,64660.6,HOLD_OPEN,0.0,0.00521,-0.00521,0.0,0.00508,-0.00508,0.0,0.0,0.0,0.0,0.0,0.0
3,2956,64681.6,HOLD_OPEN,0.0,0.00521,-0.00521,0.0,0.00508,-0.00508,0.0,0.0,0.0,0.0,0.0,0.0
3,2957,64702.3,HOLD_OPEN,0.0,0.00521,-0.00521,0.0,0.00508,-0.00508,0.0,0.0,0.0,0.0,0.0,0.0
3,2958,64722.3,HOLD_OPEN,0.0,0.00521,-0.00521,0.0,0.00508,-0.00508,0.0,0.0,0.0,0.0,0.0,0.0
3,2959,64744.1,HOLD_OPEN,0.0,0.00521,-0.00521,0.0,0.00508,-0.00508,0.0,0.0,0.0,0.0,0.0,0.0
3,2960,64765.7,HOLD_OPEN,0.0,0.00521,-0.00521,0.0,0.00508,-0.00508,0.0,0.0,0.0,0.0,0.0,0.0
3,2961,64785.3,HOLD_OPEN,0.0,0.00521,-0.00521,0.0,0.00508,-0.00508,0.0,0.0,0.0,0.0,0.0,0.0
3,2962,64806.0,HOLD_OPEN,0.0,0.00521,-0.00521,0.0,0.00508,-0.00508,0.0,0.00173,-0.00173,0.0,0.0,0.0
3,2963,64827.0,HOLD_OPEN,0.0,0.00521,-0.00521,0.0,0.00508,-0.00508,0.0,0.0,0.0,0.0,0.0,0.0
3,2964,64848.5,HOLD_OPEN,0.0,0.00521,-0.00521,0.0,0.00508,-0.00508,0.0,0.0,0.0,0.0,0.0,0.0
3,2965,64868.0,HOLD_OPEN,0.0,0.00521,-0.00521,0.0,0.00508,-0.00508,0.0,0.0,0.0,0.0,0.0,0.0
3,2966,64889.3,HOLD_OPEN,0.0,0.00521,-0.00521,0.0,0.00508,-0.00508,0.0,0.0,0.0,0.0,0.0,0.0
3,2967,64910.7,HOLD_OPEN,0.0,0.00521,-0.00521,0.0,0.00508,-0.00508,0.0,0.0,0.0,0.0,0.0,0.0
3,2968,64931.8,HOLD_OPEN,0.0,0.00521,-0.00521,0.0,0.00678,-0.00678,0.0,0.0,0.0,0.0,0.0,0.0
3,2969,64952.3,HOLD_OPEN,0.0,0.00521,-0.00521,0.0,0.00508,-0.00508,0.0,0.0,0.0,0.0,0.0,0.0
3,2970,64973.0,HOLD_OPEN,0.0,0.00521,-0.00521,0.0,0.00508,-0.00508,0.0,0.0,0.0,0.0,0.0,0.0
3,2971,64993.6,HOLD_OPEN,0.0,0.00521,-0.00521,0.0,0.00508,-0.00508,0.0,0.0,0.0,0.0,0.0,0.0
3,2972,65014.8,HOLD_OPEN,0.0,0.00521,-0.00521,0.0,0.00508,-0.00508,0.0,0.0,0.0,0.0,0.0,0.0
3,2973,65036.0,HOLD_OPEN,0.0,0.00521,-0.00521,0.0,0.00508,-0.00508,0.0,0.0,0.0,0.0,0.0,0.0
3,2974,65056.5,HOLD_OPEN,0.0,0.00521,-0.00521,0.0,0.00508,-0.00508,0.0,0.0,0.0,0.0,0.0,0.0
3,2975,65076.9,HOLD_OPEN,0.0,0.00521,-0.00521,0.0,0.00678,-0.00678,0.0,0.0,0.0,0.0,0.0,0.0
3,2976,65098.8,HOLD_OPEN,0.0,0.00521,-0.00521,0.0,0.00508,-0.00508,0.0,0.00173,-0.00173,0.0,0.0,0.0
3,2977,65119.6,HOLD_OPEN,0.0,0.00521,-0.00521,0.0,0.00508,-0.00508,0.0,0.0,0.0,0.0,0.0,0.0
3,2978,65139.5,HOLD_OPEN,0.0,0.00521,-0.00521,0.0,0.00339,-0.00339,0.0,0.0,0.0,0.0,0.0,0.0
3,2979,65160.3,HOLD_OPEN,0.0,0.00521,-0.00521,0.0,0.00508,-0.00508,0.0,0.0,0.0,0.0,0.0,0.0
3,2980,65182.6,CLOSE_2,0.005,0.00521,-0.00021,0.005,0.00508,-8e-05,0.005,0.0,0.005,0.005,0.0,0.005
3,2981,65203.5,CLOSE_2,0.01,0.00521,0.00479,0.01,0.00508,0.00492,0.01,0.0,0.01,0.01,0.0,0.01
3,2982,65224.8,CLOSE_2,0.015,0.00347,0.01153,0.015,0.00508,0.00992,0.015,0.0,0.015,0.015,0.0,0.015
3,2983,65245.4,CLOSE_2,0.02,0.00521,0.01479,0.02,0.00508,0.01492,0.02,0.0,0.02,0.02,0.0,0.02
3,2984,65266.5,CLOSE_2,0.025,0.00521,0.01979,0.025,0.00508,0.01992,0.025,0.0,0.025,0.025,0.0,0.025
3,2985,65286.8,CLOSE_2,0.03,0.00521,0.02479,0.03,0.00508,0.02492,0.03,0.0,0.03,0.03,0.0,0.03
3,2986,65308.1,CLOSE_2,0.035,0.00521,0.02979,0.035,0.00508,0.02992,0.035,0.0,0.035,0.035,0.0,0.035
3,2987,65328.7,CLOSE_2,0.04,0.00521,0.03479,0.04,0.00508,0.03492,0.04,0.0,0.04,0.04,0.0,0.04
3,2988,65349.6,CLOSE_2,0.045,0.00521,0.03979,0.045,0.00508,0.03992,0.045,0.0,0.045,0.045,0.0,0.045
3,2989,65371.2,CLOSE_2,0.05,0.01215,0.03785,0.05,0.00339,0.04661,0.05,0.0,0.05,0.05,0.0,0.05
3,2990,65391.3,CLOSE_2,0.055,0.00868,0.04632,0.055,0.00678,0.04822,0.055,0.0,0.055,0.055,0.0,0.055
3,2991,65412.8,CLOSE_2,0.06,0.01042,0.04958,0.06,0.00508,0.05492,0.06,0.00347,0.05653,0.06,0.0,0.06
3,2992,65434.6,CLOSE_2,0.065,0.00868,0.05632,0.065,0.00508,0.05992,0.065,0.00693,0.05807,0.065,0.00577,0.05923
3,2993,65456.0,CLOSE_2,0.07,0.01736,0.05264,0.07,0.00508,0.06492,0.07,0.01386,0.05614,0.07,0.01346,0.05654
3,2994,65475.3,CLOSE_2,0.075,0.0191,0.0559,0.075,0.00678,0.06822,0.075,0.0208,0.0542,0.075,0.02115,0.05385
3,2995,65495.2,CLOSE_2,0.08,0.03125,0.04875,0.08,0.01356,0.06644,0.08,0.02773,0.05227,0.08,0.02885,0.05115
3,2996,65516.5,CLOSE_2,0.085,0.03993,0.04507,0.085,0.02203,0.06297,0.085,0.0364,0.0486,0.085,0.04231,0.04269
3,2997,65539.0,CLOSE_2,0.09,0.04861,0.04139,0.09,0.02881,0.06119,0.09,0.04506,0.04494,0.09,0.05,0.04
3,2998,65558.8,CLOSE_2,0.095,0.05556,0.03944,0.095,0.04068,0.05432,0.095,0.05373,0.04127,0.095,0.05962,0.03538
3,2999,65579.3,CLOSE_2,0.1,0.06424,0.03576,0.1,0.04576,0.05424,0.1,0.06412,0.03588,0.1,0.06731,0.03269
3,3000,65600.1,CLOSE_2,0.105,0.07465,0.03035,0.105,0.05593,0.04907,0.105,0.06932,0.03568,0.105,0.07692,0.02808
3,3001,65620.9,CLOSE_2,0.11,0.0816,0.0284,0.11,0.06441,0.04559,0.11,0.07626,0.03374,0.11,0.08462,0.02538
3,3002,65640.7,CLOSE_2,0.115,0.09028,0.02472,0.115,0.07288,0.04212,0.115,0.08666,0.02834,0.115,0.09231,0.02269
3,3003,65662.2,CLOSE_2,0.12,0.09896,0.02104,0.12,0.08136,0.03864,0.12,0.09185,0.02815,0.12,0.09808,0.02192
3,3004,65682.8,CLOSE_2,0.125,0.10417,0.02083,0.125,0.09661,0.02839,0.125,0.09879,0.02621,0.125,0.10577,0.01923
3,3005,65703.9,CLOSE_2,0.13,0.10764,0.02236,0.13,0.1,0.03,0.13,0.10745,0.02255,0.13,0.11154,0.01846
3,3006,65724.5,CLOSE_2,0.135,0.11285,0.02215,0.135,0.10847,0.02653,0.135,0.11265,0.02235,0.135,0.12115,0.01385
3,3007,65745.4,CLOSE_2,0.14,0.11632,0.02368,0.14,0.11186,0.02814,0.14,0.11612,0.02388,0.14,0.11923,0.02077
3,3008,65766.1,CLOSE_2,0.145,0.12153,0.02347,0.145,0.11864,0.02636,0.145,0.12132,0.02368,0.145,0.12308,0.02192
3,3009,65786.8,CLOSE_2,0.15,0.12153,0.02847,0.15,0.12712,0.02288,0.15,0.12478,0.02522,0.15,0.125,0.025
3,3010,65808.4,CLOSE_2,0.155,0.12326,0.03174,0.155,0.13051,0.02449,0.155,0.12825,0.02675,0.155,0.12692,0.02808
3,3011,65828.5,CLOSE_2,0.16,0.125,0.035,0.16,0.13559,0.02441,0.16,0.12825,0.03175,0.16,0.14038,0.01962
3,3012,65849.6,CLOSE_2,0.165,0.12674,0.03826,0.165,0.13898,0.02602,0.165,0.13172,0.03328,0.165,0.13077,0.03423
3,3013,65870.8,CLOSE_2,0.17,0.13021,0.03979,0.17,0.14576,0.02424,0.17,0.13345,0.03655,0.17,0.13462,0.03538
3,3014,65891.5,CLOSE_2,0.175,0.13194,0.04306,0.175,0.14746,0.02754,0.175,0.13518,0.03982,0.175,0.13846,0.03654
3,3015,65912.5,CLOSE_2,0.18,0.13715,0.04285,0.18,0.14407,0.03593,0.18,0.13692,0.04308,0.18,0.14231,0.03769
3,3016,65933.8,CLOSE_2,0.185,0.14062,0.04438,0.185,0.14746,0.03754,0.185,0.14731,0.03769,0.185,0.14615,0.03885
3,3017,65954.9,CLOSE_2,0.19,0.14583,0.04417,0.19,0.14746,0.04254,0.19,0.14211,0.04789,0.19,0.15577,0.03423
3,3018,65975.7,CLOSE_2,0.195,0.15799,0.03701,0.195,0.15763,0.03737,0.195,0.14731,0.04769,0.195,0.15577,0.03923
3,3019,65996.9,CLOSE_2,0.2,0.15799,0.04201,0.2,0.15593,0.04407,0.2,0.14905,0.05095,0.2,0.16346,0.03654
3,3020,66016.5,CLOSE_2,0.205,0.16667,0.03833,0.205,0.15593,0.04907,0.205,0.15771,0.04729,0.205,0.16923,0.03577
3,3021,66037.1,CLOSE_2,0.21,0.17188,0.03813,0.21,0.15763,0.05237,0.21,0.16464,0.04536,0.21,0.175,0.035
3,3022,66058.3,CLOSE_2,0.215,0.17882,0.03618,0.215,0.1661,0.0489,0.215,0.17158,0.04342,0.215,0.17885,0.03615
3,3023,66078.5,CLOSE_2,0.22,0.18403,0.03597,0.22,0.1661,0.0539,0.22,0.17678,0.04322,0.22,0.19038,0.02962
3,3024,66099.5,CLOSE_2,0.225,0.19097,0.03403,0.225,0.17288,0.05212,0.225,0.18371,0.04129,0.225,0.19038,0.03462
3,3025,66120.7,CLOSE_2,0.23,0.19965,0.03035,0.23,0.17288,0.05712,0.23,0.19064,0.03936,0.23,0.2,0.03
3,3026,66141.2,CLOSE_2,0.235,0.20312,0.03188,0.235,0.17966,0.05534,0.235,0.19584,0.03916,0.235,0.20769,0.02731
3,3027,66162.0,CLOSE_2,0.24,0.20833,0.03167,0.24,0.18305,0.05695,0.24,0.20451,0.03549,0.24,0.21538,0.02462
3,3028,66183.2,CLOSE_2,0.245,0.21181,0.03319,0.245,0.18983,0.05517,0.245,0.20971,0.03529,0.245,0.22308,0.02192
3,3029,66203.5,CLOSE_2,0.25,0.21354,0.03646,0.25,0.19831,0.05169,0.25,0.2149,0.0351,0.25,0.23654,0.01346
3,3030,66224.6,CLOSE_2,0.255,0.22222,0.03278,0.255,0.19831,0.05669,0.255,0.22357,0.03143,0.255,0.23846,0.01654
3,3031,66245.5,CLOSE_2,0.26,0.22569,0.03431,0.26,0.20508,0.05492,0.26,0.22704,0.03296,0.26,0.25192,0.00808
3,3032,66266.3,CLOSE_2,0.265,0.22917,0.03583,0.265,0.21695,0.04805,0.265,0.22877,0.03623,0.265,0.25385,0.01115
3,3033,66287.3,CLOSE_2,0.27,0.23438,0.03563,0.27,0.22203,0.04797,0.27,0.23397,0.03603,0.27,0.25962,0.01038
3,3034,66308.8,CLOSE_2,0.275,0.23958,0.03542,0.275,0.22373,0.05127,0.275,0.23744,0.03756,0.275,0.26538,0.00962
3,3035,66329.0,CLOSE_2,0.28,0.24306,0.03694,0.28,0.23051,0.04949,0.28,0.2409,0.0391,0.28,0.27115,0.00885
3,3036,66350.2,CLOSE_2,0.285,0.24826,0.03674,0.285,0.23898,0.04602,0.285,0.24957,0.03543,0.285,0.27308,0.01192
3,3037,66371.4,CLOSE_2,0.29,0.25347,0.03653,0.29,0.24746,0.04254,0.29,0.25477,0.03523,0.29,0.28269,0.00731
3,3038,66392.1,CLOSE_2,0.295,0.26042,0.03458,0.295,0.25763,0.03737,0.295,0.25823,0.03677,0.295,0.28269,0.01231
3,3039,66412.8,CLOSE_2,0.3,0.26562,0.03438,0.3,0.26441,0.03559,0.3,0.26343,0.03657,0.3,0.28654,0.01346
3,3040,66433.2,CLOSE_2,0.305,0.27083,0.03417,0.305,0.26949,0.03551,0.305,0.26863,0.03637,0.305,0.29808,0.00692
3,3041,66454.3,CLOSE_2,0.31,0.27604,0.03396,0.31,0.27458,0.03542,0.31,0.27383,0.03617,0.31,0.30192,0.00808
3,3042,66475.0,CLOSE_2,0.315,0.28125,0.03375,0.315,0.27797,0.03703,0.315,0.27903,0.03597,0.315,0.30577,0.00923
3,3043,66495.7,CLOSE_2,0.32,0.28819,0.03181,0.32,0.28305,0.03695,0.32,0.28769,0.03231,0.32,0.30962,0.01038
3,3044,66516.6,CLOSE_2,0.325,0.2934,0.0316,0.325,0.28644,0.03856,0.325,0.28943,0.03557,0.325,0.31731,0.00769
3,3045,66537.2,CLOSE_2,0.33,0.29861,0.03139,0.33,0.29153,0.03847,0.33,0.29289,0.03711,0.33,0.31731,0.01269
3,3046,66558.1,CLOSE_2,0.335,0.30035,0.03465,0.335,0.29492,0.04008,0.335,0.29809,0.03691,0.335,0.32692,0.00808
3,3047,66579.2,CLOSE_2,0.34,0.30729,0.03271,0.34,0.3,0.04,0.34,0.30503,0.03497,0.34,0.33269,0.00731
3,3048,66599.4,CLOSE_2,0.345,0.31424,0.03076,0.345,0.30169,0.04331,0.345,0.30676,0.03824,0.345,0.34231,0.00269
3,3049,66620.0,CLOSE_2,0.35,0.31076,0.03924,0.35,0.30678,0.04322,0.35,0.31196,0.03804,0.35,0.34615,0.00385
3,3050,66641.2,CLOSE_2,0.355,0.31424,0.04076,0.355,0.31186,0.04314,0.355,0.31196,0.04304,0.355,0.35577,-0.00077
3,3051,66661.5,CLOSE_2,0.36,0.31771,0.04229,0.36,0.31695,0.04305,0.36,0.31196,0.04804,0.36,0.36346,-0.00346
3,3052,66683.1,CLOSE_2,0.365,0.32465,0.04035,0.365,0.32712,0.03788,0.365,0.31889,0.04611,0.365,0.36346,0.00154
3,3053,66703.3,CLOSE_2,0.37,0.32986,0.04014,0.37,0.3339,0.0361,0.37,0.32409,0.04591,0.37,0.36538,0.00462
3,3054,66724.3,CLOSE_2,0.375,0.33681,0.03819,0.375,0.3339,0.0411,0.375,0.33102,0.04398,0.375,0.36923,0.00577
3,3055,66744.8,CLOSE_2,0.38,0.34375,0.03625,0.38,0.33729,0.04271,0.38,0.33622,0.04378,0.38,0.37308,0.00692
3,3056,66766.2,CLOSE_2,0.385,0.34896,0.03604,0.385,0.34068,0.04432,0.385,0.34315,0.04185,0.385,0.38077,0.00423
3,3057,66787.6,CLOSE_2,0.39,0.35938,0.03063,0.39,0.34407,0.04593,0.39,0.35182,0.03818,0.39,0.38269,0.00731
3,3058,66807.7,CLOSE_2,0.395,0.36632,0.02868,0.395,0.34915,0.04585,0.395,0.35702,0.03798,0.395,0.39423,0.00077
3,3059,66828.5,CLOSE_2,0.4,0.36806,0.03194,0.4,0.35424,0.04576,0.4,0.36395,0.03605,0.4,0.39808,0.00192
3,3060,66850.3,CLOSE_2,0.405,0.38194,0.02306,0.405,0.36271,0.04229,0.405,0.37088,0.03412,0.405,0.40192,0.00308
3,3061,66870.8,CLOSE_2,0.41,0.38021,0.02979,0.41,0.37119,0.03881,0.41,0.37608,0.03392,0.41,0.40769,0.00231
3,3062,66891.5,CLOSE_2,0.415,0.38542,0.02958,0.415,0.37627,0.03873,0.415,0.38302,0.03198,0.415,0.41538,-0.00038
3,3063,66912.6,CLOSE_2,0.42,0.39062,0.02938,0.42,0.37797,0.04203,0.42,0.38995,0.03005,0.42,0.42115,-0.00115
3,3064,66934.2,CLOSE_2,0.425,0.38542,0.03958,0.425,0.38305,0.04195,0.425,0.39515,0.02985,0.425,0.43654,-0.01154
3,3065,66954.4,CLOSE_2,0.43,0.40451,0.02549,0.43,0.38814,0.04186,0.43,0.40035,0.02965,0.43,0.43654,-0.00654
3,3066,66975.0,CLOSE_2,0.435,0.40972,0.02528,0.435,0.39831,0.03669,0.435,0.40901,0.02599,0.435,0.44423,-0.00923
3,3067,66996.1,CLOSE_2,0.44,0.41319,0.02681,0.44,0.40339,0.03661,0.44,0.40901,0.03099,0.44,0.45,-0.01
3,3068,67016.0,CLOSE_2,0.445,0.41667,0.02833,0.445,0.40169,0.04331,0.445,0.41594,0.02906,0.445,0.45385,-0.00885
3,3069,67037.3,CLOSE_2,0.45,0.42014,0.02986,0.45,0.40508,0.04492,0.45,0.42114,0.02886,0.45,0.45769,-0.00769
3,3070,67057.3,CLOSE_2,0.455,0.42361,0.03139,0.455,0.41017,0.04483,0.455,0.42461,0.03039,0.455,0.46346,-0.00846
3,3071,67078.4,CLOSE_2,0.46,0.42882,0.03118,0.46,0.41356,0.04644,0.46,0.42981,0.03019,0.46,0.46923,-0.00923
3,3072,67099.4,CLOSE_2,0.465,0.43403,0.03097,0.465,0.41695,0.04805,0.465,0.43328,0.03172,0.465,0.47692,-0.01192
3,3073,67120.3,CLOSE_2,0.47,0.4375,0.0325,0.47,0.42203,0.04797,0.47,0.43847,0.03153,0.47,0.47885,-0.00885
3,3074,67141.4,CLOSE_2,0.475,0.44444,0.03056,0.475,0.4339,0.0411,0.475,0.44194,0.03306,0.475,0.48462,-0.00962
3,3075,67162.3,CLOSE_2,0.48,0.4566,0.0234,0.48,0.43729,0.04271,0.48,0.44367,0.03633,0.48,0.49615,-0.01615
3,3076,67183.9,CLOSE_2,0.485,0.45833,0.02667,0.485,0.43898,0.04602,0.485,0.44887,0.03613,0.485,0.49615,-0.01115
3,3077,67203.5,CLOSE_2,0.49,0.4566,0.0334,0.49,0.45254,0.03746,0.49,0.46101,0.02899,0.49,0.50192,-0.01192
3,3078,67224.3,CLOSE_2,0.495,0.46354,0.03146,0.495,0.45763,0.03737,0.495,0.46447,0.03053,0.495,0.50769,-0.01269
3,3079,67245.9,CLOSE_2,0.5,0.47049,0.02951,0.5,0.46102,0.03898,0.5,0.46447,0.03553,0.5,0.51154,-0.01154
3,3080,67266.2,CLOSE_2,0.505,0.47222,0.03278,0.5,0.46441,0.03559,0.505,0.46794,0.03706,0.5,0.51923,-0.01923
3,3081,67287.4,CLOSE_2,0.51,0.47743,0.03257,0.5,0.47627,0.02373,0.51,0.47314,0.03686,0.5,0.525,-0.025
3,3082,67307.5,CLOSE_2,0.515,0.48785,0.02715,0.5,0.47627,0.02373,0.515,0.4766,0.0384,0.5,0.53077,-0.03077
3,3083,67329.0,CLOSE_2,0.52,0.48785,0.03215,0.5,0.48136,0.01864,0.52,0.48007,0.03993,0.5,0.53462,-0.03462
3,3084,67350.2,CLOSE_2,0.525,0.49826,0.02674,0.5,0.48644,0.01356,0.525,0.48527,0.03973,0.5,0.54615,-0.04615
3,3085,67371.6,CLOSE_2,0.53,0.50694,0.02306,0.5,0.49322,0.00678,0.53,0.49913,0.03087,0.5,0.54423,-0.04423
3,3086,67391.5,CLOSE_2,0.535,0.51389,0.02111,0.5,0.50339,-0.00339,0.535,0.5078,0.0272,0.5,0.54808,-0.04808
3,3087,67413.5,CLOSE_2,0.54,0.52431,0.01569,0.5,0.50678,-0.00678,0.54,0.51473,0.02527,0.5,0.55192,-0.05192
3,3088,67434.2,CLOSE_2,0.545,0.53125,0.01375,0.5,0.51017,-0.01017,0.545,0.52513,0.01987,0.5,0.55385,-0.05385
3,3089,67454.2,CLOSE_2,0.55,0.53299,0.01701,0.5,0.51017,-0.01017,0.55,0.52686,0.02314,0.5,0.55577,-0.05577
3,3090,67475.3,CLOSE_2,0.555,0.53646,0.01854,0.5,0.51017,-0.01017,0.555,0.53033,0.02467,0.5,0.55962,-0.05962
3,3091,67496.0,CLOSE_2,0.56,0.53819,0.02181,0.5,0.51017,-0.01017,0.56,0.53206,0.02794,0.5,0.55962,-0.05962
3,3092,67516.8,CLOSE_2,0.565,0.53819,0.02681,0.5,0.51017,-0.01017,0.565,0.53553,0.02947,0.5,0.55962,-0.05962
3,3093,67536.9,CLOSE_2,0.57,0.5434,0.0266,0.5,0.51017,-0.01017,0.57,0.53899,0.03101,0.5,0.55962,-0.05962
3,3094,67557.9,CLOSE_2,0.575,0.5434,0.0316,0.5,0.51017,-0.01017,0.575,0.54246,0.03254,0.5,0.55769,-0.05769
3,3095,67579.2,CLOSE_2,0.58,0.54514,0.03486,0.5,0.50847,-0.00847,0.58,0.54419,0.03581,0.5,0.55769,-0.05769
3,3096,67599.8,CLOSE_2,0.585,0.54861,0.03639,0.5,0.50847,-0.00847,0.585,0.54766,0.03734,0.5,0.55962,-0.05962
3,3097,67619.9,CLOSE_2,0.59,0.55208,0.03792,0.5,0.51017,-0.01017,0.59,0.55286,0.03714,0.5,0.55769,-0.05769
3,3098,67641.2,CLOSE_2,0.595,0.55556,0.03944,0.5,0.51695,-0.01695,0.595,0.55633,0.03867,0.5,0.55769,-0.05769
3,3099,67662.3,CLOSE_2,0.6,0.56076,0.03924,0.5,0.51017,-0.01017,0.6,0.57019,0.02981,0.5,0.55962,-0.05962
3,3100,67683.1,CLOSE_2,0.605,0.56424,0.04076,0.5,0.51017,-0.01017,0.605,0.56499,0.04001,0.5,0.55962,-0.05962
3,3101,67704.1,CLOSE_2,0.61,0.57118,0.03882,0.5,0.51017,-0.01017,0.61,0.57019,0.03981,0.5,0.55962,-0.05962
3,3102,67724.6,CLOSE_2,0.615,0.58507,0.02993,0.5,0.51017,-0.01017,0.615,0.57539,0.03961,0.5,0.55962,-0.05962
3,3103,67746.4,CLOSE_2,0.62,0.58333,0.03667,0.5,0.51017,-0.01017,0.62,0.58059,0.03941,0.5,0.55577,-0.05577
3,3104,67766.3,CLOSE_2,0.625,0.58854,0.03646,0.5,0.51017,-0.01017,0.625,0.58752,0.03748,0.5,0.55769,-0.05769
3,3105,67788.3,CLOSE_2,0.63,0.59549,0.03451,0.5,0.51017,-0.01017,0.63,0.59272,0.03728,0.5,0.55769,-0.05769
3,3106,67808.5,CLOSE_2,0.635,0.60243,0.03257,0.5,0.50847,-0.00847,0.635,0.59965,0.03535,0.5,0.55962,-0.05962
3,3107,67829.4,CLOSE_2,0.64,0.60764,0.03236,0.5,0.51017,-0.01017,0.64,0.60659,0.03341,0.5,0.55962,-0.05962
3,3108,67851.5,CLOSE_2,0.645,0.61458,0.03042,0.5,0.51017,-0.01017,0.645,0.61352,0.03148,0.5,0.55962,-0.05962
3,3109,67870.5,CLOSE_2,0.65,0.61979,0.03021,0.5,0.51186,-0.01186,0.65,0.61872,0.03128,0.5,0.55962,-0.05962
3,3110,67892.2,CLOSE_2,0.655,0.625,0.03,0.5,0.51017,-0.01017,0.655,0.62738,0.02762,0.5,0.55769,-0.05769
3,3111,67913.0,CLOSE_2,0.66,0.63194,0.02806,0.5,0.51017,-0.01017,0.66,0.63085,0.02915,0.5,0.55769,-0.05769
3,3112,67933.0,CLOSE_2,0.665,0.63889,0.02611,0.5,0.50508,-0.00508,0.665,0.63432,0.03068,0.5,0.55769,-0.05769
3,3113,67954.1,CLOSE_2,0.67,0.64236,0.02764,0.5,0.51017,-0.01017,0.67,0.64125,0.02875,0.5,0.55769,-0.05769
3,3114,67975.0,CLOSE_2,0.675,0.64757,0.02743,0.5,0.51017,-0.01017,0.675,0.65165,0.02335,0.5,0.55962,-0.05962
3,3115,67996.1,CLOSE_2,0.68,0.65278,0.02722,0.5,0.51017,-0.01017,0.68,0.65165,0.02835,0.5,0.55962,-0.05962
3,3116,68016.2,CLOSE_2,0.685,0.65799,0.02701,0.5,0.51017,-0.01017,0.685,0.65511,0.02989,0.5,0.55962,-0.05962
3,3117,68037.3,CLOSE_2,0.69,0.6684,0.0216,0.5,0.50678,-0.00678,0.69,0.65858,0.03142,0.5,0.55962,-0.05962
3,3118,68057.3,CLOSE_2,0.695,0.67014,0.02486,0.5,0.49831,0.00169,0.695,0.66205,0.03295,0.5,0.55962,-0.05962
3,3119,68077.4,CLOSE_2,0.7,0.67361,0.02639,0.5,0.49492,0.00508,0.7,0.66724,0.03276,0.5,0.55962,-0.05962
3,3120,68097.0,CLOSE_2,0.705,0.67361,0.03139,0.5,0.49153,0.00847,0.705,0.67764,0.02736,0.5,0.55962,-0.05962
3,3121,68118.8,CLOSE_2,0.71,0.67882,0.03118,0.5,0.48814,0.01186,0.71,0.67591,0.03409,0.5,0.55962,-0.05962
3,3122,68140.9,CLOSE_2,0.715,0.68576,0.02924,0.5,0.48475,0.01525,0.715,0.67938,0.03562,0.5,0.55962,-0.05962
3,3123,68161.6,CLOSE_2,0.72,0.68924,0.03076,0.5,0.48644,0.01356,0.72,0.68458,0.03542,0.5,0.55769,-0.05769
3,3124,68182.1,CLOSE_2,0.725,0.69792,0.02708,0.5,0.48644,0.01356,0.725,0.68977,0.03523,0.5,0.55962,-0.05962
3,3125,68203.3,CLOSE_2,0.73,0.69965,0.03035,0.5,0.49153,0.00847,0.73,0.69497,0.03503,0.5,0.55769,-0.05769
3,3126,68223.8,CLOSE_2,0.735,0.70486,0.03014,0.5,0.48644,0.01356,0.735,0.70017,0.03483,0.5,0.55962,-0.05962
3,3127,68245.2,CLOSE_2,0.74,0.70833,0.03167,0.5,0.49492,0.00508,0.74,0.70711,0.03289,0.5,0.55769,-0.05769
3,3128,68265.7,CLOSE_2,0.745,0.71354,0.03146,0.5,0.49661,0.00339,0.745,0.71404,0.03096,0.5,0.55962,-0.05962
3,3129,68286.9,CLOSE_2,0.75,0.72049,0.02951,0.5,0.48644,0.01356,0.75,0.71577,0.03423,0.5,0.55962,-0.05962
3,3130,68308.5,CLOSE_2,0.755,0.72569,0.02931,0.5,0.48475,0.01525,0.755,0.72097,0.03403,0.5,0.56346,-0.06346
3,3131,68328.6,CLOSE_2,0.76,0.7309,0.0291,0.5,0.49322,0.00678,0.76,0.72617,0.03383,0.5,0.55769,-0.05769
3,3132,68350.8,CLOSE_2,0.765,0.73611,0.02889,0.5,0.48983,0.01017,0.765,0.72964,0.03536,0.5,0.55769,-0.05769
3,3133,68371.3,CLOSE_2,0.77,0.74132,0.02868,0.5,0.49661,0.00339,0.77,0.7383,0.0317,0.5,0.55769,-0.05769
3,3134,68391.3,CLOSE_2,0.775,0.75174,0.02326,0.5,0.49661,0.00339,0.775,0.75043,0.02457,0.5,0.55962,-0.05962
3,3135,68412.5,CLOSE_2,0.78,0.75347,0.02653,0.5,0.50508,-0.00508,0.78,0.74697,0.03303,0.5,0.55769,-0.05769
3,3136,68432.8,CLOSE_2,0.785,0.75694,0.02806,0.5,0.50339,-0.00339,0.785,0.75217,0.03283,0.5,0.55962,-0.05962
3,3137,68452.9,CLOSE_2,0.79,0.75868,0.03132,0.5,0.50678,-0.00678,0.79,0.75563,0.03437,0.5,0.55962,-0.05962
3,3138,68473.9,CLOSE_2,0.795,0.76389,0.03111,0.5,0.50508,-0.00508,0.795,0.76256,0.03244,0.5,0.55962,-0.05962
3,3139,68494.7,CLOSE_2,0.8,0.7691,0.0309,0.5,0.50339,-0.00339,0.8,0.76776,0.03224,0.5,0.55769,-0.05769
3,3140,68516.4,CLOSE_2,0.805,0.77257,0.03243,0.5,0.50339,-0.00339,0.805,0.77296,0.03204,0.5,0.55962,-0.05962
3,3141,68536.4,CLOSE_2,0.81,0.77431,0.03569,0.5,0.50339,-0.00339,0.81,0.77816,0.03184,0.5,0.55962,-0.05962
3,3142,68557.3,CLOSE_2,0.815,0.78819,0.02681,0.5,0.50339,-0.00339,0.815,0.78336,0.03164,0.5,0.55769,-0.05769
3,3143,68578.2,CLOSE_2,0.82,0.79861,0.02139,0.5,0.50508,-0.00508,0.82,0.79029,0.02971,0.5,0.55962,-0.05962
3,3144,68598.7,CLOSE_2,0.825,0.7934,0.0316,0.5,0.50508,-0.00508,0.825,0.79203,0.03297,0.5,0.55962,-0.05962
3,3145,68619.8,CLOSE_2,0.83,0.79688,0.03313,0.5,0.50339,-0.00339,0.83,0.79723,0.03277,0.5,0.55962,-0.05962
3,3146,68641.1,CLOSE_2,0.835,0.80382,0.03118,0.5,0.50508,-0.00508,0.835,0.80936,0.02564,0.5,0.55769,-0.05769
3,3147,68662.3,CLOSE_2,0.84,0.80903,0.03097,0.5,0.50508,-0.00508,0.84,0.81282,0.02718,0.5,0.55962,-0.05962
3,3148,68682.2,CLOSE_2,0.845,0.8125,0.0325,0.5,0.50508,-0.00508,0.845,0.81456,0.03044,0.5,0.55962,-0.05962
3,3149,68703.3,CLOSE_2,0.85,0.81944,0.03056,0.5,0.50508,-0.00508,0.85,0.81802,0.03198,0.5,0.55962,-0.05962
3,3150,68724.0,CLOSE_2,0.855,0.82465,0.03035,0.5,0.50339,-0.00339,0.855,0.82149,0.03351,0.5,0.55769,-0.05769
3,3151,68746.3,CLOSE_2,0.86,0.8316,0.0284,0.5,0.50339,-0.00339,0.86,0.82842,0.03158,0.5,0.55962,-0.05962
3,3152,68766.3,CLOSE_2,0.865,0.83507,0.02993,0.5,0.50339,-0.00339,0.865,0.84055,0.02445,0.5,0.55962,-0.05962
3,3153,68788.2,CLOSE_2,0.87,0.84201,0.02799,0.5,0.50339,-0.00339,0.87,0.84055,0.02945,0.5,0.55962,-0.05962
3,3154,68808.3,CLOSE_2,0.875,0.84549,0.02951,0.5,0.50508,-0.00508,0.875,0.85269,0.02231,0.5,0.55962,-0.05962
3,3155,68829.0,CLOSE_2,0.88,0.85417,0.02583,0.5,0.50678,-0.00678,0.88,0.85269,0.02731,0.5,0.55769,-0.05769
3,3156,68849.5,CLOSE_2,0.885,0.85764,0.02736,0.5,0.50508,-0.00508,0.885,0.85962,0.02538,0.5,0.55962,-0.05962
3,3157,68870.0,CLOSE_2,0.89,0.86806,0.02194,0.5,0.50339,-0.00339,0.89,0.86482,0.02518,0.5,0.55962,-0.05962
3,3158,68891.6,CLOSE_2,0.895,0.86632,0.02868,0.5,0.50339,-0.00339,0.895,0.87002,0.02498,0.5,0.55769,-0.05769
3,3159,68912.2,CLOSE_2,0.9,0.87153,0.02847,0.5,0.50339,-0.00339,0.9,0.87695,0.02305,0.5,0.55962,-0.05962
3,3160,68931.9,CLOSE_2,0.905,0.87674,0.02826,0.5,0.50508,-0.00508,0.905,0.88388,0.02112,0.5,0.55962,-0.05962
3,3161,68953.2,CLOSE_2,0.91,0.88021,0.02979,0.5,0.50508,-0.00508,0.91,0.88042,0.02958,0.5,0.55962,-0.05962
3,3162,68974.2,CLOSE_2,0.915,0.88542,0.02958,0.5,0.50508,-0.00508,0.915,0.88562,0.02938,0.5,0.55962,-0.05962
3,3163,68994.4,CLOSE_2,0.92,0.88889,0.03111,0.5,0.50508,-0.00508,0.92,0.88908,0.03092,0.5,0.55962,-0.05962
3,3164,69015.5,CLOSE_2,0.925,0.89062,0.03438,0.5,0.50339,-0.00339,0.925,0.89428,0.03072,0.5,0.55962,-0.05962
3,3165,69036.9,CLOSE_2,0.93,0.89583,0.03417,0.5,0.50339,-0.00339,0.93,0.90468,0.02532,0.5,0.55962,-0.05962
3,3166,69057.3,CLOSE_2,0.935,0.90104,0.03396,0.5,0.50339,-0.00339,0.935,0.90815,0.02685,0.5,0.56154,-0.06154
3,3167,69078.6,CLOSE_2,0.94,0.90278,0.03722,0.5,0.50339,-0.00339,0.94,0.90988,0.03012,0.5,0.56346,-0.06346
3,3168,69098.7,CLOSE_2,0.945,0.91146,0.03354,0.5,0.50339,-0.00339,0.945,0.91334,0.03166,0.5,0.55769,-0.05769
3,3169,69119.5,CLOSE_2,0.95,0.91146,0.03854,0.5,0.50339,-0.00339,0.95,0.91681,0.03319,0.5,0.55962,-0.05962
3,3170,69140.7,CLOSE_2,0.955,0.9184,0.0366,0.5,0.50678,-0.00678,0.955,0.92201,0.03299,0.5,0.55962,-0.05962
3,3171,69162.0,CLOSE_2,0.96,0.92535,0.03465,0.5,0.50339,-0.00339,0.96,0.92548,0.03452,0.5,0.55962,-0.05962
3,3172,69182.9,CLOSE_2,0.965,0.92882,0.03618,0.5,0.50339,-0.00339,0.965,0.93241,0.03259,0.5,0.55962,-0.05962
3,3173,69203.3,CLOSE_2,0.97,0.93576,0.03424,0.5,0.50508,-0.00508,0.97,0.93761,0.03239,0.5,0.55962,-0.05962
3,3174,69223.8,CLOSE_2,0.975,0.94097,0.03403,0.5,0.50339,-0.00339,0.975,0.94454,0.03046,0.5,0.55962,-0.05962
3,3175,69245.7,CLOSE_2,0.98,0.94618,0.03382,0.5,0.50508,-0.00508,0.98,0.94801,0.03199,0.5,0.55962,-0.05962
3,3176,69266.3,CLOSE_2,0.985,0.94965,0.03535,0.5,0.50508,-0.00508,0.985,0.95841,0.02659,0.5,0.55962,-0.05962
3,3177,69287.0,CLOSE_2,0.99,0.95486,0.03514,0.5,0.50339,-0.00339,0.99,0.96187,0.02813,0.5,0.55962,-0.05962
3,3178,69308.4,CLOSE_2,0.995,0.96007,0.03493,0.5,0.50508,-0.00508,0.995,0.9688,0.0262,0.5,0.55962,-0.05962
3,3179,69329.2,CLOSE_2,1.0,0.96528,0.03472,0.5,0.50508,-0.00508,1.0,0.97227,0.02773,0.5,0.55962,-0.05962
3,3180,69335.9,HOLD_2,1.0,0.96528,0.03472,0.5,0.50508,-0.00508,1.0,0.97747,0.02253,0.5,0.55962,-0.05962
3,3181,69357.0,HOLD_2,1.0,0.97049,0.02951,0.5,0.50339,-0.00339,1.0,0.98094,0.01906,0.5,0.55769,-0.05769
3,3182,69378.3,HOLD_2,1.0,0.96701,0.03299,0.5,0.50508,-0.00508,1.0,0.98267,0.01733,0.5,0.56154,-0.06154
3,3183,69398.6,HOLD_2,1.0,0.97396,0.02604,0.5,0.50339,-0.00339,1.0,0.9844,0.0156,0.5,0.55962,-0.05962
3,3184,69420.0,HOLD_2,1.0,0.97396,0.02604,0.5,0.50508,-0.00508,1.0,0.9844,0.0156,0.5,0.55962,-0.05962
3,3185,69440.4,HOLD_2,1.0,0.97743,0.02257,0.5,0.50508,-0.00508,1.0,0.98787,0.01213,0.5,0.56154,-0.06154
3,3186,69460.8,HOLD_2,1.0,0.97569,0.02431,0.5,0.50508,-0.00508,1.0,0.9844,0.0156,0.5,0.55962,-0.05962
3,3187,69482.1,HOLD_2,1.0,0.97743,0.02257,0.5,0.50339,-0.00339,1.0,0.98614,0.01386,0.5,0.56154,-0.06154
3,3188,69504.2,HOLD_2,1.0,0.97569,0.02431,0.5,0.50508,-0.00508,1.0,0.98614,0.01386,0.5,0.55962,-0.05962
3,3189,69524.7,HOLD_2,1.0,0.97743,0.02257,0.5,0.50508,-0.00508,1.0,0.98614,0.01386,0.5,0.55962,-0.05962
3,3190,69545.8,HOLD_2,1.0,0.97569,0.02431,0.5,0.50339,-0.00339,1.0,0.9844,0.0156,0.5,0.55962,-0.05962
3,3191,69565.9,HOLD_2,1.0,0.97396,0.02604,0.5,0.50508,-0.00508,1.0,0.98614,0.01386,0.5,0.55962,-0.05962
3,3192,69587.6,HOLD_2,1.0,0.97569,0.02431,0.5,0.50339,-0.00339,1.0,0.98614,0.01386,0.5,0.55962,-0.05962
3,3193,69608.1,HOLD_2,1.0,0.98264,0.01736,0.5,0.50678,-0.00678,1.0,0.98614,0.01386,0.5,0.55962,-0.05962
3,3194,69629.2,HOLD_2,1.0,0.97569,0.02431,0.5,0.50508,-0.00508,1.0,0.9844,0.0156,0.5,0.55962,-0.05962
3,3195,69648.8,HOLD_2,1.0,0.98785,0.01215,0.5,0.50339,-0.00339,1.0,0.9844,0.0156,0.5,0.55962,-0.05962
3,3196,69670.1,HOLD_2,1.0,0.97569,0.02431,0.5,0.50508,-0.00508,1.0,0.9844,0.0156,0.5,0.55962,-0.05962
3,3197,69691.2,HOLD_2,1.0,0.97743,0.02257,0.5,0.50678,-0.00678,1.0,0.99133,0.00867,0.5,0.55962,-0.05962
3,3198,69711.8,HOLD_2,1.0,0.97743,0.02257,0.5,0.50508,-0.00508,1.0,0.98614,0.01386,0.5,0.55962,-0.05962
3,3199,69732.5,HOLD_2,1.0,0.97743,0.02257,0.5,0.50508,-0.00508,1.0,0.9844,0.0156,0.5,0.55962,-0.05962
3,3200,69753.8,HOLD_2,1.0,0.97917,0.02083,0.5,0.50508,-0.00508,1.0,0.98614,0.01386,0.5,0.55769,-0.05769
3,3201,69774.7,HOLD_2,1.0,0.98958,0.01042,0.5,0.50847,-0.00847,1.0,0.98614,0.01386,0.5,0.55962,-0.05962
3,3202,69795.4,HOLD_2,1.0,0.98438,0.01562,0.5,0.50508,-0.00508,1.0,0.98614,0.01386,0.5,0.56346,-0.06346
3,3203,69815.5,HOLD_2,1.0,0.98611,0.01389,0.5,0.50508,-0.00508,1.0,0.9844,0.0156,0.5,0.55962,-0.05962
3,3204,69836.6,HOLD_2,1.0,0.98785,0.01215,0.5,0.50508,-0.00508,1.0,0.99307,0.00693,0.5,0.55962,-0.05962
3,3205,69858.0,HOLD_2,1.0,0.99132,0.00868,0.5,0.50339,-0.00339,1.0,0.98787,0.01213,0.5,0.55962,-0.05962
3,3206,69878.3,HOLD_2,1.0,0.99306,0.00694,0.5,0.50508,-0.00508,1.0,0.9948,0.0052,0.5,0.55962,-0.05962
3,3207,69897.5,HOLD_2,1.0,0.99306,0.00694,0.5,0.50508,-0.00508,1.0,0.9844,0.0156,0.5,0.55962,-0.05962
3,3208,69919.2,HOLD_2,1.0,0.99306,0.00694,0.5,0.50847,-0.00847,1.0,0.99653,0.00347,0.5,0.55962,-0.05962
3,3209,69940.5,HOLD_2,1.0,0.99306,0.00694,0.5,0.50508,-0.00508,1.0,0.98787,0.01213,0.5,0.55769,-0.05769
3,3210,69963.0,HOLD_2,1.0,0.99653,0.00347,0.5,0.50508,-0.00508,1.0,0.9896,0.0104,0.5,0.55962,-0.05962
3,3211,69983.6,HOLD_2,1.0,0.99479,0.00521,0.5,0.50508,-0.00508,1.0,0.9948,0.0052,0.5,0.55962,-0.05962
3,3212,70004.8,HOLD_2,1.0,0.99306,0.00694,0.5,0.50508,-0.00508,1.0,0.99307,0.00693,0.5,0.55962,-0.05962
3,3213,70024.5,HOLD_2,1.0,0.99479,0.00521,0.5,0.50339,-0.00339,1.0,0.9948,0.0052,0.5,0.55769,-0.05769
3,3214,70046.4,HOLD_2,1.0,0.99306,0.00694,0.5,0.50508,-0.00508,1.0,0.9948,0.0052,0.5,0.56154,-0.06154
3,3215,70066.4,HOLD_2,1.0,0.99479,0.00521,0.5,0.50508,-0.00508,1.0,0.99653,0.00347,0.5,0.55962,-0.05962
3,3216,70087.3,HOLD_2,1.0,0.99479,0.00521,0.5,0.50508,-0.00508,1.0,0.9948,0.0052,0.5,0.55962,-0.05962
3,3217,70107.7,HOLD_2,1.0,0.99479,0.00521,0.5,0.50508,-0.00508,1.0,0.9948,0.0052,0.5,0.56154,-0.06154
3,3218,70128.4,HOLD_2,1.0,0.99132,0.00868,0.5,0.50678,-0.00678,1.0,0.9948,0.0052,0.5,0.55962,-0.05962
3,3219,70149.1,HOLD_2,1.0,0.99306,0.00694,0.5,0.50339,-0.00339,1.0,0.99653,0.00347,0.5,0.55962,-0.05962
3,3220,70169.5,HOLD_2,1.0,0.99479,0.00521,0.5,0.50508,-0.00508,1.0,0.99653,0.00347,0.5,0.55962,-0.05962
3,3221,70191.5,HOLD_2,1.0,0.99479,0.00521,0.5,0.50339,-0.00339,1.0,0.9948,0.0052,0.5,0.55962,-0.05962
3,3222,70211.3,HOLD_2,1.0,0.99306,0.00694,0.5,0.50508,-0.00508,1.0,0.9948,0.0052,0.5,0.55962,-0.05962
3,3223,70232.3,HOLD_2,1.0,0.99132,0.00868,0.5,0.50508,-0.00508,1.0,0.99307,0.00693,0.5,0.55962,-0.05962
3,3224,70253.5,HOLD_2,1.0,0.99479,0.00521,0.5,0.50508,-0.00508,1.0,0.9948,0.0052,0.5,0.55962,-0.05962
3,3225,70273.1,HOLD_2,1.0,0.99306,0.00694,0.5,0.50508,-0.00508,1.0,0.9948,0.0052,0.5,0.55962,-0.05962
3,3226,70292.4,HOLD_2,1.0,0.99306,0.00694,0.5,0.50508,-0.00508,1.0,0.99307,0.00693,0.5,0.55962,-0.05962
3,3227,70313.6,HOLD_2,1.0,0.99132,0.00868,0.5,0.50339,-0.00339,1.0,0.99307,0.00693,0.5,0.55962,-0.05962
3,3228,70334.8,HOLD_2,1.0,0.99306,0.00694,0.5,0.50508,-0.00508,1.0,0.99653,0.00347,0.5,0.55962,-0.05962
3,3229,70357.9,HOLD_2,1.0,0.99306,0.00694,0.5,0.50508,-0.00508,1.0,0.9948,0.0052,0.5,0.55962,-0.05962
3,3230,70378.9,HOLD_2,1.0,0.99479,0.00521,0.5,0.50508,-0.00508,1.0,0.9948,0.0052,0.5,0.55962,-0.05962
3,3231,70399.7,HOLD_2,1.0,0.99306,0.00694,0.5,0.50508,-0.00508,1.0,0.99653,0.00347,0.5,0.55962,-0.05962
3,3232,70420.4,HOLD_2,1.0,0.99653,0.00347,0.5,0.50508,-0.00508,1.0,0.9948,0.0052,0.5,0.55962,-0.05962
3,3233,70440.8,HOLD_2,1.0,0.99479,0.00521,0.5,0.50508,-0.00508,1.0,0.99307,0.00693,0.5,0.55962,-0.05962
3,3234,70463.1,HOLD_2,1.0,0.99306,0.00694,0.5,0.50508,-0.00508,1.0,0.99307,0.00693,0.5,0.55962,-0.05962
3,3235,70483.5,HOLD_2,1.0,0.99479,0.00521,0.5,0.50508,-0.00508,1.0,0.9948,0.0052,0.5,0.55962,-0.05962
3,3236,70504.2,HOLD_2,1.0,0.99306,0.00694,0.5,0.50339,-0.00339,1.0,0.9948,0.0052,0.5,0.56154,-0.06154
3,3237,70525.0,HOLD_2,1.0,0.99306,0.00694,0.5,0.50339,-0.00339,1.0,0.9948,0.0052,0.5,0.55962,-0.05962
3,3238,70546.3,HOLD_2,1.0,0.99479,0.00521,0.5,0.50508,-0.00508,1.0,0.99307,0.00693,0.5,0.55962,-0.05962
3,3239,70566.4,HOLD_2,1.0,0.99479,0.00521,0.5,0.50508,-0.00508,1.0,0.9948,0.0052,0.5,0.55962,-0.05962
4,3240,71392.5,SETTLE,0.0,0.60069,-0.60069,0.0,0.13898,-0.13898,0.0,0.57192,-0.57192,0.0,0.14423,-0.14423
4,3241,71413.4,SETTLE,0.0,0.58854,-0.58854,0.0,0.1322,-0.1322,0.0,0.55979,-0.55979,0.0,0.12885,-0.12885
4,3242,71432.9,SETTLE,0.0,0.57639,-0.57639,0.0,0.12034,-0.12034,0.0,0.54939,-0.54939,0.0,0.11346,-0.11346
4,3243,71453.2,SETTLE,0.0,0.5625,-0.5625,0.0,0.11017,-0.11017,0.0,0.53726,-0.53726,0.0,0.10192,-0.10192
4,3244,71474.5,SETTLE,0.0,0.55035,-0.55035,0.0,0.09661,-0.09661,0.0,0.52513,-0.52513,0.0,0.08846,-0.08846
4,3245,71495.2,SETTLE,0.0,0.53646,-0.53646,0.0,0.08644,-0.08644,0.0,0.5078,-0.5078,0.0,0.075,-0.075
4,3246,71515.7,SETTLE,0.0,0.52604,-0.52604,0.0,0.07458,-0.07458,0.0,0.48873,-0.48873,0.0,0.06346,-0.06346
4,3247,71536.7,SETTLE,0.0,0.50694,-0.50694,0.0,0.07119,-0.07119,0.0,0.4766,-0.4766,0.0,0.05192,-0.05192
4,3248,71558.0,SETTLE,0.0,0.48958,-0.48958,0.0,0.05424,-0.05424,0.0,0.46794,-0.46794,0.0,0.04038,-0.04038
4,3249,71579.7,SETTLE,0.0,0.47396,-0.47396,0.0,0.04407,-0.04407,0.0,0.45061,-0.45061,0.0,0.02885,-0.02885
4,3250,71600.2,SETTLE,0.0,0.46354,-0.46354,0.0,0.03729,-0.03729,0.0,0.43674,-0.43674,0.0,0.01731,-0.01731
4,3251,71620.8,SETTLE,0.0,0.45139,-0.45139,0.0,0.02542,-0.02542,0.0,0.42461,-0.42461,0.0,0.00769,-0.00769
4,3252,71641.9,SETTLE,0.0,0.4375,-0.4375,0.0,0.01695,-0.01695,0.0,0.41248,-0.41248,0.0,0.0,0.0
4,3253,71662.2,SETTLE,0.0,0.42535,-0.42535,0.0,0.01695,-0.01695,0.0,0.40035,-0.40035,0.0,0.0,0.0
4,3254,71683.2,SETTLE,0.0,0.41319,-0.41319,0.0,0.00169,-0.00169,0.0,0.38648,-0.38648,0.0,0.0,0.0
4,3255,71703.8,SETTLE,0.0,0.40278,-0.40278,0.0,0.0,0.0,0.0,0.37608,-0.37608,0.0,0.0,0.0
4,3256,71725.6,SETTLE,0.0,0.38715,-0.38715,0.0,0.0,0.0,0.0,0.36222,-0.36222,0.0,0.0,0.0
4,3257,71745.7,SETTLE,0.0,0.37674,-0.37674,0.0,0.0,0.0,0.0,0.34835,-0.34835,0.0,0.0,0.0
4,3258,71766.1,SETTLE,0.0,0.36458,-0.36458,0.0,0.0,0.0,0.0,0.33449,-0.33449,0.0,0.0,0.0
4,3259,71787.4,SETTLE,0.0,0.35069,-0.35069,0.0,0.0,0.0,0.0,0.32409,-0.32409,0.0,0.0,0.0
4,3260,71808.1,SETTLE,0.0,0.34028,-0.34028,0.0,0.0,0.0,0.0,0.31023,-0.31023,0.0,0.0,0.0
4,3261,71828.7,SETTLE,0.0,0.32639,-0.32639,0.0,0.0,0.0,0.0,0.29983,-0.29983,0.0,0.0,0.0
4,3262,71849.2,SETTLE,0.0,0.31424,-0.31424,0.0,0.0,0.0,0.0,0.28943,-0.28943,0.0,0.0,0.0
4,3263,71869.7,SETTLE,0.0,0.30208,-0.30208,0.0,0.0,0.0,0.0,0.27903,-0.27903,0.0,0.0,0.0
4,3264,71891.6,SETTLE,0.0,0.28993,-0.28993,0.0,0.0,0.0,0.0,0.26516,-0.26516,0.0,0.0,0.0
4,3265,71912.1,SETTLE,0.0,0.27604,-0.27604,0.0,0.0,0.0,0.0,0.25477,-0.25477,0.0,0.0,0.0
4,3266,71932.3,SETTLE,0.0,0.26215,-0.26215,0.0,0.0,0.0,0.0,0.2409,-0.2409,0.0,0.0,0.0
4,3267,71953.5,SETTLE,0.0,0.24826,-0.24826,0.0,0.0,0.0,0.0,0.2305,-0.2305,0.0,0.0,0.0
4,3268,71974.6,SETTLE,0.0,0.23785,-0.23785,0.0,0.0,0.0,0.0,0.21837,-0.21837,0.0,0.0,0.0
4,3269,71996.4,SETTLE,0.0,0.22396,-0.22396,0.0,0.0,0.0,0.0,0.20451,-0.20451,0.0,0.0,0.0
4,3270,72016.9,CLOSE,0.005,0.21354,-0.20854,0.005,0.0,0.005,0.005,0.19064,-0.18564,0.005,0.0,0.005
4,3271,72038.5,CLOSE,0.01,0.19965,-0.18965,0.01,0.0,0.01,0.01,0.17678,-0.16678,0.01,0.0,0.01
4,3272,72060.6,CLOSE,0.015,0.18403,-0.16903,0.015,0.0,0.015,0.015,0.16464,-0.14964,0.015,0.0,0.015
4,3273,72080.7,CLOSE,0.02,0.17361,-0.15361,0.02,0.0,0.02,0.02,0.15251,-0.13251,0.02,0.0,0.02
4,3274,72102.1,CLOSE,0.025,0.15799,-0.13299,0.025,0.0,0.025,0.025,0.14211,-0.11711,0.025,0.0,0.025
4,3275,72122.3,CLOSE,0.03,0.14583,-0.11583,0.03,0.0,0.03,0.03,0.12998,-0.09998,0.03,0.0,0.03
4,3276,72142.8,CLOSE,0.035,0.13368,-0.09868,0.035,0.0,0.035,0.035,0.11785,-0.08285,0.035,0.0,0.035
4,3277,72164.2,CLOSE,0.04,0.12153,-0.08153,0.04,0.0,0.04,0.04,0.10745,-0.06745,0.04,0.0,0.04
4,3278,72184.1,CLOSE,0.045,0.10764,-0.06264,0.045,0.0,0.045,0.045,0.09532,-0.05032,0.045,0.00385,0.04115
4,3279,72205.4,CLOSE,0.05,0.09549,-0.04549,0.05,0.00508,0.04492,0.05,0.08319,-0.03319,0.05,0.0,0.05
4,3280,72226.4,CLOSE,0.055,0.08333,-0.02833,0.055,0.01186,0.04314,0.055,0.07106,-0.01606,0.055,0.01346,0.04154
4,3281,72247.4,CLOSE,0.06,0.07292,-0.01292,0.06,0.02542,0.03458,0.06,0.06066,-0.00066,0.06,0.00962,0.05038
4,3282,72267.5,CLOSE,0.065,0.06424,0.00076,0.065,0.0339,0.0311,0.065,0.05199,0.01301,0.065,0.01346,0.05154
4,3283,72288.7,CLOSE,0.07,0.05208,0.01792,0.07,0.03898,0.03102,0.07,0.04506,0.02494,0.07,0.01538,0.05462
4,3284,72310.0,CLOSE,0.075,0.0434,0.0316,0.075,0.04237,0.03263,0.075,0.0364,0.0386,0.075,0.01923,0.05577
4,3285,72329.9,CLOSE,0.08,0.03646,0.04354,0.08,0.04915,0.03085,0.08,0.0312,0.0488,0.08,0.02308,0.05692
4,3286,72350.8,CLOSE,0.085,0.03472,0.05028,0.085,0.05763,0.02737,0.085,0.02773,0.05727,0.085,0.03077,0.05423
4,3287,72370.8,CLOSE,0.09,0.03299,0.05701,0.09,0.0661,0.0239,0.09,0.026,0.064,0.09,0.03846,0.05154
4,3288,72390.0,CLOSE,0.095,0.03472,0.06028,0.095,0.07966,0.01534,0.095,0.02773,0.06727,0.095,0.05,0.045
4,3289,72411.2,CLOSE,0.1,0.03472,0.06528,0.1,0.07797,0.02203,0.1,0.02773,0.07227,0.1,0.05192,0.04808
4,3290,72433.7,CLOSE,0.105,0.04688,0.05813,0.105,0.08644,0.01856,0.105,0.03466,0.07034,0.105,0.06346,0.04154
4,3291,72454.2,CLOSE,0.11,0.04861,0.06139,0.11,0.08983,0.02017,0.11,0.04159,0.06841,0.11,0.06923,0.04077
4,3292,72475.8,CLOSE,0.115,0.05556,0.05944,0.115,0.09322,0.02178,0.115,0.04853,0.06647,0.115,0.07115,0.04385
4,3293,72497.6,CLOSE,0.12,0.06771,0.05229,0.12,0.09661,0.02339,0.12,0.05546,0.06454,0.12,0.07885,0.04115
4,3294,72518.8,CLOSE,0.125,0.07292,0.05208,0.125,0.09831,0.02669,0.125,0.06412,0.06088,0.125,0.08654,0.03846
4,3295,72539.6,CLOSE,0.13,0.07986,0.05014,0.13,0.1,0.03,0.13,0.07279,0.05721,0.13,0.09423,0.03577
4,3296,72560.0,CLOSE,0.135,0.08854,0.04646,0.135,0.10508,0.02992,0.135,0.08146,0.05354,0.135,0.10385,0.03115
4,3297,72580.7,CLOSE,0.14,0.09722,0.04278,0.14,0.10339,0.03661,0.14,0.08839,0.05161,0.14,0.10769,0.03231
4,3298,72602.4,CLOSE,0.145,0.1059,0.0391,0.145,0.10339,0.04161,0.145,0.09879,0.04621,0.145,0.11346,0.03154
4,3299,72623.4,CLOSE,0.15,0.11285,0.03715,0.15,0.11186,0.03814,0.15,0.10919,0.04081,0.15,0.11923,0.03077
4,3300,72642.8,CLOSE,0.155,0.11979,0.03521,0.155,0.10508,0.04992,0.155,0.11785,0.03715,0.155,0.13077,0.02423
4,3301,72663.2,CLOSE,0.16,0.12674,0.03326,0.16,0.10508,0.05492,0.16,0.12478,0.03522,0.16,0.13654,0.02346
4,3302,72684.3,CLOSE,0.165,0.13542,0.02958,0.165,0.10508,0.05992,0.165,0.13172,0.03328,0.165,0.13654,0.02846
4,3303,72704.9,CLOSE,0.17,0.13889,0.03111,0.17,0.11356,0.05644,0.17,0.13865,0.03135,0.17,0.14038,0.02962
4,3304,72725.9,CLOSE,0.175,0.1441,0.0309,0.175,0.11864,0.05636,0.175,0.14385,0.03115,0.175,0.14423,0.03077
4,3305,72746.4,CLOSE,0.18,0.15104,0.02896,0.18,0.12712,0.05288,0.18,0.14905,0.03095,0.18,0.15,0.03
4,3306,72767.4,CLOSE,0.185,0.15451,0.03049,0.185,0.12373,0.06127,0.185,0.15425,0.03075,0.185,0.15577,0.02923
4,3307,72788.9,CLOSE,0.19,0.15972,0.03028,0.19,0.1339,0.0561,0.19,0.15945,0.03055,0.19,0.15962,0.03038
4,3308,72809.5,CLOSE,0.195,0.16493,0.03007,0.195,0.14068,0.05432,0.195,0.16291,0.03209,0.195,0.16346,0.03154
4,3309,72830.1,CLOSE,0.2,0.1684,0.0316,0.2,0.14576,0.05424,0.2,0.16464,0.03536,0.2,0.16923,0.03077
4,3310,72850.4,CLOSE,0.205,0.17361,0.03139,0.205,0.15254,0.05246,0.205,0.16984,0.03516,0.205,0.17115,0.03385
4,3311,72871.8,CLOSE,0.21,0.17708,0.03292,0.21,0.16441,0.04559,0.21,0.17158,0.03842,0.21,0.17692,0.03308
4,3312,72893.1,CLOSE,0.215,0.18056,0.03444,0.215,0.1661,0.0489,0.215,0.17678,0.03822,0.215,0.18269,0.03231
4,3313,72914.2,CLOSE,0.22,0.18403,0.03597,0.22,0.17119,0.04881,0.22,0.18024,0.03976,0.22,0.18654,0.03346
4,3314,72934.1,CLOSE,0.225,0.19097,0.03403,0.225,0.17627,0.04873,0.225,0.18371,0.04129,0.225,0.19231,0.03269
4,3315,72956.8,CLOSE,0.23,0.20139,0.02861,0.23,0.18136,0.04864,0.23,0.19237,0.03763,0.23,0.2,0.03
4,3316,72978.1,CLOSE,0.235,0.19965,0.03535,0.235,0.18983,0.04517,0.235,0.19931,0.03569,0.235,0.21154,0.02346
4,3317,72998.1,CLOSE,0.24,0.20486,0.03514,0.24,0.19322,0.04678,0.24,0.20277,0.03723,0.24,0.21731,0.02269
4,3318,73018.5,CLOSE,0.245,0.21007,0.03493,0.245,0.2,0.045,0.245,0.20624,0.03876,0.245,0.225,0.02
4,3319,73038.6,CLOSE,0.25,0.21354,0.03646,0.25,0.20678,0.04322,0.25,0.20971,0.04029,0.25,0.23462,0.01538
4,3320,73060.6,CLOSE,0.255,0.21875,0.03625,0.255,0.21186,0.04314,0.255,0.21664,0.03836,0.255,0.24423,0.01077
4,3321,73081.0,CLOSE,0.26,0.22222,0.03778,0.26,0.22203,0.03797,0.26,0.22184,0.03816,0.26,0.24808,0.01192
4,3322,73101.8,CLOSE,0.265,0.22917,0.03583,0.265,0.22373,0.04127,0.265,0.22877,0.03623,0.265,0.25577,0.00923
4,3323,73121.9,CLOSE,0.27,0.23438,0.03563,0.27,0.23051,0.03949,0.27,0.23224,0.03776,0.27,0.25962,0.01038
4,3324,73143.1,CLOSE,0.275,0.23958,0.03542,0.275,0.23559,0.03941,0.275,0.24263,0.03237,0.275,0.26923,0.00577
4,3325,73163.4,CLOSE,0.28,0.24306,0.03694,0.28,0.24237,0.03763,0.28,0.24957,0.03043,0.28,0.26538,0.01462
4,3326,73184.5,CLOSE,0.285,0.24826,0.03674,0.285,0.25254,0.03246,0.285,0.24957,0.03543,0.285,0.27308,0.01192
4,3327,73204.7,CLOSE,0.29,0.25521,0.03479,0.29,0.24915,0.04085,0.29,0.25477,0.03523,0.29,0.275,0.015
4,3328,73225.9,CLOSE,0.295,0.25694,0.03806,0.295,0.25763,0.03737,0.295,0.2565,0.0385,0.295,0.27885,0.01615
4,3329,73246.2,CLOSE,0.3,0.26389,0.03611,0.3,0.26441,0.03559,0.3,0.2617,0.0383,0.3,0.28654,0.01346
4,3330,73267.7,CLOSE,0.305,0.2691,0.0359,0.305,0.26271,0.04229,0.305,0.2669,0.0381,0.305,0.29231,0.01269
4,3331,73288.7,CLOSE,0.31,0.27431,0.03569,0.31,0.27119,0.03881,0.31,0.27383,0.03617,0.31,0.29423,0.01577
4,3332,73309.4,CLOSE,0.315,0.27951,0.03549,0.315,0.27458,0.04042,0.315,0.2773,0.0377,0.315,0.30192,0.01308
4,3333,73329.9,CLOSE,0.32,0.28646,0.03354,0.32,0.27797,0.04203,0.32,0.2825,0.0375,0.32,0.30577,0.01423
4,3334,73351.3,CLOSE,0.325,0.29167,0.03333,0.325,0.28305,0.04195,0.325,0.28769,0.03731,0.325,0.31923,0.00577
4,3335,73371.9,CLOSE,0.33,0.29514,0.03486,0.33,0.28475,0.04525,0.33,0.29289,0.03711,0.33,0.31923,0.01077
4,3336,73393.1,CLOSE,0.335,0.30208,0.03292,0.335,0.29153,0.04347,0.335,0.29809,0.03691,0.335,0.32885,0.00615
4,3337,73413.8,CLOSE,0.34,0.30729,0.03271,0.34,0.29831,0.04169,0.34,0.30156,0.03844,0.34,0.32885,0.01115
4,3338,73435.9,CLOSE,0.345,0.31771,0.02729,0.345,0.30508,0.03992,0.345,0.31023,0.03477,0.345,0.33846,0.00654
4,3339,73456.1,CLOSE,0.35,0.32292,0.02708,0.35,0.30847,0.04153,0.35,0.31369,0.03631,0.35,0.34615,0.00385
4,3340,73477.1,CLOSE,0.355,0.32465,0.03035,0.355,0.31864,0.03636,0.355,0.31716,0.03784,0.355,0.35192,0.00308
4,3341,73497.1,CLOSE,0.36,0.32812,0.03188,0.36,0.32034,0.03966,0.36,0.32062,0.03938,0.36,0.36154,-0.00154
4,3342,73518.4,CLOSE,0.365,0.33333,0.03167,0.365,0.32712,0.03788,0.365,0.32236,0.04264,0.365,0.36346,0.00154
4,3343,73540.1,CLOSE,0.37,0.33854,0.03146,0.37,0.33051,0.03949,0.37,0.32409,0.04591,0.37,0.36731,0.00269
4,3344,73560.3,CLOSE,0.375,0.34028,0.03472,0.375,0.33559,0.03941,0.375,0.33102,0.04398,0.375,0.37308,0.00192
4,3345,73581.1,CLOSE,0.38,0.34375,0.03625,0.38,0.33729,0.04271,0.38,0.33622,0.04378,0.38,0.37692,0.00308
4,3346,73601.8,CLOSE,0.385,0.34549,0.03951,0.385,0.34407,0.04093,0.385,0.34315,0.04185,0.385,0.38846,-0.00346
4,3347,73621.8,CLOSE,0.39,0.35069,0.03931,0.39,0.35593,0.03407,0.39,0.35009,0.03991,0.39,0.39231,-0.00231
4,3348,73642.6,CLOSE,0.395,0.3559,0.0391,0.395,0.35085,0.04415,0.395,0.35702,0.03798,0.395,0.39615,-0.00115
4,3349,73663.6,CLOSE,0.4,0.36458,0.03542,0.4,0.35593,0.04407,0.4,0.36395,0.03605,0.4,0.39808,0.00192
4,3350,73684.2,CLOSE,0.405,0.36806,0.03694,0.405,0.36102,0.04398,0.405,0.36915,0.03585,0.405,0.40385,0.00115
4,3351,73705.1,CLOSE,0.41,0.375,0.035,0.41,0.36949,0.04051,0.41,0.37435,0.03565,0.41,0.40962,0.00038
4,3352,73726.3,CLOSE,0.415,0.38194,0.03306,0.415,0.37288,0.04212,0.415,0.38128,0.03372,0.415,0.41538,-0.00038
4,3353,73747.0,CLOSE,0.42,0.38715,0.03285,0.42,0.37797,0.04203,0.42,0.38821,0.03179,0.42,0.42115,-0.00115
4,3354,73767.5,CLOSE,0.425,0.3941,0.0309,0.425,0.38136,0.04364,0.425,0.39168,0.03332,0.425,0.425,0.0
4,3355,73788.3,CLOSE,0.43,0.39757,0.03243,0.43,0.39153,0.03847,0.43,0.39861,0.03139,0.43,0.43077,-0.00077
4,3356,73809.6,CLOSE,0.435,0.40625,0.02875,0.435,0.39153,0.04347,0.435,0.40728,0.02772,0.435,0.43846,-0.00346
4,3357,73830.2,CLOSE,0.44,0.40972,0.03028,0.44,0.39661,0.04339,0.44,0.40901,0.03099,0.44,0.44423,-0.00423
4,3358,73851.4,CLOSE,0.445,0.41493,0.03007,0.445,0.4,0.045,0.445,0.41421,0.03079,0.445,0.45192,-0.00692
4,3359,73872.0,CLOSE,0.45,0.42014,0.02986,0.45,0.41186,0.03814,0.45,0.41768,0.03232,0.45,0.45577,-0.00577
4,3360,73892.4,CLOSE,0.455,0.42535,0.02965,0.455,0.41525,0.03975,0.455,0.42288,0.03212,0.455,0.46731,-0.01231
4,3361,73914.9,CLOSE,0.46,0.43056,0.02944,0.46,0.41356,0.04644,0.46,0.42981,0.03019,0.46,0.46731,-0.00731
4,3362,73935.1,CLOSE,0.465,0.43576,0.02924,0.465,0.42203,0.04297,0.465,0.43154,0.03346,0.465,0.47308,-0.00808
4,3363,73956.3,CLOSE,0.47,0.44097,0.02903,0.47,0.42203,0.04797,0.47,0.43674,0.03326,0.47,0.48462,-0.01462
4,3364,73976.6,CLOSE,0.475,0.44965,0.02535,0.475,0.42712,0.04788,0.475,0.44194,0.03306,0.475,0.48654,-0.01154
4,3365,73997.9,CLOSE,0.48,0.45139,0.02861,0.48,0.4339,0.0461,0.48,0.44714,0.03286,0.48,0.49038,-0.01038
4,3366,74018.6,CLOSE,0.485,0.45833,0.02667,0.485,0.44237,0.04263,0.485,0.45754,0.02746,0.485,0.49808,-0.01308
4,3367,74039.5,CLOSE,0.49,0.46354,0.02646,0.49,0.44576,0.04424,0.49,0.45927,0.03073,0.49,0.50385,-0.01385
4,3368,74059.9,CLOSE,0.495,0.46875,0.02625,0.495,0.45254,0.04246,0.495,0.46447,0.03053,0.495,0.50962,-0.01462
4,3369,74080.8,CLOSE,0.5,0.47222,0.02778,0.5,0.45593,0.04407,0.5,0.4662,0.0338,0.5,0.52115,-0.02115
4,3370,74101.3,CLOSE,0.505,0.47569,0.02931,0.5,0.46271,0.03729,0.505,0.46967,0.03533,0.5,0.52115,-0.02115
4,3371,74121.9,CLOSE,0.51,0.4809,0.0291,0.5,0.46949,0.03051,0.51,0.47314,0.03686,0.5,0.52692,-0.02692
4,3372,74143.4,CLOSE,0.515,0.48438,0.03063,0.5,0.48475,0.01525,0.515,0.47834,0.03666,0.5,0.53269,-0.03269
4,3373,74163.5,CLOSE,0.52,0.48785,0.03215,0.5,0.48644,0.01356,0.52,0.48354,0.03646,0.5,0.53654,-0.03654
4,3374,74184.0,CLOSE,0.525,0.49653,0.02847,0.5,0.49153,0.00847,0.525,0.49047,0.03453,0.5,0.54038,-0.04038
4,3375,74205.2,CLOSE,0.53,0.50521,0.02479,0.5,0.49322,0.00678,0.53,0.5026,0.0274,0.5,0.54423,-0.04423
4,3376,74226.8,CLOSE,0.535,0.50868,0.02632,0.5,0.50339,-0.00339,0.535,0.50607,0.02893,0.5,0.55192,-0.05192
4,3377,74246.5,CLOSE,0.54,0.51562,0.02438,0.5,0.50847,-0.00847,0.54,0.5182,0.0218,0.5,0.55385,-0.05385
4,3378,74267.3,CLOSE,0.545,0.52778,0.01722,0.5,0.51017,-0.01017,0.545,0.5234,0.0216,0.5,0.55192,-0.05192
4,3379,74289.2,CLOSE,0.55,0.53125,0.01875,0.5,0.51356,-0.01356,0.55,0.52513,0.02487,0.5,0.55577,-0.05577
4,3380,74309.8,CLOSE,0.555,0.53299,0.02201,0.5,0.51017,-0.01017,0.555,0.53206,0.02294,0.5,0.55577,-0.05577
4,3381,74330.2,CLOSE,0.56,0.53472,0.02528,0.5,0.51356,-0.01356,0.56,0.5338,0.0262,0.5,0.55769,-0.05769
4,3382,74351.4,CLOSE,0.565,0.53646,0.02854,0.5,0.51356,-0.01356,0.565,0.53553,0.02947,0.5,0.55769,-0.05769
4,3383,74371.4,CLOSE,0.57,0.53646,0.03354,0.5,0.51356,-0.01356,0.57,0.54419,0.02581,0.5,0.56154,-0.06154
4,3384,74393.8,CLOSE,0.575,0.54167,0.03333,0.5,0.51356,-0.01356,0.575,0.54073,0.03427,0.5,0.55769,-0.05769
4,3385,74414.2,CLOSE,0.58,0.54688,0.03313,0.5,0.51186,-0.01186,0.58,0.54419,0.03581,0.5,0.55769,-0.05769
4,3386,74434.7,CLOSE,0.585,0.55035,0.03465,0.5,0.51356,-0.01356,0.585,0.54939,0.03561,0.5,0.55769,-0.05769
4,3387,74455.7,CLOSE,0.59,0.55382,0.03618,0.5,0.51186,-0.01186,0.59,0.55459,0.03541,0.5,0.55769,-0.05769
4,3388,74476.3,CLOSE,0.595,0.55729,0.03771,0.5,0.51695,-0.01695,0.595,0.56499,0.03001,0.5,0.55577,-0.05577
4,3389,74497.3,CLOSE,0.6,0.56944,0.03056,0.5,0.51186,-0.01186,0.6,0.56326,0.03674,0.5,0.55769,-0.05769
4,3390,74519.0,CLOSE,0.605,0.56944,0.03556,0.5,0.51356,-0.01356,0.605,0.56846,0.03654,0.5,0.55769,-0.05769
4,3391,74538.9,CLOSE,0.61,0.5816,0.0284,0.5,0.51186,-0.01186,0.61,0.57712,0.03288,0.5,0.55577,-0.05577
4,3392,74559.3,CLOSE,0.615,0.57986,0.03514,0.5,0.51525,-0.01525,0.615,0.57886,0.03614,0.5,0.55962,-0.05962
4,3393,74579.9,CLOSE,0.62,0.58681,0.03319,0.5,0.51186,-0.01186,0.62,0.58406,0.03594,0.5,0.55769,-0.05769
4,3394,74600.8,CLOSE,0.625,0.59201,0.03299,0.5,0.52034,-0.02034,0.625,0.58752,0.03748,0.5,0.55577,-0.05577
4,3395,74621.6,CLOSE,0.63,0.59722,0.03278,0.5,0.51695,-0.01695,0.63,0.59619,0.03381,0.5,0.55577,-0.05577
4,3396,74643.1,CLOSE,0.635,0.60069,0.03431,0.5,0.51186,-0.01186,0.635,0.60312,0.03188,0.5,0.55577,-0.05577
4,3397,74663.6,CLOSE,0.64,0.60764,0.03236,0.5,0.51356,-0.01356,0.64,0.60485,0.03515,0.5,0.55769,-0.05769
4,3398,74684.1,CLOSE,0.645,0.61285,0.03215,0.5,0.51356,-0.01356,0.645,0.61005,0.03495,0.5,0.55769,-0.05769
4,3399,74705.1,CLOSE,0.65,0.62326,0.02674,0.5,0.51356,-0.01356,0.65,0.61525,0.03475,0.5,0.55769,-0.05769
4,3400,74726.1,CLOSE,0.655,0.62326,0.03174,0.5,0.51356,-0.01356,0.655,0.62045,0.03455,0.5,0.55769,-0.05769
4,3401,74746.2,CLOSE,0.66,0.63021,0.02979,0.5,0.51186,-0.01186,0.66,0.62565,0.03435,0.5,0.55769,-0.05769
4,3402,74768.2,CLOSE,0.665,0.63368,0.03132,0.5,0.52203,-0.02203,0.665,0.63258,0.03242,0.5,0.55577,-0.05577
4,3403,74788.7,CLOSE,0.67,0.63889,0.03111,0.5,0.52034,-0.02034,0.67,0.63778,0.03222,0.5,0.55769,-0.05769
4,3404,74809.2,CLOSE,0.675,0.6441,0.0309,0.5,0.51186,-0.01186,0.675,0.64298,0.03202,0.5,0.56154,-0.06154
4,3405,74830.2,CLOSE,0.68,0.65799,0.02201,0.5,0.50508,-0.00508,0.68,0.64818,0.03182,0.5,0.55769,-0.05769
4,3406,74851.6,CLOSE,0.685,0.65799,0.02701,0.5,0.50678,-0.00678,0.685,0.65165,0.03335,0.5,0.56154,-0.06154
4,3407,74872.1,CLOSE,0.69,0.66319,0.02681,0.5,0.49322,0.00678,0.69,0.65685,0.03315,0.5,0.55769,-0.05769
4,3408,74894.0,CLOSE,0.695,0.66493,0.03007,0.5,0.48983,0.01017,0.695,0.66205,0.03295,0.5,0.55769,-0.05769
4,3409,74913.1,CLOSE,0.7,0.67188,0.02813,0.5,0.48644,0.01356,0.7,0.66551,0.03449,0.5,0.55769,-0.05769
4,3410,74935.0,CLOSE,0.705,0.67708,0.02792,0.5,0.48475,0.01525,0.705,0.67244,0.03256,0.5,0.55577,-0.05577
4,3411,74957.5,CLOSE,0.71,0.68403,0.02597,0.5,0.48475,0.01525,0.71,0.67764,0.03236,0.5,0.55577,-0.05577
4,3412,74975.9,CLOSE,0.715,0.69097,0.02403,0.5,0.48475,0.01525,0.715,0.68111,0.03389,0.5,0.55769,-0.05769
4,3413,74997.0,CLOSE,0.72,0.69271,0.02729,0.5,0.48475,0.01525,0.72,0.68458,0.03542,0.5,0.55577,-0.05577
4,3414,75018.1,CLOSE,0.725,0.69965,0.02535,0.5,0.49153,0.00847,0.725,0.68977,0.03523,0.5,0.55577,-0.05577
4,3415,75039.1,CLOSE,0.73,0.70312,0.02688,0.5,0.48475,0.01525,0.73,0.69497,0.03503,0.5,0.55577,-0.05577
4,3416,75059.3,CLOSE,0.735,0.7066,0.0284,0.5,0.48475,0.01525,0.735,0.70017,0.03483,0.5,0.56154,-0.06154
4,3417,75080.4,CLOSE,0.74,0.71007,0.02993,0.5,0.48475,0.01525,0.74,0.70537,0.03463,0.5,0.55769,-0.05769
4,3418,75101.4,CLOSE,0.745,0.72049,0.02451,0.5,0.48644,0.01356,0.745,0.70884,0.03616,0.5,0.55769,-0.05769
4,3419,75122.0,CLOSE,0.75,0.71701,0.03299,0.5,0.48983,0.01017,0.75,0.71404,0.03596,0.5,0.55769,-0.05769
4,3420,75142.6,CLOSE,0.755,0.72569,0.02931,0.5,0.49492,0.00508,0.755,0.71924,0.03576,0.5,0.55577,-0.05577
4,3421,75163.7,CLOSE,0.76,0.72569,0.03431,0.5,0.50508,-0.00508,0.76,0.7227,0.0373,0.5,0.55769,-0.05769
4,3422,75184.3,CLOSE,0.765,0.73264,0.03236,0.5,0.50508,-0.00508,0.765,0.72617,0.03883,0.5,0.55769,-0.05769
4,3423,75205.2,CLOSE,0.77,0.73611,0.03389,0.5,0.50847,-0.00847,0.77,0.7331,0.0369,0.5,0.55962,-0.05962
4,3424,75226.4,CLOSE,0.775,0.74132,0.03368,0.5,0.50847,-0.00847,0.775,0.7383,0.0367,0.5,0.55577,-0.05577
4,3425,75247.0,CLOSE,0.78,0.74653,0.03347,0.5,0.51695,-0.01695,0.78,0.7435,0.0365,0.5,0.55769,-0.05769
4,3426,75267.4,CLOSE,0.785,0.75521,0.02979,0.5,0.51186,-0.01186,0.785,0.7487,0.0363,0.5,0.55577,-0.05577
4,3427,75288.7,CLOSE,0.79,0.75694,0.03306,0.5,0.50847,-0.00847,0.79,0.75217,0.03783,0.5,0.55769,-0.05769
4,3428,75310.5,CLOSE,0.795,0.76389,0.03111,0.5,0.50847,-0.00847,0.795,0.76083,0.03417,0.5,0.55769,-0.05769
4,3429,75331.0,CLOSE,0.8,0.76736,0.03264,0.5,0.50847,-0.00847,0.8,0.76603,0.03397,0.5,0.55577,-0.05577
4,3430,75352.0,CLOSE,0.805,0.77257,0.03243,0.5,0.50847,-0.00847,0.805,0.77296,0.03204,0.5,0.55769,-0.05769
4,3431,75373.1,CLOSE,0.81,0.78472,0.02528,0.5,0.50847,-0.00847,0.81,0.7747,0.0353,0.5,0.55769,-0.05769
4,3432,75393.7,CLOSE,0.815,0.78472,0.03028,0.5,0.50847,-0.00847,0.815,0.78163,0.03337,0.5,0.55769,-0.05769
4,3433,75414.5,CLOSE,0.82,0.78993,0.03007,0.5,0.50847,-0.00847,0.82,0.78683,0.03317,0.5,0.55577,-0.05577
4,3434,75435.2,CLOSE,0.825,0.79514,0.02986,0.5,0.51356,-0.01356,0.825,0.80243,0.02257,0.5,0.55769,-0.05769
4,3435,75456.6,CLOSE,0.83,0.80729,0.02271,0.5,0.51017,-0.01017,0.83,0.80069,0.02931,0.5,0.55769,-0.05769
4,3436,75476.9,CLOSE,0.835,0.80729,0.02771,0.5,0.51186,-0.01186,0.835,0.80589,0.02911,0.5,0.55769,-0.05769
4,3437,75497.3,CLOSE,0.84,0.81076,0.02924,0.5,0.50847,-0.00847,0.84,0.80936,0.03064,0.5,0.55769,-0.05769
4,3438,75517.9,CLOSE,0.845,0.81597,0.02903,0.5,0.51017,-0.01017,0.845,0.81976,0.02524,0.5,0.55769,-0.05769
4,3439,75539.0,CLOSE,0.85,0.82465,0.02535,0.5,0.50847,-0.00847,0.85,0.82149,0.02851,0.5,0.55769,-0.05769
4,3440,75559.5,CLOSE,0.855,0.82465,0.03035,0.5,0.51017,-0.01017,0.855,0.82149,0.03351,0.5,0.55769,-0.05769
4,3441,75580.1,CLOSE,0.86,0.82986,0.03014,0.5,0.50847,-0.00847,0.86,0.82669,0.03331,0.5,0.55769,-0.05769
4,3442,75600.9,CLOSE,0.865,0.83333,0.03167,0.5,0.50678,-0.00678,0.865,0.83016,0.03484,0.5,0.55577,-0.05577
4,3443,75621.7,CLOSE,0.87,0.84549,0.02451,0.5,0.50678,-0.00678,0.87,0.83362,0.03638,0.5,0.55769,-0.05769
4,3444,75642.3,CLOSE,0.875,0.84722,0.02778,0.5,0.50847,-0.00847,0.875,0.84055,0.03445,0.5,0.55769,-0.05769
4,3445,75663.4,CLOSE,0.88,0.84722,0.03278,0.5,0.50847,-0.00847,0.88,0.84749,0.03251,0.5,0.55769,-0.05769
4,3446,75684.2,CLOSE,0.885,0.85243,0.03257,0.5,0.50847,-0.00847,0.885,0.85095,0.03405,0.5,0.55769,-0.05769
4,3447,75705.7,CLOSE,0.89,0.85764,0.03236,0.5,0.50847,-0.00847,0.89,0.85789,0.03211,0.5,0.56154,-0.06154
4,3448,75726.2,CLOSE,0.895,0.86111,0.03389,0.5,0.50847,-0.00847,0.895,0.87002,0.02498,0.5,0.55769,-0.05769
4,3449,75746.5,CLOSE,0.9,0.86806,0.03194,0.5,0.50847,-0.00847,0.9,0.86655,0.03345,0.5,0.55769,-0.05769
4,3450,75768.2,CLOSE,0.905,0.87153,0.03347,0.5,0.50847,-0.00847,0.905,0.87175,0.03325,0.5,0.55769,-0.05769
4,3451,75789.2,CLOSE,0.91,0.87674,0.03326,0.5,0.50847,-0.00847,0.91,0.87522,0.03478,0.5,0.55769,-0.05769
4,3452,75810.4,CLOSE,0.915,0.88368,0.03132,0.5,0.50678,-0.00678,0.915,0.88388,0.03112,0.5,0.55769,-0.05769
4,3453,75831.7,CLOSE,0.92,0.88889,0.03111,0.5,0.50678,-0.00678,0.92,0.89081,0.02919,0.5,0.55769,-0.05769
4,3454,75851.2,CLOSE,0.925,0.8941,0.0309,0.5,0.50678,-0.00678,0.925,0.89601,0.02899,0.5,0.55769,-0.05769
4,3455,75873.5,CLOSE,0.93,0.89757,0.03243,0.5,0.50508,-0.00508,0.93,0.90641,0.02359,0.5,0.55769,-0.05769
4,3456,75893.4,CLOSE,0.935,0.90799,0.02701,0.5,0.50339,-0.00339,0.935,0.90641,0.02859,0.5,0.55769,-0.05769
4,3457,75914.5,CLOSE,0.94,0.90625,0.03375,0.5,0.50169,-0.00169,0.94,0.91334,0.02666,0.5,0.55769,-0.05769
4,3458,75935.2,CLOSE,0.945,0.91146,0.03354,0.5,0.50339,-0.00339,0.945,0.92201,0.02299,0.5,0.55769,-0.05769
4,3459,75955.5,CLOSE,0.95,0.9184,0.0316,0.5,0.50169,-0.00169,0.95,0.92721,0.02279,0.5,0.55769,-0.05769
4,3460,75976.2,CLOSE,0.955,0.92188,0.03313,0.5,0.50169,-0.00169,0.955,0.93068,0.02432,0.5,0.55769,-0.05769
4,3461,75996.7,CLOSE,0.96,0.92708,0.03292,0.5,0.5,0.0,0.96,0.93588,0.02412,0.5,0.55769,-0.05769
4,3462,76017.8,CLOSE,0.965,0.93056,0.03444,0.5,0.50169,-0.00169,0.965,0.93588,0.02912,0.5,0.55962,-0.05962
4,3463,76038.7,CLOSE,0.97,0.93576,0.03424,0.5,0.50169,-0.00169,0.97,0.93761,0.03239,0.5,0.55769,-0.05769
4,3464,76059.0,CLOSE,0.975,0.93924,0.03576,0.5,0.50508,-0.00508,0.975,0.94627,0.02873,0.5,0.55769,-0.05769
4,3465,76079.7,CLOSE,0.98,0.94444,0.03556,0.5,0.50169,-0.00169,0.98,0.94974,0.03026,0.5,0.55769,-0.05769
4,3466,76100.9,CLOSE,0.985,0.9566,0.0284,0.5,0.50169,-0.00169,0.985,0.95667,0.02833,0.5,0.55577,-0.05577
4,3467,76122.1,CLOSE,0.99,0.95833,0.03167,0.5,0.50169,-0.00169,0.99,0.9688,0.0212,0.5,0.55769,-0.05769
4,3468,76142.4,CLOSE,0.995,0.96875,0.02625,0.5,0.50169,-0.00169,0.995,0.97054,0.02446,0.5,0.55769,-0.05769
4,3469,76163.5,CLOSE,1.0,0.96181,0.03819,0.5,0.50169,-0.00169,1.0,0.974,0.026,0.5,0.55577,-0.05577
4,3470,76170.5,HOLD_CLOSED,1.0,0.96181,0.03819,0.5,0.50169,-0.00169,1.0,0.97227,0.02773,0.5,0.56154,-0.06154
4,3471,76192.5,HOLD_CLOSED,1.0,0.96701,0.03299,0.5,0.50169,-0.00169,1.0,0.97574,0.02426,0.5,0.55769,-0.05769
4,3472,76213.5,HOLD_CLOSED,1.0,0.97569,0.02431,0.5,0.5,0.0,1.0,0.98787,0.01213,0.5,0.55769,-0.05769
4,3473,76233.6,HOLD_CLOSED,1.0,0.97049,0.02951,0.5,0.5,0.0,1.0,0.98614,0.01386,0.5,0.55769,-0.05769
4,3474,76254.5,HOLD_CLOSED,1.0,0.97396,0.02604,0.5,0.50169,-0.00169,1.0,0.98614,0.01386,0.5,0.55769,-0.05769
4,3475,76276.0,HOLD_CLOSED,1.0,0.97396,0.02604,0.5,0.5,0.0,1.0,0.98614,0.01386,0.5,0.55769,-0.05769
4,3476,76296.6,HOLD_CLOSED,1.0,0.98611,0.01389,0.5,0.50169,-0.00169,1.0,0.98267,0.01733,0.5,0.55769,-0.05769
4,3477,76317.1,HOLD_CLOSED,1.0,0.97396,0.02604,0.5,0.50169,-0.00169,1.0,0.98787,0.01213,0.5,0.55769,-0.05769
4,3478,76338.1,HOLD_CLOSED,1.0,0.97569,0.02431,0.5,0.5,0.0,1.0,0.98614,0.01386,0.5,0.55769,-0.05769
4,3479,76359.1,HOLD_CLOSED,1.0,0.97396,0.02604,0.5,0.50169,-0.00169,1.0,0.98614,0.01386,0.5,0.55769,-0.05769
4,3480,76379.9,HOLD_CLOSED,1.0,0.97569,0.02431,0.5,0.5,0.0,1.0,0.98614,0.01386,0.5,0.55577,-0.05577
4,3481,76400.8,HOLD_CLOSED,1.0,0.97396,0.02604,0.5,0.50339,-0.00339,1.0,0.9844,0.0156,0.5,0.55769,-0.05769
4,3482,76422.5,HOLD_CLOSED,1.0,0.97569,0.02431,0.5,0.50169,-0.00169,1.0,0.98614,0.01386,0.5,0.55769,-0.05769
4,3483,76441.9,HOLD_CLOSED,1.0,0.98264,0.01736,0.5,0.5,0.0,1.0,0.98787,0.01213,0.5,0.55962,-0.05962
4,3484,76463.3,HOLD_CLOSED,1.0,0.97569,0.02431,0.5,0.50169,-0.00169,1.0,0.98614,0.01386,0.5,0.55769,-0.05769
4,3485,76484.7,HOLD_CLOSED,1.0,0.97569,0.02431,0.5,0.50169,-0.00169,1.0,0.98614,0.01386,0.5,0.55769,-0.05769
4,3486,76504.5,HOLD_CLOSED,1.0,0.97569,0.02431,0.5,0.50169,-0.00169,1.0,0.98614,0.01386,0.5,0.55769,-0.05769
4,3487,76525.6,HOLD_CLOSED,1.0,0.97569,0.02431,0.5,0.50169,-0.00169,1.0,0.98614,0.01386,0.5,0.55769,-0.05769
4,3488,76546.5,HOLD_CLOSED,1.0,0.98958,0.01042,0.5,0.50169,-0.00169,1.0,0.98614,0.01386,0.5,0.55769,-0.05769
4,3489,76568.1,HOLD_CLOSED,1.0,0.97569,0.02431,0.5,0.5,0.0,1.0,0.98614,0.01386,0.5,0.55769,-0.05769
4,3490,76588.8,HOLD_CLOSED,1.0,0.97049,0.02951,0.5,0.50169,-0.00169,1.0,0.98614,0.01386,0.5,0.55769,-0.05769
4,3491,76609.1,HOLD_CLOSED,1.0,0.97396,0.02604,0.5,0.50169,-0.00169,1.0,0.9844,0.0156,0.5,0.55769,-0.05769
4,3492,76630.5,HOLD_CLOSED,1.0,0.97743,0.02257,0.5,0.50169,-0.00169,1.0,0.99133,0.00867,0.5,0.55769,-0.05769
4,3493,76650.8,HOLD_CLOSED,1.0,0.98611,0.01389,0.5,0.5,0.0,1.0,0.9844,0.0156,0.5,0.55962,-0.05962
4,3494,76672.0,HOLD_CLOSED,1.0,0.97569,0.02431,0.5,0.5,0.0,1.0,0.98614,0.01386,0.5,0.55769,-0.05769
4,3495,76692.7,HOLD_CLOSED,1.0,0.97569,0.02431,0.5,0.5,0.0,1.0,0.9844,0.0156,0.5,0.55769,-0.05769
4,3496,76713.7,HOLD_CLOSED,1.0,0.9809,0.0191,0.5,0.50169,-0.00169,1.0,0.9896,0.0104,0.5,0.55769,-0.05769
4,3497,76733.4,HOLD_CLOSED,1.0,0.97917,0.02083,0.5,0.50339,-0.00339,1.0,0.99307,0.00693,0.5,0.55769,-0.05769
4,3498,76755.0,HOLD_CLOSED,1.0,0.98785,0.01215,0.5,0.5,0.0,1.0,0.9948,0.0052,0.5,0.55769,-0.05769
4,3499,76775.3,HOLD_CLOSED,1.0,0.98264,0.01736,0.5,0.50339,-0.00339,1.0,0.99307,0.00693,0.5,0.55769,-0.05769
4,3500,76796.5,HOLD_CLOSED,1.0,0.99653,0.00347,0.5,0.5,0.0,1.0,0.9948,0.0052,0.5,0.55769,-0.05769
4,3501,76817.3,HOLD_CLOSED,1.0,0.98611,0.01389,0.5,0.50339,-0.00339,1.0,0.9948,0.0052,0.5,0.55769,-0.05769
4,3502,76838.4,HOLD_CLOSED,1.0,0.98958,0.01042,0.5,0.50169,-0.00169,1.0,0.99307,0.00693,0.5,0.55769,-0.05769
4,3503,76859.6,HOLD_CLOSED,1.0,0.99132,0.00868,0.5,0.5,0.0,1.0,0.9948,0.0052,0.5,0.55769,-0.05769
4,3504,76879.6,HOLD_CLOSED,1.0,0.99132,0.00868,0.5,0.50169,-0.00169,1.0,0.9948,0.0052,0.5,0.55769,-0.05769
4,3505,76900.6,HOLD_CLOSED,1.0,0.99132,0.00868,0.5,0.5,0.0,1.0,0.9948,0.0052,0.5,0.55769,-0.05769
4,3506,76922.1,HOLD_CLOSED,1.0,0.99306,0.00694,0.5,0.5,0.0,1.0,0.9948,0.0052,0.5,0.55769,-0.05769
4,3507,76942.3,HOLD_CLOSED,1.0,0.99132,0.00868,0.5,0.50339,-0.00339,1.0,0.9948,0.0052,0.5,0.55769,-0.05769
4,3508,76963.4,HOLD_CLOSED,1.0,0.99306,0.00694,0.5,0.50169,-0.00169,1.0,0.99653,0.00347,0.5,0.55769,-0.05769
4,3509,76984.6,HOLD_CLOSED,1.0,0.99479,0.00521,0.5,0.5,0.0,1.0,0.99653,0.00347,0.5,0.55769,-0.05769
4,3510,77005.0,HOLD_CLOSED,1.0,0.99479,0.00521,0.5,0.5,0.0,1.0,0.99307,0.00693,0.5,0.55769,-0.05769
4,3511,77026.5,HOLD_CLOSED,1.0,0.99306,0.00694,0.5,0.5,0.0,1.0,0.99307,0.00693,0.5,0.55769,-0.05769
4,3512,77046.9,HOLD_CLOSED,1.0,0.99306,0.00694,0.5,0.50169,-0.00169,1.0,0.9948,0.0052,0.5,0.55769,-0.05769
4,3513,77068.2,HOLD_CLOSED,1.0,0.99479,0.00521,0.5,0.50169,-0.00169,1.0,0.9948,0.0052,0.5,0.55769,-0.05769
4,3514,77089.1,HOLD_CLOSED,1.0,0.99306,0.00694,0.5,0.50169,-0.00169,1.0,0.99307,0.00693,0.5,0.55769,-0.05769
4,3515,77109.8,HOLD_CLOSED,1.0,0.99306,0.00694,0.5,0.50169,-0.00169,1.0,0.99307,0.00693,0.5,0.55769,-0.05769
4,3516,77129.9,HOLD_CLOSED,1.0,0.99479,0.00521,0.5,0.50169,-0.00169,1.0,0.9948,0.0052,0.5,0.55769,-0.05769
4,3517,77151.2,HOLD_CLOSED,1.0,0.99306,0.00694,0.5,0.50169,-0.00169,1.0,0.99307,0.00693,0.5,0.55769,-0.05769
4,3518,77172.0,HOLD_CLOSED,1.0,0.99479,0.00521,0.5,0.50169,-0.00169,1.0,0.99307,0.00693,0.5,0.55769,-0.05769
4,3519,77192.5,HOLD_CLOSED,1.0,0.99306,0.00694,0.5,0.5,0.0,1.0,0.9948,0.0052,0.5,0.55769,-0.05769
4,3520,77213.3,HOLD_CLOSED,1.0,0.99306,0.00694,0.5,0.50169,-0.00169,1.0,0.9948,0.0052,0.5,0.55769,-0.05769
4,3521,77233.3,HOLD_CLOSED,1.0,0.99479,0.00521,0.5,0.50169,-0.00169,1.0,0.9948,0.0052,0.5,0.55962,-0.05962
4,3522,77254.7,HOLD_CLOSED,1.0,0.99479,0.00521,0.5,0.50169,-0.00169,1.0,0.99653,0.00347,0.5,0.55769,-0.05769
4,3523,77275.8,HOLD_CLOSED,1.0,0.99479,0.00521,0.5,0.50169,-0.00169,1.0,0.99307,0.00693,0.5,0.55962,-0.05962
4,3524,77296.6,HOLD_CLOSED,1.0,0.99306,0.00694,0.5,0.50169,-0.00169,1.0,0.99307,0.00693,0.5,0.55769,-0.05769
4,3525,77317.0,HOLD_CLOSED,1.0,0.99479,0.00521,0.5,0.5,0.0,1.0,0.9948,0.0052,0.5,0.55769,-0.05769
4,3526,77338.0,HOLD_CLOSED,1.0,0.99479,0.00521,0.5,0.5,0.0,1.0,0.99653,0.00347,0.5,0.55769,-0.05769
4,3527,77359.2,HOLD_CLOSED,1.0,0.99479,0.00521,0.5,0.50169,-0.00169,1.0,0.9948,0.0052,0.5,0.55769,-0.05769
4,3528,77379.8,HOLD_CLOSED,1.0,0.99306,0.00694,0.5,0.50169,-0.00169,1.0,0.9948,0.0052,0.5,0.55769,-0.05769
4,3529,77401.1,HOLD_CLOSED,1.0,0.99306,0.00694,0.5,0.50169,-0.00169,1.0,0.9948,0.0052,0.5,0.55769,-0.05769
4,3530,77426.4,OPEN,0.995,0.99479,0.00021,0.495,0.50169,-0.00669,0.995,0.9948,0.0002,0.495,0.55769,-0.06269
4,3531,77445.6,OPEN,0.99,0.99479,-0.00479,0.49,0.50169,-0.01169,0.99,0.99307,-0.00307,0.49,0.55769,-0.06769
4,3532,77466.4,OPEN,0.985,0.99306,-0.00806,0.485,0.50339,-0.01839,0.985,0.9948,-0.0098,0.485,0.55769,-0.07269
4,3533,77486.1,OPEN,0.98,0.99132,-0.01132,0.48,0.5,-0.02,0.98,0.9948,-0.0148,0.48,0.55769,-0.07769
4,3534,77507.8,OPEN,0.975,0.99306,-0.01806,0.475,0.50169,-0.02669,0.975,0.9948,-0.0198,0.475,0.55769,-0.08269
4,3535,77528.5,OPEN,0.97,0.99306,-0.02306,0.47,0.5,-0.03,0.97,0.9948,-0.0248,0.47,0.55577,-0.08577
4,3536,77548.9,OPEN,0.965,0.99306,-0.02806,0.465,0.5,-0.035,0.965,0.99307,-0.02807,0.465,0.55769,-0.09269
4,3537,77570.9,OPEN,0.96,0.99306,-0.03306,0.46,0.50169,-0.04169,0.96,0.99307,-0.03307,0.46,0.55769,-0.09769
4,3538,77592.0,OPEN,0.955,0.99306,-0.03806,0.455,0.50169,-0.04669,0.955,0.9948,-0.0398,0.455,0.55769,-0.10269
4,3539,77611.0,OPEN,0.95,0.99479,-0.04479,0.45,0.50678,-0.05678,0.95,0.9948,-0.0448,0.45,0.55769,-0.10769
4,3540,77631.2,OPEN,0.945,0.99479,-0.04979,0.445,0.49661,-0.05161,0.945,0.99307,-0.04807,0.445,0.55769,-0.11269
4,3541,77652.7,OPEN,0.94,0.99479,-0.05479,0.44,0.49153,-0.05153,0.94,0.99307,-0.05307,0.44,0.55769,-0.11769
4,3542,77674.3,OPEN,0.935,0.99306,-0.05806,0.435,0.48814,-0.05314,0.935,0.99133,-0.05633,0.435,0.55769,-0.12269
4,3543,77694.1,OPEN,0.93,0.99306,-0.06306,0.43,0.48475,-0.05475,0.93,0.99307,-0.06307,0.43,0.56346,-0.13346
4,3544,77715.0,OPEN,0.925,0.99306,-0.06806,0.425,0.47797,-0.05297,0.925,0.99307,-0.06807,0.425,0.55385,-0.12885
4,3545,77735.8,OPEN,0.92,0.99653,-0.07653,0.42,0.47288,-0.05288,0.92,0.99307,-0.07307,0.42,0.54615,-0.12615
4,3546,77756.6,OPEN,0.915,0.98785,-0.07285,0.415,0.4678,-0.0528,0.915,0.9896,-0.0746,0.415,0.53846,-0.12346
4,3547,77777.3,OPEN,0.91,0.98438,-0.07438,0.41,0.46102,-0.05102,0.91,0.98267,-0.07267,0.41,0.53269,-0.12269
4,3548,77798.3,OPEN,0.905,0.97917,-0.07417,0.405,0.45424,-0.04924,0.905,0.97574,-0.07074,0.405,0.52115,-0.11615
4,3549,77819.1,OPEN,0.9,0.9809,-0.0809,0.4,0.45424,-0.05424,0.9,0.97227,-0.07227,0.4,0.50962,-0.10962
4,3550,77840.7,OPEN,0.895,0.97222,-0.07722,0.395,0.44068,-0.04568,0.895,0.9688,-0.0738,0.395,0.49423,-0.09923
4,3551,77861.2,OPEN,0.89,0.96528,-0.07528,0.39,0.43559,-0.04559,0.89,0.96014,-0.07014,0.39,0.48462,-0.09462
4,3552,77882.6,OPEN,0.885,0.9566,-0.0716,0.385,0.4322,-0.0472,0.885,0.95321,-0.06821,0.385,0.47308,-0.08808
4,3553,77902.9,OPEN,0.88,0.94618,-0.06618,0.38,0.42712,-0.04712,0.88,0.94627,-0.06627,0.38,0.46154,-0.08154
4,3554,77924.9,OPEN,0.875,0.9375,-0.0625,0.375,0.41864,-0.04364,0.875,0.94627,-0.07127,0.375,0.45192,-0.07692
4,3555,77944.2,OPEN,0.87,0.93403,-0.06403,0.37,0.41525,-0.04525,0.87,0.93414,-0.06414,0.37,0.44038,-0.07038
4,3556,77966.0,OPEN,0.865,0.93056,-0.06556,0.365,0.40508,-0.04008,0.865,0.92721,-0.06221,0.365,0.43269,-0.06769
4,3557,77987.2,OPEN,0.86,0.91667,-0.05667,0.36,0.39831,-0.03831,0.86,0.91854,-0.05854,0.36,0.425,-0.065
4,3558,78007.6,OPEN,0.855,0.91493,-0.05993,0.355,0.39831,-0.04331,0.855,0.91334,-0.05834,0.355,0.42115,-0.06615
4,3559,78028.5,OPEN,0.85,0.90278,-0.05278,0.35,0.38983,-0.03983,0.85,0.90641,-0.05641,0.35,0.41731,-0.06731
4,3560,78048.7,OPEN,0.845,0.89757,-0.05257,0.345,0.38644,-0.04144,0.845,0.89601,-0.05101,0.345,0.41731,-0.07231
4,3561,78070.4,OPEN,0.84,0.89062,-0.05063,0.34,0.38136,-0.04136,0.84,0.88735,-0.04735,0.34,0.41154,-0.07154
4,3562,78090.3,OPEN,0.835,0.88542,-0.05042,0.335,0.38644,-0.05144,0.835,0.88042,-0.04542,0.335,0.41154,-0.07654
4,3563,78111.0,OPEN,0.83,0.88021,-0.05021,0.33,0.37966,-0.04966,0.83,0.87175,-0.04175,0.33,0.40962,-0.07962
4,3564,78131.4,OPEN,0.825,0.87674,-0.05174,0.325,0.37458,-0.04958,0.825,0.86828,-0.04328,0.325,0.40962,-0.08462
4,3565,78152.4,OPEN,0.82,0.875,-0.055,0.32,0.36441,-0.04441,0.82,0.85962,-0.03962,0.32,0.42115,-0.10115
4,3566,78173.5,OPEN,0.815,0.87153,-0.05653,0.315,0.35932,-0.04432,0.815,0.85615,-0.04115,0.315,0.40962,-0.09462
4,3567,78193.9,OPEN,0.81,0.86979,-0.05979,0.31,0.35424,-0.04424,0.81,0.85095,-0.04095,0.31,0.40769,-0.09769
4,3568,78215.1,OPEN,0.805,0.87326,-0.06826,0.305,0.34746,-0.04246,0.805,0.84922,-0.04422,0.305,0.40577,-0.10077
4,3569,78236.4,OPEN,0.8,0.86458,-0.06458,0.3,0.34407,-0.04407,0.8,0.84749,-0.04749,0.3,0.40192,-0.10192
4,3570,78257.0,OPEN,0.795,0.86285,-0.06785,0.295,0.33898,-0.04398,0.795,0.84575,-0.05075,0.295,0.39615,-0.10115
4,3571,78277.5,OPEN,0.79,0.86285,-0.07285,0.29,0.33559,-0.04559,0.79,0.84575,-0.05575,0.29,0.39038,-0.10038
4,3572,78298.0,OPEN,0.785,0.85938,-0.07438,0.285,0.32712,-0.04212,0.785,0.84229,-0.05729,0.285,0.39423,-0.10923
4,3573,78319.0,OPEN,0.78,0.8559,-0.0759,0.28,0.32203,-0.04203,0.78,0.83882,-0.05882,0.28,0.375,-0.095
4,3574,78340.4,OPEN,0.775,0.85069,-0.07569,0.275,0.31695,-0.04195,0.775,0.83536,-0.06036,0.275,0.37115,-0.09615
4,3575,78361.4,OPEN,0.77,0.85243,-0.08243,0.27,0.31186,-0.04186,0.77,0.83362,-0.06362,0.27,0.36346,-0.09346
4,3576,78383.3,OPEN,0.765,0.84028,-0.07528,0.265,0.30508,-0.04008,0.765,0.82842,-0.06342,0.265,0.35192,-0.08692
4,3577,78403.0,OPEN,0.76,0.83333,-0.07333,0.26,0.3,-0.04,0.76,0.82322,-0.06322,0.26,0.35577,-0.09577
4,3578,78423.9,OPEN,0.755,0.82465,-0.06965,0.255,0.29661,-0.04161,0.755,0.81976,-0.06476,0.255,0.34231,-0.08731
4,3579,78445.4,OPEN,0.75,0.81944,-0.06944,0.25,0.28814,-0.03814,0.75,0.81629,-0.06629,0.25,0.33269,-0.08269
4,3580,78465.5,OPEN,0.745,0.80903,-0.06403,0.245,0.28644,-0.04144,0.745,0.80936,-0.06436,0.245,0.325,-0.08
4,3581,78487.0,OPEN,0.74,0.80382,-0.06382,0.24,0.28136,-0.04136,0.74,0.80243,-0.06243,0.24,0.31731,-0.07731
4,3582,78507.5,OPEN,0.735,0.79514,-0.06014,0.235,0.26949,-0.03449,0.735,0.79723,-0.06223,0.235,0.30962,-0.07462
4,3583,78529.0,OPEN,0.73,0.78819,-0.05819,0.23,0.26949,-0.03949,0.73,0.78856,-0.05856,0.23,0.3,-0.07
4,3584,78548.5,OPEN,0.725,0.78125,-0.05625,0.225,0.26441,-0.03941,0.725,0.78336,-0.05836,0.225,0.29423,-0.06923
4,3585,78569.3,OPEN,0.72,0.77431,-0.05431,0.22,0.25593,-0.03593,0.72,0.77643,-0.05643,0.22,0.28654,-0.06654
4,3586,78590.2,OPEN,0.715,0.7691,-0.0541,0.215,0.25085,-0.03585,0.715,0.77123,-0.05623,0.215,0.28269,-0.06769
4,3587,78611.5,OPEN,0.71,0.76562,-0.05563,0.21,0.24915,-0.03915,0.71,0.7643,-0.0543,0.21,0.28269,-0.07269
4,3588,78631.7,OPEN,0.705,0.76042,-0.05542,0.205,0.24407,-0.03907,0.705,0.76083,-0.05583,0.205,0.27115,-0.06615
4,3589,78652.2,OPEN,0.7,0.75521,-0.05521,0.2,0.23559,-0.03559,0.7,0.7539,-0.0539,0.2,0.27115,-0.07115
4,3590,78672.5,OPEN,0.695,0.75521,-0.06021,0.195,0.23559,-0.04059,0.695,0.75043,-0.05543,0.195,0.26923,-0.07423
4,3591,78694.2,OPEN,0.69,0.75,-0.06,0.19,0.23051,-0.04051,0.69,0.74697,-0.05697,0.19,0.25962,-0.06962
4,3592,78713.4,OPEN,0.685,0.74653,-0.06153,0.185,0.22712,-0.04212,0.685,0.74177,-0.05677,0.185,0.25962,-0.07462
4,3593,78733.8,OPEN,0.68,0.74306,-0.06306,0.18,0.22542,-0.04542,0.68,0.73657,-0.05657,0.18,0.25577,-0.07577
4,3594,78754.6,OPEN,0.675,0.74306,-0.06806,0.175,0.22203,-0.04703,0.675,0.73657,-0.06157,0.175,0.25,-0.075
4,3595,78775.4,OPEN,0.67,0.74306,-0.07306,0.17,0.22034,-0.05034,0.67,0.73484,-0.06484,0.17,0.24038,-0.07038
4,3596,78795.6,OPEN,0.665,0.73785,-0.07285,0.165,0.21695,-0.05195,0.665,0.71404,-0.04904,0.165,0.23462,-0.06962
4,3597,78817.8,OPEN,0.66,0.72917,-0.06917,0.16,0.21864,-0.05864,0.66,0.7175,-0.0575,0.16,0.225,-0.065
4,3598,78840.2,OPEN,0.655,0.72222,-0.06722,0.155,0.21525,-0.06025,0.655,0.71404,-0.05904,0.155,0.21731,-0.06231
4,3599,78860.9,OPEN,0.65,0.71528,-0.06528,0.15,0.21017,-0.06017,0.65,0.70884,-0.05884,0.15,0.21154,-0.06154
4,3600,78882.5,OPEN,0.645,0.70833,-0.06333,0.145,0.19831,-0.05331,0.645,0.70364,-0.05864,0.145,0.20385,-0.05885
4,3601,78903.2,OPEN,0.64,0.70312,-0.06313,0.14,0.19322,-0.05322,0.64,0.69844,-0.05844,0.14,0.19808,-0.05808
4,3602,78923.6,OPEN,0.635,0.69965,-0.06465,0.135,0.18814,-0.05314,0.635,0.68977,-0.05477,0.135,0.19423,-0.05923
4,3603,78944.4,OPEN,0.63,0.69271,-0.06271,0.13,0.18305,-0.05305,0.63,0.68631,-0.05631,0.13,0.18846,-0.05846
4,3604,78965.3,OPEN,0.625,0.6875,-0.0625,0.125,0.17966,-0.05466,0.625,0.67938,-0.05438,0.125,0.18269,-0.05769
4,3605,78987.2,OPEN,0.62,0.68056,-0.06056,0.12,0.17288,-0.05288,0.62,0.67418,-0.05418,0.12,0.17885,-0.05885
4,3606,79006.9,OPEN,0.615,0.6684,-0.0534,0.115,0.1678,-0.0528,0.615,0.67418,-0.05918,0.115,0.17885,-0.06385
4,3607,79027.8,OPEN,0.61,0.6684,-0.0584,0.11,0.16271,-0.05271,0.61,0.66551,-0.05551,0.11,0.16923,-0.05923
4,3608,79048.2,OPEN,0.605,0.66319,-0.05819,0.105,0.16271,-0.05771,0.605,0.66031,-0.05531,0.105,0.16538,-0.06038
4,3609,79069.3,OPEN,0.6,0.65799,-0.05799,0.1,0.15424,-0.05424,0.6,0.65338,-0.05338,0.1,0.16154,-0.06154
4,3610,79090.3,OPEN,0.595,0.65278,-0.05778,0.095,0.15593,-0.06093,0.595,0.64991,-0.05491,0.095,0.15769,-0.06269
4,3611,79110.6,OPEN,0.59,0.64757,-0.05757,0.09,0.14746,-0.05746,0.59,0.64645,-0.05645,0.09,0.15385,-0.06385
4,3612,79131.5,OPEN,0.585,0.64236,-0.05736,0.085,0.14068,-0.05568,0.585,0.64125,-0.05625,0.085,0.14615,-0.06115
4,3613,79153.2,OPEN,0.58,0.63715,-0.05715,0.08,0.1339,-0.0539,0.58,0.63258,-0.05258,0.08,0.14231,-0.06231
4,3614,79173.3,OPEN,0.575,0.63368,-0.05868,0.075,0.12712,-0.05212,0.575,0.63258,-0.05758,0.075,0.13654,-0.06154
4,3615,79194.2,OPEN,0.57,0.63021,-0.06021,0.07,0.12034,-0.05034,0.57,0.62738,-0.05738,0.07,0.13077,-0.06077
4,3616,79214.6,OPEN,0.565,0.62847,-0.06347,0.065,0.11695,-0.05195,0.565,0.62045,-0.05545,0.065,0.12885,-0.06385
4,3617,79235.7,OPEN,0.56,0.62153,-0.06153,0.06,0.11017,-0.05017,0.56,0.61698,-0.05698,0.06,0.12692,-0.06692
4,3618,79256.8,OPEN,0.555,0.61632,-0.06132,0.055,0.11017,-0.05517,0.555,0.61005,-0.05505,0.055,0.11346,-0.05846
4,3619,79278.1,OPEN,0.55,0.61111,-0.06111,0.05,0.10169,-0.05169,0.55,0.60485,-0.05485,0.05,0.10385,-0.05385
4,3620,79298.6,OPEN,0.545,0.6059,-0.0609,0.045,0.09492,-0.04992,0.545,0.60139,-0.05639,0.045,0.09423,-0.04923
4,3621,79319.9,OPEN,0.54,0.60069,-0.06069,0.04,0.08814,-0.04814,0.54,0.59619,-0.05619,0.04,0.09423,-0.05423
4,3622,79341.2,OPEN,0.535,0.59549,-0.06049,0.035,0.08305,-0.04805,0.535,0.58925,-0.05425,0.035,0.08077,-0.04577
4,3623,79361.5,OPEN,0.53,0.59201,-0.06201,0.03,0.07797,-0.04797,0.53,0.58579,-0.05579,0.03,0.075,-0.045
4,3624,79383.6,OPEN,0.525,0.58681,-0.06181,0.025,0.07288,-0.04788,0.525,0.57886,-0.05386,0.025,0.06731,-0.04231
4,3625,79403.2,OPEN,0.52,0.5816,-0.0616,0.02,0.06949,-0.04949,0.52,0.57366,-0.05366,0.02,0.06731,-0.04731
4,3626,79423.6,OPEN,0.515,0.57639,-0.06139,0.015,0.06949,-0.05449,0.515,0.56846,-0.05346,0.015,0.05577,-0.04077
4,3627,79444.2,OPEN,0.51,0.56944,-0.05944,0.01,0.05932,-0.04932,0.51,0.56153,-0.05153,0.01,0.05192,-0.04192
4,3628,79465.6,OPEN,0.505,0.56424,-0.05924,0.005,0.05085,-0.04585,0.505,0.55633,-0.05133,0.005,0.04615,-0.04115
4,3629,79487.1,OPEN,0.5,0.55903,-0.05903,0.0,0.04746,-0.04746,0.5,0.54939,-0.04939,0.0,0.04423,-0.04423
4,3630,79507.2,OPEN,0.495,0.55382,-0.05882,0.0,0.04237,-0.04237,0.495,0.54419,-0.04919,0.0,0.03269,-0.03269
4,3631,79527.1,OPEN,0.49,0.54688,-0.05688,0.0,0.03729,-0.03729,0.49,0.53899,-0.04899,0.0,0.02692,-0.02692
4,3632,79548.5,OPEN,0.485,0.54688,-0.06188,0.0,0.0322,-0.0322,0.485,0.53726,-0.05226,0.0,0.025,-0.025
4,3633,79568.9,OPEN,0.48,0.5434,-0.0634,0.0,0.02712,-0.02712,0.48,0.53033,-0.05033,0.0,0.02115,-0.02115
4,3634,79590.5,OPEN,0.475,0.53299,-0.05799,0.0,0.02373,-0.02373,0.475,0.5286,-0.0536,0.0,0.01538,-0.01538
4,3635,79610.9,OPEN,0.47,0.52951,-0.05951,0.0,0.02034,-0.02034,0.47,0.52513,-0.05513,0.0,0.01154,-0.01154
4,3636,79631.7,OPEN,0.465,0.52257,-0.05757,0.0,0.01695,-0.01695,0.465,0.51993,-0.05493,0.0,0.00577,-0.00577
4,3637,79652.0,OPEN,0.46,0.51215,-0.05215,0.0,0.01356,-0.01356,0.46,0.51127,-0.05127,0.0,0.00577,-0.00577
4,3638,79673.5,OPEN,0.455,0.50868,-0.05368,0.0,0.01695,-0.01695,0.455,0.5026,-0.0476,0.0,0.00385,-0.00385
4,3639,79694.0,OPEN,0.45,0.5,-0.05,0.0,0.01186,-0.01186,0.45,0.5026,-0.0526,0.0,0.0,0.0
4,3640,79714.2,OPEN,0.445,0.49132,-0.04632,0.0,0.01017,-0.01017,0.445,0.48873,-0.04373,0.0,0.0,0.0
4,3641,79735.7,OPEN,0.44,0.48958,-0.04958,0.0,0.00847,-0.00847,0.44,0.4818,-0.0418,0.0,0.0,0.0
4,3642,79757.3,OPEN,0.435,0.48438,-0.04938,0.0,0.00847,-0.00847,0.435,0.47834,-0.04334,0.0,0.0,0.0
4,3643,79778.6,OPEN,0.43,0.4809,-0.0509,0.0,0.00847,-0.00847,0.43,0.4818,-0.0518,0.0,0.0,0.0
4,3644,79798.6,OPEN,0.425,0.47917,-0.05417,0.0,0.00847,-0.00847,0.425,0.47487,-0.04987,0.0,0.0,0.0
4,3645,79819.6,OPEN,0.42,0.47569,-0.05569,0.0,0.01017,-0.01017,0.42,0.4714,-0.0514,0.0,0.0,0.0
4,3646,79841.4,OPEN,0.415,0.47049,-0.05549,0.0,0.01017,-0.01017,0.415,0.46794,-0.05294,0.0,0.0,0.0
4,3647,79862.4,OPEN,0.41,0.46875,-0.05875,0.0,0.00847,-0.00847,0.41,0.46447,-0.05447,0.0,0.0,0.0
4,3648,79882.4,OPEN,0.405,0.46354,-0.05854,0.0,0.00847,-0.00847,0.405,0.45927,-0.05427,0.0,0.0,0.0
4,3649,79902.4,OPEN,0.4,0.46007,-0.06007,0.0,0.00847,-0.00847,0.4,0.45581,-0.05581,0.0,0.0,0.0
4,3650,79923.8,OPEN,0.395,0.46007,-0.06507,0.0,0.00847,-0.00847,0.395,0.45407,-0.05907,0.0,0.0,0.0
4,3651,79944.7,OPEN,0.39,0.44965,-0.05965,0.0,0.00847,-0.00847,0.39,0.44541,-0.05541,0.0,0.0,0.0
4,3652,79965.8,OPEN,0.385,0.44965,-0.06465,0.0,0.01695,-0.01695,0.385,0.43847,-0.05347,0.0,0.0,0.0
4,3653,79986.2,OPEN,0.38,0.4375,-0.0575,0.0,0.00847,-0.00847,0.38,0.43847,-0.05847,0.0,0.0,0.0
4,3654,80006.5,OPEN,0.375,0.43403,-0.05903,0.0,0.00847,-0.00847,0.375,0.42634,-0.05134,0.0,0.0,0.0
4,3655,80027.7,OPEN,0.37,0.42708,-0.05708,0.0,0.00847,-0.00847,0.37,0.42461,-0.05461,0.0,0.0,0.0
4,3656,80048.3,OPEN,0.365,0.42361,-0.05861,0.0,0.00847,-0.00847,0.365,0.41594,-0.05094,0.0,0.0,0.0
4,3657,80069.4,OPEN,0.36,0.42535,-0.06535,0.0,0.00847,-0.00847,0.36,0.41075,-0.05075,0.0,0.0,0.0
4,3658,80090.5,OPEN,0.355,0.41319,-0.05819,0.0,0.00847,-0.00847,0.355,0.40901,-0.05401,0.0,0.0,0.0
4,3659,80110.9,OPEN,0.35,0.40972,-0.05972,0.0,0.00847,-0.00847,0.35,0.40728,-0.05728,0.0,0.0,0.0
4,3660,80132.1,OPEN,0.345,0.40104,-0.05604,0.0,0.01356,-0.01356,0.345,0.39515,-0.05015,0.0,0.0,0.0
4,3661,80152.3,OPEN,0.34,0.39757,-0.05757,0.0,0.01017,-0.01017,0.34,0.38995,-0.04995,0.0,0.0,0.0
4,3662,80173.1,OPEN,0.335,0.39062,-0.05563,0.0,0.01017,-0.01017,0.335,0.38648,-0.05148,0.0,0.0,0.0
4,3663,80193.8,OPEN,0.33,0.38715,-0.05715,0.0,0.00847,-0.00847,0.33,0.38128,-0.05128,0.0,0.0,0.0
4,3664,80215.2,OPEN,0.325,0.38194,-0.05694,0.0,0.01186,-0.01186,0.325,0.37608,-0.05108,0.0,0.0,0.0
4,3665,80235.7,OPEN,0.32,0.37674,-0.05674,0.0,0.00847,-0.00847,0.32,0.37782,-0.05782,0.0,0.0,0.0
4,3666,80257.0,OPEN,0.315,0.37674,-0.06174,0.0,0.00678,-0.00678,0.315,0.36568,-0.05068,0.0,0.0,0.0
4,3667,80277.3,OPEN,0.31,0.36458,-0.05458,0.0,0.00508,-0.00508,0.31,0.36395,-0.05395,0.0,0.0,0.0
4,3668,80298.6,OPEN,0.305,0.35938,-0.05438,0.0,0.00339,-0.00339,0.305,0.35875,-0.05375,0.0,0.0,0.0
4,3669,80320.2,OPEN,0.3,0.35417,-0.05417,0.0,0.00169,-0.00169,0.3,0.35009,-0.05009,0.0,0.0,0.0
4,3670,80340.8,OPEN,0.295,0.34896,-0.05396,0.0,0.00339,-0.00339,0.295,0.34662,-0.05162,0.0,0.0,0.0
4,3671,80361.6,OPEN,0.29,0.34201,-0.05201,0.0,0.00339,-0.00339,0.29,0.33969,-0.04969,0.0,0.0,0.0
4,3672,80382.4,OPEN,0.285,0.33681,-0.05181,0.0,0.00169,-0.00169,0.285,0.33449,-0.04949,0.0,0.0,0.0
4,3673,80403.7,OPEN,0.28,0.3316,-0.0516,0.0,0.00339,-0.00339,0.28,0.33102,-0.05102,0.0,0.0,0.0
4,3674,80423.4,OPEN,0.275,0.32639,-0.05139,0.0,0.00508,-0.00508,0.275,0.32582,-0.05082,0.0,0.0,0.0
4,3675,80444.7,OPEN,0.27,0.32118,-0.05118,0.0,0.00508,-0.00508,0.27,0.31889,-0.04889,0.0,0.0,0.0
4,3676,80464.7,OPEN,0.265,0.31597,-0.05097,0.0,0.00339,-0.00339,0.265,0.31542,-0.05042,0.0,0.0,0.0
4,3677,80485.9,OPEN,0.26,0.31597,-0.05597,0.0,0.00339,-0.00339,0.26,0.31196,-0.05196,0.0,0.0,0.0
4,3678,80506.8,OPEN,0.255,0.30729,-0.05229,0.0,0.00339,-0.00339,0.255,0.30503,-0.05003,0.0,0.0,0.0
4,3679,80527.2,OPEN,0.25,0.30208,-0.05208,0.0,0.00339,-0.00339,0.25,0.29983,-0.04983,0.0,0.0,0.0
4,3680,80548.4,OPEN,0.245,0.29688,-0.05188,0.0,0.00339,-0.00339,0.245,0.29636,-0.05136,0.0,0.0,0.0
4,3681,80569.5,OPEN,0.24,0.2934,-0.0534,0.0,0.00339,-0.00339,0.24,0.29289,-0.05289,0.0,0.0,0.0
4,3682,80590.1,OPEN,0.235,0.28819,-0.05319,0.0,0.00339,-0.00339,0.235,0.28769,-0.05269,0.0,0.0,0.0
4,3683,80611.3,OPEN,0.23,0.28472,-0.05472,0.0,0.00339,-0.00339,0.23,0.28076,-0.05076,0.0,0.0,0.0
4,3684,80631.6,OPEN,0.225,0.27951,-0.05451,0.0,0.00339,-0.00339,0.225,0.2773,-0.0523,0.0,0.0,0.0
4,3685,80652.2,OPEN,0.22,0.27431,-0.05431,0.0,0.00339,-0.00339,0.22,0.27383,-0.05383,0.0,0.0,0.0
4,3686,80672.7,OPEN,0.215,0.2691,-0.0541,0.0,0.00339,-0.00339,0.215,0.26516,-0.05016,0.0,0.0,0.0
4,3687,80694.7,OPEN,0.21,0.26389,-0.05389,0.0,0.00339,-0.00339,0.21,0.26343,-0.05343,0.0,0.0,0.0
4,3688,80715.0,OPEN,0.205,0.26042,-0.05542,0.0,0.00169,-0.00169,0.205,0.2565,-0.0515,0.0,0.0,0.0
4,3689,80735.8,OPEN,0.2,0.25347,-0.05347,0.0,0.00339,-0.00339,0.2,0.24957,-0.04957,0.0,0.0,0.0
4,3690,80756.3,OPEN,0.195,0.25,-0.055,0.0,0.00339,-0.00339,0.195,0.2461,-0.0511,0.0,0.0,0.0
4,3691,80778.7,OPEN,0.19,0.24306,-0.05306,0.0,0.00339,-0.00339,0.19,0.2409,-0.0509,0.0,0.0,0.0
4,3692,80801.2,OPEN,0.185,0.23958,-0.05458,0.0,0.00339,-0.00339,0.185,0.23397,-0.04897,0.0,0.0,0.0
4,3693,80820.1,OPEN,0.18,0.23264,-0.05264,0.0,0.00339,-0.00339,0.18,0.22877,-0.04877,0.0,0.0,0.0
4,3694,80841.0,OPEN,0.175,0.22743,-0.05243,0.0,0.00339,-0.00339,0.175,0.22357,-0.04857,0.0,0.0,0.0
4,3695,80862.3,OPEN,0.17,0.22222,-0.05222,0.0,0.00339,-0.00339,0.17,0.2201,-0.0501,0.0,0.0,0.0
4,3696,80882.8,OPEN,0.165,0.21701,-0.05201,0.0,0.00339,-0.00339,0.165,0.21144,-0.04644,0.0,0.0,0.0
4,3697,80903.6,OPEN,0.16,0.21181,-0.05181,0.0,0.00339,-0.00339,0.16,0.20624,-0.04624,0.0,0.0,0.0
4,3698,80923.2,OPEN,0.155,0.20486,-0.04986,0.0,0.00339,-0.00339,0.155,0.20624,-0.05124,0.0,0.0,0.0
4,3699,80944.0,OPEN,0.15,0.20139,-0.05139,0.0,0.00339,-0.00339,0.15,0.20104,-0.05104,0.0,0.0,0.0
4,3700,80965.0,OPEN,0.145,0.19618,-0.05118,0.0,0.00169,-0.00169,0.145,0.19064,-0.04564,0.0,0.0,0.0
4,3701,80985.6,OPEN,0.14,0.19097,-0.05097,0.0,0.00339,-0.00339,0.14,0.18544,-0.04544,0.0,0.0,0.0
4,3702,81007.1,OPEN,0.135,0.18576,-0.05076,0.0,0.00339,-0.00339,0.135,0.18024,-0.04524,0.0,0.0,0.0
4,3703,81027.9,OPEN,0.13,0.18056,-0.05056,0.0,0.00678,-0.00678,0.13,0.17851,-0.04851,0.0,0.0,0.0
4,3704,81048.8,OPEN,0.125,0.17535,-0.05035,0.0,0.00339,-0.00339,0.125,0.16984,-0.04484,0.0,0.0,0.0
4,3705,81068.9,OPEN,0.12,0.17014,-0.05014,0.0,0.00508,-0.00508,0.12,0.16638,-0.04638,0.0,0.0,0.0
4,3706,81090.1,OPEN,0.115,0.16493,-0.04993,0.0,0.00339,-0.00339,0.115,0.16118,-0.04618,0.0,0.0,0.0
4,3707,81110.8,OPEN,0.11,0.16146,-0.05146,0.0,0.00339,-0.00339,0.11,0.15771,-0.04771,0.0,0.0,0.0
4,3708,81132.3,OPEN,0.105,0.15451,-0.04951,0.0,0.00339,-0.00339,0.105,0.15771,-0.05271,0.0,0.0,0.0
4,3709,81151.0,OPEN,0.1,0.14931,-0.04931,0.0,0.00339,-0.00339,0.1,0.15425,-0.05425,0.0,0.0,0.0
4,3710,81171.3,OPEN,0.095,0.1441,-0.0491,0.0,0.00339,-0.00339,0.095,0.14385,-0.04885,0.0,0.0,0.0
4,3711,81192.8,OPEN,0.09,0.13889,-0.04889,0.0,0.00169,-0.00169,0.09,0.13865,-0.04865,0.0,0.0,0.0
4,3712,81213.7,OPEN,0.085,0.13542,-0.05042,0.0,0.00339,-0.00339,0.085,0.13345,-0.04845,0.0,0.0,0.0
4,3713,81237.0,OPEN,0.08,0.13021,-0.05021,0.0,0.00339,-0.00339,0.08,0.12825,-0.04825,0.0,0.0,0.0
4,3714,81257.8,OPEN,0.075,0.125,-0.05,0.0,0.00339,-0.00339,0.075,0.12305,-0.04805,0.0,0.0,0.0
4,3715,81278.0,OPEN,0.07,0.12153,-0.05153,0.0,0.00339,-0.00339,0.07,0.11785,-0.04785,0.0,0.0,0.0
4,3716,81298.8,OPEN,0.065,0.11632,-0.05132,0.0,0.00339,-0.00339,0.065,0.11612,-0.05112,0.0,0.0,0.0
4,3717,81319.5,OPEN,0.06,0.10938,-0.04938,0.0,0.00169,-0.00169,0.06,0.10572,-0.04572,0.0,0.0,0.0
4,3718,81341.4,OPEN,0.055,0.10938,-0.05438,0.0,0.00339,-0.00339,0.055,0.10572,-0.05072,0.0,0.0,0.0
4,3719,81361.0,OPEN,0.05,0.10069,-0.05069,0.0,0.00339,-0.00339,0.05,0.09359,-0.04359,0.0,0.0,0.0
4,3720,81382.1,OPEN,0.045,0.09549,-0.05049,0.0,0.00339,-0.00339,0.045,0.08839,-0.04339,0.0,0.0,0.0
4,3721,81402.1,OPEN,0.04,0.08854,-0.04854,0.0,0.00339,-0.00339,0.04,0.08319,-0.04319,0.0,0.0,0.0
4,3722,81423.0,OPEN,0.035,0.08333,-0.04833,0.0,0.00169,-0.00169,0.035,0.08319,-0.04819,0.0,0.0,0.0
4,3723,81444.1,OPEN,0.03,0.07986,-0.04986,0.0,0.00339,-0.00339,0.03,0.07626,-0.04626,0.0,0.0,0.0
4,3724,81465.3,OPEN,0.025,0.07465,-0.04965,0.0,0.00169,-0.00169,0.025,0.06932,-0.04432,0.0,0.0,0.0
4,3725,81485.7,OPEN,0.02,0.07118,-0.05118,0.0,0.00169,-0.00169,0.02,0.06412,-0.04412,0.0,0.0,0.0
4,3726,81506.5,OPEN,0.015,0.06424,-0.04924,0.0,0.00339,-0.00339,0.015,0.05893,-0.04393,0.0,0.0,0.0
4,3727,81527.5,OPEN,0.01,0.06597,-0.05597,0.0,0.00169,-0.00169,0.01,0.05546,-0.04546,0.0,0.0,0.0
4,3728,81547.9,OPEN,0.005,0.05382,-0.04882,0.0,0.00169,-0.00169,0.005,0.05026,-0.04526,0.0,0.0,0.0
4,3729,81569.0,OPEN,0.0,0.05035,-0.05035,0.0,0.00169,-0.00169,0.0,0.04506,-0.04506,0.0,0.0,0.0
4,3730,81577.7,HOLD_OPEN,0.0,0.04861,-0.04861,0.0,0.00169,-0.00169,0.0,0.04506,-0.04506,0.0,0.0,0.0
4,3731,81598.1,HOLD_OPEN,0.0,0.04861,-0.04861,0.0,0.00169,-0.00169,0.0,0.03986,-0.03986,0.0,0.0,0.0
4,3732,81619.4,HOLD_OPEN,0.0,0.03819,-0.03819,0.0,0.00169,-0.00169,0.0,0.03466,-0.03466,0.0,0.0,0.0
4,3733,81639.8,HOLD_OPEN,0.0,0.03299,-0.03299,0.0,0.00169,-0.00169,0.0,0.0312,-0.0312,0.0,0.0,0.0
4,3734,81661.0,HOLD_OPEN,0.0,0.02778,-0.02778,0.0,0.00169,-0.00169,0.0,0.02426,-0.02426,0.0,0.0,0.0
4,3735,81682.0,HOLD_OPEN,0.0,0.02257,-0.02257,0.0,0.00169,-0.00169,0.0,0.02426,-0.02426,0.0,0.0,0.0
4,3736,81702.5,HOLD_OPEN,0.0,0.0191,-0.0191,0.0,0.00169,-0.00169,0.0,0.01386,-0.01386,0.0,0.0,0.0
4,3737,81723.0,HOLD_OPEN,0.0,0.01562,-0.01562,0.0,0.00169,-0.00169,0.0,0.0104,-0.0104,0.0,0.0,0.0
4,3738,81743.5,HOLD_OPEN,0.0,0.01215,-0.01215,0.0,0.00169,-0.00169,0.0,0.00693,-0.00693,0.0,0.0,0.0
4,3739,81764.8,HOLD_OPEN,0.0,0.01042,-0.01042,0.0,0.00169,-0.00169,0.0,0.00347,-0.00347,0.0,0.0,0.0
4,3740,81785.1,HOLD_OPEN,0.0,0.00868,-0.00868,0.0,0.00169,-0.00169,0.0,0.00173,-0.00173,0.0,0.0,0.0
4,3741,81806.1,HOLD_OPEN,0.0,0.00868,-0.00868,0.0,0.00169,-0.00169,0.0,0.0,0.0,0.0,0.0,0.0
4,3742,81827.1,HOLD_OPEN,0.0,0.00694,-0.00694,0.0,0.00169,-0.00169,0.0,0.0,0.0,0.0,0.0,0.0
4,3743,81848.0,HOLD_OPEN,0.0,0.00694,-0.00694,0.0,0.00169,-0.00169,0.0,0.00173,-0.00173,0.0,0.0,0.0
4,3744,81868.9,HOLD_OPEN,0.0,0.00694,-0.00694,0.0,0.00169,-0.00169,0.0,0.0,0.0,0.0,0.0,0.0
4,3745,81889.4,HOLD_OPEN,0.0,0.00694,-0.00694,0.0,0.00169,-0.00169,0.0,0.0,0.0,0.0,0.0,0.0
4,3746,81910.4,HOLD_OPEN,0.0,0.00694,-0.00694,0.0,0.00508,-0.00508,0.0,0.0,0.0,0.0,0.0,0.0
4,3747,81931.7,HOLD_OPEN,0.0,0.00694,-0.00694,0.0,0.00169,-0.00169,0.0,0.0,0.0,0.0,0.0,0.0
4,3748,81952.4,HOLD_OPEN,0.0,0.00694,-0.00694,0.0,0.00169,-0.00169,0.0,0.0,0.0,0.0,0.0,0.0
4,3749,81972.9,HOLD_OPEN,0.0,0.00694,-0.00694,0.0,0.00169,-0.00169,0.0,0.0,0.0,0.0,0.0,0.0
4,3750,81993.7,HOLD_OPEN,0.0,0.00694,-0.00694,0.0,0.00169,-0.00169,0.0,0.0,0.0,0.0,0.0,0.0
4,3751,82015.2,HOLD_OPEN,0.0,0.00694,-0.00694,0.0,0.00169,-0.00169,0.0,0.0,0.0,0.0,0.0,0.0
4,3752,82035.8,HOLD_OPEN,0.0,0.00694,-0.00694,0.0,0.00169,-0.00169,0.0,0.0,0.0,0.0,0.0,0.0
4,3753,82056.8,HOLD_OPEN,0.0,0.00174,-0.00174,0.0,0.00169,-0.00169,0.0,0.0,0.0,0.0,0.0,0.0
4,3754,82077.6,HOLD_OPEN,0.0,0.00694,-0.00694,0.0,0.00169,-0.00169,0.0,0.0,0.0,0.0,0.0,0.0
4,3755,82099.0,HOLD_OPEN,0.0,0.00694,-0.00694,0.0,0.00169,-0.00169,0.0,0.0,0.0,0.0,0.0,0.0
4,3756,82119.1,HOLD_OPEN,0.0,0.01562,-0.01562,0.0,0.00169,-0.00169,0.0,0.0,0.0,0.0,0.0,0.0
4,3757,82139.3,HOLD_OPEN,0.0,0.00694,-0.00694,0.0,0.00169,-0.00169,0.0,0.0,0.0,0.0,0.0,0.0
4,3758,82160.4,HOLD_OPEN,0.0,0.00694,-0.00694,0.0,0.00169,-0.00169,0.0,0.0,0.0,0.0,0.0,0.0
4,3759,82181.1,HOLD_OPEN,0.0,0.00694,-0.00694,0.0,0.00169,-0.00169,0.0,0.0,0.0,0.0,0.0,0.0
4,3760,82201.9,HOLD_OPEN,0.0,0.00694,-0.00694,0.0,0.00169,-0.00169,0.0,0.0,0.0,0.0,0.0,0.0
4,3761,82222.9,HOLD_OPEN,0.0,0.00694,-0.00694,0.0,0.00339,-0.00339,0.0,0.0,0.0,0.0,0.0,0.0
4,3762,82244.2,HOLD_OPEN,0.0,0.00694,-0.00694,0.0,0.00169,-0.00169,0.0,0.0,0.0,0.0,0.0,0.0
4,3763,82264.6,HOLD_OPEN,0.0,0.00694,-0.00694,0.0,0.00169,-0.00169,0.0,0.0,0.0,0.0,0.0,0.0
4,3764,82285.3,HOLD_OPEN,0.0,0.00694,-0.00694,0.0,0.00169,-0.00169,0.0,0.0,0.0,0.0,0.0,0.0
4,3765,82306.4,HOLD_OPEN,0.0,0.00694,-0.00694,0.0,0.00169,-0.00169,0.0,0.0,0.0,0.0,0.0,0.0
4,3766,82326.9,HOLD_OPEN,0.0,0.00694,-0.00694,0.0,0.00169,-0.00169,0.0,0.0,0.0,0.0,0.0,0.0
4,3767,82347.9,HOLD_OPEN,0.0,0.00521,-0.00521,0.0,0.00508,-0.00508,0.0,0.0,0.0,0.0,0.0,0.0
4,3768,82369.4,HOLD_OPEN,0.0,0.00694,-0.00694,0.0,0.00169,-0.00169,0.0,0.0,0.0,0.0,0.0,0.0
4,3769,82389.9,HOLD_OPEN,0.0,0.00694,-0.00694,0.0,0.00169,-0.00169,0.0,0.0,0.0,0.0,0.0,0.0
4,3770,82410.5,HOLD_OPEN,0.0,0.00694,-0.00694,0.0,0.00169,-0.00169,0.0,0.0,0.0,0.0,0.0,0.0
4,3771,82432.1,HOLD_OPEN,0.0,0.00694,-0.00694,0.0,0.00169,-0.00169,0.0,0.0,0.0,0.0,0.0,0.0
4,3772,82450.2,HOLD_OPEN,0.0,0.00694,-0.00694,0.0,0.00169,-0.00169,0.0,0.0,0.0,0.0,0.0,0.0
4,3773,82471.4,HOLD_OPEN,0.0,0.00694,-0.00694,0.0,0.00169,-0.00169,0.0,0.0,0.0,0.0,0.0,0.0
4,3774,82492.0,HOLD_OPEN,0.0,0.00694,-0.00694,0.0,0.00169,-0.00169,0.0,0.0,0.0,0.0,0.0,0.0
4,3775,82513.1,HOLD_OPEN,0.0,0.00694,-0.00694,0.0,0.00169,-0.00169,0.0,0.0,0.0,0.0,0.0,0.0
4,3776,82533.5,HOLD_OPEN,0.0,0.00694,-0.00694,0.0,0.00169,-0.00169,0.0,0.0,0.0,0.0,0.0,0.0
4,3777,82554.8,HOLD_OPEN,0.0,0.00694,-0.00694,0.0,0.00169,-0.00169,0.0,0.0,0.0,0.0,0.0,0.0
4,3778,82576.5,HOLD_OPEN,0.0,0.00694,-0.00694,0.0,0.00169,-0.00169,0.0,0.0,0.0,0.0,0.0,0.0
4,3779,82598.1,HOLD_OPEN,0.0,0.00694,-0.00694,0.0,0.00169,-0.00169,0.0,0.0,0.0,0.0,0.0,0.0
4,3780,82618.0,HOLD_OPEN,0.0,0.00694,-0.00694,0.0,0.00169,-0.00169,0.0,0.0,0.0,0.0,0.0,0.0
4,3781,82639.6,HOLD_OPEN,0.0,0.00694,-0.00694,0.0,0.00169,-0.00169,0.0,0.0,0.0,0.0,0.0,0.0
4,3782,82659.6,HOLD_OPEN,0.0,0.00694,-0.00694,0.0,0.00169,-0.00169,0.0,0.0,0.0,0.0,0.0,0.0
4,3783,82680.4,HOLD_OPEN,0.0,0.00694,-0.00694,0.0,0.00169,-0.00169,0.0,0.0,0.0,0.0,0.0,0.0
4,3784,82701.0,HOLD_OPEN,0.0,0.00694,-0.00694,0.0,0.00169,-0.00169,0.0,0.0,0.0,0.0,0.0,0.0
4,3785,82722.4,HOLD_OPEN,0.0,0.00694,-0.00694,0.0,0.00169,-0.00169,0.0,0.0,0.0,0.0,0.0,0.0
4,3786,82741.8,HOLD_OPEN,0.0,0.00694,-0.00694,0.0,0.00169,-0.00169,0.0,0.0,0.0,0.0,0.0,0.0
4,3787,82762.4,HOLD_OPEN,0.0,0.00694,-0.00694,0.0,0.00339,-0.00339,0.0,0.0,0.0,0.0,0.0,0.0
4,3788,82782.8,HOLD_OPEN,0.0,0.00521,-0.00521,0.0,0.00169,-0.00169,0.0,0.0,0.0,0.0,0.0,0.0
4,3789,82804.6,HOLD_OPEN,0.0,0.00694,-0.00694,0.0,0.00508,-0.00508,0.0,0.0,0.0,0.0,0.0,0.0
4,3790,82827.2,CLOSE_2,0.005,0.00694,-0.00194,0.005,0.00169,0.00331,0.005,0.0,0.005,0.005,0.0,0.005
4,3791,82848.9,CLOSE_2,0.01,0.00694,0.00306,0.01,0.00169,0.00831,0.01,0.0,0.01,0.01,0.0,0.01
4,3792,82869.7,CLOSE_2,0.015,0.00694,0.00806,0.015,0.00169,0.01331,0.015,0.0,0.015,0.015,0.0,0.015
4,3793,82890.9,CLOSE_2,0.02,0.00694,0.01306,0.02,0.00169,0.01831,0.02,0.0,0.02,0.02,0.0,0.02
4,3794,82912.3,CLOSE_2,0.025,0.00694,0.01806,0.025,0.00169,0.02331,0.025,0.0,0.025,0.025,0.0,0.025
4,3795,82933.8,CLOSE_2,0.03,0.00694,0.02306,0.03,0.00508,0.02492,0.03,0.0,0.03,0.03,0.0,0.03
4,3796,82954.3,CLOSE_2,0.035,0.00694,0.02806,0.035,0.00169,0.03331,0.035,0.0,0.035,0.035,0.0,0.035
4,3797,82975.1,CLOSE_2,0.04,0.00521,0.03479,0.04,0.00169,0.03831,0.04,0.0,0.04,0.04,0.0,0.04
4,3798,82995.6,CLOSE_2,0.045,0.00694,0.03806,0.045,0.00847,0.03653,0.045,0.0,0.045,0.045,0.0,0.045
4,3799,83016.0,CLOSE_2,0.05,0.00694,0.04306,0.05,0.00169,0.04831,0.05,0.0,0.05,0.05,0.0,0.05
4,3800,83036.9,CLOSE_2,0.055,0.00521,0.04979,0.055,0.00169,0.05331,0.055,0.0,0.055,0.055,0.0,0.055
4,3801,83057.6,CLOSE_2,0.06,0.00868,0.05132,0.06,0.00678,0.05322,0.06,0.00173,0.05827,0.06,0.0,0.06
4,3802,83077.6,CLOSE_2,0.065,0.01215,0.05285,0.065,0.00678,0.05822,0.065,0.00693,0.05807,0.065,0.00192,0.06308
4,3803,83099.1,CLOSE_2,0.07,0.01736,0.05264,0.07,0.00339,0.06661,0.07,0.01386,0.05614,0.07,0.00769,0.06231
4,3804,83119.7,CLOSE_2,0.075,0.02431,0.05069,0.075,0.01186,0.06314,0.075,0.0208,0.0542,0.075,0.01538,0.05962
4,3805,83140.2,CLOSE_2,0.08,0.03125,0.04875,0.08,0.01695,0.06305,0.08,0.02426,0.05574,0.08,0.02308,0.05692
4,3806,83161.5,CLOSE_2,0.085,0.03993,0.04507,0.085,0.02373,0.06127,0.085,0.0364,0.0486,0.085,0.03269,0.05231
4,3807,83181.9,CLOSE_2,0.09,0.04861,0.04139,0.09,0.03559,0.05441,0.09,0.04159,0.04841,0.09,0.04423,0.04577
4,3808,83202.9,CLOSE_2,0.095,0.05729,0.03771,0.095,0.03898,0.05602,0.095,0.04853,0.04647,0.095,0.05577,0.03923
4,3809,83224.0,CLOSE_2,0.1,0.06424,0.03576,0.1,0.05085,0.04915,0.1,0.05719,0.04281,0.1,0.05769,0.04231
4,3810,83244.9,CLOSE_2,0.105,0.07465,0.03035,0.105,0.05932,0.04568,0.105,0.06759,0.03741,0.105,0.075,0.03
4,3811,83265.5,CLOSE_2,0.11,0.07986,0.03014,0.11,0.0678,0.0422,0.11,0.07626,0.03374,0.11,0.07885,0.03115
4,3812,83287.2,CLOSE_2,0.115,0.08681,0.02819,0.115,0.07288,0.04212,0.115,0.08146,0.03354,0.115,0.08846,0.02654
4,3813,83307.8,CLOSE_2,0.12,0.09375,0.02625,0.12,0.08136,0.03864,0.12,0.08839,0.03161,0.12,0.09615,0.02385
4,3814,83328.3,CLOSE_2,0.125,0.09896,0.02604,0.125,0.08983,0.03517,0.125,0.09705,0.02795,0.125,0.10385,0.02115
4,3815,83348.9,CLOSE_2,0.13,0.10417,0.02583,0.13,0.10169,0.02831,0.13,0.10572,0.02428,0.13,0.10769,0.02231
4,3816,83370.1,CLOSE_2,0.135,0.10764,0.02736,0.135,0.11017,0.02483,0.135,0.11265,0.02235,0.135,0.11538,0.01962
4,3817,83390.4,CLOSE_2,0.14,0.11111,0.02889,0.14,0.11695,0.02305,0.14,0.11785,0.02215,0.14,0.11923,0.02077
4,3818,83411.7,CLOSE_2,0.145,0.11458,0.03042,0.145,0.12203,0.02297,0.145,0.12305,0.02195,0.145,0.12115,0.02385
4,3819,83432.9,CLOSE_2,0.15,0.11632,0.03368,0.15,0.12712,0.02288,0.15,0.12825,0.02175,0.15,0.125,0.025
4,3820,83453.4,CLOSE_2,0.155,0.11979,0.03521,0.155,0.1322,0.0228,0.155,0.12998,0.02502,0.155,0.13654,0.01846
4,3821,83474.6,CLOSE_2,0.16,0.12326,0.03674,0.16,0.13729,0.02271,0.16,0.13345,0.02655,0.16,0.13077,0.02923
4,3822,83495.9,CLOSE_2,0.165,0.12847,0.03653,0.165,0.13898,0.02602,0.165,0.13692,0.02808,0.165,0.13654,0.02846
4,3823,83515.4,CLOSE_2,0.17,0.13194,0.03806,0.17,0.14237,0.02763,0.17,0.13865,0.03135,0.17,0.13654,0.03346
4,3824,83536.8,CLOSE_2,0.175,0.13542,0.03958,0.175,0.14576,0.02924,0.175,0.14038,0.03462,0.175,0.14038,0.03462
4,3825,83557.8,CLOSE_2,0.18,0.13889,0.04111,0.18,0.14576,0.03424,0.18,0.14038,0.03962,0.18,0.14231,0.03769
4,3826,83578.7,CLOSE_2,0.185,0.14757,0.03743,0.185,0.14746,0.03754,0.185,0.14385,0.04115,0.185,0.14808,0.03692
4,3827,83599.6,CLOSE_2,0.19,0.14931,0.04069,0.19,0.14576,0.04424,0.19,0.14385,0.04615,0.19,0.15192,0.03808
4,3828,83620.3,CLOSE_2,0.195,0.15451,0.04049,0.195,0.14915,0.04585,0.195,0.15425,0.04075,0.195,0.15577,0.03923
4,3829,83641.0,CLOSE_2,0.2,0.15972,0.04028,0.2,0.14915,0.05085,0.2,0.15598,0.04402,0.2,0.16154,0.03846
4,3830,83661.5,CLOSE_2,0.205,0.16667,0.03833,0.205,0.16102,0.04398,0.205,0.15945,0.04555,0.205,0.16538,0.03962
4,3831,83683.3,CLOSE_2,0.21,0.17014,0.03986,0.21,0.15593,0.05407,0.21,0.16291,0.04709,0.21,0.17115,0.03885
4,3832,83703.9,CLOSE_2,0.215,0.17708,0.03792,0.215,0.15932,0.05568,0.215,0.16811,0.04689,0.215,0.18269,0.03231
4,3833,83724.1,CLOSE_2,0.22,0.18229,0.03771,0.22,0.16271,0.05729,0.22,0.17331,0.04669,0.22,0.18269,0.03731
4,3834,83745.3,CLOSE_2,0.225,0.1875,0.0375,0.225,0.1678,0.0572,0.225,0.18024,0.04476,0.225,0.19038,0.03462
4,3835,83766.9,CLOSE_2,0.23,0.19965,0.03035,0.23,0.17627,0.05373,0.23,0.18718,0.04282,0.23,0.19615,0.03385
4,3836,83786.9,CLOSE_2,0.235,0.19965,0.03535,0.235,0.18136,0.05364,0.235,0.19584,0.03916,0.235,0.20385,0.03115
4,3837,83807.9,CLOSE_2,0.24,0.20486,0.03514,0.24,0.18305,0.05695,0.24,0.20277,0.03723,0.24,0.20962,0.03038
4,3838,83829.2,CLOSE_2,0.245,0.21007,0.03493,0.245,0.18983,0.05517,0.245,0.20797,0.03703,0.245,0.22308,0.02192
4,3839,83850.2,CLOSE_2,0.25,0.21528,0.03472,0.25,0.19661,0.05339,0.25,0.21664,0.03336,0.25,0.23269,0.01731
4,3840,83870.7,CLOSE_2,0.255,0.22049,0.03451,0.255,0.20339,0.05161,0.255,0.22184,0.03316,0.255,0.24615,0.00885
4,3841,83891.9,CLOSE_2,0.26,0.22569,0.03431,0.26,0.21186,0.04814,0.26,0.22704,0.03296,0.26,0.25385,0.00615
4,3842,83912.8,CLOSE_2,0.265,0.2309,0.0341,0.265,0.21864,0.04636,0.265,0.23224,0.03276,0.265,0.25577,0.00923
4,3843,83933.8,CLOSE_2,0.27,0.24132,0.02868,0.27,0.22373,0.04627,0.27,0.2409,0.0291,0.27,0.26154,0.00846
4,3844,83954.8,CLOSE_2,0.275,0.24132,0.03368,0.275,0.23051,0.04449,0.275,0.24437,0.03063,0.275,0.26538,0.00962
4,3845,83973.9,CLOSE_2,0.28,0.24653,0.03347,0.28,0.24068,0.03932,0.28,0.24783,0.03217,0.28,0.26923,0.01077
4,3846,83996.2,CLOSE_2,0.285,0.25174,0.03326,0.285,0.24576,0.03924,0.285,0.25477,0.03023,0.285,0.27885,0.00615
4,3847,84016.9,CLOSE_2,0.29,0.25694,0.03306,0.29,0.25085,0.03915,0.29,0.25823,0.03177,0.29,0.27885,0.01115
4,3848,84036.7,CLOSE_2,0.295,0.26042,0.03458,0.295,0.26271,0.03229,0.295,0.26343,0.03157,0.295,0.28269,0.01231
4,3849,84057.5,CLOSE_2,0.3,0.26736,0.03264,0.3,0.2661,0.0339,0.3,0.2669,0.0331,0.3,0.28654,0.01346
4,3850,84078.8,CLOSE_2,0.305,0.27604,0.02896,0.305,0.27119,0.03381,0.305,0.27036,0.03464,0.305,0.29231,0.01269
4,3851,84099.4,CLOSE_2,0.31,0.27604,0.03396,0.31,0.27458,0.03542,0.31,0.27556,0.03444,0.31,0.29615,0.01385
4,3852,84120.2,CLOSE_2,0.315,0.28125,0.03375,0.315,0.27458,0.04042,0.315,0.27903,0.03597,0.315,0.3,0.015
4,3853,84141.3,CLOSE_2,0.32,0.28819,0.03181,0.32,0.28136,0.03864,0.32,0.28943,0.03057,0.32,0.30769,0.01231
4,3854,84162.0,CLOSE_2,0.325,0.29167,0.03333,0.325,0.28305,0.04195,0.325,0.29289,0.03211,0.325,0.31346,0.01154
4,3855,84182.9,CLOSE_2,0.33,0.29688,0.03313,0.33,0.28814,0.04186,0.33,0.29116,0.03884,0.33,0.32308,0.00692
4,3856,84204.3,CLOSE_2,0.335,0.30208,0.03292,0.335,0.29153,0.04347,0.335,0.29636,0.03864,0.335,0.325,0.01
4,3857,84224.5,CLOSE_2,0.34,0.30556,0.03444,0.34,0.29661,0.04339,0.34,0.29983,0.04017,0.34,0.32885,0.01115
4,3858,84245.5,CLOSE_2,0.345,0.31597,0.02903,0.345,0.30678,0.03822,0.345,0.30676,0.03824,0.345,0.33462,0.01038
4,3859,84266.2,CLOSE_2,0.35,0.3125,0.0375,0.35,0.31017,0.03983,0.35,0.31023,0.03977,0.35,0.34423,0.00577
4,3860,84287.9,CLOSE_2,0.355,0.31771,0.03729,0.355,0.31017,0.04483,0.355,0.31196,0.04304,0.355,0.34615,0.00885
4,3861,84308.1,CLOSE_2,0.36,0.31944,0.04056,0.36,0.31525,0.04475,0.36,0.31542,0.04458,0.36,0.35577,0.00423
4,3862,84329.7,CLOSE_2,0.365,0.32639,0.03861,0.365,0.32712,0.03788,0.365,0.31716,0.04784,0.365,0.36154,0.00346
4,3863,84350.8,CLOSE_2,0.37,0.32986,0.04014,0.37,0.32881,0.04119,0.37,0.32929,0.04071,0.37,0.36923,0.00077
4,3864,84371.0,CLOSE_2,0.375,0.33507,0.03993,0.375,0.33051,0.04449,0.375,0.33102,0.04398,0.375,0.37308,0.00192
4,3865,84393.0,CLOSE_2,0.38,0.34375,0.03625,0.38,0.33559,0.04441,0.38,0.33969,0.04031,0.38,0.37692,0.00308
4,3866,84412.6,CLOSE_2,0.385,0.34896,0.03604,0.385,0.33898,0.04602,0.385,0.34489,0.04011,0.385,0.38462,0.00038
4,3867,84434.2,CLOSE_2,0.39,0.35764,0.03236,0.39,0.34746,0.04254,0.39,0.35702,0.03298,0.39,0.38654,0.00346
4,3868,84454.0,CLOSE_2,0.395,0.36285,0.03215,0.395,0.34915,0.04585,0.395,0.36049,0.03451,0.395,0.39231,0.00269
4,3869,84475.1,CLOSE_2,0.4,0.36806,0.03194,0.4,0.35424,0.04576,0.4,0.36915,0.03085,0.4,0.4,0.0
4,3870,84495.4,CLOSE_2,0.405,0.375,0.03,0.405,0.35763,0.04737,0.405,0.37435,0.03065,0.405,0.40385,0.00115
4,3871,84516.1,CLOSE_2,0.41,0.38194,0.02806,0.41,0.36441,0.04559,0.41,0.37955,0.03045,0.41,0.40962,0.00038
4,3872,84537.0,CLOSE_2,0.415,0.38542,0.02958,0.415,0.36949,0.04551,0.415,0.38648,0.02852,0.415,0.41731,-0.00231
4,3873,84557.8,CLOSE_2,0.42,0.39062,0.02938,0.42,0.37627,0.04373,0.42,0.39168,0.02832,0.42,0.42115,-0.00115
4,3874,84578.5,CLOSE_2,0.425,0.39757,0.02743,0.425,0.37966,0.04534,0.425,0.39688,0.02812,0.425,0.43269,-0.00769
4,3875,84599.7,CLOSE_2,0.43,0.40278,0.02722,0.43,0.38475,0.04525,0.43,0.40208,0.02792,0.43,0.43269,-0.00269
4,3876,84620.3,CLOSE_2,0.435,0.40625,0.02875,0.435,0.38983,0.04517,0.435,0.40555,0.02945,0.435,0.44038,-0.00538
4,3877,84641.3,CLOSE_2,0.44,0.41493,0.02507,0.44,0.39492,0.04508,0.44,0.40901,0.03099,0.44,0.44423,-0.00423
4,3878,84661.8,CLOSE_2,0.445,0.41493,0.03007,0.445,0.39831,0.04669,0.445,0.41421,0.03079,0.445,0.45577,-0.01077
4,3879,84683.0,CLOSE_2,0.45,0.4184,0.0316,0.45,0.41186,0.03814,0.45,0.41768,0.03232,0.45,0.45962,-0.00962
4,3880,84704.5,CLOSE_2,0.455,0.42361,0.03139,0.455,0.41017,0.04483,0.455,0.42288,0.03212,0.455,0.46346,-0.00846
4,3881,84724.4,CLOSE_2,0.46,0.42882,0.03118,0.46,0.41356,0.04644,0.46,0.42634,0.03366,0.46,0.46731,-0.00731
4,3882,84745.0,CLOSE_2,0.465,0.43229,0.03271,0.465,0.41525,0.04975,0.465,0.42808,0.03692,0.465,0.47115,-0.00615
4,3883,84765.7,CLOSE_2,0.47,0.4375,0.0325,0.47,0.42203,0.04797,0.47,0.43501,0.03499,0.47,0.47692,-0.00692
4,3884,84788.4,CLOSE_2,0.475,0.44444,0.03056,0.475,0.4322,0.0428,0.475,0.44021,0.03479,0.475,0.48462,-0.00962
4,3885,84809.5,CLOSE_2,0.48,0.44792,0.03208,0.48,0.4322,0.0478,0.48,0.44714,0.03286,0.48,0.49038,-0.01038
4,3886,84830.4,CLOSE_2,0.485,0.45312,0.03188,0.485,0.43729,0.04771,0.485,0.45234,0.03266,0.485,0.49615,-0.01115
4,3887,84851.0,CLOSE_2,0.49,0.46007,0.02993,0.49,0.44237,0.04763,0.49,0.45581,0.03419,0.49,0.50385,-0.01385
4,3888,84870.8,CLOSE_2,0.495,0.46528,0.02972,0.495,0.44915,0.04585,0.495,0.46274,0.03226,0.495,0.51346,-0.01846
4,3889,84891.5,CLOSE_2,0.5,0.47049,0.02951,0.5,0.45424,0.04576,0.5,0.46447,0.03553,0.5,0.51538,-0.01538
4,3890,84912.9,CLOSE_2,0.505,0.47743,0.02757,0.5,0.46102,0.03898,0.505,0.46967,0.03533,0.5,0.52115,-0.02115
4,3891,84932.4,CLOSE_2,0.51,0.4809,0.0291,0.5,0.46441,0.03559,0.51,0.48007,0.02993,0.5,0.52885,-0.02885
4,3892,84953.7,CLOSE_2,0.515,0.48611,0.02889,0.5,0.47288,0.02712,0.515,0.47834,0.03666,0.5,0.53269,-0.03269
4,3893,84974.8,CLOSE_2,0.52,0.49479,0.02521,0.5,0.47627,0.02373,0.52,0.4818,0.0382,0.5,0.53846,-0.03846
4,3894,84995.5,CLOSE_2,0.525,0.50521,0.01979,0.5,0.48136,0.01864,0.525,0.49393,0.03107,0.5,0.54231,-0.04231
4,3895,85016.0,CLOSE_2,0.53,0.51042,0.01958,0.5,0.48983,0.01017,0.53,0.50087,0.02913,0.5,0.54615,-0.04615
4,3896,85036.6,CLOSE_2,0.535,0.51042,0.02458,0.5,0.49322,0.00678,0.535,0.5078,0.0272,0.5,0.54808,-0.04808
4,3897,85057.3,CLOSE_2,0.54,0.5191,0.0209,0.5,0.50169,-0.00169,0.54,0.51473,0.02527,0.5,0.55,-0.05
4,3898,85078.4,CLOSE_2,0.545,0.52951,0.01549,0.5,0.50508,-0.00508,0.545,0.5234,0.0216,0.5,0.55192,-0.05192
4,3899,85099.3,CLOSE_2,0.55,0.53299,0.01701,0.5,0.50847,-0.00847,0.55,0.52686,0.02314,0.5,0.55577,-0.05577
4,3900,85121.6,CLOSE_2,0.555,0.53299,0.02201,0.5,0.51017,-0.01017,0.555,0.53206,0.02294,0.5,0.55577,-0.05577
4,3901,85140.9,CLOSE_2,0.56,0.53472,0.02528,0.5,0.51356,-0.01356,0.56,0.53206,0.02794,0.5,0.55769,-0.05769
4,3902,85162.1,CLOSE_2,0.565,0.54167,0.02333,0.5,0.51017,-0.01017,0.565,0.53899,0.02601,0.5,0.55769,-0.05769
4,3903,85183.6,CLOSE_2,0.57,0.53819,0.03181,0.5,0.51017,-0.01017,0.57,0.53899,0.03101,0.5,0.55769,-0.05769
4,3904,85203.3,CLOSE_2,0.575,0.5434,0.0316,0.5,0.51017,-0.01017,0.575,0.54246,0.03254,0.5,0.55577,-0.05577
4,3905,85223.8,CLOSE_2,0.58,0.54514,0.03486,0.5,0.51017,-0.01017,0.58,0.55113,0.02887,0.5,0.55577,-0.05577
4,3906,85245.6,CLOSE_2,0.585,0.55556,0.02944,0.5,0.51186,-0.01186,0.585,0.55286,0.03214,0.5,0.56154,-0.06154
4,3907,85266.8,CLOSE_2,0.59,0.55729,0.03271,0.5,0.50847,-0.00847,0.59,0.55286,0.03714,0.5,0.55577,-0.05577
4,3908,85287.2,CLOSE_2,0.595,0.56076,0.03424,0.5,0.51186,-0.01186,0.595,0.55806,0.03694,0.5,0.55769,-0.05769
4,3909,85308.7,CLOSE_2,0.6,0.56597,0.03403,0.5,0.50847,-0.00847,0.6,0.56326,0.03674,0.5,0.55769,-0.05769
4,3910,85329.8,CLOSE_2,0.605,0.57639,0.02861,0.5,0.51017,-0.01017,0.605,0.56846,0.03654,0.5,0.55769,-0.05769
4,3911,85351.3,CLOSE_2,0.61,0.57292,0.03708,0.5,0.50847,-0.00847,0.61,0.57366,0.03634,0.5,0.55769,-0.05769
4,3912,85371.4,CLOSE_2,0.615,0.57986,0.03514,0.5,0.51017,-0.01017,0.615,0.58232,0.03268,0.5,0.55962,-0.05962
4,3913,85391.4,CLOSE_2,0.62,0.58507,0.03493,0.5,0.50847,-0.00847,0.62,0.58406,0.03594,0.5,0.55769,-0.05769
4,3914,85412.9,CLOSE_2,0.625,0.59201,0.03299,0.5,0.51017,-0.01017,0.625,0.58925,0.03575,0.5,0.55769,-0.05769
4,3915,85432.8,CLOSE_2,0.63,0.59896,0.03104,0.5,0.51017,-0.01017,0.63,0.58925,0.04075,0.5,0.55769,-0.05769
4,3916,85453.5,CLOSE_2,0.635,0.60243,0.03257,0.5,0.51017,-0.01017,0.635,0.59965,0.03535,0.5,0.55769,-0.05769
4,3917,85474.9,CLOSE_2,0.64,0.61285,0.02715,0.5,0.51017,-0.01017,0.64,0.60485,0.03515,0.5,0.55385,-0.05385
4,3918,85495.2,CLOSE_2,0.645,0.61285,0.03215,0.5,0.51017,-0.01017,0.645,0.60832,0.03668,0.5,0.55769,-0.05769
4,3919,85515.7,CLOSE_2,0.65,0.61979,0.03021,0.5,0.51017,-0.01017,0.65,0.61525,0.03475,0.5,0.55769,-0.05769
4,3920,85536.3,CLOSE_2,0.655,0.625,0.03,0.5,0.51017,-0.01017,0.655,0.61872,0.03628,0.5,0.55769,-0.05769
4,3921,85558.3,CLOSE_2,0.66,0.63021,0.02979,0.5,0.51017,-0.01017,0.66,0.62912,0.03088,0.5,0.55769,-0.05769
4,3922,85578.3,CLOSE_2,0.665,0.63715,0.02785,0.5,0.51017,-0.01017,0.665,0.63085,0.03415,0.5,0.55769,-0.05769
4,3923,85599.3,CLOSE_2,0.67,0.64757,0.02243,0.5,0.51864,-0.01864,0.67,0.63605,0.03395,0.5,0.55769,-0.05769
4,3924,85620.0,CLOSE_2,0.675,0.64583,0.02917,0.5,0.51017,-0.01017,0.675,0.64125,0.03375,0.5,0.55577,-0.05577
4,3925,85641.0,CLOSE_2,0.68,0.65104,0.02896,0.5,0.51356,-0.01356,0.68,0.64645,0.03355,0.5,0.55769,-0.05769
4,3926,85662.7,CLOSE_2,0.685,0.65625,0.02875,0.5,0.51186,-0.01186,0.685,0.65511,0.02989,0.5,0.55577,-0.05577
4,3927,85682.9,CLOSE_2,0.69,0.66146,0.02854,0.5,0.51017,-0.01017,0.69,0.65685,0.03315,0.5,0.55769,-0.05769
4,3928,85704.6,CLOSE_2,0.695,0.66493,0.03007,0.5,0.50847,-0.00847,0.695,0.66205,0.03295,0.5,0.55577,-0.05577
4,3929,85724.5,CLOSE_2,0.7,0.67014,0.02986,0.5,0.49322,0.00678,0.7,0.66724,0.03276,0.5,0.55769,-0.05769
4,3930,85746.4,CLOSE_2,0.705,0.67708,0.02792,0.5,0.48983,0.01017,0.705,0.67418,0.03082,0.5,0.55769,-0.05769
4,3931,85766.6,CLOSE_2,0.71,0.68229,0.02771,0.5,0.48983,0.01017,0.71,0.67938,0.03062,0.5,0.55769,-0.05769
4,3932,85788.0,CLOSE_2,0.715,0.68924,0.02576,0.5,0.49322,0.00678,0.715,0.67764,0.03736,0.5,0.55769,-0.05769
4,3933,85808.0,CLOSE_2,0.72,0.69271,0.02729,0.5,0.48644,0.01356,0.72,0.68804,0.03196,0.5,0.55769,-0.05769
4,3934,85829.4,CLOSE_2,0.725,0.69792,0.02708,0.5,0.49153,0.00847,0.725,0.69151,0.03349,0.5,0.55769,-0.05769
4,3935,85850.5,CLOSE_2,0.73,0.70833,0.02167,0.5,0.48305,0.01695,0.73,0.69844,0.03156,0.5,0.55769,-0.05769
4,3936,85871.6,CLOSE_2,0.735,0.7066,0.0284,0.5,0.48644,0.01356,0.735,0.70364,0.03136,0.5,0.55577,-0.05577
4,3937,85892.0,CLOSE_2,0.74,0.71354,0.02646,0.5,0.48644,0.01356,0.74,0.70884,0.03116,0.5,0.55769,-0.05769
4,3938,85911.9,CLOSE_2,0.745,0.72396,0.02104,0.5,0.48644,0.01356,0.745,0.71404,0.03096,0.5,0.55577,-0.05577
4,3939,85933.2,CLOSE_2,0.75,0.72049,0.02951,0.5,0.48644,0.01356,0.75,0.71924,0.03076,0.5,0.55769,-0.05769
4,3940,85953.8,CLOSE_2,0.755,0.72396,0.03104,0.5,0.48644,0.01356,0.755,0.7227,0.0323,0.5,0.55769,-0.05769
4,3941,85974.8,CLOSE_2,0.76,0.72917,0.03083,0.5,0.49153,0.00847,0.76,0.72964,0.03036,0.5,0.55962,-0.05962
4,3942,85995.0,CLOSE_2,0.765,0.73438,0.03063,0.5,0.48983,0.01017,0.765,0.73137,0.03363,0.5,0.55769,-0.05769
4,3943,86016.5,CLOSE_2,0.77,0.73611,0.03389,0.5,0.49322,0.00678,0.77,0.74003,0.02997,0.5,0.55769,-0.05769
4,3944,86037.5,CLOSE_2,0.775,0.74132,0.03368,0.5,0.49831,0.00169,0.775,0.74003,0.03497,0.5,0.55769,-0.05769
4,3945,86058.7,CLOSE_2,0.78,0.75347,0.02653,0.5,0.50339,-0.00339,0.78,0.74697,0.03303,0.5,0.55962,-0.05962
4,3946,86078.9,CLOSE_2,0.785,0.75521,0.02979,0.5,0.50339,-0.00339,0.785,0.7487,0.0363,0.5,0.55769,-0.05769
4,3947,86099.8,CLOSE_2,0.79,0.75868,0.03132,0.5,0.50508,-0.00508,0.79,0.75563,0.03437,0.5,0.55769,-0.05769
4,3948,86120.6,CLOSE_2,0.795,0.76215,0.03285,0.5,0.50339,-0.00339,0.795,0.7591,0.0359,0.5,0.55769,-0.05769
4,3949,86141.2,CLOSE_2,0.8,0.76562,0.03438,0.5,0.50508,-0.00508,0.8,0.76256,0.03744,0.5,0.55769,-0.05769
4,3950,86162.4,CLOSE_2,0.805,0.77083,0.03417,0.5,0.50508,-0.00508,0.805,0.76776,0.03724,0.5,0.55769,-0.05769
4,3951,86183.1,CLOSE_2,0.81,0.77778,0.03222,0.5,0.50847,-0.00847,0.81,0.7747,0.0353,0.5,0.55769,-0.05769
4,3952,86203.2,CLOSE_2,0.815,0.78125,0.03375,0.5,0.50508,-0.00508,0.815,0.78163,0.03337,0.5,0.55769,-0.05769
4,3953,86224.7,CLOSE_2,0.82,0.78646,0.03354,0.5,0.50339,-0.00339,0.82,0.78683,0.03317,0.5,0.55769,-0.05769
4,3954,86246.3,CLOSE_2,0.825,0.79167,0.03333,0.5,0.50339,-0.00339,0.825,0.79203,0.03297,0.5,0.55769,-0.05769
4,3955,86267.4,CLOSE_2,0.83,0.79861,0.03139,0.5,0.50508,-0.00508,0.83,0.79896,0.03104,0.5,0.55769,-0.05769
4,3956,86288.2,CLOSE_2,0.835,0.80382,0.03118,0.5,0.50339,-0.00339,0.835,0.80936,0.02564,0.5,0.55769,-0.05769
4,3957,86308.9,CLOSE_2,0.84,0.8125,0.0275,0.5,0.50678,-0.00678,0.84,0.81109,0.02891,0.5,0.55769,-0.05769
4,3958,86329.8,CLOSE_2,0.845,0.81944,0.02556,0.5,0.50339,-0.00339,0.845,0.81629,0.02871,0.5,0.55962,-0.05962
4,3959,86350.9,CLOSE_2,0.85,0.82118,0.02882,0.5,0.50339,-0.00339,0.85,0.81976,0.03024,0.5,0.55769,-0.05769
4,3960,86370.4,CLOSE_2,0.855,0.82639,0.02861,0.5,0.50508,-0.00508,0.855,0.82496,0.03004,0.5,0.55962,-0.05962
4,3961,86391.0,CLOSE_2,0.86,0.82986,0.03014,0.5,0.50339,-0.00339,0.86,0.82842,0.03158,0.5,0.55769,-0.05769
4,3962,86411.8,CLOSE_2,0.865,0.83507,0.02993,0.5,0.50508,-0.00508,0.865,0.84055,0.02445,0.5,0.55962,-0.05962
4,3963,86433.0,CLOSE_2,0.87,0.84201,0.02799,0.5,0.50508,-0.00508,0.87,0.83709,0.03291,0.5,0.56154,-0.06154
4,3964,86454.0,CLOSE_2,0.875,0.84375,0.03125,0.5,0.50508,-0.00508,0.875,0.84229,0.03271,0.5,0.55577,-0.05577
4,3965,86474.4,CLOSE_2,0.88,0.84722,0.03278,0.5,0.50678,-0.00678,0.88,0.84749,0.03251,0.5,0.55769,-0.05769
4,3966,86495.3,CLOSE_2,0.885,0.85243,0.03257,0.5,0.50508,-0.00508,0.885,0.85615,0.02885,0.5,0.55577,-0.05577
4,3967,86516.3,CLOSE_2,0.89,0.86111,0.02889,0.5,0.50339,-0.00339,0.89,0.85789,0.03211,0.5,0.55769,-0.05769
4,3968,86536.9,CLOSE_2,0.895,0.86285,0.03215,0.5,0.50508,-0.00508,0.895,0.86308,0.03192,0.5,0.55962,-0.05962
4,3969,86557.8,CLOSE_2,0.9,0.86806,0.03194,0.5,0.50678,-0.00678,0.9,0.87002,0.02998,0.5,0.55769,-0.05769
4,3970,86578.5,CLOSE_2,0.905,0.87153,0.03347,0.5,0.50508,-0.00508,0.905,0.87348,0.03152,0.5,0.55769,-0.05769
4,3971,86599.6,CLOSE_2,0.91,0.87674,0.03326,0.5,0.50508,-0.00508,0.91,0.88042,0.02958,0.5,0.55769,-0.05769
4,3972,86620.7,CLOSE_2,0.915,0.88021,0.03479,0.5,0.50508,-0.00508,0.915,0.88562,0.02938,0.5,0.55769,-0.05769
4,3973,86641.1,CLOSE_2,0.92,0.88542,0.03458,0.5,0.50508,-0.00508,0.92,0.88908,0.03092,0.5,0.55962,-0.05962
4,3974,86662.6,CLOSE_2,0.925,0.89583,0.02917,0.5,0.50508,-0.00508,0.925,0.89775,0.02725,0.5,0.55769,-0.05769
4,3975,86685.2,CLOSE_2,0.93,0.8941,0.0359,0.5,0.50847,-0.00847,0.93,0.90295,0.02705,0.5,0.55962,-0.05962
4,3976,86704.8,CLOSE_2,0.935,0.90278,0.03222,0.5,0.50508,-0.00508,0.935,0.91161,0.02339,0.5,0.55962,-0.05962
4,3977,86725.0,CLOSE_2,0.94,0.90972,0.03028,0.5,0.50508,-0.00508,0.94,0.91854,0.02146,0.5,0.55769,-0.05769
4,3978,86745.9,CLOSE_2,0.945,0.91667,0.02833,0.5,0.50508,-0.00508,0.945,0.91854,0.02646,0.5,0.56154,-0.06154
4,3979,86766.4,CLOSE_2,0.95,0.91667,0.03333,0.5,0.50508,-0.00508,0.95,0.93068,0.01932,0.5,0.55769,-0.05769
4,3980,86788.4,CLOSE_2,0.955,0.92188,0.03313,0.5,0.50508,-0.00508,0.955,0.93068,0.02432,0.5,0.56154,-0.06154
4,3981,86808.3,CLOSE_2,0.96,0.93403,0.02597,0.5,0.50508,-0.00508,0.96,0.93414,0.02586,0.5,0.55769,-0.05769
4,3982,86829.9,CLOSE_2,0.965,0.94097,0.02403,0.5,0.50508,-0.00508,0.965,0.94454,0.02046,0.5,0.55769,-0.05769
4,3983,86849.4,CLOSE_2,0.97,0.9375,0.0325,0.5,0.50508,-0.00508,0.97,0.94627,0.02373,0.5,0.55962,-0.05962
4,3984,86870.5,CLOSE_2,0.975,0.94097,0.03403,0.5,0.50508,-0.00508,0.975,0.95147,0.02353,0.5,0.55962,-0.05962
4,3985,86891.3,CLOSE_2,0.98,0.95139,0.02861,0.5,0.50508,-0.00508,0.98,0.95667,0.02333,0.5,0.56346,-0.06346
4,3986,86912.4,CLOSE_2,0.985,0.94965,0.03535,0.5,0.50508,-0.00508,0.985,0.96187,0.02313,0.5,0.55769,-0.05769
4,3987,86933.0,CLOSE_2,0.99,0.95486,0.03514,0.5,0.50508,-0.00508,0.99,0.96534,0.02466,0.5,0.55769,-0.05769
4,3988,86953.4,CLOSE_2,0.995,0.96007,0.03493,0.5,0.50508,-0.00508,0.995,0.96534,0.02966,0.5,0.55769,-0.05769
4,3989,86974.3,CLOSE_2,1.0,0.96181,0.03819,0.5,0.50508,-0.00508,1.0,0.96707,0.03293,0.5,0.55769,-0.05769
4,3990,86981.8,HOLD_2,1.0,0.96354,0.03646,0.5,0.50508,-0.00508,1.0,0.97054,0.02946,0.5,0.55769,-0.05769
4,3991,87004.0,HOLD_2,1.0,0.96528,0.03472,0.5,0.50508,-0.00508,1.0,0.97227,0.02773,0.5,0.55962,-0.05962
4,3992,87024.4,HOLD_2,1.0,0.97396,0.02604,0.5,0.51017,-0.01017,1.0,0.97574,0.02426,0.5,0.55769,-0.05769
4,3993,87045.2,HOLD_2,1.0,0.97049,0.02951,0.5,0.50339,-0.00339,1.0,0.97747,0.02253,0.5,0.55769,-0.05769
4,3994,87065.8,HOLD_2,1.0,0.97222,0.02778,0.5,0.50508,-0.00508,1.0,0.98614,0.01386,0.5,0.55962,-0.05962
4,3995,87086.5,HOLD_2,1.0,0.98264,0.01736,0.5,0.50508,-0.00508,1.0,0.98094,0.01906,0.5,0.55769,-0.05769
4,3996,87107.9,HOLD_2,1.0,0.97396,0.02604,0.5,0.50508,-0.00508,1.0,0.9844,0.0156,0.5,0.55769,-0.05769
4,3997,87128.1,HOLD_2,1.0,0.97396,0.02604,0.5,0.50508,-0.00508,1.0,0.9844,0.0156,0.5,0.55769,-0.05769
4,3998,87149.0,HOLD_2,1.0,0.97569,0.02431,0.5,0.50508,-0.00508,1.0,0.98267,0.01733,0.5,0.55769,-0.05769
4,3999,87170.1,HOLD_2,1.0,0.97396,0.02604,0.5,0.50508,-0.00508,1.0,0.98267,0.01733,0.5,0.55962,-0.05962
4,4000,87190.3,HOLD_2,1.0,0.97743,0.02257,0.5,0.50508,-0.00508,1.0,0.98094,0.01906,0.5,0.55769,-0.05769
4,4001,87211.7,HOLD_2,1.0,0.97222,0.02778,0.5,0.50339,-0.00339,1.0,0.98094,0.01906,0.5,0.55769,-0.05769
4,4002,87232.0,HOLD_2,1.0,0.97396,0.02604,0.5,0.50508,-0.00508,1.0,0.98267,0.01733,0.5,0.55962,-0.05962
4,4003,87253.0,HOLD_2,1.0,0.9809,0.0191,0.5,0.50339,-0.00339,1.0,0.9844,0.0156,0.5,0.55769,-0.05769
4,4004,87273.7,HOLD_2,1.0,0.97396,0.02604,0.5,0.50508,-0.00508,1.0,0.9844,0.0156,0.5,0.55769,-0.05769
4,4005,87295.1,HOLD_2,1.0,0.97396,0.02604,0.5,0.50508,-0.00508,1.0,0.98267,0.01733,0.5,0.55962,-0.05962
4,4006,87315.9,HOLD_2,1.0,0.97569,0.02431,0.5,0.50508,-0.00508,1.0,0.98267,0.01733,0.5,0.55769,-0.05769
4,4007,87336.9,HOLD_2,1.0,0.97569,0.02431,0.5,0.50508,-0.00508,1.0,0.98267,0.01733,0.5,0.55769,-0.05769
4,4008,87357.6,HOLD_2,1.0,0.98264,0.01736,0.5,0.50508,-0.00508,1.0,0.98267,0.01733,0.5,0.55769,-0.05769
4,4009,87378.1,HOLD_2,1.0,0.97569,0.02431,0.5,0.50678,-0.00678,1.0,0.98267,0.01733,0.5,0.55769,-0.05769
4,4010,87399.9,HOLD_2,1.0,0.97743,0.02257,0.5,0.50508,-0.00508,1.0,0.9948,0.0052,0.5,0.55769,-0.05769
4,4011,87419.9,HOLD_2,1.0,0.97743,0.02257,0.5,0.50508,-0.00508,1.0,0.98094,0.01906,0.5,0.55962,-0.05962
4,4012,87440.2,HOLD_2,1.0,0.97917,0.02083,0.5,0.50339,-0.00339,1.0,0.98267,0.01733,0.5,0.55769,-0.05769
4,4013,87459.3,HOLD_2,1.0,0.9809,0.0191,0.5,0.50508,-0.00508,1.0,0.98267,0.01733,0.5,0.55962,-0.05962
4,4014,87481.9,HOLD_2,1.0,0.98438,0.01562,0.5,0.50508,-0.00508,1.0,0.9844,0.0156,0.5,0.55769,-0.05769
4,4015,87501.6,HOLD_2,1.0,0.98438,0.01562,0.5,0.50508,-0.00508,1.0,0.98267,0.01733,0.5,0.55769,-0.05769
4,4016,87524.0,HOLD_2,1.0,0.98611,0.01389,0.5,0.50508,-0.00508,1.0,0.98787,0.01213,0.5,0.55769,-0.05769
4,4017,87545.2,HOLD_2,1.0,0.99132,0.00868,0.5,0.50508,-0.00508,1.0,0.9844,0.0156,0.5,0.55769,-0.05769
4,4018,87565.8,HOLD_2,1.0,0.99306,0.00694,0.5,0.50508,-0.00508,1.0,0.9844,0.0156,0.5,0.55769,-0.05769
4,4019,87586.9,HOLD_2,1.0,0.99479,0.00521,0.5,0.50847,-0.00847,1.0,0.9948,0.0052,0.5,0.55962,-0.05962
4,4020,87607.5,HOLD_2,1.0,0.99653,0.00347,0.5,0.50508,-0.00508,1.0,0.99133,0.00867,0.5,0.56346,-0.06346
4,4021,87628.2,HOLD_2,1.0,0.99479,0.00521,0.5,0.50508,-0.00508,1.0,0.99653,0.00347,0.5,0.55962,-0.05962
4,4022,87648.9,HOLD_2,1.0,0.99479,0.00521,0.5,0.50339,-0.00339,1.0,0.99307,0.00693,0.5,0.55769,-0.05769
4,4023,87670.2,HOLD_2,1.0,0.99479,0.00521,0.5,0.50508,-0.00508,1.0,0.9948,0.0052,0.5,0.55769,-0.05769
4,4024,87690.8,HOLD_2,1.0,0.99653,0.00347,0.5,0.50678,-0.00678,1.0,0.99307,0.00693,0.5,0.55769,-0.05769
4,4025,87711.1,HOLD_2,1.0,0.99479,0.00521,0.5,0.50508,-0.00508,1.0,0.99307,0.00693,0.5,0.55962,-0.05962
4,4026,87732.5,HOLD_2,1.0,0.99479,0.00521,0.5,0.50508,-0.00508,1.0,0.9948,0.0052,0.5,0.55962,-0.05962
4,4027,87753.9,HOLD_2,1.0,0.99479,0.00521,0.5,0.50508,-0.00508,1.0,0.99307,0.00693,0.5,0.55769,-0.05769
4,4028,87773.8,HOLD_2,1.0,0.99653,0.00347,0.5,0.50508,-0.00508,1.0,0.99133,0.00867,0.5,0.56154,-0.06154
4,4029,87794.8,HOLD_2,1.0,0.99306,0.00694,0.5,0.50678,-0.00678,1.0,0.9948,0.0052,0.5,0.55769,-0.05769
4,4030,87815.9,HOLD_2,1.0,0.99653,0.00347,0.5,0.50678,-0.00678,1.0,0.99307,0.00693,0.5,0.55769,-0.05769
4,4031,87837.8,HOLD_2,1.0,0.99479,0.00521,0.5,0.50508,-0.00508,1.0,0.99307,0.00693,0.5,0.55962,-0.05962
4,4032,87857.2,HOLD_2,1.0,0.99653,0.00347,0.5,0.50508,-0.00508,1.0,0.9948,0.0052,0.5,0.55962,-0.05962
4,4033,87878.2,HOLD_2,1.0,0.99306,0.00694,0.5,0.50508,-0.00508,1.0,0.9948,0.0052,0.5,0.56154,-0.06154
4,4034,87899.2,HOLD_2,1.0,0.99479,0.00521,0.5,0.50339,-0.00339,1.0,0.99307,0.00693,0.5,0.55962,-0.05962
4,4035,87920.7,HOLD_2,1.0,0.99653,0.00347,0.5,0.50339,-0.00339,1.0,0.99307,0.00693,0.5,0.55769,-0.05769
4,4036,87941.2,HOLD_2,1.0,0.99306,0.00694,0.5,0.50508,-0.00508,1.0,0.99307,0.00693,0.5,0.55769,-0.05769
4,4037,87962.3,HOLD_2,1.0,0.99479,0.00521,0.5,0.50508,-0.00508,1.0,0.99307,0.00693,0.5,0.55769,-0.05769
4,4038,87982.9,HOLD_2,1.0,0.99479,0.00521,0.5,0.50508,-0.00508,1.0,0.9948,0.0052,0.5,0.55962,-0.05962
4,4039,88003.9,HOLD_2,1.0,0.99479,0.00521,0.5,0.50508,-0.00508,1.0,0.9948,0.0052,0.5,0.55769,-0.05769
4,4040,88024.3,HOLD_2,1.0,0.99306,0.00694,0.5,0.50678,-0.00678,1.0,0.99307,0.00693,0.5,0.55769,-0.05769
4,4041,88045.0,HOLD_2,1.0,0.99479,0.00521,0.5,0.50508,-0.00508,1.0,0.9948,0.0052,0.5,0.55769,-0.05769
4,4042,88066.3,HOLD_2,1.0,0.99479,0.00521,0.5,0.50508,-0.00508,1.0,0.99307,0.00693,0.5,0.55769,-0.05769
4,4043,88087.0,HOLD_2,1.0,0.99479,0.00521,0.5,0.50339,-0.00339,1.0,0.99307,0.00693,0.5,0.55962,-0.05962
4,4044,88107.2,HOLD_2,1.0,0.99479,0.00521,0.5,0.50339,-0.00339,1.0,0.99307,0.00693,0.5,0.55769,-0.05769
4,4045,88128.4,HOLD_2,1.0,0.99653,0.00347,0.5,0.50678,-0.00678,1.0,0.9948,0.0052,0.5,0.55962,-0.05962
4,4046,88149.5,HOLD_2,1.0,0.99653,0.00347,0.5,0.50508,-0.00508,1.0,0.99307,0.00693,0.5,0.55769,-0.05769
4,4047,88170.3,HOLD_2,1.0,0.99479,0.00521,0.5,0.50508,-0.00508,1.0,0.99133,0.00867,0.5,0.55962,-0.05962
4,4048,88190.2,HOLD_2,1.0,0.99653,0.00347,0.5,0.50508,-0.00508,1.0,0.9948,0.0052,0.5,0.55769,-0.05769
4,4049,88211.8,HOLD_2,1.0,0.99653,0.00347,0.5,0.50508,-0.00508,1.0,0.99307,0.00693,0.5,0.55769,-0.05769
5,4050,89036.9,SETTLE,0.0,0.58333,-0.58333,0.0,0.14407,-0.14407,0.0,0.56846,-0.56846,0.0,0.14615,-0.14615
5,4051,89058.6,SETTLE,0.0,0.56944,-0.56944,0.0,0.13559,-0.13559,0.0,0.55979,-0.55979,0.0,0.13654,-0.13654
5,4052,89080.7,SETTLE,0.0,0.55729,-0.55729,0.0,0.11864,-0.11864,0.0,0.54419,-0.54419,0.0,0.12115,-0.12115
5,4053,89098.9,SETTLE,0.0,0.54688,-0.54688,0.0,0.11186,-0.11186,0.0,0.5338,-0.5338,0.0,0.10962,-0.10962
5,4054,89119.6,SETTLE,0.0,0.53646,-0.53646,0.0,0.09831,-0.09831,0.0,0.52166,-0.52166,0.0,0.09615,-0.09615
5,4055,89140.9,SETTLE,0.0,0.5191,-0.5191,0.0,0.08983,-0.08983,0.0,0.5026,-0.5026,0.0,0.08077,-0.08077
5,4056,89162.3,SETTLE,0.0,0.49826,-0.49826,0.0,0.07966,-0.07966,0.0,0.48354,-0.48354,0.0,0.07115,-0.07115
5,4057,89181.7,SETTLE,0.0,0.48264,-0.48264,0.0,0.06949,-0.06949,0.0,0.47314,-0.47314,0.0,0.05769,-0.05769
5,4058,89202.5,SETTLE,0.0,0.47222,-0.47222,0.0,0.06271,-0.06271,0.0,0.46101,-0.46101,0.0,0.04808,-0.04808
5,4059,89224.2,SETTLE,0.0,0.46007,-0.46007,0.0,0.04915,-0.04915,0.0,0.45061,-0.45061,0.0,0.04038,-0.04038
5,4060,89243.9,SETTLE,0.0,0.44792,-0.44792,0.0,0.04576,-0.04576,0.0,0.43674,-0.43674,0.0,0.025,-0.025
5,4061,89265.1,SETTLE,0.0,0.43576,-0.43576,0.0,0.03051,-0.03051,0.0,0.42288,-0.42288,0.0,0.01346,-0.01346
5,4062,89286.3,SETTLE,0.0,0.42361,-0.42361,0.0,0.02203,-0.02203,0.0,0.40901,-0.40901,0.0,0.00385,-0.00385
5,4063,89306.7,SETTLE,0.0,0.41146,-0.41146,0.0,0.01356,-0.01356,0.0,0.39688,-0.39688,0.0,0.0,0.0
5,4064,89327.6,SETTLE,0.0,0.40278,-0.40278,0.0,0.00847,-0.00847,0.0,0.38302,-0.38302,0.0,0.0,0.0
5,4065,89348.9,SETTLE,0.0,0.38715,-0.38715,0.0,0.00169,-0.00169,0.0,0.37088,-0.37088,0.0,0.0,0.0
5,4066,89369.3,SETTLE,0.0,0.37326,-0.37326,0.0,0.0,0.0,0.0,0.35875,-0.35875,0.0,0.0,0.0
5,4067,89390.3,SETTLE,0.0,0.36111,-0.36111,0.0,0.0,0.0,0.0,0.34489,-0.34489,0.0,0.0,0.0
5,4068,89410.7,SETTLE,0.0,0.34896,-0.34896,0.0,0.0,0.0,0.0,0.33276,-0.33276,0.0,0.0,0.0
5,4069,89432.6,SETTLE,0.0,0.33681,-0.33681,0.0,0.0,0.0,0.0,0.32062,-0.32062,0.0,0.0,0.0
5,4070,89454.0,SETTLE,0.0,0.32118,-0.32118,0.0,0.0,0.0,0.0,0.30676,-0.30676,0.0,0.0,0.0
5,4071,89473.9,SETTLE,0.0,0.31076,-0.31076,0.0,0.0,0.0,0.0,0.29809,-0.29809,0.0,0.0,0.0
5,4072,89494.3,SETTLE,0.0,0.29861,-0.29861,0.0,0.0,0.0,0.0,0.28596,-0.28596,0.0,0.0,0.0
5,4073,89515.1,SETTLE,0.0,0.28299,-0.28299,0.0,0.0,0.0,0.0,0.27383,-0.27383,0.0,0.0,0.0
5,4074,89536.9,SETTLE,0.0,0.27083,-0.27083,0.0,0.0,0.0,0.0,0.25997,-0.25997,0.0,0.0,0.0
5,4075,89557.4,SETTLE,0.0,0.25868,-0.25868,0.0,0.0,0.0,0.0,0.24957,-0.24957,0.0,0.0,0.0
5,4076,89578.5,SETTLE,0.0,0.24653,-0.24653,0.0,0.0,0.0,0.0,0.23744,-0.23744,0.0,0.0,0.0
5,4077,89598.8,SETTLE,0.0,0.23438,-0.23438,0.0,0.0,0.0,0.0,0.22704,-0.22704,0.0,0.0,0.0
5,4078,89619.9,SETTLE,0.0,0.22049,-0.22049,0.0,0.0,0.0,0.0,0.2149,-0.2149,0.0,0.0,0.0
5,4079,89640.1,SETTLE,0.0,0.20833,-0.20833,0.0,0.0,0.0,0.0,0.20104,-0.20104,0.0,0.0,0.0
5,4080,89663.0,CLOSE,0.005,0.19618,-0.19118,0.005,0.0,0.005,0.005,0.18718,-0.18218,0.005,0.0,0.005
5,4081,89683.5,CLOSE,0.01,0.18229,-0.17229,0.01,0.0,0.01,0.01,0.17331,-0.16331,0.01,0.0,0.01
5,4082,89704.5,CLOSE,0.015,0.1684,-0.1534,0.015,0.0,0.015,0.015,0.16464,-0.14964,0.015,0.0,0.015
5,4083,89724.9,CLOSE,0.02,0.15451,-0.13451,0.02,0.0,0.02,0.02,0.14905,-0.12905,0.02,0.0,0.02
5,4084,89745.7,CLOSE,0.025,0.14062,-0.11563,0.025,0.0,0.025,0.025,0.13692,-0.11192,0.025,0.0,0.025
5,4085,89766.7,CLOSE,0.03,0.12847,-0.09847,0.03,0.0,0.03,0.03,0.12652,-0.09652,0.03,0.0,0.03
5,4086,89787.7,CLOSE,0.035,0.11632,-0.08132,0.035,0.0,0.035,0.035,0.11438,-0.07938,0.035,0.0,0.035
5,4087,89808.0,CLOSE,0.04,0.10417,-0.06417,0.04,0.0,0.04,0.04,0.10572,-0.06572,0.04,0.0,0.04
5,4088,89828.5,CLOSE,0.045,0.09549,-0.05049,0.045,0.0,0.045,0.045,0.09012,-0.04512,0.045,0.0,0.045
5,4089,89849.7,CLOSE,0.05,0.08333,-0.03333,0.05,0.0,0.05,0.05,0.07799,-0.02799,0.05,0.0,0.05
5,4090,89870.7,CLOSE,0.055,0.06944,-0.01444,0.055,0.0,0.055,0.055,0.06586,-0.01086,0.055,0.0,0.055
5,4091,89891.7,CLOSE,0.06,0.05903,0.00097,0.06,0.00508,0.05492,0.06,0.05719,0.00281,0.06,0.00192,0.05808
5,4092,89912.7,CLOSE,0.065,0.05035,0.01465,0.065,0.01186,0.05314,0.065,0.05026,0.01474,0.065,0.01154,0.05346
5,4093,89933.3,CLOSE,0.07,0.04167,0.02833,0.07,0.02881,0.04119,0.07,0.04159,0.02841,0.07,0.01154,0.05846
5,4094,89955.9,CLOSE,0.075,0.03472,0.04028,0.075,0.02881,0.04619,0.075,0.03466,0.04034,0.075,0.01731,0.05769
5,4095,89975.9,CLOSE,0.08,0.02951,0.05049,0.08,0.03729,0.04271,0.08,0.0312,0.0488,0.08,0.025,0.055
5,4096,89996.7,CLOSE,0.085,0.02778,0.05722,0.085,0.04576,0.03924,0.085,0.03813,0.04687,0.085,0.02885,0.05615
5,4097,90018.5,CLOSE,0.09,0.02604,0.06396,0.09,0.05932,0.03068,0.09,0.026,0.064,0.09,0.04038,0.04962
5,4098,90038.7,CLOSE,0.095,0.02604,0.06896,0.095,0.06271,0.03229,0.095,0.026,0.069,0.095,0.05,0.045
5,4099,90059.5,CLOSE,0.1,0.03299,0.06701,0.1,0.07288,0.02712,0.1,0.03466,0.06534,0.1,0.05769,0.04231
5,4100,90080.6,CLOSE,0.105,0.04167,0.06333,0.105,0.07797,0.02703,0.105,0.03813,0.06687,0.105,0.05962,0.04538
5,4101,90101.0,CLOSE,0.11,0.04861,0.06139,0.11,0.08475,0.02525,0.11,0.04506,0.06494,0.11,0.07115,0.03885
5,4102,90122.0,CLOSE,0.115,0.05903,0.05597,0.115,0.09153,0.02347,0.115,0.05546,0.05954,0.115,0.075,0.04
5,4103,90141.7,CLOSE,0.12,0.06424,0.05576,0.12,0.09661,0.02339,0.12,0.06066,0.05934,0.12,0.08269,0.03731
5,4104,90162.8,CLOSE,0.125,0.07465,0.05035,0.125,0.1,0.025,0.125,0.06759,0.05741,0.125,0.08846,0.03654
5,4105,90183.2,CLOSE,0.13,0.08333,0.04667,0.13,0.10508,0.02492,0.13,0.07452,0.05548,0.13,0.09423,0.03577
5,4106,90204.0,CLOSE,0.135,0.09201,0.04299,0.135,0.10678,0.02822,0.135,0.08319,0.05181,0.135,0.10192,0.03308
5,4107,90225.0,CLOSE,0.14,0.10243,0.03757,0.14,0.11017,0.02983,0.14,0.09185,0.04815,0.14,0.10769,0.03231
5,4108,90246.0,CLOSE,0.145,0.10764,0.03736,0.145,0.11186,0.03314,0.145,0.10052,0.04448,0.145,0.11346,0.03154
5,4109,90266.2,CLOSE,0.15,0.11458,0.03542,0.15,0.11186,0.03814,0.15,0.11092,0.03908,0.15,0.11731,0.03269
5,4110,90287.6,CLOSE,0.155,0.12153,0.03347,0.155,0.11186,0.04314,0.155,0.11958,0.03542,0.155,0.12308,0.03192
5,4111,90308.6,CLOSE,0.16,0.12847,0.03153,0.16,0.11186,0.04814,0.16,0.12652,0.03348,0.16,0.12885,0.03115
5,4112,90328.7,CLOSE,0.165,0.13368,0.03132,0.165,0.11186,0.05314,0.165,0.13172,0.03328,0.165,0.13269,0.03231
5,4113,90348.6,CLOSE,0.17,0.13889,0.03111,0.17,0.11356,0.05644,0.17,0.13865,0.03135,0.17,0.13846,0.03154
5,4114,90368.9,CLOSE,0.175,0.1441,0.0309,0.175,0.11695,0.05805,0.175,0.14211,0.03289,0.175,0.14231,0.03269
5,4115,90389.7,CLOSE,0.18,0.15104,0.02896,0.18,0.12034,0.05966,0.18,0.14731,0.03269,0.18,0.14808,0.03192
5,4116,90412.9,CLOSE,0.185,0.15799,0.02701,0.185,0.12542,0.05958,0.185,0.15251,0.03249,0.185,0.15385,0.03115
5,4117,90433.9,CLOSE,0.19,0.15972,0.03028,0.19,0.1322,0.0578,0.19,0.15771,0.03229,0.19,0.15769,0.03231
5,4118,90454.5,CLOSE,0.195,0.16493,0.03007,0.195,0.13729,0.05771,0.195,0.16118,0.03382,0.195,0.16346,0.03154
5,4119,90477.0,CLOSE,0.2,0.1684,0.0316,0.2,0.14746,0.05254,0.2,0.16638,0.03362,0.2,0.16923,0.03077
5,4120,90497.0,CLOSE,0.205,0.17188,0.03313,0.205,0.15424,0.05076,0.205,0.17331,0.03169,0.205,0.175,0.03
5,4121,90517.5,CLOSE,0.21,0.17361,0.03639,0.21,0.15763,0.05237,0.21,0.17504,0.03496,0.21,0.18462,0.02538
5,4122,90538.6,CLOSE,0.215,0.18576,0.02924,0.215,0.16441,0.05059,0.215,0.18024,0.03476,0.215,0.18462,0.03038
5,4123,90558.6,CLOSE,0.22,0.18056,0.03944,0.22,0.17627,0.04373,0.22,0.18371,0.03629,0.22,0.18846,0.03154
5,4124,90579.4,CLOSE,0.225,0.18576,0.03924,0.225,0.17797,0.04703,0.225,0.18891,0.03609,0.225,0.2,0.025
5,4125,90601.3,CLOSE,0.23,0.19792,0.03208,0.23,0.18305,0.04695,0.23,0.19411,0.03589,0.23,0.20192,0.02808
5,4126,90621.3,CLOSE,0.235,0.19444,0.04056,0.235,0.18814,0.04686,0.235,0.19931,0.03569,0.235,0.20962,0.02538
5,4127,90642.0,CLOSE,0.24,0.19965,0.04035,0.24,0.19322,0.04678,0.24,0.20277,0.03723,0.24,0.21923,0.02077
5,4128,90662.9,CLOSE,0.245,0.2066,0.0384,0.245,0.2,0.045,0.245,0.20624,0.03876,0.245,0.22885,0.01615
5,4129,90682.2,CLOSE,0.25,0.22049,0.02951,0.25,0.20508,0.04492,0.25,0.21664,0.03336,0.25,0.23654,0.01346
5,4130,90704.1,CLOSE,0.255,0.21875,0.03625,0.255,0.20678,0.04822,0.255,0.21664,0.03836,0.255,0.24615,0.00885
5,4131,90724.5,CLOSE,0.26,0.22396,0.03604,0.26,0.21186,0.04814,0.26,0.2201,0.0399,0.26,0.24808,0.01192
5,4132,90746.3,CLOSE,0.265,0.22917,0.03583,0.265,0.21695,0.04805,0.265,0.2253,0.0397,0.265,0.25385,0.01115
5,4133,90766.9,CLOSE,0.27,0.2309,0.0391,0.27,0.22373,0.04627,0.27,0.22877,0.04123,0.27,0.25769,0.01231
5,4134,90787.5,CLOSE,0.275,0.23785,0.03715,0.275,0.22881,0.04619,0.275,0.23224,0.04276,0.275,0.26346,0.01154
5,4135,90808.2,CLOSE,0.28,0.24132,0.03868,0.28,0.23559,0.04441,0.28,0.23917,0.04083,0.28,0.26538,0.01462
5,4136,90829.4,CLOSE,0.285,0.24826,0.03674,0.285,0.24576,0.03924,0.285,0.24957,0.03543,0.285,0.27115,0.01385
5,4137,90849.9,CLOSE,0.29,0.25347,0.03653,0.29,0.25254,0.03746,0.29,0.24957,0.04043,0.29,0.275,0.015
5,4138,90870.6,CLOSE,0.295,0.26215,0.03285,0.295,0.25593,0.03907,0.295,0.25477,0.04023,0.295,0.28269,0.01231
5,4139,90891.7,CLOSE,0.3,0.26562,0.03438,0.3,0.2661,0.0339,0.3,0.2617,0.0383,0.3,0.28269,0.01731
5,4140,90911.9,CLOSE,0.305,0.27257,0.03243,0.305,0.27119,0.03381,0.305,0.26516,0.03984,0.305,0.29231,0.01269
5,4141,90934.1,CLOSE,0.31,0.27778,0.03222,0.31,0.27458,0.03542,0.31,0.2721,0.0379,0.31,0.29615,0.01385
5,4142,90955.1,CLOSE,0.315,0.28472,0.03028,0.315,0.27797,0.03703,0.315,0.2773,0.0377,0.315,0.3,0.015
5,4143,90976.1,CLOSE,0.32,0.28993,0.03007,0.32,0.28136,0.03864,0.32,0.2825,0.0375,0.32,0.30577,0.01423
5,4144,90996.7,CLOSE,0.325,0.28993,0.03507,0.325,0.28644,0.03856,0.325,0.28943,0.03557,0.325,0.31154,0.01346
5,4145,91017.9,CLOSE,0.33,0.30208,0.02792,0.33,0.29153,0.03847,0.33,0.29463,0.03537,0.33,0.32308,0.00692
5,4146,91037.6,CLOSE,0.335,0.30556,0.02944,0.335,0.29492,0.04008,0.335,0.30156,0.03344,0.335,0.325,0.01
5,4147,91058.7,CLOSE,0.34,0.31597,0.02403,0.34,0.3,0.04,0.34,0.30676,0.03324,0.34,0.33654,0.00346
5,4148,91079.3,CLOSE,0.345,0.31597,0.02903,0.345,0.30508,0.03992,0.345,0.31023,0.03477,0.345,0.34231,0.00269
5,4149,91100.0,CLOSE,0.35,0.32118,0.02882,0.35,0.30847,0.04153,0.35,0.31542,0.03458,0.35,0.34808,0.00192
5,4150,91120.9,CLOSE,0.355,0.32292,0.03208,0.355,0.31356,0.04144,0.355,0.32236,0.03264,0.355,0.35385,0.00115
5,4151,91141.7,CLOSE,0.36,0.32986,0.03014,0.36,0.31864,0.04136,0.36,0.32756,0.03244,0.36,0.35962,0.00038
5,4152,91160.2,CLOSE,0.365,0.33333,0.03167,0.365,0.32203,0.04297,0.365,0.32756,0.03744,0.365,0.36346,0.00154
5,4153,91181.0,CLOSE,0.37,0.33681,0.03319,0.37,0.32712,0.04288,0.37,0.32582,0.04418,0.37,0.36731,0.00269
5,4154,91202.0,CLOSE,0.375,0.34028,0.03472,0.375,0.32881,0.04619,0.375,0.32929,0.04571,0.375,0.36923,0.00577
5,4155,91223.0,CLOSE,0.38,0.34201,0.03799,0.38,0.3339,0.0461,0.38,0.34142,0.03858,0.38,0.375,0.005
5,4156,91244.0,CLOSE,0.385,0.34549,0.03951,0.385,0.34576,0.03924,0.385,0.34662,0.03838,0.385,0.38077,0.00423
5,4157,91266.4,CLOSE,0.39,0.34722,0.04278,0.39,0.34237,0.04763,0.39,0.35182,0.03818,0.39,0.38269,0.00731
5,4158,91287.7,CLOSE,0.395,0.35243,0.04257,0.395,0.35085,0.04415,0.395,0.35529,0.03971,0.395,0.38846,0.00654
5,4159,91308.4,CLOSE,0.4,0.35764,0.04236,0.4,0.35593,0.04407,0.4,0.36222,0.03778,0.4,0.39423,0.00577
5,4160,91330.2,CLOSE,0.405,0.36458,0.04042,0.405,0.35932,0.04568,0.405,0.37088,0.03412,0.405,0.40192,0.00308
5,4161,91350.1,CLOSE,0.41,0.37326,0.03674,0.41,0.3661,0.0439,0.41,0.37435,0.03565,0.41,0.40577,0.00423
5,4162,91371.3,CLOSE,0.415,0.37674,0.03826,0.415,0.37119,0.04381,0.415,0.38475,0.03025,0.415,0.41154,0.00346
5,4163,91392.3,CLOSE,0.42,0.38368,0.03632,0.42,0.37797,0.04203,0.42,0.38821,0.03179,0.42,0.41923,0.00077
5,4164,91413.5,CLOSE,0.425,0.39062,0.03438,0.425,0.38475,0.04025,0.425,0.39341,0.03159,0.425,0.43077,-0.00577
5,4165,91434.7,CLOSE,0.43,0.39757,0.03243,0.43,0.38983,0.04017,0.43,0.40035,0.02965,0.43,0.43462,-0.00462
5,4166,91454.1,CLOSE,0.435,0.40278,0.03222,0.435,0.39322,0.04178,0.435,0.40381,0.03119,0.435,0.44038,-0.00538
5,4167,91475.2,CLOSE,0.44,0.41319,0.02681,0.44,0.40508,0.03492,0.44,0.40901,0.03099,0.44,0.45,-0.01
5,4168,91496.0,CLOSE,0.445,0.41667,0.02833,0.445,0.40339,0.04161,0.445,0.41594,0.02906,0.445,0.45192,-0.00692
5,4169,91517.0,CLOSE,0.45,0.42361,0.02639,0.45,0.41017,0.03983,0.45,0.41941,0.03059,0.45,0.45769,-0.00769
5,4170,91538.1,CLOSE,0.455,0.42708,0.02792,0.455,0.41356,0.04144,0.455,0.42461,0.03039,0.455,0.46538,-0.01038
5,4171,91558.4,CLOSE,0.46,0.43229,0.02771,0.46,0.41695,0.04305,0.46,0.42981,0.03019,0.46,0.46923,-0.00923
5,4172,91579.6,CLOSE,0.465,0.43576,0.02924,0.465,0.42712,0.03788,0.465,0.43328,0.03172,0.465,0.48077,-0.01577
5,4173,91599.6,CLOSE,0.47,0.44271,0.02729,0.47,0.42373,0.04627,0.47,0.43674,0.03326,0.47,0.48462,-0.01462
5,4174,91620.7,CLOSE,0.475,0.44792,0.02708,0.475,0.43051,0.04449,0.475,0.44194,0.03306,0.475,0.49038,-0.01538
5,4175,91641.4,CLOSE,0.48,0.45312,0.02688,0.48,0.4339,0.0461,0.48,0.44714,0.03286,0.48,0.49231,-0.01231
5,4176,91662.3,CLOSE,0.485,0.45486,0.03014,0.485,0.43729,0.04771,0.485,0.45061,0.03439,0.485,0.49808,-0.01308
5,4177,91683.2,CLOSE,0.49,0.46528,0.02472,0.49,0.44068,0.04932,0.49,0.45407,0.03593,0.49,0.50192,-0.01192
5,4178,91703.9,CLOSE,0.495,0.46701,0.02799,0.495,0.44746,0.04754,0.495,0.45927,0.03573,0.495,0.50962,-0.01462
5,4179,91724.9,CLOSE,0.5,0.47743,0.02257,0.5,0.45254,0.04746,0.5,0.46274,0.03726,0.5,0.51538,-0.01538
5,4180,91745.8,CLOSE,0.505,0.47569,0.02931,0.5,0.45763,0.04237,0.505,0.46794,0.03706,0.5,0.51923,-0.01923
5,4181,91766.5,CLOSE,0.51,0.4809,0.0291,0.5,0.46441,0.03559,0.51,0.4714,0.0386,0.5,0.52308,-0.02308
5,4182,91787.2,CLOSE,0.515,0.48264,0.03236,0.5,0.4678,0.0322,0.515,0.4766,0.0384,0.5,0.53077,-0.03077
5,4183,91808.3,CLOSE,0.52,0.48438,0.03563,0.5,0.48136,0.01864,0.52,0.4818,0.0382,0.5,0.53462,-0.03462
5,4184,91829.7,CLOSE,0.525,0.49653,0.02847,0.5,0.48305,0.01695,0.525,0.49047,0.03453,0.5,0.54615,-0.04615
5,4185,91851.3,CLOSE,0.53,0.50694,0.02306,0.5,0.48814,0.01186,0.53,0.49913,0.03087,0.5,0.54423,-0.04423
5,4186,91871.3,CLOSE,0.535,0.51042,0.02458,0.5,0.49322,0.00678,0.535,0.50607,0.02893,0.5,0.55,-0.05
5,4187,91893.4,CLOSE,0.54,0.5191,0.0209,0.5,0.49831,0.00169,0.54,0.51646,0.02354,0.5,0.55192,-0.05192
5,4188,91913.6,CLOSE,0.545,0.52951,0.01549,0.5,0.50508,-0.00508,0.545,0.5234,0.0216,0.5,0.55385,-0.05385
5,4189,91933.1,CLOSE,0.55,0.53125,0.01875,0.5,0.50847,-0.00847,0.55,0.52513,0.02487,0.5,0.55577,-0.05577
5,4190,91955.0,CLOSE,0.555,0.53646,0.01854,0.5,0.50847,-0.00847,0.555,0.53206,0.02294,0.5,0.56154,-0.06154
5,4191,91975.3,CLOSE,0.56,0.53819,0.02181,0.5,0.51017,-0.01017,0.56,0.5338,0.0262,0.5,0.55962,-0.05962
5,4192,91997.4,CLOSE,0.565,0.53993,0.02507,0.5,0.51017,-0.01017,0.565,0.53726,0.02774,0.5,0.55769,-0.05769
5,4193,92017.2,CLOSE,0.57,0.5434,0.0266,0.5,0.51017,-0.01017,0.57,0.54593,0.02407,0.5,0.55769,-0.05769
5,4194,92037.7,CLOSE,0.575,0.54688,0.02813,0.5,0.51017,-0.01017,0.575,0.54939,0.02561,0.5,0.55769,-0.05769
5,4195,92057.8,CLOSE,0.58,0.54861,0.03139,0.5,0.51017,-0.01017,0.58,0.55113,0.02887,0.5,0.55769,-0.05769
5,4196,92078.9,CLOSE,0.585,0.55382,0.03118,0.5,0.51017,-0.01017,0.585,0.55286,0.03214,0.5,0.55769,-0.05769
5,4197,92100.4,CLOSE,0.59,0.55903,0.03097,0.5,0.51017,-0.01017,0.59,0.55459,0.03541,0.5,0.55962,-0.05962
5,4198,92121.0,CLOSE,0.595,0.56076,0.03424,0.5,0.51017,-0.01017,0.595,0.55806,0.03694,0.5,0.55962,-0.05962
5,4199,92141.6,CLOSE,0.6,0.56597,0.03403,0.5,0.51186,-0.01186,0.6,0.56326,0.03674,0.5,0.55962,-0.05962
5,4200,92162.2,CLOSE,0.605,0.56944,0.03556,0.5,0.51017,-0.01017,0.605,0.56672,0.03828,0.5,0.56346,-0.06346
5,4201,92182.3,CLOSE,0.61,0.57465,0.03535,0.5,0.51017,-0.01017,0.61,0.57539,0.03461,0.5,0.55577,-0.05577
5,4202,92203.9,CLOSE,0.615,0.58507,0.02993,0.5,0.51864,-0.01864,0.615,0.58059,0.03441,0.5,0.55962,-0.05962
5,4203,92224.9,CLOSE,0.62,0.58507,0.03493,0.5,0.51356,-0.01356,0.62,0.58406,0.03594,0.5,0.55962,-0.05962
5,4204,92245.5,CLOSE,0.625,0.59028,0.03472,0.5,0.51017,-0.01017,0.625,0.59099,0.03401,0.5,0.55769,-0.05769
5,4205,92266.8,CLOSE,0.63,0.59722,0.03278,0.5,0.51017,-0.01017,0.63,0.59619,0.03381,0.5,0.55962,-0.05962
5,4206,92287.2,CLOSE,0.635,0.60764,0.02736,0.5,0.51017,-0.01017,0.635,0.60312,0.03188,0.5,0.55962,-0.05962
5,4207,92310.3,CLOSE,0.64,0.61458,0.02542,0.5,0.51017,-0.01017,0.64,0.60832,0.03168,0.5,0.55962,-0.05962
5,4208,92329.2,CLOSE,0.645,0.61632,0.02868,0.5,0.51525,-0.01525,0.645,0.61525,0.02975,0.5,0.55962,-0.05962
5,4209,92350.7,CLOSE,0.65,0.61979,0.03021,0.5,0.52203,-0.02203,0.65,0.62045,0.02955,0.5,0.55769,-0.05769
5,4210,92371.9,CLOSE,0.655,0.62847,0.02653,0.5,0.51017,-0.01017,0.655,0.62218,0.03282,0.5,0.55962,-0.05962
5,4211,92392.9,CLOSE,0.66,0.63368,0.02632,0.5,0.51017,-0.01017,0.66,0.63258,0.02742,0.5,0.55962,-0.05962
5,4212,92414.0,CLOSE,0.665,0.64236,0.02264,0.5,0.51695,-0.01695,0.665,0.63778,0.02722,0.5,0.55962,-0.05962
5,4213,92433.6,CLOSE,0.67,0.64236,0.02764,0.5,0.51017,-0.01017,0.67,0.64125,0.02875,0.5,0.55962,-0.05962
5,4214,92454.8,CLOSE,0.675,0.64757,0.02743,0.5,0.50508,-0.00508,0.675,0.64645,0.02855,0.5,0.55962,-0.05962
5,4215,92475.0,CLOSE,0.68,0.65451,0.02549,0.5,0.49492,0.00508,0.68,0.65165,0.02835,0.5,0.55962,-0.05962
5,4216,92495.5,CLOSE,0.685,0.65972,0.02528,0.5,0.48814,0.01186,0.685,0.65511,0.02989,0.5,0.55769,-0.05769
5,4217,92516.3,CLOSE,0.69,0.66319,0.02681,0.5,0.48644,0.01356,0.69,0.65858,0.03142,0.5,0.55962,-0.05962
5,4218,92537.4,CLOSE,0.695,0.6684,0.0266,0.5,0.48475,0.01525,0.695,0.66378,0.03122,0.5,0.55962,-0.05962
5,4219,92558.2,CLOSE,0.7,0.67188,0.02813,0.5,0.48305,0.01695,0.7,0.66724,0.03276,0.5,0.56346,-0.06346
5,4220,92578.8,CLOSE,0.705,0.67708,0.02792,0.5,0.48475,0.01525,0.705,0.67244,0.03256,0.5,0.55962,-0.05962
5,4221,92599.7,CLOSE,0.71,0.68229,0.02771,0.5,0.48305,0.01695,0.71,0.67418,0.03582,0.5,0.55962,-0.05962
5,4222,92620.4,CLOSE,0.715,0.68576,0.02924,0.5,0.48475,0.01525,0.715,0.67764,0.03736,0.5,0.55769,-0.05769
5,4223,92641.3,CLOSE,0.72,0.69618,0.02382,0.5,0.48305,0.01695,0.72,0.68284,0.03716,0.5,0.56346,-0.06346
5,4224,92662.3,CLOSE,0.725,0.69618,0.02882,0.5,0.48475,0.01525,0.725,0.68977,0.03523,0.5,0.55769,-0.05769
5,4225,92684.2,CLOSE,0.73,0.69792,0.03208,0.5,0.48305,0.01695,0.73,0.69497,0.03503,0.5,0.55769,-0.05769
5,4226,92703.9,CLOSE,0.735,0.70486,0.03014,0.5,0.48475,0.01525,0.735,0.69844,0.03656,0.5,0.55962,-0.05962
5,4227,92725.1,CLOSE,0.74,0.70833,0.03167,0.5,0.48983,0.01017,0.74,0.71057,0.02943,0.5,0.55962,-0.05962
5,4228,92746.5,CLOSE,0.745,0.71354,0.03146,0.5,0.49322,0.00678,0.745,0.71231,0.03269,0.5,0.55962,-0.05962
5,4229,92767.3,CLOSE,0.75,0.71701,0.03299,0.5,0.50339,-0.00339,0.75,0.71231,0.03769,0.5,0.55962,-0.05962
5,4230,92789.3,CLOSE,0.755,0.72396,0.03104,0.5,0.50339,-0.00339,0.755,0.71924,0.03576,0.5,0.55962,-0.05962
5,4231,92809.7,CLOSE,0.76,0.72743,0.03257,0.5,0.50847,-0.00847,0.76,0.7227,0.0373,0.5,0.55962,-0.05962
5,4232,92830.0,CLOSE,0.765,0.73264,0.03236,0.5,0.50678,-0.00678,0.765,0.72964,0.03536,0.5,0.55962,-0.05962
5,4233,92851.2,CLOSE,0.77,0.73785,0.03215,0.5,0.50847,-0.00847,0.77,0.73484,0.03516,0.5,0.55962,-0.05962
5,4234,92871.4,CLOSE,0.775,0.74479,0.03021,0.5,0.50847,-0.00847,0.775,0.7435,0.0315,0.5,0.55769,-0.05769
5,4235,92892.7,CLOSE,0.78,0.75,0.03,0.5,0.50847,-0.00847,0.78,0.7487,0.0313,0.5,0.55962,-0.05962
5,4236,92914.1,CLOSE,0.785,0.75347,0.03153,0.5,0.50847,-0.00847,0.785,0.7487,0.0363,0.5,0.55962,-0.05962
5,4237,92933.7,CLOSE,0.79,0.76042,0.02958,0.5,0.50847,-0.00847,0.79,0.7539,0.0361,0.5,0.56154,-0.06154
5,4238,92955.4,CLOSE,0.795,0.76389,0.03111,0.5,0.50678,-0.00678,0.795,0.7591,0.0359,0.5,0.55962,-0.05962
5,4239,92974.5,CLOSE,0.8,0.77951,0.02049,0.5,0.50847,-0.00847,0.8,0.7643,0.0357,0.5,0.55962,-0.05962
5,4240,92995.5,CLOSE,0.805,0.78472,0.02028,0.5,0.50678,-0.00678,0.805,0.76776,0.03724,0.5,0.56346,-0.06346
5,4241,93016.3,CLOSE,0.81,0.77778,0.03222,0.5,0.50847,-0.00847,0.81,0.7799,0.0301,0.5,0.55962,-0.05962
5,4242,93036.9,CLOSE,0.815,0.78299,0.03201,0.5,0.50678,-0.00678,0.815,0.78683,0.02817,0.5,0.55962,-0.05962
5,4243,93058.3,CLOSE,0.82,0.78819,0.03181,0.5,0.50847,-0.00847,0.82,0.78683,0.03317,0.5,0.55962,-0.05962
5,4244,93078.7,CLOSE,0.825,0.79514,0.02986,0.5,0.50847,-0.00847,0.825,0.79029,0.03471,0.5,0.55962,-0.05962
5,4245,93100.1,CLOSE,0.83,0.79861,0.03139,0.5,0.50847,-0.00847,0.83,0.79723,0.03277,0.5,0.56154,-0.06154
5,4246,93120.9,CLOSE,0.835,0.8125,0.0225,0.5,0.51186,-0.01186,0.835,0.80243,0.03257,0.5,0.55962,-0.05962
5,4247,93141.6,CLOSE,0.84,0.80903,0.03097,0.5,0.50847,-0.00847,0.84,0.80763,0.03237,0.5,0.55962,-0.05962
5,4248,93162.4,CLOSE,0.845,0.82118,0.02382,0.5,0.50678,-0.00678,0.845,0.81282,0.03218,0.5,0.55962,-0.05962
5,4249,93183.4,CLOSE,0.85,0.81944,0.03056,0.5,0.51017,-0.01017,0.85,0.81629,0.03371,0.5,0.55962,-0.05962
5,4250,93204.2,CLOSE,0.855,0.82465,0.03035,0.5,0.51186,-0.01186,0.855,0.82149,0.03351,0.5,0.55962,-0.05962
5,4251,93225.2,CLOSE,0.86,0.82812,0.03188,0.5,0.50847,-0.00847,0.86,0.82842,0.03158,0.5,0.55962,-0.05962
5,4252,93246.9,CLOSE,0.865,0.83507,0.02993,0.5,0.50847,-0.00847,0.865,0.83536,0.02964,0.5,0.55962,-0.05962
5,4253,93266.9,CLOSE,0.87,0.83854,0.03146,0.5,0.50847,-0.00847,0.87,0.84402,0.02598,0.5,0.55962,-0.05962
5,4254,93288.6,CLOSE,0.875,0.85069,0.02431,0.5,0.50678,-0.00678,0.875,0.84402,0.03098,0.5,0.55962,-0.05962
5,4255,93309.2,CLOSE,0.88,0.84896,0.03104,0.5,0.50847,-0.00847,0.88,0.85095,0.02905,0.5,0.55962,-0.05962
5,4256,93329.5,CLOSE,0.885,0.85764,0.02736,0.5,0.50847,-0.00847,0.885,0.85789,0.02711,0.5,0.56154,-0.06154
5,4257,93350.4,CLOSE,0.89,0.85938,0.03063,0.5,0.50847,-0.00847,0.89,0.86308,0.02692,0.5,0.55962,-0.05962
5,4258,93372.1,CLOSE,0.895,0.86285,0.03215,0.5,0.50847,-0.00847,0.895,0.86828,0.02672,0.5,0.55962,-0.05962
5,4259,93393.6,CLOSE,0.9,0.875,0.025,0.5,0.50678,-0.00678,0.9,0.88042,0.01958,0.5,0.55962,-0.05962
5,4260,93412.9,CLOSE,0.905,0.88194,0.02306,0.5,0.50678,-0.00678,0.905,0.88562,0.01938,0.5,0.56154,-0.06154
5,4261,93433.7,CLOSE,0.91,0.87847,0.03153,0.5,0.50678,-0.00678,0.91,0.88215,0.02785,0.5,0.56346,-0.06346
5,4262,93454.3,CLOSE,0.915,0.88368,0.03132,0.5,0.50678,-0.00678,0.915,0.88908,0.02592,0.5,0.55962,-0.05962
5,4263,93474.2,CLOSE,0.92,0.88542,0.03458,0.5,0.50678,-0.00678,0.92,0.89255,0.02745,0.5,0.56154,-0.06154
5,4264,93496.1,CLOSE,0.925,0.89236,0.03264,0.5,0.50678,-0.00678,0.925,0.89428,0.03072,0.5,0.55962,-0.05962
5,4265,93516.0,CLOSE,0.93,0.8941,0.0359,0.5,0.50339,-0.00339,0.93,0.89948,0.03052,0.5,0.56346,-0.06346
5,4266,93536.9,CLOSE,0.935,0.89931,0.03569,0.5,0.50339,-0.00339,0.935,0.90468,0.03032,0.5,0.55962,-0.05962
5,4267,93558.5,CLOSE,0.94,0.90799,0.03201,0.5,0.50678,-0.00678,0.94,0.90815,0.03185,0.5,0.55962,-0.05962
5,4268,93578.7,CLOSE,0.945,0.91146,0.03354,0.5,0.50508,-0.00508,0.945,0.91161,0.03339,0.5,0.56346,-0.06346
5,4269,93599.3,CLOSE,0.95,0.91319,0.03681,0.5,0.50508,-0.00508,0.95,0.91681,0.03319,0.5,0.56154,-0.06154
5,4270,93620.4,CLOSE,0.955,0.92014,0.03486,0.5,0.50508,-0.00508,0.955,0.92201,0.03299,0.5,0.55962,-0.05962
5,4271,93641.4,CLOSE,0.96,0.92535,0.03465,0.5,0.50508,-0.00508,0.96,0.93241,0.02759,0.5,0.55769,-0.05769
5,4272,93662.7,CLOSE,0.965,0.93056,0.03444,0.5,0.50678,-0.00678,0.965,0.93761,0.02739,0.5,0.56346,-0.06346
5,4273,93682.2,CLOSE,0.97,0.93229,0.03771,0.5,0.50508,-0.00508,0.97,0.94107,0.02893,0.5,0.55962,-0.05962
5,4274,93704.5,CLOSE,0.975,0.94618,0.02882,0.5,0.50508,-0.00508,0.975,0.94107,0.03393,0.5,0.56154,-0.06154
5,4275,93724.6,CLOSE,0.98,0.94444,0.03556,0.5,0.50508,-0.00508,0.98,0.94801,0.03199,0.5,0.55962,-0.05962
5,4276,93746.8,CLOSE,0.985,0.94965,0.03535,0.5,0.50508,-0.00508,0.985,0.95494,0.03006,0.5,0.55962,-0.05962
5,4277,93766.6,CLOSE,0.99,0.94965,0.04035,0.5,0.50508,-0.00508,0.99,0.96187,0.02813,0.5,0.55962,-0.05962
5,4278,93787.9,CLOSE,0.995,0.9566,0.0384,0.5,0.50508,-0.00508,0.995,0.9688,0.0262,0.5,0.55962,-0.05962
5,4279,93808.4,CLOSE,1.0,0.96181,0.03819,0.5,0.50508,-0.00508,1.0,0.9688,0.0312,0.5,0.55962,-0.05962
5,4280,93815.6,HOLD_CLOSED,1.0,0.96181,0.03819,0.5,0.50508,-0.00508,1.0,0.97054,0.02946,0.5,0.55769,-0.05769
5,4281,93837.7,HOLD_CLOSED,1.0,0.96701,0.03299,0.5,0.50678,-0.00678,1.0,0.97574,0.02426,0.5,0.55962,-0.05962
5,4282,93858.3,HOLD_CLOSED,1.0,0.96875,0.03125,0.5,0.50508,-0.00508,1.0,0.98094,0.01906,0.5,0.55962,-0.05962
5,4283,93878.9,HOLD_CLOSED,1.0,0.97222,0.02778,0.5,0.50508,-0.00508,1.0,0.9844,0.0156,0.5,0.55962,-0.05962
5,4284,93900.8,HOLD_CLOSED,1.0,0.97396,0.02604,0.5,0.50508,-0.00508,1.0,0.98614,0.01386,0.5,0.55962,-0.05962
5,4285,93921.2,HOLD_CLOSED,1.0,0.97569,0.02431,0.5,0.50508,-0.00508,1.0,0.9844,0.0156,0.5,0.55962,-0.05962
5,4286,93941.3,HOLD_CLOSED,1.0,0.9809,0.0191,0.5,0.50678,-0.00678,1.0,0.9896,0.0104,0.5,0.55962,-0.05962
5,4287,93962.8,HOLD_CLOSED,1.0,0.97569,0.02431,0.5,0.50508,-0.00508,1.0,0.98787,0.01213,0.5,0.56154,-0.06154
5,4288,93984.0,HOLD_CLOSED,1.0,0.97396,0.02604,0.5,0.50508,-0.00508,1.0,0.9844,0.0156,0.5,0.55962,-0.05962
5,4289,94003.9,HOLD_CLOSED,1.0,0.97569,0.02431,0.5,0.50508,-0.00508,1.0,0.98787,0.01213,0.5,0.55962,-0.05962
5,4290,94024.4,HOLD_CLOSED,1.0,0.98438,0.01562,0.5,0.50508,-0.00508,1.0,0.9844,0.0156,0.5,0.55962,-0.05962
5,4291,94046.1,HOLD_CLOSED,1.0,0.97396,0.02604,0.5,0.50678,-0.00678,1.0,0.98614,0.01386,0.5,0.55962,-0.05962
5,4292,94067.3,HOLD_CLOSED,1.0,0.97569,0.02431,0.5,0.50508,-0.00508,1.0,0.98614,0.01386,0.5,0.55962,-0.05962
5,4293,94087.8,HOLD_CLOSED,1.0,0.97396,0.02604,0.5,0.50508,-0.00508,1.0,0.98614,0.01386,0.5,0.55962,-0.05962
5,4294,94108.5,HOLD_CLOSED,1.0,0.97396,0.02604,0.5,0.50508,-0.00508,1.0,0.98614,0.01386,0.5,0.55962,-0.05962
5,4295,94129.4,HOLD_CLOSED,1.0,0.97569,0.02431,0.5,0.50508,-0.00508,1.0,0.98787,0.01213,0.5,0.55962,-0.05962
5,4296,94150.6,HOLD_CLOSED,1.0,0.98785,0.01215,0.5,0.50678,-0.00678,1.0,0.98787,0.01213,0.5,0.55769,-0.05769
5,4297,94170.8,HOLD_CLOSED,1.0,0.97396,0.02604,0.5,0.50508,-0.00508,1.0,0.98614,0.01386,0.5,0.55962,-0.05962
5,4298,94191.3,HOLD_CLOSED,1.0,0.96875,0.03125,0.5,0.50508,-0.00508,1.0,0.9948,0.0052,0.5,0.55962,-0.05962
5,4299,94212.0,HOLD_CLOSED,1.0,0.97569,0.02431,0.5,0.50508,-0.00508,1.0,0.98614,0.01386,0.5,0.56154,-0.06154
5,4300,94233.4,HOLD_CLOSED,1.0,0.97569,0.02431,0.5,0.50678,-0.00678,1.0,0.98614,0.01386,0.5,0.55962,-0.05962
5,4301,94254.3,HOLD_CLOSED,1.0,0.97396,0.02604,0.5,0.50508,-0.00508,1.0,0.98787,0.01213,0.5,0.55769,-0.05769
5,4302,94274.7,HOLD_CLOSED,1.0,0.97569,0.02431,0.5,0.50508,-0.00508,1.0,0.98614,0.01386,0.5,0.55962,-0.05962
5,4303,94296.3,HOLD_CLOSED,1.0,0.98264,0.01736,0.5,0.50847,-0.00847,1.0,0.99307,0.00693,0.5,0.55962,-0.05962
5,4304,94316.2,HOLD_CLOSED,1.0,0.97569,0.02431,0.5,0.50508,-0.00508,1.0,0.98614,0.01386,0.5,0.55962,-0.05962
5,4305,94336.9,HOLD_CLOSED,1.0,0.97743,0.02257,0.5,0.50508,-0.00508,1.0,0.98787,0.01213,0.5,0.55962,-0.05962
5,4306,94358.1,HOLD_CLOSED,1.0,0.97917,0.02083,0.5,0.50508,-0.00508,1.0,0.98787,0.01213,0.5,0.56154,-0.06154
5,4307,94379.4,HOLD_CLOSED,1.0,0.99132,0.00868,0.5,0.50508,-0.00508,1.0,0.99133,0.00867,0.5,0.55962,-0.05962
5,4308,94399.8,HOLD_CLOSED,1.0,0.98264,0.01736,0.5,0.50508,-0.00508,1.0,0.9948,0.0052,0.5,0.56346,-0.06346
5,4309,94421.1,HOLD_CLOSED,1.0,0.98438,0.01562,0.5,0.50508,-0.00508,1.0,0.99307,0.00693,0.5,0.55962,-0.05962
5,4310,94441.5,HOLD_CLOSED,1.0,0.98785,0.01215,0.5,0.50508,-0.00508,1.0,0.99307,0.00693,0.5,0.55962,-0.05962
5,4311,94461.7,HOLD_CLOSED,1.0,0.99132,0.00868,0.5,0.50678,-0.00678,1.0,0.99307,0.00693,0.5,0.55962,-0.05962
5,4312,94483.4,HOLD_CLOSED,1.0,0.99132,0.00868,0.5,0.50508,-0.00508,1.0,0.9948,0.0052,0.5,0.55962,-0.05962
5,4313,94505.2,HOLD_CLOSED,1.0,0.99306,0.00694,0.5,0.50508,-0.00508,1.0,0.9948,0.0052,0.5,0.55962,-0.05962
5,4314,94525.7,HOLD_CLOSED,1.0,0.99479,0.00521,0.5,0.50508,-0.00508,1.0,0.99653,0.00347,0.5,0.55962,-0.05962
5,4315,94546.4,HOLD_CLOSED,1.0,0.99306,0.00694,0.5,0.50847,-0.00847,1.0,0.9948,0.0052,0.5,0.55962,-0.05962
5,4316,94566.6,HOLD_CLOSED,1.0,0.99306,0.00694,0.5,0.50508,-0.00508,1.0,0.99307,0.00693,0.5,0.55962,-0.05962
5,4317,94587.8,HOLD_CLOSED,1.0,0.99132,0.00868,0.5,0.50508,-0.00508,1.0,0.9948,0.0052,0.5,0.56154,-0.06154
5,4318,94608.5,HOLD_CLOSED,1.0,0.99479,0.00521,0.5,0.50508,-0.00508,1.0,0.99307,0.00693,0.5,0.55962,-0.05962
5,4319,94630.1,HOLD_CLOSED,1.0,0.99306,0.00694,0.5,0.50678,-0.00678,1.0,0.99307,0.00693,0.5,0.55962,-0.05962
5,4320,94650.7,HOLD_CLOSED,1.0,0.99479,0.00521,0.5,0.50339,-0.00339,1.0,0.99827,0.00173,0.5,0.55769,-0.05769
5,4321,94670.0,HOLD_CLOSED,1.0,0.99479,0.00521,0.5,0.50678,-0.00678,1.0,0.99307,0.00693,0.5,0.56154,-0.06154
5,4322,94691.8,HOLD_CLOSED,1.0,0.99479,0.00521,0.5,0.50678,-0.00678,1.0,0.99653,0.00347,0.5,0.55962,-0.05962
5,4323,94712.1,HOLD_CLOSED,1.0,0.99479,0.00521,0.5,0.50508,-0.00508,1.0,0.99307,0.00693,0.5,0.55962,-0.05962
5,4324,94733.1,HOLD_CLOSED,1.0,0.99479,0.00521,0.5,0.50678,-0.00678,1.0,0.99307,0.00693,0.5,0.55962,-0.05962
5,4325,94754.0,HOLD_CLOSED,1.0,0.99306,0.00694,0.5,0.50508,-0.00508,1.0,0.99307,0.00693,0.5,0.55962,-0.05962
5,4326,94775.0,HOLD_CLOSED,1.0,0.99306,0.00694,0.5,0.50678,-0.00678,1.0,0.9948,0.0052,0.5,0.55962,-0.05962
5,4327,94795.4,HOLD_CLOSED,1.0,0.99479,0.00521,0.5,0.50508,-0.00508,1.0,0.99307,0.00693,0.5,0.55962,-0.05962
5,4328,94815.6,HOLD_CLOSED,1.0,0.99479,0.00521,0.5,0.50508,-0.00508,1.0,0.99307,0.00693,0.5,0.55962,-0.05962
5,4329,94837.8,HOLD_CLOSED,1.0,0.99479,0.00521,0.5,0.50508,-0.00508,1.0,0.99133,0.00867,0.5,0.56154,-0.06154
5,4330,94858.3,HOLD_CLOSED,1.0,0.99479,0.00521,0.5,0.50508,-0.00508,1.0,0.9948,0.0052,0.5,0.56154,-0.06154
5,4331,94879.0,HOLD_CLOSED,1.0,0.99479,0.00521,0.5,0.50508,-0.00508,1.0,0.9948,0.0052,0.5,0.55962,-0.05962
5,4332,94900.4,HOLD_CLOSED,1.0,0.99479,0.00521,0.5,0.50508,-0.00508,1.0,0.99307,0.00693,0.5,0.55962,-0.05962
5,4333,94920.4,HOLD_CLOSED,1.0,0.99479,0.00521,0.5,0.50508,-0.00508,1.0,0.99307,0.00693,0.5,0.55962,-0.05962
5,4334,94941.8,HOLD_CLOSED,1.0,0.99132,0.00868,0.5,0.50508,-0.00508,1.0,0.9948,0.0052,0.5,0.56538,-0.06538
5,4335,94962.9,HOLD_CLOSED,1.0,0.99306,0.00694,0.5,0.50678,-0.00678,1.0,0.9948,0.0052,0.5,0.55962,-0.05962
5,4336,94982.8,HOLD_CLOSED,1.0,0.99306,0.00694,0.5,0.50678,-0.00678,1.0,0.99307,0.00693,0.5,0.55962,-0.05962
5,4337,95004.5,HOLD_CLOSED,1.0,0.99306,0.00694,0.5,0.50508,-0.00508,1.0,0.9948,0.0052,0.5,0.55962,-0.05962
5,4338,95026.0,HOLD_CLOSED,1.0,0.99306,0.00694,0.5,0.50508,-0.00508,1.0,0.99307,0.00693,0.5,0.55962,-0.05962
5,4339,95046.9,HOLD_CLOSED,1.0,0.99306,0.00694,0.5,0.50508,-0.00508,1.0,0.9948,0.0052,0.5,0.55962,-0.05962
5,4340,95068.3,OPEN,0.995,0.99306,0.00194,0.495,0.50847,-0.01347,0.995,0.99307,0.00193,0.495,0.55962,-0.06462
5,4341,95090.0,OPEN,0.99,0.99306,-0.00306,0.49,0.50508,-0.01508,0.99,0.99307,-0.00307,0.49,0.55962,-0.06962
5,4342,95110.3,OPEN,0.985,0.99306,-0.00806,0.485,0.50508,-0.02008,0.985,0.99307,-0.00807,0.485,0.55962,-0.07462
5,4343,95131.3,OPEN,0.98,0.99306,-0.01306,0.48,0.50508,-0.02508,0.98,0.9948,-0.0148,0.48,0.56154,-0.08154
5,4344,95152.0,OPEN,0.975,0.99479,-0.01979,0.475,0.50508,-0.03008,0.975,0.9948,-0.0198,0.475,0.55962,-0.08462
5,4345,95172.2,OPEN,0.97,0.99479,-0.02479,0.47,0.50508,-0.03508,0.97,0.99307,-0.02307,0.47,0.55962,-0.08962
5,4346,95193.0,OPEN,0.965,0.99479,-0.02979,0.465,0.50508,-0.04008,0.965,0.99307,-0.02807,0.465,0.55962,-0.09462
5,4347,95214.3,OPEN,0.96,0.99653,-0.03653,0.46,0.50508,-0.04508,0.96,0.9948,-0.0348,0.46,0.55962,-0.09962
5,4348,95235.3,OPEN,0.955,0.99479,-0.03979,0.455,0.51356,-0.05856,0.955,0.9948,-0.0398,0.455,0.55962,-0.10462
5,4349,95255.8,OPEN,0.95,0.99479,-0.04479,0.45,0.50678,-0.05678,0.95,0.9948,-0.0448,0.45,0.55962,-0.10962
5,4350,95276.3,OPEN,0.945,0.99479,-0.04979,0.445,0.49661,-0.05161,0.945,0.99307,-0.04807,0.445,0.55962,-0.11462
5,4351,95297.6,OPEN,0.94,0.99479,-0.05479,0.44,0.48983,-0.04983,0.94,0.99307,-0.05307,0.44,0.55962,-0.11962
5,4352,95318.9,OPEN,0.935,0.99306,-0.05806,0.435,0.48475,-0.04975,0.935,0.99133,-0.05633,0.435,0.55962,-0.12462
5,4353,95340.1,OPEN,0.93,0.99479,-0.06479,0.43,0.47797,-0.04797,0.93,0.99307,-0.06307,0.43,0.56154,-0.13154
5,4354,95359.9,OPEN,0.925,0.99306,-0.06806,0.425,0.47458,-0.04958,0.925,0.99827,-0.07327,0.425,0.55385,-0.12885
5,4355,95381.7,OPEN,0.92,0.99306,-0.07306,0.42,0.46271,-0.04271,0.92,0.99133,-0.07133,0.42,0.54423,-0.12423
5,4356,95401.8,OPEN,0.915,0.98264,-0.06764,0.415,0.45593,-0.04093,0.915,0.98614,-0.07114,0.415,0.53846,-0.12346
5,4357,95423.5,OPEN,0.91,0.98785,-0.07785,0.41,0.44915,-0.03915,0.91,0.97747,-0.06747,0.41,0.525,-0.115
5,4358,95444.1,OPEN,0.905,0.97917,-0.07417,0.405,0.44068,-0.03568,0.905,0.974,-0.069,0.405,0.51538,-0.11038
5,4359,95465.3,OPEN,0.9,0.96701,-0.06701,0.4,0.4322,-0.0322,0.9,0.96707,-0.06707,0.4,0.50385,-0.10385
5,4360,95485.0,OPEN,0.895,0.96007,-0.06507,0.395,0.43051,-0.03551,0.895,0.9636,-0.0686,0.395,0.49231,-0.09731
5,4361,95506.8,OPEN,0.89,0.95312,-0.06313,0.39,0.41864,-0.02864,0.89,0.95667,-0.06667,0.39,0.48462,-0.09462
5,4362,95527.9,OPEN,0.885,0.94444,-0.05944,0.385,0.41017,-0.02517,0.885,0.95147,-0.06647,0.385,0.46923,-0.08423
5,4363,95548.7,OPEN,0.88,0.9375,-0.0575,0.38,0.40508,-0.02508,0.88,0.94454,-0.06454,0.38,0.45962,-0.07962
5,4364,95568.3,OPEN,0.875,0.93229,-0.05729,0.375,0.40169,-0.02669,0.875,0.93761,-0.06261,0.375,0.45192,-0.07692
5,4365,95589.4,OPEN,0.87,0.92708,-0.05708,0.37,0.40169,-0.03169,0.87,0.93241,-0.06241,0.37,0.44038,-0.07038
5,4366,95610.5,OPEN,0.865,0.9184,-0.0534,0.365,0.39661,-0.03161,0.865,0.92721,-0.06221,0.365,0.43269,-0.06769
5,4367,95630.6,OPEN,0.86,0.91319,-0.05319,0.36,0.39492,-0.03492,0.86,0.92028,-0.06028,0.36,0.42692,-0.06692
5,4368,95651.6,OPEN,0.855,0.91146,-0.05646,0.355,0.39492,-0.03992,0.855,0.90988,-0.05488,0.355,0.42115,-0.06615
5,4369,95672.7,OPEN,0.85,0.90278,-0.05278,0.35,0.39492,-0.04492,0.85,0.90295,-0.05295,0.35,0.41923,-0.06923
5,4370,95693.9,OPEN,0.845,0.89757,-0.05257,0.345,0.39322,-0.04822,0.845,0.89601,-0.05101,0.345,0.41538,-0.07038
5,4371,95714.6,OPEN,0.84,0.8941,-0.0541,0.34,0.39492,-0.05492,0.84,0.89081,-0.05081,0.34,0.41346,-0.07346
5,4372,95735.5,OPEN,0.835,0.89236,-0.05736,0.335,0.39322,-0.05822,0.835,0.88735,-0.05235,0.335,0.41154,-0.07654
5,4373,95756.3,OPEN,0.83,0.88889,-0.05889,0.33,0.39153,-0.06153,0.83,0.88215,-0.05215,0.33,0.41346,-0.08346
5,4374,95776.7,OPEN,0.825,0.88715,-0.06215,0.325,0.39153,-0.06653,0.825,0.87868,-0.05368,0.325,0.41154,-0.08654
5,4375,95797.2,OPEN,0.82,0.88542,-0.06542,0.32,0.38644,-0.06644,0.82,0.87522,-0.05522,0.32,0.41154,-0.09154
5,4376,95818.9,OPEN,0.815,0.88021,-0.06521,0.315,0.37966,-0.06466,0.815,0.87175,-0.05675,0.315,0.40962,-0.09462
5,4377,95839.4,OPEN,0.81,0.88194,-0.07194,0.31,0.37797,-0.06797,0.81,0.87002,-0.06002,0.31,0.40577,-0.09577
5,4378,95860.7,OPEN,0.805,0.875,-0.07,0.305,0.36271,-0.05771,0.805,0.86655,-0.06155,0.305,0.40192,-0.09692
5,4379,95881.8,OPEN,0.8,0.87153,-0.07153,0.3,0.35593,-0.05593,0.8,0.86135,-0.06135,0.3,0.39615,-0.09615
5,4380,95902.6,OPEN,0.795,0.86979,-0.07479,0.295,0.35424,-0.05924,0.795,0.85615,-0.06115,0.295,0.39231,-0.09731
5,4381,95923.5,OPEN,0.79,0.86632,-0.07632,0.29,0.34576,-0.05576,0.79,0.85269,-0.06269,0.29,0.38462,-0.09462
5,4382,95943.4,OPEN,0.785,0.85938,-0.07438,0.285,0.33729,-0.05229,0.785,0.84749,-0.06249,0.285,0.37885,-0.09385
5,4383,95964.6,OPEN,0.78,0.85764,-0.07764,0.28,0.32881,-0.04881,0.78,0.84229,-0.06229,0.28,0.37115,-0.09115
5,4384,95986.2,OPEN,0.775,0.8559,-0.0809,0.275,0.32712,-0.05212,0.775,0.84575,-0.07075,0.275,0.36538,-0.09038
5,4385,96006.2,OPEN,0.77,0.84375,-0.07375,0.27,0.31864,-0.04864,0.77,0.82842,-0.05842,0.27,0.35962,-0.08962
5,4386,96027.6,OPEN,0.765,0.83854,-0.07354,0.265,0.31356,-0.04856,0.765,0.82322,-0.05822,0.265,0.35385,-0.08885
5,4387,96048.1,OPEN,0.76,0.8316,-0.0716,0.26,0.30678,-0.04678,0.76,0.81629,-0.05629,0.26,0.34615,-0.08615
5,4388,96068.4,OPEN,0.755,0.82292,-0.06792,0.255,0.30508,-0.05008,0.755,0.81976,-0.06476,0.255,0.33654,-0.08154
5,4389,96089.1,OPEN,0.75,0.81424,-0.06424,0.25,0.30339,-0.05339,0.75,0.81282,-0.06282,0.25,0.32885,-0.07885
5,4390,96110.5,OPEN,0.745,0.80903,-0.06403,0.245,0.29153,-0.04653,0.745,0.80416,-0.05916,0.245,0.32115,-0.07615
5,4391,96131.2,OPEN,0.74,0.79861,-0.05861,0.24,0.28644,-0.04644,0.74,0.80416,-0.06416,0.24,0.31731,-0.07731
5,4392,96151.8,OPEN,0.735,0.7934,-0.0584,0.235,0.28305,-0.04805,0.735,0.80069,-0.06569,0.235,0.30769,-0.07269
5,4393,96172.8,OPEN,0.73,0.78646,-0.05646,0.23,0.28475,-0.05475,0.73,0.78856,-0.05856,0.23,0.30385,-0.07385
5,4394,96193.2,OPEN,0.725,0.78125,-0.05625,0.225,0.27627,-0.05127,0.725,0.7851,-0.0601,0.225,0.29808,-0.07308
5,4395,96214.3,OPEN,0.72,0.77083,-0.05083,0.22,0.26949,-0.04949,0.72,0.77816,-0.05816,0.22,0.29038,-0.07038
5,4396,96235.0,OPEN,0.715,0.76562,-0.05063,0.215,0.2661,-0.0511,0.715,0.77123,-0.05623,0.215,0.28654,-0.07154
5,4397,96256.1,OPEN,0.71,0.76736,-0.05736,0.21,0.25593,-0.04593,0.71,0.77123,-0.06123,0.21,0.28077,-0.07077
5,4398,96276.6,OPEN,0.705,0.76215,-0.05715,0.205,0.24915,-0.04415,0.705,0.7643,-0.0593,0.205,0.275,-0.07
5,4399,96298.0,OPEN,0.7,0.75694,-0.05694,0.2,0.24576,-0.04576,0.7,0.7591,-0.0591,0.2,0.26923,-0.06923
5,4400,96318.9,OPEN,0.695,0.75694,-0.06194,0.195,0.23559,-0.04059,0.695,0.75217,-0.05717,0.195,0.26346,-0.06846
5,4401,96339.6,OPEN,0.69,0.75,-0.06,0.19,0.23559,-0.04559,0.69,0.74697,-0.05697,0.19,0.25962,-0.06962
5,4402,96360.7,OPEN,0.685,0.74479,-0.05979,0.185,0.22881,-0.04381,0.685,0.74177,-0.05677,0.185,0.25962,-0.07462
5,4403,96381.7,OPEN,0.68,0.73958,-0.05958,0.18,0.22373,-0.04373,0.68,0.7383,-0.0583,0.18,0.24808,-0.06808
5,4404,96404.0,OPEN,0.675,0.74479,-0.06979,0.175,0.22034,-0.04534,0.675,0.7331,-0.0581,0.175,0.24231,-0.06731
5,4405,96424.4,OPEN,0.67,0.7309,-0.0609,0.17,0.21695,-0.04695,0.67,0.7279,-0.0579,0.17,0.23462,-0.06462
5,4406,96445.0,OPEN,0.665,0.72396,-0.05896,0.165,0.21186,-0.04686,0.665,0.7227,-0.0577,0.165,0.22692,-0.06192
5,4407,96465.3,OPEN,0.66,0.72049,-0.06049,0.16,0.20847,-0.04847,0.66,0.7175,-0.0575,0.16,0.21923,-0.05923
5,4408,96486.8,OPEN,0.655,0.71354,-0.05854,0.155,0.20508,-0.05008,0.655,0.71577,-0.06077,0.155,0.21154,-0.05654
5,4409,96506.2,OPEN,0.65,0.71181,-0.06181,0.15,0.20678,-0.05678,0.65,0.70537,-0.05537,0.15,0.20577,-0.05577
5,4410,96527.2,OPEN,0.645,0.71181,-0.06681,0.145,0.20169,-0.05669,0.645,0.70191,-0.05691,0.145,0.20192,-0.05692
5,4411,96547.7,OPEN,0.64,0.7066,-0.0666,0.14,0.19322,-0.05322,0.64,0.69671,-0.05671,0.14,0.19615,-0.05615
5,4412,96568.3,OPEN,0.635,0.70139,-0.06639,0.135,0.19153,-0.05653,0.635,0.69151,-0.05651,0.135,0.19231,-0.05731
5,4413,96589.1,OPEN,0.63,0.69444,-0.06444,0.13,0.18475,-0.05475,0.63,0.68284,-0.05284,0.13,0.18654,-0.05654
5,4414,96610.4,OPEN,0.625,0.68576,-0.06076,0.125,0.18136,-0.05636,0.625,0.67938,-0.05438,0.125,0.18269,-0.05769
5,4415,96631.3,OPEN,0.62,0.68056,-0.06056,0.12,0.17797,-0.05797,0.62,0.67591,-0.05591,0.12,0.18077,-0.06077
5,4416,96651.9,OPEN,0.615,0.67361,-0.05861,0.115,0.17119,-0.05619,0.615,0.67418,-0.05918,0.115,0.175,-0.06
5,4417,96672.4,OPEN,0.61,0.67188,-0.06188,0.11,0.1661,-0.0561,0.61,0.66551,-0.05551,0.11,0.17308,-0.06308
5,4418,96691.6,OPEN,0.605,0.66493,-0.05993,0.105,0.16441,-0.05941,0.605,0.66031,-0.05531,0.105,0.16923,-0.06423
5,4419,96712.6,OPEN,0.6,0.65972,-0.05972,0.1,0.15763,-0.05763,0.6,0.65338,-0.05338,0.1,0.16346,-0.06346
5,4420,96733.8,OPEN,0.595,0.65451,-0.05951,0.095,0.15085,-0.05585,0.595,0.64991,-0.05491,0.095,0.15962,-0.06462
5,4421,96754.0,OPEN,0.59,0.64931,-0.05931,0.09,0.14746,-0.05746,0.59,0.64471,-0.05471,0.09,0.15577,-0.06577
5,4422,96774.5,OPEN,0.585,0.64583,-0.06083,0.085,0.14068,-0.05568,0.585,0.64125,-0.05625,0.085,0.15192,-0.06692
5,4423,96797.8,OPEN,0.58,0.63889,-0.05889,0.08,0.13559,-0.05559,0.58,0.63778,-0.05778,0.08,0.14423,-0.06423
5,4424,96818.8,OPEN,0.575,0.63368,-0.05868,0.075,0.12881,-0.05381,0.575,0.63258,-0.05758,0.075,0.14231,-0.06731
5,4425,96840.3,OPEN,0.57,0.62847,-0.05847,0.07,0.12203,-0.05203,0.57,0.62565,-0.05565,0.07,0.13077,-0.06077
5,4426,96861.6,OPEN,0.565,0.625,-0.06,0.065,0.11695,-0.05195,0.565,0.62218,-0.05718,0.065,0.125,-0.06
5,4427,96882.1,OPEN,0.56,0.61806,-0.05806,0.06,0.11017,-0.05017,0.56,0.61352,-0.05352,0.06,0.11731,-0.05731
5,4428,96901.8,OPEN,0.555,0.61632,-0.06132,0.055,0.10339,-0.04839,0.555,0.60832,-0.05332,0.055,0.10962,-0.05462
5,4429,96924.2,OPEN,0.55,0.60764,-0.05764,0.05,0.1,-0.05,0.55,0.60312,-0.05312,0.05,0.10192,-0.05192
5,4430,96944.4,OPEN,0.545,0.60417,-0.05917,0.045,0.09153,-0.04653,0.545,0.59619,-0.05119,0.045,0.09423,-0.04923
5,4431,96965.3,OPEN,0.54,0.59722,-0.05722,0.04,0.08644,-0.04644,0.54,0.59272,-0.05272,0.04,0.08654,-0.04654
5,4432,96985.3,OPEN,0.535,0.59375,-0.05875,0.035,0.08814,-0.05314,0.535,0.58579,-0.05079,0.035,0.08462,-0.04962
5,4433,97006.3,OPEN,0.53,0.59028,-0.06028,0.03,0.07797,-0.04797,0.53,0.58406,-0.05406,0.03,0.07308,-0.04308
5,4434,97027.2,OPEN,0.525,0.58333,-0.05833,0.025,0.07288,-0.04788,0.525,0.57712,-0.05212,0.025,0.06731,-0.04231
5,4435,97047.5,OPEN,0.52,0.57986,-0.05986,0.02,0.0678,-0.0478,0.52,0.57539,-0.05539,0.02,0.06154,-0.04154
5,4436,97068.2,OPEN,0.515,0.57465,-0.05965,0.015,0.06271,-0.04771,0.515,0.57019,-0.05519,0.015,0.06154,-0.04654
5,4437,97089.1,OPEN,0.51,0.56944,-0.05944,0.01,0.05932,-0.04932,0.51,0.56499,-0.05499,0.01,0.05192,-0.04192
5,4438,97110.1,OPEN,0.505,0.56597,-0.06097,0.005,0.05254,-0.04754,0.505,0.56326,-0.05826,0.005,0.04615,-0.04115
5,4439,97130.9,OPEN,0.5,0.5625,-0.0625,0.0,0.04576,-0.04576,0.5,0.55633,-0.05633,0.0,0.04231,-0.04231
5,4440,97151.5,OPEN,0.495,0.55556,-0.06056,0.0,0.04237,-0.04237,0.495,0.55113,-0.05613,0.0,0.03654,-0.03654
5,4441,97173.0,OPEN,0.49,0.55035,-0.06035,0.0,0.03559,-0.03559,0.49,0.54593,-0.05593,0.0,0.03269,-0.03269
5,4442,97193.5,OPEN,0.485,0.54688,-0.06188,0.0,0.0322,-0.0322,0.485,0.54246,-0.05746,0.0,0.02692,-0.02692
5,4443,97215.0,OPEN,0.48,0.54167,-0.06167,0.0,0.03051,-0.03051,0.48,0.53726,-0.05726,0.0,0.02115,-0.02115
5,4444,97235.6,OPEN,0.475,0.53646,-0.06146,0.0,0.02373,-0.02373,0.475,0.5338,-0.0588,0.0,0.01731,-0.01731
5,4445,97256.8,OPEN,0.47,0.53299,-0.06299,0.0,0.01864,-0.01864,0.47,0.5286,-0.0586,0.0,0.01154,-0.01154
5,4446,97277.4,OPEN,0.465,0.52431,-0.05931,0.0,0.01525,-0.01525,0.465,0.52513,-0.06013,0.0,0.01154,-0.01154
5,4447,97297.2,OPEN,0.46,0.51215,-0.05215,0.0,0.01186,-0.01186,0.46,0.5182,-0.0582,0.0,0.00385,-0.00385
5,4448,97319.0,OPEN,0.455,0.50694,-0.05194,0.0,0.01017,-0.01017,0.455,0.5078,-0.0528,0.0,0.0,0.0
5,4449,97341.3,OPEN,0.45,0.49826,-0.04826,0.0,0.00847,-0.00847,0.45,0.4974,-0.0474,0.0,0.0,0.0
5,4450,97361.1,OPEN,0.445,0.48958,-0.04458,0.0,0.00847,-0.00847,0.445,0.487,-0.042,0.0,0.0,0.0
5,4451,97382.1,OPEN,0.44,0.48611,-0.04611,0.0,0.00847,-0.00847,0.44,0.48354,-0.04354,0.0,0.0,0.0
5,4452,97402.4,OPEN,0.435,0.48438,-0.04938,0.0,0.00847,-0.00847,0.435,0.4766,-0.0416,0.0,0.0,0.0
5,4453,97424.0,OPEN,0.43,0.49132,-0.06132,0.0,0.00847,-0.00847,0.43,0.4766,-0.0466,0.0,0.0,0.0
5,4454,97444.3,OPEN,0.425,0.47569,-0.05069,0.0,0.00847,-0.00847,0.425,0.4714,-0.0464,0.0,0.0,0.0
5,4455,97464.6,OPEN,0.42,0.47396,-0.05396,0.0,0.00847,-0.00847,0.42,0.46794,-0.04794,0.0,0.0,0.0
5,4456,97485.2,OPEN,0.415,0.47222,-0.05722,0.0,0.00847,-0.00847,0.415,0.46447,-0.04947,0.0,0.0,0.0
5,4457,97506.0,OPEN,0.41,0.46701,-0.05701,0.0,0.00847,-0.00847,0.41,0.47314,-0.06314,0.0,0.0,0.0
5,4458,97526.7,OPEN,0.405,0.46354,-0.05854,0.0,0.00847,-0.00847,0.405,0.46274,-0.05774,0.0,0.0,0.0
5,4459,97548.1,OPEN,0.4,0.46181,-0.06181,0.0,0.00847,-0.00847,0.4,0.45407,-0.05407,0.0,0.0,0.0
5,4460,97568.7,OPEN,0.395,0.45486,-0.05986,0.0,0.00847,-0.00847,0.395,0.44887,-0.05387,0.0,0.0,0.0
5,4461,97589.2,OPEN,0.39,0.45139,-0.06139,0.0,0.01186,-0.01186,0.39,0.44541,-0.05541,0.0,0.0,0.0
5,4462,97610.1,OPEN,0.385,0.45312,-0.06813,0.0,0.00847,-0.00847,0.385,0.44367,-0.05867,0.0,0.0,0.0
5,4463,97631.4,OPEN,0.38,0.44271,-0.06271,0.0,0.00678,-0.00678,0.38,0.43501,-0.05501,0.0,0.0,0.0
5,4464,97651.7,OPEN,0.375,0.4375,-0.0625,0.0,0.00847,-0.00847,0.375,0.43154,-0.05654,0.0,0.0,0.0
5,4465,97672.5,OPEN,0.37,0.43056,-0.06056,0.0,0.00678,-0.00678,0.37,0.42461,-0.05461,0.0,0.0,0.0
5,4466,97693.1,OPEN,0.365,0.42708,-0.06208,0.0,0.00847,-0.00847,0.365,0.41941,-0.05441,0.0,0.0,0.0
5,4467,97714.6,OPEN,0.36,0.42014,-0.06014,0.0,0.00169,-0.00169,0.36,0.41594,-0.05594,0.0,0.0,0.0
5,4468,97736.3,OPEN,0.355,0.41493,-0.05993,0.0,0.00847,-0.00847,0.355,0.40901,-0.05401,0.0,0.0,0.0
5,4469,97756.2,OPEN,0.35,0.40799,-0.05799,0.0,0.00678,-0.00678,0.35,0.40381,-0.05381,0.0,0.0,0.0
5,4470,97778.0,OPEN,0.345,0.40451,-0.05951,0.0,0.00847,-0.00847,0.345,0.39688,-0.05188,0.0,0.0,0.0
5,4471,97799.0,OPEN,0.34,0.40278,-0.06278,0.0,0.00847,-0.00847,0.34,0.39515,-0.05515,0.0,0.0,0.0
5,4472,97819.6,OPEN,0.335,0.39062,-0.05563,0.0,0.00847,-0.00847,0.335,0.38821,-0.05321,0.0,0.0,0.0
5,4473,97839.7,OPEN,0.33,0.38542,-0.05542,0.0,0.00847,-0.00847,0.33,0.37955,-0.04955,0.0,0.0,0.0
5,4474,97860.6,OPEN,0.325,0.38194,-0.05694,0.0,0.00678,-0.00678,0.325,0.38302,-0.05802,0.0,0.0,0.0
5,4475,97882.6,OPEN,0.32,0.37326,-0.05326,0.0,0.00678,-0.00678,0.32,0.36915,-0.04915,0.0,0.0,0.0
5,4476,97902.5,OPEN,0.315,0.37326,-0.05826,0.0,0.01017,-0.01017,0.315,0.36395,-0.04895,0.0,0.0,0.0
5,4477,97923.9,OPEN,0.31,0.36111,-0.05111,0.0,0.00678,-0.00678,0.31,0.36395,-0.05395,0.0,0.0,0.0
5,4478,97943.6,OPEN,0.305,0.35764,-0.05264,0.0,0.00678,-0.00678,0.305,0.35529,-0.05029,0.0,0.0,0.0
5,4479,97964.7,OPEN,0.3,0.35069,-0.05069,0.0,0.00678,-0.00678,0.3,0.34835,-0.04835,0.0,0.0,0.0
5,4480,97985.6,OPEN,0.295,0.34896,-0.05396,0.0,0.00678,-0.00678,0.295,0.34142,-0.04642,0.0,0.0,0.0
5,4481,98006.4,OPEN,0.29,0.34201,-0.05201,0.0,0.00678,-0.00678,0.29,0.33795,-0.04795,0.0,0.0,0.0
5,4482,98026.6,OPEN,0.285,0.33681,-0.05181,0.0,0.00678,-0.00678,0.285,0.33276,-0.04776,0.0,0.0,0.0
5,4483,98048.0,OPEN,0.28,0.33333,-0.05333,0.0,0.00678,-0.00678,0.28,0.32929,-0.04929,0.0,0.0,0.0
5,4484,98068.2,OPEN,0.275,0.32812,-0.05313,0.0,0.00678,-0.00678,0.275,0.33102,-0.05602,0.0,0.0,0.0
5,4485,98089.7,OPEN,0.27,0.32292,-0.05292,0.0,0.00678,-0.00678,0.27,0.32062,-0.05062,0.0,0.0,0.0
5,4486,98110.6,OPEN,0.265,0.31944,-0.05444,0.0,0.00678,-0.00678,0.265,0.32582,-0.06082,0.0,0.0,0.0
5,4487,98131.4,OPEN,0.26,0.3125,-0.0525,0.0,0.00678,-0.00678,0.26,0.31196,-0.05196,0.0,0.0,0.0
5,4488,98152.1,OPEN,0.255,0.30903,-0.05403,0.0,0.00678,-0.00678,0.255,0.31023,-0.05523,0.0,0.0,0.0
5,4489,98172.8,OPEN,0.25,0.30382,-0.05382,0.0,0.00678,-0.00678,0.25,0.30329,-0.05329,0.0,0.0,0.0
5,4490,98193.8,OPEN,0.245,0.29861,-0.05361,0.0,0.01017,-0.01017,0.245,0.29809,-0.05309,0.0,0.0,0.0
5,4491,98214.7,OPEN,0.24,0.29688,-0.05688,0.0,0.00678,-0.00678,0.24,0.29289,-0.05289,0.0,0.0,0.0
5,4492,98236.9,OPEN,0.235,0.28819,-0.05319,0.0,0.00678,-0.00678,0.235,0.28769,-0.05269,0.0,0.0,0.0
5,4493,98257.2,OPEN,0.23,0.28472,-0.05472,0.0,0.00678,-0.00678,0.23,0.28423,-0.05423,0.0,0.0,0.0
5,4494,98277.6,OPEN,0.225,0.27778,-0.05278,0.0,0.00678,-0.00678,0.225,0.2773,-0.0523,0.0,0.0,0.0
5,4495,98297.9,OPEN,0.22,0.27257,-0.05257,0.0,0.00678,-0.00678,0.22,0.27036,-0.05036,0.0,0.0,0.0
5,4496,98319.6,OPEN,0.215,0.2691,-0.0541,0.0,0.00678,-0.00678,0.215,0.26516,-0.05016,0.0,0.0,0.0
5,4497,98340.3,OPEN,0.21,0.26215,-0.05215,0.0,0.00678,-0.00678,0.21,0.25997,-0.04997,0.0,0.0,0.0
5,4498,98361.6,OPEN,0.205,0.25694,-0.05194,0.0,0.00678,-0.00678,0.205,0.25303,-0.04803,0.0,0.0,0.0
5,4499,98381.3,OPEN,0.2,0.25694,-0.05694,0.0,0.00678,-0.00678,0.2,0.25303,-0.05303,0.0,0.0,0.0
5,4500,98402.2,OPEN,0.195,0.24653,-0.05153,0.0,0.00847,-0.00847,0.195,0.24263,-0.04763,0.0,0.0,0.0
5,4501,98422.4,OPEN,0.19,0.24132,-0.05132,0.0,0.00678,-0.00678,0.19,0.23744,-0.04744,0.0,0.0,0.0
5,4502,98443.8,OPEN,0.185,0.23785,-0.05285,0.0,0.00847,-0.00847,0.185,0.2305,-0.0455,0.0,0.0,0.0
5,4503,98464.5,OPEN,0.18,0.23264,-0.05264,0.0,0.00678,-0.00678,0.18,0.22704,-0.04704,0.0,0.0,0.0
5,4504,98485.1,OPEN,0.175,0.22743,-0.05243,0.0,0.00678,-0.00678,0.175,0.22184,-0.04684,0.0,0.0,0.0
5,4505,98506.3,OPEN,0.17,0.22569,-0.05569,0.0,0.00678,-0.00678,0.17,0.21664,-0.04664,0.0,0.0,0.0
5,4506,98527.1,OPEN,0.165,0.21875,-0.05375,0.0,0.00678,-0.00678,0.165,0.21144,-0.04644,0.0,0.0,0.0
5,4507,98547.2,OPEN,0.16,0.21354,-0.05354,0.0,0.00678,-0.00678,0.16,0.21144,-0.05144,0.0,0.0,0.0
5,4508,98568.4,OPEN,0.155,0.20833,-0.05333,0.0,0.00678,-0.00678,0.155,0.20624,-0.05124,0.0,0.0,0.0
5,4509,98589.3,OPEN,0.15,0.20312,-0.05313,0.0,0.00678,-0.00678,0.15,0.19584,-0.04584,0.0,0.0,0.0
5,4510,98611.1,OPEN,0.145,0.19792,-0.05292,0.0,0.00678,-0.00678,0.145,0.19584,-0.05084,0.0,0.0,0.0
5,4511,98631.6,OPEN,0.14,0.19271,-0.05271,0.0,0.00678,-0.00678,0.14,0.18544,-0.04544,0.0,0.0,0.0
5,4512,98651.5,OPEN,0.135,0.1875,-0.0525,0.0,0.00678,-0.00678,0.135,0.18024,-0.04524,0.0,0.0,0.0
5,4513,98672.9,OPEN,0.13,0.18229,-0.05229,0.0,0.00678,-0.00678,0.13,0.17851,-0.04851,0.0,0.0,0.0
5,4514,98694.1,OPEN,0.125,0.17708,-0.05208,0.0,0.01017,-0.01017,0.125,0.16984,-0.04484,0.0,0.0,0.0
5,4515,98715.1,OPEN,0.12,0.1684,-0.0484,0.0,0.00678,-0.00678,0.12,0.16464,-0.04464,0.0,0.0,0.0
5,4516,98736.3,OPEN,0.115,0.16319,-0.04819,0.0,0.00678,-0.00678,0.115,0.16118,-0.04618,0.0,0.0,0.0
5,4517,98757.8,OPEN,0.11,0.15799,-0.04799,0.0,0.00678,-0.00678,0.11,0.15598,-0.04598,0.0,0.0,0.0
5,4518,98777.4,OPEN,0.105,0.15278,-0.04778,0.0,0.00678,-0.00678,0.105,0.15771,-0.05271,0.0,0.0,0.0
5,4519,98798.5,OPEN,0.1,0.14757,-0.04757,0.0,0.00678,-0.00678,0.1,0.14558,-0.04558,0.0,0.0,0.0
5,4520,98819.4,OPEN,0.095,0.14236,-0.04736,0.0,0.00508,-0.00508,0.095,0.14038,-0.04538,0.0,0.0,0.0
5,4521,98840.3,OPEN,0.09,0.13715,-0.04715,0.0,0.01017,-0.01017,0.09,0.13692,-0.04692,0.0,0.0,0.0
5,4522,98861.1,OPEN,0.085,0.13194,-0.04694,0.0,0.01017,-0.01017,0.085,0.13172,-0.04672,0.0,0.0,0.0
5,4523,98881.2,OPEN,0.08,0.12847,-0.04847,0.0,0.00678,-0.00678,0.08,0.12825,-0.04825,0.0,0.0,0.0
5,4524,98902.0,OPEN,0.075,0.12847,-0.05347,0.0,0.00678,-0.00678,0.075,0.12305,-0.04805,0.0,0.0,0.0
5,4525,98922.8,OPEN,0.07,0.12326,-0.05326,0.0,0.00678,-0.00678,0.07,0.12305,-0.05305,0.0,0.0,0.0
5,4526,98943.7,OPEN,0.065,0.11632,-0.05132,0.0,0.00847,-0.00847,0.065,0.11265,-0.04765,0.0,0.0,0.0
5,4527,98964.3,OPEN,0.06,0.11111,-0.05111,0.0,0.00508,-0.00508,0.06,0.10745,-0.04745,0.0,0.0,0.0
5,4528,98985.5,OPEN,0.055,0.1059,-0.0509,0.0,0.00678,-0.00678,0.055,0.10225,-0.04725,0.0,0.0,0.0
5,4529,99005.4,OPEN,0.05,0.10243,-0.05243,0.0,0.00678,-0.00678,0.05,0.09359,-0.04359,0.0,0.0,0.0
5,4530,99027.0,OPEN,0.045,0.09722,-0.05222,0.0,0.00678,-0.00678,0.045,0.09185,-0.04685,0.0,0.0,0.0
5,4531,99047.6,OPEN,0.04,0.09722,-0.05722,0.0,0.00678,-0.00678,0.04,0.08666,-0.04666,0.0,0.0,0.0
5,4532,99068.8,OPEN,0.035,0.09201,-0.05701,0.0,0.00678,-0.00678,0.035,0.08319,-0.04819,0.0,0.0,0.0
5,4533,99089.1,OPEN,0.03,0.08681,-0.05681,0.0,0.00678,-0.00678,0.03,0.07452,-0.04452,0.0,0.0,0.0
5,4534,99110.8,OPEN,0.025,0.07639,-0.05139,0.0,0.00678,-0.00678,0.025,0.06759,-0.04259,0.0,0.0,0.0
5,4535,99132.9,OPEN,0.02,0.07118,-0.05118,0.0,0.00678,-0.00678,0.02,0.06759,-0.04759,0.0,0.0,0.0
5,4536,99152.4,OPEN,0.015,0.06944,-0.05444,0.0,0.00678,-0.00678,0.015,0.06066,-0.04566,0.0,0.0,0.0
5,4537,99173.2,OPEN,0.01,0.06424,-0.05424,0.0,0.00678,-0.00678,0.01,0.05546,-0.04546,0.0,0.0,0.0
5,4538,99193.9,OPEN,0.005,0.05729,-0.05229,0.0,0.00678,-0.00678,0.005,0.05373,-0.04873,0.0,0.0,0.0
5,4539,99215.0,OPEN,0.0,0.04861,-0.04861,0.0,0.00678,-0.00678,0.0,0.04506,-0.04506,0.0,0.0,0.0
5,4540,99222.0,HOLD_OPEN,0.0,0.04688,-0.04688,0.0,0.00678,-0.00678,0.0,0.04679,-0.04679,0.0,0.0,0.0
5,4541,99244.0,HOLD_OPEN,0.0,0.04167,-0.04167,0.0,0.00678,-0.00678,0.0,0.03986,-0.03986,0.0,0.0,0.0
5,4542,99264.3,HOLD_OPEN,0.0,0.03993,-0.03993,0.0,0.00678,-0.00678,0.0,0.03293,-0.03293,0.0,0.0,0.0
5,4543,99285.5,HOLD_OPEN,0.0,0.02951,-0.02951,0.0,0.00678,-0.00678,0.0,0.02946,-0.02946,0.0,0.0,0.0
5,4544,99305.8,HOLD_OPEN,0.0,0.02431,-0.02431,0.0,0.00678,-0.00678,0.0,0.02426,-0.02426,0.0,0.0,0.0
5,4545,99327.3,HOLD_OPEN,0.0,0.02431,-0.02431,0.0,0.00678,-0.00678,0.0,0.0208,-0.0208,0.0,0.0,0.0
5,4546,99347.4,HOLD_OPEN,0.0,0.01736,-0.01736,0.0,0.00678,-0.00678,0.0,0.01213,-0.01213,0.0,0.0,0.0
5,4547,99369.2,HOLD_OPEN,0.0,0.01389,-0.01389,0.0,0.00678,-0.00678,0.0,0.00867,-0.00867,0.0,0.0,0.0
5,4548,99389.9,HOLD_OPEN,0.0,0.01042,-0.01042,0.0,0.00678,-0.00678,0.0,0.0052,-0.0052,0.0,0.0,0.0
5,4549,99410.5,HOLD_OPEN,0.0,0.00868,-0.00868,0.0,0.00678,-0.00678,0.0,0.00173,-0.00173,0.0,0.0,0.0
5,4550,99431.0,HOLD_OPEN,0.0,0.01215,-0.01215,0.0,0.01017,-0.01017,0.0,0.00173,-0.00173,0.0,0.0,0.0
5,4551,99453.4,HOLD_OPEN,0.0,0.00694,-0.00694,0.0,0.00678,-0.00678,0.0,0.0,0.0,0.0,0.0,0.0
5,4552,99473.8,HOLD_OPEN,0.0,0.00694,-0.00694,0.0,0.00678,-0.00678,0.0,0.0,0.0,0.0,0.0,0.0
5,4553,99494.0,HOLD_OPEN,0.0,0.00347,-0.00347,0.0,0.00678,-0.00678,0.0,0.0,0.0,0.0,0.0,0.0
5,4554,99514.9,HOLD_OPEN,0.0,0.00694,-0.00694,0.0,0.00678,-0.00678,0.0,0.0,0.0,0.0,0.0,0.0
5,4555,99535.4,HOLD_OPEN,0.0,0.00694,-0.00694,0.0,0.00678,-0.00678,0.0,0.0,0.0,0.0,0.0,0.0
5,4556,99556.1,HOLD_OPEN,0.0,0.00694,-0.00694,0.0,0.00678,-0.00678,0.0,0.0,0.0,0.0,0.0,0.0
5,4557,99577.2,HOLD_OPEN,0.0,0.00521,-0.00521,0.0,0.00678,-0.00678,0.0,0.0,0.0,0.0,0.0,0.0
5,4558,99598.4,HOLD_OPEN,0.0,0.00694,-0.00694,0.0,0.00678,-0.00678,0.0,0.0,0.0,0.0,0.0,0.0
5,4559,99618.7,HOLD_OPEN,0.0,0.00694,-0.00694,0.0,0.00678,-0.00678,0.0,0.0,0.0,0.0,0.0,0.0
5,4560,99639.3,HOLD_OPEN,0.0,0.00694,-0.00694,0.0,0.00678,-0.00678,0.0,0.0,0.0,0.0,0.0,0.0
5,4561,99660.5,HOLD_OPEN,0.0,0.00694,-0.00694,0.0,0.00678,-0.00678,0.0,0.0,0.0,0.0,0.0,0.0
5,4562,99680.6,HOLD_OPEN,0.0,0.00694,-0.00694,0.0,0.00678,-0.00678,0.0,0.0,0.0,0.0,0.0,0.0
5,4563,99702.2,HOLD_OPEN,0.0,0.00694,-0.00694,0.0,0.00678,-0.00678,0.0,0.0,0.0,0.0,0.0,0.0
5,4564,99722.8,HOLD_OPEN,0.0,0.00694,-0.00694,0.0,0.00678,-0.00678,0.0,0.0,0.0,0.0,0.0,0.0
5,4565,99743.7,HOLD_OPEN,0.0,0.00694,-0.00694,0.0,0.00678,-0.00678,0.0,0.0,0.0,0.0,0.0,0.0
5,4566,99764.0,HOLD_OPEN,0.0,0.00694,-0.00694,0.0,0.00678,-0.00678,0.0,0.0,0.0,0.0,0.0,0.0
5,4567,99786.2,HOLD_OPEN,0.0,0.00694,-0.00694,0.0,0.00678,-0.00678,0.0,0.0,0.0,0.0,0.0,0.0
5,4568,99805.8,HOLD_OPEN,0.0,0.00694,-0.00694,0.0,0.00508,-0.00508,0.0,0.0,0.0,0.0,0.0,0.0
5,4569,99827.0,HOLD_OPEN,0.0,0.00694,-0.00694,0.0,0.00678,-0.00678,0.0,0.0,0.0,0.0,0.0,0.0
5,4570,99848.1,HOLD_OPEN,0.0,0.00521,-0.00521,0.0,0.00678,-0.00678,0.0,0.0,0.0,0.0,0.0,0.0
5,4571,99868.6,HOLD_OPEN,0.0,0.00694,-0.00694,0.0,0.00678,-0.00678,0.0,0.0,0.0,0.0,0.0,0.0
5,4572,99889.2,HOLD_OPEN,0.0,0.00694,-0.00694,0.0,0.00678,-0.00678,0.0,0.0,0.0,0.0,0.0,0.0
5,4573,99910.5,HOLD_OPEN,0.0,0.00521,-0.00521,0.0,0.00678,-0.00678,0.0,0.0,0.0,0.0,0.0,0.0
5,4574,99930.7,HOLD_OPEN,0.0,0.00694,-0.00694,0.0,0.00508,-0.00508,0.0,0.0,0.0,0.0,0.0,0.0
5,4575,99952.8,HOLD_OPEN,0.0,0.00694,-0.00694,0.0,0.00678,-0.00678,0.0,0.0,0.0,0.0,0.0,0.0
5,4576,99973.7,HOLD_OPEN,0.0,0.00694,-0.00694,0.0,0.00508,-0.00508,0.0,0.0,0.0,0.0,0.0,0.0
5,4577,99993.8,HOLD_OPEN,0.0,0.00694,-0.00694,0.0,0.00678,-0.00678,0.0,0.0,0.0,0.0,0.0,0.0
5,4578,100014.5,HOLD_OPEN,0.0,0.00694,-0.00694,0.0,0.00678,-0.00678,0.0,0.0,0.0,0.0,0.0,0.0
5,4579,100035.3,HOLD_OPEN,0.0,0.00694,-0.00694,0.0,0.00678,-0.00678,0.0,0.0,0.0,0.0,0.0,0.0
5,4580,100055.8,HOLD_OPEN,0.0,0.00694,-0.00694,0.0,0.00678,-0.00678,0.0,0.0,0.0,0.0,0.0,0.0
5,4581,100077.5,HOLD_OPEN,0.0,0.00694,-0.00694,0.0,0.00678,-0.00678,0.0,0.0,0.0,0.0,0.0,0.0
5,4582,100097.6,HOLD_OPEN,0.0,0.00694,-0.00694,0.0,0.00678,-0.00678,0.0,0.0,0.0,0.0,0.0,0.0
5,4583,100118.3,HOLD_OPEN,0.0,0.00694,-0.00694,0.0,0.00678,-0.00678,0.0,0.0,0.0,0.0,0.0,0.0
5,4584,100139.2,HOLD_OPEN,0.0,0.00694,-0.00694,0.0,0.00678,-0.00678,0.0,0.0,0.0,0.0,0.0,0.0
5,4585,100160.1,HOLD_OPEN,0.0,0.00694,-0.00694,0.0,0.00678,-0.00678,0.0,0.0,0.0,0.0,0.0,0.0
5,4586,100181.4,HOLD_OPEN,0.0,0.00694,-0.00694,0.0,0.00678,-0.00678,0.0,0.0,0.0,0.0,0.0,0.0
5,4587,100201.8,HOLD_OPEN,0.0,0.00694,-0.00694,0.0,0.00678,-0.00678,0.0,0.0,0.0,0.0,0.0,0.0
5,4588,100223.0,HOLD_OPEN,0.0,0.00521,-0.00521,0.0,0.00678,-0.00678,0.0,0.0,0.0,0.0,0.0,0.0
5,4589,100243.3,HOLD_OPEN,0.0,0.00694,-0.00694,0.0,0.00678,-0.00678,0.0,0.0,0.0,0.0,0.0,0.0
5,4590,100264.5,HOLD_OPEN,0.0,0.00694,-0.00694,0.0,0.00678,-0.00678,0.0,0.0,0.0,0.0,0.0,0.0
5,4591,100285.2,HOLD_OPEN,0.0,0.00694,-0.00694,0.0,0.00678,-0.00678,0.0,0.0,0.0,0.0,0.0,0.0
5,4592,100306.1,HOLD_OPEN,0.0,0.00694,-0.00694,0.0,0.00508,-0.00508,0.0,0.0,0.0,0.0,0.0,0.0
5,4593,100327.7,HOLD_OPEN,0.0,0.00694,-0.00694,0.0,0.00678,-0.00678,0.0,0.0,0.0,0.0,0.0,0.0
5,4594,100347.4,HOLD_OPEN,0.0,0.00694,-0.00694,0.0,0.00678,-0.00678,0.0,0.0,0.0,0.0,0.0,0.0
5,4595,100368.7,HOLD_OPEN,0.0,0.00694,-0.00694,0.0,0.00678,-0.00678,0.0,0.0,0.0,0.0,0.0,0.0
5,4596,100390.1,HOLD_OPEN,0.0,0.00694,-0.00694,0.0,0.00678,-0.00678,0.0,0.0,0.0,0.0,0.0,0.0
5,4597,100410.1,HOLD_OPEN,0.0,0.00694,-0.00694,0.0,0.00678,-0.00678,0.0,0.0,0.0,0.0,0.0,0.0
5,4598,100432.4,HOLD_OPEN,0.0,0.00694,-0.00694,0.0,0.00678,-0.00678,0.0,0.0,0.0,0.0,0.0,0.0
5,4599,100452.7,HOLD_OPEN,0.0,0.00694,-0.00694,0.0,0.00678,-0.00678,0.0,0.0,0.0,0.0,0.0,0.0
5,4600,100474.4,CLOSE_2,0.005,0.00694,-0.00194,0.005,0.00678,-0.00178,0.005,0.0,0.005,0.005,0.0,0.005
5,4601,100496.6,CLOSE_2,0.01,0.00694,0.00306,0.01,0.00678,0.00322,0.01,0.0,0.01,0.01,0.0,0.01
5,4602,100517.0,CLOSE_2,0.015,0.00694,0.00806,0.015,0.00678,0.00822,0.015,0.0,0.015,0.015,0.0,0.015
5,4603,100536.7,CLOSE_2,0.02,0.00694,0.01306,0.02,0.00678,0.01322,0.02,0.0,0.02,0.02,0.0,0.02
5,4604,100557.7,CLOSE_2,0.025,0.00694,0.01806,0.025,0.00678,0.01822,0.025,0.0,0.025,0.025,0.0,0.025
5,4605,100579.3,CLOSE_2,0.03,0.00694,0.02306,0.03,0.00847,0.02153,0.03,0.0,0.03,0.03,0.0,0.03
5,4606,100599.7,CLOSE_2,0.035,0.00694,0.02806,0.035,0.00678,0.02822,0.035,0.0,0.035,0.035,0.0,0.035
5,4607,100619.7,CLOSE_2,0.04,0.00694,0.03306,0.04,0.01017,0.02983,0.04,0.0,0.04,0.04,0.0,0.04
5,4608,100641.1,CLOSE_2,0.045,0.00521,0.03979,0.045,0.00508,0.03992,0.045,0.0,0.045,0.045,0.0,0.045
5,4609,100662.9,CLOSE_2,0.05,0.00521,0.04479,0.05,0.00678,0.04322,0.05,0.0,0.05,0.05,0.0,0.05
5,4610,100683.1,CLOSE_2,0.055,0.00521,0.04979,0.055,0.01525,0.03975,0.055,0.0,0.055,0.055,0.0,0.055
5,4611,100703.8,CLOSE_2,0.06,0.00694,0.05306,0.06,0.01186,0.04814,0.06,0.0104,0.0496,0.06,0.0,0.06
5,4612,100724.3,CLOSE_2,0.065,0.01042,0.05458,0.065,0.01017,0.05483,0.065,0.0156,0.0494,0.065,0.00192,0.06308
5,4613,100746.0,CLOSE_2,0.07,0.02257,0.04743,0.07,0.00678,0.06322,0.07,0.01733,0.05267,0.07,0.00385,0.06615
5,4614,100766.0,CLOSE_2,0.075,0.02257,0.05243,0.075,0.01186,0.06314,0.075,0.02426,0.05074,0.075,0.01154,0.06346
5,4615,100787.1,CLOSE_2,0.08,0.03125,0.04875,0.08,0.01864,0.06136,0.08,0.0312,0.0488,0.08,0.02308,0.05692
5,4616,100807.9,CLOSE_2,0.085,0.03993,0.04507,0.085,0.02203,0.06297,0.085,0.03813,0.04687,0.085,0.03269,0.05231
5,4617,100828.4,CLOSE_2,0.09,0.04861,0.04139,0.09,0.03051,0.05949,0.09,0.04679,0.04321,0.09,0.04231,0.04769
5,4618,100850.6,CLOSE_2,0.095,0.05903,0.03597,0.095,0.03729,0.05771,0.095,0.05373,0.04127,0.095,0.05,0.045
5,4619,100871.9,CLOSE_2,0.1,0.06771,0.03229,0.1,0.04915,0.05085,0.1,0.06239,0.03761,0.1,0.05962,0.04038
5,4620,100891.5,CLOSE_2,0.105,0.07465,0.03035,0.105,0.05763,0.04737,0.105,0.06932,0.03568,0.105,0.06923,0.03577
5,4621,100912.4,CLOSE_2,0.11,0.0816,0.0284,0.11,0.06441,0.04559,0.11,0.07626,0.03374,0.11,0.08077,0.02923
5,4622,100934.2,CLOSE_2,0.115,0.08854,0.02646,0.115,0.07797,0.03703,0.115,0.08492,0.03008,0.115,0.09038,0.02462
5,4623,100954.2,CLOSE_2,0.12,0.09549,0.02451,0.12,0.08136,0.03864,0.12,0.09185,0.02815,0.12,0.1,0.02
5,4624,100976.1,CLOSE_2,0.125,0.10069,0.02431,0.125,0.09153,0.03347,0.125,0.09879,0.02621,0.125,0.10769,0.01731
5,4625,100996.3,CLOSE_2,0.13,0.1059,0.0241,0.13,0.09831,0.03169,0.13,0.10572,0.02428,0.13,0.11538,0.01462
5,4626,101015.8,CLOSE_2,0.135,0.11111,0.02389,0.135,0.10678,0.02822,0.135,0.11265,0.02235,0.135,0.11923,0.01577
5,4627,101036.8,CLOSE_2,0.14,0.11285,0.02715,0.14,0.11356,0.02644,0.14,0.11785,0.02215,0.14,0.12692,0.01308
5,4628,101057.9,CLOSE_2,0.145,0.11632,0.02868,0.145,0.12203,0.02297,0.145,0.12305,0.02195,0.145,0.13077,0.01423
5,4629,101078.4,CLOSE_2,0.15,0.11806,0.03194,0.15,0.12712,0.02288,0.15,0.12478,0.02522,0.15,0.13462,0.01538
5,4630,101099.2,CLOSE_2,0.155,0.12153,0.03347,0.155,0.1322,0.0228,0.155,0.12825,0.02675,0.155,0.13654,0.01846
5,4631,101120.5,CLOSE_2,0.16,0.12153,0.03847,0.16,0.13559,0.02441,0.16,0.12998,0.03002,0.16,0.13846,0.02154
5,4632,101141.1,CLOSE_2,0.165,0.125,0.04,0.165,0.13898,0.02602,0.165,0.13172,0.03328,0.165,0.14038,0.02462
5,4633,101161.9,CLOSE_2,0.17,0.125,0.045,0.17,0.14237,0.02763,0.17,0.13345,0.03655,0.17,0.14038,0.02962
5,4634,101182.7,CLOSE_2,0.175,0.13715,0.03785,0.175,0.14407,0.03093,0.175,0.13345,0.04155,0.175,0.14038,0.03462
5,4635,101203.5,CLOSE_2,0.18,0.13715,0.04285,0.18,0.14576,0.03424,0.18,0.13518,0.04482,0.18,0.14231,0.03769
5,4636,101224.8,CLOSE_2,0.185,0.13889,0.04611,0.185,0.14576,0.03924,0.185,0.13692,0.04808,0.185,0.14423,0.04077
5,4637,101245.5,CLOSE_2,0.19,0.14757,0.04243,0.19,0.14407,0.04593,0.19,0.14038,0.04962,0.19,0.14615,0.04385
5,4638,101265.9,CLOSE_2,0.195,0.15278,0.04222,0.195,0.14746,0.04754,0.195,0.14211,0.05289,0.195,0.15192,0.04308
5,4639,101286.4,CLOSE_2,0.2,0.15972,0.04028,0.2,0.14915,0.05085,0.2,0.14731,0.05269,0.2,0.15577,0.04423
5,4640,101307.8,CLOSE_2,0.205,0.16493,0.04007,0.205,0.15932,0.04568,0.205,0.15598,0.04902,0.205,0.16538,0.03962
5,4641,101329.6,CLOSE_2,0.21,0.17014,0.03986,0.21,0.14407,0.06593,0.21,0.15945,0.05055,0.21,0.16731,0.04269
5,4642,101350.5,CLOSE_2,0.215,0.17882,0.03618,0.215,0.15763,0.05737,0.215,0.16638,0.04862,0.215,0.175,0.04
5,4643,101370.6,CLOSE_2,0.22,0.18229,0.03771,0.22,0.16271,0.05729,0.22,0.17851,0.04149,0.22,0.18077,0.03923
5,4644,101392.2,CLOSE_2,0.225,0.19097,0.03403,0.225,0.17288,0.05212,0.225,0.18544,0.03956,0.225,0.19038,0.03462
5,4645,101412.9,CLOSE_2,0.23,0.19792,0.03208,0.23,0.17288,0.05712,0.23,0.19064,0.03936,0.23,0.19423,0.03577
5,4646,101432.9,CLOSE_2,0.235,0.20139,0.03361,0.235,0.17966,0.05534,0.235,0.19757,0.03743,0.235,0.20577,0.02923
5,4647,101453.6,CLOSE_2,0.24,0.20486,0.03514,0.24,0.18305,0.05695,0.24,0.20624,0.03376,0.24,0.20962,0.03038
5,4648,101474.8,CLOSE_2,0.245,0.21354,0.03146,0.245,0.18983,0.05517,0.245,0.21317,0.03183,0.245,0.22308,0.02192
5,4649,101495.4,CLOSE_2,0.25,0.21875,0.03125,0.25,0.19492,0.05508,0.25,0.21837,0.03163,0.25,0.23269,0.01731
5,4650,101516.9,CLOSE_2,0.255,0.22396,0.03104,0.255,0.20339,0.05161,0.255,0.22357,0.03143,0.255,0.24231,0.01269
5,4651,101536.3,CLOSE_2,0.26,0.22743,0.03257,0.26,0.20678,0.05322,0.26,0.22877,0.03123,0.26,0.25,0.01
5,4652,101557.6,CLOSE_2,0.265,0.23264,0.03236,0.265,0.21356,0.05144,0.265,0.23397,0.03103,0.265,0.26154,0.00346
5,4653,101579.1,CLOSE_2,0.27,0.23785,0.03215,0.27,0.21864,0.05136,0.27,0.23917,0.03083,0.27,0.26154,0.00846
5,4654,101599.3,CLOSE_2,0.275,0.24132,0.03368,0.275,0.22542,0.04958,0.275,0.24437,0.03063,0.275,0.26538,0.00962
5,4655,101620.4,CLOSE_2,0.28,0.25,0.03,0.28,0.23051,0.04949,0.28,0.24783,0.03217,0.28,0.26923,0.01077
5,4656,101641.4,CLOSE_2,0.285,0.25,0.035,0.285,0.23729,0.04771,0.285,0.2513,0.0337,0.285,0.275,0.01
5,4657,101661.7,CLOSE_2,0.29,0.25694,0.03306,0.29,0.25085,0.03915,0.29,0.25477,0.03523,0.29,0.28077,0.00923
5,4658,101682.8,CLOSE_2,0.295,0.25868,0.03632,0.295,0.25085,0.04415,0.295,0.25997,0.03503,0.295,0.28462,0.01038
5,4659,101704.4,CLOSE_2,0.3,0.26389,0.03611,0.3,0.26102,0.03898,0.3,0.26516,0.03484,0.3,0.28654,0.01346
5,4660,101724.3,CLOSE_2,0.305,0.2691,0.0359,0.305,0.2661,0.0389,0.305,0.26863,0.03637,0.305,0.29423,0.01077
5,4661,101745.4,CLOSE_2,0.31,0.27257,0.03743,0.31,0.27119,0.03881,0.31,0.27383,0.03617,0.31,0.29808,0.01192
5,4662,101766.6,CLOSE_2,0.315,0.27778,0.03722,0.315,0.27458,0.04042,0.315,0.2721,0.0429,0.315,0.30192,0.01308
5,4663,101787.0,CLOSE_2,0.32,0.28472,0.03528,0.32,0.27797,0.04203,0.32,0.2825,0.0375,0.32,0.31346,0.00654
5,4664,101809.4,CLOSE_2,0.325,0.29167,0.03333,0.325,0.28136,0.04364,0.325,0.28596,0.03904,0.325,0.31923,0.00577
5,4665,101829.7,CLOSE_2,0.33,0.29688,0.03313,0.33,0.28644,0.04356,0.33,0.29463,0.03537,0.33,0.32115,0.00885
5,4666,101850.9,CLOSE_2,0.335,0.30208,0.03292,0.335,0.29153,0.04347,0.335,0.29636,0.03864,0.335,0.325,0.01
5,4667,101872.2,CLOSE_2,0.34,0.30729,0.03271,0.34,0.29492,0.04508,0.34,0.30849,0.03151,0.34,0.33077,0.00923
5,4668,101892.5,CLOSE_2,0.345,0.31076,0.03424,0.345,0.30339,0.04161,0.345,0.30676,0.03824,0.345,0.34231,0.00269
5,4669,101912.1,CLOSE_2,0.35,0.31597,0.03403,0.35,0.31186,0.03814,0.35,0.31196,0.03804,0.35,0.35,0.0
5,4670,101933.5,CLOSE_2,0.355,0.31944,0.03556,0.355,0.31186,0.04314,0.355,0.31542,0.03958,0.355,0.35192,0.00308
5,4671,101953.6,CLOSE_2,0.36,0.32639,0.03361,0.36,0.31695,0.04305,0.36,0.31369,0.04631,0.36,0.36538,-0.00538
5,4672,101974.7,CLOSE_2,0.365,0.32465,0.04035,0.365,0.32203,0.04297,0.365,0.31889,0.04611,0.365,0.36346,0.00154
5,4673,101995.6,CLOSE_2,0.37,0.33333,0.03667,0.37,0.32542,0.04458,0.37,0.33276,0.03724,0.37,0.36731,0.00269
5,4674,102015.9,CLOSE_2,0.375,0.33854,0.03646,0.375,0.3339,0.0411,0.375,0.33449,0.04051,0.375,0.37115,0.00385
5,4675,102037.1,CLOSE_2,0.38,0.34375,0.03625,0.38,0.33559,0.04441,0.38,0.34142,0.03858,0.38,0.37885,0.00115
5,4676,102057.5,CLOSE_2,0.385,0.35069,0.03431,0.385,0.33898,0.04602,0.385,0.34489,0.04011,0.385,0.38269,0.00231
5,4677,102078.2,CLOSE_2,0.39,0.3559,0.0341,0.39,0.34915,0.04085,0.39,0.35182,0.03818,0.39,0.38462,0.00538
5,4678,102098.8,CLOSE_2,0.395,0.36285,0.03215,0.395,0.35254,0.04246,0.395,0.35875,0.03625,0.395,0.38846,0.00654
5,4679,102120.5,CLOSE_2,0.4,0.36806,0.03194,0.4,0.35254,0.04746,0.4,0.36568,0.03432,0.4,0.39231,0.00769
5,4680,102141.3,CLOSE_2,0.405,0.37326,0.03174,0.405,0.36271,0.04229,0.405,0.37088,0.03412,0.405,0.40192,0.00308
5,4681,102161.9,CLOSE_2,0.41,0.38021,0.02979,0.41,0.3678,0.0422,0.41,0.37955,0.03045,0.41,0.40769,0.00231
5,4682,102183.0,CLOSE_2,0.415,0.39062,0.02438,0.415,0.37288,0.04212,0.415,0.38648,0.02852,0.415,0.41538,-0.00038
5,4683,102204.0,CLOSE_2,0.42,0.39062,0.02938,0.42,0.37627,0.04373,0.42,0.39341,0.02659,0.42,0.41923,0.00077
5,4684,102225.6,CLOSE_2,0.425,0.39757,0.02743,0.425,0.38136,0.04364,0.425,0.39861,0.02639,0.425,0.42692,-0.00192
5,4685,102245.5,CLOSE_2,0.43,0.40104,0.02896,0.43,0.38644,0.04356,0.43,0.40381,0.02619,0.43,0.43269,-0.00269
5,4686,102266.8,CLOSE_2,0.435,0.40625,0.02875,0.435,0.39153,0.04347,0.435,0.40901,0.02599,0.435,0.43846,-0.00346
5,4687,102287.8,CLOSE_2,0.44,0.41146,0.02854,0.44,0.39661,0.04339,0.44,0.41248,0.02752,0.44,0.44423,-0.00423
5,4688,102309.6,CLOSE_2,0.445,0.41667,0.02833,0.445,0.4,0.045,0.445,0.41941,0.02559,0.445,0.45192,-0.00692
5,4689,102329.2,CLOSE_2,0.45,0.42014,0.02986,0.45,0.40508,0.04492,0.45,0.42288,0.02712,0.45,0.45577,-0.00577
5,4690,102349.9,CLOSE_2,0.455,0.42535,0.02965,0.455,0.41017,0.04483,0.455,0.42808,0.02692,0.455,0.46346,-0.00846
5,4691,102371.5,CLOSE_2,0.46,0.43056,0.02944,0.46,0.41356,0.04644,0.46,0.43154,0.02846,0.46,0.47115,-0.01115
5,4692,102391.8,CLOSE_2,0.465,0.43403,0.03097,0.465,0.41864,0.04636,0.465,0.44021,0.02479,0.465,0.475,-0.01
5,4693,102412.2,CLOSE_2,0.47,0.43924,0.03076,0.47,0.42203,0.04797,0.47,0.43847,0.03153,0.47,0.47885,-0.00885
5,4694,102433.1,CLOSE_2,0.475,0.44271,0.03229,0.475,0.42712,0.04788,0.475,0.44367,0.03133,0.475,0.48462,-0.00962
5,4695,102453.7,CLOSE_2,0.48,0.44792,0.03208,0.48,0.4322,0.0478,0.48,0.44541,0.03459,0.48,0.49038,-0.01038
5,4696,102474.4,CLOSE_2,0.485,0.45486,0.03014,0.485,0.44576,0.03924,0.485,0.44887,0.03613,0.485,0.49808,-0.01308
5,4697,102495.6,CLOSE_2,0.49,0.46181,0.02819,0.49,0.45085,0.03915,0.49,0.45234,0.03766,0.49,0.50192,-0.01192
5,4698,102515.9,CLOSE_2,0.495,0.46701,0.02799,0.495,0.45254,0.04246,0.495,0.45754,0.03746,0.495,0.50769,-0.01269
5,4699,102536.4,CLOSE_2,0.5,0.46875,0.03125,0.5,0.45593,0.04407,0.5,0.46274,0.03726,0.5,0.51538,-0.01538
5,4700,102557.9,CLOSE_2,0.505,0.47396,0.03104,0.5,0.46102,0.03898,0.505,0.47487,0.03013,0.5,0.51923,-0.01923
5,4701,102578.7,CLOSE_2,0.51,0.47917,0.03083,0.5,0.4678,0.0322,0.51,0.46967,0.04033,0.5,0.525,-0.025
5,4702,102599.7,CLOSE_2,0.515,0.48264,0.03236,0.5,0.47288,0.02712,0.515,0.47487,0.04013,0.5,0.53077,-0.03077
5,4703,102620.1,CLOSE_2,0.52,0.48611,0.03389,0.5,0.47797,0.02203,0.52,0.4766,0.0434,0.5,0.53462,-0.03462
5,4704,102641.6,CLOSE_2,0.525,0.49653,0.02847,0.5,0.48305,0.01695,0.525,0.48527,0.03973,0.5,0.54038,-0.04038
5,4705,102662.2,CLOSE_2,0.53,0.50868,0.02132,0.5,0.48814,0.01186,0.53,0.49393,0.03607,0.5,0.54423,-0.04423
5,4706,102682.6,CLOSE_2,0.535,0.51215,0.02285,0.5,0.49322,0.00678,0.535,0.50953,0.02547,0.5,0.54808,-0.04808
5,4707,102703.9,CLOSE_2,0.54,0.5191,0.0209,0.5,0.49831,0.00169,0.54,0.51473,0.02527,0.5,0.55,-0.05
5,4708,102726.2,CLOSE_2,0.545,0.52951,0.01549,0.5,0.50339,-0.00339,0.545,0.5234,0.0216,0.5,0.55192,-0.05192
5,4709,102746.1,CLOSE_2,0.55,0.53125,0.01875,0.5,0.50678,-0.00678,0.55,0.52686,0.02314,0.5,0.55577,-0.05577
5,4710,102767.1,CLOSE_2,0.555,0.53472,0.02028,0.5,0.50678,-0.00678,0.555,0.53206,0.02294,0.5,0.55769,-0.05769
5,4711,102787.9,CLOSE_2,0.56,0.53646,0.02354,0.5,0.50678,-0.00678,0.56,0.53553,0.02447,0.5,0.55769,-0.05769
5,4712,102809.6,CLOSE_2,0.565,0.53819,0.02681,0.5,0.50847,-0.00847,0.565,0.53726,0.02774,0.5,0.55962,-0.05962
5,4713,102829.0,CLOSE_2,0.57,0.54167,0.02833,0.5,0.50847,-0.00847,0.57,0.54246,0.02754,0.5,0.55769,-0.05769
5,4714,102849.9,CLOSE_2,0.575,0.5434,0.0316,0.5,0.50678,-0.00678,0.575,0.54593,0.02907,0.5,0.55769,-0.05769
5,4715,102871.5,CLOSE_2,0.58,0.54688,0.03313,0.5,0.50847,-0.00847,0.58,0.54766,0.03234,0.5,0.55962,-0.05962
5,4716,102891.5,CLOSE_2,0.585,0.55208,0.03292,0.5,0.50678,-0.00678,0.585,0.55633,0.02867,0.5,0.55769,-0.05769
5,4717,102912.6,CLOSE_2,0.59,0.55556,0.03444,0.5,0.50847,-0.00847,0.59,0.56846,0.02154,0.5,0.55385,-0.05385
5,4718,102932.0,CLOSE_2,0.595,0.56076,0.03424,0.5,0.50847,-0.00847,0.595,0.56153,0.03347,0.5,0.55769,-0.05769
5,4719,102951.7,CLOSE_2,0.6,0.56424,0.03576,0.5,0.50678,-0.00678,0.6,0.56153,0.03847,0.5,0.55769,-0.05769
5,4720,102972.5,CLOSE_2,0.605,0.57292,0.03208,0.5,0.51017,-0.01017,0.605,0.56672,0.03828,0.5,0.55769,-0.05769
5,4721,102993.1,CLOSE_2,0.61,0.57639,0.03361,0.5,0.50678,-0.00678,0.61,0.57019,0.03981,0.5,0.55769,-0.05769
5,4722,103013.8,CLOSE_2,0.615,0.57986,0.03514,0.5,0.50678,-0.00678,0.615,0.57366,0.04134,0.5,0.55769,-0.05769
5,4723,103034.8,CLOSE_2,0.62,0.58507,0.03493,0.5,0.50678,-0.00678,0.62,0.57886,0.04114,0.5,0.55769,-0.05769
5,4724,103055.9,CLOSE_2,0.625,0.59028,0.03472,0.5,0.50847,-0.00847,0.625,0.58406,0.04094,0.5,0.55769,-0.05769
5,4725,103076.6,CLOSE_2,0.63,0.59549,0.03451,0.5,0.50169,-0.00169,0.63,0.59099,0.03901,0.5,0.55769,-0.05769
5,4726,103096.9,CLOSE_2,0.635,0.60243,0.03257,0.5,0.51695,-0.01695,0.635,0.59792,0.03708,0.5,0.55769,-0.05769
5,4727,103118.5,CLOSE_2,0.64,0.6059,0.0341,0.5,0.50847,-0.00847,0.64,0.60312,0.03688,0.5,0.55769,-0.05769
5,4728,103138.9,CLOSE_2,0.645,0.61632,0.02868,0.5,0.50678,-0.00678,0.645,0.61005,0.03495,0.5,0.55769,-0.05769
5,4729,103161.4,CLOSE_2,0.65,0.625,0.025,0.5,0.50847,-0.00847,0.65,0.62045,0.02955,0.5,0.55769,-0.05769
5,4730,103181.9,CLOSE_2,0.655,0.62326,0.03174,0.5,0.50847,-0.00847,0.655,0.62218,0.03282,0.5,0.55769,-0.05769
5,4731,103203.1,CLOSE_2,0.66,0.63021,0.02979,0.5,0.51186,-0.01186,0.66,0.62738,0.03262,0.5,0.55769,-0.05769
5,4732,103224.9,CLOSE_2,0.665,0.64062,0.02438,0.5,0.51356,-0.01356,0.665,0.63432,0.03068,0.5,0.55769,-0.05769
5,4733,103243.1,CLOSE_2,0.67,0.6441,0.0259,0.5,0.50847,-0.00847,0.67,0.63951,0.03049,0.5,0.55769,-0.05769
5,4734,103265.3,CLOSE_2,0.675,0.65104,0.02396,0.5,0.50508,-0.00508,0.675,0.64298,0.03202,0.5,0.55769,-0.05769
5,4735,103285.8,CLOSE_2,0.68,0.65104,0.02896,0.5,0.49322,0.00678,0.68,0.65511,0.02489,0.5,0.55962,-0.05962
5,4736,103308.1,CLOSE_2,0.685,0.66146,0.02354,0.5,0.49153,0.00847,0.685,0.65511,0.02989,0.5,0.56154,-0.06154
5,4737,103329.2,CLOSE_2,0.69,0.66146,0.02854,0.5,0.48983,0.01017,0.69,0.66031,0.02969,0.5,0.55962,-0.05962
5,4738,103350.4,CLOSE_2,0.695,0.6684,0.0266,0.5,0.48814,0.01186,0.695,0.66551,0.02949,0.5,0.55962,-0.05962
5,4739,103370.4,CLOSE_2,0.7,0.67188,0.02813,0.5,0.48983,0.01017,0.7,0.67591,0.02409,0.5,0.55769,-0.05769
5,4740,103391.3,CLOSE_2,0.705,0.67708,0.02792,0.5,0.48814,0.01186,0.705,0.67591,0.02909,0.5,0.55769,-0.05769
5,4741,103411.9,CLOSE_2,0.71,0.68056,0.02944,0.5,0.48644,0.01356,0.71,0.67938,0.03062,0.5,0.55769,-0.05769
5,4742,103432.1,CLOSE_2,0.715,0.6875,0.0275,0.5,0.48305,0.01695,0.715,0.68284,0.03216,0.5,0.55769,-0.05769
5,4743,103453.8,CLOSE_2,0.72,0.70139,0.01861,0.5,0.48814,0.01186,0.72,0.68977,0.03023,0.5,0.55769,-0.05769
5,4744,103474.7,CLOSE_2,0.725,0.69792,0.02708,0.5,0.48983,0.01017,0.725,0.69324,0.03176,0.5,0.55962,-0.05962
5,4745,103495.3,CLOSE_2,0.73,0.69965,0.03035,0.5,0.48814,0.01186,0.73,0.69671,0.03329,0.5,0.55769,-0.05769
5,4746,103516.0,CLOSE_2,0.735,0.70486,0.03014,0.5,0.48814,0.01186,0.735,0.70017,0.03483,0.5,0.55769,-0.05769
5,4747,103536.7,CLOSE_2,0.74,0.70833,0.03167,0.5,0.48814,0.01186,0.74,0.70537,0.03463,0.5,0.55962,-0.05962
5,4748,103558.4,CLOSE_2,0.745,0.71528,0.02972,0.5,0.48983,0.01017,0.745,0.70884,0.03616,0.5,0.55962,-0.05962
5,4749,103578.7,CLOSE_2,0.75,0.71701,0.03299,0.5,0.49322,0.00678,0.75,0.71577,0.03423,0.5,0.55962,-0.05962
5,4750,103600.2,CLOSE_2,0.755,0.72222,0.03278,0.5,0.49831,0.00169,0.755,0.72444,0.03056,0.5,0.55769,-0.05769
5,4751,103621.7,CLOSE_2,0.76,0.73611,0.02389,0.5,0.50508,-0.00508,0.76,0.7279,0.0321,0.5,0.55962,-0.05962
5,4752,103641.1,CLOSE_2,0.765,0.73611,0.02889,0.5,0.50339,-0.00339,0.765,0.73657,0.02843,0.5,0.55962,-0.05962
5,4753,103662.2,CLOSE_2,0.77,0.73785,0.03215,0.5,0.50508,-0.00508,0.77,0.73657,0.03343,0.5,0.55769,-0.05769
5,4754,103683.4,CLOSE_2,0.775,0.74306,0.03194,0.5,0.50678,-0.00678,0.775,0.7435,0.0315,0.5,0.55769,-0.05769
5,4755,103704.5,CLOSE_2,0.78,0.74653,0.03347,0.5,0.50678,-0.00678,0.78,0.7487,0.0313,0.5,0.55962,-0.05962
5,4756,103726.3,CLOSE_2,0.785,0.75174,0.03326,0.5,0.50678,-0.00678,0.785,0.75563,0.02937,0.5,0.55769,-0.05769
5,4757,103745.7,CLOSE_2,0.79,0.76562,0.02438,0.5,0.50678,-0.00678,0.79,0.7591,0.0309,0.5,0.55962,-0.05962
5,4758,103767.4,CLOSE_2,0.795,0.75868,0.03632,0.5,0.50508,-0.00508,0.795,0.7695,0.0255,0.5,0.55769,-0.05769
5,4759,103788.3,CLOSE_2,0.8,0.7691,0.0309,0.5,0.50508,-0.00508,0.8,0.7695,0.0305,0.5,0.55769,-0.05769
5,4760,103809.0,CLOSE_2,0.805,0.77431,0.03069,0.5,0.50508,-0.00508,0.805,0.7747,0.0303,0.5,0.55769,-0.05769
5,4761,103829.6,CLOSE_2,0.81,0.77951,0.03049,0.5,0.51017,-0.01017,0.81,0.78683,0.02317,0.5,0.55962,-0.05962
5,4762,103849.2,CLOSE_2,0.815,0.78299,0.03201,0.5,0.50678,-0.00678,0.815,0.7851,0.0299,0.5,0.55769,-0.05769
5,4763,103870.7,CLOSE_2,0.82,0.79167,0.02833,0.5,0.50678,-0.00678,0.82,0.79549,0.02451,0.5,0.55769,-0.05769
5,4764,103891.2,CLOSE_2,0.825,0.79688,0.02813,0.5,0.50678,-0.00678,0.825,0.79723,0.02777,0.5,0.55769,-0.05769
5,4765,103912.1,CLOSE_2,0.83,0.80035,0.02965,0.5,0.50678,-0.00678,0.83,0.79896,0.03104,0.5,0.55769,-0.05769
5,4766,103932.8,CLOSE_2,0.835,0.81076,0.02424,0.5,0.50508,-0.00508,0.835,0.80416,0.03084,0.5,0.55577,-0.05577
5,4767,103953.6,CLOSE_2,0.84,0.8125,0.0275,0.5,0.50678,-0.00678,0.84,0.80936,0.03064,0.5,0.55769,-0.05769
5,4768,103974.2,CLOSE_2,0.845,0.81771,0.02729,0.5,0.50508,-0.00508,0.845,0.81802,0.02698,0.5,0.55962,-0.05962
5,4769,103995.3,CLOSE_2,0.85,0.81944,0.03056,0.5,0.50678,-0.00678,0.85,0.81802,0.03198,0.5,0.55769,-0.05769
5,4770,104015.7,CLOSE_2,0.855,0.82292,0.03208,0.5,0.50678,-0.00678,0.855,0.82322,0.03178,0.5,0.55769,-0.05769
5,4771,104037.1,CLOSE_2,0.86,0.82986,0.03014,0.5,0.50508,-0.00508,0.86,0.82842,0.03158,0.5,0.55769,-0.05769
5,4772,104058.1,CLOSE_2,0.865,0.83333,0.03167,0.5,0.50678,-0.00678,0.865,0.83536,0.02964,0.5,0.55962,-0.05962
5,4773,104078.0,CLOSE_2,0.87,0.84201,0.02799,0.5,0.50678,-0.00678,0.87,0.83882,0.03118,0.5,0.55962,-0.05962
5,4774,104099.4,CLOSE_2,0.875,0.85069,0.02431,0.5,0.50847,-0.00847,0.875,0.84749,0.02751,0.5,0.55962,-0.05962
5,4775,104120.5,CLOSE_2,0.88,0.84722,0.03278,0.5,0.50508,-0.00508,0.88,0.85269,0.02731,0.5,0.55769,-0.05769
5,4776,104141.3,CLOSE_2,0.885,0.85938,0.02563,0.5,0.50678,-0.00678,0.885,0.85615,0.02885,0.5,0.55962,-0.05962
5,4777,104163.7,CLOSE_2,0.89,0.86632,0.02368,0.5,0.50678,-0.00678,0.89,0.86308,0.02692,0.5,0.55769,-0.05769
5,4778,104183.5,CLOSE_2,0.895,0.86285,0.03215,0.5,0.50508,-0.00508,0.895,0.86828,0.02672,0.5,0.56154,-0.06154
5,4779,104204.6,CLOSE_2,0.9,0.86632,0.03368,0.5,0.50678,-0.00678,0.9,0.87175,0.02825,0.5,0.55769,-0.05769
5,4780,104225.6,CLOSE_2,0.905,0.87847,0.02653,0.5,0.50678,-0.00678,0.905,0.87522,0.02978,0.5,0.55962,-0.05962
5,4781,104246.7,CLOSE_2,0.91,0.87847,0.03153,0.5,0.50678,-0.00678,0.91,0.88042,0.02958,0.5,0.55962,-0.05962
5,4782,104266.8,CLOSE_2,0.915,0.88194,0.03306,0.5,0.50678,-0.00678,0.915,0.88388,0.03112,0.5,0.55962,-0.05962
5,4783,104286.7,CLOSE_2,0.92,0.89236,0.02764,0.5,0.50508,-0.00508,0.92,0.88908,0.03092,0.5,0.55962,-0.05962
5,4784,104308.2,CLOSE_2,0.925,0.89236,0.03264,0.5,0.50508,-0.00508,0.925,0.89428,0.03072,0.5,0.55962,-0.05962
5,4785,104328.5,CLOSE_2,0.93,0.89757,0.03243,0.5,0.50508,-0.00508,0.93,0.89601,0.03399,0.5,0.55962,-0.05962
5,4786,104350.1,CLOSE_2,0.935,0.90104,0.03396,0.5,0.50678,-0.00678,0.935,0.90121,0.03379,0.5,0.55769,-0.05769
5,4787,104370.5,CLOSE_2,0.94,0.90625,0.03375,0.5,0.50678,-0.00678,0.94,0.90641,0.03359,0.5,0.55962,-0.05962
5,4788,104391.4,CLOSE_2,0.945,0.90972,0.03528,0.5,0.50678,-0.00678,0.945,0.91681,0.02819,0.5,0.55962,-0.05962
5,4789,104411.6,CLOSE_2,0.95,0.91319,0.03681,0.5,0.50678,-0.00678,0.95,0.92374,0.02626,0.5,0.55962,-0.05962
5,4790,104432.8,CLOSE_2,0.955,0.92535,0.02965,0.5,0.50678,-0.00678,0.955,0.92894,0.02606,0.5,0.55962,-0.05962
5,4791,104453.4,CLOSE_2,0.96,0.93056,0.02944,0.5,0.50678,-0.00678,0.96,0.92721,0.03279,0.5,0.56346,-0.06346
5,4792,104474.3,CLOSE_2,0.965,0.92882,0.03618,0.5,0.50508,-0.00508,0.965,0.93241,0.03259,0.5,0.55962,-0.05962
5,4793,104495.2,CLOSE_2,0.97,0.93403,0.03597,0.5,0.50508,-0.00508,0.97,0.94107,0.02893,0.5,0.55962,-0.05962
5,4794,104516.3,CLOSE_2,0.975,0.94618,0.02882,0.5,0.50678,-0.00678,0.975,0.94974,0.02526,0.5,0.56346,-0.06346
5,4795,104537.0,CLOSE_2,0.98,0.95139,0.02861,0.5,0.50508,-0.00508,0.98,0.95494,0.02506,0.5,0.55769,-0.05769
5,4796,104557.7,CLOSE_2,0.985,0.95139,0.03361,0.5,0.50678,-0.00678,0.985,0.95841,0.02659,0.5,0.56346,-0.06346
5,4797,104578.3,CLOSE_2,0.99,0.9566,0.0334,0.5,0.50508,-0.00508,0.99,0.96187,0.02813,0.5,0.55962,-0.05962
5,4798,104600.0,CLOSE_2,0.995,0.95833,0.03667,0.5,0.50508,-0.00508,0.995,0.96707,0.02793,0.5,0.55769,-0.05769
5,4799,104620.4,CLOSE_2,1.0,0.96354,0.03646,0.5,0.50508,-0.00508,1.0,0.97227,0.02773,0.5,0.55962,-0.05962
5,4800,104627.3,HOLD_2,1.0,0.96354,0.03646,0.5,0.50678,-0.00678,1.0,0.97227,0.02773,0.5,0.55962,-0.05962
5,4801,104649.4,HOLD_2,1.0,0.96875,0.03125,0.5,0.50678,-0.00678,1.0,0.97747,0.02253,0.5,0.55962,-0.05962
5,4802,104669.6,HOLD_2,1.0,0.97049,0.02951,0.5,0.50678,-0.00678,1.0,0.98267,0.01733,0.5,0.56346,-0.06346
5,4803,104690.7,HOLD_2,1.0,0.97222,0.02778,0.5,0.50678,-0.00678,1.0,0.98267,0.01733,0.5,0.55769,-0.05769
5,4804,104711.7,HOLD_2,1.0,0.97569,0.02431,0.5,0.50678,-0.00678,1.0,0.9844,0.0156,0.5,0.55962,-0.05962
5,4805,104732.5,HOLD_2,1.0,0.9809,0.0191,0.5,0.50508,-0.00508,1.0,0.9844,0.0156,0.5,0.55962,-0.05962
5,4806,104753.4,HOLD_2,1.0,0.97569,0.02431,0.5,0.50678,-0.00678,1.0,0.98614,0.01386,0.5,0.56154,-0.06154
5,4807,104774.3,HOLD_2,1.0,0.97569,0.02431,0.5,0.50678,-0.00678,1.0,0.98787,0.01213,0.5,0.55962,-0.05962
5,4808,104794.7,HOLD_2,1.0,0.97569,0.02431,0.5,0.50678,-0.00678,1.0,0.98614,0.01386,0.5,0.55962,-0.05962
5,4809,104815.2,HOLD_2,1.0,0.97396,0.02604,0.5,0.50678,-0.00678,1.0,0.9844,0.0156,0.5,0.55769,-0.05769
5,4810,104836.5,HOLD_2,1.0,0.97396,0.02604,0.5,0.50678,-0.00678,1.0,0.9844,0.0156,0.5,0.55962,-0.05962
5,4811,104857.6,HOLD_2,1.0,0.97569,0.02431,0.5,0.50678,-0.00678,1.0,0.98787,0.01213,0.5,0.56154,-0.06154
5,4812,104878.2,HOLD_2,1.0,0.97396,0.02604,0.5,0.50508,-0.00508,1.0,0.98614,0.01386,0.5,0.55962,-0.05962
5,4813,104899.3,HOLD_2,1.0,0.97569,0.02431,0.5,0.50847,-0.00847,1.0,0.99307,0.00693,0.5,0.55962,-0.05962
5,4814,104921.1,HOLD_2,1.0,0.97569,0.02431,0.5,0.50678,-0.00678,1.0,0.98614,0.01386,0.5,0.55769,-0.05769
5,4815,104941.5,HOLD_2,1.0,0.97743,0.02257,0.5,0.50339,-0.00339,1.0,0.99307,0.00693,0.5,0.55962,-0.05962
5,4816,104962.7,HOLD_2,1.0,0.97396,0.02604,0.5,0.50678,-0.00678,1.0,0.98614,0.01386,0.5,0.55962,-0.05962
5,4817,104982.9,HOLD_2,1.0,0.9809,0.0191,0.5,0.50508,-0.00508,1.0,0.9844,0.0156,0.5,0.56154,-0.06154
5,4818,105003.9,HOLD_2,1.0,0.97569,0.02431,0.5,0.50678,-0.00678,1.0,0.99307,0.00693,0.5,0.55769,-0.05769
5,4819,105024.6,HOLD_2,1.0,0.96701,0.03299,0.5,0.50678,-0.00678,1.0,0.98614,0.01386,0.5,0.55769,-0.05769
5,4820,105045.6,HOLD_2,1.0,0.97396,0.02604,0.5,0.50678,-0.00678,1.0,0.9948,0.0052,0.5,0.55962,-0.05962
5,4821,105065.6,HOLD_2,1.0,0.97743,0.02257,0.5,0.50678,-0.00678,1.0,0.98614,0.01386,0.5,0.55962,-0.05962
5,4822,105087.2,HOLD_2,1.0,0.97569,0.02431,0.5,0.50847,-0.00847,1.0,0.98267,0.01733,0.5,0.55769,-0.05769
5,4823,105107.1,HOLD_2,1.0,0.97917,0.02083,0.5,0.50678,-0.00678,1.0,0.98787,0.01213,0.5,0.55769,-0.05769
5,4824,105128.5,HOLD_2,1.0,0.9809,0.0191,0.5,0.50847,-0.00847,1.0,0.98614,0.01386,0.5,0.55962,-0.05962
5,4825,105149.0,HOLD_2,1.0,0.98264,0.01736,0.5,0.50508,-0.00508,1.0,0.98614,0.01386,0.5,0.55769,-0.05769
5,4826,105169.8,HOLD_2,1.0,0.98611,0.01389,0.5,0.50508,-0.00508,1.0,0.98614,0.01386,0.5,0.55962,-0.05962
5,4827,105191.1,HOLD_2,1.0,0.98611,0.01389,0.5,0.50847,-0.00847,1.0,0.99827,0.00173,0.5,0.55962,-0.05962
5,4828,105211.5,HOLD_2,1.0,0.99653,0.00347,0.5,0.50678,-0.00678,1.0,0.99307,0.00693,0.5,0.55962,-0.05962
5,4829,105233.1,HOLD_2,1.0,0.99132,0.00868,0.5,0.50678,-0.00678,1.0,0.99307,0.00693,0.5,0.55769,-0.05769
5,4830,105250.7,HOLD_2,1.0,1.0,0.0,0.5,0.50678,-0.00678,1.0,0.9948,0.0052,0.5,0.55962,-0.05962
5,4831,105272.9,HOLD_2,1.0,0.99479,0.00521,0.5,0.50678,-0.00678,1.0,0.99653,0.00347,0.5,0.55962,-0.05962
5,4832,105293.9,HOLD_2,1.0,0.99479,0.00521,0.5,0.50678,-0.00678,1.0,0.99307,0.00693,0.5,0.55962,-0.05962
5,4833,105315.8,HOLD_2,1.0,0.99306,0.00694,0.5,0.50678,-0.00678,1.0,0.9948,0.0052,0.5,0.55962,-0.05962
5,4834,105336.8,HOLD_2,1.0,0.99306,0.00694,0.5,0.50678,-0.00678,1.0,0.9948,0.0052,0.5,0.55769,-0.05769
5,4835,105357.4,HOLD_2,1.0,0.99306,0.00694,0.5,0.50678,-0.00678,1.0,0.9948,0.0052,0.5,0.55962,-0.05962
5,4836,105379.4,HOLD_2,1.0,0.99306,0.00694,0.5,0.50508,-0.00508,1.0,0.99307,0.00693,0.5,0.55962,-0.05962
5,4837,105400.7,HOLD_2,1.0,0.99479,0.00521,0.5,0.50678,-0.00678,1.0,0.99653,0.00347,0.5,0.55962,-0.05962
5,4838,105419.9,HOLD_2,1.0,0.99479,0.00521,0.5,0.50678,-0.00678,1.0,0.9948,0.0052,0.5,0.55962,-0.05962
5,4839,105442.1,HOLD_2,1.0,0.99306,0.00694,0.5,0.50508,-0.00508,1.0,0.9948,0.0052,0.5,0.55962,-0.05962
5,4840,105461.7,HOLD_2,1.0,0.99306,0.00694,0.5,0.50678,-0.00678,1.0,0.9948,0.0052,0.5,0.55962,-0.05962
5,4841,105482.8,HOLD_2,1.0,0.99306,0.00694,0.5,0.50678,-0.00678,1.0,0.99307,0.00693,0.5,0.55962,-0.05962
5,4842,105503.4,HOLD_2,1.0,0.99306,0.00694,0.5,0.50678,-0.00678,1.0,0.99307,0.00693,0.5,0.55962,-0.05962
5,4843,105524.7,HOLD_2,1.0,0.99306,0.00694,0.5,0.50847,-0.00847,1.0,0.99653,0.00347,0.5,0.55962,-0.05962
5,4844,105544.4,HOLD_2,1.0,0.99306,0.00694,0.5,0.50678,-0.00678,1.0,0.9948,0.0052,0.5,0.55962,-0.05962
5,4845,105566.2,HOLD_2,1.0,0.99306,0.00694,0.5,0.50678,-0.00678,1.0,0.9948,0.0052,0.5,0.55769,-0.05769
5,4846,105586.4,HOLD_2,1.0,0.99479,0.00521,0.5,0.50678,-0.00678,1.0,0.9948,0.0052,0.5,0.55769,-0.05769
5,4847,105607.4,HOLD_2,1.0,0.99479,0.00521,0.5,0.50678,-0.00678,1.0,0.99653,0.00347,0.5,0.55769,-0.05769
5,4848,105628.7,HOLD_2,1.0,0.99479,0.00521,0.5,0.50678,-0.00678,1.0,0.9948,0.0052,0.5,0.55962,-0.05962
5,4849,105649.5,HOLD_2,1.0,0.99479,0.00521,0.5,0.50678,-0.00678,1.0,0.99307,0.00693,0.5,0.55769,-0.05769
5,4850,105670.0,HOLD_2,1.0,0.99479,0.00521,0.5,0.50678,-0.00678,1.0,0.9948,0.0052,0.5,0.55962,-0.05962
5,4851,105690.6,HOLD_2,1.0,0.99306,0.00694,0.5,0.50678,-0.00678,1.0,0.99653,0.00347,0.5,0.55769,-0.05769
5,4852,105711.7,HOLD_2,1.0,0.99306,0.00694,0.5,0.50678,-0.00678,1.0,0.9948,0.0052,0.5,0.55962,-0.05962
5,4853,105732.4,HOLD_2,1.0,0.99479,0.00521,0.5,0.50678,-0.00678,1.0,0.9948,0.0052,0.5,0.55769,-0.05769
5,4854,105753.6,HOLD_2,1.0,0.99306,0.00694,0.5,0.50508,-0.00508,1.0,0.99307,0.00693,0.5,0.55769,-0.05769
5,4855,105774.0,HOLD_2,1.0,0.99479,0.00521,0.5,0.50678,-0.00678,1.0,0.99307,0.00693,0.5,0.55962,-0.05962
5,4856,105794.8,HOLD_2,1.0,0.99479,0.00521,0.5,0.50508,-0.00508,1.0,0.99307,0.00693,0.5,0.56346,-0.06346
5,4857,105816.5,HOLD_2,1.0,0.99306,0.00694,0.5,0.50678,-0.00678,1.0,0.9948,0.0052,0.5,0.56154,-0.06154
5,4858,105837.2,HOLD_2,1.0,0.99306,0.00694,0.5,0.50678,-0.00678,1.0,0.99307,0.00693,0.5,0.55769,-0.05769
5,4859,105858.2,HOLD_2,1.0,0.99306,0.00694,0.5,0.50508,-0.00508,1.0,0.99653,0.00347,0.5,0.55769,-0.05769
6,4860,106683.4,SETTLE,0.0,0.58681,-0.58681,0.0,0.13898,-0.13898,0.0,0.57712,-0.57712,0.0,0.13462,-0.13462
6,4861,106704.5,SETTLE,0.0,0.57465,-0.57465,0.0,0.12542,-0.12542,0.0,0.56153,-0.56153,0.0,0.12115,-0.12115
6,4862,106724.9,SETTLE,0.0,0.56076,-0.56076,0.0,0.11525,-0.11525,0.0,0.55286,-0.55286,0.0,0.11154,-0.11154
6,4863,106746.4,SETTLE,0.0,0.55035,-0.55035,0.0,0.10339,-0.10339,0.0,0.53899,-0.53899,0.0,0.09423,-0.09423
6,4864,106766.2,SETTLE,0.0,0.53819,-0.53819,0.0,0.09322,-0.09322,0.0,0.5286,-0.5286,0.0,0.08077,-0.08077
6,4865,106787.0,SETTLE,0.0,0.52257,-0.52257,0.0,0.08136,-0.08136,0.0,0.51646,-0.51646,0.0,0.06923,-0.06923
6,4866,106807.3,SETTLE,0.0,0.50347,-0.50347,0.0,0.07458,-0.07458,0.0,0.49047,-0.49047,0.0,0.05769,-0.05769
6,4867,106828.5,SETTLE,0.0,0.48611,-0.48611,0.0,0.06441,-0.06441,0.0,0.4766,-0.4766,0.0,0.04808,-0.04808
6,4868,106849.9,SETTLE,0.0,0.47049,-0.47049,0.0,0.05593,-0.05593,0.0,0.46447,-0.46447,0.0,0.03269,-0.03269
6,4869,106870.6,SETTLE,0.0,0.46007,-0.46007,0.0,0.04068,-0.04068,0.0,0.45407,-0.45407,0.0,0.02115,-0.02115
6,4870,106891.5,SETTLE,0.0,0.44792,-0.44792,0.0,0.0322,-0.0322,0.0,0.44021,-0.44021,0.0,0.00962,-0.00962
6,4871,106912.0,SETTLE,0.0,0.4375,-0.4375,0.0,0.02203,-0.02203,0.0,0.42808,-0.42808,0.0,0.0,0.0
6,4872,106933.2,SETTLE,0.0,0.42361,-0.42361,0.0,0.01356,-0.01356,0.0,0.41421,-0.41421,0.0,0.0,0.0
6,4873,106954.0,SETTLE,0.0,0.41146,-0.41146,0.0,0.00847,-0.00847,0.0,0.40208,-0.40208,0.0,0.0,0.0
6,4874,106975.6,SETTLE,0.0,0.39931,-0.39931,0.0,0.0,0.0,0.0,0.38648,-0.38648,0.0,0.0,0.0
6,4875,106995.7,SETTLE,0.0,0.38715,-0.38715,0.0,0.0,0.0,0.0,0.37435,-0.37435,0.0,0.0,0.0
6,4876,107016.0,SETTLE,0.0,0.375,-0.375,0.0,0.0,0.0,0.0,0.36395,-0.36395,0.0,0.0,0.0
6,4877,107037.6,SETTLE,0.0,0.36285,-0.36285,0.0,0.0,0.0,0.0,0.35009,-0.35009,0.0,0.0,0.0
6,4878,107058.9,SETTLE,0.0,0.34896,-0.34896,0.0,0.0,0.0,0.0,0.33795,-0.33795,0.0,0.0,0.0
6,4879,107079.3,SETTLE,0.0,0.33681,-0.33681,0.0,0.0,0.0,0.0,0.32582,-0.32582,0.0,0.0,0.0
6,4880,107099.9,SETTLE,0.0,0.32465,-0.32465,0.0,0.0,0.0,0.0,0.31196,-0.31196,0.0,0.0,0.0
6,4881,107120.7,SETTLE,0.0,0.3125,-0.3125,0.0,0.0,0.0,0.0,0.30329,-0.30329,0.0,0.0,0.0
6,4882,107141.3,SETTLE,0.0,0.29861,-0.29861,0.0,0.0,0.0,0.0,0.28943,-0.28943,0.0,0.0,0.0
6,4883,107162.0,SETTLE,0.0,0.28646,-0.28646,0.0,0.0,0.0,0.0,0.27903,-0.27903,0.0,0.0,0.0
6,4884,107182.6,SETTLE,0.0,0.27257,-0.27257,0.0,0.0,0.0,0.0,0.26863,-0.26863,0.0,0.0,0.0
6,4885,107203.7,SETTLE,0.0,0.25694,-0.25694,0.0,0.0,0.0,0.0,0.25477,-0.25477,0.0,0.0,0.0
6,4886,107225.3,SETTLE,0.0,0.24653,-0.24653,0.0,0.0,0.0,0.0,0.2409,-0.2409,0.0,0.0,0.0
6,4887,107245.6,SETTLE,0.0,0.23611,-0.23611,0.0,0.0,0.0,0.0,0.22877,-0.22877,0.0,0.0,0.0
6,4888,107266.3,SETTLE,0.0,0.22222,-0.22222,0.0,0.0,0.0,0.0,0.21837,-0.21837,0.0,0.0,0.0
6,4889,107287.2,SETTLE,0.0,0.21354,-0.21354,0.0,0.0,0.0,0.0,0.20971,-0.20971,0.0,0.0,0.0
6,4890,107309.3,CLOSE,0.005,0.19792,-0.19292,0.005,0.0,0.005,0.005,0.19237,-0.18737,0.005,0.0,0.005
6,4891,107331.0,CLOSE,0.01,0.18229,-0.17229,0.01,0.0,0.01,0.01,0.17851,-0.16851,0.01,0.0,0.01
6,4892,107351.1,CLOSE,0.015,0.17014,-0.15514,0.015,0.0,0.015,0.015,0.16638,-0.15138,0.015,0.0,0.015
6,4893,107373.5,CLOSE,0.02,0.15625,-0.13625,0.02,0.0,0.02,0.02,0.15251,-0.13251,0.02,0.0,0.02
6,4894,107395.2,CLOSE,0.025,0.14236,-0.11736,0.025,0.0,0.025,0.025,0.14038,-0.11538,0.025,0.0,0.025
6,4895,107414.5,CLOSE,0.03,0.13021,-0.10021,0.03,0.0,0.03,0.03,0.12998,-0.09998,0.03,0.0,0.03
6,4896,107435.1,CLOSE,0.035,0.11806,-0.08306,0.035,0.0,0.035,0.035,0.11785,-0.08285,0.035,0.0,0.035
6,4897,107457.3,CLOSE,0.04,0.10417,-0.06417,0.04,0.0,0.04,0.04,0.10399,-0.06399,0.04,0.0,0.04
6,4898,107478.2,CLOSE,0.045,0.09549,-0.05049,0.045,0.0,0.045,0.045,0.09185,-0.04685,0.045,0.0,0.045
6,4899,107498.1,CLOSE,0.05,0.07986,-0.02986,0.05,0.0,0.05,0.05,0.08146,-0.03146,0.05,0.0,0.05
6,4900,107518.2,CLOSE,0.055,0.07118,-0.01618,0.055,0.0,0.055,0.055,0.07106,-0.01606,0.055,0.00385,0.05115
6,4901,107539.5,CLOSE,0.06,0.05729,0.00271,0.06,0.00169,0.05831,0.06,0.06066,-0.00066,0.06,0.03846,0.02154
6,4902,107561.1,CLOSE,0.065,0.04861,0.01639,0.065,0.01017,0.05483,0.065,0.05026,0.01474,0.065,0.01154,0.05346
6,4903,107580.2,CLOSE,0.07,0.03993,0.03007,0.07,0.01864,0.05136,0.07,0.04853,0.02147,0.07,0.01346,0.05654
6,4904,107601.4,CLOSE,0.075,0.03125,0.04375,0.075,0.02373,0.05127,0.075,0.03813,0.03687,0.075,0.01923,0.05577
6,4905,107622.6,CLOSE,0.08,0.02604,0.05396,0.08,0.03559,0.04441,0.08,0.03293,0.04707,0.08,0.02692,0.05308
6,4906,107642.8,CLOSE,0.085,0.02257,0.06243,0.085,0.04068,0.04432,0.085,0.02773,0.05727,0.085,0.03077,0.05423
6,4907,107663.9,CLOSE,0.09,0.02431,0.06569,0.09,0.05254,0.03746,0.09,0.026,0.064,0.09,0.03846,0.05154
6,4908,107684.6,CLOSE,0.095,0.02778,0.06722,0.095,0.06102,0.03398,0.095,0.026,0.069,0.095,0.04423,0.05077
6,4909,107705.8,CLOSE,0.1,0.03472,0.06528,0.1,0.0678,0.0322,0.1,0.0312,0.0688,0.1,0.05192,0.04808
6,4910,107727.4,CLOSE,0.105,0.03472,0.07028,0.105,0.07458,0.03042,0.105,0.03466,0.07034,0.105,0.06346,0.04154
6,4911,107747.5,CLOSE,0.11,0.04167,0.06833,0.11,0.08305,0.02695,0.11,0.04506,0.06494,0.11,0.06923,0.04077
6,4912,107768.1,CLOSE,0.115,0.05035,0.06465,0.115,0.08814,0.02686,0.115,0.04853,0.06647,0.115,0.07692,0.03808
6,4913,107789.3,CLOSE,0.12,0.05903,0.06097,0.12,0.09831,0.02169,0.12,0.05719,0.06281,0.12,0.08462,0.03538
6,4914,107810.0,CLOSE,0.125,0.06944,0.05556,0.125,0.1,0.025,0.125,0.06412,0.06088,0.125,0.08846,0.03654
6,4915,107829.5,CLOSE,0.13,0.07986,0.05014,0.13,0.10339,0.02661,0.13,0.07279,0.05721,0.13,0.09231,0.03769
6,4916,107850.0,CLOSE,0.135,0.08854,0.04646,0.135,0.10678,0.02822,0.135,0.08319,0.05181,0.135,0.1,0.035
6,4917,107872.3,CLOSE,0.14,0.09722,0.04278,0.14,0.11017,0.02983,0.14,0.09012,0.04988,0.14,0.10769,0.03231
6,4918,107892.5,CLOSE,0.145,0.10417,0.04083,0.145,0.11356,0.03144,0.145,0.09879,0.04621,0.145,0.11154,0.03346
6,4919,107914.9,CLOSE,0.15,0.11285,0.03715,0.15,0.11356,0.03644,0.15,0.11092,0.03908,0.15,0.11923,0.03077
6,4920,107936.7,CLOSE,0.155,0.12153,0.03347,0.155,0.11525,0.03975,0.155,0.11958,0.03542,0.155,0.13269,0.02231
6,4921,107955.6,CLOSE,0.16,0.12847,0.03153,0.16,0.11525,0.04475,0.16,0.13172,0.02828,0.16,0.13077,0.02923
6,4922,107978.0,CLOSE,0.165,0.13542,0.02958,0.165,0.11695,0.04805,0.165,0.13345,0.03155,0.165,0.14038,0.02462
6,4923,107996.8,CLOSE,0.17,0.14062,0.02938,0.17,0.11695,0.05305,0.17,0.14038,0.02962,0.17,0.14231,0.02769
6,4924,108019.0,CLOSE,0.175,0.14757,0.02743,0.175,0.11864,0.05636,0.175,0.14731,0.02769,0.175,0.14808,0.02692
6,4925,108038.9,CLOSE,0.18,0.15451,0.02549,0.18,0.12373,0.05627,0.18,0.15251,0.02749,0.18,0.15192,0.02808
6,4926,108059.6,CLOSE,0.185,0.15972,0.02528,0.185,0.12881,0.05619,0.185,0.15771,0.02729,0.185,0.15577,0.02923
6,4927,108080.4,CLOSE,0.19,0.16319,0.02681,0.19,0.1339,0.0561,0.19,0.16118,0.02882,0.19,0.15962,0.03038
6,4928,108101.5,CLOSE,0.195,0.1684,0.0266,0.195,0.13898,0.05602,0.195,0.16464,0.03036,0.195,0.16538,0.02962
6,4929,108121.6,CLOSE,0.2,0.17188,0.02813,0.2,0.14576,0.05424,0.2,0.16811,0.03189,0.2,0.17115,0.02885
6,4930,108142.8,CLOSE,0.205,0.17708,0.02792,0.205,0.15254,0.05246,0.205,0.17158,0.03342,0.205,0.175,0.03
6,4931,108163.2,CLOSE,0.21,0.18056,0.02944,0.21,0.15932,0.05068,0.21,0.17504,0.03496,0.21,0.17885,0.03115
6,4932,108184.7,CLOSE,0.215,0.18229,0.03271,0.215,0.16441,0.05059,0.215,0.17851,0.03649,0.215,0.18846,0.02654
6,4933,108204.9,CLOSE,0.22,0.18403,0.03597,0.22,0.17119,0.04881,0.22,0.18198,0.03802,0.22,0.19231,0.02769
6,4934,108226.0,CLOSE,0.225,0.18924,0.03576,0.225,0.17627,0.04873,0.225,0.18544,0.03956,0.225,0.19423,0.03077
6,4935,108248.4,CLOSE,0.23,0.19097,0.03903,0.23,0.18644,0.04356,0.23,0.18891,0.04109,0.23,0.20385,0.02615
6,4936,108268.9,CLOSE,0.235,0.19444,0.04056,0.235,0.18475,0.05025,0.235,0.19411,0.04089,0.235,0.20769,0.02731
6,4937,108289.3,CLOSE,0.24,0.20486,0.03514,0.24,0.2,0.04,0.24,0.19757,0.04243,0.24,0.21538,0.02462
6,4938,108310.1,CLOSE,0.245,0.19965,0.04535,0.245,0.20169,0.04331,0.245,0.20277,0.04223,0.245,0.22308,0.02192
6,4939,108330.7,CLOSE,0.25,0.20833,0.04167,0.25,0.20169,0.04831,0.25,0.20797,0.04203,0.25,0.23846,0.01154
6,4940,108352.9,CLOSE,0.255,0.21528,0.03972,0.255,0.20847,0.04653,0.255,0.21317,0.04183,0.255,0.24038,0.01462
6,4941,108372.7,CLOSE,0.26,0.22222,0.03778,0.26,0.21356,0.04644,0.26,0.21837,0.04163,0.26,0.24808,0.01192
6,4942,108395.0,CLOSE,0.265,0.22396,0.04104,0.265,0.21864,0.04636,0.265,0.22357,0.04143,0.265,0.25962,0.00538
6,4943,108414.9,CLOSE,0.27,0.23438,0.03563,0.27,0.23051,0.03949,0.27,0.22877,0.04123,0.27,0.25769,0.01231
6,4944,108436.5,CLOSE,0.275,0.23785,0.03715,0.275,0.23051,0.04449,0.275,0.23397,0.04103,0.275,0.26154,0.01346
6,4945,108456.7,CLOSE,0.28,0.24306,0.03694,0.28,0.23729,0.04271,0.28,0.23917,0.04083,0.28,0.26731,0.01269
6,4946,108476.6,CLOSE,0.285,0.25347,0.03153,0.285,0.24576,0.03924,0.285,0.2461,0.0389,0.285,0.275,0.01
6,4947,108497.5,CLOSE,0.29,0.25347,0.03653,0.29,0.25085,0.03915,0.29,0.2513,0.0387,0.29,0.27692,0.01308
6,4948,108518.1,CLOSE,0.295,0.26389,0.03111,0.295,0.25763,0.03737,0.295,0.25823,0.03677,0.295,0.28269,0.01231
6,4949,108539.6,CLOSE,0.3,0.2691,0.0309,0.3,0.26441,0.03559,0.3,0.26343,0.03657,0.3,0.28654,0.01346
6,4950,108560.2,CLOSE,0.305,0.27431,0.03069,0.305,0.27458,0.03042,0.305,0.27036,0.03464,0.305,0.29231,0.01269
6,4951,108580.5,CLOSE,0.31,0.27951,0.03049,0.31,0.27627,0.03373,0.31,0.27556,0.03444,0.31,0.29808,0.01192
6,4952,108602.1,CLOSE,0.315,0.28472,0.03028,0.315,0.27627,0.03873,0.315,0.2825,0.0325,0.315,0.30192,0.01308
6,4953,108622.7,CLOSE,0.32,0.29167,0.02833,0.32,0.28136,0.03864,0.32,0.28769,0.03231,0.32,0.30769,0.01231
6,4954,108643.2,CLOSE,0.325,0.30208,0.02292,0.325,0.28136,0.04364,0.325,0.29116,0.03384,0.325,0.32115,0.00385
6,4955,108664.3,CLOSE,0.33,0.30382,0.02618,0.33,0.28644,0.04356,0.33,0.29289,0.03711,0.33,0.325,0.005
6,4956,108685.2,CLOSE,0.335,0.30556,0.02944,0.335,0.29153,0.04347,0.335,0.30156,0.03344,0.335,0.32692,0.00808
6,4957,108705.8,CLOSE,0.34,0.30903,0.03097,0.34,0.29661,0.04339,0.34,0.30503,0.03497,0.34,0.32885,0.01115
6,4958,108726.5,CLOSE,0.345,0.3125,0.0325,0.345,0.30508,0.03992,0.345,0.31023,0.03477,0.345,0.33654,0.00846
6,4959,108747.8,CLOSE,0.35,0.31944,0.03056,0.35,0.30678,0.04322,0.35,0.31542,0.03458,0.35,0.34423,0.00577
6,4960,108768.2,CLOSE,0.355,0.32292,0.03208,0.355,0.31186,0.04314,0.355,0.31889,0.03611,0.355,0.35,0.005
6,4961,108789.4,CLOSE,0.36,0.32812,0.03188,0.36,0.31695,0.04305,0.36,0.32582,0.03418,0.36,0.35962,0.00038
6,4962,108809.4,CLOSE,0.365,0.33333,0.03167,0.365,0.32034,0.04466,0.365,0.32929,0.03571,0.365,0.36538,-0.00038
6,4963,108831.3,CLOSE,0.37,0.33681,0.03319,0.37,0.32542,0.04458,0.37,0.33102,0.03898,0.37,0.36538,0.00462
6,4964,108852.3,CLOSE,0.375,0.34201,0.03299,0.375,0.33051,0.04449,0.375,0.33276,0.04224,0.375,0.37115,0.00385
6,4965,108874.0,CLOSE,0.38,0.34375,0.03625,0.38,0.33559,0.04441,0.38,0.33622,0.04378,0.38,0.375,0.005
6,4966,108895.2,CLOSE,0.385,0.35417,0.03083,0.385,0.34576,0.03924,0.385,0.34489,0.04011,0.385,0.38077,0.00423
6,4967,108914.7,CLOSE,0.39,0.34896,0.04104,0.39,0.34746,0.04254,0.39,0.34835,0.04165,0.39,0.38462,0.00538
6,4968,108935.2,CLOSE,0.395,0.35243,0.04257,0.395,0.35254,0.04246,0.395,0.35529,0.03971,0.395,0.39231,0.00269
6,4969,108955.8,CLOSE,0.4,0.35938,0.04063,0.4,0.35593,0.04407,0.4,0.36222,0.03778,0.4,0.39808,0.00192
6,4970,108977.2,CLOSE,0.405,0.36632,0.03868,0.405,0.36271,0.04229,0.405,0.36915,0.03585,0.405,0.40962,-0.00462
6,4971,108997.2,CLOSE,0.41,0.36979,0.04021,0.41,0.36949,0.04051,0.41,0.37435,0.03565,0.41,0.40962,0.00038
6,4972,109018.3,CLOSE,0.415,0.37847,0.03653,0.415,0.37288,0.04212,0.415,0.38128,0.03372,0.415,0.42115,-0.00615
6,4973,109039.9,CLOSE,0.42,0.38542,0.03458,0.42,0.38136,0.03864,0.42,0.38648,0.03352,0.42,0.42308,-0.00308
6,4974,109059.4,CLOSE,0.425,0.39062,0.03438,0.425,0.38475,0.04025,0.425,0.38995,0.03505,0.425,0.43269,-0.00769
6,4975,109081.0,CLOSE,0.43,0.39931,0.03069,0.43,0.38814,0.04186,0.43,0.39861,0.03139,0.43,0.43269,-0.00269
6,4976,109101.6,CLOSE,0.435,0.40278,0.03222,0.435,0.39322,0.04178,0.435,0.40208,0.03292,0.435,0.44231,-0.00731
6,4977,109122.5,CLOSE,0.44,0.41493,0.02507,0.44,0.39831,0.04169,0.44,0.41075,0.02925,0.44,0.44231,-0.00231
6,4978,109142.9,CLOSE,0.445,0.42014,0.02486,0.445,0.4,0.045,0.445,0.41248,0.03252,0.445,0.45,-0.005
6,4979,109164.0,CLOSE,0.45,0.42014,0.02986,0.45,0.40508,0.04492,0.45,0.41768,0.03232,0.45,0.45577,-0.00577
6,4980,109184.7,CLOSE,0.455,0.42361,0.03139,0.455,0.41017,0.04483,0.455,0.42114,0.03386,0.455,0.46154,-0.00654
6,4981,109206.1,CLOSE,0.46,0.43056,0.02944,0.46,0.41525,0.04475,0.46,0.42634,0.03366,0.46,0.46731,-0.00731
6,4982,109227.1,CLOSE,0.465,0.43576,0.02924,0.465,0.41864,0.04636,0.465,0.43328,0.03172,0.465,0.47115,-0.00615
6,4983,109247.3,CLOSE,0.47,0.44097,0.02903,0.47,0.42881,0.04119,0.47,0.43674,0.03326,0.47,0.47885,-0.00885
6,4984,109268.3,CLOSE,0.475,0.44792,0.02708,0.475,0.42712,0.04788,0.475,0.44367,0.03133,0.475,0.48269,-0.00769
6,4985,109288.8,CLOSE,0.48,0.45312,0.02688,0.48,0.4339,0.0461,0.48,0.44714,0.03286,0.48,0.49038,-0.01038
6,4986,109311.3,CLOSE,0.485,0.45833,0.02667,0.485,0.43898,0.04602,0.485,0.45061,0.03439,0.485,0.49615,-0.01115
6,4987,109331.6,CLOSE,0.49,0.46354,0.02646,0.49,0.44576,0.04424,0.49,0.45927,0.03073,0.49,0.50385,-0.01385
6,4988,109352.9,CLOSE,0.495,0.46701,0.02799,0.495,0.45424,0.04076,0.495,0.46101,0.03399,0.495,0.50962,-0.01462
6,4989,109372.5,CLOSE,0.5,0.47222,0.02778,0.5,0.46441,0.03559,0.5,0.46794,0.03206,0.5,0.51538,-0.01538
6,4990,109394.8,CLOSE,0.505,0.47743,0.02757,0.5,0.46441,0.03559,0.505,0.4714,0.0336,0.5,0.52308,-0.02308
6,4991,109415.1,CLOSE,0.51,0.4809,0.0291,0.5,0.47458,0.02542,0.51,0.4766,0.0334,0.5,0.53077,-0.03077
6,4992,109435.7,CLOSE,0.515,0.48438,0.03063,0.5,0.47627,0.02373,0.515,0.48007,0.03493,0.5,0.53846,-0.03846
6,4993,109455.4,CLOSE,0.52,0.49653,0.02347,0.5,0.48136,0.01864,0.52,0.4818,0.0382,0.5,0.54038,-0.04038
6,4994,109477.0,CLOSE,0.525,0.50521,0.01979,0.5,0.48983,0.01017,0.525,0.4974,0.0276,0.5,0.54423,-0.04423
6,4995,109497.4,CLOSE,0.53,0.50868,0.02132,0.5,0.49322,0.00678,0.53,0.5026,0.0274,0.5,0.54808,-0.04808
6,4996,109518.1,CLOSE,0.535,0.51389,0.02111,0.5,0.50339,-0.00339,0.535,0.51127,0.02373,0.5,0.55192,-0.05192
6,4997,109539.8,CLOSE,0.54,0.52257,0.01743,0.5,0.50678,-0.00678,0.54,0.5182,0.0218,0.5,0.55577,-0.05577
6,4998,109560.0,CLOSE,0.545,0.52778,0.01722,0.5,0.51017,-0.01017,0.545,0.5234,0.0216,0.5,0.55577,-0.05577
6,4999,109581.0,CLOSE,0.55,0.53125,0.01875,0.5,0.51186,-0.01186,0.55,0.52513,0.02487,0.5,0.55769,-0.05769
6,5000,109601.8,CLOSE,0.555,0.53125,0.02375,0.5,0.51356,-0.01356,0.555,0.5286,0.0264,0.5,0.56346,-0.06346
6,5001,109622.0,CLOSE,0.56,0.53299,0.02701,0.5,0.51017,-0.01017,0.56,0.52513,0.03487,0.5,0.55962,-0.05962
6,5002,109642.7,CLOSE,0.565,0.53819,0.02681,0.5,0.51017,-0.01017,0.565,0.5286,0.0364,0.5,0.55769,-0.05769
6,5003,109664.0,CLOSE,0.57,0.53299,0.03701,0.5,0.51186,-0.01186,0.57,0.53553,0.03447,0.5,0.55962,-0.05962
6,5004,109685.0,CLOSE,0.575,0.53472,0.04028,0.5,0.51186,-0.01186,0.575,0.53726,0.03774,0.5,0.56346,-0.06346
6,5005,109705.8,CLOSE,0.58,0.53646,0.04354,0.5,0.51017,-0.01017,0.58,0.53899,0.04101,0.5,0.55962,-0.05962
6,5006,109727.2,CLOSE,0.585,0.53993,0.04507,0.5,0.51525,-0.01525,0.585,0.54419,0.04081,0.5,0.55769,-0.05769
6,5007,109747.9,CLOSE,0.59,0.5434,0.0466,0.5,0.51017,-0.01017,0.59,0.54766,0.04234,0.5,0.55962,-0.05962
6,5008,109767.7,CLOSE,0.595,0.54861,0.04639,0.5,0.51525,-0.01525,0.595,0.55633,0.03867,0.5,0.55962,-0.05962
6,5009,109790.4,CLOSE,0.6,0.55556,0.04444,0.5,0.51017,-0.01017,0.6,0.55979,0.04021,0.5,0.55962,-0.05962
6,5010,109811.9,CLOSE,0.605,0.56076,0.04424,0.5,0.51017,-0.01017,0.605,0.56672,0.03828,0.5,0.55962,-0.05962
6,5011,109831.4,CLOSE,0.61,0.56944,0.04056,0.5,0.51017,-0.01017,0.61,0.57192,0.03808,0.5,0.55962,-0.05962
6,5012,109852.9,CLOSE,0.615,0.57639,0.03861,0.5,0.51356,-0.01356,0.615,0.57886,0.03614,0.5,0.56154,-0.06154
6,5013,109873.2,CLOSE,0.62,0.58681,0.03319,0.5,0.50847,-0.00847,0.62,0.58232,0.03768,0.5,0.55962,-0.05962
6,5014,109893.8,CLOSE,0.625,0.59201,0.03299,0.5,0.51017,-0.01017,0.625,0.59272,0.03228,0.5,0.55962,-0.05962
6,5015,109915.1,CLOSE,0.63,0.59722,0.03278,0.5,0.51017,-0.01017,0.63,0.59619,0.03381,0.5,0.55962,-0.05962
6,5016,109934.6,CLOSE,0.635,0.60243,0.03257,0.5,0.51864,-0.01864,0.635,0.60139,0.03361,0.5,0.55962,-0.05962
6,5017,109955.9,CLOSE,0.64,0.61111,0.02889,0.5,0.51356,-0.01356,0.64,0.60832,0.03168,0.5,0.55962,-0.05962
6,5018,109977.1,CLOSE,0.645,0.61458,0.03042,0.5,0.51695,-0.01695,0.645,0.62045,0.02455,0.5,0.55962,-0.05962
6,5019,109997.4,CLOSE,0.65,0.62153,0.02847,0.5,0.51186,-0.01186,0.65,0.62045,0.02955,0.5,0.55962,-0.05962
6,5020,110018.2,CLOSE,0.655,0.62674,0.02826,0.5,0.51356,-0.01356,0.655,0.62392,0.03108,0.5,0.56154,-0.06154
6,5021,110039.2,CLOSE,0.66,0.63889,0.02111,0.5,0.51186,-0.01186,0.66,0.62912,0.03088,0.5,0.55962,-0.05962
6,5022,110060.2,CLOSE,0.665,0.63889,0.02611,0.5,0.52203,-0.02203,0.665,0.64125,0.02375,0.5,0.55962,-0.05962
6,5023,110080.9,CLOSE,0.67,0.6441,0.0259,0.5,0.51864,-0.01864,0.67,0.63951,0.03049,0.5,0.55769,-0.05769
6,5024,110101.5,CLOSE,0.675,0.64931,0.02569,0.5,0.51695,-0.01695,0.675,0.64125,0.03375,0.5,0.55962,-0.05962
6,5025,110122.9,CLOSE,0.68,0.65278,0.02722,0.5,0.50847,-0.00847,0.68,0.64818,0.03182,0.5,0.55962,-0.05962
6,5026,110142.9,CLOSE,0.685,0.65799,0.02701,0.5,0.49661,0.00339,0.685,0.65165,0.03335,0.5,0.55962,-0.05962
6,5027,110163.9,CLOSE,0.69,0.66319,0.02681,0.5,0.49153,0.00847,0.69,0.65685,0.03315,0.5,0.55962,-0.05962
6,5028,110185.1,CLOSE,0.695,0.66667,0.02833,0.5,0.48814,0.01186,0.695,0.66378,0.03122,0.5,0.56154,-0.06154
6,5029,110206.8,CLOSE,0.7,0.67708,0.02292,0.5,0.48475,0.01525,0.7,0.66551,0.03449,0.5,0.55962,-0.05962
6,5030,110228.5,CLOSE,0.705,0.67708,0.02792,0.5,0.48644,0.01356,0.705,0.67071,0.03429,0.5,0.56346,-0.06346
6,5031,110248.5,CLOSE,0.71,0.68056,0.02944,0.5,0.48475,0.01525,0.71,0.67591,0.03409,0.5,0.55962,-0.05962
6,5032,110269.4,CLOSE,0.715,0.68576,0.02924,0.5,0.48305,0.01695,0.715,0.67938,0.03562,0.5,0.55769,-0.05769
6,5033,110289.8,CLOSE,0.72,0.69097,0.02903,0.5,0.48475,0.01525,0.72,0.68631,0.03369,0.5,0.55769,-0.05769
6,5034,110309.6,CLOSE,0.725,0.69618,0.02882,0.5,0.48475,0.01525,0.725,0.69151,0.03349,0.5,0.55769,-0.05769
6,5035,110332.1,CLOSE,0.73,0.70139,0.02861,0.5,0.48475,0.01525,0.73,0.69671,0.03329,0.5,0.55962,-0.05962
6,5036,110352.1,CLOSE,0.735,0.7066,0.0284,0.5,0.48644,0.01356,0.735,0.70191,0.03309,0.5,0.55962,-0.05962
6,5037,110372.6,CLOSE,0.74,0.71181,0.02819,0.5,0.48475,0.01525,0.74,0.71057,0.02943,0.5,0.56538,-0.06538
6,5038,110393.5,CLOSE,0.745,0.71701,0.02799,0.5,0.48644,0.01356,0.745,0.71231,0.03269,0.5,0.55962,-0.05962
6,5039,110414.3,CLOSE,0.75,0.72049,0.02951,0.5,0.48983,0.01017,0.75,0.7175,0.0325,0.5,0.55962,-0.05962
6,5040,110434.7,CLOSE,0.755,0.72569,0.02931,0.5,0.49322,0.00678,0.755,0.72097,0.03403,0.5,0.55962,-0.05962
6,5041,110455.8,CLOSE,0.76,0.7309,0.0291,0.5,0.50339,-0.00339,0.76,0.72617,0.03383,0.5,0.55962,-0.05962
6,5042,110476.5,CLOSE,0.765,0.73438,0.03063,0.5,0.50508,-0.00508,0.765,0.73137,0.03363,0.5,0.55962,-0.05962
6,5043,110497.3,CLOSE,0.77,0.73438,0.03563,0.5,0.50508,-0.00508,0.77,0.73137,0.03863,0.5,0.56154,-0.06154
6,5044,110518.8,CLOSE,0.775,0.75,0.025,0.5,0.50678,-0.00678,0.775,0.74177,0.03323,0.5,0.55962,-0.05962
6,5045,110539.2,CLOSE,0.78,0.75347,0.02653,0.5,0.50508,-0.00508,0.78,0.74697,0.03303,0.5,0.55962,-0.05962
6,5046,110560.4,CLOSE,0.785,0.75174,0.03326,0.5,0.50508,-0.00508,0.785,0.75043,0.03457,0.5,0.55962,-0.05962
6,5047,110580.6,CLOSE,0.79,0.75694,0.03306,0.5,0.50508,-0.00508,0.79,0.75737,0.03263,0.5,0.55962,-0.05962
6,5048,110601.6,CLOSE,0.795,0.76042,0.03458,0.5,0.50678,-0.00678,0.795,0.76603,0.02897,0.5,0.55962,-0.05962
6,5049,110623.4,CLOSE,0.8,0.7691,0.0309,0.5,0.50847,-0.00847,0.8,0.7695,0.0305,0.5,0.55962,-0.05962
6,5050,110644.0,CLOSE,0.805,0.77431,0.03069,0.5,0.50508,-0.00508,0.805,0.7747,0.0303,0.5,0.55962,-0.05962
6,5051,110664.1,CLOSE,0.81,0.77604,0.03396,0.5,0.50508,-0.00508,0.81,0.78163,0.02837,0.5,0.56154,-0.06154
6,5052,110685.0,CLOSE,0.815,0.78299,0.03201,0.5,0.50847,-0.00847,0.815,0.7851,0.0299,0.5,0.55769,-0.05769
6,5053,110705.3,CLOSE,0.82,0.78646,0.03354,0.5,0.50847,-0.00847,0.82,0.79203,0.02797,0.5,0.56346,-0.06346
6,5054,110726.8,CLOSE,0.825,0.79167,0.03333,0.5,0.50678,-0.00678,0.825,0.79723,0.02777,0.5,0.55962,-0.05962
6,5055,110747.9,CLOSE,0.83,0.80035,0.02965,0.5,0.50678,-0.00678,0.83,0.80416,0.02584,0.5,0.55962,-0.05962
6,5056,110769.1,CLOSE,0.835,0.80556,0.02944,0.5,0.50678,-0.00678,0.835,0.80936,0.02564,0.5,0.55769,-0.05769
6,5057,110789.9,CLOSE,0.84,0.81424,0.02576,0.5,0.50678,-0.00678,0.84,0.81282,0.02718,0.5,0.55962,-0.05962
6,5058,110810.3,CLOSE,0.845,0.81597,0.02903,0.5,0.50678,-0.00678,0.845,0.81456,0.03044,0.5,0.55962,-0.05962
6,5059,110832.0,CLOSE,0.85,0.82118,0.02882,0.5,0.50508,-0.00508,0.85,0.81976,0.03024,0.5,0.56154,-0.06154
6,5060,110852.5,CLOSE,0.855,0.82639,0.02861,0.5,0.51186,-0.01186,0.855,0.82496,0.03004,0.5,0.55962,-0.05962
6,5061,110872.5,CLOSE,0.86,0.82986,0.03014,0.5,0.50678,-0.00678,0.86,0.82842,0.03158,0.5,0.55962,-0.05962
6,5062,110892.9,CLOSE,0.865,0.83681,0.02819,0.5,0.50678,-0.00678,0.865,0.83189,0.03311,0.5,0.56154,-0.06154
6,5063,110914.1,CLOSE,0.87,0.84028,0.02972,0.5,0.50678,-0.00678,0.87,0.83709,0.03291,0.5,0.55962,-0.05962
6,5064,110934.8,CLOSE,0.875,0.84549,0.02951,0.5,0.50508,-0.00508,0.875,0.84055,0.03445,0.5,0.56154,-0.06154
6,5065,110956.2,CLOSE,0.88,0.85417,0.02583,0.5,0.50678,-0.00678,0.88,0.84749,0.03251,0.5,0.55962,-0.05962
6,5066,110976.5,CLOSE,0.885,0.85938,0.02563,0.5,0.50678,-0.00678,0.885,0.85095,0.03405,0.5,0.55962,-0.05962
6,5067,110997.7,CLOSE,0.89,0.85938,0.03063,0.5,0.50678,-0.00678,0.89,0.86135,0.02865,0.5,0.56154,-0.06154
6,5068,111018.5,CLOSE,0.895,0.86111,0.03389,0.5,0.50508,-0.00508,0.895,0.86482,0.03018,0.5,0.55962,-0.05962
6,5069,111039.3,CLOSE,0.9,0.86458,0.03542,0.5,0.50508,-0.00508,0.9,0.86482,0.03518,0.5,0.55962,-0.05962
6,5070,111060.0,CLOSE,0.905,0.86806,0.03694,0.5,0.50508,-0.00508,0.905,0.86828,0.03672,0.5,0.55962,-0.05962
6,5071,111081.2,CLOSE,0.91,0.87674,0.03326,0.5,0.50678,-0.00678,0.91,0.87522,0.03478,0.5,0.55962,-0.05962
6,5072,111101.7,CLOSE,0.915,0.88021,0.03479,0.5,0.50508,-0.00508,0.915,0.88042,0.03458,0.5,0.56154,-0.06154
6,5073,111122.7,CLOSE,0.92,0.89236,0.02764,0.5,0.50847,-0.00847,0.92,0.88735,0.03265,0.5,0.56154,-0.06154
6,5074,111142.9,CLOSE,0.925,0.8941,0.0309,0.5,0.50678,-0.00678,0.925,0.89081,0.03419,0.5,0.56346,-0.06346
6,5075,111164.4,CLOSE,0.93,0.89583,0.03417,0.5,0.50847,-0.00847,0.93,0.89775,0.03225,0.5,0.55962,-0.05962
6,5076,111185.6,CLOSE,0.935,0.90104,0.03396,0.5,0.50678,-0.00678,0.935,0.90641,0.02859,0.5,0.55962,-0.05962
6,5077,111206.2,CLOSE,0.94,0.90451,0.03549,0.5,0.50847,-0.00847,0.94,0.90988,0.03012,0.5,0.55769,-0.05769
6,5078,111227.2,CLOSE,0.945,0.91319,0.03181,0.5,0.50678,-0.00678,0.945,0.92028,0.02472,0.5,0.55962,-0.05962
6,5079,111247.2,CLOSE,0.95,0.91667,0.03333,0.5,0.50678,-0.00678,0.95,0.92201,0.02799,0.5,0.55962,-0.05962
6,5080,111269.3,CLOSE,0.955,0.92361,0.03139,0.5,0.51017,-0.01017,0.955,0.92721,0.02779,0.5,0.55962,-0.05962
6,5081,111289.8,CLOSE,0.96,0.93576,0.02424,0.5,0.50678,-0.00678,0.96,0.93761,0.02239,0.5,0.56538,-0.06538
6,5082,111310.2,CLOSE,0.965,0.93403,0.03097,0.5,0.50678,-0.00678,0.965,0.93414,0.03086,0.5,0.55962,-0.05962
6,5083,111332.1,CLOSE,0.97,0.9375,0.0325,0.5,0.50508,-0.00508,0.97,0.94107,0.02893,0.5,0.55962,-0.05962
6,5084,111352.2,CLOSE,0.975,0.94271,0.03229,0.5,0.50678,-0.00678,0.975,0.95147,0.02353,0.5,0.55962,-0.05962
6,5085,111373.1,CLOSE,0.98,0.95312,0.02688,0.5,0.50678,-0.00678,0.98,0.95841,0.02159,0.5,0.55962,-0.05962
6,5086,111393.4,CLOSE,0.985,0.95312,0.03188,0.5,0.50678,-0.00678,0.985,0.95494,0.03006,0.5,0.55962,-0.05962
6,5087,111414.1,CLOSE,0.99,0.95486,0.03514,0.5,0.50678,-0.00678,0.99,0.96014,0.02986,0.5,0.55962,-0.05962
6,5088,111435.2,CLOSE,0.995,0.9566,0.0384,0.5,0.50678,-0.00678,0.995,0.96534,0.02966,0.5,0.56154,-0.06154
6,5089,111457.8,CLOSE,1.0,0.96181,0.03819,0.5,0.50678,-0.00678,1.0,0.9688,0.0312,0.5,0.55962,-0.05962
6,5090,111464.8,HOLD_CLOSED,1.0,0.96354,0.03646,0.5,0.50508,-0.00508,1.0,0.9688,0.0312,0.5,0.56154,-0.06154
6,5091,111486.8,HOLD_CLOSED,1.0,0.97569,0.02431,0.5,0.50508,-0.00508,1.0,0.974,0.026,0.5,0.55962,-0.05962
6,5092,111508.0,HOLD_CLOSED,1.0,0.97222,0.02778,0.5,0.50678,-0.00678,1.0,0.9792,0.0208,0.5,0.55962,-0.05962
6,5093,111528.8,HOLD_CLOSED,1.0,0.97222,0.02778,0.5,0.50678,-0.00678,1.0,0.98094,0.01906,0.5,0.55962,-0.05962
6,5094,111549.8,HOLD_CLOSED,1.0,0.97396,0.02604,0.5,0.50508,-0.00508,1.0,0.98787,0.01213,0.5,0.56154,-0.06154
6,5095,111570.7,HOLD_CLOSED,1.0,0.97396,0.02604,0.5,0.50678,-0.00678,1.0,0.9844,0.0156,0.5,0.55962,-0.05962
6,5096,111590.4,HOLD_CLOSED,1.0,0.97396,0.02604,0.5,0.50678,-0.00678,1.0,0.98267,0.01733,0.5,0.55962,-0.05962
6,5097,111611.4,HOLD_CLOSED,1.0,0.97396,0.02604,0.5,0.50678,-0.00678,1.0,0.9844,0.0156,0.5,0.55962,-0.05962
6,5098,111632.2,HOLD_CLOSED,1.0,0.97396,0.02604,0.5,0.50678,-0.00678,1.0,0.9844,0.0156,0.5,0.55962,-0.05962
6,5099,111652.9,HOLD_CLOSED,1.0,0.97569,0.02431,0.5,0.51017,-0.01017,1.0,0.9844,0.0156,0.5,0.56154,-0.06154
6,5100,111673.8,HOLD_CLOSED,1.0,0.9809,0.0191,0.5,0.50678,-0.00678,1.0,0.98267,0.01733,0.5,0.55769,-0.05769
6,5101,111694.3,HOLD_CLOSED,1.0,0.97569,0.02431,0.5,0.50508,-0.00508,1.0,0.98267,0.01733,0.5,0.55962,-0.05962
6,5102,111715.9,HOLD_CLOSED,1.0,0.97222,0.02778,0.5,0.50678,-0.00678,1.0,0.98787,0.01213,0.5,0.55962,-0.05962
6,5103,111736.6,HOLD_CLOSED,1.0,0.97396,0.02604,0.5,0.50678,-0.00678,1.0,0.98267,0.01733,0.5,0.55962,-0.05962
6,5104,111757.4,HOLD_CLOSED,1.0,0.97743,0.02257,0.5,0.50678,-0.00678,1.0,0.9844,0.0156,0.5,0.55962,-0.05962
6,5105,111778.4,HOLD_CLOSED,1.0,0.98264,0.01736,0.5,0.50678,-0.00678,1.0,0.9844,0.0156,0.5,0.55962,-0.05962
6,5106,111798.9,HOLD_CLOSED,1.0,0.97569,0.02431,0.5,0.50678,-0.00678,1.0,0.98267,0.01733,0.5,0.55577,-0.05577
6,5107,111820.4,HOLD_CLOSED,1.0,0.98264,0.01736,0.5,0.50678,-0.00678,1.0,0.9844,0.0156,0.5,0.55962,-0.05962
6,5108,111841.0,HOLD_CLOSED,1.0,0.97569,0.02431,0.5,0.50678,-0.00678,1.0,0.98614,0.01386,0.5,0.55962,-0.05962
6,5109,111861.1,HOLD_CLOSED,1.0,0.97222,0.02778,0.5,0.50678,-0.00678,1.0,0.99307,0.00693,0.5,0.56154,-0.06154
6,5110,111882.5,HOLD_CLOSED,1.0,0.97396,0.02604,0.5,0.50678,-0.00678,1.0,0.9844,0.0156,0.5,0.55962,-0.05962
6,5111,111903.9,HOLD_CLOSED,1.0,0.97743,0.02257,0.5,0.50678,-0.00678,1.0,0.9844,0.0156,0.5,0.55962,-0.05962
6,5112,111923.0,HOLD_CLOSED,1.0,0.97569,0.02431,0.5,0.50508,-0.00508,1.0,0.9844,0.0156,0.5,0.55962,-0.05962
6,5113,111945.1,HOLD_CLOSED,1.0,0.98611,0.01389,0.5,0.50508,-0.00508,1.0,0.98614,0.01386,0.5,0.55962,-0.05962
6,5114,111966.3,HOLD_CLOSED,1.0,0.97569,0.02431,0.5,0.50678,-0.00678,1.0,0.98267,0.01733,0.5,0.55962,-0.05962
6,5115,111986.3,HOLD_CLOSED,1.0,0.9809,0.0191,0.5,0.50678,-0.00678,1.0,0.9844,0.0156,0.5,0.55962,-0.05962
6,5116,112007.6,HOLD_CLOSED,1.0,0.98264,0.01736,0.5,0.50678,-0.00678,1.0,0.99133,0.00867,0.5,0.55962,-0.05962
6,5117,112028.7,HOLD_CLOSED,1.0,0.98438,0.01562,0.5,0.50678,-0.00678,1.0,0.97574,0.02426,0.5,0.55962,-0.05962
6,5118,112049.4,HOLD_CLOSED,1.0,0.98958,0.01042,0.5,0.50508,-0.00508,1.0,0.98787,0.01213,0.5,0.55962,-0.05962
6,5119,112069.5,HOLD_CLOSED,1.0,0.99306,0.00694,0.5,0.50678,-0.00678,1.0,0.99133,0.00867,0.5,0.55962,-0.05962
6,5120,112091.6,HOLD_CLOSED,1.0,0.98958,0.01042,0.5,0.50678,-0.00678,1.0,0.9948,0.0052,0.5,0.55962,-0.05962
6,5121,112111.9,HOLD_CLOSED,1.0,0.99306,0.00694,0.5,0.50678,-0.00678,1.0,0.9948,0.0052,0.5,0.56154,-0.06154
6,5122,112132.5,HOLD_CLOSED,1.0,0.99306,0.00694,0.5,0.50678,-0.00678,1.0,0.99307,0.00693,0.5,0.56154,-0.06154
6,5123,112152.9,HOLD_CLOSED,1.0,0.99306,0.00694,0.5,0.50508,-0.00508,1.0,0.99307,0.00693,0.5,0.55962,-0.05962
6,5124,112175.6,HOLD_CLOSED,1.0,0.99479,0.00521,0.5,0.50678,-0.00678,1.0,0.99307,0.00693,0.5,0.55962,-0.05962
6,5125,112194.9,HOLD_CLOSED,1.0,0.99306,0.00694,0.5,0.50678,-0.00678,1.0,0.99133,0.00867,0.5,0.55962,-0.05962
6,5126,112215.5,HOLD_CLOSED,1.0,0.99479,0.00521,0.5,0.50678,-0.00678,1.0,0.99307,0.00693,0.5,0.55962,-0.05962
6,5127,112236.5,HOLD_CLOSED,1.0,0.99653,0.00347,0.5,0.50678,-0.00678,1.0,0.9948,0.0052,0.5,0.55962,-0.05962
6,5128,112257.3,HOLD_CLOSED,1.0,0.99479,0.00521,0.5,0.50847,-0.00847,1.0,0.9948,0.0052,0.5,0.56154,-0.06154
6,5129,112278.0,HOLD_CLOSED,1.0,0.99479,0.00521,0.5,0.50508,-0.00508,1.0,0.99307,0.00693,0.5,0.56154,-0.06154
6,5130,112299.5,HOLD_CLOSED,1.0,0.99479,0.00521,0.5,0.50678,-0.00678,1.0,0.9948,0.0052,0.5,0.55962,-0.05962
6,5131,112319.5,HOLD_CLOSED,1.0,0.99479,0.00521,0.5,0.50678,-0.00678,1.0,0.99307,0.00693,0.5,0.56154,-0.06154
6,5132,112342.0,HOLD_CLOSED,1.0,0.99306,0.00694,0.5,0.50678,-0.00678,1.0,0.9948,0.0052,0.5,0.55962,-0.05962
6,5133,112361.5,HOLD_CLOSED,1.0,0.99479,0.00521,0.5,0.50508,-0.00508,1.0,0.99653,0.00347,0.5,0.55962,-0.05962
6,5134,112382.8,HOLD_CLOSED,1.0,0.99479,0.00521,0.5,0.50678,-0.00678,1.0,0.9948,0.0052,0.5,0.55962,-0.05962
6,5135,112404.0,HOLD_CLOSED,1.0,0.99479,0.00521,0.5,0.50678,-0.00678,1.0,0.9948,0.0052,0.5,0.56538,-0.06538
6,5136,112425.2,HOLD_CLOSED,1.0,0.99306,0.00694,0.5,0.50678,-0.00678,1.0,0.99307,0.00693,0.5,0.55962,-0.05962
6,5137,112444.6,HOLD_CLOSED,1.0,0.99306,0.00694,0.5,0.50508,-0.00508,1.0,0.99307,0.00693,0.5,0.55962,-0.05962
6,5138,112465.8,HOLD_CLOSED,1.0,0.99479,0.00521,0.5,0.50678,-0.00678,1.0,0.99133,0.00867,0.5,0.56154,-0.06154
6,5139,112486.7,HOLD_CLOSED,1.0,0.99306,0.00694,0.5,0.50678,-0.00678,1.0,0.99133,0.00867,0.5,0.55962,-0.05962
6,5140,112507.2,HOLD_CLOSED,1.0,0.99306,0.00694,0.5,0.50678,-0.00678,1.0,0.99307,0.00693,0.5,0.55962,-0.05962
6,5141,112528.4,HOLD_CLOSED,1.0,0.99306,0.00694,0.5,0.50678,-0.00678,1.0,0.9948,0.0052,0.5,0.55962,-0.05962
6,5142,112548.4,HOLD_CLOSED,1.0,0.99479,0.00521,0.5,0.50678,-0.00678,1.0,0.99307,0.00693,0.5,0.56154,-0.06154
6,5143,112569.5,HOLD_CLOSED,1.0,0.99479,0.00521,0.5,0.50678,-0.00678,1.0,0.99307,0.00693,0.5,0.55962,-0.05962
6,5144,112590.3,HOLD_CLOSED,1.0,0.99306,0.00694,0.5,0.50508,-0.00508,1.0,0.9948,0.0052,0.5,0.56154,-0.06154
6,5145,112611.3,HOLD_CLOSED,1.0,0.99479,0.00521,0.5,0.50508,-0.00508,1.0,0.9948,0.0052,0.5,0.55962,-0.05962
6,5146,112632.3,HOLD_CLOSED,1.0,0.99479,0.00521,0.5,0.50678,-0.00678,1.0,0.99307,0.00693,0.5,0.55962,-0.05962
6,5147,112653.3,HOLD_CLOSED,1.0,0.99479,0.00521,0.5,0.50678,-0.00678,1.0,0.9948,0.0052,0.5,0.55962,-0.05962
6,5148,112673.4,HOLD_CLOSED,1.0,0.99306,0.00694,0.5,0.50678,-0.00678,1.0,0.99133,0.00867,0.5,0.56154,-0.06154
6,5149,112695.0,HOLD_CLOSED,1.0,0.99479,0.00521,0.5,0.50508,-0.00508,1.0,0.99133,0.00867,0.5,0.56154,-0.06154
6,5150,112717.7,OPEN,0.995,0.99479,0.00021,0.495,0.50678,-0.01178,0.995,0.99307,0.00193,0.495,0.55962,-0.06462
6,5151,112738.9,OPEN,0.99,0.99306,-0.00306,0.49,0.50678,-0.01678,0.99,0.99133,-0.00133,0.49,0.55962,-0.06962
6,5152,112758.9,OPEN,0.985,0.99306,-0.00806,0.485,0.50678,-0.02178,0.985,0.99307,-0.00807,0.485,0.56154,-0.07654
6,5153,112780.7,OPEN,0.98,0.99479,-0.01479,0.48,0.50678,-0.02678,0.98,0.9948,-0.0148,0.48,0.55962,-0.07962
6,5154,112803.1,OPEN,0.975,0.99479,-0.01979,0.475,0.50678,-0.03178,0.975,0.99133,-0.01633,0.475,0.56154,-0.08654
6,5155,112823.1,OPEN,0.97,0.99653,-0.02653,0.47,0.50678,-0.03678,0.97,0.9948,-0.0248,0.47,0.55769,-0.08769
6,5156,112843.7,OPEN,0.965,0.99479,-0.02979,0.465,0.50678,-0.04178,0.965,0.9948,-0.0298,0.465,0.55962,-0.09462
6,5157,112863.5,OPEN,0.96,0.99479,-0.03479,0.46,0.50678,-0.04678,0.96,0.9948,-0.0348,0.46,0.55962,-0.09962
6,5158,112884.2,OPEN,0.955,0.99306,-0.03806,0.455,0.50678,-0.05178,0.955,0.99307,-0.03807,0.455,0.55962,-0.10462
6,5159,112907.5,OPEN,0.95,0.99479,-0.04479,0.45,0.50678,-0.05678,0.95,0.9948,-0.0448,0.45,0.55962,-0.10962
6,5160,112926.0,OPEN,0.945,0.99479,-0.04979,0.445,0.50508,-0.06008,0.945,0.99307,-0.04807,0.445,0.56154,-0.11654
6,5161,112948.1,OPEN,0.94,0.99479,-0.05479,0.44,0.50339,-0.06339,0.94,0.9948,-0.0548,0.44,0.55962,-0.11962
6,5162,112967.8,OPEN,0.935,0.99306,-0.05806,0.435,0.49322,-0.05822,0.935,0.99307,-0.05807,0.435,0.55769,-0.12269
6,5163,112988.5,OPEN,0.93,0.99306,-0.06306,0.43,0.48644,-0.05644,0.93,0.99307,-0.06307,0.43,0.55,-0.12
6,5164,113009.3,OPEN,0.925,0.99306,-0.06806,0.425,0.47797,-0.05297,0.925,0.9948,-0.0698,0.425,0.54038,-0.11538
6,5165,113029.6,OPEN,0.92,0.98958,-0.06958,0.42,0.47119,-0.05119,0.92,0.99307,-0.07307,0.42,0.53462,-0.11462
6,5166,113050.7,OPEN,0.915,0.99132,-0.07632,0.415,0.46441,-0.04941,0.915,0.99133,-0.07633,0.415,0.52115,-0.10615
6,5167,113071.5,OPEN,0.91,0.98264,-0.07264,0.41,0.46271,-0.05271,0.91,0.9844,-0.0744,0.41,0.51346,-0.10346
6,5168,113093.0,OPEN,0.905,0.97569,-0.07069,0.405,0.45085,-0.04585,0.905,0.974,-0.069,0.405,0.50385,-0.09885
6,5169,113113.7,OPEN,0.9,0.97222,-0.07222,0.4,0.43729,-0.03729,0.9,0.974,-0.074,0.4,0.49423,-0.09423
6,5170,113134.4,OPEN,0.895,0.96528,-0.07028,0.395,0.4322,-0.0372,0.895,0.9688,-0.0738,0.395,0.48654,-0.09154
6,5171,113155.0,OPEN,0.89,0.9566,-0.0666,0.39,0.42203,-0.03203,0.89,0.96014,-0.07014,0.39,0.475,-0.085
6,5172,113175.6,OPEN,0.885,0.94792,-0.06292,0.385,0.41525,-0.03025,0.885,0.95667,-0.07167,0.385,0.46346,-0.07846
6,5173,113196.7,OPEN,0.88,0.94097,-0.06097,0.38,0.41017,-0.03017,0.88,0.94974,-0.06974,0.38,0.45577,-0.07577
6,5174,113218.0,OPEN,0.875,0.93576,-0.06076,0.375,0.40339,-0.02839,0.875,0.94281,-0.06781,0.375,0.45,-0.075
6,5175,113238.0,OPEN,0.87,0.92361,-0.05361,0.37,0.4,-0.03,0.87,0.93588,-0.06588,0.37,0.44231,-0.07231
6,5176,113260.7,OPEN,0.865,0.91667,-0.05167,0.365,0.39661,-0.03161,0.865,0.92894,-0.06394,0.365,0.43654,-0.07154
6,5177,113280.7,OPEN,0.86,0.91146,-0.05146,0.36,0.39492,-0.03492,0.86,0.92548,-0.06548,0.36,0.43269,-0.07269
6,5178,113301.9,OPEN,0.855,0.90625,-0.05125,0.355,0.39322,-0.03822,0.855,0.91508,-0.06008,0.355,0.43077,-0.07577
6,5179,113323.2,OPEN,0.85,0.90104,-0.05104,0.35,0.39153,-0.04153,0.85,0.90641,-0.05641,0.35,0.42885,-0.07885
6,5180,113343.0,OPEN,0.845,0.89236,-0.04736,0.345,0.39153,-0.04653,0.845,0.89775,-0.05275,0.345,0.42692,-0.08192
6,5181,113364.7,OPEN,0.84,0.89062,-0.05063,0.34,0.39153,-0.05153,0.84,0.88908,-0.04908,0.34,0.425,-0.085
6,5182,113384.9,OPEN,0.835,0.88889,-0.05389,0.335,0.38983,-0.05483,0.835,0.88042,-0.04542,0.335,0.42308,-0.08808
6,5183,113405.7,OPEN,0.83,0.88542,-0.05542,0.33,0.38644,-0.05644,0.83,0.87348,-0.04348,0.33,0.40962,-0.07962
6,5184,113427.1,OPEN,0.825,0.88542,-0.06042,0.325,0.38814,-0.06314,0.825,0.86655,-0.04155,0.325,0.41731,-0.09231
6,5185,113446.9,OPEN,0.82,0.87847,-0.05847,0.32,0.37797,-0.05797,0.82,0.86135,-0.04135,0.32,0.41346,-0.09346
6,5186,113467.4,OPEN,0.815,0.875,-0.06,0.315,0.37288,-0.05788,0.815,0.85615,-0.04115,0.315,0.40962,-0.09462
6,5187,113488.0,OPEN,0.81,0.87326,-0.06326,0.31,0.3678,-0.0578,0.81,0.85095,-0.04095,0.31,0.40577,-0.09577
6,5188,113508.9,OPEN,0.805,0.86979,-0.06479,0.305,0.3678,-0.0628,0.805,0.84575,-0.04075,0.305,0.4,-0.095
6,5189,113530.0,OPEN,0.8,0.86806,-0.06806,0.3,0.35763,-0.05763,0.8,0.84402,-0.04402,0.3,0.39615,-0.09615
6,5190,113550.3,OPEN,0.795,0.86806,-0.07306,0.295,0.35593,-0.06093,0.795,0.84229,-0.04729,0.295,0.39231,-0.09731
6,5191,113571.3,OPEN,0.79,0.86979,-0.07979,0.29,0.34237,-0.05237,0.79,0.83882,-0.04882,0.29,0.38077,-0.09077
6,5192,113592.4,OPEN,0.785,0.86458,-0.07958,0.285,0.3339,-0.0489,0.785,0.83882,-0.05382,0.285,0.375,-0.09
6,5193,113612.8,OPEN,0.78,0.85938,-0.07938,0.28,0.32881,-0.04881,0.78,0.84055,-0.06055,0.28,0.37115,-0.09115
6,5194,113633.9,OPEN,0.775,0.85417,-0.07917,0.275,0.32203,-0.04703,0.775,0.83882,-0.06382,0.275,0.36346,-0.08846
6,5195,113655.5,OPEN,0.77,0.84896,-0.07896,0.27,0.31695,-0.04695,0.77,0.84402,-0.07402,0.27,0.35769,-0.08769
6,5196,113676.0,OPEN,0.765,0.84201,-0.07701,0.265,0.31695,-0.05195,0.765,0.83709,-0.07209,0.265,0.35577,-0.09077
6,5197,113696.1,OPEN,0.76,0.84028,-0.08028,0.26,0.31186,-0.05186,0.76,0.83362,-0.07362,0.26,0.34423,-0.08423
6,5198,113718.0,OPEN,0.755,0.82986,-0.07486,0.255,0.3,-0.045,0.755,0.82669,-0.07169,0.255,0.33462,-0.07962
6,5199,113739.7,OPEN,0.75,0.81944,-0.06944,0.25,0.29492,-0.04492,0.75,0.81976,-0.06976,0.25,0.32692,-0.07692
6,5200,113760.7,OPEN,0.745,0.81076,-0.06576,0.245,0.28983,-0.04483,0.745,0.81456,-0.06956,0.245,0.32115,-0.07615
6,5201,113781.4,OPEN,0.74,0.80208,-0.06208,0.24,0.28814,-0.04814,0.74,0.81456,-0.07456,0.24,0.31538,-0.07538
6,5202,113802.2,OPEN,0.735,0.79514,-0.06014,0.235,0.28136,-0.04636,0.735,0.80243,-0.06743,0.235,0.30962,-0.07462
6,5203,113821.8,OPEN,0.73,0.78993,-0.05993,0.23,0.27966,-0.04966,0.73,0.79896,-0.06896,0.23,0.3,-0.07
6,5204,113843.8,OPEN,0.725,0.78299,-0.05799,0.225,0.27288,-0.04788,0.725,0.78683,-0.06183,0.225,0.29615,-0.07115
6,5205,113863.8,OPEN,0.72,0.77257,-0.05257,0.22,0.2661,-0.0461,0.72,0.78163,-0.06163,0.22,0.28846,-0.06846
6,5206,113884.2,OPEN,0.715,0.7691,-0.0541,0.215,0.26271,-0.04771,0.715,0.77123,-0.05623,0.215,0.28462,-0.06962
6,5207,113906.0,OPEN,0.71,0.76215,-0.05215,0.21,0.25254,-0.04254,0.71,0.76256,-0.05256,0.21,0.27692,-0.06692
6,5208,113925.8,OPEN,0.705,0.75694,-0.05194,0.205,0.24576,-0.04076,0.705,0.7591,-0.0541,0.205,0.27692,-0.07192
6,5209,113946.6,OPEN,0.7,0.75347,-0.05347,0.2,0.24068,-0.04068,0.7,0.75217,-0.05217,0.2,0.26731,-0.06731
6,5210,113967.6,OPEN,0.695,0.74826,-0.05326,0.195,0.23559,-0.04059,0.695,0.74697,-0.05197,0.195,0.26346,-0.06846
6,5211,113988.3,OPEN,0.69,0.74653,-0.05653,0.19,0.23051,-0.04051,0.69,0.74177,-0.05177,0.19,0.25962,-0.06962
6,5212,114009.1,OPEN,0.685,0.74306,-0.05806,0.185,0.2339,-0.0489,0.685,0.73657,-0.05157,0.185,0.25769,-0.07269
6,5213,114030.0,OPEN,0.68,0.74479,-0.06479,0.18,0.22373,-0.04373,0.68,0.73137,-0.05137,0.18,0.25385,-0.07385
6,5214,114051.2,OPEN,0.675,0.73785,-0.06285,0.175,0.22203,-0.04703,0.675,0.7279,-0.0529,0.175,0.24423,-0.06923
6,5215,114071.8,OPEN,0.67,0.73438,-0.06438,0.17,0.21695,-0.04695,0.67,0.7227,-0.0527,0.17,0.23846,-0.06846
6,5216,114092.3,OPEN,0.665,0.73264,-0.06764,0.165,0.21695,-0.05195,0.665,0.71924,-0.05424,0.165,0.23269,-0.06769
6,5217,114112.9,OPEN,0.66,0.72917,-0.06917,0.16,0.21017,-0.05017,0.66,0.72097,-0.06097,0.16,0.225,-0.065
6,5218,114133.8,OPEN,0.655,0.72569,-0.07069,0.155,0.20678,-0.05178,0.655,0.72097,-0.06597,0.155,0.21731,-0.06231
6,5219,114154.9,OPEN,0.65,0.72569,-0.07569,0.15,0.20169,-0.05169,0.65,0.70711,-0.05711,0.15,0.21154,-0.06154
6,5220,114176.1,OPEN,0.645,0.71875,-0.07375,0.145,0.20169,-0.05669,0.645,0.70191,-0.05691,0.145,0.20385,-0.05885
6,5221,114196.8,OPEN,0.64,0.71181,-0.07181,0.14,0.19322,-0.05322,0.64,0.69844,-0.05844,0.14,0.19808,-0.05808
6,5222,114219.2,OPEN,0.635,0.70139,-0.06639,0.135,0.18814,-0.05314,0.635,0.69151,-0.05651,0.135,0.19423,-0.05923
6,5223,114240.3,OPEN,0.63,0.69792,-0.06792,0.13,0.18305,-0.05305,0.63,0.68631,-0.05631,0.13,0.18654,-0.05654
6,5224,114259.7,OPEN,0.625,0.68924,-0.06424,0.125,0.17966,-0.05466,0.625,0.68284,-0.05784,0.125,0.18846,-0.06346
6,5225,114282.1,OPEN,0.62,0.68229,-0.06229,0.12,0.17288,-0.05288,0.62,0.67591,-0.05591,0.12,0.17885,-0.05885
6,5226,114300.5,OPEN,0.615,0.67882,-0.06382,0.115,0.17288,-0.05788,0.615,0.67071,-0.05571,0.115,0.175,-0.06
6,5227,114322.7,OPEN,0.61,0.6684,-0.0584,0.11,0.16441,-0.05441,0.61,0.66551,-0.05551,0.11,0.16923,-0.05923
6,5228,114343.3,OPEN,0.605,0.66319,-0.05819,0.105,0.1661,-0.0611,0.605,0.66031,-0.05531,0.105,0.16538,-0.06038
6,5229,114364.2,OPEN,0.6,0.65799,-0.05799,0.1,0.15424,-0.05424,0.6,0.65858,-0.05858,0.1,0.15962,-0.05962
6,5230,114384.2,OPEN,0.595,0.65278,-0.05778,0.095,0.15254,-0.05754,0.595,0.65165,-0.05665,0.095,0.15577,-0.06077
6,5231,114404.8,OPEN,0.59,0.64931,-0.05931,0.09,0.14407,-0.05407,0.59,0.64298,-0.05298,0.09,0.15769,-0.06769
6,5232,114425.7,OPEN,0.585,0.64236,-0.05736,0.085,0.14915,-0.06415,0.585,0.64298,-0.05798,0.085,0.15,-0.065
6,5233,114446.4,OPEN,0.58,0.63889,-0.05889,0.08,0.13898,-0.05898,0.58,0.63605,-0.05605,0.08,0.14423,-0.06423
6,5234,114467.0,OPEN,0.575,0.63715,-0.06215,0.075,0.1339,-0.0589,0.575,0.63258,-0.05758,0.075,0.14038,-0.06538
6,5235,114488.1,OPEN,0.57,0.62674,-0.05674,0.07,0.12203,-0.05203,0.57,0.63085,-0.06085,0.07,0.12885,-0.05885
6,5236,114509.2,OPEN,0.565,0.625,-0.06,0.065,0.11864,-0.05364,0.565,0.62045,-0.05545,0.065,0.125,-0.06
6,5237,114530.4,OPEN,0.56,0.61979,-0.05979,0.06,0.11356,-0.05356,0.56,0.61525,-0.05525,0.06,0.11923,-0.05923
6,5238,114550.5,OPEN,0.555,0.62153,-0.06653,0.055,0.10508,-0.05008,0.555,0.60832,-0.05332,0.055,0.11154,-0.05654
6,5239,114571.0,OPEN,0.55,0.60938,-0.05938,0.05,0.1,-0.05,0.55,0.60485,-0.05485,0.05,0.10577,-0.05577
6,5240,114592.6,OPEN,0.545,0.61111,-0.06611,0.045,0.09661,-0.05161,0.545,0.59965,-0.05465,0.045,0.09423,-0.04923
6,5241,114613.4,OPEN,0.54,0.6059,-0.0659,0.04,0.08983,-0.04983,0.54,0.59445,-0.05445,0.04,0.08846,-0.04846
6,5242,114634.3,OPEN,0.535,0.59549,-0.06049,0.035,0.08475,-0.04975,0.535,0.58925,-0.05425,0.035,0.09231,-0.05731
6,5243,114655.1,OPEN,0.53,0.59028,-0.06028,0.03,0.07797,-0.04797,0.53,0.58406,-0.05406,0.03,0.07885,-0.04885
6,5244,114676.2,OPEN,0.525,0.58681,-0.06181,0.025,0.07458,-0.04958,0.525,0.58059,-0.05559,0.025,0.06731,-0.04231
6,5245,114697.5,OPEN,0.52,0.5816,-0.0616,0.02,0.0678,-0.0478,0.52,0.57366,-0.05366,0.02,0.06154,-0.04154
6,5246,114718.6,OPEN,0.515,0.57812,-0.06313,0.015,0.06271,-0.04771,0.515,0.57019,-0.05519,0.015,0.05769,-0.04269
6,5247,114739.2,OPEN,0.51,0.57118,-0.06118,0.01,0.05763,-0.04763,0.51,0.56499,-0.05499,0.01,0.05385,-0.04385
6,5248,114760.1,OPEN,0.505,0.56424,-0.05924,0.005,0.05254,-0.04754,0.505,0.55806,-0.05306,0.005,0.04808,-0.04308
6,5249,114780.7,OPEN,0.5,0.5625,-0.0625,0.0,0.04915,-0.04915,0.5,0.55286,-0.05286,0.0,0.04231,-0.04231
6,5250,114801.8,OPEN,0.495,0.55556,-0.06056,0.0,0.04576,-0.04576,0.495,0.54766,-0.05266,0.0,0.03654,-0.03654
6,5251,114822.9,OPEN,0.49,0.54688,-0.05688,0.0,0.0339,-0.0339,0.49,0.54766,-0.05766,0.0,0.03077,-0.03077
6,5252,114843.5,OPEN,0.485,0.54861,-0.06361,0.0,0.03051,-0.03051,0.485,0.53726,-0.05226,0.0,0.025,-0.025
6,5253,114863.1,OPEN,0.48,0.53646,-0.05646,0.0,0.02542,-0.02542,0.48,0.5338,-0.0538,0.0,0.01923,-0.01923
6,5254,114884.1,OPEN,0.475,0.53299,-0.05799,0.0,0.02712,-0.02712,0.475,0.5286,-0.0536,0.0,0.01538,-0.01538
6,5255,114905.2,OPEN,0.47,0.52604,-0.05604,0.0,0.01695,-0.01695,0.47,0.52513,-0.05513,0.0,0.00962,-0.00962
6,5256,114925.6,OPEN,0.465,0.5191,-0.0541,0.0,0.01356,-0.01356,0.465,0.51993,-0.05493,0.0,0.00577,-0.00577
6,5257,114946.1,OPEN,0.46,0.51215,-0.05215,0.0,0.01186,-0.01186,0.46,0.513,-0.053,0.0,0.00192,-0.00192
6,5258,114965.5,OPEN,0.455,0.50694,-0.05194,0.0,0.01017,-0.01017,0.455,0.50433,-0.04933,0.0,0.0,0.0
6,5259,114985.2,OPEN,0.45,0.49826,-0.04826,0.0,0.01017,-0.01017,0.45,0.49913,-0.04913,0.0,0.0,0.0
6,5260,115006.1,OPEN,0.445,0.49306,-0.04806,0.0,0.00847,-0.00847,0.445,0.48873,-0.04373,0.0,0.0,0.0
6,5261,115026.8,OPEN,0.44,0.48785,-0.04785,0.0,0.00847,-0.00847,0.44,0.4818,-0.0418,0.0,0.0,0.0
6,5262,115048.7,OPEN,0.435,0.48611,-0.05111,0.0,0.00847,-0.00847,0.435,0.48007,-0.04507,0.0,0.0,0.0
6,5263,115070.1,OPEN,0.43,0.48438,-0.05438,0.0,0.00847,-0.00847,0.43,0.4766,-0.0466,0.0,0.0,0.0
6,5264,115092.7,OPEN,0.425,0.48264,-0.05764,0.0,0.00678,-0.00678,0.425,0.47487,-0.04987,0.0,0.0,0.0
6,5265,115113.4,OPEN,0.42,0.48611,-0.06611,0.0,0.00847,-0.00847,0.42,0.4714,-0.0514,0.0,0.0,0.0
6,5266,115133.7,OPEN,0.415,0.47917,-0.06417,0.0,0.00847,-0.00847,0.415,0.46794,-0.05294,0.0,0.0,0.0
6,5267,115153.9,OPEN,0.41,0.47396,-0.06396,0.0,0.00847,-0.00847,0.41,0.46447,-0.05447,0.0,0.0,0.0
6,5268,115174.3,OPEN,0.405,0.47222,-0.06722,0.0,0.00847,-0.00847,0.405,0.45927,-0.05427,0.0,0.0,0.0
6,5269,115194.1,OPEN,0.4,0.46701,-0.06701,0.0,0.00847,-0.00847,0.4,0.45754,-0.05754,0.0,0.0,0.0
6,5270,115214.6,OPEN,0.395,0.46181,-0.06681,0.0,0.00847,-0.00847,0.395,0.45234,-0.05734,0.0,0.0,0.0
6,5271,115234.7,OPEN,0.39,0.45486,-0.06486,0.0,0.00847,-0.00847,0.39,0.44714,-0.05714,0.0,0.0,0.0
6,5272,115256.6,OPEN,0.385,0.44792,-0.06292,0.0,0.00847,-0.00847,0.385,0.44194,-0.05694,0.0,0.0,0.0
6,5273,115277.8,OPEN,0.38,0.44271,-0.06271,0.0,0.00847,-0.00847,0.38,0.43674,-0.05674,0.0,0.0,0.0
6,5274,115298.5,OPEN,0.375,0.4375,-0.0625,0.0,0.00847,-0.00847,0.375,0.43501,-0.06001,0.0,0.0,0.0
6,5275,115320.0,OPEN,0.37,0.43403,-0.06403,0.0,0.00678,-0.00678,0.37,0.42634,-0.05634,0.0,0.0,0.0
6,5276,115339.6,OPEN,0.365,0.42535,-0.06035,0.0,0.00847,-0.00847,0.365,0.42288,-0.05788,0.0,0.0,0.0
6,5277,115360.7,OPEN,0.36,0.4184,-0.0584,0.0,0.00847,-0.00847,0.36,0.41421,-0.05421,0.0,0.0,0.0
6,5278,115380.4,OPEN,0.355,0.41319,-0.05819,0.0,0.00847,-0.00847,0.355,0.40901,-0.05401,0.0,0.0,0.0
6,5279,115401.3,OPEN,0.35,0.40451,-0.05451,0.0,0.00847,-0.00847,0.35,0.40381,-0.05381,0.0,0.0,0.0
6,5280,115421.9,OPEN,0.345,0.40104,-0.05604,0.0,0.00339,-0.00339,0.345,0.39861,-0.05361,0.0,0.0,0.0
6,5281,115443.0,OPEN,0.34,0.3941,-0.0541,0.0,0.00678,-0.00678,0.34,0.38995,-0.04995,0.0,0.0,0.0
6,5282,115463.9,OPEN,0.335,0.3941,-0.0591,0.0,0.00508,-0.00508,0.335,0.38648,-0.05148,0.0,0.0,0.0
6,5283,115484.3,OPEN,0.33,0.38889,-0.05889,0.0,0.00339,-0.00339,0.33,0.38128,-0.05128,0.0,0.0,0.0
6,5284,115506.2,OPEN,0.325,0.38021,-0.05521,0.0,0.00508,-0.00508,0.325,0.37608,-0.05108,0.0,0.0,0.0
6,5285,115526.3,OPEN,0.32,0.37326,-0.05326,0.0,0.00508,-0.00508,0.32,0.37088,-0.05088,0.0,0.0,0.0
6,5286,115546.9,OPEN,0.315,0.36979,-0.05479,0.0,0.00508,-0.00508,0.315,0.36568,-0.05068,0.0,0.0,0.0
6,5287,115567.9,OPEN,0.31,0.36458,-0.05458,0.0,0.00339,-0.00339,0.31,0.36222,-0.05222,0.0,0.0,0.0
6,5288,115590.0,OPEN,0.305,0.35938,-0.05438,0.0,0.00508,-0.00508,0.305,0.35529,-0.05029,0.0,0.0,0.0
6,5289,115611.2,OPEN,0.3,0.35417,-0.05417,0.0,0.00508,-0.00508,0.3,0.35009,-0.05009,0.0,0.0,0.0
6,5290,115633.7,OPEN,0.295,0.34722,-0.05222,0.0,0.00508,-0.00508,0.295,0.34662,-0.05162,0.0,0.0,0.0
6,5291,115654.2,OPEN,0.29,0.34375,-0.05375,0.0,0.00339,-0.00339,0.29,0.33969,-0.04969,0.0,0.0,0.0
6,5292,115675.7,OPEN,0.285,0.33854,-0.05354,0.0,0.00339,-0.00339,0.285,0.33449,-0.04949,0.0,0.0,0.0
6,5293,115698.0,OPEN,0.28,0.3316,-0.0516,0.0,0.00339,-0.00339,0.28,0.32929,-0.04929,0.0,0.0,0.0
6,5294,115717.4,OPEN,0.275,0.32639,-0.05139,0.0,0.00339,-0.00339,0.275,0.32582,-0.05082,0.0,0.0,0.0
6,5295,115736.9,OPEN,0.27,0.32118,-0.05118,0.0,0.00339,-0.00339,0.27,0.31889,-0.04889,0.0,0.0,0.0
6,5296,115756.3,OPEN,0.265,0.31771,-0.05271,0.0,0.00508,-0.00508,0.265,0.31369,-0.04869,0.0,0.0,0.0
6,5297,115778.4,OPEN,0.26,0.31076,-0.05076,0.0,0.00508,-0.00508,0.26,0.31023,-0.05023,0.0,0.0,0.0
6,5298,115799.5,OPEN,0.255,0.30729,-0.05229,0.0,0.00339,-0.00339,0.255,0.30503,-0.05003,0.0,0.0,0.0
6,5299,115819.7,OPEN,0.25,0.30729,-0.05729,0.0,0.00508,-0.00508,0.25,0.29983,-0.04983,0.0,0.0,0.0
6,5300,115840.6,OPEN,0.245,0.30208,-0.05708,0.0,0.00508,-0.00508,0.245,0.29463,-0.04963,0.0,0.0,0.0
6,5301,115861.9,OPEN,0.24,0.29167,-0.05167,0.0,0.00508,-0.00508,0.24,0.29116,-0.05116,0.0,0.0,0.0
6,5302,115882.1,OPEN,0.235,0.28472,-0.04972,0.0,0.00508,-0.00508,0.235,0.28423,-0.04923,0.0,0.0,0.0
6,5303,115901.8,OPEN,0.23,0.28299,-0.05299,0.0,0.00678,-0.00678,0.23,0.28076,-0.05076,0.0,0.0,0.0
6,5304,115921.8,OPEN,0.225,0.27778,-0.05278,0.0,0.00508,-0.00508,0.225,0.2773,-0.0523,0.0,0.0,0.0
6,5305,115942.9,OPEN,0.22,0.27257,-0.05257,0.0,0.00508,-0.00508,0.22,0.27036,-0.05036,0.0,0.0,0.0
6,5306,115965.3,OPEN,0.215,0.2691,-0.0541,0.0,0.00508,-0.00508,0.215,0.2669,-0.0519,0.0,0.0,0.0
6,5307,115986.2,OPEN,0.21,0.26389,-0.05389,0.0,0.00678,-0.00678,0.21,0.2617,-0.0517,0.0,0.0,0.0
6,5308,116006.7,OPEN,0.205,0.25868,-0.05368,0.0,0.00339,-0.00339,0.205,0.2617,-0.0567,0.0,0.0,0.0
6,5309,116027.8,OPEN,0.2,0.25,-0.05,0.0,0.00508,-0.00508,0.2,0.2513,-0.0513,0.0,0.0,0.0
6,5310,116051.3,OPEN,0.195,0.25868,-0.06368,0.0,0.00508,-0.00508,0.195,0.2461,-0.0511,0.0,0.0,0.0
6,5311,116072.3,OPEN,0.19,0.25174,-0.06174,0.0,0.00508,-0.00508,0.19,0.2409,-0.0509,0.0,0.0,0.0
6,5312,116092.6,OPEN,0.185,0.23958,-0.05458,0.0,0.00339,-0.00339,0.185,0.2305,-0.0455,0.0,0.0,0.0
6,5313,116115.2,OPEN,0.18,0.23438,-0.05438,0.0,0.00678,-0.00678,0.18,0.2305,-0.0505,0.0,0.0,0.0
6,5314,116134.4,OPEN,0.175,0.22743,-0.05243,0.0,0.00339,-0.00339,0.175,0.2253,-0.0503,0.0,0.0,0.0
6,5315,116155.7,OPEN,0.17,0.22396,-0.05396,0.0,0.00508,-0.00508,0.17,0.22184,-0.05184,0.0,0.0,0.0
6,5316,116175.5,OPEN,0.165,0.21875,-0.05375,0.0,0.00339,-0.00339,0.165,0.21317,-0.04817,0.0,0.0,0.0
6,5317,116198.1,OPEN,0.16,0.21181,-0.05181,0.0,0.00678,-0.00678,0.16,0.20624,-0.04624,0.0,0.0,0.0
6,5318,116218.2,OPEN,0.155,0.20833,-0.05333,0.0,0.00508,-0.00508,0.155,0.20104,-0.04604,0.0,0.0,0.0
6,5319,116239.4,OPEN,0.15,0.20139,-0.05139,0.0,0.00508,-0.00508,0.15,0.19411,-0.04411,0.0,0.0,0.0
6,5320,116260.0,OPEN,0.145,0.19618,-0.05118,0.0,0.00339,-0.00339,0.145,0.18891,-0.04391,0.0,0.0,0.0
6,5321,116279.8,OPEN,0.14,0.19097,-0.05097,0.0,0.00339,-0.00339,0.14,0.18371,-0.04371,0.0,0.0,0.0
6,5322,116300.9,OPEN,0.135,0.18403,-0.04903,0.0,0.00339,-0.00339,0.135,0.17851,-0.04351,0.0,0.0,0.0
6,5323,116321.9,OPEN,0.13,0.17882,-0.04882,0.0,0.00508,-0.00508,0.13,0.17331,-0.04331,0.0,0.0,0.0
6,5324,116342.5,OPEN,0.125,0.17188,-0.04688,0.0,0.00508,-0.00508,0.125,0.17331,-0.04831,0.0,0.0,0.0
6,5325,116362.9,OPEN,0.12,0.16667,-0.04667,0.0,0.00339,-0.00339,0.12,0.16984,-0.04984,0.0,0.0,0.0
6,5326,116383.6,OPEN,0.115,0.17014,-0.05514,0.0,0.00508,-0.00508,0.115,0.16291,-0.04791,0.0,0.0,0.0
6,5327,116404.3,OPEN,0.11,0.16319,-0.05319,0.0,0.00339,-0.00339,0.11,0.15771,-0.04771,0.0,0.0,0.0
6,5328,116426.0,OPEN,0.105,0.15278,-0.04778,0.0,0.00339,-0.00339,0.105,0.15251,-0.04751,0.0,0.0,0.0
6,5329,116446.5,OPEN,0.1,0.14931,-0.04931,0.0,0.00339,-0.00339,0.1,0.14731,-0.04731,0.0,0.0,0.0
6,5330,116467.4,OPEN,0.095,0.14236,-0.04736,0.0,0.00508,-0.00508,0.095,0.14385,-0.04885,0.0,0.0,0.0
6,5331,116488.9,OPEN,0.09,0.13889,-0.04889,0.0,0.00678,-0.00678,0.09,0.13865,-0.04865,0.0,0.0,0.0
6,5332,116508.6,OPEN,0.085,0.13542,-0.05042,0.0,0.00508,-0.00508,0.085,0.13345,-0.04845,0.0,0.0,0.0
6,5333,116530.0,OPEN,0.08,0.13194,-0.05194,0.0,0.00339,-0.00339,0.08,0.13172,-0.05172,0.0,0.0,0.0
6,5334,116551.4,OPEN,0.075,0.125,-0.05,0.0,0.00678,-0.00678,0.075,0.12305,-0.04805,0.0,0.0,0.0
6,5335,116571.6,OPEN,0.07,0.12326,-0.05326,0.0,0.00508,-0.00508,0.07,0.11785,-0.04785,0.0,0.0,0.0
6,5336,116594.0,OPEN,0.065,0.11632,-0.05132,0.0,0.00339,-0.00339,0.065,0.11092,-0.04592,0.0,0.0,0.0
6,5337,116613.7,OPEN,0.06,0.11285,-0.05285,0.0,0.00508,-0.00508,0.06,0.10572,-0.04572,0.0,0.0,0.0
6,5338,116635.5,OPEN,0.055,0.1059,-0.0509,0.0,0.00508,-0.00508,0.055,0.09879,-0.04379,0.0,0.0,0.0
6,5339,116655.3,OPEN,0.05,0.10069,-0.05069,0.0,0.00339,-0.00339,0.05,0.09185,-0.04185,0.0,0.0,0.0
6,5340,116676.1,OPEN,0.045,0.09549,-0.05049,0.0,0.00508,-0.00508,0.045,0.08666,-0.04166,0.0,0.0,0.0
6,5341,116697.5,OPEN,0.04,0.08854,-0.04854,0.0,0.00339,-0.00339,0.04,0.08146,-0.04146,0.0,0.0,0.0
6,5342,116717.3,OPEN,0.035,0.08333,-0.04833,0.0,0.00339,-0.00339,0.035,0.07626,-0.04126,0.0,0.0,0.0
6,5343,116738.8,OPEN,0.03,0.07812,-0.04813,0.0,0.00339,-0.00339,0.03,0.06932,-0.03932,0.0,0.0,0.0
6,5344,116758.6,OPEN,0.025,0.07292,-0.04792,0.0,0.00508,-0.00508,0.025,0.06759,-0.04259,0.0,0.0,0.0
6,5345,116779.4,OPEN,0.02,0.06771,-0.04771,0.0,0.00339,-0.00339,0.02,0.06759,-0.04759,0.0,0.0,0.0
6,5346,116800.6,OPEN,0.015,0.06424,-0.04924,0.0,0.00508,-0.00508,0.015,0.05719,-0.04219,0.0,0.0,0.0
6,5347,116821.8,OPEN,0.01,0.0625,-0.0525,0.0,0.00339,-0.00339,0.01,0.05373,-0.04373,0.0,0.0,0.0
6,5348,116842.4,OPEN,0.005,0.05556,-0.05056,0.0,0.00339,-0.00339,0.005,0.05026,-0.04526,0.0,0.0,0.0
6,5349,116863.3,OPEN,0.0,0.04861,-0.04861,0.0,0.00339,-0.00339,0.0,0.04506,-0.04506,0.0,0.0,0.0
6,5350,116870.3,HOLD_OPEN,0.0,0.04861,-0.04861,0.0,0.00508,-0.00508,0.0,0.04506,-0.04506,0.0,0.0,0.0
6,5351,116893.0,HOLD_OPEN,0.0,0.04167,-0.04167,0.0,0.00339,-0.00339,0.0,0.03813,-0.03813,0.0,0.0,0.0
6,5352,116912.7,HOLD_OPEN,0.0,0.03646,-0.03646,0.0,0.00339,-0.00339,0.0,0.0364,-0.0364,0.0,0.0,0.0
6,5353,116933.8,HOLD_OPEN,0.0,0.03299,-0.03299,0.0,0.00339,-0.00339,0.0,0.0364,-0.0364,0.0,0.0,0.0
6,5354,116954.8,HOLD_OPEN,0.0,0.03299,-0.03299,0.0,0.00339,-0.00339,0.0,0.026,-0.026,0.0,0.0,0.0
6,5355,116976.5,HOLD_OPEN,0.0,0.02431,-0.02431,0.0,0.00339,-0.00339,0.0,0.0208,-0.0208,0.0,0.0,0.0
6,5356,116996.0,HOLD_OPEN,0.0,0.0191,-0.0191,0.0,0.00339,-0.00339,0.0,0.01733,-0.01733,0.0,0.0,0.0
6,5357,117017.3,HOLD_OPEN,0.0,0.01736,-0.01736,0.0,0.00339,-0.00339,0.0,0.0156,-0.0156,0.0,0.0,0.0
6,5358,117038.2,HOLD_OPEN,0.0,0.01215,-0.01215,0.0,0.00339,-0.00339,0.0,0.00867,-0.00867,0.0,0.0,0.0
6,5359,117058.1,HOLD_OPEN,0.0,0.01042,-0.01042,0.0,0.00339,-0.00339,0.0,0.00347,-0.00347,0.0,0.0,0.0
6,5360,117079.2,HOLD_OPEN,0.0,0.00868,-0.00868,0.0,0.00339,-0.00339,0.0,0.00347,-0.00347,0.0,0.0,0.0
6,5361,117100.1,HOLD_OPEN,0.0,0.00694,-0.00694,0.0,0.00339,-0.00339,0.0,0.00173,-0.00173,0.0,0.0,0.0
6,5362,117121.3,HOLD_OPEN,0.0,0.00694,-0.00694,0.0,0.00339,-0.00339,0.0,0.0,0.0,0.0,0.0,0.0
6,5363,117142.0,HOLD_OPEN,0.0,0.00694,-0.00694,0.0,0.00339,-0.00339,0.0,0.0,0.0,0.0,0.0,0.0
6,5364,117162.1,HOLD_OPEN,0.0,0.00694,-0.00694,0.0,0.00339,-0.00339,0.0,0.0,0.0,0.0,0.0,0.0
6,5365,117183.4,HOLD_OPEN,0.0,0.00694,-0.00694,0.0,0.00339,-0.00339,0.0,0.0,0.0,0.0,0.0,0.0
6,5366,117204.8,HOLD_OPEN,0.0,0.00694,-0.00694,0.0,0.00339,-0.00339,0.0,0.0,0.0,0.0,0.0,0.0
6,5367,117225.2,HOLD_OPEN,0.0,0.00694,-0.00694,0.0,0.00339,-0.00339,0.0,0.0,0.0,0.0,0.0,0.0
6,5368,117246.2,HOLD_OPEN,0.0,0.00694,-0.00694,0.0,0.00339,-0.00339,0.0,0.0,0.0,0.0,0.0,0.0
6,5369,117267.0,HOLD_OPEN,0.0,0.00694,-0.00694,0.0,0.00339,-0.00339,0.0,0.0,0.0,0.0,0.0,0.0
6,5370,117288.2,HOLD_OPEN,0.0,0.00694,-0.00694,0.0,0.00339,-0.00339,0.0,0.0,0.0,0.0,0.0,0.0
6,5371,117308.2,HOLD_OPEN,0.0,0.00694,-0.00694,0.0,0.00339,-0.00339,0.0,0.0,0.0,0.0,0.0,0.0
6,5372,117329.8,HOLD_OPEN,0.0,0.00694,-0.00694,0.0,0.00339,-0.00339,0.0,0.0,0.0,0.0,0.0,0.0
6,5373,117350.3,HOLD_OPEN,0.0,0.00694,-0.00694,0.0,0.00339,-0.00339,0.0,0.0,0.0,0.0,0.0,0.0
6,5374,117371.5,HOLD_OPEN,0.0,0.00694,-0.00694,0.0,0.00339,-0.00339,0.0,0.0,0.0,0.0,0.0,0.0
6,5375,117392.9,HOLD_OPEN,0.0,0.00694,-0.00694,0.0,0.00339,-0.00339,0.0,0.0,0.0,0.0,0.0,0.0
6,5376,117412.8,HOLD_OPEN,0.0,0.00694,-0.00694,0.0,0.00339,-0.00339,0.0,0.0,0.0,0.0,0.0,0.0
6,5377,117434.5,HOLD_OPEN,0.0,0.00694,-0.00694,0.0,0.00339,-0.00339,0.0,0.0,0.0,0.0,0.0,0.0
6,5378,117454.9,HOLD_OPEN,0.0,0.00694,-0.00694,0.0,0.00339,-0.00339,0.0,0.0,0.0,0.0,0.0,0.0
6,5379,117476.2,HOLD_OPEN,0.0,0.00694,-0.00694,0.0,0.00339,-0.00339,0.0,0.0,0.0,0.0,0.0,0.0
6,5380,117496.1,HOLD_OPEN,0.0,0.00174,-0.00174,0.0,0.00339,-0.00339,0.0,0.0,0.0,0.0,0.0,0.0
6,5381,117517.5,HOLD_OPEN,0.0,0.00694,-0.00694,0.0,0.00339,-0.00339,0.0,0.0,0.0,0.0,0.0,0.0
6,5382,117537.8,HOLD_OPEN,0.0,0.00694,-0.00694,0.0,0.00339,-0.00339,0.0,0.0,0.0,0.0,0.0,0.0
6,5383,117558.8,HOLD_OPEN,0.0,0.00694,-0.00694,0.0,0.00339,-0.00339,0.0,0.0,0.0,0.0,0.0,0.0
6,5384,117579.6,HOLD_OPEN,0.0,0.00521,-0.00521,0.0,0.00339,-0.00339,0.0,0.0,0.0,0.0,0.0,0.0
6,5385,117599.9,HOLD_OPEN,0.0,0.00521,-0.00521,0.0,0.00339,-0.00339,0.0,0.0,0.0,0.0,0.0,0.0
6,5386,117621.1,HOLD_OPEN,0.0,0.00521,-0.00521,0.0,0.00339,-0.00339,0.0,0.0,0.0,0.0,0.0,0.0
6,5387,117641.7,HOLD_OPEN,0.0,0.00521,-0.00521,0.0,0.00339,-0.00339,0.0,0.0,0.0,0.0,0.0,0.0
6,5388,117662.8,HOLD_OPEN,0.0,0.00521,-0.00521,0.0,0.00678,-0.00678,0.0,0.0,0.0,0.0,0.0,0.0
6,5389,117683.4,HOLD_OPEN,0.0,0.00521,-0.00521,0.0,0.00339,-0.00339,0.0,0.0,0.0,0.0,0.0,0.0
6,5390,117704.8,HOLD_OPEN,0.0,0.00521,-0.00521,0.0,0.00339,-0.00339,0.0,0.0,0.0,0.0,0.0,0.0
6,5391,117725.3,HOLD_OPEN,0.0,0.00521,-0.00521,0.0,0.00339,-0.00339,0.0,0.0,0.0,0.0,0.0,0.0
6,5392,117746.0,HOLD_OPEN,0.0,0.00521,-0.00521,0.0,0.00339,-0.00339,0.0,0.0,0.0,0.0,0.0,0.0
6,5393,117767.4,HOLD_OPEN,0.0,0.00521,-0.00521,0.0,0.00339,-0.00339,0.0,0.0,0.0,0.0,0.0,0.0
6,5394,117788.1,HOLD_OPEN,0.0,0.00521,-0.00521,0.0,0.00339,-0.00339,0.0,0.0,0.0,0.0,0.0,0.0
6,5395,117808.2,HOLD_OPEN,0.0,0.00521,-0.00521,0.0,0.00339,-0.00339,0.0,0.0,0.0,0.0,0.0,0.0
6,5396,117829.9,HOLD_OPEN,0.0,0.00694,-0.00694,0.0,0.00339,-0.00339,0.0,0.0,0.0,0.0,0.0,0.0
6,5397,117849.9,HOLD_OPEN,0.0,0.00521,-0.00521,0.0,0.00339,-0.00339,0.0,0.0,0.0,0.0,0.0,0.0
6,5398,117871.7,HOLD_OPEN,0.0,0.00521,-0.00521,0.0,0.00339,-0.00339,0.0,0.0,0.0,0.0,0.0,0.0
6,5399,117892.2,HOLD_OPEN,0.0,0.00521,-0.00521,0.0,0.00339,-0.00339,0.0,0.0,0.0,0.0,0.0,0.0
6,5400,117912.8,HOLD_OPEN,0.0,0.00521,-0.00521,0.0,0.00678,-0.00678,0.0,0.0,0.0,0.0,0.0,0.0
6,5401,117934.1,HOLD_OPEN,0.0,0.00694,-0.00694,0.0,0.00339,-0.00339,0.0,0.0,0.0,0.0,0.0,0.0
6,5402,117954.7,HOLD_OPEN,0.0,0.00521,-0.00521,0.0,0.00339,-0.00339,0.0,0.0,0.0,0.0,0.0,0.0
6,5403,117975.2,HOLD_OPEN,0.0,0.00521,-0.00521,0.0,0.00339,-0.00339,0.0,0.0,0.0,0.0,0.0,0.0
6,5404,117996.7,HOLD_OPEN,0.0,0.00521,-0.00521,0.0,0.00339,-0.00339,0.0,0.0,0.0,0.0,0.0,0.0
6,5405,118016.9,HOLD_OPEN,0.0,0.00521,-0.00521,0.0,0.00339,-0.00339,0.0,0.0,0.0,0.0,0.0,0.0
6,5406,118038.9,HOLD_OPEN,0.0,0.00521,-0.00521,0.0,0.00339,-0.00339,0.0,0.0,0.0,0.0,0.0,0.0
6,5407,118058.1,HOLD_OPEN,0.0,0.00521,-0.00521,0.0,0.00339,-0.00339,0.0,0.0,0.0,0.0,0.0,0.0
6,5408,118079.5,HOLD_OPEN,0.0,0.00521,-0.00521,0.0,0.00339,-0.00339,0.0,0.0,0.0,0.0,0.0,0.0
6,5409,118099.8,HOLD_OPEN,0.0,0.00521,-0.00521,0.0,0.00339,-0.00339,0.0,0.0,0.0,0.0,0.0,0.0
6,5410,118122.5,CLOSE_2,0.005,0.00521,-0.00021,0.005,0.00339,0.00161,0.005,0.0,0.005,0.005,0.0,0.005
6,5411,118143.9,CLOSE_2,0.01,0.00521,0.00479,0.01,0.00339,0.00661,0.01,0.0,0.01,0.01,0.0,0.01
6,5412,118164.9,CLOSE_2,0.015,0.00521,0.00979,0.015,0.00339,0.01161,0.015,0.0,0.015,0.015,0.0,0.015
6,5413,118186.8,CLOSE_2,0.02,0.00521,0.01479,0.02,0.00339,0.01661,0.02,0.0,0.02,0.02,0.0,0.02
6,5414,118206.6,CLOSE_2,0.025,0.00521,0.01979,0.025,0.00678,0.01822,0.025,0.0,0.025,0.025,0.0,0.025
6,5415,118227.1,CLOSE_2,0.03,0.00521,0.02479,0.03,0.00339,0.02661,0.03,0.0,0.03,0.03,0.0,0.03
6,5416,118248.1,CLOSE_2,0.035,0.00521,0.02979,0.035,0.00339,0.03161,0.035,0.0,0.035,0.035,0.0,0.035
6,5417,118271.1,CLOSE_2,0.04,0.00521,0.03479,0.04,0.00339,0.03661,0.04,0.00693,0.03307,0.04,0.0,0.04
6,5418,118291.4,CLOSE_2,0.045,0.00521,0.03979,0.045,0.00339,0.04161,0.045,0.00347,0.04153,0.045,0.0,0.045
6,5419,118311.9,CLOSE_2,0.05,0.00521,0.04479,0.05,0.00339,0.04661,0.05,0.0,0.05,0.05,0.0,0.05
6,5420,118332.8,CLOSE_2,0.055,0.00521,0.04979,0.055,0.01017,0.04483,0.055,0.00693,0.04807,0.055,0.0,0.055
6,5421,118354.2,CLOSE_2,0.06,0.00694,0.05306,0.06,0.01186,0.04814,0.06,0.0052,0.0548,0.06,0.0,0.06
6,5422,118373.7,CLOSE_2,0.065,0.01389,0.05111,0.065,0.00169,0.06331,0.065,0.01386,0.05114,0.065,0.00385,0.06115
6,5423,118394.7,CLOSE_2,0.07,0.02083,0.04917,0.07,0.00847,0.06153,0.07,0.02253,0.04747,0.07,0.01154,0.05846
6,5424,118414.4,CLOSE_2,0.075,0.02431,0.05069,0.075,0.00339,0.07161,0.075,0.02426,0.05074,0.075,0.01538,0.05962
6,5425,118436.0,CLOSE_2,0.08,0.03646,0.04354,0.08,0.01186,0.06814,0.08,0.03293,0.04707,0.08,0.02308,0.05692
6,5426,118455.9,CLOSE_2,0.085,0.0434,0.0416,0.085,0.01695,0.06805,0.085,0.04159,0.04341,0.085,0.025,0.06
6,5427,118477.8,CLOSE_2,0.09,0.05035,0.03965,0.09,0.02881,0.06119,0.09,0.05026,0.03974,0.09,0.04231,0.04769
6,5428,118498.3,CLOSE_2,0.095,0.06076,0.03424,0.095,0.03559,0.05941,0.095,0.05893,0.03607,0.095,0.05192,0.04308
6,5429,118518.9,CLOSE_2,0.1,0.06944,0.03056,0.1,0.04746,0.05254,0.1,0.06586,0.03414,0.1,0.05962,0.04038
6,5430,118539.6,CLOSE_2,0.105,0.07639,0.02861,0.105,0.05085,0.05415,0.105,0.07279,0.03221,0.105,0.06731,0.03769
6,5431,118561.1,CLOSE_2,0.11,0.08333,0.02667,0.11,0.06102,0.04898,0.11,0.07799,0.03201,0.11,0.07692,0.03308
6,5432,118581.5,CLOSE_2,0.115,0.09201,0.02299,0.115,0.0678,0.0472,0.115,0.08492,0.03008,0.115,0.08462,0.03038
6,5433,118601.8,CLOSE_2,0.12,0.09549,0.02451,0.12,0.08136,0.03864,0.12,0.09185,0.02815,0.12,0.09423,0.02577
6,5434,118624.5,CLOSE_2,0.125,0.10069,0.02431,0.125,0.08814,0.03686,0.125,0.10052,0.02448,0.125,0.10192,0.02308
6,5435,118644.3,CLOSE_2,0.13,0.10417,0.02583,0.13,0.09661,0.03339,0.13,0.10745,0.02255,0.13,0.10769,0.02231
6,5436,118664.8,CLOSE_2,0.135,0.10764,0.02736,0.135,0.10508,0.02992,0.135,0.11265,0.02235,0.135,0.11538,0.01962
6,5437,118688.5,CLOSE_2,0.14,0.11285,0.02715,0.14,0.11356,0.02644,0.14,0.11958,0.02042,0.14,0.11923,0.02077
6,5438,118706.5,CLOSE_2,0.145,0.11458,0.03042,0.145,0.12034,0.02466,0.145,0.12305,0.02195,0.145,0.12308,0.02192
6,5439,118729.7,CLOSE_2,0.15,0.11632,0.03368,0.15,0.12712,0.02288,0.15,0.12652,0.02348,0.15,0.13077,0.01923
6,5440,118749.8,CLOSE_2,0.155,0.11806,0.03694,0.155,0.1339,0.0211,0.155,0.12998,0.02502,0.155,0.13077,0.02423
6,5441,118770.2,CLOSE_2,0.16,0.12326,0.03674,0.16,0.13729,0.02271,0.16,0.13172,0.02828,0.16,0.13269,0.02731
6,5442,118791.2,CLOSE_2,0.165,0.12674,0.03826,0.165,0.14068,0.02432,0.165,0.13345,0.03155,0.165,0.13654,0.02846
6,5443,118812.5,CLOSE_2,0.17,0.13021,0.03979,0.17,0.14237,0.02763,0.17,0.13345,0.03655,0.17,0.15192,0.01808
6,5444,118831.6,CLOSE_2,0.175,0.13368,0.04132,0.175,0.14407,0.03093,0.175,0.13518,0.03982,0.175,0.14231,0.03269
6,5445,118853.3,CLOSE_2,0.18,0.14062,0.03938,0.18,0.13729,0.04271,0.18,0.13865,0.04135,0.18,0.15577,0.02423
6,5446,118873.2,CLOSE_2,0.185,0.1441,0.0409,0.185,0.14915,0.03585,0.185,0.14385,0.04115,0.185,0.15192,0.03308
6,5447,118894.2,CLOSE_2,0.19,0.15451,0.03549,0.19,0.15254,0.03746,0.19,0.14385,0.04615,0.19,0.15385,0.03615
6,5448,118915.6,CLOSE_2,0.195,0.15451,0.04049,0.195,0.15254,0.04246,0.195,0.14731,0.04769,0.195,0.16154,0.03346
6,5449,118935.6,CLOSE_2,0.2,0.15972,0.04028,0.2,0.15254,0.04746,0.2,0.15078,0.04922,0.2,0.16923,0.03077
6,5450,118956.5,CLOSE_2,0.205,0.17014,0.03486,0.205,0.16271,0.04229,0.205,0.15771,0.04729,0.205,0.16731,0.03769
6,5451,118977.4,CLOSE_2,0.21,0.17188,0.03813,0.21,0.15763,0.05237,0.21,0.16118,0.04882,0.21,0.17308,0.03692
6,5452,118997.9,CLOSE_2,0.215,0.18056,0.03444,0.215,0.16102,0.05398,0.215,0.16638,0.04862,0.215,0.17885,0.03615
6,5453,119018.9,CLOSE_2,0.22,0.18403,0.03597,0.22,0.16441,0.05559,0.22,0.17331,0.04669,0.22,0.19231,0.02769
6,5454,119040.2,CLOSE_2,0.225,0.19444,0.03056,0.225,0.16949,0.05551,0.225,0.17851,0.04649,0.225,0.19038,0.03462
6,5455,119060.8,CLOSE_2,0.23,0.19965,0.03035,0.23,0.17797,0.05203,0.23,0.19237,0.03763,0.23,0.19615,0.03385
6,5456,119081.8,CLOSE_2,0.235,0.20139,0.03361,0.235,0.17797,0.05703,0.235,0.19584,0.03916,0.235,0.20192,0.03308
6,5457,119102.9,CLOSE_2,0.24,0.20486,0.03514,0.24,0.18644,0.05356,0.24,0.20104,0.03896,0.24,0.21538,0.02462
6,5458,119122.5,CLOSE_2,0.245,0.21181,0.03319,0.245,0.18983,0.05517,0.245,0.20971,0.03529,0.245,0.22308,0.02192
6,5459,119144.2,CLOSE_2,0.25,0.21528,0.03472,0.25,0.19661,0.05339,0.25,0.21837,0.03163,0.25,0.23462,0.01538
6,5460,119164.9,CLOSE_2,0.255,0.22222,0.03278,0.255,0.20339,0.05161,0.255,0.21837,0.03663,0.255,0.24231,0.01269
6,5461,119187.5,CLOSE_2,0.26,0.22569,0.03431,0.26,0.21356,0.04644,0.26,0.22704,0.03296,0.26,0.24808,0.01192
6,5462,119208.7,CLOSE_2,0.265,0.23264,0.03236,0.265,0.21525,0.04975,0.265,0.2305,0.0345,0.265,0.25385,0.01115
6,5463,119228.2,CLOSE_2,0.27,0.23785,0.03215,0.27,0.22203,0.04797,0.27,0.2357,0.0343,0.27,0.25962,0.01038
6,5464,119249.2,CLOSE_2,0.275,0.24132,0.03368,0.275,0.22881,0.04619,0.275,0.24263,0.03237,0.275,0.26346,0.01154
6,5465,119269.8,CLOSE_2,0.28,0.24653,0.03347,0.28,0.23559,0.04441,0.28,0.2461,0.0339,0.28,0.26923,0.01077
6,5466,119290.9,CLOSE_2,0.285,0.25174,0.03326,0.285,0.25085,0.03415,0.285,0.2513,0.0337,0.285,0.27308,0.01192
6,5467,119311.2,CLOSE_2,0.29,0.25694,0.03306,0.29,0.25593,0.03407,0.29,0.2565,0.0335,0.29,0.27692,0.01308
6,5468,119332.3,CLOSE_2,0.295,0.25868,0.03632,0.295,0.26102,0.03398,0.295,0.2617,0.0333,0.295,0.28846,0.00654
6,5469,119352.4,CLOSE_2,0.3,0.26736,0.03264,0.3,0.2661,0.0339,0.3,0.2669,0.0331,0.3,0.28654,0.01346
6,5470,119373.6,CLOSE_2,0.305,0.27257,0.03243,0.305,0.27119,0.03381,0.305,0.27036,0.03464,0.305,0.29423,0.01077
6,5471,119394.2,CLOSE_2,0.31,0.27778,0.03222,0.31,0.27458,0.03542,0.31,0.27556,0.03444,0.31,0.29615,0.01385
6,5472,119414.9,CLOSE_2,0.315,0.28299,0.03201,0.315,0.27797,0.03703,0.315,0.27903,0.03597,0.315,0.30577,0.00923
6,5473,119435.7,CLOSE_2,0.32,0.29688,0.02313,0.32,0.28136,0.03864,0.32,0.2825,0.0375,0.32,0.30769,0.01231
6,5474,119456.4,CLOSE_2,0.325,0.2934,0.0316,0.325,0.28475,0.04025,0.325,0.29116,0.03384,0.325,0.31346,0.01154
6,5475,119477.5,CLOSE_2,0.33,0.29688,0.03313,0.33,0.29153,0.03847,0.33,0.29463,0.03537,0.33,0.31923,0.01077
6,5476,119498.6,CLOSE_2,0.335,0.30208,0.03292,0.335,0.29322,0.04178,0.335,0.29636,0.03864,0.335,0.33077,0.00423
6,5477,119519.2,CLOSE_2,0.34,0.30729,0.03271,0.34,0.29492,0.04508,0.34,0.30156,0.03844,0.34,0.32115,0.01885
6,5478,119539.7,CLOSE_2,0.345,0.31076,0.03424,0.345,0.3,0.045,0.345,0.30503,0.03997,0.345,0.33462,0.01038
6,5479,119560.2,CLOSE_2,0.35,0.31597,0.03403,0.35,0.30508,0.04492,0.35,0.31023,0.03977,0.35,0.34423,0.00577
6,5480,119582.3,CLOSE_2,0.355,0.31944,0.03556,0.355,0.30847,0.04653,0.355,0.31542,0.03958,0.355,0.35,0.005
6,5481,119602.1,CLOSE_2,0.36,0.32292,0.03708,0.36,0.31525,0.04475,0.36,0.32062,0.03938,0.36,0.35962,0.00038
6,5482,119623.8,CLOSE_2,0.365,0.32639,0.03861,0.365,0.32034,0.04466,0.365,0.32236,0.04264,0.365,0.36154,0.00346
6,5483,119643.7,CLOSE_2,0.37,0.32639,0.04361,0.37,0.32373,0.04627,0.37,0.32409,0.04591,0.37,0.36538,0.00462
6,5484,119664.1,CLOSE_2,0.375,0.33333,0.04167,0.375,0.32881,0.04619,0.375,0.32756,0.04744,0.375,0.36923,0.00577
6,5485,119685.5,CLOSE_2,0.38,0.33854,0.04146,0.38,0.3339,0.0461,0.38,0.33449,0.04551,0.38,0.375,0.005
6,5486,119708.5,CLOSE_2,0.385,0.35417,0.03083,0.385,0.34407,0.04093,0.385,0.34142,0.04358,0.385,0.38077,0.00423
6,5487,119727.9,CLOSE_2,0.39,0.35243,0.03757,0.39,0.34407,0.04593,0.39,0.35009,0.03991,0.39,0.38654,0.00346
6,5488,119749.5,CLOSE_2,0.395,0.35938,0.03563,0.395,0.35254,0.04246,0.395,0.35529,0.03971,0.395,0.39615,-0.00115
6,5489,119770.1,CLOSE_2,0.4,0.36979,0.03021,0.4,0.35593,0.04407,0.4,0.36742,0.03258,0.4,0.39808,0.00192
6,5490,119790.0,CLOSE_2,0.405,0.37153,0.03347,0.405,0.35932,0.04568,0.405,0.37088,0.03412,0.405,0.40577,-0.00077
6,5491,119811.0,CLOSE_2,0.41,0.38368,0.02632,0.41,0.3678,0.0422,0.41,0.37782,0.03218,0.41,0.41154,-0.00154
6,5492,119831.1,CLOSE_2,0.415,0.38715,0.02785,0.415,0.37288,0.04212,0.415,0.38475,0.03025,0.415,0.41923,-0.00423
6,5493,119852.2,CLOSE_2,0.42,0.39583,0.02417,0.42,0.38475,0.03525,0.42,0.39341,0.02659,0.42,0.42308,-0.00308
6,5494,119872.8,CLOSE_2,0.425,0.40278,0.02222,0.425,0.38136,0.04364,0.425,0.39861,0.02639,0.425,0.43077,-0.00577
6,5495,119894.0,CLOSE_2,0.43,0.40278,0.02722,0.43,0.38814,0.04186,0.43,0.40208,0.02792,0.43,0.43462,-0.00462
6,5496,119915.1,CLOSE_2,0.435,0.40799,0.02701,0.435,0.39831,0.03669,0.435,0.40728,0.02772,0.435,0.44038,-0.00538
6,5497,119936.1,CLOSE_2,0.44,0.41319,0.02681,0.44,0.39831,0.04169,0.44,0.41075,0.02925,0.44,0.44615,-0.00615
6,5498,119956.2,CLOSE_2,0.445,0.4184,0.0266,0.445,0.40339,0.04161,0.445,0.41594,0.02906,0.445,0.45192,-0.00692
6,5499,119977.3,CLOSE_2,0.45,0.42188,0.02813,0.45,0.40508,0.04492,0.45,0.42288,0.02712,0.45,0.45962,-0.00962
6,5500,119998.2,CLOSE_2,0.455,0.42535,0.02965,0.455,0.40847,0.04653,0.455,0.42288,0.03212,0.455,0.46154,-0.00654
6,5501,120018.8,CLOSE_2,0.46,0.43403,0.02597,0.46,0.41186,0.04814,0.46,0.42634,0.03366,0.46,0.46731,-0.00731
6,5502,120040.4,CLOSE_2,0.465,0.43576,0.02924,0.465,0.41525,0.04975,0.465,0.42981,0.03519,0.465,0.47308,-0.00808
6,5503,120060.9,CLOSE_2,0.47,0.44097,0.02903,0.47,0.42373,0.04627,0.47,0.43328,0.03672,0.47,0.48462,-0.01462
6,5504,120081.5,CLOSE_2,0.475,0.44444,0.03056,0.475,0.42712,0.04788,0.475,0.43847,0.03653,0.475,0.48269,-0.00769
6,5505,120101.9,CLOSE_2,0.48,0.45312,0.02688,0.48,0.43898,0.04102,0.48,0.44194,0.03806,0.48,0.48846,-0.00846
6,5506,120123.2,CLOSE_2,0.485,0.45833,0.02667,0.485,0.44407,0.04093,0.485,0.44714,0.03786,0.485,0.5,-0.015
6,5507,120145.3,CLOSE_2,0.49,0.46007,0.02993,0.49,0.44407,0.04593,0.49,0.45234,0.03766,0.49,0.5,-0.01
6,5508,120166.4,CLOSE_2,0.495,0.46528,0.02972,0.495,0.45085,0.04415,0.495,0.45927,0.03573,0.495,0.50769,-0.01269
6,5509,120186.9,CLOSE_2,0.5,0.47222,0.02778,0.5,0.45593,0.04407,0.5,0.46274,0.03726,0.5,0.51346,-0.01346
6,5510,120206.9,CLOSE_2,0.505,0.47396,0.03104,0.5,0.4678,0.0322,0.505,0.4714,0.0336,0.5,0.51923,-0.01923
6,5511,120227.1,CLOSE_2,0.51,0.47917,0.03083,0.5,0.46949,0.03051,0.51,0.47487,0.03513,0.5,0.525,-0.025
6,5512,120246.9,CLOSE_2,0.515,0.48438,0.03063,0.5,0.47288,0.02712,0.515,0.47834,0.03666,0.5,0.53077,-0.03077
6,5513,120267.2,CLOSE_2,0.52,0.48611,0.03389,0.5,0.47966,0.02034,0.52,0.4818,0.0382,0.5,0.53654,-0.03654
6,5514,120287.9,CLOSE_2,0.525,0.49826,0.02674,0.5,0.48983,0.01017,0.525,0.49393,0.03107,0.5,0.54615,-0.04615
6,5515,120308.3,CLOSE_2,0.53,0.50868,0.02132,0.5,0.49322,0.00678,0.53,0.5026,0.0274,0.5,0.54615,-0.04615
6,5516,120330.1,CLOSE_2,0.535,0.51215,0.02285,0.5,0.50169,-0.00169,0.535,0.51127,0.02373,0.5,0.55,-0.05
6,5517,120350.0,CLOSE_2,0.54,0.52083,0.01917,0.5,0.50508,-0.00508,0.54,0.5182,0.0218,0.5,0.55385,-0.05385
6,5518,120372.2,CLOSE_2,0.545,0.52951,0.01549,0.5,0.51017,-0.01017,0.545,0.53033,0.01467,0.5,0.55577,-0.05577
6,5519,120391.8,CLOSE_2,0.55,0.53125,0.01875,0.5,0.51017,-0.01017,0.55,0.52513,0.02487,0.5,0.55962,-0.05962
6,5520,120413.9,CLOSE_2,0.555,0.53299,0.02201,0.5,0.51186,-0.01186,0.555,0.53206,0.02294,0.5,0.55769,-0.05769
6,5521,120433.7,CLOSE_2,0.56,0.53646,0.02354,0.5,0.51017,-0.01017,0.56,0.53553,0.02447,0.5,0.55962,-0.05962
6,5522,120460.4,CLOSE_2,0.565,0.53819,0.02681,0.5,0.51356,-0.01356,0.565,0.53206,0.03294,0.5,0.55962,-0.05962
6,5523,120478.0,CLOSE_2,0.57,0.54861,0.02139,0.5,0.50847,-0.00847,0.57,0.53726,0.03274,0.5,0.55962,-0.05962
6,5524,120498.3,CLOSE_2,0.575,0.55382,0.02118,0.5,0.51864,-0.01864,0.575,0.53899,0.03601,0.5,0.55962,-0.05962
6,5525,120519.2,CLOSE_2,0.58,0.55035,0.02965,0.5,0.51356,-0.01356,0.58,0.54073,0.03927,0.5,0.55962,-0.05962
6,5526,120539.9,CLOSE_2,0.585,0.55208,0.03292,0.5,0.51186,-0.01186,0.585,0.54419,0.04081,0.5,0.55962,-0.05962
6,5527,120561.0,CLOSE_2,0.59,0.55382,0.03618,0.5,0.51186,-0.01186,0.59,0.55286,0.03714,0.5,0.55962,-0.05962
6,5528,120582.3,CLOSE_2,0.595,0.5625,0.0325,0.5,0.51186,-0.01186,0.595,0.55633,0.03867,0.5,0.55962,-0.05962
6,5529,120602.0,CLOSE_2,0.6,0.56424,0.03576,0.5,0.51356,-0.01356,0.6,0.55979,0.04021,0.5,0.56154,-0.06154
6,5530,120624.4,CLOSE_2,0.605,0.57465,0.03035,0.5,0.51356,-0.01356,0.605,0.56499,0.04001,0.5,0.55962,-0.05962
6,5531,120646.5,CLOSE_2,0.61,0.57639,0.03361,0.5,0.51356,-0.01356,0.61,0.57192,0.03808,0.5,0.56154,-0.06154
6,5532,120665.8,CLOSE_2,0.615,0.58333,0.03167,0.5,0.51186,-0.01186,0.615,0.57712,0.03788,0.5,0.55962,-0.05962
6,5533,120686.8,CLOSE_2,0.62,0.58507,0.03493,0.5,0.51525,-0.01525,0.62,0.58406,0.03594,0.5,0.55962,-0.05962
6,5534,120706.9,CLOSE_2,0.625,0.59028,0.03472,0.5,0.51186,-0.01186,0.625,0.58925,0.03575,0.5,0.55962,-0.05962
6,5535,120727.4,CLOSE_2,0.63,0.59896,0.03104,0.5,0.51017,-0.01017,0.63,0.59619,0.03381,0.5,0.55962,-0.05962
6,5536,120748.1,CLOSE_2,0.635,0.60243,0.03257,0.5,0.51356,-0.01356,0.635,0.60139,0.03361,0.5,0.55962,-0.05962
6,5537,120767.6,CLOSE_2,0.64,0.60938,0.03063,0.5,0.51186,-0.01186,0.64,0.60659,0.03341,0.5,0.55962,-0.05962
6,5538,120788.5,CLOSE_2,0.645,0.61458,0.03042,0.5,0.51356,-0.01356,0.645,0.61179,0.03321,0.5,0.55962,-0.05962
6,5539,120809.5,CLOSE_2,0.65,0.61806,0.03194,0.5,0.51186,-0.01186,0.65,0.61698,0.03302,0.5,0.56154,-0.06154
6,5540,120831.0,CLOSE_2,0.655,0.62326,0.03174,0.5,0.51695,-0.01695,0.655,0.62045,0.03455,0.5,0.55962,-0.05962
6,5541,120852.6,CLOSE_2,0.66,0.63021,0.02979,0.5,0.51864,-0.01864,0.66,0.62738,0.03262,0.5,0.55962,-0.05962
6,5542,120872.6,CLOSE_2,0.665,0.63715,0.02785,0.5,0.51864,-0.01864,0.665,0.63258,0.03242,0.5,0.55962,-0.05962
6,5543,120893.5,CLOSE_2,0.67,0.64062,0.02938,0.5,0.51356,-0.01356,0.67,0.63605,0.03395,0.5,0.55962,-0.05962
6,5544,120914.6,CLOSE_2,0.675,0.64757,0.02743,0.5,0.49661,0.00339,0.675,0.64298,0.03202,0.5,0.55962,-0.05962
6,5545,120935.3,CLOSE_2,0.68,0.65625,0.02375,0.5,0.48983,0.01017,0.68,0.64818,0.03182,0.5,0.55962,-0.05962
6,5546,120955.9,CLOSE_2,0.685,0.65799,0.02701,0.5,0.48814,0.01186,0.685,0.65338,0.03162,0.5,0.56346,-0.06346
6,5547,120977.6,CLOSE_2,0.69,0.66319,0.02681,0.5,0.48305,0.01695,0.69,0.65858,0.03142,0.5,0.55962,-0.05962
6,5548,120998.7,CLOSE_2,0.695,0.66667,0.02833,0.5,0.48305,0.01695,0.695,0.66205,0.03295,0.5,0.56154,-0.06154
6,5549,121019.3,CLOSE_2,0.7,0.67188,0.02813,0.5,0.48136,0.01864,0.7,0.66551,0.03449,0.5,0.55962,-0.05962
6,5550,121040.5,CLOSE_2,0.705,0.67708,0.02792,0.5,0.48305,0.01695,0.705,0.67071,0.03429,0.5,0.55962,-0.05962
6,5551,121061.2,CLOSE_2,0.71,0.68229,0.02771,0.5,0.48305,0.01695,0.71,0.67418,0.03582,0.5,0.55962,-0.05962
6,5552,121083.1,CLOSE_2,0.715,0.6875,0.0275,0.5,0.48814,0.01186,0.715,0.67938,0.03562,0.5,0.55962,-0.05962
6,5553,121103.5,CLOSE_2,0.72,0.69271,0.02729,0.5,0.48475,0.01525,0.72,0.68631,0.03369,0.5,0.55962,-0.05962
6,5554,121125.2,CLOSE_2,0.725,0.70312,0.02188,0.5,0.48305,0.01695,0.725,0.68977,0.03523,0.5,0.55962,-0.05962
6,5555,121144.6,CLOSE_2,0.73,0.70486,0.02514,0.5,0.48305,0.01695,0.73,0.69671,0.03329,0.5,0.55962,-0.05962
6,5556,121166.3,CLOSE_2,0.735,0.7066,0.0284,0.5,0.48814,0.01186,0.735,0.70017,0.03483,0.5,0.55962,-0.05962
6,5557,121186.4,CLOSE_2,0.74,0.70486,0.03514,0.5,0.49153,0.00847,0.74,0.70711,0.03289,0.5,0.56154,-0.06154
6,5558,121207.0,CLOSE_2,0.745,0.71528,0.02972,0.5,0.49492,0.00508,0.745,0.71404,0.03096,0.5,0.56538,-0.06538
6,5559,121228.6,CLOSE_2,0.75,0.72049,0.02951,0.5,0.50339,-0.00339,0.75,0.72444,0.02556,0.5,0.55962,-0.05962
6,5560,121249.0,CLOSE_2,0.755,0.72917,0.02583,0.5,0.50678,-0.00678,0.755,0.72444,0.03056,0.5,0.56154,-0.06154
6,5561,121269.9,CLOSE_2,0.76,0.73611,0.02389,0.5,0.51017,-0.01017,0.76,0.7279,0.0321,0.5,0.55962,-0.05962
6,5562,121289.9,CLOSE_2,0.765,0.74306,0.02194,0.5,0.50678,-0.00678,0.765,0.73137,0.03363,0.5,0.55962,-0.05962
6,5563,121310.8,CLOSE_2,0.77,0.73785,0.03215,0.5,0.50847,-0.00847,0.77,0.73657,0.03343,0.5,0.55962,-0.05962
6,5564,121331.9,CLOSE_2,0.775,0.74479,0.03021,0.5,0.50678,-0.00678,0.775,0.74177,0.03323,0.5,0.55962,-0.05962
6,5565,121352.9,CLOSE_2,0.78,0.75,0.03,0.5,0.50339,-0.00339,0.78,0.74523,0.03477,0.5,0.55962,-0.05962
6,5566,121373.3,CLOSE_2,0.785,0.75347,0.03153,0.5,0.50847,-0.00847,0.785,0.7487,0.0363,0.5,0.56538,-0.06538
6,5567,121394.9,CLOSE_2,0.79,0.75868,0.03132,0.5,0.50678,-0.00678,0.79,0.75737,0.03263,0.5,0.56154,-0.06154
6,5568,121414.9,CLOSE_2,0.795,0.7691,0.0259,0.5,0.50508,-0.00508,0.795,0.7643,0.0307,0.5,0.56154,-0.06154
6,5569,121436.7,CLOSE_2,0.8,0.76736,0.03264,0.5,0.50678,-0.00678,0.8,0.7643,0.0357,0.5,0.56154,-0.06154
6,5570,121457.0,CLOSE_2,0.805,0.77431,0.03069,0.5,0.50678,-0.00678,0.805,0.76776,0.03724,0.5,0.55962,-0.05962
6,5571,121477.8,CLOSE_2,0.81,0.77778,0.03222,0.5,0.50678,-0.00678,0.81,0.7747,0.0353,0.5,0.55962,-0.05962
6,5572,121498.5,CLOSE_2,0.815,0.78125,0.03375,0.5,0.50678,-0.00678,0.815,0.78336,0.03164,0.5,0.56154,-0.06154
6,5573,121519.8,CLOSE_2,0.82,0.78819,0.03181,0.5,0.50678,-0.00678,0.82,0.7851,0.0349,0.5,0.56154,-0.06154
6,5574,121539.9,CLOSE_2,0.825,0.7934,0.0316,0.5,0.50678,-0.00678,0.825,0.79203,0.03297,0.5,0.55962,-0.05962
6,5575,121561.9,CLOSE_2,0.83,0.79688,0.03313,0.5,0.50678,-0.00678,0.83,0.79723,0.03277,0.5,0.55962,-0.05962
6,5576,121582.4,CLOSE_2,0.835,0.81076,0.02424,0.5,0.50678,-0.00678,0.835,0.80763,0.02737,0.5,0.55769,-0.05769
6,5577,121604.2,CLOSE_2,0.84,0.80903,0.03097,0.5,0.50847,-0.00847,0.84,0.81629,0.02371,0.5,0.55962,-0.05962
6,5578,121624.2,CLOSE_2,0.845,0.81597,0.02903,0.5,0.50678,-0.00678,0.845,0.81456,0.03044,0.5,0.55962,-0.05962
6,5579,121645.4,CLOSE_2,0.85,0.82118,0.02882,0.5,0.50678,-0.00678,0.85,0.81976,0.03024,0.5,0.55962,-0.05962
6,5580,121666.0,CLOSE_2,0.855,0.82639,0.02861,0.5,0.50678,-0.00678,0.855,0.83016,0.02484,0.5,0.55962,-0.05962
6,5581,121687.4,CLOSE_2,0.86,0.82986,0.03014,0.5,0.50847,-0.00847,0.86,0.83016,0.02984,0.5,0.56154,-0.06154
6,5582,121707.2,CLOSE_2,0.865,0.83507,0.02993,0.5,0.50678,-0.00678,0.865,0.83536,0.02964,0.5,0.55962,-0.05962
6,5583,121727.7,CLOSE_2,0.87,0.84201,0.02799,0.5,0.50847,-0.00847,0.87,0.83882,0.03118,0.5,0.56154,-0.06154
6,5584,121748.9,CLOSE_2,0.875,0.84201,0.03299,0.5,0.50847,-0.00847,0.875,0.84575,0.02925,0.5,0.55962,-0.05962
6,5585,121770.4,CLOSE_2,0.88,0.84896,0.03104,0.5,0.50678,-0.00678,0.88,0.84922,0.03078,0.5,0.55962,-0.05962
6,5586,121789.8,CLOSE_2,0.885,0.85764,0.02736,0.5,0.50678,-0.00678,0.885,0.85615,0.02885,0.5,0.55962,-0.05962
6,5587,121810.7,CLOSE_2,0.89,0.85938,0.03063,0.5,0.50847,-0.00847,0.89,0.85615,0.03385,0.5,0.55962,-0.05962
6,5588,121832.8,CLOSE_2,0.895,0.85938,0.03563,0.5,0.50847,-0.00847,0.895,0.86135,0.03365,0.5,0.55962,-0.05962
6,5589,121855.2,CLOSE_2,0.9,0.86632,0.03368,0.5,0.50847,-0.00847,0.9,0.86655,0.03345,0.5,0.56538,-0.06538
6,5590,121873.8,CLOSE_2,0.905,0.87153,0.03347,0.5,0.50847,-0.00847,0.905,0.86828,0.03672,0.5,0.55962,-0.05962
6,5591,121894.3,CLOSE_2,0.91,0.875,0.035,0.5,0.50678,-0.00678,0.91,0.87695,0.03305,0.5,0.55962,-0.05962
6,5592,121914.8,CLOSE_2,0.915,0.88021,0.03479,0.5,0.50678,-0.00678,0.915,0.88215,0.03285,0.5,0.56154,-0.06154
6,5593,121936.7,CLOSE_2,0.92,0.88715,0.03285,0.5,0.50678,-0.00678,0.92,0.88562,0.03438,0.5,0.55962,-0.05962
6,5594,121956.6,CLOSE_2,0.925,0.8941,0.0309,0.5,0.50847,-0.00847,0.925,0.89255,0.03245,0.5,0.56154,-0.06154
6,5595,121977.7,CLOSE_2,0.93,0.89583,0.03417,0.5,0.50847,-0.00847,0.93,0.89948,0.03052,0.5,0.56346,-0.06346
6,5596,121998.7,CLOSE_2,0.935,0.90104,0.03396,0.5,0.50847,-0.00847,0.935,0.90468,0.03032,0.5,0.55962,-0.05962
6,5597,122021.3,CLOSE_2,0.94,0.91146,0.02854,0.5,0.50678,-0.00678,0.94,0.91508,0.02492,0.5,0.56154,-0.06154
6,5598,122040.8,CLOSE_2,0.945,0.91319,0.03181,0.5,0.50678,-0.00678,0.945,0.91508,0.02992,0.5,0.55962,-0.05962
6,5599,122062.4,CLOSE_2,0.95,0.91667,0.03333,0.5,0.50678,-0.00678,0.95,0.92374,0.02626,0.5,0.56154,-0.06154
6,5600,122083.1,CLOSE_2,0.955,0.92882,0.02618,0.5,0.50847,-0.00847,0.955,0.92894,0.02606,0.5,0.56154,-0.06154
6,5601,122103.7,CLOSE_2,0.96,0.93056,0.02944,0.5,0.50847,-0.00847,0.96,0.93068,0.02932,0.5,0.55962,-0.05962
6,5602,122124.0,CLOSE_2,0.965,0.93403,0.03097,0.5,0.50678,-0.00678,0.965,0.93761,0.02739,0.5,0.56154,-0.06154
6,5603,122145.1,CLOSE_2,0.97,0.94444,0.02556,0.5,0.50847,-0.00847,0.97,0.94281,0.02719,0.5,0.55962,-0.05962
6,5604,122165.9,CLOSE_2,0.975,0.94444,0.03056,0.5,0.50847,-0.00847,0.975,0.94627,0.02873,0.5,0.55962,-0.05962
6,5605,122185.9,CLOSE_2,0.98,0.94965,0.03035,0.5,0.50847,-0.00847,0.98,0.95321,0.02679,0.5,0.56154,-0.06154
6,5606,122207.3,CLOSE_2,0.985,0.95312,0.03188,0.5,0.50678,-0.00678,0.985,0.95667,0.02833,0.5,0.55962,-0.05962
6,5607,122227.7,CLOSE_2,0.99,0.95833,0.03167,0.5,0.50847,-0.00847,0.99,0.96187,0.02813,0.5,0.55962,-0.05962
6,5608,122248.6,CLOSE_2,0.995,0.96007,0.03493,0.5,0.51356,-0.01356,0.995,0.96534,0.02966,0.5,0.56154,-0.06154
6,5609,122269.4,CLOSE_2,1.0,0.96528,0.03472,0.5,0.51186,-0.01186,1.0,0.97054,0.02946,0.5,0.55962,-0.05962
6,5610,122277.1,HOLD_2,1.0,0.96701,0.03299,0.5,0.51186,-0.01186,1.0,0.97227,0.02773,0.5,0.55962,-0.05962
6,5611,122297.7,HOLD_2,1.0,0.97743,0.02257,0.5,0.50847,-0.00847,1.0,0.97574,0.02426,0.5,0.55962,-0.05962
6,5612,122319.4,HOLD_2,1.0,0.97222,0.02778,0.5,0.50847,-0.00847,1.0,0.97747,0.02253,0.5,0.55962,-0.05962
6,5613,122340.4,HOLD_2,1.0,0.97222,0.02778,0.5,0.50847,-0.00847,1.0,0.98094,0.01906,0.5,0.55962,-0.05962
6,5614,122361.1,HOLD_2,1.0,0.97396,0.02604,0.5,0.50847,-0.00847,1.0,0.98267,0.01733,0.5,0.55962,-0.05962
6,5615,122381.8,HOLD_2,1.0,0.97222,0.02778,0.5,0.50678,-0.00678,1.0,0.9844,0.0156,0.5,0.56346,-0.06346
6,5616,122402.7,HOLD_2,1.0,0.97396,0.02604,0.5,0.50678,-0.00678,1.0,0.98267,0.01733,0.5,0.56154,-0.06154
6,5617,122423.1,HOLD_2,1.0,0.97569,0.02431,0.5,0.50678,-0.00678,1.0,0.98267,0.01733,0.5,0.56154,-0.06154
6,5618,122443.7,HOLD_2,1.0,0.97222,0.02778,0.5,0.50678,-0.00678,1.0,0.98267,0.01733,0.5,0.56154,-0.06154
6,5619,122464.7,HOLD_2,1.0,0.97222,0.02778,0.5,0.50678,-0.00678,1.0,0.9844,0.0156,0.5,0.56154,-0.06154
6,5620,122485.0,HOLD_2,1.0,0.97743,0.02257,0.5,0.50508,-0.00508,1.0,0.9844,0.0156,0.5,0.56154,-0.06154
6,5621,122506.1,HOLD_2,1.0,0.97569,0.02431,0.5,0.50847,-0.00847,1.0,0.98094,0.01906,0.5,0.56154,-0.06154
6,5622,122527.2,HOLD_2,1.0,0.97222,0.02778,0.5,0.50678,-0.00678,1.0,0.98094,0.01906,0.5,0.55769,-0.05769
6,5623,122548.2,HOLD_2,1.0,0.97396,0.02604,0.5,0.51017,-0.01017,1.0,0.98094,0.01906,0.5,0.55962,-0.05962
6,5624,122568.9,HOLD_2,1.0,0.97396,0.02604,0.5,0.50508,-0.00508,1.0,0.98267,0.01733,0.5,0.55962,-0.05962
6,5625,122589.2,HOLD_2,1.0,0.97396,0.02604,0.5,0.50678,-0.00678,1.0,0.98267,0.01733,0.5,0.56154,-0.06154
6,5626,122610.6,HOLD_2,1.0,0.97743,0.02257,0.5,0.50678,-0.00678,1.0,0.98267,0.01733,0.5,0.55962,-0.05962
6,5627,122629.6,HOLD_2,1.0,0.98785,0.01215,0.5,0.50508,-0.00508,1.0,0.98267,0.01733,0.5,0.56154,-0.06154
6,5628,122650.3,HOLD_2,1.0,0.97222,0.02778,0.5,0.50508,-0.00508,1.0,0.98267,0.01733,0.5,0.55962,-0.05962
6,5629,122671.1,HOLD_2,1.0,0.98785,0.01215,0.5,0.50508,-0.00508,1.0,0.98267,0.01733,0.5,0.56154,-0.06154
6,5630,122691.4,HOLD_2,1.0,0.97396,0.02604,0.5,0.50508,-0.00508,1.0,0.98267,0.01733,0.5,0.56154,-0.06154
6,5631,122713.3,HOLD_2,1.0,0.97569,0.02431,0.5,0.50508,-0.00508,1.0,0.99133,0.00867,0.5,0.55769,-0.05769
6,5632,122735.0,HOLD_2,1.0,0.97569,0.02431,0.5,0.50678,-0.00678,1.0,0.9844,0.0156,0.5,0.55962,-0.05962
6,5633,122755.5,HOLD_2,1.0,0.98264,0.01736,0.5,0.50508,-0.00508,1.0,0.98267,0.01733,0.5,0.55962,-0.05962
6,5634,122778.3,HOLD_2,1.0,0.97743,0.02257,0.5,0.50678,-0.00678,1.0,0.9844,0.0156,0.5,0.56154,-0.06154
6,5635,122798.2,HOLD_2,1.0,0.97917,0.02083,0.5,0.50508,-0.00508,1.0,0.98614,0.01386,0.5,0.55962,-0.05962
6,5636,122819.3,HOLD_2,1.0,0.9809,0.0191,0.5,0.50508,-0.00508,1.0,0.98787,0.01213,0.5,0.56346,-0.06346
6,5637,122839.9,HOLD_2,1.0,0.9809,0.0191,0.5,0.50508,-0.00508,1.0,0.99133,0.00867,0.5,0.55962,-0.05962
6,5638,122861.5,HOLD_2,1.0,0.98438,0.01562,0.5,0.50847,-0.00847,1.0,0.9948,0.0052,0.5,0.55962,-0.05962
6,5639,122881.5,HOLD_2,1.0,0.98264,0.01736,0.5,0.50508,-0.00508,1.0,0.9948,0.0052,0.5,0.55962,-0.05962
6,5640,122902.4,HOLD_2,1.0,0.98785,0.01215,0.5,0.50678,-0.00678,1.0,0.99653,0.00347,0.5,0.56154,-0.06154
6,5641,122922.8,HOLD_2,1.0,0.99132,0.00868,0.5,0.50508,-0.00508,1.0,0.9948,0.0052,0.5,0.56154,-0.06154
6,5642,122943.8,HOLD_2,1.0,0.99306,0.00694,0.5,0.50508,-0.00508,1.0,0.9948,0.0052,0.5,0.56154,-0.06154
6,5643,122964.3,HOLD_2,1.0,0.99653,0.00347,0.5,0.50508,-0.00508,1.0,0.99307,0.00693,0.5,0.55962,-0.05962
6,5644,122986.1,HOLD_2,1.0,0.99479,0.00521,0.5,0.50508,-0.00508,1.0,0.9948,0.0052,0.5,0.56154,-0.06154
6,5645,123007.0,HOLD_2,1.0,0.99306,0.00694,0.5,0.50508,-0.00508,1.0,0.9948,0.0052,0.5,0.55962,-0.05962
6,5646,123026.6,HOLD_2,1.0,0.99306,0.00694,0.5,0.50508,-0.00508,1.0,0.99653,0.00347,0.5,0.55962,-0.05962
6,5647,123048.3,HOLD_2,1.0,0.99479,0.00521,0.5,0.50508,-0.00508,1.0,0.9948,0.0052,0.5,0.55962,-0.05962
6,5648,123068.6,HOLD_2,1.0,0.99306,0.00694,0.5,0.50508,-0.00508,1.0,0.99133,0.00867,0.5,0.56154,-0.06154
6,5649,123089.4,HOLD_2,1.0,0.99306,0.00694,0.5,0.50508,-0.00508,1.0,0.9948,0.0052,0.5,0.56154,-0.06154
6,5650,123110.9,HOLD_2,1.0,0.99479,0.00521,0.5,0.50508,-0.00508,1.0,0.99307,0.00693,0.5,0.56154,-0.06154
6,5651,123131.1,HOLD_2,1.0,0.99479,0.00521,0.5,0.50678,-0.00678,1.0,0.99653,0.00347,0.5,0.56154,-0.06154
6,5652,123152.5,HOLD_2,1.0,0.99479,0.00521,0.5,0.50508,-0.00508,1.0,0.9948,0.0052,0.5,0.55962,-0.05962
6,5653,123173.1,HOLD_2,1.0,0.99479,0.00521,0.5,0.50508,-0.00508,1.0,0.99653,0.00347,0.5,0.56154,-0.06154
6,5654,123194.4,HOLD_2,1.0,0.99306,0.00694,0.5,0.50508,-0.00508,1.0,0.99307,0.00693,0.5,0.56154,-0.06154
6,5655,123214.9,HOLD_2,1.0,0.99306,0.00694,0.5,0.50678,-0.00678,1.0,0.99307,0.00693,0.5,0.55962,-0.05962
6,5656,123235.8,HOLD_2,1.0,0.99479,0.00521,0.5,0.50678,-0.00678,1.0,0.99307,0.00693,0.5,0.55769,-0.05769
6,5657,123257.1,HOLD_2,1.0,0.99479,0.00521,0.5,0.50508,-0.00508,1.0,0.9948,0.0052,0.5,0.55962,-0.05962
6,5658,123277.9,HOLD_2,1.0,0.99306,0.00694,0.5,0.50508,-0.00508,1.0,0.99307,0.00693,0.5,0.55962,-0.05962
6,5659,123299.1,HOLD_2,1.0,0.99479,0.00521,0.5,0.50508,-0.00508,1.0,0.99653,0.00347,0.5,0.56154,-0.06154
6,5660,123319.3,HOLD_2,1.0,0.99306,0.00694,0.5,0.50508,-0.00508,1.0,0.9948,0.0052,0.5,0.56154,-0.06154
6,5661,123339.7,HOLD_2,1.0,0.99479,0.00521,0.5,0.50508,-0.00508,1.0,0.9948,0.0052,0.5,0.56154,-0.06154
6,5662,123361.7,HOLD_2,1.0,0.99479,0.00521,0.5,0.50678,-0.00678,1.0,0.99307,0.00693,0.5,0.55962,-0.05962
6,5663,123382.1,HOLD_2,1.0,0.99479,0.00521,0.5,0.50508,-0.00508,1.0,0.9948,0.0052,0.5,0.56154,-0.06154
6,5664,123402.0,HOLD_2,1.0,0.99306,0.00694,0.5,0.50508,-0.00508,1.0,0.9948,0.0052,0.5,0.56154,-0.06154
6,5665,123423.2,HOLD_2,1.0,0.99479,0.00521,0.5,0.50508,-0.00508,1.0,0.99307,0.00693,0.5,0.56154,-0.06154
6,5666,123443.8,HOLD_2,1.0,0.99479,0.00521,0.5,0.50678,-0.00678,1.0,0.9948,0.0052,0.5,0.56154,-0.06154
6,5667,123474.9,HOLD_2,1.0,0.99306,0.00694,0.5,0.50508,-0.00508,1.0,0.9948,0.0052,0.5,0.55962,-0.05962
6,5668,123486.3,HOLD_2,1.0,0.99479,0.00521,0.5,0.50508,-0.00508,1.0,0.9948,0.0052,0.5,0.56154,-0.06154
6,5669,123504.2,HOLD_2,1.0,0.99306,0.00694,0.5,0.50508,-0.00508,1.0,0.9948,0.0052,0.5,0.56346,-0.06346
7,5670,124329.2,SETTLE,0.0,0.58681,-0.58681,0.0,0.1322,-0.1322,0.0,0.57366,-0.57366,0.0,0.13077,-0.13077
7,5671,124352.5,SETTLE,0.0,0.57292,-0.57292,0.0,0.12034,-0.12034,0.0,0.55633,-0.55633,0.0,0.11731,-0.11731
7,5672,124372.0,SETTLE,0.0,0.5625,-0.5625,0.0,0.10847,-0.10847,0.0,0.54593,-0.54593,0.0,0.10577,-0.10577
7,5673,124392.4,SETTLE,0.0,0.54688,-0.54688,0.0,0.09831,-0.09831,0.0,0.5338,-0.5338,0.0,0.09038,-0.09038
7,5674,124414.4,SETTLE,0.0,0.53646,-0.53646,0.0,0.08644,-0.08644,0.0,0.5234,-0.5234,0.0,0.08077,-0.08077
7,5675,124435.6,SETTLE,0.0,0.51736,-0.51736,0.0,0.07627,-0.07627,0.0,0.50087,-0.50087,0.0,0.06346,-0.06346
7,5676,124455.3,SETTLE,0.0,0.5,-0.5,0.0,0.0678,-0.0678,0.0,0.48354,-0.48354,0.0,0.05385,-0.05385
7,5677,124477.4,SETTLE,0.0,0.48438,-0.48438,0.0,0.05593,-0.05593,0.0,0.4714,-0.4714,0.0,0.04231,-0.04231
7,5678,124497.5,SETTLE,0.0,0.47222,-0.47222,0.0,0.04746,-0.04746,0.0,0.45927,-0.45927,0.0,0.03077,-0.03077
7,5679,124517.9,SETTLE,0.0,0.45833,-0.45833,0.0,0.04068,-0.04068,0.0,0.45061,-0.45061,0.0,0.01731,-0.01731
7,5680,124539.5,SETTLE,0.0,0.44618,-0.44618,0.0,0.02542,-0.02542,0.0,0.43501,-0.43501,0.0,0.00769,-0.00769
7,5681,124560.0,SETTLE,0.0,0.43576,-0.43576,0.0,0.01695,-0.01695,0.0,0.42114,-0.42114,0.0,0.0,0.0
7,5682,124580.7,SETTLE,0.0,0.42535,-0.42535,0.0,0.01017,-0.01017,0.0,0.40901,-0.40901,0.0,0.0,0.0
7,5683,124600.5,SETTLE,0.0,0.41146,-0.41146,0.0,0.00339,-0.00339,0.0,0.39688,-0.39688,0.0,0.0,0.0
7,5684,124621.2,SETTLE,0.0,0.40104,-0.40104,0.0,0.0,0.0,0.0,0.38302,-0.38302,0.0,0.0,0.0
7,5685,124642.1,SETTLE,0.0,0.38542,-0.38542,0.0,0.0,0.0,0.0,0.37088,-0.37088,0.0,0.0,0.0
7,5686,124663.3,SETTLE,0.0,0.37326,-0.37326,0.0,0.0,0.0,0.0,0.35875,-0.35875,0.0,0.0,0.0
7,5687,124684.3,SETTLE,0.0,0.36458,-0.36458,0.0,0.0,0.0,0.0,0.34489,-0.34489,0.0,0.0,0.0
7,5688,124705.6,SETTLE,0.0,0.34896,-0.34896,0.0,0.0,0.0,0.0,0.33276,-0.33276,0.0,0.0,0.0
7,5689,124725.7,SETTLE,0.0,0.33507,-0.33507,0.0,0.0,0.0,0.0,0.31889,-0.31889,0.0,0.0,0.0
7,5690,124746.8,SETTLE,0.0,0.32292,-0.32292,0.0,0.0,0.0,0.0,0.30676,-0.30676,0.0,0.0,0.0
7,5691,124768.6,SETTLE,0.0,0.30903,-0.30903,0.0,0.0,0.0,0.0,0.29636,-0.29636,0.0,0.0,0.0
7,5692,124788.5,SETTLE,0.0,0.29688,-0.29688,0.0,0.0,0.0,0.0,0.28596,-0.28596,0.0,0.0,0.0
7,5693,124809.3,SETTLE,0.0,0.28472,-0.28472,0.0,0.0,0.0,0.0,0.27383,-0.27383,0.0,0.0,0.0
7,5694,124830.8,SETTLE,0.0,0.27083,-0.27083,0.0,0.0,0.0,0.0,0.2617,-0.2617,0.0,0.0,0.0
7,5695,124852.0,SETTLE,0.0,0.25694,-0.25694,0.0,0.0,0.0,0.0,0.24957,-0.24957,0.0,0.0,0.0
7,5696,124871.7,SETTLE,0.0,0.24653,-0.24653,0.0,0.0,0.0,0.0,0.23744,-0.23744,0.0,0.0,0.0
7,5697,124892.4,SETTLE,0.0,0.23438,-0.23438,0.0,0.0,0.0,0.0,0.22357,-0.22357,0.0,0.0,0.0
7,5698,124914.9,SETTLE,0.0,0.22049,-0.22049,0.0,0.0,0.0,0.0,0.21317,-0.21317,0.0,0.0,0.0
7,5699,124934.9,SETTLE,0.0,0.20833,-0.20833,0.0,0.0,0.0,0.0,0.19931,-0.19931,0.0,0.0,0.0
7,5700,124956.6,CLOSE,0.005,0.19444,-0.18944,0.005,0.0,0.005,0.005,0.18718,-0.18218,0.005,0.0,0.005
7,5701,124977.8,CLOSE,0.01,0.18229,-0.17229,0.01,0.0,0.01,0.01,0.17331,-0.16331,0.01,0.0,0.01
7,5702,124999.0,CLOSE,0.015,0.17014,-0.15514,0.015,0.0,0.015,0.015,0.15945,-0.14445,0.015,0.0,0.015
7,5703,125017.9,CLOSE,0.02,0.15451,-0.13451,0.02,0.0,0.02,0.02,0.14905,-0.12905,0.02,0.0,0.02
7,5704,125038.3,CLOSE,0.025,0.14062,-0.11563,0.025,0.0,0.025,0.025,0.13865,-0.11365,0.025,0.0,0.025
7,5705,125059.3,CLOSE,0.03,0.13021,-0.10021,0.03,0.0,0.03,0.03,0.12652,-0.09652,0.03,0.0,0.03
7,5706,125080.2,CLOSE,0.035,0.11806,-0.08306,0.035,0.0,0.035,0.035,0.11438,-0.07938,0.035,0.0,0.035
7,5707,125101.9,CLOSE,0.04,0.10417,-0.06417,0.04,0.0,0.04,0.04,0.10399,-0.06399,0.04,0.0,0.04
7,5708,125122.5,CLOSE,0.045,0.09201,-0.04701,0.045,0.0,0.045,0.045,0.08839,-0.04339,0.045,0.0,0.045
7,5709,125143.6,CLOSE,0.05,0.07986,-0.02986,0.05,0.00508,0.04492,0.05,0.07799,-0.02799,0.05,0.0,0.05
7,5710,125164.2,CLOSE,0.055,0.06771,-0.01271,0.055,0.01525,0.03975,0.055,0.06932,-0.01432,0.055,0.0,0.055
7,5711,125185.8,CLOSE,0.06,0.05729,0.00271,0.06,0.02034,0.03966,0.06,0.05719,0.00281,0.06,0.00192,0.05808
7,5712,125206.2,CLOSE,0.065,0.04861,0.01639,0.065,0.02712,0.03788,0.065,0.04853,0.01647,0.065,0.00577,0.05923
7,5713,125227.2,CLOSE,0.07,0.03993,0.03007,0.07,0.03559,0.03441,0.07,0.04159,0.02841,0.07,0.01154,0.05846
7,5714,125247.4,CLOSE,0.075,0.03125,0.04375,0.075,0.04237,0.03263,0.075,0.03466,0.04034,0.075,0.01538,0.05962
7,5715,125268.6,CLOSE,0.08,0.02778,0.05222,0.08,0.05085,0.02915,0.08,0.02946,0.05054,0.08,0.02308,0.05692
7,5716,125289.6,CLOSE,0.085,0.02778,0.05722,0.085,0.05932,0.02568,0.085,0.026,0.059,0.085,0.02885,0.05615
7,5717,125310.9,CLOSE,0.09,0.02778,0.06222,0.09,0.0661,0.0239,0.09,0.0364,0.0536,0.09,0.03654,0.05346
7,5718,125332.6,CLOSE,0.095,0.03125,0.06375,0.095,0.07119,0.02381,0.095,0.02773,0.06727,0.095,0.04423,0.05077
7,5719,125353.8,CLOSE,0.1,0.0434,0.0566,0.1,0.07627,0.02373,0.1,0.0312,0.0688,0.1,0.05192,0.04808
7,5720,125372.6,CLOSE,0.105,0.0434,0.0616,0.105,0.08136,0.02364,0.105,0.03293,0.07207,0.105,0.06346,0.04154
7,5721,125393.9,CLOSE,0.11,0.05208,0.05792,0.11,0.08305,0.02695,0.11,0.04159,0.06841,0.11,0.06731,0.04269
7,5722,125416.0,CLOSE,0.115,0.0625,0.0525,0.115,0.08644,0.02856,0.115,0.05026,0.06474,0.115,0.075,0.04
7,5723,125436.8,CLOSE,0.12,0.07118,0.04882,0.12,0.08814,0.03186,0.12,0.05893,0.06107,0.12,0.08077,0.03923
7,5724,125456.6,CLOSE,0.125,0.07812,0.04688,0.125,0.08983,0.03517,0.125,0.06586,0.05914,0.125,0.08846,0.03654
7,5725,125477.3,CLOSE,0.13,0.09201,0.03799,0.13,0.09153,0.03847,0.13,0.07452,0.05548,0.13,0.09423,0.03577
7,5726,125498.0,CLOSE,0.135,0.09896,0.03604,0.135,0.09322,0.04178,0.135,0.08146,0.05354,0.135,0.10192,0.03308
7,5727,125518.7,CLOSE,0.14,0.10243,0.03757,0.14,0.09661,0.04339,0.14,0.09012,0.04988,0.14,0.10769,0.03231
7,5728,125539.4,CLOSE,0.145,0.10938,0.03563,0.145,0.09831,0.04669,0.145,0.09879,0.04621,0.145,0.11346,0.03154
7,5729,125560.5,CLOSE,0.15,0.11806,0.03194,0.15,0.10169,0.04831,0.15,0.10919,0.04081,0.15,0.11923,0.03077
7,5730,125581.1,CLOSE,0.155,0.12326,0.03174,0.155,0.10508,0.04992,0.155,0.11785,0.03715,0.155,0.125,0.03
7,5731,125602.6,CLOSE,0.16,0.13021,0.02979,0.16,0.11356,0.04644,0.16,0.12478,0.03522,0.16,0.13077,0.02923
7,5732,125623.4,CLOSE,0.165,0.13368,0.03132,0.165,0.11356,0.05144,0.165,0.13172,0.03328,0.165,0.13654,0.02846
7,5733,125644.7,CLOSE,0.17,0.13715,0.03285,0.17,0.11864,0.05136,0.17,0.13172,0.03828,0.17,0.14038,0.02962
7,5734,125665.1,CLOSE,0.175,0.14062,0.03438,0.175,0.12373,0.05127,0.175,0.14385,0.03115,0.175,0.14423,0.03077
7,5735,125685.8,CLOSE,0.18,0.1441,0.0359,0.18,0.12881,0.05119,0.18,0.14905,0.03095,0.18,0.15,0.03
7,5736,125706.4,CLOSE,0.185,0.14757,0.03743,0.185,0.13559,0.04941,0.185,0.15425,0.03075,0.185,0.15577,0.02923
7,5737,125727.7,CLOSE,0.19,0.15104,0.03896,0.19,0.14068,0.04932,0.19,0.15945,0.03055,0.19,0.15962,0.03038
7,5738,125748.0,CLOSE,0.195,0.15451,0.04049,0.195,0.14915,0.04585,0.195,0.16291,0.03209,0.195,0.16346,0.03154
7,5739,125770.0,CLOSE,0.2,0.15972,0.04028,0.2,0.15254,0.04746,0.2,0.16638,0.03362,0.2,0.16923,0.03077
7,5740,125789.8,CLOSE,0.205,0.16493,0.04007,0.205,0.15932,0.04568,0.205,0.17851,0.02649,0.205,0.175,0.03
7,5741,125811.7,CLOSE,0.21,0.16667,0.04333,0.21,0.16271,0.04729,0.21,0.17504,0.03496,0.21,0.17885,0.03115
7,5742,125832.9,CLOSE,0.215,0.17188,0.04313,0.215,0.17288,0.04212,0.215,0.17851,0.03649,0.215,0.18846,0.02654
7,5743,125853.9,CLOSE,0.22,0.17882,0.04118,0.22,0.17458,0.04542,0.22,0.18891,0.03109,0.22,0.19231,0.02769
7,5744,125874.7,CLOSE,0.225,0.18576,0.03924,0.225,0.17797,0.04703,0.225,0.18891,0.03609,0.225,0.19615,0.02885
7,5745,125894.7,CLOSE,0.23,0.19271,0.03729,0.23,0.18305,0.04695,0.23,0.19237,0.03763,0.23,0.20192,0.02808
7,5746,125915.5,CLOSE,0.235,0.19792,0.03708,0.235,0.18644,0.04856,0.235,0.19757,0.03743,0.235,0.21346,0.02154
7,5747,125937.0,CLOSE,0.24,0.20486,0.03514,0.24,0.19831,0.04169,0.24,0.20451,0.03549,0.24,0.22115,0.01885
7,5748,125956.6,CLOSE,0.245,0.21354,0.03146,0.245,0.19492,0.05008,0.245,0.20624,0.03876,0.245,0.23077,0.01423
7,5749,125977.6,CLOSE,0.25,0.21528,0.03472,0.25,0.19831,0.05169,0.25,0.21144,0.03856,0.25,0.24231,0.00769
7,5750,125998.4,CLOSE,0.255,0.22049,0.03451,0.255,0.20508,0.04992,0.255,0.21664,0.03836,0.255,0.24423,0.01077
7,5751,126019.5,CLOSE,0.26,0.22569,0.03431,0.26,0.21017,0.04983,0.26,0.2201,0.0399,0.26,0.25192,0.00808
7,5752,126040.4,CLOSE,0.265,0.2309,0.0341,0.265,0.21356,0.05144,0.265,0.2253,0.0397,0.265,0.25385,0.01115
7,5753,126061.3,CLOSE,0.27,0.23611,0.03389,0.27,0.22203,0.04797,0.27,0.2305,0.0395,0.27,0.25769,0.01231
7,5754,126081.8,CLOSE,0.275,0.24132,0.03368,0.275,0.22712,0.04788,0.275,0.23397,0.04103,0.275,0.26154,0.01346
7,5755,126102.8,CLOSE,0.28,0.24479,0.03521,0.28,0.2322,0.0478,0.28,0.23917,0.04083,0.28,0.26346,0.01654
7,5756,126124.1,CLOSE,0.285,0.25,0.035,0.285,0.24068,0.04432,0.285,0.24437,0.04063,0.285,0.26731,0.01769
7,5757,126144.1,CLOSE,0.29,0.25521,0.03479,0.29,0.24746,0.04254,0.29,0.2513,0.0387,0.29,0.275,0.015
7,5758,126165.3,CLOSE,0.295,0.26215,0.03285,0.295,0.25593,0.03907,0.295,0.25997,0.03503,0.295,0.28077,0.01423
7,5759,126186.7,CLOSE,0.3,0.26562,0.03438,0.3,0.2661,0.0339,0.3,0.26516,0.03484,0.3,0.28077,0.01923
7,5760,126206.6,CLOSE,0.305,0.27431,0.03069,0.305,0.26949,0.03551,0.305,0.27036,0.03464,0.305,0.28462,0.02038
7,5761,126227.6,CLOSE,0.31,0.27778,0.03222,0.31,0.27288,0.03712,0.31,0.2721,0.0379,0.31,0.29808,0.01192
7,5762,126249.0,CLOSE,0.315,0.28819,0.02681,0.315,0.28136,0.03364,0.315,0.2773,0.0377,0.315,0.29615,0.01885
7,5763,126270.0,CLOSE,0.32,0.2934,0.0266,0.32,0.28136,0.03864,0.32,0.2825,0.0375,0.32,0.30192,0.01808
7,5764,126291.0,CLOSE,0.325,0.29688,0.02813,0.325,0.28475,0.04025,0.325,0.28943,0.03557,0.325,0.31154,0.01346
7,5765,126311.2,CLOSE,0.33,0.30035,0.02965,0.33,0.29661,0.03339,0.33,0.29636,0.03364,0.33,0.31923,0.01077
7,5766,126332.6,CLOSE,0.335,0.31076,0.02424,0.335,0.29322,0.04178,0.335,0.30503,0.02997,0.335,0.32692,0.00808
7,5767,126352.9,CLOSE,0.34,0.30729,0.03271,0.34,0.30169,0.03831,0.34,0.30503,0.03497,0.34,0.33077,0.00923
7,5768,126374.2,CLOSE,0.345,0.31597,0.02903,0.345,0.30339,0.04161,0.345,0.31023,0.03477,0.345,0.34231,0.00269
7,5769,126395.4,CLOSE,0.35,0.32118,0.02882,0.35,0.30847,0.04153,0.35,0.31542,0.03458,0.35,0.34808,0.00192
7,5770,126416.4,CLOSE,0.355,0.32639,0.02861,0.355,0.31186,0.04314,0.355,0.32236,0.03264,0.355,0.35385,0.00115
7,5771,126436.0,CLOSE,0.36,0.3316,0.0284,0.36,0.32034,0.03966,0.36,0.32756,0.03244,0.36,0.35962,0.00038
7,5772,126456.9,CLOSE,0.365,0.33507,0.02993,0.365,0.32203,0.04297,0.365,0.33102,0.03398,0.365,0.36923,-0.00423
7,5773,126477.2,CLOSE,0.37,0.34028,0.02972,0.37,0.32542,0.04458,0.37,0.33622,0.03378,0.37,0.37115,-0.00115
7,5774,126498.4,CLOSE,0.375,0.34028,0.03472,0.375,0.32881,0.04619,0.375,0.33276,0.04224,0.375,0.375,0.0
7,5775,126519.0,CLOSE,0.38,0.34549,0.03451,0.38,0.3339,0.0461,0.38,0.33622,0.04378,0.38,0.37885,0.00115
7,5776,126539.9,CLOSE,0.385,0.34896,0.03604,0.385,0.33729,0.04771,0.385,0.34489,0.04011,0.385,0.38269,0.00231
7,5777,126561.1,CLOSE,0.39,0.35069,0.03931,0.39,0.34068,0.04932,0.39,0.34835,0.04165,0.39,0.39423,-0.00423
7,5778,126582.5,CLOSE,0.395,0.35243,0.04257,0.395,0.35254,0.04246,0.395,0.35529,0.03971,0.395,0.39231,0.00269
7,5779,126602.7,CLOSE,0.4,0.35938,0.04063,0.4,0.35254,0.04746,0.4,0.36395,0.03605,0.4,0.40385,-0.00385
7,5780,126623.3,CLOSE,0.405,0.36285,0.04215,0.405,0.35932,0.04568,0.405,0.36742,0.03758,0.405,0.40577,-0.00077
7,5781,126644.1,CLOSE,0.41,0.37326,0.03674,0.41,0.3661,0.0439,0.41,0.37435,0.03565,0.41,0.41154,-0.00154
7,5782,126665.5,CLOSE,0.415,0.37674,0.03826,0.415,0.36949,0.04551,0.415,0.37955,0.03545,0.415,0.41731,-0.00231
7,5783,126686.3,CLOSE,0.42,0.38194,0.03806,0.42,0.38136,0.03864,0.42,0.38648,0.03352,0.42,0.42692,-0.00692
7,5784,126707.2,CLOSE,0.425,0.39062,0.03438,0.425,0.38136,0.04364,0.425,0.39341,0.03159,0.425,0.42885,-0.00385
7,5785,126727.6,CLOSE,0.43,0.40104,0.02896,0.43,0.38644,0.04356,0.43,0.39861,0.03139,0.43,0.43462,-0.00462
7,5786,126749.6,CLOSE,0.435,0.40625,0.02875,0.435,0.39492,0.04008,0.435,0.40901,0.02599,0.435,0.44038,-0.00538
7,5787,126770.8,CLOSE,0.44,0.40972,0.03028,0.44,0.4,0.04,0.44,0.41075,0.02925,0.44,0.44615,-0.00615
7,5788,126791.3,CLOSE,0.445,0.41667,0.02833,0.445,0.40169,0.04331,0.445,0.41594,0.02906,0.445,0.45769,-0.01269
7,5789,126811.2,CLOSE,0.45,0.42188,0.02813,0.45,0.40508,0.04492,0.45,0.42114,0.02886,0.45,0.45577,-0.00577
7,5790,126832.3,CLOSE,0.455,0.42882,0.02618,0.455,0.41695,0.03805,0.455,0.42634,0.02866,0.455,0.46346,-0.00846
7,5791,126852.3,CLOSE,0.46,0.43576,0.02424,0.46,0.41525,0.04475,0.46,0.43154,0.02846,0.46,0.46923,-0.00923
7,5792,126873.8,CLOSE,0.465,0.43924,0.02576,0.465,0.41864,0.04636,0.465,0.43674,0.02826,0.465,0.47308,-0.00808
7,5793,126894.5,CLOSE,0.47,0.44444,0.02556,0.47,0.42373,0.04627,0.47,0.44021,0.02979,0.47,0.48077,-0.01077
7,5794,126915.1,CLOSE,0.475,0.44965,0.02535,0.475,0.42712,0.04788,0.475,0.44367,0.03133,0.475,0.48462,-0.00962
7,5795,126936.0,CLOSE,0.48,0.45312,0.02688,0.48,0.43729,0.04271,0.48,0.44714,0.03286,0.48,0.48654,-0.00654
7,5796,126956.9,CLOSE,0.485,0.45833,0.02667,0.485,0.43729,0.04771,0.485,0.45407,0.03093,0.485,0.50385,-0.01885
7,5797,126977.9,CLOSE,0.49,0.46528,0.02472,0.49,0.44237,0.04763,0.49,0.45581,0.03419,0.49,0.50192,-0.01192
7,5798,126998.6,CLOSE,0.495,0.46701,0.02799,0.495,0.44915,0.04585,0.495,0.46101,0.03399,0.495,0.50769,-0.01269
7,5799,127019.4,CLOSE,0.5,0.47222,0.02778,0.5,0.45254,0.04746,0.5,0.46447,0.03553,0.5,0.51154,-0.01154
7,5800,127040.2,CLOSE,0.505,0.4809,0.0241,0.5,0.45763,0.04237,0.505,0.46794,0.03706,0.5,0.51923,-0.01923
7,5801,127060.6,CLOSE,0.51,0.48958,0.02042,0.5,0.46441,0.03559,0.51,0.47314,0.03686,0.5,0.525,-0.025
7,5802,127081.5,CLOSE,0.515,0.48438,0.03063,0.5,0.47119,0.02881,0.515,0.47487,0.04013,0.5,0.53654,-0.03654
7,5803,127102.8,CLOSE,0.52,0.48785,0.03215,0.5,0.47627,0.02373,0.52,0.4818,0.0382,0.5,0.53654,-0.03654
7,5804,127123.2,CLOSE,0.525,0.49306,0.03194,0.5,0.48136,0.01864,0.525,0.487,0.038,0.5,0.54038,-0.04038
7,5805,127142.3,CLOSE,0.53,0.50521,0.02479,0.5,0.48644,0.01356,0.53,0.4922,0.0378,0.5,0.54423,-0.04423
7,5806,127161.9,CLOSE,0.535,0.50868,0.02632,0.5,0.49153,0.00847,0.535,0.50607,0.02893,0.5,0.54808,-0.04808
7,5807,127183.9,CLOSE,0.54,0.51736,0.02264,0.5,0.5,0.0,0.54,0.513,0.027,0.5,0.55,-0.05
7,5808,127205.8,CLOSE,0.545,0.52778,0.01722,0.5,0.50508,-0.00508,0.545,0.52166,0.02334,0.5,0.55385,-0.05385
7,5809,127225.6,CLOSE,0.55,0.53125,0.01875,0.5,0.50847,-0.00847,0.55,0.52686,0.02314,0.5,0.55577,-0.05577
7,5810,127246.0,CLOSE,0.555,0.53472,0.02028,0.5,0.51017,-0.01017,0.555,0.5286,0.0264,0.5,0.55769,-0.05769
7,5811,127267.7,CLOSE,0.56,0.53646,0.02354,0.5,0.51017,-0.01017,0.56,0.53206,0.02794,0.5,0.55962,-0.05962
7,5812,127286.4,CLOSE,0.565,0.54861,0.01639,0.5,0.51186,-0.01186,0.565,0.53726,0.02774,0.5,0.55769,-0.05769
7,5813,127309.5,CLOSE,0.57,0.54167,0.02833,0.5,0.51017,-0.01017,0.57,0.54073,0.02927,0.5,0.55769,-0.05769
7,5814,127329.6,CLOSE,0.575,0.54688,0.02813,0.5,0.51186,-0.01186,0.575,0.54939,0.02561,0.5,0.55769,-0.05769
7,5815,127350.0,CLOSE,0.58,0.55035,0.02965,0.5,0.51017,-0.01017,0.58,0.54766,0.03234,0.5,0.55769,-0.05769
7,5816,127371.0,CLOSE,0.585,0.56076,0.02424,0.5,0.51695,-0.01695,0.585,0.55113,0.03387,0.5,0.55962,-0.05962
7,5817,127391.7,CLOSE,0.59,0.5625,0.0275,0.5,0.51017,-0.01017,0.59,0.55633,0.03367,0.5,0.55769,-0.05769
7,5818,127412.3,CLOSE,0.595,0.56424,0.03076,0.5,0.51017,-0.01017,0.595,0.56672,0.02828,0.5,0.55962,-0.05962
7,5819,127433.3,CLOSE,0.6,0.56424,0.03576,0.5,0.51017,-0.01017,0.6,0.56672,0.03328,0.5,0.55769,-0.05769
7,5820,127455.1,CLOSE,0.605,0.56944,0.03556,0.5,0.51017,-0.01017,0.605,0.56846,0.03654,0.5,0.55962,-0.05962
7,5821,127474.9,CLOSE,0.61,0.57465,0.03535,0.5,0.51017,-0.01017,0.61,0.57886,0.03114,0.5,0.55769,-0.05769
7,5822,127495.4,CLOSE,0.615,0.57986,0.03514,0.5,0.50847,-0.00847,0.615,0.58232,0.03268,0.5,0.55962,-0.05962
7,5823,127516.5,CLOSE,0.62,0.58507,0.03493,0.5,0.51017,-0.01017,0.62,0.58232,0.03768,0.5,0.55769,-0.05769
7,5824,127537.5,CLOSE,0.625,0.59722,0.02778,0.5,0.51186,-0.01186,0.625,0.58752,0.03748,0.5,0.55962,-0.05962
7,5825,127558.0,CLOSE,0.63,0.60243,0.02757,0.5,0.50847,-0.00847,0.63,0.59099,0.03901,0.5,0.55769,-0.05769
7,5826,127578.9,CLOSE,0.635,0.60243,0.03257,0.5,0.51017,-0.01017,0.635,0.59792,0.03708,0.5,0.55962,-0.05962
7,5827,127599.9,CLOSE,0.64,0.6059,0.0341,0.5,0.51186,-0.01186,0.64,0.60485,0.03515,0.5,0.55769,-0.05769
7,5828,127621.0,CLOSE,0.645,0.61458,0.03042,0.5,0.51525,-0.01525,0.645,0.60832,0.03668,0.5,0.55962,-0.05962
7,5829,127642.4,CLOSE,0.65,0.61632,0.03368,0.5,0.51017,-0.01017,0.65,0.61005,0.03995,0.5,0.55769,-0.05769
7,5830,127663.5,CLOSE,0.655,0.62326,0.03174,0.5,0.51017,-0.01017,0.655,0.62392,0.03108,0.5,0.55769,-0.05769
7,5831,127686.7,CLOSE,0.66,0.62674,0.03326,0.5,0.51017,-0.01017,0.66,0.62392,0.03608,0.5,0.55769,-0.05769
7,5832,127708.1,CLOSE,0.665,0.63542,0.02958,0.5,0.51017,-0.01017,0.665,0.63085,0.03415,0.5,0.56346,-0.06346
7,5833,127729.2,CLOSE,0.67,0.64583,0.02417,0.5,0.51356,-0.01356,0.67,0.63778,0.03222,0.5,0.55962,-0.05962
7,5834,127748.1,CLOSE,0.675,0.64931,0.02569,0.5,0.50508,-0.00508,0.675,0.64298,0.03202,0.5,0.55769,-0.05769
7,5835,127766.9,CLOSE,0.68,0.65278,0.02722,0.5,0.49322,0.00678,0.68,0.64991,0.03009,0.5,0.55962,-0.05962
7,5836,127787.3,CLOSE,0.685,0.65625,0.02875,0.5,0.49153,0.00847,0.685,0.65165,0.03335,0.5,0.55769,-0.05769
7,5837,127808.5,CLOSE,0.69,0.66146,0.02854,0.5,0.48644,0.01356,0.69,0.66031,0.02969,0.5,0.55577,-0.05577
7,5838,127829.3,CLOSE,0.695,0.66667,0.02833,0.5,0.48475,0.01525,0.695,0.66031,0.03469,0.5,0.55962,-0.05962
7,5839,127849.5,CLOSE,0.7,0.67361,0.02639,0.5,0.48644,0.01356,0.7,0.66551,0.03449,0.5,0.55769,-0.05769
7,5840,127869.6,CLOSE,0.705,0.67882,0.02618,0.5,0.48475,0.01525,0.705,0.67244,0.03256,0.5,0.55962,-0.05962
7,5841,127890.6,CLOSE,0.71,0.68403,0.02597,0.5,0.48644,0.01356,0.71,0.67071,0.03929,0.5,0.55962,-0.05962
7,5842,127911.4,CLOSE,0.715,0.69097,0.02403,0.5,0.48644,0.01356,0.715,0.67938,0.03562,0.5,0.55769,-0.05769
7,5843,127932.5,CLOSE,0.72,0.69271,0.02729,0.5,0.48644,0.01356,0.72,0.68284,0.03716,0.5,0.55769,-0.05769
7,5844,127953.3,CLOSE,0.725,0.69444,0.03056,0.5,0.48475,0.01525,0.725,0.68804,0.03696,0.5,0.55962,-0.05962
7,5845,127973.9,CLOSE,0.73,0.69965,0.03035,0.5,0.48475,0.01525,0.73,0.69497,0.03503,0.5,0.56154,-0.06154
7,5846,127994.5,CLOSE,0.735,0.7066,0.0284,0.5,0.48305,0.01695,0.735,0.70537,0.02963,0.5,0.55962,-0.05962
7,5847,128015.6,CLOSE,0.74,0.71007,0.02993,0.5,0.49661,0.00339,0.74,0.70364,0.03636,0.5,0.55962,-0.05962
7,5848,128036.6,CLOSE,0.745,0.71181,0.03319,0.5,0.49322,0.00678,0.745,0.70537,0.03963,0.5,0.55769,-0.05769
7,5849,128057.9,CLOSE,0.75,0.71528,0.03472,0.5,0.49831,0.00169,0.75,0.7175,0.0325,0.5,0.55769,-0.05769
7,5850,128078.1,CLOSE,0.755,0.72917,0.02583,0.5,0.50339,-0.00339,0.755,0.72444,0.03056,0.5,0.55769,-0.05769
7,5851,128099.3,CLOSE,0.76,0.72396,0.03604,0.5,0.50678,-0.00678,0.76,0.72444,0.03556,0.5,0.55769,-0.05769
7,5852,128119.9,CLOSE,0.765,0.73264,0.03236,0.5,0.50678,-0.00678,0.765,0.72617,0.03883,0.5,0.55962,-0.05962
7,5853,128141.0,CLOSE,0.77,0.73438,0.03563,0.5,0.50678,-0.00678,0.77,0.73137,0.03863,0.5,0.55962,-0.05962
7,5854,128162.2,CLOSE,0.775,0.74653,0.02847,0.5,0.50678,-0.00678,0.775,0.7383,0.0367,0.5,0.55962,-0.05962
7,5855,128183.8,CLOSE,0.78,0.74653,0.03347,0.5,0.50678,-0.00678,0.78,0.74697,0.03303,0.5,0.55962,-0.05962
7,5856,128206.3,CLOSE,0.785,0.75347,0.03153,0.5,0.50678,-0.00678,0.785,0.7487,0.0363,0.5,0.55962,-0.05962
7,5857,128225.9,CLOSE,0.79,0.75868,0.03132,0.5,0.50678,-0.00678,0.79,0.7539,0.0361,0.5,0.55769,-0.05769
7,5858,128248.1,CLOSE,0.795,0.76215,0.03285,0.5,0.50678,-0.00678,0.795,0.7591,0.0359,0.5,0.55962,-0.05962
7,5859,128269.0,CLOSE,0.8,0.7691,0.0309,0.5,0.50847,-0.00847,0.8,0.76603,0.03397,0.5,0.55769,-0.05769
7,5860,128289.6,CLOSE,0.805,0.77431,0.03069,0.5,0.50678,-0.00678,0.805,0.77123,0.03377,0.5,0.55962,-0.05962
7,5861,128309.1,CLOSE,0.81,0.78819,0.02181,0.5,0.50847,-0.00847,0.81,0.77643,0.03357,0.5,0.55962,-0.05962
7,5862,128328.5,CLOSE,0.815,0.79167,0.02333,0.5,0.50678,-0.00678,0.815,0.78336,0.03164,0.5,0.56154,-0.06154
7,5863,128349.9,CLOSE,0.82,0.78993,0.03007,0.5,0.50847,-0.00847,0.82,0.78336,0.03664,0.5,0.55769,-0.05769
7,5864,128371.6,CLOSE,0.825,0.79861,0.02639,0.5,0.50678,-0.00678,0.825,0.79203,0.03297,0.5,0.55769,-0.05769
7,5865,128391.8,CLOSE,0.83,0.80035,0.02965,0.5,0.50678,-0.00678,0.83,0.79549,0.03451,0.5,0.55769,-0.05769
7,5866,128412.5,CLOSE,0.835,0.80556,0.02944,0.5,0.50678,-0.00678,0.835,0.80243,0.03257,0.5,0.55769,-0.05769
7,5867,128433.8,CLOSE,0.84,0.80903,0.03097,0.5,0.50678,-0.00678,0.84,0.81629,0.02371,0.5,0.55962,-0.05962
7,5868,128455.1,CLOSE,0.845,0.81424,0.03076,0.5,0.50847,-0.00847,0.845,0.81109,0.03391,0.5,0.55962,-0.05962
7,5869,128475.1,CLOSE,0.85,0.82292,0.02708,0.5,0.50678,-0.00678,0.85,0.81456,0.03544,0.5,0.55962,-0.05962
7,5870,128496.0,CLOSE,0.855,0.82465,0.03035,0.5,0.50678,-0.00678,0.855,0.81976,0.03524,0.5,0.55962,-0.05962
7,5871,128516.6,CLOSE,0.86,0.8316,0.0284,0.5,0.51017,-0.01017,0.86,0.82496,0.03504,0.5,0.55769,-0.05769
7,5872,128537.3,CLOSE,0.865,0.83681,0.02819,0.5,0.50678,-0.00678,0.865,0.83362,0.03138,0.5,0.55769,-0.05769
7,5873,128559.1,CLOSE,0.87,0.84549,0.02451,0.5,0.50508,-0.00508,0.87,0.83709,0.03291,0.5,0.55769,-0.05769
7,5874,128580.2,CLOSE,0.875,0.84375,0.03125,0.5,0.50847,-0.00847,0.875,0.83882,0.03618,0.5,0.55769,-0.05769
7,5875,128601.9,CLOSE,0.88,0.84896,0.03104,0.5,0.50678,-0.00678,0.88,0.85442,0.02558,0.5,0.55962,-0.05962
7,5876,128623.1,CLOSE,0.885,0.8559,0.0291,0.5,0.50678,-0.00678,0.885,0.85095,0.03405,0.5,0.55962,-0.05962
7,5877,128645.5,CLOSE,0.89,0.85764,0.03236,0.5,0.51017,-0.01017,0.89,0.86135,0.02865,0.5,0.55962,-0.05962
7,5878,128665.1,CLOSE,0.895,0.86285,0.03215,0.5,0.50678,-0.00678,0.895,0.86308,0.03192,0.5,0.55769,-0.05769
7,5879,128688.1,CLOSE,0.9,0.86806,0.03194,0.5,0.50508,-0.00508,0.9,0.87522,0.02478,0.5,0.55962,-0.05962
7,5880,128708.4,CLOSE,0.905,0.875,0.03,0.5,0.50508,-0.00508,0.905,0.87522,0.02978,0.5,0.55962,-0.05962
7,5881,128728.7,CLOSE,0.91,0.87847,0.03153,0.5,0.50508,-0.00508,0.91,0.88388,0.02612,0.5,0.55962,-0.05962
7,5882,128749.5,CLOSE,0.915,0.88715,0.02785,0.5,0.50508,-0.00508,0.915,0.89081,0.02419,0.5,0.55962,-0.05962
7,5883,128770.1,CLOSE,0.92,0.88715,0.03285,0.5,0.50508,-0.00508,0.92,0.89255,0.02745,0.5,0.55769,-0.05769
7,5884,128790.0,CLOSE,0.925,0.89236,0.03264,0.5,0.50508,-0.00508,0.925,0.90295,0.02205,0.5,0.55769,-0.05769
7,5885,128810.7,CLOSE,0.93,0.89757,0.03243,0.5,0.50508,-0.00508,0.93,0.90468,0.02532,0.5,0.56346,-0.06346
7,5886,128832.0,CLOSE,0.935,0.90104,0.03396,0.5,0.50508,-0.00508,0.935,0.90641,0.02859,0.5,0.55769,-0.05769
7,5887,128852.4,CLOSE,0.94,0.91319,0.02681,0.5,0.50339,-0.00339,0.94,0.90988,0.03012,0.5,0.55769,-0.05769
7,5888,128873.5,CLOSE,0.945,0.90972,0.03528,0.5,0.50508,-0.00508,0.945,0.91334,0.03166,0.5,0.55962,-0.05962
7,5889,128894.0,CLOSE,0.95,0.91493,0.03507,0.5,0.50339,-0.00339,0.95,0.91854,0.03146,0.5,0.55962,-0.05962
7,5890,128914.6,CLOSE,0.955,0.92014,0.03486,0.5,0.50508,-0.00508,0.955,0.92201,0.03299,0.5,0.55962,-0.05962
7,5891,128935.4,CLOSE,0.96,0.92361,0.03639,0.5,0.50339,-0.00339,0.96,0.92894,0.03106,0.5,0.55962,-0.05962
7,5892,128956.1,CLOSE,0.965,0.93229,0.03271,0.5,0.50339,-0.00339,0.965,0.93241,0.03259,0.5,0.55769,-0.05769
7,5893,128977.1,CLOSE,0.97,0.93403,0.03597,0.5,0.50508,-0.00508,0.97,0.93761,0.03239,0.5,0.55962,-0.05962
7,5894,128998.1,CLOSE,0.975,0.94097,0.03403,0.5,0.50508,-0.00508,0.975,0.95147,0.02353,0.5,0.56346,-0.06346
7,5895,129018.7,CLOSE,0.98,0.94271,0.03729,0.5,0.50508,-0.00508,0.98,0.94801,0.03199,0.5,0.55962,-0.05962
7,5896,129040.1,CLOSE,0.985,0.95486,0.03014,0.5,0.50508,-0.00508,0.985,0.95321,0.03179,0.5,0.55769,-0.05769
7,5897,129061.0,CLOSE,0.99,0.95312,0.03688,0.5,0.50508,-0.00508,0.99,0.95841,0.03159,0.5,0.55962,-0.05962
7,5898,129081.6,CLOSE,0.995,0.96528,0.02972,0.5,0.50508,-0.00508,0.995,0.96187,0.03313,0.5,0.55769,-0.05769
7,5899,129103.3,CLOSE,1.0,0.96528,0.03472,0.5,0.50339,-0.00339,1.0,0.96707,0.03293,0.5,0.55962,-0.05962
7,5900,129109.9,HOLD_CLOSED,1.0,0.96528,0.03472,0.5,0.50508,-0.00508,1.0,0.9688,0.0312,0.5,0.55962,-0.05962
7,5901,129132.1,HOLD_CLOSED,1.0,0.96701,0.03299,0.5,0.50678,-0.00678,1.0,0.97747,0.02253,0.5,0.55769,-0.05769
7,5902,129152.8,HOLD_CLOSED,1.0,0.97222,0.02778,0.5,0.50508,-0.00508,1.0,0.98094,0.01906,0.5,0.55769,-0.05769
7,5903,129172.9,HOLD_CLOSED,1.0,0.97569,0.02431,0.5,0.50508,-0.00508,1.0,0.9844,0.0156,0.5,0.55962,-0.05962
7,5904,129193.7,HOLD_CLOSED,1.0,0.97396,0.02604,0.5,0.50508,-0.00508,1.0,0.98787,0.01213,0.5,0.55962,-0.05962
7,5905,129214.8,HOLD_CLOSED,1.0,0.97569,0.02431,0.5,0.50508,-0.00508,1.0,0.98614,0.01386,0.5,0.55962,-0.05962
7,5906,129235.6,HOLD_CLOSED,1.0,0.97569,0.02431,0.5,0.50508,-0.00508,1.0,0.99133,0.00867,0.5,0.55962,-0.05962
7,5907,129256.8,HOLD_CLOSED,1.0,0.98438,0.01562,0.5,0.50339,-0.00339,1.0,0.9896,0.0104,0.5,0.55962,-0.05962
7,5908,129277.6,HOLD_CLOSED,1.0,0.97569,0.02431,0.5,0.50508,-0.00508,1.0,0.98787,0.01213,0.5,0.55769,-0.05769
7,5909,129297.7,HOLD_CLOSED,1.0,0.98438,0.01562,0.5,0.50339,-0.00339,1.0,0.98614,0.01386,0.5,0.55962,-0.05962
7,5910,129319.2,HOLD_CLOSED,1.0,0.97396,0.02604,0.5,0.50508,-0.00508,1.0,0.98614,0.01386,0.5,0.55962,-0.05962
7,5911,129339.8,HOLD_CLOSED,1.0,0.97743,0.02257,0.5,0.50339,-0.00339,1.0,0.9896,0.0104,0.5,0.55769,-0.05769
7,5912,129360.8,HOLD_CLOSED,1.0,0.97396,0.02604,0.5,0.50339,-0.00339,1.0,0.98614,0.01386,0.5,0.55962,-0.05962
7,5913,129381.2,HOLD_CLOSED,1.0,0.97569,0.02431,0.5,0.50339,-0.00339,1.0,0.98787,0.01213,0.5,0.55962,-0.05962
7,5914,129403.8,HOLD_CLOSED,1.0,0.97569,0.02431,0.5,0.50339,-0.00339,1.0,0.9844,0.0156,0.5,0.55962,-0.05962
7,5915,129423.8,HOLD_CLOSED,1.0,0.9809,0.0191,0.5,0.50508,-0.00508,1.0,0.98267,0.01733,0.5,0.55769,-0.05769
7,5916,129444.4,HOLD_CLOSED,1.0,0.97569,0.02431,0.5,0.50508,-0.00508,1.0,0.99133,0.00867,0.5,0.55962,-0.05962
7,5917,129465.4,HOLD_CLOSED,1.0,0.97743,0.02257,0.5,0.50678,-0.00678,1.0,0.98614,0.01386,0.5,0.55962,-0.05962
7,5918,129486.9,HOLD_CLOSED,1.0,0.97743,0.02257,0.5,0.50508,-0.00508,1.0,0.98787,0.01213,0.5,0.55962,-0.05962
7,5919,129507.6,HOLD_CLOSED,1.0,0.97396,0.02604,0.5,0.50508,-0.00508,1.0,0.9896,0.0104,0.5,0.56154,-0.06154
7,5920,129528.0,HOLD_CLOSED,1.0,0.97743,0.02257,0.5,0.50508,-0.00508,1.0,0.98614,0.01386,0.5,0.55962,-0.05962
7,5921,129548.7,HOLD_CLOSED,1.0,0.9809,0.0191,0.5,0.50339,-0.00339,1.0,0.98614,0.01386,0.5,0.55962,-0.05962
7,5922,129568.9,HOLD_CLOSED,1.0,0.97743,0.02257,0.5,0.50508,-0.00508,1.0,0.98614,0.01386,0.5,0.55962,-0.05962
7,5923,129589.6,HOLD_CLOSED,1.0,0.98264,0.01736,0.5,0.50339,-0.00339,1.0,0.98614,0.01386,0.5,0.55769,-0.05769
7,5924,129610.6,HOLD_CLOSED,1.0,0.97917,0.02083,0.5,0.50339,-0.00339,1.0,0.98787,0.01213,0.5,0.56346,-0.06346
7,5925,129631.0,HOLD_CLOSED,1.0,0.99132,0.00868,0.5,0.50339,-0.00339,1.0,0.9896,0.0104,0.5,0.56346,-0.06346
7,5926,129652.2,HOLD_CLOSED,1.0,0.98264,0.01736,0.5,0.50339,-0.00339,1.0,0.99653,0.00347,0.5,0.55962,-0.05962
7,5927,129673.3,HOLD_CLOSED,1.0,0.98785,0.01215,0.5,0.50678,-0.00678,1.0,0.99307,0.00693,0.5,0.55962,-0.05962
7,5928,129694.3,HOLD_CLOSED,1.0,0.98785,0.01215,0.5,0.50339,-0.00339,1.0,0.9948,0.0052,0.5,0.55962,-0.05962
7,5929,129715.1,HOLD_CLOSED,1.0,0.99826,0.00174,0.5,0.50508,-0.00508,1.0,0.99827,0.00173,0.5,0.55962,-0.05962
7,5930,129736.3,HOLD_CLOSED,1.0,0.98958,0.01042,0.5,0.50339,-0.00339,1.0,0.99307,0.00693,0.5,0.55769,-0.05769
7,5931,129756.9,HOLD_CLOSED,1.0,0.99479,0.00521,0.5,0.50508,-0.00508,1.0,0.9948,0.0052,0.5,0.55962,-0.05962
7,5932,129777.6,HOLD_CLOSED,1.0,0.99479,0.00521,0.5,0.50169,-0.00169,1.0,0.9948,0.0052,0.5,0.55962,-0.05962
7,5933,129798.6,HOLD_CLOSED,1.0,0.99479,0.00521,0.5,0.50339,-0.00339,1.0,0.99307,0.00693,0.5,0.55962,-0.05962
7,5934,129818.6,HOLD_CLOSED,1.0,0.99306,0.00694,0.5,0.50508,-0.00508,1.0,0.99653,0.00347,0.5,0.55962,-0.05962
7,5935,129839.9,HOLD_CLOSED,1.0,0.99306,0.00694,0.5,0.50339,-0.00339,1.0,0.99307,0.00693,0.5,0.55769,-0.05769
7,5936,129860.1,HOLD_CLOSED,1.0,0.99479,0.00521,0.5,0.50508,-0.00508,1.0,0.99653,0.00347,0.5,0.55962,-0.05962
7,5937,129881.5,HOLD_CLOSED,1.0,0.99132,0.00868,0.5,0.50508,-0.00508,1.0,0.9948,0.0052,0.5,0.55962,-0.05962
7,5938,129903.5,HOLD_CLOSED,1.0,0.99132,0.00868,0.5,0.50339,-0.00339,1.0,0.99653,0.00347,0.5,0.55962,-0.05962
7,5939,129924.2,HOLD_CLOSED,1.0,0.99306,0.00694,0.5,0.50339,-0.00339,1.0,0.99653,0.00347,0.5,0.55962,-0.05962
7,5940,129944.4,HOLD_CLOSED,1.0,0.99306,0.00694,0.5,0.50508,-0.00508,1.0,0.99653,0.00347,0.5,0.56154,-0.06154
7,5941,129965.5,HOLD_CLOSED,1.0,0.99306,0.00694,0.5,0.50508,-0.00508,1.0,0.99307,0.00693,0.5,0.55962,-0.05962
7,5942,129986.2,HOLD_CLOSED,1.0,0.99479,0.00521,0.5,0.50508,-0.00508,1.0,0.9948,0.0052,0.5,0.55769,-0.05769
7,5943,130006.6,HOLD_CLOSED,1.0,0.99479,0.00521,0.5,0.50508,-0.00508,1.0,0.9948,0.0052,0.5,0.55962,-0.05962
7,5944,130027.9,HOLD_CLOSED,1.0,0.99653,0.00347,0.5,0.50339,-0.00339,1.0,0.9948,0.0052,0.5,0.55962,-0.05962
7,5945,130048.5,HOLD_CLOSED,1.0,0.99479,0.00521,0.5,0.50508,-0.00508,1.0,0.99307,0.00693,0.5,0.55962,-0.05962
7,5946,130069.2,HOLD_CLOSED,1.0,0.99132,0.00868,0.5,0.50508,-0.00508,1.0,0.99307,0.00693,0.5,0.55962,-0.05962
7,5947,130089.1,HOLD_CLOSED,1.0,0.99479,0.00521,0.5,0.50508,-0.00508,1.0,0.99307,0.00693,0.5,0.55962,-0.05962
7,5948,130110.7,HOLD_CLOSED,1.0,0.99479,0.00521,0.5,0.50508,-0.00508,1.0,0.99307,0.00693,0.5,0.55962,-0.05962
7,5949,130131.2,HOLD_CLOSED,1.0,0.99479,0.00521,0.5,0.50339,-0.00339,1.0,0.99307,0.00693,0.5,0.55962,-0.05962
7,5950,130152.3,HOLD_CLOSED,1.0,0.99306,0.00694,0.5,0.50678,-0.00678,1.0,0.9948,0.0052,0.5,0.55769,-0.05769
7,5951,130173.8,HOLD_CLOSED,1.0,0.99306,0.00694,0.5,0.50339,-0.00339,1.0,0.99307,0.00693,0.5,0.56154,-0.06154
7,5952,130194.2,HOLD_CLOSED,1.0,0.99653,0.00347,0.5,0.50339,-0.00339,1.0,0.9948,0.0052,0.5,0.55962,-0.05962
7,5953,130214.9,HOLD_CLOSED,1.0,0.99479,0.00521,0.5,0.50339,-0.00339,1.0,0.9948,0.0052,0.5,0.55962,-0.05962
7,5954,130236.9,HOLD_CLOSED,1.0,0.99479,0.00521,0.5,0.50508,-0.00508,1.0,0.9948,0.0052,0.5,0.55769,-0.05769
7,5955,130256.9,HOLD_CLOSED,1.0,0.99132,0.00868,0.5,0.50508,-0.00508,1.0,0.99307,0.00693,0.5,0.55769,-0.05769
7,5956,130277.5,HOLD_CLOSED,1.0,0.99653,0.00347,0.5,0.50508,-0.00508,1.0,0.99653,0.00347,0.5,0.56154,-0.06154
7,5957,130298.5,HOLD_CLOSED,1.0,0.99479,0.00521,0.5,0.50339,-0.00339,1.0,0.9948,0.0052,0.5,0.55962,-0.05962
7,5958,130317.6,HOLD_CLOSED,1.0,0.99479,0.00521,0.5,0.50339,-0.00339,1.0,0.99307,0.00693,0.5,0.55962,-0.05962
7,5959,130341.0,HOLD_CLOSED,1.0,0.99479,0.00521,0.5,0.50508,-0.00508,1.0,0.99307,0.00693,0.5,0.55962,-0.05962
7,5960,130361.6,OPEN,0.995,0.99132,0.00368,0.495,0.50339,-0.00839,0.995,0.9948,0.0002,0.495,0.55962,-0.06462
7,5961,130384.5,OPEN,0.99,0.99479,-0.00479,0.49,0.50339,-0.01339,0.99,0.99653,-0.00653,0.49,0.55962,-0.06962
7,5962,130405.7,OPEN,0.985,0.99479,-0.00979,0.485,0.50339,-0.01839,0.985,0.99307,-0.00807,0.485,0.55962,-0.07462
7,5963,130426.2,OPEN,0.98,0.99479,-0.01479,0.48,0.50339,-0.02339,0.98,0.99307,-0.01307,0.48,0.55962,-0.07962
7,5964,130446.5,OPEN,0.975,0.99306,-0.01806,0.475,0.50508,-0.03008,0.975,0.99653,-0.02153,0.475,0.55962,-0.08462
7,5965,130467.0,OPEN,0.97,0.99306,-0.02306,0.47,0.50678,-0.03678,0.97,0.9948,-0.0248,0.47,0.56346,-0.09346
7,5966,130488.0,OPEN,0.965,0.99306,-0.02806,0.465,0.50339,-0.03839,0.965,0.99653,-0.03153,0.465,0.55962,-0.09462
7,5967,130508.7,OPEN,0.96,0.99479,-0.03479,0.46,0.50508,-0.04508,0.96,0.99307,-0.03307,0.46,0.55962,-0.09962
7,5968,130529.7,OPEN,0.955,0.99306,-0.03806,0.455,0.50339,-0.04839,0.955,0.99307,-0.03807,0.455,0.55962,-0.10462
7,5969,130550.5,OPEN,0.95,0.99306,-0.04306,0.45,0.50508,-0.05508,0.95,0.9948,-0.0448,0.45,0.56538,-0.11538
7,5970,130570.8,OPEN,0.945,0.99306,-0.04806,0.445,0.50508,-0.06008,0.945,0.9948,-0.0498,0.445,0.56731,-0.12231
7,5971,130591.8,OPEN,0.94,0.99306,-0.05306,0.44,0.49492,-0.05492,0.94,0.99307,-0.05307,0.44,0.56923,-0.12923
7,5972,130613.1,OPEN,0.935,0.99479,-0.05979,0.435,0.49322,-0.05822,0.935,0.9948,-0.0598,0.435,0.55769,-0.12269
7,5973,130633.8,OPEN,0.93,0.99653,-0.06653,0.43,0.48644,-0.05644,0.93,0.99653,-0.06653,0.43,0.55962,-0.12962
7,5974,130654.2,OPEN,0.925,0.99479,-0.06979,0.425,0.47797,-0.05297,0.925,0.9948,-0.0698,0.425,0.55962,-0.13462
7,5975,130675.5,OPEN,0.92,0.99132,-0.07132,0.42,0.4678,-0.0478,0.92,0.9896,-0.0696,0.42,0.55192,-0.13192
7,5976,130697.3,OPEN,0.915,0.98611,-0.07111,0.415,0.4661,-0.0511,0.915,0.98267,-0.06767,0.415,0.54231,-0.12731
7,5977,130717.7,OPEN,0.91,0.98264,-0.07264,0.41,0.45932,-0.04932,0.91,0.97574,-0.06574,0.41,0.53077,-0.12077
7,5978,130738.2,OPEN,0.905,0.97917,-0.07417,0.405,0.44915,-0.04415,0.905,0.97747,-0.07247,0.405,0.52115,-0.11615
7,5979,130759.3,OPEN,0.9,0.97222,-0.07222,0.4,0.44407,-0.04407,0.9,0.96707,-0.06707,0.4,0.51154,-0.11154
7,5980,130778.1,OPEN,0.895,0.96181,-0.06681,0.395,0.4339,-0.0389,0.895,0.96014,-0.06514,0.395,0.50385,-0.10885
7,5981,130799.6,OPEN,0.89,0.9566,-0.0666,0.39,0.43051,-0.04051,0.89,0.95841,-0.06841,0.39,0.49423,-0.10423
7,5982,130820.4,OPEN,0.885,0.95139,-0.06639,0.385,0.42034,-0.03534,0.885,0.94974,-0.06474,0.385,0.48462,-0.09962
7,5983,130840.9,OPEN,0.88,0.94271,-0.06271,0.38,0.41864,-0.03864,0.88,0.94801,-0.06801,0.38,0.47115,-0.09115
7,5984,130861.8,OPEN,0.875,0.95312,-0.07813,0.375,0.40847,-0.03347,0.875,0.93934,-0.06434,0.375,0.45962,-0.08462
7,5985,130883.0,OPEN,0.87,0.92708,-0.05708,0.37,0.40169,-0.03169,0.87,0.93241,-0.06241,0.37,0.45,-0.08
7,5986,130906.2,OPEN,0.865,0.92188,-0.05688,0.365,0.39661,-0.03161,0.865,0.92374,-0.05874,0.365,0.43846,-0.07346
7,5987,130925.1,OPEN,0.86,0.91493,-0.05493,0.36,0.39322,-0.03322,0.86,0.91681,-0.05681,0.36,0.43269,-0.07269
7,5988,130945.8,OPEN,0.855,0.90799,-0.05299,0.355,0.38983,-0.03483,0.855,0.90815,-0.05315,0.355,0.425,-0.07
7,5989,130966.7,OPEN,0.85,0.90104,-0.05104,0.35,0.38814,-0.03814,0.85,0.90121,-0.05121,0.35,0.41923,-0.06923
7,5990,130988.5,OPEN,0.845,0.89757,-0.05257,0.345,0.38475,-0.03975,0.845,0.89255,-0.04755,0.345,0.41346,-0.06846
7,5991,131008.7,OPEN,0.84,0.89062,-0.05063,0.34,0.38136,-0.04136,0.84,0.88735,-0.04735,0.34,0.40769,-0.06769
7,5992,131029.3,OPEN,0.835,0.88715,-0.05215,0.335,0.37966,-0.04466,0.835,0.88388,-0.04888,0.335,0.40577,-0.07077
7,5993,131050.0,OPEN,0.83,0.88368,-0.05368,0.33,0.37627,-0.04627,0.83,0.88042,-0.05042,0.33,0.40385,-0.07385
7,5994,131070.9,OPEN,0.825,0.88194,-0.05694,0.325,0.38136,-0.05636,0.825,0.87695,-0.05195,0.325,0.40769,-0.08269
7,5995,131091.5,OPEN,0.82,0.87847,-0.05847,0.32,0.37627,-0.05627,0.82,0.87348,-0.05348,0.32,0.40385,-0.08385
7,5996,131112.7,OPEN,0.815,0.88021,-0.06521,0.315,0.36441,-0.04941,0.815,0.86828,-0.05328,0.315,0.4,-0.085
7,5997,131133.2,OPEN,0.81,0.87674,-0.06674,0.31,0.36102,-0.05102,0.81,0.86828,-0.05828,0.31,0.39808,-0.08808
7,5998,131154.2,OPEN,0.805,0.875,-0.07,0.305,0.35763,-0.05263,0.805,0.86482,-0.05982,0.305,0.39615,-0.09115
7,5999,131175.4,OPEN,0.8,0.87326,-0.07326,0.3,0.35254,-0.05254,0.8,0.86135,-0.06135,0.3,0.39808,-0.09808
7,6000,131195.9,OPEN,0.795,0.86632,-0.07132,0.295,0.34576,-0.05076,0.795,0.85615,-0.06115,0.295,0.39231,-0.09731
7,6001,131217.0,OPEN,0.79,0.86632,-0.07632,0.29,0.34068,-0.05068,0.79,0.85789,-0.06789,0.29,0.39038,-0.10038
7,6002,131236.8,OPEN,0.785,0.86111,-0.07611,0.285,0.33559,-0.05059,0.785,0.84922,-0.06422,0.285,0.37692,-0.09192
7,6003,131259.4,OPEN,0.78,0.86111,-0.08111,0.28,0.33051,-0.05051,0.78,0.84229,-0.06229,0.28,0.37308,-0.09308
7,6004,131281.2,OPEN,0.775,0.8559,-0.0809,0.275,0.3322,-0.0572,0.775,0.83709,-0.06209,0.275,0.36346,-0.08846
7,6005,131301.2,OPEN,0.77,0.85069,-0.08069,0.27,0.32034,-0.05034,0.77,0.83709,-0.06709,0.27,0.36346,-0.09346
7,6006,131322.0,OPEN,0.765,0.84375,-0.07875,0.265,0.31695,-0.05195,0.765,0.82669,-0.06169,0.265,0.35385,-0.08885
7,6007,131342.1,OPEN,0.76,0.83854,-0.07854,0.26,0.31017,-0.05017,0.76,0.82149,-0.06149,0.26,0.34615,-0.08615
7,6008,131363.9,OPEN,0.755,0.82639,-0.07139,0.255,0.30339,-0.04839,0.755,0.81629,-0.06129,0.255,0.33654,-0.08154
7,6009,131384.0,OPEN,0.75,0.81944,-0.06944,0.25,0.29661,-0.04661,0.75,0.81109,-0.06109,0.25,0.33077,-0.08077
7,6010,131403.0,OPEN,0.745,0.80903,-0.06403,0.245,0.29322,-0.04822,0.745,0.80763,-0.06263,0.245,0.33269,-0.08769
7,6011,131425.1,OPEN,0.74,0.79861,-0.05861,0.24,0.28814,-0.04814,0.74,0.79896,-0.05896,0.24,0.31923,-0.07923
7,6012,131446.2,OPEN,0.735,0.79167,-0.05667,0.235,0.28305,-0.04805,0.735,0.79549,-0.06049,0.235,0.31154,-0.07654
7,6013,131467.1,OPEN,0.73,0.78819,-0.05819,0.23,0.27966,-0.04966,0.73,0.79203,-0.06203,0.23,0.30192,-0.07192
7,6014,131488.0,OPEN,0.725,0.77951,-0.05451,0.225,0.27458,-0.04958,0.725,0.78336,-0.05836,0.225,0.29615,-0.07115
7,6015,131508.5,OPEN,0.72,0.77257,-0.05257,0.22,0.26949,-0.04949,0.72,0.78163,-0.06163,0.22,0.29038,-0.07038
7,6016,131528.8,OPEN,0.715,0.76736,-0.05236,0.215,0.2661,-0.0511,0.715,0.7747,-0.0597,0.215,0.28462,-0.06962
7,6017,131549.9,OPEN,0.71,0.76389,-0.05389,0.21,0.26102,-0.05102,0.71,0.76776,-0.05776,0.21,0.27885,-0.06885
7,6018,131571.2,OPEN,0.705,0.76215,-0.05715,0.205,0.24915,-0.04415,0.705,0.76603,-0.06103,0.205,0.27885,-0.07385
7,6019,131592.1,OPEN,0.7,0.75347,-0.05347,0.2,0.24407,-0.04407,0.7,0.75737,-0.05737,0.2,0.26923,-0.06923
7,6020,131612.5,OPEN,0.695,0.75,-0.055,0.195,0.23898,-0.04398,0.695,0.7539,-0.0589,0.195,0.26346,-0.06846
7,6021,131633.8,OPEN,0.69,0.74653,-0.05653,0.19,0.2322,-0.0422,0.69,0.74697,-0.05697,0.19,0.25769,-0.06769
7,6022,131654.9,OPEN,0.685,0.74306,-0.05806,0.185,0.22881,-0.04381,0.685,0.7435,-0.0585,0.185,0.25962,-0.07462
7,6023,131675.5,OPEN,0.68,0.73785,-0.05785,0.18,0.22373,-0.04373,0.68,0.7383,-0.0583,0.18,0.25192,-0.07192
7,6024,131697.2,OPEN,0.675,0.73438,-0.05938,0.175,0.22034,-0.04534,0.675,0.73484,-0.05984,0.175,0.24231,-0.06731
7,6025,131717.0,OPEN,0.67,0.7309,-0.0609,0.17,0.22373,-0.05373,0.67,0.72964,-0.05964,0.17,0.23269,-0.06269
7,6026,131738.2,OPEN,0.665,0.72743,-0.06243,0.165,0.21695,-0.05195,0.665,0.72617,-0.06117,0.165,0.23077,-0.06577
7,6027,131760.2,OPEN,0.66,0.72049,-0.06049,0.16,0.21695,-0.05695,0.66,0.72097,-0.06097,0.16,0.21346,-0.05346
7,6028,131779.6,OPEN,0.655,0.71701,-0.06201,0.155,0.20508,-0.05008,0.655,0.71404,-0.05904,0.155,0.21346,-0.05846
7,6029,131800.9,OPEN,0.65,0.71007,-0.06007,0.15,0.20169,-0.05169,0.65,0.70711,-0.05711,0.15,0.20577,-0.05577
7,6030,131822.5,OPEN,0.645,0.70486,-0.05986,0.145,0.19831,-0.05331,0.645,0.70017,-0.05517,0.145,0.2,-0.055
7,6031,131843.7,OPEN,0.64,0.70139,-0.06139,0.14,0.19322,-0.05322,0.64,0.69671,-0.05671,0.14,0.19423,-0.05423
7,6032,131863.2,OPEN,0.635,0.69444,-0.05944,0.135,0.18983,-0.05483,0.635,0.68977,-0.05477,0.135,0.19038,-0.05538
7,6033,131884.4,OPEN,0.63,0.69271,-0.06271,0.13,0.18305,-0.05305,0.63,0.68284,-0.05284,0.13,0.19808,-0.06808
7,6034,131904.4,OPEN,0.625,0.6875,-0.0625,0.125,0.17966,-0.05466,0.625,0.67764,-0.05264,0.125,0.18269,-0.05769
7,6035,131925.3,OPEN,0.62,0.67882,-0.05882,0.12,0.17627,-0.05627,0.62,0.67418,-0.05418,0.12,0.17885,-0.05885
7,6036,131946.3,OPEN,0.615,0.67708,-0.06208,0.115,0.16949,-0.05449,0.615,0.66724,-0.05224,0.115,0.15769,-0.04269
7,6037,131966.7,OPEN,0.61,0.67014,-0.06014,0.11,0.1661,-0.0561,0.61,0.66551,-0.05551,0.11,0.18269,-0.07269
7,6038,131987.7,OPEN,0.605,0.6684,-0.0634,0.105,0.16102,-0.05602,0.605,0.66031,-0.05531,0.105,0.16731,-0.06231
7,6039,132008.6,OPEN,0.6,0.66146,-0.06146,0.1,0.15763,-0.05763,0.6,0.65511,-0.05511,0.1,0.16346,-0.06346
7,6040,132029.7,OPEN,0.595,0.65451,-0.05951,0.095,0.15085,-0.05585,0.595,0.64991,-0.05491,0.095,0.16346,-0.06846
7,6041,132050.5,OPEN,0.59,0.65104,-0.06104,0.09,0.14576,-0.05576,0.59,0.64818,-0.05818,0.09,0.15769,-0.06769
7,6042,132071.3,OPEN,0.585,0.65451,-0.06951,0.085,0.14068,-0.05568,0.585,0.64471,-0.05971,0.085,0.15385,-0.06885
7,6043,132092.1,OPEN,0.58,0.64583,-0.06583,0.08,0.13559,-0.05559,0.58,0.63605,-0.05605,0.08,0.14808,-0.06808
7,6044,132112.9,OPEN,0.575,0.63542,-0.06042,0.075,0.13051,-0.05551,0.575,0.63258,-0.05758,0.075,0.13846,-0.06346
7,6045,132133.7,OPEN,0.57,0.63368,-0.06368,0.07,0.12203,-0.05203,0.57,0.62565,-0.05565,0.07,0.13077,-0.06077
7,6046,132155.0,OPEN,0.565,0.625,-0.06,0.065,0.11695,-0.05195,0.565,0.62045,-0.05545,0.065,0.125,-0.06
7,6047,132176.0,OPEN,0.56,0.61979,-0.05979,0.06,0.11186,-0.05186,0.56,0.62218,-0.06218,0.06,0.11923,-0.05923
7,6048,132196.6,OPEN,0.555,0.61458,-0.05958,0.055,0.10508,-0.05008,0.555,0.61179,-0.05679,0.055,0.10962,-0.05462
7,6049,132217.5,OPEN,0.55,0.61111,-0.06111,0.05,0.1,-0.05,0.55,0.60659,-0.05659,0.05,0.10192,-0.05192
7,6050,132237.8,OPEN,0.545,0.6059,-0.0609,0.045,0.09492,-0.04992,0.545,0.59965,-0.05465,0.045,0.09423,-0.04923
7,6051,132260.0,OPEN,0.54,0.59896,-0.05896,0.04,0.08814,-0.04814,0.54,0.59445,-0.05445,0.04,0.08654,-0.04654
7,6052,132279.7,OPEN,0.535,0.59375,-0.05875,0.035,0.08136,-0.04636,0.535,0.59445,-0.05945,0.035,0.08077,-0.04577
7,6053,132300.7,OPEN,0.53,0.58854,-0.05854,0.03,0.07797,-0.04797,0.53,0.58406,-0.05406,0.03,0.07308,-0.04308
7,6054,132321.9,OPEN,0.525,0.58333,-0.05833,0.025,0.07288,-0.04788,0.525,0.57886,-0.05386,0.025,0.06538,-0.04038
7,6055,132341.4,OPEN,0.52,0.57639,-0.05639,0.02,0.07119,-0.05119,0.52,0.57366,-0.05366,0.02,0.05962,-0.03962
7,6056,132362.8,OPEN,0.515,0.57292,-0.05792,0.015,0.06271,-0.04771,0.515,0.56846,-0.05346,0.015,0.05577,-0.04077
7,6057,132383.3,OPEN,0.51,0.56944,-0.05944,0.01,0.06102,-0.05102,0.51,0.56326,-0.05326,0.01,0.05,-0.04
7,6058,132404.5,OPEN,0.505,0.5625,-0.0575,0.005,0.05254,-0.04754,0.505,0.56499,-0.05999,0.005,0.04423,-0.03923
7,6059,132425.1,OPEN,0.5,0.55903,-0.05903,0.0,0.04746,-0.04746,0.5,0.55806,-0.05806,0.0,0.03846,-0.03846
7,6060,132446.2,OPEN,0.495,0.55729,-0.06229,0.0,0.04237,-0.04237,0.495,0.55286,-0.05786,0.0,0.04231,-0.04231
7,6061,132467.0,OPEN,0.49,0.54861,-0.05861,0.0,0.03729,-0.03729,0.49,0.54419,-0.05419,0.0,0.03462,-0.03462
7,6062,132487.7,OPEN,0.485,0.5434,-0.0584,0.0,0.0339,-0.0339,0.485,0.53899,-0.05399,0.0,0.02885,-0.02885
7,6063,132508.7,OPEN,0.48,0.53819,-0.05819,0.0,0.02712,-0.02712,0.48,0.53726,-0.05726,0.0,0.02115,-0.02115
7,6064,132529.2,OPEN,0.475,0.53472,-0.05972,0.0,0.02203,-0.02203,0.475,0.53033,-0.05533,0.0,0.01538,-0.01538
7,6065,132550.4,OPEN,0.47,0.53125,-0.06125,0.0,0.02034,-0.02034,0.47,0.52686,-0.05686,0.0,0.01538,-0.01538
7,6066,132570.0,OPEN,0.465,0.52257,-0.05757,0.0,0.01864,-0.01864,0.465,0.52513,-0.06013,0.0,0.00769,-0.00769
7,6067,132592.1,OPEN,0.46,0.51215,-0.05215,0.0,0.01695,-0.01695,0.46,0.51646,-0.05646,0.0,0.00192,-0.00192
7,6068,132612.6,OPEN,0.455,0.51562,-0.06063,0.0,0.01017,-0.01017,0.455,0.50607,-0.05107,0.0,0.0,0.0
7,6069,132633.5,OPEN,0.45,0.49826,-0.04826,0.0,0.00678,-0.00678,0.45,0.49913,-0.04913,0.0,0.0,0.0
7,6070,132655.3,OPEN,0.445,0.49132,-0.04632,0.0,0.00678,-0.00678,0.445,0.48873,-0.04373,0.0,0.0,0.0
7,6071,132676.1,OPEN,0.44,0.48611,-0.04611,0.0,0.00678,-0.00678,0.44,0.4818,-0.0418,0.0,0.0,0.0
7,6072,132697.6,OPEN,0.435,0.48264,-0.04764,0.0,0.00678,-0.00678,0.435,0.47834,-0.04334,0.0,0.0,0.0
7,6073,132716.5,OPEN,0.43,0.4809,-0.0509,0.0,0.00678,-0.00678,0.43,0.47487,-0.04487,0.0,0.0,0.0
7,6074,132739.0,OPEN,0.425,0.47743,-0.05243,0.0,0.00678,-0.00678,0.425,0.4714,-0.0464,0.0,0.0,0.0
7,6075,132760.0,OPEN,0.42,0.47396,-0.05396,0.0,0.00678,-0.00678,0.42,0.46794,-0.04794,0.0,0.0,0.0
7,6076,132779.6,OPEN,0.415,0.47396,-0.05896,0.0,0.00678,-0.00678,0.415,0.46794,-0.05294,0.0,0.0,0.0
7,6077,132800.5,OPEN,0.41,0.47049,-0.06049,0.0,0.00678,-0.00678,0.41,0.46101,-0.05101,0.0,0.0,0.0
7,6078,132821.1,OPEN,0.405,0.46354,-0.05854,0.0,0.00678,-0.00678,0.405,0.45754,-0.05254,0.0,0.0,0.0
7,6079,132841.9,OPEN,0.4,0.46181,-0.06181,0.0,0.01017,-0.01017,0.4,0.45407,-0.05407,0.0,0.0,0.0
7,6080,132862.5,OPEN,0.395,0.45486,-0.05986,0.0,0.00678,-0.00678,0.395,0.44714,-0.05214,0.0,0.0,0.0
7,6081,132883.0,OPEN,0.39,0.45139,-0.06139,0.0,0.00678,-0.00678,0.39,0.44541,-0.05541,0.0,0.0,0.0
7,6082,132904.0,OPEN,0.385,0.45139,-0.06639,0.0,0.00678,-0.00678,0.385,0.44194,-0.05694,0.0,0.0,0.0
7,6083,132925.3,OPEN,0.38,0.44271,-0.06271,0.0,0.00678,-0.00678,0.38,0.44021,-0.06021,0.0,0.0,0.0
7,6084,132946.5,OPEN,0.375,0.4375,-0.0625,0.0,0.00678,-0.00678,0.375,0.43154,-0.05654,0.0,0.0,0.0
7,6085,132966.2,OPEN,0.37,0.43229,-0.06229,0.0,0.00678,-0.00678,0.37,0.42981,-0.05981,0.0,0.0,0.0
7,6086,132987.4,OPEN,0.365,0.42535,-0.06035,0.0,0.00678,-0.00678,0.365,0.42288,-0.05788,0.0,0.0,0.0
7,6087,133008.4,OPEN,0.36,0.42014,-0.06014,0.0,0.00678,-0.00678,0.36,0.41594,-0.05594,0.0,0.0,0.0
7,6088,133029.1,OPEN,0.355,0.42188,-0.06688,0.0,0.00678,-0.00678,0.355,0.40901,-0.05401,0.0,0.0,0.0
7,6089,133050.4,OPEN,0.35,0.40799,-0.05799,0.0,0.00678,-0.00678,0.35,0.40555,-0.05555,0.0,0.0,0.0
7,6090,133071.1,OPEN,0.345,0.40278,-0.05778,0.0,0.01017,-0.01017,0.345,0.39688,-0.05188,0.0,0.0,0.0
7,6091,133091.6,OPEN,0.34,0.39931,-0.05931,0.0,0.00678,-0.00678,0.34,0.39341,-0.05341,0.0,0.0,0.0
7,6092,133113.9,OPEN,0.335,0.39236,-0.05736,0.0,0.00678,-0.00678,0.335,0.38821,-0.05321,0.0,0.0,0.0
7,6093,133134.3,OPEN,0.33,0.38542,-0.05542,0.0,0.00678,-0.00678,0.33,0.38128,-0.05128,0.0,0.0,0.0
7,6094,133155.2,OPEN,0.325,0.38021,-0.05521,0.0,0.00678,-0.00678,0.325,0.37262,-0.04762,0.0,0.0,0.0
7,6095,133175.5,OPEN,0.32,0.375,-0.055,0.0,0.00678,-0.00678,0.32,0.36915,-0.04915,0.0,0.0,0.0
7,6096,133196.1,OPEN,0.315,0.37326,-0.05826,0.0,0.00678,-0.00678,0.315,0.36742,-0.05242,0.0,0.0,0.0
7,6097,133218.9,OPEN,0.31,0.36111,-0.05111,0.0,0.00678,-0.00678,0.31,0.35702,-0.04702,0.0,0.0,0.0
7,6098,133238.5,OPEN,0.305,0.35764,-0.05264,0.0,0.00678,-0.00678,0.305,0.35355,-0.04855,0.0,0.0,0.0
7,6099,133259.8,OPEN,0.3,0.35069,-0.05069,0.0,0.00678,-0.00678,0.3,0.34662,-0.04662,0.0,0.0,0.0
7,6100,133279.8,OPEN,0.295,0.34722,-0.05222,0.0,0.00678,-0.00678,0.295,0.34315,-0.04815,0.0,0.0,0.0
7,6101,133300.7,OPEN,0.29,0.34028,-0.05028,0.0,0.00678,-0.00678,0.29,0.33622,-0.04622,0.0,0.0,0.0
7,6102,133320.7,OPEN,0.285,0.33854,-0.05354,0.0,0.00678,-0.00678,0.285,0.33102,-0.04602,0.0,0.0,0.0
7,6103,133341.4,OPEN,0.28,0.3316,-0.0516,0.0,0.00678,-0.00678,0.28,0.32756,-0.04756,0.0,0.0,0.0
7,6104,133362.8,OPEN,0.275,0.32812,-0.05313,0.0,0.00678,-0.00678,0.275,0.32236,-0.04736,0.0,0.0,0.0
7,6105,133383.3,OPEN,0.27,0.32292,-0.05292,0.0,0.01017,-0.01017,0.27,0.31889,-0.04889,0.0,0.0,0.0
7,6106,133404.5,OPEN,0.265,0.31944,-0.05444,0.0,0.00678,-0.00678,0.265,0.31369,-0.04869,0.0,0.0,0.0
7,6107,133425.3,OPEN,0.26,0.31424,-0.05424,0.0,0.00678,-0.00678,0.26,0.30849,-0.04849,0.0,0.0,0.0
7,6108,133446.2,OPEN,0.255,0.30903,-0.05403,0.0,0.00678,-0.00678,0.255,0.30676,-0.05176,0.0,0.0,0.0
7,6109,133466.4,OPEN,0.25,0.30382,-0.05382,0.0,0.00678,-0.00678,0.25,0.30156,-0.05156,0.0,0.0,0.0
7,6110,133487.6,OPEN,0.245,0.29861,-0.05361,0.0,0.00678,-0.00678,0.245,0.29463,-0.04963,0.0,0.0,0.0
7,6111,133508.7,OPEN,0.24,0.29688,-0.05688,0.0,0.00678,-0.00678,0.24,0.29289,-0.05289,0.0,0.0,0.0
7,6112,133529.1,OPEN,0.235,0.28819,-0.05319,0.0,0.00847,-0.00847,0.235,0.29463,-0.05963,0.0,0.0,0.0
7,6113,133549.7,OPEN,0.23,0.28299,-0.05299,0.0,0.00678,-0.00678,0.23,0.28769,-0.05769,0.0,0.0,0.0
7,6114,133571.5,OPEN,0.225,0.27778,-0.05278,0.0,0.00678,-0.00678,0.225,0.2773,-0.0523,0.0,0.0,0.0
7,6115,133591.5,OPEN,0.22,0.27257,-0.05257,0.0,0.00678,-0.00678,0.22,0.27383,-0.05383,0.0,0.0,0.0
7,6116,133613.9,OPEN,0.215,0.26736,-0.05236,0.0,0.00678,-0.00678,0.215,0.2669,-0.0519,0.0,0.0,0.0
7,6117,133636.2,OPEN,0.21,0.26215,-0.05215,0.0,0.00678,-0.00678,0.21,0.2617,-0.0517,0.0,0.0,0.0
7,6118,133655.1,OPEN,0.205,0.25694,-0.05194,0.0,0.01017,-0.01017,0.205,0.25477,-0.04977,0.0,0.0,0.0
7,6119,133675.7,OPEN,0.2,0.25174,-0.05174,0.0,0.00678,-0.00678,0.2,0.25303,-0.05303,0.0,0.0,0.0
7,6120,133697.8,OPEN,0.195,0.24653,-0.05153,0.0,0.00678,-0.00678,0.195,0.24437,-0.04937,0.0,0.0,0.0
7,6121,133717.5,OPEN,0.19,0.24132,-0.05132,0.0,0.00678,-0.00678,0.19,0.23917,-0.04917,0.0,0.0,0.0
7,6122,133738.5,OPEN,0.185,0.23785,-0.05285,0.0,0.00678,-0.00678,0.185,0.23397,-0.04897,0.0,0.0,0.0
7,6123,133758.0,OPEN,0.18,0.2309,-0.0509,0.0,0.00678,-0.00678,0.18,0.22877,-0.04877,0.0,0.0,0.0
7,6124,133779.9,OPEN,0.175,0.2309,-0.0559,0.0,0.00678,-0.00678,0.175,0.22184,-0.04684,0.0,0.0,0.0
7,6125,133800.0,OPEN,0.17,0.22569,-0.05569,0.0,0.00678,-0.00678,0.17,0.21837,-0.04837,0.0,0.0,0.0
7,6126,133821.3,OPEN,0.165,0.21701,-0.05201,0.0,0.00678,-0.00678,0.165,0.21837,-0.05337,0.0,0.0,0.0
7,6127,133841.9,OPEN,0.16,0.21354,-0.05354,0.0,0.00678,-0.00678,0.16,0.21144,-0.05144,0.0,0.0,0.0
7,6128,133863.2,OPEN,0.155,0.20833,-0.05333,0.0,0.00678,-0.00678,0.155,0.20104,-0.04604,0.0,0.0,0.0
7,6129,133883.6,OPEN,0.15,0.20312,-0.05313,0.0,0.00678,-0.00678,0.15,0.19584,-0.04584,0.0,0.0,0.0
7,6130,133904.8,OPEN,0.145,0.19792,-0.05292,0.0,0.01017,-0.01017,0.145,0.19237,-0.04737,0.0,0.0,0.0
7,6131,133925.2,OPEN,0.14,0.19271,-0.05271,0.0,0.00678,-0.00678,0.14,0.18544,-0.04544,0.0,0.0,0.0
7,6132,133946.1,OPEN,0.135,0.18576,-0.05076,0.0,0.00678,-0.00678,0.135,0.18024,-0.04524,0.0,0.0,0.0
7,6133,133966.6,OPEN,0.13,0.18576,-0.05576,0.0,0.00678,-0.00678,0.13,0.17504,-0.04504,0.0,0.0,0.0
7,6134,133988.0,OPEN,0.125,0.17361,-0.04861,0.0,0.00678,-0.00678,0.125,0.16811,-0.04311,0.0,0.0,0.0
7,6135,134008.8,OPEN,0.12,0.17014,-0.05014,0.0,0.00678,-0.00678,0.12,0.16638,-0.04638,0.0,0.0,0.0
7,6136,134029.9,OPEN,0.115,0.16319,-0.04819,0.0,0.01017,-0.01017,0.115,0.15771,-0.04271,0.0,0.0,0.0
7,6137,134051.6,OPEN,0.11,0.15799,-0.04799,0.0,0.01017,-0.01017,0.11,0.15598,-0.04598,0.0,0.0,0.0
7,6138,134071.5,OPEN,0.105,0.15278,-0.04778,0.0,0.00678,-0.00678,0.105,0.14905,-0.04405,0.0,0.0,0.0
7,6139,134093.6,OPEN,0.1,0.14757,-0.04757,0.0,0.00678,-0.00678,0.1,0.14385,-0.04385,0.0,0.0,0.0
7,6140,134113.9,OPEN,0.095,0.14236,-0.04736,0.0,0.00678,-0.00678,0.095,0.14038,-0.04538,0.0,0.0,0.0
7,6141,134133.4,OPEN,0.09,0.13889,-0.04889,0.0,0.00678,-0.00678,0.09,0.13865,-0.04865,0.0,0.0,0.0
7,6142,134156.2,OPEN,0.085,0.13368,-0.04868,0.0,0.00678,-0.00678,0.085,0.13345,-0.04845,0.0,0.0,0.0
7,6143,134176.5,OPEN,0.08,0.12847,-0.04847,0.0,0.00678,-0.00678,0.08,0.12478,-0.04478,0.0,0.0,0.0
7,6144,134196.5,OPEN,0.075,0.125,-0.05,0.0,0.00678,-0.00678,0.075,0.12132,-0.04632,0.0,0.0,0.0
7,6145,134217.2,OPEN,0.07,0.11979,-0.04979,0.0,0.00678,-0.00678,0.07,0.12305,-0.05305,0.0,0.0,0.0
7,6146,134237.9,OPEN,0.065,0.11806,-0.05306,0.0,0.00678,-0.00678,0.065,0.11785,-0.05285,0.0,0.0,0.0
7,6147,134259.3,OPEN,0.06,0.11111,-0.05111,0.0,0.00847,-0.00847,0.06,0.10919,-0.04919,0.0,0.0,0.0
7,6148,134279.6,OPEN,0.055,0.1059,-0.0509,0.0,0.00678,-0.00678,0.055,0.10052,-0.04552,0.0,0.0,0.0
7,6149,134300.6,OPEN,0.05,0.10069,-0.05069,0.0,0.00678,-0.00678,0.05,0.09532,-0.04532,0.0,0.0,0.0
7,6150,134321.3,OPEN,0.045,0.09549,-0.05049,0.0,0.00678,-0.00678,0.045,0.09012,-0.04512,0.0,0.0,0.0
7,6151,134342.1,OPEN,0.04,0.09028,-0.05028,0.0,0.00678,-0.00678,0.04,0.08492,-0.04492,0.0,0.0,0.0
7,6152,134362.6,OPEN,0.035,0.08681,-0.05181,0.0,0.00678,-0.00678,0.035,0.07972,-0.04472,0.0,0.0,0.0
7,6153,134386.0,OPEN,0.03,0.0816,-0.0516,0.0,0.00678,-0.00678,0.03,0.07452,-0.04452,0.0,0.0,0.0
7,6154,134404.4,OPEN,0.025,0.07986,-0.05486,0.0,0.01017,-0.01017,0.025,0.07106,-0.04606,0.0,0.0,0.0
7,6155,134425.4,OPEN,0.02,0.07118,-0.05118,0.0,0.00678,-0.00678,0.02,0.06586,-0.04586,0.0,0.0,0.0
7,6156,134446.6,OPEN,0.015,0.06597,-0.05097,0.0,0.00678,-0.00678,0.015,0.06066,-0.04566,0.0,0.0,0.0
7,6157,134467.1,OPEN,0.01,0.06076,-0.05076,0.0,0.00678,-0.00678,0.01,0.05719,-0.04719,0.0,0.0,0.0
7,6158,134488.1,OPEN,0.005,0.05382,-0.04882,0.0,0.00678,-0.00678,0.005,0.05199,-0.04699,0.0,0.0,0.0
7,6159,134509.0,OPEN,0.0,0.04861,-0.04861,0.0,0.00678,-0.00678,0.0,0.04679,-0.04679,0.0,0.0,0.0
7,6160,134516.1,HOLD_OPEN,0.0,0.04688,-0.04688,0.0,0.00678,-0.00678,0.0,0.04506,-0.04506,0.0,0.0,0.0
7,6161,134537.3,HOLD_OPEN,0.0,0.04167,-0.04167,0.0,0.00678,-0.00678,0.0,0.04506,-0.04506,0.0,0.0,0.0
7,6162,134558.2,HOLD_OPEN,0.0,0.03646,-0.03646,0.0,0.00678,-0.00678,0.0,0.03466,-0.03466,0.0,0.0,0.0
7,6163,134579.6,HOLD_OPEN,0.0,0.03125,-0.03125,0.0,0.00678,-0.00678,0.0,0.02946,-0.02946,0.0,0.0,0.0
7,6164,134600.0,HOLD_OPEN,0.0,0.03125,-0.03125,0.0,0.00678,-0.00678,0.0,0.02426,-0.02426,0.0,0.0,0.0
7,6165,134620.4,HOLD_OPEN,0.0,0.02083,-0.02083,0.0,0.00678,-0.00678,0.0,0.01906,-0.01906,0.0,0.0,0.0
7,6166,134641.5,HOLD_OPEN,0.0,0.01736,-0.01736,0.0,0.00678,-0.00678,0.0,0.01386,-0.01386,0.0,0.0,0.0
7,6167,134663.2,HOLD_OPEN,0.0,0.01389,-0.01389,0.0,0.00678,-0.00678,0.0,0.01213,-0.01213,0.0,0.0,0.0
7,6168,134683.0,HOLD_OPEN,0.0,0.01042,-0.01042,0.0,0.00847,-0.00847,0.0,0.0052,-0.0052,0.0,0.0,0.0
7,6169,134703.9,HOLD_OPEN,0.0,0.00868,-0.00868,0.0,0.00678,-0.00678,0.0,0.00347,-0.00347,0.0,0.0,0.0
7,6170,134725.0,HOLD_OPEN,0.0,0.00694,-0.00694,0.0,0.00678,-0.00678,0.0,0.0,0.0,0.0,0.0,0.0
7,6171,134746.3,HOLD_OPEN,0.0,0.00694,-0.00694,0.0,0.00678,-0.00678,0.0,0.0,0.0,0.0,0.0,0.0
7,6172,134766.9,HOLD_OPEN,0.0,0.00694,-0.00694,0.0,0.00678,-0.00678,0.0,0.0,0.0,0.0,0.0,0.0
7,6173,134788.1,HOLD_OPEN,0.0,0.00694,-0.00694,0.0,0.00678,-0.00678,0.0,0.0,0.0,0.0,0.0,0.0
7,6174,134808.1,HOLD_OPEN,0.0,0.00694,-0.00694,0.0,0.00508,-0.00508,0.0,0.0,0.0,0.0,0.0,0.0
7,6175,134829.7,HOLD_OPEN,0.0,0.00868,-0.00868,0.0,0.00508,-0.00508,0.0,0.0,0.0,0.0,0.0,0.0
7,6176,134850.2,HOLD_OPEN,0.0,0.00694,-0.00694,0.0,0.00678,-0.00678,0.0,0.0,0.0,0.0,0.0,0.0
7,6177,134871.6,HOLD_OPEN,0.0,0.00694,-0.00694,0.0,0.00678,-0.00678,0.0,0.0,0.0,0.0,0.0,0.0
7,6178,134893.0,HOLD_OPEN,0.0,0.00694,-0.00694,0.0,0.00678,-0.00678,0.0,0.0,0.0,0.0,0.0,0.0
7,6179,134913.8,HOLD_OPEN,0.0,0.00694,-0.00694,0.0,0.00508,-0.00508,0.0,0.0,0.0,0.0,0.0,0.0
7,6180,134933.3,HOLD_OPEN,0.0,0.00694,-0.00694,0.0,0.00678,-0.00678,0.0,0.0,0.0,0.0,0.0,0.0
7,6181,134954.9,HOLD_OPEN,0.0,0.00694,-0.00694,0.0,0.00678,-0.00678,0.0,0.0,0.0,0.0,0.0,0.0
7,6182,134974.8,HOLD_OPEN,0.0,0.00694,-0.00694,0.0,0.00678,-0.00678,0.0,0.0,0.0,0.0,0.0,0.0
7,6183,134996.1,HOLD_OPEN,0.0,0.00694,-0.00694,0.0,0.00508,-0.00508,0.0,0.0,0.0,0.0,0.0,0.0
7,6184,135017.0,HOLD_OPEN,0.0,0.00868,-0.00868,0.0,0.00678,-0.00678,0.0,0.0,0.0,0.0,0.0,0.0
7,6185,135037.6,HOLD_OPEN,0.0,0.00694,-0.00694,0.0,0.00508,-0.00508,0.0,0.0,0.0,0.0,0.0,0.0
7,6186,135058.9,HOLD_OPEN,0.0,0.00694,-0.00694,0.0,0.00678,-0.00678,0.0,0.0,0.0,0.0,0.0,0.0
7,6187,135079.1,HOLD_OPEN,0.0,0.00694,-0.00694,0.0,0.00678,-0.00678,0.0,0.0,0.0,0.0,0.0,0.0
7,6188,135100.7,HOLD_OPEN,0.0,0.00694,-0.00694,0.0,0.00678,-0.00678,0.0,0.0,0.0,0.0,0.0,0.0
7,6189,135120.8,HOLD_OPEN,0.0,0.00694,-0.00694,0.0,0.00678,-0.00678,0.0,0.0,0.0,0.0,0.0,0.0
7,6190,135141.8,HOLD_OPEN,0.0,0.00694,-0.00694,0.0,0.00678,-0.00678,0.0,0.0,0.0,0.0,0.0,0.0
7,6191,135163.2,HOLD_OPEN,0.0,0.00694,-0.00694,0.0,0.00678,-0.00678,0.0,0.0,0.0,0.0,0.0,0.0
7,6192,135182.9,HOLD_OPEN,0.0,0.00694,-0.00694,0.0,0.00678,-0.00678,0.0,0.0,0.0,0.0,0.0,0.0
7,6193,135204.4,HOLD_OPEN,0.0,0.00694,-0.00694,0.0,0.00678,-0.00678,0.0,0.0,0.0,0.0,0.0,0.0
7,6194,135225.6,HOLD_OPEN,0.0,0.00694,-0.00694,0.0,0.00678,-0.00678,0.0,0.0,0.0,0.0,0.0,0.0
7,6195,135247.1,HOLD_OPEN,0.0,0.00694,-0.00694,0.0,0.00678,-0.00678,0.0,0.0,0.0,0.0,0.0,0.0
7,6196,135266.6,HOLD_OPEN,0.0,0.00694,-0.00694,0.0,0.00508,-0.00508,0.0,0.0,0.0,0.0,0.0,0.0
7,6197,135287.8,HOLD_OPEN,0.0,0.00694,-0.00694,0.0,0.00678,-0.00678,0.0,0.0,0.0,0.0,0.0,0.0
7,6198,135309.2,HOLD_OPEN,0.0,0.00694,-0.00694,0.0,0.00678,-0.00678,0.0,0.0,0.0,0.0,0.0,0.0
7,6199,135329.8,HOLD_OPEN,0.0,0.00868,-0.00868,0.0,0.00678,-0.00678,0.0,0.0,0.0,0.0,0.0,0.0
7,6200,135350.5,HOLD_OPEN,0.0,0.00694,-0.00694,0.0,0.00678,-0.00678,0.0,0.0,0.0,0.0,0.0,0.0
7,6201,135371.8,HOLD_OPEN,0.0,0.00694,-0.00694,0.0,0.00678,-0.00678,0.0,0.0,0.0,0.0,0.0,0.0
7,6202,135392.1,HOLD_OPEN,0.0,0.00694,-0.00694,0.0,0.00678,-0.00678,0.0,0.0,0.0,0.0,0.0,0.0
7,6203,135414.2,HOLD_OPEN,0.0,0.00694,-0.00694,0.0,0.00678,-0.00678,0.0,0.0,0.0,0.0,0.0,0.0
7,6204,135433.3,HOLD_OPEN,0.0,0.00694,-0.00694,0.0,0.00678,-0.00678,0.0,0.0,0.0,0.0,0.0,0.0
7,6205,135454.4,HOLD_OPEN,0.0,0.00694,-0.00694,0.0,0.00678,-0.00678,0.0,0.0,0.0,0.0,0.0,0.0
7,6206,135475.4,HOLD_OPEN,0.0,0.00694,-0.00694,0.0,0.00678,-0.00678,0.0,0.0,0.0,0.0,0.0,0.0
7,6207,135495.7,HOLD_OPEN,0.0,0.00694,-0.00694,0.0,0.00678,-0.00678,0.0,0.0,0.0,0.0,0.0,0.0
7,6208,135516.9,HOLD_OPEN,0.0,0.00694,-0.00694,0.0,0.00678,-0.00678,0.0,0.0,0.0,0.0,0.0,0.0
7,6209,135537.9,HOLD_OPEN,0.0,0.00694,-0.00694,0.0,0.00678,-0.00678,0.0,0.0,0.0,0.0,0.0,0.0
7,6210,135559.1,HOLD_OPEN,0.0,0.00694,-0.00694,0.0,0.00678,-0.00678,0.0,0.0,0.0,0.0,0.0,0.0
7,6211,135579.6,HOLD_OPEN,0.0,0.00694,-0.00694,0.0,0.00678,-0.00678,0.0,0.0,0.0,0.0,0.0,0.0
7,6212,135599.5,HOLD_OPEN,0.0,0.00694,-0.00694,0.0,0.00847,-0.00847,0.0,0.0,0.0,0.0,0.0,0.0
7,6213,135621.3,HOLD_OPEN,0.0,0.00694,-0.00694,0.0,0.00678,-0.00678,0.0,0.0,0.0,0.0,0.0,0.0
7,6214,135642.0,HOLD_OPEN,0.0,0.00694,-0.00694,0.0,0.00678,-0.00678,0.0,0.0,0.0,0.0,0.0,0.0
7,6215,135662.9,HOLD_OPEN,0.0,0.00694,-0.00694,0.0,0.00678,-0.00678,0.0,0.0,0.0,0.0,0.0,0.0
7,6216,135683.3,HOLD_OPEN,0.0,0.00694,-0.00694,0.0,0.00678,-0.00678,0.0,0.0,0.0,0.0,0.0,0.0
7,6217,135704.6,HOLD_OPEN,0.0,0.00694,-0.00694,0.0,0.00678,-0.00678,0.0,0.0,0.0,0.0,0.0,0.0
7,6218,135725.4,HOLD_OPEN,0.0,0.00694,-0.00694,0.0,0.00678,-0.00678,0.0,0.0,0.0,0.0,0.0,0.0
7,6219,135746.6,HOLD_OPEN,0.0,0.00694,-0.00694,0.0,0.00508,-0.00508,0.0,0.0,0.0,0.0,0.0,0.0
7,6220,135768.9,CLOSE_2,0.005,0.00694,-0.00194,0.005,0.00678,-0.00178,0.005,0.0,0.005,0.005,0.0,0.005
7,6221,135790.3,CLOSE_2,0.01,0.00694,0.00306,0.01,0.00508,0.00492,0.01,0.0,0.01,0.01,0.0,0.01
7,6222,135811.9,CLOSE_2,0.015,0.00694,0.00806,0.015,0.00678,0.00822,0.015,0.0,0.015,0.015,0.0,0.015
7,6223,135831.8,CLOSE_2,0.02,0.00694,0.01306,0.02,0.00678,0.01322,0.02,0.0,0.02,0.02,0.0,0.02
7,6224,135852.5,CLOSE_2,0.025,0.00694,0.01806,0.025,0.00678,0.01822,0.025,0.0,0.025,0.025,0.0,0.025
7,6225,135873.6,CLOSE_2,0.03,0.00694,0.02306,0.03,0.00678,0.02322,0.03,0.0,0.03,0.03,0.0,0.03
7,6226,135893.3,CLOSE_2,0.035,0.00694,0.02806,0.035,0.00678,0.02822,0.035,0.0,0.035,0.035,0.0,0.035
7,6227,135915.4,CLOSE_2,0.04,0.00694,0.03306,0.04,0.00678,0.03322,0.04,0.0,0.04,0.04,0.0,0.04
7,6228,135935.5,CLOSE_2,0.045,0.00694,0.03806,0.045,0.00678,0.03822,0.045,0.0,0.045,0.045,0.0,0.045
7,6229,135956.1,CLOSE_2,0.05,0.00694,0.04306,0.05,0.00678,0.04322,0.05,0.0,0.05,0.05,0.00385,0.04615
7,6230,135978.0,CLOSE_2,0.055,0.00694,0.04806,0.055,0.01017,0.04483,0.055,0.0,0.055,0.055,0.0,0.055
7,6231,135998.5,CLOSE_2,0.06,0.01736,0.04264,0.06,0.01525,0.04475,0.06,0.01213,0.04787,0.06,0.00385,0.05615
7,6232,136018.6,CLOSE_2,0.065,0.01736,0.04764,0.065,0.01356,0.05144,0.065,0.01213,0.05287,0.065,0.0,0.065
7,6233,136039.3,CLOSE_2,0.07,0.0191,0.0509,0.07,0.01186,0.05814,0.07,0.01733,0.05267,0.07,0.00962,0.06038
7,6234,136060.9,CLOSE_2,0.075,0.02604,0.04896,0.075,0.00678,0.06822,0.075,0.0208,0.0542,0.075,0.01154,0.06346
7,6235,136081.1,CLOSE_2,0.08,0.03299,0.04701,0.08,0.01186,0.06814,0.08,0.02946,0.05054,0.08,0.02308,0.05692
7,6236,136103.3,CLOSE_2,0.085,0.0434,0.0416,0.085,0.02034,0.06466,0.085,0.03986,0.04514,0.085,0.03269,0.05231
7,6237,136123.1,CLOSE_2,0.09,0.04861,0.04139,0.09,0.02881,0.06119,0.09,0.04853,0.04147,0.09,0.04423,0.04577
7,6238,136143.8,CLOSE_2,0.095,0.06076,0.03424,0.095,0.03898,0.05602,0.095,0.05199,0.04301,0.095,0.04808,0.04692
7,6239,136164.7,CLOSE_2,0.1,0.07118,0.02882,0.1,0.04407,0.05593,0.1,0.05893,0.04107,0.1,0.05577,0.04423
7,6240,136185.4,CLOSE_2,0.105,0.07986,0.02514,0.105,0.05254,0.05246,0.105,0.06412,0.04088,0.105,0.06731,0.03769
7,6241,136206.5,CLOSE_2,0.11,0.08681,0.02319,0.11,0.06271,0.04729,0.11,0.07452,0.03548,0.11,0.07692,0.03308
7,6242,136227.8,CLOSE_2,0.115,0.09375,0.02125,0.115,0.07119,0.04381,0.115,0.08492,0.03008,0.115,0.08846,0.02654
7,6243,136248.2,CLOSE_2,0.12,0.10069,0.01931,0.12,0.08136,0.03864,0.12,0.09185,0.02815,0.12,0.09423,0.02577
7,6244,136268.7,CLOSE_2,0.125,0.10417,0.02083,0.125,0.09153,0.03347,0.125,0.09705,0.02795,0.125,0.10385,0.02115
7,6245,136290.5,CLOSE_2,0.13,0.11111,0.01889,0.13,0.1,0.03,0.13,0.10572,0.02428,0.13,0.11538,0.01462
7,6246,136310.8,CLOSE_2,0.135,0.11458,0.02042,0.135,0.10678,0.02822,0.135,0.11265,0.02235,0.135,0.11731,0.01769
7,6247,136332.7,CLOSE_2,0.14,0.11979,0.02021,0.14,0.11525,0.02475,0.14,0.11785,0.02215,0.14,0.12308,0.01692
7,6248,136352.7,CLOSE_2,0.145,0.12153,0.02347,0.145,0.12034,0.02466,0.145,0.12478,0.02022,0.145,0.12692,0.01808
7,6249,136373.0,CLOSE_2,0.15,0.125,0.025,0.15,0.12712,0.02288,0.15,0.12825,0.02175,0.15,0.13077,0.01923
7,6250,136393.8,CLOSE_2,0.155,0.12847,0.02653,0.155,0.1322,0.0228,0.155,0.13172,0.02328,0.155,0.13462,0.02038
7,6251,136414.0,CLOSE_2,0.16,0.13021,0.02979,0.16,0.13559,0.02441,0.16,0.13345,0.02655,0.16,0.13654,0.02346
7,6252,136434.8,CLOSE_2,0.165,0.13194,0.03306,0.165,0.13898,0.02602,0.165,0.13865,0.02635,0.165,0.13846,0.02654
7,6253,136456.7,CLOSE_2,0.17,0.13368,0.03632,0.17,0.14237,0.02763,0.17,0.14038,0.02962,0.17,0.14231,0.02769
7,6254,136477.2,CLOSE_2,0.175,0.13542,0.03958,0.175,0.14407,0.03093,0.175,0.14038,0.03462,0.175,0.14231,0.03269
7,6255,136498.6,CLOSE_2,0.18,0.13889,0.04111,0.18,0.14576,0.03424,0.18,0.14731,0.03269,0.18,0.14615,0.03385
7,6256,136518.8,CLOSE_2,0.185,0.14757,0.03743,0.185,0.14576,0.03924,0.185,0.14211,0.04289,0.185,0.16154,0.02346
7,6257,136540.2,CLOSE_2,0.19,0.14757,0.04243,0.19,0.14915,0.04085,0.19,0.14385,0.04615,0.19,0.15192,0.03808
7,6258,136560.6,CLOSE_2,0.195,0.15278,0.04222,0.195,0.14915,0.04585,0.195,0.14558,0.04942,0.195,0.15577,0.03923
7,6259,136581.5,CLOSE_2,0.2,0.15799,0.04201,0.2,0.15085,0.04915,0.2,0.15078,0.04922,0.2,0.16154,0.03846
7,6260,136602.0,CLOSE_2,0.205,0.16319,0.04181,0.205,0.15085,0.05415,0.205,0.15425,0.05075,0.205,0.16538,0.03962
7,6261,136623.2,CLOSE_2,0.21,0.1684,0.0416,0.21,0.16271,0.04729,0.21,0.16118,0.04882,0.21,0.17692,0.03308
7,6262,136644.2,CLOSE_2,0.215,0.17708,0.03792,0.215,0.16102,0.05398,0.215,0.16464,0.05036,0.215,0.17885,0.03615
7,6263,136666.0,CLOSE_2,0.22,0.18229,0.03771,0.22,0.1661,0.0539,0.22,0.17158,0.04842,0.22,0.18269,0.03731
7,6264,136686.0,CLOSE_2,0.225,0.1875,0.0375,0.225,0.17119,0.05381,0.225,0.17851,0.04649,0.225,0.18846,0.03654
7,6265,136706.7,CLOSE_2,0.23,0.19444,0.03556,0.23,0.17627,0.05373,0.23,0.18544,0.04456,0.23,0.19615,0.03385
7,6266,136727.8,CLOSE_2,0.235,0.20139,0.03361,0.235,0.18475,0.05025,0.235,0.19237,0.04263,0.235,0.20192,0.03308
7,6267,136749.4,CLOSE_2,0.24,0.2066,0.0334,0.24,0.18814,0.05186,0.24,0.20277,0.03723,0.24,0.21154,0.02846
7,6268,136769.7,CLOSE_2,0.245,0.21701,0.02799,0.245,0.19322,0.05178,0.245,0.20624,0.03876,0.245,0.22308,0.02192
7,6269,136790.2,CLOSE_2,0.25,0.21875,0.03125,0.25,0.2,0.05,0.25,0.21317,0.03683,0.25,0.23462,0.01538
7,6270,136811.0,CLOSE_2,0.255,0.22569,0.02931,0.255,0.20678,0.04822,0.255,0.21837,0.03663,0.255,0.24423,0.01077
7,6271,136831.3,CLOSE_2,0.26,0.22743,0.03257,0.26,0.21356,0.04644,0.26,0.2253,0.0347,0.26,0.25192,0.00808
7,6272,136852.7,CLOSE_2,0.265,0.23611,0.02889,0.265,0.21864,0.04636,0.265,0.23224,0.03276,0.265,0.25577,0.00923
7,6273,136872.8,CLOSE_2,0.27,0.23785,0.03215,0.27,0.22542,0.04458,0.27,0.2357,0.0343,0.27,0.26538,0.00462
7,6274,136893.1,CLOSE_2,0.275,0.24306,0.03194,0.275,0.23051,0.04449,0.275,0.2409,0.0341,0.275,0.26538,0.00962
7,6275,136914.6,CLOSE_2,0.28,0.24826,0.03174,0.28,0.23898,0.04102,0.28,0.24783,0.03217,0.28,0.275,0.005
7,6276,136935.1,CLOSE_2,0.285,0.25174,0.03326,0.285,0.24576,0.03924,0.285,0.2513,0.0337,0.285,0.28077,0.00423
7,6277,136956.4,CLOSE_2,0.29,0.25521,0.03479,0.29,0.25254,0.03746,0.29,0.2565,0.0335,0.29,0.27885,0.01115
7,6278,136977.0,CLOSE_2,0.295,0.26042,0.03458,0.295,0.26271,0.03229,0.295,0.2617,0.0333,0.295,0.28269,0.01231
7,6279,136998.4,CLOSE_2,0.3,0.26562,0.03438,0.3,0.2661,0.0339,0.3,0.2669,0.0331,0.3,0.28846,0.01154
7,6280,137018.7,CLOSE_2,0.305,0.2691,0.0359,0.305,0.27119,0.03381,0.305,0.27036,0.03464,0.305,0.29615,0.00885
7,6281,137040.3,CLOSE_2,0.31,0.27604,0.03396,0.31,0.27458,0.03542,0.31,0.2773,0.0327,0.31,0.29615,0.01385
7,6282,137060.2,CLOSE_2,0.315,0.28125,0.03375,0.315,0.28475,0.03025,0.315,0.28769,0.02731,0.315,0.30385,0.01115
7,6283,137081.6,CLOSE_2,0.32,0.28646,0.03354,0.32,0.28644,0.03356,0.32,0.2825,0.0375,0.32,0.30769,0.01231
7,6284,137102.6,CLOSE_2,0.325,0.29167,0.03333,0.325,0.28644,0.03856,0.325,0.28769,0.03731,0.325,0.31346,0.01154
7,6285,137123.2,CLOSE_2,0.33,0.29688,0.03313,0.33,0.28983,0.04017,0.33,0.29289,0.03711,0.33,0.31923,0.01077
7,6286,137144.1,CLOSE_2,0.335,0.30208,0.03292,0.335,0.29322,0.04178,0.335,0.29809,0.03691,0.335,0.32308,0.01192
7,6287,137165.5,CLOSE_2,0.34,0.31424,0.02576,0.34,0.30169,0.03831,0.34,0.30329,0.03671,0.34,0.32885,0.01115
7,6288,137187.0,CLOSE_2,0.345,0.31076,0.03424,0.345,0.30339,0.04161,0.345,0.31023,0.03477,0.345,0.34231,0.00269
7,6289,137206.7,CLOSE_2,0.35,0.31597,0.03403,0.35,0.31017,0.03983,0.35,0.31023,0.03977,0.35,0.34615,0.00385
7,6290,137228.3,CLOSE_2,0.355,0.32292,0.03208,0.355,0.31356,0.04144,0.355,0.32409,0.03091,0.355,0.35,0.005
7,6291,137248.4,CLOSE_2,0.36,0.32465,0.03535,0.36,0.31864,0.04136,0.36,0.32236,0.03764,0.36,0.35577,0.00423
7,6292,137270.2,CLOSE_2,0.365,0.32639,0.03861,0.365,0.32373,0.04127,0.365,0.32409,0.04091,0.365,0.36154,0.00346
7,6293,137290.7,CLOSE_2,0.37,0.32986,0.04014,0.37,0.32712,0.04288,0.37,0.32582,0.04418,0.37,0.36731,0.00269
7,6294,137310.3,CLOSE_2,0.375,0.34028,0.03472,0.375,0.33898,0.03602,0.375,0.32929,0.04571,0.375,0.37115,0.00385
7,6295,137331.3,CLOSE_2,0.38,0.34201,0.03799,0.38,0.34576,0.03424,0.38,0.34142,0.03858,0.38,0.375,0.005
7,6296,137352.3,CLOSE_2,0.385,0.34896,0.03604,0.385,0.34068,0.04432,0.385,0.34315,0.04185,0.385,0.38077,0.00423
7,6297,137372.9,CLOSE_2,0.39,0.3559,0.0341,0.39,0.34576,0.04424,0.39,0.34835,0.04165,0.39,0.38462,0.00538
7,6298,137394.4,CLOSE_2,0.395,0.36111,0.03389,0.395,0.35085,0.04415,0.395,0.36049,0.03451,0.395,0.39423,0.00077
7,6299,137414.8,CLOSE_2,0.4,0.36806,0.03194,0.4,0.35424,0.04576,0.4,0.36568,0.03432,0.4,0.40192,-0.00192
7,6300,137434.7,CLOSE_2,0.405,0.37326,0.03174,0.405,0.35932,0.04568,0.405,0.37262,0.03238,0.405,0.40192,0.00308
7,6301,137455.4,CLOSE_2,0.41,0.38021,0.02979,0.41,0.36271,0.04729,0.41,0.37955,0.03045,0.41,0.40962,0.00038
7,6302,137477.6,CLOSE_2,0.415,0.38368,0.03132,0.415,0.37119,0.04381,0.415,0.38128,0.03372,0.415,0.41538,-0.00038
7,6303,137497.7,CLOSE_2,0.42,0.39062,0.02938,0.42,0.38136,0.03864,0.42,0.38821,0.03179,0.42,0.41923,0.00077
7,6304,137519.3,CLOSE_2,0.425,0.39583,0.02917,0.425,0.37797,0.04703,0.425,0.39341,0.03159,0.425,0.42885,-0.00385
7,6305,137539.1,CLOSE_2,0.43,0.40104,0.02896,0.43,0.38814,0.04186,0.43,0.39861,0.03139,0.43,0.43269,-0.00269
7,6306,137560.5,CLOSE_2,0.435,0.40799,0.02701,0.435,0.38814,0.04686,0.435,0.40901,0.02599,0.435,0.43846,-0.00346
7,6307,137580.9,CLOSE_2,0.44,0.41146,0.02854,0.44,0.39322,0.04678,0.44,0.41421,0.02579,0.44,0.44615,-0.00615
7,6308,137603.2,CLOSE_2,0.445,0.41667,0.02833,0.445,0.40339,0.04161,0.445,0.41594,0.02906,0.445,0.45192,-0.00692
7,6309,137624.0,CLOSE_2,0.45,0.42188,0.02813,0.45,0.40339,0.04661,0.45,0.42114,0.02886,0.45,0.45962,-0.00962
7,6310,137645.7,CLOSE_2,0.455,0.42708,0.02792,0.455,0.40847,0.04653,0.455,0.42981,0.02519,0.455,0.46923,-0.01423
7,6311,137665.8,CLOSE_2,0.46,0.43056,0.02944,0.46,0.41186,0.04814,0.46,0.43154,0.02846,0.46,0.46923,-0.00923
7,6312,137685.5,CLOSE_2,0.465,0.43924,0.02576,0.465,0.41695,0.04805,0.465,0.43328,0.03172,0.465,0.475,-0.01
7,6313,137706.1,CLOSE_2,0.47,0.44271,0.02729,0.47,0.42203,0.04797,0.47,0.43847,0.03153,0.47,0.48077,-0.01077
7,6314,137727.6,CLOSE_2,0.475,0.44618,0.02882,0.475,0.42881,0.04619,0.475,0.44367,0.03133,0.475,0.48654,-0.01154
7,6315,137747.3,CLOSE_2,0.48,0.45139,0.02861,0.48,0.4339,0.0461,0.48,0.44714,0.03286,0.48,0.49231,-0.01231
7,6316,137767.8,CLOSE_2,0.485,0.45486,0.03014,0.485,0.44407,0.04093,0.485,0.45407,0.03093,0.485,0.5,-0.015
7,6317,137787.7,CLOSE_2,0.49,0.46007,0.02993,0.49,0.44407,0.04593,0.49,0.46274,0.02726,0.49,0.50385,-0.01385
7,6318,137809.0,CLOSE_2,0.495,0.46528,0.02972,0.495,0.46102,0.03398,0.495,0.46101,0.03399,0.495,0.50962,-0.01462
7,6319,137831.0,CLOSE_2,0.5,0.46528,0.03472,0.5,0.45763,0.04237,0.5,0.46967,0.03033,0.5,0.51538,-0.01538
7,6320,137851.7,CLOSE_2,0.505,0.47396,0.03104,0.5,0.46271,0.03729,0.505,0.46967,0.03533,0.5,0.52115,-0.02115
7,6321,137872.7,CLOSE_2,0.51,0.47917,0.03083,0.5,0.4678,0.0322,0.51,0.47487,0.03513,0.5,0.52692,-0.02692
7,6322,137894.0,CLOSE_2,0.515,0.48438,0.03063,0.5,0.47288,0.02712,0.515,0.47834,0.03666,0.5,0.53269,-0.03269
7,6323,137914.9,CLOSE_2,0.52,0.48785,0.03215,0.5,0.47966,0.02034,0.52,0.4818,0.0382,0.5,0.53654,-0.03654
7,6324,137935.2,CLOSE_2,0.525,0.49826,0.02674,0.5,0.48475,0.01525,0.525,0.48873,0.03627,0.5,0.54038,-0.04038
7,6325,137956.5,CLOSE_2,0.53,0.50694,0.02306,0.5,0.48983,0.01017,0.53,0.4974,0.0326,0.5,0.54423,-0.04423
7,6326,137976.2,CLOSE_2,0.535,0.51562,0.01938,0.5,0.49153,0.00847,0.535,0.50953,0.02547,0.5,0.55,-0.05
7,6327,137998.1,CLOSE_2,0.54,0.51736,0.02264,0.5,0.49831,0.00169,0.54,0.51473,0.02527,0.5,0.55,-0.05
7,6328,138018.7,CLOSE_2,0.545,0.52778,0.01722,0.5,0.50339,-0.00339,0.545,0.5286,0.0164,0.5,0.55385,-0.05385
7,6329,138039.8,CLOSE_2,0.55,0.53125,0.01875,0.5,0.50508,-0.00508,0.55,0.52513,0.02487,0.5,0.55577,-0.05577
7,6330,138060.4,CLOSE_2,0.555,0.53993,0.01507,0.5,0.50678,-0.00678,0.555,0.5286,0.0264,0.5,0.55577,-0.05577
7,6331,138080.8,CLOSE_2,0.56,0.53993,0.02007,0.5,0.50508,-0.00508,0.56,0.53206,0.02794,0.5,0.55577,-0.05577
7,6332,138103.1,CLOSE_2,0.565,0.53819,0.02681,0.5,0.50678,-0.00678,0.565,0.53553,0.02947,0.5,0.55769,-0.05769
7,6333,138125.0,CLOSE_2,0.57,0.55035,0.01965,0.5,0.50508,-0.00508,0.57,0.53726,0.03274,0.5,0.55769,-0.05769
7,6334,138144.4,CLOSE_2,0.575,0.5434,0.0316,0.5,0.50678,-0.00678,0.575,0.54246,0.03254,0.5,0.55577,-0.05577
7,6335,138166.5,CLOSE_2,0.58,0.54861,0.03139,0.5,0.50678,-0.00678,0.58,0.54593,0.03407,0.5,0.55577,-0.05577
7,6336,138185.7,CLOSE_2,0.585,0.55382,0.03118,0.5,0.50678,-0.00678,0.585,0.54939,0.03561,0.5,0.55769,-0.05769
7,6337,138207.8,CLOSE_2,0.59,0.5625,0.0275,0.5,0.50678,-0.00678,0.59,0.55459,0.03541,0.5,0.55577,-0.05577
7,6338,138228.7,CLOSE_2,0.595,0.56076,0.03424,0.5,0.50678,-0.00678,0.595,0.55979,0.03521,0.5,0.55577,-0.05577
7,6339,138248.1,CLOSE_2,0.6,0.56944,0.03056,0.5,0.50678,-0.00678,0.6,0.56672,0.03328,0.5,0.55577,-0.05577
7,6340,138268.6,CLOSE_2,0.605,0.57465,0.03035,0.5,0.50678,-0.00678,0.605,0.56846,0.03654,0.5,0.55769,-0.05769
7,6341,138289.9,CLOSE_2,0.61,0.57639,0.03361,0.5,0.50678,-0.00678,0.61,0.57539,0.03461,0.5,0.55962,-0.05962
7,6342,138310.4,CLOSE_2,0.615,0.5816,0.0334,0.5,0.50678,-0.00678,0.615,0.58059,0.03441,0.5,0.55769,-0.05769
7,6343,138331.2,CLOSE_2,0.62,0.58681,0.03319,0.5,0.50678,-0.00678,0.62,0.58406,0.03594,0.5,0.55577,-0.05577
7,6344,138352.2,CLOSE_2,0.625,0.59201,0.03299,0.5,0.50678,-0.00678,0.625,0.58925,0.03575,0.5,0.55769,-0.05769
7,6345,138373.3,CLOSE_2,0.63,0.60243,0.02757,0.5,0.50678,-0.00678,0.63,0.59965,0.03035,0.5,0.55577,-0.05577
7,6346,138393.1,CLOSE_2,0.635,0.60417,0.03083,0.5,0.50678,-0.00678,0.635,0.60485,0.03015,0.5,0.55577,-0.05577
7,6347,138414.5,CLOSE_2,0.64,0.60764,0.03236,0.5,0.50678,-0.00678,0.64,0.60312,0.03688,0.5,0.55769,-0.05769
7,6348,138435.4,CLOSE_2,0.645,0.61285,0.03215,0.5,0.50678,-0.00678,0.645,0.61005,0.03495,0.5,0.55769,-0.05769
7,6349,138456.3,CLOSE_2,0.65,0.61632,0.03368,0.5,0.50678,-0.00678,0.65,0.61525,0.03475,0.5,0.55769,-0.05769
7,6350,138477.4,CLOSE_2,0.655,0.625,0.03,0.5,0.50678,-0.00678,0.655,0.62045,0.03455,0.5,0.56346,-0.06346
7,6351,138498.1,CLOSE_2,0.66,0.63021,0.02979,0.5,0.51017,-0.01017,0.66,0.62392,0.03608,0.5,0.55769,-0.05769
7,6352,138518.5,CLOSE_2,0.665,0.63542,0.02958,0.5,0.50678,-0.00678,0.665,0.63432,0.03068,0.5,0.55577,-0.05577
7,6353,138539.7,CLOSE_2,0.67,0.63889,0.03111,0.5,0.50678,-0.00678,0.67,0.63951,0.03049,0.5,0.55769,-0.05769
7,6354,138561.4,CLOSE_2,0.675,0.64583,0.02917,0.5,0.50678,-0.00678,0.675,0.64471,0.03029,0.5,0.55769,-0.05769
7,6355,138582.7,CLOSE_2,0.68,0.65278,0.02722,0.5,0.50678,-0.00678,0.68,0.64645,0.03355,0.5,0.55769,-0.05769
7,6356,138603.2,CLOSE_2,0.685,0.65799,0.02701,0.5,0.50678,-0.00678,0.685,0.64991,0.03509,0.5,0.55577,-0.05577
7,6357,138623.4,CLOSE_2,0.69,0.66319,0.02681,0.5,0.50847,-0.00847,0.69,0.65858,0.03142,0.5,0.55769,-0.05769
7,6358,138644.4,CLOSE_2,0.695,0.6684,0.0266,0.5,0.50508,-0.00508,0.695,0.66205,0.03295,0.5,0.55769,-0.05769
7,6359,138665.4,CLOSE_2,0.7,0.67361,0.02639,0.5,0.50678,-0.00678,0.7,0.66724,0.03276,0.5,0.55962,-0.05962
7,6360,138685.7,CLOSE_2,0.705,0.67882,0.02618,0.5,0.50678,-0.00678,0.705,0.67244,0.03256,0.5,0.55769,-0.05769
7,6361,138707.1,CLOSE_2,0.71,0.68403,0.02597,0.5,0.50847,-0.00847,0.71,0.67938,0.03062,0.5,0.55769,-0.05769
7,6362,138727.4,CLOSE_2,0.715,0.6875,0.0275,0.5,0.50678,-0.00678,0.715,0.68458,0.03042,0.5,0.55769,-0.05769
7,6363,138747.8,CLOSE_2,0.72,0.69271,0.02729,0.5,0.50678,-0.00678,0.72,0.68804,0.03196,0.5,0.55769,-0.05769
7,6364,138768.9,CLOSE_2,0.725,0.69618,0.02882,0.5,0.50847,-0.00847,0.725,0.69151,0.03349,0.5,0.55769,-0.05769
7,6365,138789.9,CLOSE_2,0.73,0.69965,0.03035,0.5,0.50678,-0.00678,0.73,0.69671,0.03329,0.5,0.55769,-0.05769
7,6366,138809.8,CLOSE_2,0.735,0.70833,0.02667,0.5,0.50678,-0.00678,0.735,0.70017,0.03483,0.5,0.55962,-0.05962
7,6367,138831.0,CLOSE_2,0.74,0.70833,0.03167,0.5,0.50847,-0.00847,0.74,0.70711,0.03289,0.5,0.55769,-0.05769
7,6368,138851.9,CLOSE_2,0.745,0.71181,0.03319,0.5,0.50678,-0.00678,0.745,0.71231,0.03269,0.5,0.55769,-0.05769
7,6369,138873.2,CLOSE_2,0.75,0.72569,0.02431,0.5,0.50678,-0.00678,0.75,0.7175,0.0325,0.5,0.55577,-0.05577
7,6370,138893.5,CLOSE_2,0.755,0.72743,0.02757,0.5,0.50678,-0.00678,0.755,0.7227,0.0323,0.5,0.55769,-0.05769
7,6371,138914.1,CLOSE_2,0.76,0.73264,0.02736,0.5,0.50678,-0.00678,0.76,0.72617,0.03383,0.5,0.55769,-0.05769
7,6372,138935.1,CLOSE_2,0.765,0.73264,0.03236,0.5,0.50678,-0.00678,0.765,0.73137,0.03363,0.5,0.55769,-0.05769
7,6373,138955.9,CLOSE_2,0.77,0.73785,0.03215,0.5,0.50678,-0.00678,0.77,0.7383,0.0317,0.5,0.55769,-0.05769
7,6374,138977.1,CLOSE_2,0.775,0.74306,0.03194,0.5,0.50847,-0.00847,0.775,0.74177,0.03323,0.5,0.55769,-0.05769
7,6375,138997.5,CLOSE_2,0.78,0.75,0.03,0.5,0.50678,-0.00678,0.78,0.74697,0.03303,0.5,0.55769,-0.05769
7,6376,139020.5,CLOSE_2,0.785,0.75521,0.02979,0.5,0.50847,-0.00847,0.785,0.75217,0.03283,0.5,0.56154,-0.06154
7,6377,139041.8,CLOSE_2,0.79,0.76215,0.02785,0.5,0.50847,-0.00847,0.79,0.75737,0.03263,0.5,0.55962,-0.05962
7,6378,139062.2,CLOSE_2,0.795,0.76389,0.03111,0.5,0.50678,-0.00678,0.795,0.7643,0.0307,0.5,0.55769,-0.05769
7,6379,139082.2,CLOSE_2,0.8,0.77604,0.02396,0.5,0.50678,-0.00678,0.8,0.7695,0.0305,0.5,0.55769,-0.05769
7,6380,139102.8,CLOSE_2,0.805,0.77431,0.03069,0.5,0.50678,-0.00678,0.805,0.77123,0.03377,0.5,0.55577,-0.05577
7,6381,139123.6,CLOSE_2,0.81,0.78125,0.02875,0.5,0.50847,-0.00847,0.81,0.77816,0.03184,0.5,0.55769,-0.05769
7,6382,139145.2,CLOSE_2,0.815,0.78646,0.02854,0.5,0.50508,-0.00508,0.815,0.7851,0.0299,0.5,0.55577,-0.05577
7,6383,139164.3,CLOSE_2,0.82,0.78993,0.03007,0.5,0.50847,-0.00847,0.82,0.78856,0.03144,0.5,0.55769,-0.05769
7,6384,139185.9,CLOSE_2,0.825,0.79688,0.02813,0.5,0.51017,-0.01017,0.825,0.79549,0.02951,0.5,0.55769,-0.05769
7,6385,139205.7,CLOSE_2,0.83,0.80556,0.02444,0.5,0.50847,-0.00847,0.83,0.80416,0.02584,0.5,0.55769,-0.05769
7,6386,139225.2,CLOSE_2,0.835,0.80729,0.02771,0.5,0.50678,-0.00678,0.835,0.80763,0.02737,0.5,0.55769,-0.05769
7,6387,139245.1,CLOSE_2,0.84,0.81076,0.02924,0.5,0.51017,-0.01017,0.84,0.80763,0.03237,0.5,0.55769,-0.05769
7,6388,139266.7,CLOSE_2,0.845,0.81597,0.02903,0.5,0.50847,-0.00847,0.845,0.81282,0.03218,0.5,0.55769,-0.05769
7,6389,139287.4,CLOSE_2,0.85,0.81944,0.03056,0.5,0.50847,-0.00847,0.85,0.81629,0.03371,0.5,0.56346,-0.06346
7,6390,139308.4,CLOSE_2,0.855,0.82292,0.03208,0.5,0.50678,-0.00678,0.855,0.82149,0.03351,0.5,0.55769,-0.05769
7,6391,139329.7,CLOSE_2,0.86,0.82986,0.03014,0.5,0.51186,-0.01186,0.86,0.82496,0.03504,0.5,0.55769,-0.05769
7,6392,139350.1,CLOSE_2,0.865,0.83333,0.03167,0.5,0.50847,-0.00847,0.865,0.82842,0.03658,0.5,0.55769,-0.05769
7,6393,139370.6,CLOSE_2,0.87,0.84028,0.02972,0.5,0.50847,-0.00847,0.87,0.83709,0.03291,0.5,0.55769,-0.05769
7,6394,139391.4,CLOSE_2,0.875,0.84549,0.02951,0.5,0.50678,-0.00678,0.875,0.84749,0.02751,0.5,0.56154,-0.06154
7,6395,139412.4,CLOSE_2,0.88,0.84722,0.03278,0.5,0.50678,-0.00678,0.88,0.85095,0.02905,0.5,0.55962,-0.05962
7,6396,139433.1,CLOSE_2,0.885,0.85243,0.03257,0.5,0.51525,-0.01525,0.885,0.85615,0.02885,0.5,0.55769,-0.05769
7,6397,139455.6,CLOSE_2,0.89,0.8559,0.0341,0.5,0.51356,-0.01356,0.89,0.86482,0.02518,0.5,0.56154,-0.06154
7,6398,139477.1,CLOSE_2,0.895,0.86285,0.03215,0.5,0.50678,-0.00678,0.895,0.86482,0.03018,0.5,0.55577,-0.05577
7,6399,139498.9,CLOSE_2,0.9,0.86979,0.03021,0.5,0.50678,-0.00678,0.9,0.87175,0.02825,0.5,0.55769,-0.05769
7,6400,139519.5,CLOSE_2,0.905,0.87674,0.02826,0.5,0.50339,-0.00339,0.905,0.87522,0.02978,0.5,0.55769,-0.05769
7,6401,139541.9,CLOSE_2,0.91,0.87847,0.03153,0.5,0.49322,0.00678,0.91,0.88215,0.02785,0.5,0.55769,-0.05769
7,6402,139561.5,CLOSE_2,0.915,0.88194,0.03306,0.5,0.49153,0.00847,0.915,0.88562,0.02938,0.5,0.55769,-0.05769
7,6403,139582.3,CLOSE_2,0.92,0.88715,0.03285,0.5,0.48983,0.01017,0.92,0.89081,0.02919,0.5,0.55962,-0.05962
7,6404,139603.1,CLOSE_2,0.925,0.8941,0.0309,0.5,0.49153,0.00847,0.925,0.89775,0.02725,0.5,0.56154,-0.06154
7,6405,139622.2,CLOSE_2,0.93,0.89757,0.03243,0.5,0.48814,0.01186,0.93,0.90641,0.02359,0.5,0.55769,-0.05769
7,6406,139642.2,CLOSE_2,0.935,0.90278,0.03222,0.5,0.48814,0.01186,0.935,0.91161,0.02339,0.5,0.55577,-0.05577
7,6407,139662.6,CLOSE_2,0.94,0.90972,0.03028,0.5,0.49492,0.00508,0.94,0.91854,0.02146,0.5,0.55577,-0.05577
7,6408,139683.4,CLOSE_2,0.945,0.91493,0.03007,0.5,0.49492,0.00508,0.945,0.91854,0.02646,0.5,0.55769,-0.05769
7,6409,139705.3,CLOSE_2,0.95,0.91667,0.03333,0.5,0.49153,0.00847,0.95,0.92374,0.02626,0.5,0.55577,-0.05577
7,6410,139724.7,CLOSE_2,0.955,0.92361,0.03139,0.5,0.48644,0.01356,0.955,0.92894,0.02606,0.5,0.56154,-0.06154
7,6411,139747.3,CLOSE_2,0.96,0.92361,0.03639,0.5,0.48644,0.01356,0.96,0.93068,0.02932,0.5,0.55769,-0.05769
7,6412,139768.1,CLOSE_2,0.965,0.93056,0.03444,0.5,0.48644,0.01356,0.965,0.93414,0.03086,0.5,0.55962,-0.05962
7,6413,139789.6,CLOSE_2,0.97,0.93403,0.03597,0.5,0.48983,0.01017,0.97,0.93934,0.03066,0.5,0.55962,-0.05962
7,6414,139810.3,CLOSE_2,0.975,0.93924,0.03576,0.5,0.49322,0.00678,0.975,0.94281,0.03219,0.5,0.55769,-0.05769
7,6415,139831.1,CLOSE_2,0.98,0.95312,0.02688,0.5,0.49661,0.00339,0.98,0.94627,0.03373,0.5,0.56154,-0.06154
7,6416,139852.0,CLOSE_2,0.985,0.95486,0.03014,0.5,0.50169,-0.00169,0.985,0.95667,0.02833,0.5,0.55769,-0.05769
7,6417,139873.1,CLOSE_2,0.99,0.95312,0.03688,0.5,0.50339,-0.00339,0.99,0.95841,0.03159,0.5,0.55577,-0.05577
7,6418,139893.7,CLOSE_2,0.995,0.96875,0.02625,0.5,0.50339,-0.00339,0.995,0.95841,0.03659,0.5,0.55962,-0.05962
7,6419,139914.9,CLOSE_2,1.0,0.96181,0.03819,0.5,0.50508,-0.00508,1.0,0.9636,0.0364,0.5,0.55962,-0.05962
7,6420,139923.2,HOLD_2,1.0,0.96354,0.03646,0.5,0.50508,-0.00508,1.0,0.97054,0.02946,0.5,0.55769,-0.05769
7,6421,139944.2,HOLD_2,1.0,0.96528,0.03472,0.5,0.50508,-0.00508,1.0,0.9792,0.0208,0.5,0.55769,-0.05769
7,6422,139964.3,HOLD_2,1.0,0.97569,0.02431,0.5,0.50508,-0.00508,1.0,0.98267,0.01733,0.5,0.55962,-0.05962
7,6423,139985.1,HOLD_2,1.0,0.97396,0.02604,0.5,0.50508,-0.00508,1.0,0.98094,0.01906,0.5,0.55962,-0.05962
7,6424,140006.6,HOLD_2,1.0,0.98438,0.01562,0.5,0.50508,-0.00508,1.0,0.98614,0.01386,0.5,0.55769,-0.05769
7,6425,140027.1,HOLD_2,1.0,0.97396,0.02604,0.5,0.50678,-0.00678,1.0,0.98614,0.01386,0.5,0.56154,-0.06154
7,6426,140048.0,HOLD_2,1.0,0.97743,0.02257,0.5,0.50508,-0.00508,1.0,0.98614,0.01386,0.5,0.55962,-0.05962
7,6427,140068.3,HOLD_2,1.0,0.97743,0.02257,0.5,0.50508,-0.00508,1.0,0.98614,0.01386,0.5,0.55769,-0.05769
7,6428,140089.9,HOLD_2,1.0,0.97569,0.02431,0.5,0.50508,-0.00508,1.0,0.98614,0.01386,0.5,0.55769,-0.05769
7,6429,140111.0,HOLD_2,1.0,0.98438,0.01562,0.5,0.50508,-0.00508,1.0,0.98787,0.01213,0.5,0.56154,-0.06154
7,6430,140131.0,HOLD_2,1.0,0.97569,0.02431,0.5,0.50678,-0.00678,1.0,0.98614,0.01386,0.5,0.56154,-0.06154
7,6431,140151.7,HOLD_2,1.0,0.97396,0.02604,0.5,0.50508,-0.00508,1.0,0.98614,0.01386,0.5,0.55769,-0.05769
7,6432,140172.4,HOLD_2,1.0,0.97743,0.02257,0.5,0.50339,-0.00339,1.0,0.98787,0.01213,0.5,0.55769,-0.05769
7,6433,140193.5,HOLD_2,1.0,0.97569,0.02431,0.5,0.50508,-0.00508,1.0,0.98787,0.01213,0.5,0.55769,-0.05769
7,6434,140215.1,HOLD_2,1.0,0.97396,0.02604,0.5,0.50508,-0.00508,1.0,0.98614,0.01386,0.5,0.55769,-0.05769
7,6435,140236.0,HOLD_2,1.0,0.97396,0.02604,0.5,0.50508,-0.00508,1.0,0.98614,0.01386,0.5,0.55769,-0.05769
7,6436,140255.7,HOLD_2,1.0,0.97743,0.02257,0.5,0.50508,-0.00508,1.0,0.9896,0.0104,0.5,0.55769,-0.05769
7,6437,140276.8,HOLD_2,1.0,0.9809,0.0191,0.5,0.50508,-0.00508,1.0,0.98787,0.01213,0.5,0.55769,-0.05769
7,6438,140297.6,HOLD_2,1.0,0.97569,0.02431,0.5,0.50678,-0.00678,1.0,0.9844,0.0156,0.5,0.55769,-0.05769
7,6439,140316.7,HOLD_2,1.0,0.97569,0.02431,0.5,0.50508,-0.00508,1.0,0.98787,0.01213,0.5,0.55962,-0.05962
7,6440,140337.0,HOLD_2,1.0,0.98611,0.01389,0.5,0.50339,-0.00339,1.0,0.98787,0.01213,0.5,0.56154,-0.06154
7,6441,140359.1,HOLD_2,1.0,0.98438,0.01562,0.5,0.50339,-0.00339,1.0,0.98614,0.01386,0.5,0.55769,-0.05769
7,6442,140379.8,HOLD_2,1.0,0.97743,0.02257,0.5,0.50508,-0.00508,1.0,0.98787,0.01213,0.5,0.55577,-0.05577
7,6443,140401.1,HOLD_2,1.0,0.97917,0.02083,0.5,0.50508,-0.00508,1.0,0.98787,0.01213,0.5,0.55769,-0.05769
7,6444,140422.6,HOLD_2,1.0,0.97743,0.02257,0.5,0.50508,-0.00508,1.0,0.98787,0.01213,0.5,0.55769,-0.05769
7,6445,140443.6,HOLD_2,1.0,0.98264,0.01736,0.5,0.50508,-0.00508,1.0,0.9844,0.0156,0.5,0.55769,-0.05769
7,6446,140464.5,HOLD_2,1.0,0.97396,0.02604,0.5,0.50508,-0.00508,1.0,0.98787,0.01213,0.5,0.55962,-0.05962
7,6447,140487.1,HOLD_2,1.0,0.98611,0.01389,0.5,0.50508,-0.00508,1.0,0.99133,0.00867,0.5,0.55769,-0.05769
7,6448,140506.2,HOLD_2,1.0,0.98958,0.01042,0.5,0.50508,-0.00508,1.0,0.9948,0.0052,0.5,0.55769,-0.05769
7,6449,140527.2,HOLD_2,1.0,0.98958,0.01042,0.5,0.50508,-0.00508,1.0,0.99307,0.00693,0.5,0.55769,-0.05769
7,6450,140547.8,HOLD_2,1.0,0.99306,0.00694,0.5,0.50508,-0.00508,1.0,0.99307,0.00693,0.5,0.55769,-0.05769
7,6451,140568.2,HOLD_2,1.0,0.99653,0.00347,0.5,0.50508,-0.00508,1.0,0.9948,0.0052,0.5,0.55769,-0.05769
7,6452,140589.7,HOLD_2,1.0,0.99653,0.00347,0.5,0.50508,-0.00508,1.0,0.99653,0.00347,0.5,0.55769,-0.05769
7,6453,140610.9,HOLD_2,1.0,0.99479,0.00521,0.5,0.50339,-0.00339,1.0,0.9948,0.0052,0.5,0.55769,-0.05769
7,6454,140630.9,HOLD_2,1.0,0.99479,0.00521,0.5,0.50508,-0.00508,1.0,0.99307,0.00693,0.5,0.56154,-0.06154
7,6455,140652.5,HOLD_2,1.0,0.99479,0.00521,0.5,0.50508,-0.00508,1.0,0.9948,0.0052,0.5,0.55769,-0.05769
7,6456,140673.1,HOLD_2,1.0,0.99479,0.00521,0.5,0.50508,-0.00508,1.0,0.99307,0.00693,0.5,0.55769,-0.05769
7,6457,140693.1,HOLD_2,1.0,0.99479,0.00521,0.5,0.50508,-0.00508,1.0,0.99307,0.00693,0.5,0.56154,-0.06154
7,6458,140715.0,HOLD_2,1.0,0.99306,0.00694,0.5,0.50508,-0.00508,1.0,0.99133,0.00867,0.5,0.55769,-0.05769
7,6459,140735.9,HOLD_2,1.0,0.99479,0.00521,0.5,0.50508,-0.00508,1.0,0.99133,0.00867,0.5,0.55769,-0.05769
7,6460,140756.7,HOLD_2,1.0,0.99479,0.00521,0.5,0.50508,-0.00508,1.0,0.99133,0.00867,0.5,0.55769,-0.05769
7,6461,140777.7,HOLD_2,1.0,0.99306,0.00694,0.5,0.50508,-0.00508,1.0,0.99307,0.00693,0.5,0.56154,-0.06154
7,6462,140798.3,HOLD_2,1.0,0.99653,0.00347,0.5,0.50508,-0.00508,1.0,0.99307,0.00693,0.5,0.55769,-0.05769
7,6463,140818.7,HOLD_2,1.0,0.99653,0.00347,0.5,0.50678,-0.00678,1.0,0.9948,0.0052,0.5,0.55769,-0.05769
7,6464,140839.8,HOLD_2,1.0,0.99132,0.00868,0.5,0.50508,-0.00508,1.0,0.9948,0.0052,0.5,0.55962,-0.05962
7,6465,140860.7,HOLD_2,1.0,0.99306,0.00694,0.5,0.50508,-0.00508,1.0,0.99307,0.00693,0.5,0.55769,-0.05769
7,6466,140881.0,HOLD_2,1.0,0.99479,0.00521,0.5,0.50508,-0.00508,1.0,0.99307,0.00693,0.5,0.55769,-0.05769
7,6467,140902.4,HOLD_2,1.0,0.99479,0.00521,0.5,0.50508,-0.00508,1.0,0.9948,0.0052,0.5,0.55769,-0.05769
7,6468,140923.2,HOLD_2,1.0,0.99306,0.00694,0.5,0.50847,-0.00847,1.0,0.9948,0.0052,0.5,0.55962,-0.05962
7,6469,140943.6,HOLD_2,1.0,0.99479,0.00521,0.5,0.50508,-0.00508,1.0,0.99307,0.00693,0.5,0.55577,-0.05577
7,6470,140964.4,HOLD_2,1.0,0.99479,0.00521,0.5,0.50508,-0.00508,1.0,0.99307,0.00693,0.5,0.55769,-0.05769
7,6471,140985.5,HOLD_2,1.0,0.99306,0.00694,0.5,0.50508,-0.00508,1.0,0.99307,0.00693,0.5,0.55577,-0.05577
7,6472,141006.6,HOLD_2,1.0,0.99306,0.00694,0.5,0.50678,-0.00678,1.0,0.99307,0.00693,0.5,0.55577,-0.05577
7,6473,141027.4,HOLD_2,1.0,0.99479,0.00521,0.5,0.50508,-0.00508,1.0,0.9948,0.0052,0.5,0.55769,-0.05769
7,6474,141048.0,HOLD_2,1.0,0.99653,0.00347,0.5,0.50508,-0.00508,1.0,0.99307,0.00693,0.5,0.55769,-0.05769
7,6475,141068.4,HOLD_2,1.0,0.99479,0.00521,0.5,0.50508,-0.00508,1.0,0.99307,0.00693,0.5,0.55962,-0.05962
7,6476,141089.9,HOLD_2,1.0,0.99479,0.00521,0.5,0.50508,-0.00508,1.0,0.99307,0.00693,0.5,0.55769,-0.05769
7,6477,141110.8,HOLD_2,1.0,0.99306,0.00694,0.5,0.50508,-0.00508,1.0,0.99307,0.00693,0.5,0.55769,-0.05769
7,6478,141131.2,HOLD_2,1.0,0.99479,0.00521,0.5,0.50508,-0.00508,1.0,0.99307,0.00693,0.5,0.55769,-0.05769
7,6479,141152.0,HOLD_2,1.0,0.99479,0.00521,0.5,0.50508,-0.00508,1.0,0.99307,0.00693,0.5,0.55769,-0.05769
8,6480,141977.8,SETTLE,0.0,0.58854,-0.58854,0.0,0.13729,-0.13729,0.0,0.57366,-0.57366,0.0,0.13077,-0.13077
8,6481,141999.4,SETTLE,0.0,0.57639,-0.57639,0.0,0.12712,-0.12712,0.0,0.55806,-0.55806,0.0,0.11731,-0.11731
8,6482,142018.8,SETTLE,0.0,0.56597,-0.56597,0.0,0.11695,-0.11695,0.0,0.54593,-0.54593,0.0,0.10385,-0.10385
8,6483,142040.0,SETTLE,0.0,0.55208,-0.55208,0.0,0.10508,-0.10508,0.0,0.5338,-0.5338,0.0,0.09038,-0.09038
8,6484,142060.3,SETTLE,0.0,0.53993,-0.53993,0.0,0.09322,-0.09322,0.0,0.5234,-0.5234,0.0,0.07692,-0.07692
8,6485,142081.6,SETTLE,0.0,0.52778,-0.52778,0.0,0.08475,-0.08475,0.0,0.50087,-0.50087,0.0,0.06346,-0.06346
8,6486,142101.9,SETTLE,0.0,0.50868,-0.50868,0.0,0.07288,-0.07288,0.0,0.48007,-0.48007,0.0,0.05385,-0.05385
8,6487,142122.9,SETTLE,0.0,0.48785,-0.48785,0.0,0.0661,-0.0661,0.0,0.4714,-0.4714,0.0,0.04231,-0.04231
8,6488,142143.6,SETTLE,0.0,0.47743,-0.47743,0.0,0.05424,-0.05424,0.0,0.46274,-0.46274,0.0,0.03077,-0.03077
8,6489,142164.5,SETTLE,0.0,0.46354,-0.46354,0.0,0.04407,-0.04407,0.0,0.44541,-0.44541,0.0,0.01731,-0.01731
8,6490,142185.7,SETTLE,0.0,0.45139,-0.45139,0.0,0.03729,-0.03729,0.0,0.43328,-0.43328,0.0,0.00769,-0.00769
8,6491,142206.7,SETTLE,0.0,0.43924,-0.43924,0.0,0.02373,-0.02373,0.0,0.42114,-0.42114,0.0,0.0,0.0
8,6492,142227.1,SETTLE,0.0,0.42708,-0.42708,0.0,0.02034,-0.02034,0.0,0.40728,-0.40728,0.0,0.0,0.0
8,6493,142247.9,SETTLE,0.0,0.41667,-0.41667,0.0,0.01017,-0.01017,0.0,0.39341,-0.39341,0.0,0.0,0.0
8,6494,142269.2,SETTLE,0.0,0.39931,-0.39931,0.0,0.00508,-0.00508,0.0,0.38128,-0.38128,0.0,0.0,0.0
8,6495,142289.5,SETTLE,0.0,0.39062,-0.39062,0.0,0.0,0.0,0.0,0.36915,-0.36915,0.0,0.0,0.0
8,6496,142311.1,SETTLE,0.0,0.37847,-0.37847,0.0,0.0,0.0,0.0,0.35702,-0.35702,0.0,0.0,0.0
8,6497,142332.7,SETTLE,0.0,0.36632,-0.36632,0.0,0.0,0.0,0.0,0.34142,-0.34142,0.0,0.0,0.0
8,6498,142353.2,SETTLE,0.0,0.35243,-0.35243,0.0,0.0,0.0,0.0,0.33102,-0.33102,0.0,0.0,0.0
8,6499,142373.2,SETTLE,0.0,0.34028,-0.34028,0.0,0.0,0.0,0.0,0.31889,-0.31889,0.0,0.0,0.0
8,6500,142395.0,SETTLE,0.0,0.32812,-0.32812,0.0,0.0,0.0,0.0,0.30503,-0.30503,0.0,0.0,0.0
8,6501,142415.5,SETTLE,0.0,0.31424,-0.31424,0.0,0.0,0.0,0.0,0.29463,-0.29463,0.0,0.0,0.0
8,6502,142435.5,SETTLE,0.0,0.30035,-0.30035,0.0,0.0,0.0,0.0,0.28596,-0.28596,0.0,0.0,0.0
8,6503,142456.6,SETTLE,0.0,0.28993,-0.28993,0.0,0.0,0.0,0.0,0.2721,-0.2721,0.0,0.0,0.0
8,6504,142477.8,SETTLE,0.0,0.27431,-0.27431,0.0,0.0,0.0,0.0,0.25997,-0.25997,0.0,0.0,0.0
8,6505,142498.2,SETTLE,0.0,0.26215,-0.26215,0.0,0.0,0.0,0.0,0.24783,-0.24783,0.0,0.0,0.0
8,6506,142519.1,SETTLE,0.0,0.25,-0.25,0.0,0.0,0.0,0.0,0.2357,-0.2357,0.0,0.0,0.0
8,6507,142538.7,SETTLE,0.0,0.23785,-0.23785,0.0,0.0,0.0,0.0,0.2253,-0.2253,0.0,0.0,0.0
8,6508,142560.1,SETTLE,0.0,0.22569,-0.22569,0.0,0.0,0.0,0.0,0.21317,-0.21317,0.0,0.0,0.0
8,6509,142581.7,SETTLE,0.0,0.21528,-0.21528,0.0,0.0,0.0,0.0,0.19931,-0.19931,0.0,0.0,0.0
8,6510,142603.9,CLOSE,0.005,0.19965,-0.19465,0.005,0.0,0.005,0.005,0.18371,-0.17871,0.005,0.0,0.005
8,6511,142624.6,CLOSE,0.01,0.18576,-0.17576,0.01,0.0,0.01,0.01,0.17158,-0.16158,0.01,0.0,0.01
8,6512,142646.0,CLOSE,0.015,0.17188,-0.15687,0.015,0.0,0.015,0.015,0.15771,-0.14271,0.015,0.0,0.015
8,6513,142666.2,CLOSE,0.02,0.15972,-0.13972,0.02,0.0,0.02,0.02,0.14731,-0.12731,0.02,0.0,0.02
8,6514,142687.2,CLOSE,0.025,0.1441,-0.1191,0.025,0.0,0.025,0.025,0.13692,-0.11192,0.025,0.0,0.025
8,6515,142708.1,CLOSE,0.03,0.13194,-0.10194,0.03,0.0,0.03,0.03,0.12652,-0.09652,0.03,0.0,0.03
8,6516,142729.2,CLOSE,0.035,0.12153,-0.08653,0.035,0.0,0.035,0.035,0.11092,-0.07592,0.035,0.0,0.035
8,6517,142751.0,CLOSE,0.04,0.1059,-0.0659,0.04,0.0,0.04,0.04,0.09879,-0.05879,0.04,0.0,0.04
8,6518,142771.2,CLOSE,0.045,0.09549,-0.05049,0.045,0.0,0.045,0.045,0.08839,-0.04339,0.045,0.0,0.045
8,6519,142793.9,CLOSE,0.05,0.08333,-0.03333,0.05,0.0,0.05,0.05,0.07452,-0.02452,0.05,0.0,0.05
8,6520,142813.6,CLOSE,0.055,0.07118,-0.01618,0.055,0.0,0.055,0.055,0.06412,-0.00912,0.055,0.00577,0.04923
8,6521,142833.7,CLOSE,0.06,0.06424,-0.00424,0.06,0.00508,0.05492,0.06,0.05719,0.00281,0.06,0.00962,0.05038
8,6522,142854.6,CLOSE,0.065,0.05208,0.01292,0.065,0.01356,0.05144,0.065,0.04853,0.01647,0.065,0.00577,0.05923
8,6523,142875.9,CLOSE,0.07,0.0434,0.0266,0.07,0.02203,0.04797,0.07,0.04159,0.02841,0.07,0.01154,0.05846
8,6524,142895.8,CLOSE,0.075,0.03646,0.03854,0.075,0.02881,0.04619,0.075,0.03466,0.04034,0.075,0.01923,0.05577
8,6525,142917.2,CLOSE,0.08,0.03993,0.04007,0.08,0.03898,0.04102,0.08,0.02946,0.05054,0.08,0.02308,0.05692
8,6526,142937.4,CLOSE,0.085,0.03646,0.04854,0.085,0.04576,0.03924,0.085,0.026,0.059,0.085,0.02885,0.05615
8,6527,142958.3,CLOSE,0.09,0.03125,0.05875,0.09,0.05763,0.03237,0.09,0.026,0.064,0.09,0.03654,0.05346
8,6528,142978.7,CLOSE,0.095,0.03299,0.06201,0.095,0.06271,0.03229,0.095,0.026,0.069,0.095,0.04423,0.05077
8,6529,142999.7,CLOSE,0.1,0.03819,0.06181,0.1,0.07119,0.02881,0.1,0.02946,0.07054,0.1,0.05192,0.04808
8,6530,143020.5,CLOSE,0.105,0.04861,0.05639,0.105,0.07797,0.02703,0.105,0.03986,0.06514,0.105,0.06154,0.04346
8,6531,143041.7,CLOSE,0.11,0.05382,0.05618,0.11,0.08475,0.02525,0.11,0.04506,0.06494,0.11,0.06538,0.04462
8,6532,143062.8,CLOSE,0.115,0.0625,0.0525,0.115,0.09153,0.02347,0.115,0.04679,0.06821,0.115,0.07308,0.04192
8,6533,143083.6,CLOSE,0.12,0.06771,0.05229,0.12,0.09831,0.02169,0.12,0.05719,0.06281,0.12,0.07885,0.04115
8,6534,143104.1,CLOSE,0.125,0.07639,0.04861,0.125,0.10339,0.02161,0.125,0.06239,0.06261,0.125,0.08654,0.03846
8,6535,143124.7,CLOSE,0.13,0.08333,0.04667,0.13,0.10847,0.02153,0.13,0.07106,0.05894,0.13,0.09231,0.03769
8,6536,143145.8,CLOSE,0.135,0.09201,0.04299,0.135,0.11525,0.01975,0.135,0.07972,0.05528,0.135,0.1,0.035
8,6537,143166.5,CLOSE,0.14,0.09896,0.04104,0.14,0.11525,0.02475,0.14,0.08839,0.05161,0.14,0.10577,0.03423
8,6538,143187.6,CLOSE,0.145,0.1059,0.0391,0.145,0.11864,0.02636,0.145,0.09705,0.04795,0.145,0.11154,0.03346
8,6539,143209.0,CLOSE,0.15,0.11806,0.03194,0.15,0.12203,0.02797,0.15,0.10745,0.04255,0.15,0.11731,0.03269
8,6540,143228.8,CLOSE,0.155,0.11979,0.03521,0.155,0.12373,0.03127,0.155,0.11612,0.03888,0.155,0.125,0.03
8,6541,143250.6,CLOSE,0.16,0.12847,0.03153,0.16,0.12373,0.03627,0.16,0.12478,0.03522,0.16,0.12885,0.03115
8,6542,143272.2,CLOSE,0.165,0.13021,0.03479,0.165,0.12542,0.03958,0.165,0.13172,0.03328,0.165,0.13654,0.02846
8,6543,143292.8,CLOSE,0.17,0.13889,0.03111,0.17,0.12542,0.04458,0.17,0.14038,0.02962,0.17,0.14231,0.02769
8,6544,143312.9,CLOSE,0.175,0.1441,0.0309,0.175,0.13051,0.04449,0.175,0.14385,0.03115,0.175,0.14423,0.03077
8,6545,143333.9,CLOSE,0.18,0.15278,0.02722,0.18,0.13051,0.04949,0.18,0.15078,0.02922,0.18,0.15,0.03
8,6546,143354.8,CLOSE,0.185,0.15799,0.02701,0.185,0.1322,0.0528,0.185,0.15598,0.02902,0.185,0.15769,0.02731
8,6547,143376.0,CLOSE,0.19,0.16319,0.02681,0.19,0.13729,0.05271,0.19,0.16118,0.02882,0.19,0.15962,0.03038
8,6548,143396.2,CLOSE,0.195,0.16667,0.02833,0.195,0.14068,0.05432,0.195,0.16638,0.02862,0.195,0.16538,0.02962
8,6549,143416.5,CLOSE,0.2,0.17188,0.02813,0.2,0.14576,0.05424,0.2,0.17158,0.02842,0.2,0.16923,0.03077
8,6550,143437.5,CLOSE,0.205,0.17361,0.03139,0.205,0.15763,0.04737,0.205,0.17678,0.02822,0.205,0.175,0.03
8,6551,143457.9,CLOSE,0.21,0.17882,0.03118,0.21,0.16271,0.04729,0.21,0.18198,0.02802,0.21,0.17692,0.03308
8,6552,143478.8,CLOSE,0.215,0.18056,0.03444,0.215,0.16271,0.05229,0.215,0.18371,0.03129,0.215,0.18462,0.03038
8,6553,143500.5,CLOSE,0.22,0.18403,0.03597,0.22,0.17288,0.04712,0.22,0.18891,0.03109,0.22,0.18846,0.03154
8,6554,143520.9,CLOSE,0.225,0.18576,0.03924,0.225,0.17966,0.04534,0.225,0.19237,0.03263,0.225,0.19423,0.03077
8,6555,143542.3,CLOSE,0.23,0.19271,0.03729,0.23,0.17966,0.05034,0.23,0.19584,0.03416,0.23,0.2,0.03
8,6556,143562.8,CLOSE,0.235,0.19618,0.03882,0.235,0.18475,0.05025,0.235,0.19931,0.03569,0.235,0.20577,0.02923
8,6557,143582.8,CLOSE,0.24,0.19792,0.04208,0.24,0.18983,0.05017,0.24,0.20277,0.03723,0.24,0.21538,0.02462
8,6558,143603.4,CLOSE,0.245,0.20312,0.04188,0.245,0.19492,0.05008,0.245,0.21144,0.03356,0.245,0.225,0.02
8,6559,143625.4,CLOSE,0.25,0.20833,0.04167,0.25,0.20169,0.04831,0.25,0.20971,0.04029,0.25,0.23269,0.01731
8,6560,143645.3,CLOSE,0.255,0.21354,0.04146,0.255,0.20678,0.04822,0.255,0.21317,0.04183,0.255,0.24231,0.01269
8,6561,143667.2,CLOSE,0.26,0.22049,0.03951,0.26,0.21356,0.04644,0.26,0.2253,0.0347,0.26,0.24808,0.01192
8,6562,143688.9,CLOSE,0.265,0.22569,0.03931,0.265,0.21864,0.04636,0.265,0.22357,0.04143,0.265,0.25385,0.01115
8,6563,143709.9,CLOSE,0.27,0.2309,0.0391,0.27,0.22542,0.04458,0.27,0.22877,0.04123,0.27,0.25962,0.01038
8,6564,143729.7,CLOSE,0.275,0.23785,0.03715,0.275,0.23051,0.04449,0.275,0.23397,0.04103,0.275,0.26346,0.01154
8,6565,143751.9,CLOSE,0.28,0.24306,0.03694,0.28,0.24068,0.03932,0.28,0.23917,0.04083,0.28,0.27115,0.00885
8,6566,143772.6,CLOSE,0.285,0.24826,0.03674,0.285,0.24746,0.03754,0.285,0.2461,0.0389,0.285,0.27885,0.00615
8,6567,143791.8,CLOSE,0.29,0.25521,0.03479,0.29,0.26102,0.02898,0.29,0.24957,0.04043,0.29,0.27692,0.01308
8,6568,143812.9,CLOSE,0.295,0.26042,0.03458,0.295,0.26441,0.03059,0.295,0.2565,0.0385,0.295,0.28077,0.01423
8,6569,143834.0,CLOSE,0.3,0.26736,0.03264,0.3,0.2678,0.0322,0.3,0.26343,0.03657,0.3,0.29231,0.00769
8,6570,143855.4,CLOSE,0.305,0.27431,0.03069,0.305,0.27119,0.03381,0.305,0.2721,0.0329,0.305,0.29038,0.01462
8,6571,143875.1,CLOSE,0.31,0.28299,0.02701,0.31,0.27458,0.03542,0.31,0.27383,0.03617,0.31,0.3,0.01
8,6572,143895.2,CLOSE,0.315,0.28646,0.02854,0.315,0.27797,0.03703,0.315,0.28076,0.03424,0.315,0.30577,0.00923
8,6573,143916.6,CLOSE,0.32,0.29861,0.02139,0.32,0.27966,0.04034,0.32,0.28423,0.03577,0.32,0.30769,0.01231
8,6574,143937.1,CLOSE,0.325,0.30035,0.02465,0.325,0.28305,0.04195,0.325,0.29116,0.03384,0.325,0.31346,0.01154
8,6575,143958.4,CLOSE,0.33,0.30208,0.02792,0.33,0.28644,0.04356,0.33,0.29463,0.03537,0.33,0.32308,0.00692
8,6576,143979.4,CLOSE,0.335,0.30556,0.02944,0.335,0.29492,0.04008,0.335,0.29983,0.03517,0.335,0.325,0.01
8,6577,144000.1,CLOSE,0.34,0.31076,0.02924,0.34,0.29661,0.04339,0.34,0.30503,0.03497,0.34,0.33077,0.00923
8,6578,144021.0,CLOSE,0.345,0.31597,0.02903,0.345,0.3,0.045,0.345,0.30849,0.03651,0.345,0.34038,0.00462
8,6579,144042.2,CLOSE,0.35,0.31944,0.03056,0.35,0.30339,0.04661,0.35,0.31716,0.03284,0.35,0.34615,0.00385
8,6580,144062.7,CLOSE,0.355,0.32292,0.03208,0.355,0.30508,0.04992,0.355,0.32236,0.03264,0.355,0.35,0.005
8,6581,144083.7,CLOSE,0.36,0.33507,0.02493,0.36,0.31017,0.04983,0.36,0.32409,0.03591,0.36,0.35385,0.00615
8,6582,144103.7,CLOSE,0.365,0.33333,0.03167,0.365,0.31695,0.04805,0.365,0.32929,0.03571,0.365,0.35962,0.00538
8,6583,144124.9,CLOSE,0.37,0.33681,0.03319,0.37,0.32373,0.04627,0.37,0.33102,0.03898,0.37,0.36923,0.00077
8,6584,144145.7,CLOSE,0.375,0.34028,0.03472,0.375,0.32712,0.04788,0.375,0.33276,0.04224,0.375,0.36923,0.00577
8,6585,144166.6,CLOSE,0.38,0.34549,0.03451,0.38,0.33051,0.04949,0.38,0.33449,0.04551,0.38,0.375,0.005
8,6586,144189.0,CLOSE,0.385,0.3559,0.0291,0.385,0.33729,0.04771,0.385,0.33969,0.04531,0.385,0.37885,0.00615
8,6587,144210.1,CLOSE,0.39,0.35417,0.03583,0.39,0.34407,0.04593,0.39,0.34662,0.04338,0.39,0.38462,0.00538
8,6588,144230.3,CLOSE,0.395,0.35243,0.04257,0.395,0.35085,0.04415,0.395,0.35355,0.04145,0.395,0.39231,0.00269
8,6589,144250.3,CLOSE,0.4,0.35764,0.04236,0.4,0.36271,0.03729,0.4,0.36568,0.03432,0.4,0.39808,0.00192
8,6590,144272.1,CLOSE,0.405,0.36458,0.04042,0.405,0.36441,0.04059,0.405,0.36568,0.03932,0.405,0.40385,0.00115
8,6591,144292.2,CLOSE,0.41,0.37153,0.03847,0.41,0.36949,0.04051,0.41,0.37435,0.03565,0.41,0.41346,-0.00346
8,6592,144312.6,CLOSE,0.415,0.37847,0.03653,0.415,0.37966,0.03534,0.415,0.38128,0.03372,0.415,0.41923,-0.00423
8,6593,144333.5,CLOSE,0.42,0.38542,0.03458,0.42,0.38136,0.03864,0.42,0.38821,0.03179,0.42,0.425,-0.005
8,6594,144353.9,CLOSE,0.425,0.39236,0.03264,0.425,0.38644,0.03856,0.425,0.39168,0.03332,0.425,0.43077,-0.00577
8,6595,144375.2,CLOSE,0.43,0.39757,0.03243,0.43,0.38983,0.04017,0.43,0.39861,0.03139,0.43,0.44231,-0.01231
8,6596,144396.1,CLOSE,0.435,0.40451,0.03049,0.435,0.39831,0.03669,0.435,0.40381,0.03119,0.435,0.44231,-0.00731
8,6597,144416.7,CLOSE,0.44,0.40972,0.03028,0.44,0.39831,0.04169,0.44,0.41421,0.02579,0.44,0.44808,-0.00808
8,6598,144437.6,CLOSE,0.445,0.41667,0.02833,0.445,0.40678,0.03822,0.445,0.41768,0.02732,0.445,0.45385,-0.00885
8,6599,144458.5,CLOSE,0.45,0.42014,0.02986,0.45,0.40339,0.04661,0.45,0.42114,0.02886,0.45,0.46154,-0.01154
8,6600,144479.5,CLOSE,0.455,0.42535,0.02965,0.455,0.40847,0.04653,0.455,0.42461,0.03039,0.455,0.46731,-0.01231
8,6601,144500.1,CLOSE,0.46,0.4375,0.0225,0.46,0.41186,0.04814,0.46,0.42981,0.03019,0.46,0.46923,-0.00923
8,6602,144521.4,CLOSE,0.465,0.43924,0.02576,0.465,0.41356,0.05144,0.465,0.43501,0.02999,0.465,0.47308,-0.00808
8,6603,144541.8,CLOSE,0.47,0.44271,0.02729,0.47,0.41864,0.05136,0.47,0.43847,0.03153,0.47,0.47692,-0.00692
8,6604,144562.6,CLOSE,0.475,0.44618,0.02882,0.475,0.42712,0.04788,0.475,0.44194,0.03306,0.475,0.48462,-0.00962
8,6605,144583.2,CLOSE,0.48,0.45139,0.02861,0.48,0.42881,0.05119,0.48,0.44714,0.03286,0.48,0.48846,-0.00846
8,6606,144604.1,CLOSE,0.485,0.4566,0.0284,0.485,0.4339,0.0511,0.485,0.45061,0.03439,0.485,0.49423,-0.00923
8,6607,144625.0,CLOSE,0.49,0.46181,0.02819,0.49,0.44068,0.04932,0.49,0.45754,0.03246,0.49,0.50577,-0.01577
8,6608,144647.1,CLOSE,0.495,0.46701,0.02799,0.495,0.44746,0.04754,0.495,0.46447,0.03053,0.495,0.50769,-0.01269
8,6609,144667.6,CLOSE,0.5,0.47222,0.02778,0.5,0.45424,0.04576,0.5,0.4662,0.0338,0.5,0.51346,-0.01346
8,6610,144688.0,CLOSE,0.505,0.4809,0.0241,0.5,0.46102,0.03898,0.505,0.46967,0.03533,0.5,0.51923,-0.01923
8,6611,144709.1,CLOSE,0.51,0.4809,0.0291,0.5,0.46949,0.03051,0.51,0.47487,0.03513,0.5,0.52692,-0.02692
8,6612,144730.1,CLOSE,0.515,0.48611,0.02889,0.5,0.47288,0.02712,0.515,0.47834,0.03666,0.5,0.53269,-0.03269
8,6613,144751.1,CLOSE,0.52,0.49132,0.02868,0.5,0.48136,0.01864,0.52,0.4818,0.0382,0.5,0.53846,-0.03846
8,6614,144771.8,CLOSE,0.525,0.50347,0.02153,0.5,0.48644,0.01356,0.525,0.49913,0.02587,0.5,0.54423,-0.04423
8,6615,144792.3,CLOSE,0.53,0.50868,0.02132,0.5,0.48983,0.01017,0.53,0.50087,0.02913,0.5,0.54808,-0.04808
8,6616,144812.6,CLOSE,0.535,0.51215,0.02285,0.5,0.49831,0.00169,0.535,0.513,0.022,0.5,0.55,-0.05
8,6617,144833.7,CLOSE,0.54,0.52604,0.01396,0.5,0.50508,-0.00508,0.54,0.5182,0.0218,0.5,0.55385,-0.05385
8,6618,144854.1,CLOSE,0.545,0.52951,0.01549,0.5,0.50847,-0.00847,0.545,0.52513,0.01987,0.5,0.55577,-0.05577
8,6619,144874.8,CLOSE,0.55,0.53125,0.01875,0.5,0.51017,-0.01017,0.55,0.52513,0.02487,0.5,0.55962,-0.05962
8,6620,144895.9,CLOSE,0.555,0.53299,0.02201,0.5,0.51186,-0.01186,0.555,0.53033,0.02467,0.5,0.56154,-0.06154
8,6621,144916.5,CLOSE,0.56,0.53646,0.02354,0.5,0.51186,-0.01186,0.56,0.53206,0.02794,0.5,0.56154,-0.06154
8,6622,144937.8,CLOSE,0.565,0.53993,0.02507,0.5,0.51186,-0.01186,0.565,0.53553,0.02947,0.5,0.55962,-0.05962
8,6623,144957.3,CLOSE,0.57,0.53993,0.03007,0.5,0.51525,-0.01525,0.57,0.53726,0.03274,0.5,0.55962,-0.05962
8,6624,144979.1,CLOSE,0.575,0.5434,0.0316,0.5,0.51017,-0.01017,0.575,0.54073,0.03427,0.5,0.56154,-0.06154
8,6625,145000.3,CLOSE,0.58,0.54688,0.03313,0.5,0.51017,-0.01017,0.58,0.54419,0.03581,0.5,0.56154,-0.06154
8,6626,145021.5,CLOSE,0.585,0.55035,0.03465,0.5,0.51186,-0.01186,0.585,0.54939,0.03561,0.5,0.56154,-0.06154
8,6627,145041.9,CLOSE,0.59,0.55382,0.03618,0.5,0.51017,-0.01017,0.59,0.55286,0.03714,0.5,0.55962,-0.05962
8,6628,145062.8,CLOSE,0.595,0.55729,0.03771,0.5,0.51186,-0.01186,0.595,0.55806,0.03694,0.5,0.55962,-0.05962
8,6629,145083.8,CLOSE,0.6,0.5625,0.0375,0.5,0.51017,-0.01017,0.6,0.56153,0.03847,0.5,0.56154,-0.06154
8,6630,145104.5,CLOSE,0.605,0.56944,0.03556,0.5,0.51186,-0.01186,0.605,0.56846,0.03654,0.5,0.56154,-0.06154
8,6631,145125.7,CLOSE,0.61,0.57465,0.03535,0.5,0.51186,-0.01186,0.61,0.57366,0.03634,0.5,0.56154,-0.06154
8,6632,145146.1,CLOSE,0.615,0.58507,0.02993,0.5,0.51017,-0.01017,0.615,0.58232,0.03268,0.5,0.56346,-0.06346
8,6633,145168.0,CLOSE,0.62,0.58681,0.03319,0.5,0.51356,-0.01356,0.62,0.58406,0.03594,0.5,0.55962,-0.05962
8,6634,145188.2,CLOSE,0.625,0.59028,0.03472,0.5,0.51017,-0.01017,0.625,0.58925,0.03575,0.5,0.55962,-0.05962
8,6635,145209.0,CLOSE,0.63,0.59722,0.03278,0.5,0.51525,-0.01525,0.63,0.59445,0.03555,0.5,0.56154,-0.06154
8,6636,145230.0,CLOSE,0.635,0.60417,0.03083,0.5,0.52373,-0.02373,0.635,0.60312,0.03188,0.5,0.56154,-0.06154
8,6637,145250.2,CLOSE,0.64,0.61632,0.02368,0.5,0.51017,-0.01017,0.64,0.60312,0.03688,0.5,0.56154,-0.06154
8,6638,145272.0,CLOSE,0.645,0.62326,0.02174,0.5,0.51356,-0.01356,0.645,0.61005,0.03495,0.5,0.55962,-0.05962
8,6639,145291.9,CLOSE,0.65,0.62326,0.02674,0.5,0.51186,-0.01186,0.65,0.61525,0.03475,0.5,0.56154,-0.06154
8,6640,145312.3,CLOSE,0.655,0.62847,0.02653,0.5,0.51186,-0.01186,0.655,0.61872,0.03628,0.5,0.55962,-0.05962
8,6641,145332.8,CLOSE,0.66,0.63021,0.02979,0.5,0.51695,-0.01695,0.66,0.62738,0.03262,0.5,0.56154,-0.06154
8,6642,145354.7,CLOSE,0.665,0.63715,0.02785,0.5,0.50678,-0.00678,0.665,0.63085,0.03415,0.5,0.56154,-0.06154
8,6643,145374.7,CLOSE,0.67,0.64236,0.02764,0.5,0.49492,0.00508,0.67,0.63432,0.03568,0.5,0.55962,-0.05962
8,6644,145395.9,CLOSE,0.675,0.64757,0.02743,0.5,0.49153,0.00847,0.675,0.64645,0.02855,0.5,0.56154,-0.06154
8,6645,145416.7,CLOSE,0.68,0.65104,0.02896,0.5,0.48983,0.01017,0.68,0.65165,0.02835,0.5,0.56154,-0.06154
8,6646,145437.1,CLOSE,0.685,0.65625,0.02875,0.5,0.48644,0.01356,0.685,0.66031,0.02469,0.5,0.56154,-0.06154
8,6647,145458.3,CLOSE,0.69,0.66146,0.02854,0.5,0.48644,0.01356,0.69,0.65511,0.03489,0.5,0.56154,-0.06154
8,6648,145478.8,CLOSE,0.695,0.66493,0.03007,0.5,0.48644,0.01356,0.695,0.66031,0.03469,0.5,0.55962,-0.05962
8,6649,145499.8,CLOSE,0.7,0.67361,0.02639,0.5,0.48983,0.01017,0.7,0.66898,0.03102,0.5,0.56731,-0.06731
8,6650,145521.0,CLOSE,0.705,0.67535,0.02965,0.5,0.48983,0.01017,0.705,0.67418,0.03082,0.5,0.55962,-0.05962
8,6651,145541.4,CLOSE,0.71,0.68056,0.02944,0.5,0.48644,0.01356,0.71,0.67591,0.03409,0.5,0.56154,-0.06154
8,6652,145562.8,CLOSE,0.715,0.69271,0.02229,0.5,0.48644,0.01356,0.715,0.68111,0.03389,0.5,0.56154,-0.06154
8,6653,145584.6,CLOSE,0.72,0.69444,0.02556,0.5,0.48814,0.01186,0.72,0.68631,0.03369,0.5,0.56154,-0.06154
8,6654,145605.1,CLOSE,0.725,0.69618,0.02882,0.5,0.48814,0.01186,0.725,0.69844,0.02656,0.5,0.56154,-0.06154
8,6655,145624.7,CLOSE,0.73,0.70139,0.02861,0.5,0.48983,0.01017,0.73,0.69671,0.03329,0.5,0.56346,-0.06346
8,6656,145647.4,CLOSE,0.735,0.7066,0.0284,0.5,0.49322,0.00678,0.735,0.70364,0.03136,0.5,0.56154,-0.06154
8,6657,145666.7,CLOSE,0.74,0.71007,0.02993,0.5,0.49492,0.00508,0.74,0.70711,0.03289,0.5,0.56154,-0.06154
8,6658,145687.9,CLOSE,0.745,0.71354,0.03146,0.5,0.50169,-0.00169,0.745,0.71231,0.03269,0.5,0.55962,-0.05962
8,6659,145709.0,CLOSE,0.75,0.72396,0.02604,0.5,0.50508,-0.00508,0.75,0.7175,0.0325,0.5,0.56154,-0.06154
8,6660,145729.1,CLOSE,0.755,0.72396,0.03104,0.5,0.50678,-0.00678,0.755,0.72097,0.03403,0.5,0.56154,-0.06154
8,6661,145750.3,CLOSE,0.76,0.73264,0.02736,0.5,0.50508,-0.00508,0.76,0.7279,0.0321,0.5,0.55962,-0.05962
8,6662,145770.3,CLOSE,0.765,0.73611,0.02889,0.5,0.50678,-0.00678,0.765,0.73137,0.03363,0.5,0.56154,-0.06154
8,6663,145791.8,CLOSE,0.77,0.74132,0.02868,0.5,0.50678,-0.00678,0.77,0.74177,0.02823,0.5,0.56154,-0.06154
8,6664,145812.6,CLOSE,0.775,0.74479,0.03021,0.5,0.50678,-0.00678,0.775,0.73657,0.03843,0.5,0.56154,-0.06154
8,6665,145833.3,CLOSE,0.78,0.75,0.03,0.5,0.50339,-0.00339,0.78,0.74523,0.03477,0.5,0.55962,-0.05962
8,6666,145854.6,CLOSE,0.785,0.75521,0.02979,0.5,0.50508,-0.00508,0.785,0.75563,0.02937,0.5,0.55962,-0.05962
8,6667,145875.1,CLOSE,0.79,0.75868,0.03132,0.5,0.50508,-0.00508,0.79,0.75043,0.03957,0.5,0.56154,-0.06154
8,6668,145895.8,CLOSE,0.795,0.76389,0.03111,0.5,0.50508,-0.00508,0.795,0.76256,0.03244,0.5,0.56538,-0.06538
8,6669,145916.7,CLOSE,0.8,0.77257,0.02743,0.5,0.50508,-0.00508,0.8,0.76603,0.03397,0.5,0.56154,-0.06154
8,6670,145937.4,CLOSE,0.805,0.77431,0.03069,0.5,0.50508,-0.00508,0.805,0.77123,0.03377,0.5,0.56154,-0.06154
8,6671,145958.0,CLOSE,0.81,0.77778,0.03222,0.5,0.50508,-0.00508,0.81,0.7747,0.0353,0.5,0.56154,-0.06154
8,6672,145979.6,CLOSE,0.815,0.78125,0.03375,0.5,0.50508,-0.00508,0.815,0.77816,0.03684,0.5,0.56154,-0.06154
8,6673,145999.9,CLOSE,0.82,0.78819,0.03181,0.5,0.50678,-0.00678,0.82,0.78336,0.03664,0.5,0.55962,-0.05962
8,6674,146020.6,CLOSE,0.825,0.79514,0.02986,0.5,0.50508,-0.00508,0.825,0.79376,0.03124,0.5,0.56154,-0.06154
8,6675,146042.2,CLOSE,0.83,0.79688,0.03313,0.5,0.50508,-0.00508,0.83,0.79549,0.03451,0.5,0.56154,-0.06154
8,6676,146063.3,CLOSE,0.835,0.80556,0.02944,0.5,0.50508,-0.00508,0.835,0.80243,0.03257,0.5,0.56154,-0.06154
8,6677,146084.1,CLOSE,0.84,0.80729,0.03271,0.5,0.50508,-0.00508,0.84,0.80763,0.03237,0.5,0.56154,-0.06154
8,6678,146104.9,CLOSE,0.845,0.81424,0.03076,0.5,0.50678,-0.00678,0.845,0.81282,0.03218,0.5,0.56346,-0.06346
8,6679,146125.9,CLOSE,0.85,0.81944,0.03056,0.5,0.50678,-0.00678,0.85,0.82322,0.02678,0.5,0.56154,-0.06154
8,6680,146146.8,CLOSE,0.855,0.82465,0.03035,0.5,0.50508,-0.00508,0.855,0.82322,0.03178,0.5,0.56154,-0.06154
8,6681,146168.0,CLOSE,0.86,0.83333,0.02667,0.5,0.50678,-0.00678,0.86,0.82842,0.03158,0.5,0.56154,-0.06154
8,6682,146188.5,CLOSE,0.865,0.84028,0.02472,0.5,0.50678,-0.00678,0.865,0.83362,0.03138,0.5,0.56154,-0.06154
8,6683,146209.2,CLOSE,0.87,0.84201,0.02799,0.5,0.50508,-0.00508,0.87,0.83882,0.03118,0.5,0.56154,-0.06154
8,6684,146229.2,CLOSE,0.875,0.85243,0.02257,0.5,0.50508,-0.00508,0.875,0.84229,0.03271,0.5,0.56346,-0.06346
8,6685,146249.9,CLOSE,0.88,0.8559,0.0241,0.5,0.50339,-0.00339,0.88,0.84749,0.03251,0.5,0.56538,-0.06538
8,6686,146270.6,CLOSE,0.885,0.86285,0.02215,0.5,0.50508,-0.00508,0.885,0.85269,0.03231,0.5,0.55962,-0.05962
8,6687,146290.9,CLOSE,0.89,0.85938,0.03063,0.5,0.50508,-0.00508,0.89,0.85615,0.03385,0.5,0.55962,-0.05962
8,6688,146312.4,CLOSE,0.895,0.86285,0.03215,0.5,0.50678,-0.00678,0.895,0.86308,0.03192,0.5,0.56154,-0.06154
8,6689,146333.2,CLOSE,0.9,0.86806,0.03194,0.5,0.50508,-0.00508,0.9,0.86655,0.03345,0.5,0.56154,-0.06154
8,6690,146354.4,CLOSE,0.905,0.87326,0.03174,0.5,0.50678,-0.00678,0.905,0.87175,0.03325,0.5,0.56154,-0.06154
8,6691,146374.7,CLOSE,0.91,0.875,0.035,0.5,0.50678,-0.00678,0.91,0.87695,0.03305,0.5,0.56154,-0.06154
8,6692,146395.7,CLOSE,0.915,0.88715,0.02785,0.5,0.50678,-0.00678,0.915,0.88215,0.03285,0.5,0.55962,-0.05962
8,6693,146416.6,CLOSE,0.92,0.88889,0.03111,0.5,0.50678,-0.00678,0.92,0.88735,0.03265,0.5,0.56154,-0.06154
8,6694,146437.2,CLOSE,0.925,0.89236,0.03264,0.5,0.50678,-0.00678,0.925,0.89775,0.02725,0.5,0.56154,-0.06154
8,6695,146458.8,CLOSE,0.93,0.89583,0.03417,0.5,0.50678,-0.00678,0.93,0.90468,0.02532,0.5,0.56154,-0.06154
8,6696,146479.4,CLOSE,0.935,0.90104,0.03396,0.5,0.50508,-0.00508,0.935,0.90295,0.03205,0.5,0.56154,-0.06154
8,6697,146500.5,CLOSE,0.94,0.90799,0.03201,0.5,0.50847,-0.00847,0.94,0.91161,0.02839,0.5,0.56731,-0.06731
8,6698,146521.1,CLOSE,0.945,0.91146,0.03354,0.5,0.50678,-0.00678,0.945,0.91508,0.02992,0.5,0.56154,-0.06154
8,6699,146543.2,CLOSE,0.95,0.91493,0.03507,0.5,0.50678,-0.00678,0.95,0.92721,0.02279,0.5,0.56154,-0.06154
8,6700,146562.7,CLOSE,0.955,0.92188,0.03313,0.5,0.50508,-0.00508,0.955,0.92374,0.03126,0.5,0.55962,-0.05962
8,6701,146583.4,CLOSE,0.96,0.93403,0.02597,0.5,0.50508,-0.00508,0.96,0.93068,0.02932,0.5,0.56154,-0.06154
8,6702,146605.4,CLOSE,0.965,0.9375,0.0275,0.5,0.50847,-0.00847,0.965,0.93761,0.02739,0.5,0.56154,-0.06154
8,6703,146625.7,CLOSE,0.97,0.93924,0.03076,0.5,0.50678,-0.00678,0.97,0.94281,0.02719,0.5,0.55962,-0.05962
8,6704,146645.7,CLOSE,0.975,0.94097,0.03403,0.5,0.50508,-0.00508,0.975,0.94454,0.03046,0.5,0.56154,-0.06154
8,6705,146667.2,CLOSE,0.98,0.94792,0.03208,0.5,0.50508,-0.00508,0.98,0.95841,0.02159,0.5,0.56154,-0.06154
8,6706,146688.1,CLOSE,0.985,0.95139,0.03361,0.5,0.50678,-0.00678,0.985,0.95667,0.02833,0.5,0.56154,-0.06154
8,6707,146708.4,CLOSE,0.99,0.9566,0.0334,0.5,0.50847,-0.00847,0.99,0.96014,0.02986,0.5,0.56154,-0.06154
8,6708,146729.6,CLOSE,0.995,0.96007,0.03493,0.5,0.50508,-0.00508,0.995,0.96534,0.02966,0.5,0.56154,-0.06154
8,6709,146749.9,CLOSE,1.0,0.96354,0.03646,0.5,0.50678,-0.00678,1.0,0.9688,0.0312,0.5,0.56346,-0.06346
8,6710,146757.2,HOLD_CLOSED,1.0,0.96354,0.03646,0.5,0.50508,-0.00508,1.0,0.9792,0.0208,0.5,0.56154,-0.06154
8,6711,146778.5,HOLD_CLOSED,1.0,0.96701,0.03299,0.5,0.50678,-0.00678,1.0,0.97574,0.02426,0.5,0.56538,-0.06538
8,6712,146799.1,HOLD_CLOSED,1.0,0.97222,0.02778,0.5,0.50508,-0.00508,1.0,0.97747,0.02253,0.5,0.56154,-0.06154
8,6713,146820.5,HOLD_CLOSED,1.0,0.97222,0.02778,0.5,0.50678,-0.00678,1.0,0.9844,0.0156,0.5,0.56346,-0.06346
8,6714,146841.4,HOLD_CLOSED,1.0,0.97396,0.02604,0.5,0.50678,-0.00678,1.0,0.9844,0.0156,0.5,0.55962,-0.05962
8,6715,146862.0,HOLD_CLOSED,1.0,0.97396,0.02604,0.5,0.50678,-0.00678,1.0,0.9844,0.0156,0.5,0.56154,-0.06154
8,6716,146883.7,HOLD_CLOSED,1.0,0.97569,0.02431,0.5,0.50678,-0.00678,1.0,0.9844,0.0156,0.5,0.56154,-0.06154
8,6717,146903.7,HOLD_CLOSED,1.0,0.97743,0.02257,0.5,0.50678,-0.00678,1.0,0.9844,0.0156,0.5,0.56154,-0.06154
8,6718,146924.4,HOLD_CLOSED,1.0,0.97396,0.02604,0.5,0.50508,-0.00508,1.0,0.98267,0.01733,0.5,0.56154,-0.06154
8,6719,146945.4,HOLD_CLOSED,1.0,0.97569,0.02431,0.5,0.50678,-0.00678,1.0,0.9844,0.0156,0.5,0.56154,-0.06154
8,6720,146966.6,HOLD_CLOSED,1.0,0.97569,0.02431,0.5,0.50678,-0.00678,1.0,0.99307,0.00693,0.5,0.56154,-0.06154
8,6721,146987.3,HOLD_CLOSED,1.0,0.97569,0.02431,0.5,0.50508,-0.00508,1.0,0.98267,0.01733,0.5,0.56154,-0.06154
8,6722,147007.3,HOLD_CLOSED,1.0,0.97743,0.02257,0.5,0.50847,-0.00847,1.0,0.98267,0.01733,0.5,0.56154,-0.06154
8,6723,147028.8,HOLD_CLOSED,1.0,0.97569,0.02431,0.5,0.50678,-0.00678,1.0,0.9844,0.0156,0.5,0.56346,-0.06346
8,6724,147049.2,HOLD_CLOSED,1.0,0.97569,0.02431,0.5,0.50508,-0.00508,1.0,0.9844,0.0156,0.5,0.56346,-0.06346
8,6725,147070.4,HOLD_CLOSED,1.0,0.98438,0.01562,0.5,0.50678,-0.00678,1.0,0.98267,0.01733,0.5,0.56154,-0.06154
8,6726,147091.8,HOLD_CLOSED,1.0,0.97569,0.02431,0.5,0.50678,-0.00678,1.0,0.9844,0.0156,0.5,0.56154,-0.06154
8,6727,147111.3,HOLD_CLOSED,1.0,0.98611,0.01389,0.5,0.50678,-0.00678,1.0,0.9844,0.0156,0.5,0.55962,-0.05962
8,6728,147132.5,HOLD_CLOSED,1.0,0.97396,0.02604,0.5,0.50678,-0.00678,1.0,0.9844,0.0156,0.5,0.55962,-0.05962
8,6729,147153.7,HOLD_CLOSED,1.0,0.97569,0.02431,0.5,0.50678,-0.00678,1.0,0.9896,0.0104,0.5,0.56154,-0.06154
8,6730,147174.4,HOLD_CLOSED,1.0,0.97569,0.02431,0.5,0.50678,-0.00678,1.0,0.98614,0.01386,0.5,0.55962,-0.05962
8,6731,147195.2,HOLD_CLOSED,1.0,0.97569,0.02431,0.5,0.50678,-0.00678,1.0,0.98267,0.01733,0.5,0.56154,-0.06154
8,6732,147215.8,HOLD_CLOSED,1.0,0.97917,0.02083,0.5,0.50678,-0.00678,1.0,0.98614,0.01386,0.5,0.56154,-0.06154
8,6733,147236.8,HOLD_CLOSED,1.0,0.98958,0.01042,0.5,0.50678,-0.00678,1.0,0.98614,0.01386,0.5,0.56346,-0.06346
8,6734,147258.3,HOLD_CLOSED,1.0,0.98264,0.01736,0.5,0.51017,-0.01017,1.0,0.98787,0.01213,0.5,0.56154,-0.06154
8,6735,147278.5,HOLD_CLOSED,1.0,0.98438,0.01562,0.5,0.50678,-0.00678,1.0,0.9896,0.0104,0.5,0.55962,-0.05962
8,6736,147299.2,HOLD_CLOSED,1.0,0.98611,0.01389,0.5,0.50508,-0.00508,1.0,1.0,0.0,0.5,0.56346,-0.06346
8,6737,147320.8,HOLD_CLOSED,1.0,0.98785,0.01215,0.5,0.50678,-0.00678,1.0,0.99133,0.00867,0.5,0.56154,-0.06154
8,6738,147341.7,HOLD_CLOSED,1.0,0.99479,0.00521,0.5,0.50508,-0.00508,1.0,0.9948,0.0052,0.5,0.56154,-0.06154
8,6739,147362.5,HOLD_CLOSED,1.0,0.99132,0.00868,0.5,0.50847,-0.00847,1.0,0.9948,0.0052,0.5,0.56154,-0.06154
8,6740,147382.6,HOLD_CLOSED,1.0,0.99306,0.00694,0.5,0.50508,-0.00508,1.0,0.9948,0.0052,0.5,0.56154,-0.06154
8,6741,147404.0,HOLD_CLOSED,1.0,0.99479,0.00521,0.5,0.50678,-0.00678,1.0,0.9948,0.0052,0.5,0.56154,-0.06154
8,6742,147424.7,HOLD_CLOSED,1.0,0.99653,0.00347,0.5,0.50508,-0.00508,1.0,0.99307,0.00693,0.5,0.56154,-0.06154
8,6743,147445.5,HOLD_CLOSED,1.0,0.99479,0.00521,0.5,0.50508,-0.00508,1.0,0.9948,0.0052,0.5,0.56154,-0.06154
8,6744,147465.7,HOLD_CLOSED,1.0,0.99306,0.00694,0.5,0.50508,-0.00508,1.0,0.99133,0.00867,0.5,0.56154,-0.06154
8,6745,147489.4,HOLD_CLOSED,1.0,0.99479,0.00521,0.5,0.50508,-0.00508,1.0,0.9948,0.0052,0.5,0.55962,-0.05962
8,6746,147508.1,HOLD_CLOSED,1.0,0.99479,0.00521,0.5,0.50678,-0.00678,1.0,0.99307,0.00693,0.5,0.56154,-0.06154
8,6747,147528.4,HOLD_CLOSED,1.0,0.99479,0.00521,0.5,0.50508,-0.00508,1.0,0.99307,0.00693,0.5,0.56538,-0.06538
8,6748,147549.3,HOLD_CLOSED,1.0,0.99479,0.00521,0.5,0.50508,-0.00508,1.0,0.99307,0.00693,0.5,0.56154,-0.06154
8,6749,147570.3,HOLD_CLOSED,1.0,0.99306,0.00694,0.5,0.50678,-0.00678,1.0,0.9948,0.0052,0.5,0.56154,-0.06154
8,6750,147591.1,HOLD_CLOSED,1.0,0.99479,0.00521,0.5,0.50678,-0.00678,1.0,0.99307,0.00693,0.5,0.56154,-0.06154
8,6751,147611.6,HOLD_CLOSED,1.0,0.99479,0.00521,0.5,0.50508,-0.00508,1.0,0.9948,0.0052,0.5,0.56154,-0.06154
8,6752,147632.8,HOLD_CLOSED,1.0,0.99306,0.00694,0.5,0.50508,-0.00508,1.0,0.99307,0.00693,0.5,0.56154,-0.06154
8,6753,147653.5,HOLD_CLOSED,1.0,0.99306,0.00694,0.5,0.50678,-0.00678,1.0,0.99307,0.00693,0.5,0.56154,-0.06154
8,6754,147674.5,HOLD_CLOSED,1.0,0.99479,0.00521,0.5,0.50678,-0.00678,1.0,0.99307,0.00693,0.5,0.56346,-0.06346
8,6755,147695.8,HOLD_CLOSED,1.0,0.99653,0.00347,0.5,0.50678,-0.00678,1.0,0.99307,0.00693,0.5,0.56154,-0.06154
8,6756,147715.8,HOLD_CLOSED,1.0,0.99479,0.00521,0.5,0.50678,-0.00678,1.0,0.99307,0.00693,0.5,0.56154,-0.06154
8,6757,147737.2,HOLD_CLOSED,1.0,0.99479,0.00521,0.5,0.50508,-0.00508,1.0,0.9948,0.0052,0.5,0.55962,-0.05962
8,6758,147758.3,HOLD_CLOSED,1.0,0.99306,0.00694,0.5,0.50678,-0.00678,1.0,0.99133,0.00867,0.5,0.56154,-0.06154
8,6759,147779.7,HOLD_CLOSED,1.0,0.99479,0.00521,0.5,0.50678,-0.00678,1.0,0.99307,0.00693,0.5,0.56154,-0.06154
8,6760,147799.8,HOLD_CLOSED,1.0,0.99479,0.00521,0.5,0.50678,-0.00678,1.0,0.99307,0.00693,0.5,0.56154,-0.06154
8,6761,147821.1,HOLD_CLOSED,1.0,0.99479,0.00521,0.5,0.50678,-0.00678,1.0,0.99133,0.00867,0.5,0.56154,-0.06154
8,6762,147842.0,HOLD_CLOSED,1.0,0.99306,0.00694,0.5,0.50508,-0.00508,1.0,0.9948,0.0052,0.5,0.56154,-0.06154
8,6763,147861.8,HOLD_CLOSED,1.0,0.99306,0.00694,0.5,0.50678,-0.00678,1.0,0.99307,0.00693,0.5,0.56154,-0.06154
8,6764,147883.3,HOLD_CLOSED,1.0,0.99479,0.00521,0.5,0.50678,-0.00678,1.0,0.99307,0.00693,0.5,0.56154,-0.06154
8,6765,147904.6,HOLD_CLOSED,1.0,0.99306,0.00694,0.5,0.50678,-0.00678,1.0,0.99307,0.00693,0.5,0.56154,-0.06154
8,6766,147925.8,HOLD_CLOSED,1.0,0.99306,0.00694,0.5,0.50678,-0.00678,1.0,0.99307,0.00693,0.5,0.56154,-0.06154
8,6767,147945.0,HOLD_CLOSED,1.0,0.99479,0.00521,0.5,0.50847,-0.00847,1.0,0.99307,0.00693,0.5,0.56154,-0.06154
8,6768,147966.1,HOLD_CLOSED,1.0,0.99653,0.00347,0.5,0.50678,-0.00678,1.0,0.99307,0.00693,0.5,0.56538,-0.06538
8,6769,147986.5,HOLD_CLOSED,1.0,0.99479,0.00521,0.5,0.50508,-0.00508,1.0,0.99307,0.00693,0.5,0.56154,-0.06154
8,6770,148009.3,OPEN,0.995,0.99479,0.00021,0.495,0.50678,-0.01178,0.995,0.9948,0.0002,0.495,0.56154,-0.06654
8,6771,148030.6,OPEN,0.99,0.99306,-0.00306,0.49,0.50508,-0.01508,0.99,0.9948,-0.0048,0.49,0.56346,-0.07346
8,6772,148051.2,OPEN,0.985,0.99479,-0.00979,0.485,0.50678,-0.02178,0.985,0.99133,-0.00633,0.485,0.56154,-0.07654
8,6773,148072.2,OPEN,0.98,0.99306,-0.01306,0.48,0.50678,-0.02678,0.98,0.99133,-0.01133,0.48,0.56154,-0.08154
8,6774,148092.6,OPEN,0.975,0.99479,-0.01979,0.475,0.50678,-0.03178,0.975,0.99133,-0.01633,0.475,0.56154,-0.08654
8,6775,148114.1,OPEN,0.97,0.99479,-0.02479,0.47,0.50508,-0.03508,0.97,0.99133,-0.02133,0.47,0.56154,-0.09154
8,6776,148134.6,OPEN,0.965,0.99479,-0.02979,0.465,0.50678,-0.04178,0.965,0.99307,-0.02807,0.465,0.56154,-0.09654
8,6777,148156.0,OPEN,0.96,0.99479,-0.03479,0.46,0.50847,-0.04847,0.96,0.99133,-0.03133,0.46,0.56154,-0.10154
8,6778,148176.3,OPEN,0.955,0.99306,-0.03806,0.455,0.50678,-0.05178,0.955,0.9948,-0.0398,0.455,0.56154,-0.10654
8,6779,148198.4,OPEN,0.95,0.99479,-0.04479,0.45,0.50169,-0.05169,0.95,0.99307,-0.04307,0.45,0.56154,-0.11154
8,6780,148219.0,OPEN,0.945,0.99479,-0.04979,0.445,0.50339,-0.05839,0.945,0.99307,-0.04807,0.445,0.56154,-0.11654
8,6781,148239.4,OPEN,0.94,0.99653,-0.05653,0.44,0.49492,-0.05492,0.94,0.99307,-0.05307,0.44,0.57115,-0.13115
8,6782,148259.9,OPEN,0.935,0.99306,-0.05806,0.435,0.48983,-0.05483,0.935,0.99307,-0.05807,0.435,0.56154,-0.12654
8,6783,148280.4,OPEN,0.93,0.99653,-0.06653,0.43,0.47966,-0.04966,0.93,0.99133,-0.06133,0.43,0.56923,-0.13923
8,6784,148303.1,OPEN,0.925,0.99132,-0.06632,0.425,0.47288,-0.04788,0.925,0.9948,-0.0698,0.425,0.55577,-0.13077
8,6785,148323.3,OPEN,0.92,0.98958,-0.06958,0.42,0.4661,-0.0461,0.92,0.99133,-0.07133,0.42,0.55,-0.13
8,6786,148344.0,OPEN,0.915,0.98438,-0.06938,0.415,0.46271,-0.04771,0.915,0.9844,-0.0694,0.415,0.53846,-0.12346
8,6787,148363.8,OPEN,0.91,0.97917,-0.06917,0.41,0.45254,-0.04254,0.91,0.9792,-0.0692,0.41,0.525,-0.115
8,6788,148384.9,OPEN,0.905,0.97396,-0.06896,0.405,0.44576,-0.04076,0.905,0.97227,-0.06727,0.405,0.51538,-0.11038
8,6789,148405.4,OPEN,0.9,0.97049,-0.07049,0.4,0.43729,-0.03729,0.9,0.97227,-0.07227,0.4,0.50385,-0.10385
8,6790,148426.0,OPEN,0.895,0.96354,-0.06854,0.395,0.43051,-0.03551,0.895,0.96707,-0.07207,0.395,0.49423,-0.09923
8,6791,148446.7,OPEN,0.89,0.95833,-0.06833,0.39,0.42373,-0.03373,0.89,0.96014,-0.07014,0.39,0.48462,-0.09462
8,6792,148467.7,OPEN,0.885,0.94792,-0.06292,0.385,0.42203,-0.03703,0.885,0.95494,-0.06994,0.385,0.47308,-0.08808
8,6793,148488.7,OPEN,0.88,0.94792,-0.06792,0.38,0.42542,-0.04542,0.88,0.95321,-0.07321,0.38,0.46154,-0.08154
8,6794,148509.9,OPEN,0.875,0.93924,-0.06424,0.375,0.41525,-0.04025,0.875,0.94107,-0.06607,0.375,0.45385,-0.07885
8,6795,148530.7,OPEN,0.87,0.92535,-0.05535,0.37,0.41356,-0.04356,0.87,0.93068,-0.06068,0.37,0.44423,-0.07423
8,6796,148551.3,OPEN,0.865,0.92361,-0.05861,0.365,0.41186,-0.04686,0.865,0.92548,-0.06048,0.365,0.43654,-0.07154
8,6797,148572.4,OPEN,0.86,0.9184,-0.0584,0.36,0.41017,-0.05017,0.86,0.92374,-0.06374,0.36,0.43077,-0.07077
8,6798,148593.0,OPEN,0.855,0.90972,-0.05472,0.355,0.40339,-0.04839,0.855,0.91508,-0.06008,0.355,0.425,-0.07
8,6799,148614.4,OPEN,0.85,0.90278,-0.05278,0.35,0.40339,-0.05339,0.85,0.90815,-0.05815,0.35,0.42115,-0.07115
8,6800,148634.8,OPEN,0.845,0.89757,-0.05257,0.345,0.39831,-0.05331,0.845,0.89601,-0.05101,0.345,0.41923,-0.07423
8,6801,148656.1,OPEN,0.84,0.8941,-0.0541,0.34,0.39492,-0.05492,0.84,0.88562,-0.04562,0.34,0.41731,-0.07731
8,6802,148677.2,OPEN,0.835,0.88889,-0.05389,0.335,0.39153,-0.05653,0.835,0.87868,-0.04368,0.335,0.41538,-0.08038
8,6803,148697.7,OPEN,0.83,0.88368,-0.05368,0.33,0.38814,-0.05814,0.83,0.87522,-0.04522,0.33,0.41346,-0.08346
8,6804,148718.8,OPEN,0.825,0.88194,-0.05694,0.325,0.38814,-0.06314,0.825,0.86828,-0.04328,0.325,0.40577,-0.08077
8,6805,148739.8,OPEN,0.82,0.87674,-0.05674,0.32,0.37797,-0.05797,0.82,0.86482,-0.04482,0.32,0.40962,-0.08962
8,6806,148760.4,OPEN,0.815,0.87326,-0.05826,0.315,0.37119,-0.05619,0.815,0.85962,-0.04462,0.315,0.40577,-0.09077
8,6807,148781.3,OPEN,0.81,0.87326,-0.06326,0.31,0.36441,-0.05441,0.81,0.85789,-0.04789,0.31,0.40577,-0.09577
8,6808,148802.2,OPEN,0.805,0.86632,-0.06132,0.305,0.35593,-0.05093,0.805,0.85269,-0.04769,0.305,0.39808,-0.09308
8,6809,148823.9,OPEN,0.8,0.86632,-0.06632,0.3,0.35254,-0.05254,0.8,0.85095,-0.05095,0.3,0.39231,-0.09231
8,6810,148843.3,OPEN,0.795,0.86111,-0.06611,0.295,0.34407,-0.04907,0.795,0.85095,-0.05595,0.295,0.38654,-0.09154
8,6811,148863.9,OPEN,0.79,0.86806,-0.07806,0.29,0.34068,-0.05068,0.79,0.84922,-0.05922,0.29,0.38077,-0.09077
8,6812,148884.9,OPEN,0.785,0.8559,-0.0709,0.285,0.3322,-0.0472,0.785,0.85789,-0.07289,0.285,0.375,-0.09
8,6813,148905.8,OPEN,0.78,0.8559,-0.0759,0.28,0.3339,-0.0539,0.78,0.84575,-0.06575,0.28,0.37308,-0.09308
8,6814,148925.8,OPEN,0.775,0.85243,-0.07743,0.275,0.32203,-0.04703,0.775,0.84922,-0.07422,0.275,0.36538,-0.09038
8,6815,148946.9,OPEN,0.77,0.85069,-0.08069,0.27,0.32373,-0.05373,0.77,0.83709,-0.06709,0.27,0.35769,-0.08769
8,6816,148968.1,OPEN,0.765,0.83854,-0.07354,0.265,0.31356,-0.04856,0.765,0.83362,-0.06862,0.265,0.35192,-0.08692
8,6817,148989.0,OPEN,0.76,0.8316,-0.0716,0.26,0.30847,-0.04847,0.76,0.83536,-0.07536,0.26,0.34615,-0.08615
8,6818,149009.5,OPEN,0.755,0.82465,-0.06965,0.255,0.30339,-0.04839,0.755,0.82669,-0.07169,0.255,0.33654,-0.08154
8,6819,149030.9,OPEN,0.75,0.81597,-0.06597,0.25,0.29831,-0.04831,0.75,0.81629,-0.06629,0.25,0.33077,-0.08077
8,6820,149052.0,OPEN,0.745,0.80903,-0.06403,0.245,0.29153,-0.04653,0.745,0.81456,-0.06956,0.245,0.32308,-0.07808
8,6821,149072.6,OPEN,0.74,0.80208,-0.06208,0.24,0.28814,-0.04814,0.74,0.80589,-0.06589,0.24,0.32115,-0.08115
8,6822,149092.6,OPEN,0.735,0.79514,-0.06014,0.235,0.28305,-0.04805,0.735,0.80069,-0.06569,0.235,0.31154,-0.07654
8,6823,149114.3,OPEN,0.73,0.78819,-0.05819,0.23,0.27966,-0.04966,0.73,0.79896,-0.06896,0.23,0.30192,-0.07192
8,6824,149134.7,OPEN,0.725,0.78299,-0.05799,0.225,0.27458,-0.04958,0.725,0.79029,-0.06529,0.225,0.3,-0.075
8,6825,149157.2,OPEN,0.72,0.77604,-0.05604,0.22,0.27119,-0.05119,0.72,0.7799,-0.0599,0.22,0.29423,-0.07423
8,6826,149177.7,OPEN,0.715,0.77083,-0.05583,0.215,0.26441,-0.04941,0.715,0.7747,-0.0597,0.215,0.28462,-0.06962
8,6827,149198.3,OPEN,0.71,0.76389,-0.05389,0.21,0.25424,-0.04424,0.71,0.7643,-0.0543,0.21,0.27692,-0.06692
8,6828,149219.0,OPEN,0.705,0.76215,-0.05715,0.205,0.24915,-0.04415,0.705,0.75737,-0.05237,0.205,0.27115,-0.06615
8,6829,149239.8,OPEN,0.7,0.75521,-0.05521,0.2,0.24237,-0.04237,0.7,0.75217,-0.05217,0.2,0.26538,-0.06538
8,6830,149261.2,OPEN,0.695,0.75174,-0.05674,0.195,0.23559,-0.04059,0.695,0.7487,-0.0537,0.195,0.26154,-0.06654
8,6831,149281.9,OPEN,0.69,0.74479,-0.05479,0.19,0.2322,-0.0422,0.69,0.74003,-0.05003,0.19,0.25962,-0.06962
8,6832,149301.8,OPEN,0.685,0.74479,-0.05979,0.185,0.2322,-0.0472,0.685,0.73484,-0.04984,0.185,0.25192,-0.06692
8,6833,149322.5,OPEN,0.68,0.73785,-0.05785,0.18,0.22373,-0.04373,0.68,0.72964,-0.04964,0.18,0.24615,-0.06615
8,6834,149342.8,OPEN,0.675,0.73438,-0.05938,0.175,0.21864,-0.04364,0.675,0.72617,-0.05117,0.175,0.24038,-0.06538
8,6835,149363.8,OPEN,0.67,0.73264,-0.06264,0.17,0.21525,-0.04525,0.67,0.72444,-0.05444,0.17,0.23077,-0.06077
8,6836,149384.8,OPEN,0.665,0.72569,-0.06069,0.165,0.22034,-0.05534,0.665,0.71924,-0.05424,0.165,0.23654,-0.07154
8,6837,149405.5,OPEN,0.66,0.72049,-0.06049,0.16,0.21695,-0.05695,0.66,0.71924,-0.05924,0.16,0.21731,-0.05731
8,6838,149426.9,OPEN,0.655,0.71528,-0.06028,0.155,0.21017,-0.05517,0.655,0.71057,-0.05557,0.155,0.21538,-0.06038
8,6839,149447.0,OPEN,0.65,0.71354,-0.06354,0.15,0.20169,-0.05169,0.65,0.70711,-0.05711,0.15,0.20769,-0.05769
8,6840,149467.9,OPEN,0.645,0.71354,-0.06854,0.145,0.19831,-0.05331,0.645,0.70364,-0.05864,0.145,0.20192,-0.05692
8,6841,149488.5,OPEN,0.64,0.70833,-0.06833,0.14,0.19492,-0.05492,0.64,0.69844,-0.05844,0.14,0.19808,-0.05808
8,6842,149509.5,OPEN,0.635,0.69792,-0.06292,0.135,0.18983,-0.05483,0.635,0.69497,-0.05997,0.135,0.19423,-0.05923
8,6843,149530.9,OPEN,0.63,0.69444,-0.06444,0.13,0.18475,-0.05475,0.63,0.68804,-0.05804,0.13,0.19038,-0.06038
8,6844,149552.4,OPEN,0.625,0.68576,-0.06076,0.125,0.18983,-0.06483,0.625,0.68284,-0.05784,0.125,0.18846,-0.06346
8,6845,149572.4,OPEN,0.62,0.68229,-0.06229,0.12,0.17458,-0.05458,0.62,0.67764,-0.05764,0.12,0.18462,-0.06462
8,6846,149593.1,OPEN,0.615,0.67708,-0.06208,0.115,0.16949,-0.05449,0.615,0.67418,-0.05918,0.115,0.17885,-0.06385
8,6847,149615.6,OPEN,0.61,0.67014,-0.06014,0.11,0.16441,-0.05441,0.61,0.66898,-0.05898,0.11,0.17885,-0.06885
8,6848,149635.4,OPEN,0.605,0.66493,-0.05993,0.105,0.16102,-0.05602,0.605,0.66205,-0.05705,0.105,0.16923,-0.06423
8,6849,149657.0,OPEN,0.6,0.65799,-0.05799,0.1,0.15424,-0.05424,0.6,0.65685,-0.05685,0.1,0.16731,-0.06731
8,6850,149677.9,OPEN,0.595,0.65972,-0.06472,0.095,0.15254,-0.05754,0.595,0.64818,-0.05318,0.095,0.15769,-0.06269
8,6851,149698.4,OPEN,0.59,0.64757,-0.05757,0.09,0.14407,-0.05407,0.59,0.64645,-0.05645,0.09,0.15769,-0.06769
8,6852,149718.1,OPEN,0.585,0.64062,-0.05563,0.085,0.13898,-0.05398,0.585,0.64125,-0.05625,0.085,0.14615,-0.06115
8,6853,149740.4,OPEN,0.58,0.63715,-0.05715,0.08,0.13729,-0.05729,0.58,0.63605,-0.05605,0.08,0.14038,-0.06038
8,6854,149760.5,OPEN,0.575,0.63194,-0.05694,0.075,0.12712,-0.05212,0.575,0.63085,-0.05585,0.075,0.13462,-0.05962
8,6855,149778.1,OPEN,0.57,0.62847,-0.05847,0.07,0.12373,-0.05373,0.57,0.62565,-0.05565,0.07,0.12885,-0.05885
8,6856,149798.7,OPEN,0.565,0.62326,-0.05826,0.065,0.11695,-0.05195,0.565,0.61698,-0.05198,0.065,0.12308,-0.05808
8,6857,149820.2,OPEN,0.56,0.61632,-0.05632,0.06,0.11017,-0.05017,0.56,0.61352,-0.05352,0.06,0.11923,-0.05923
8,6858,149841.2,OPEN,0.555,0.61458,-0.05958,0.055,0.10508,-0.05008,0.555,0.60659,-0.05159,0.055,0.10962,-0.05462
8,6859,149862.0,OPEN,0.55,0.60938,-0.05938,0.05,0.09831,-0.04831,0.55,0.60312,-0.05312,0.05,0.10192,-0.05192
8,6860,149882.5,OPEN,0.545,0.60417,-0.05917,0.045,0.09322,-0.04822,0.545,0.59965,-0.05465,0.045,0.09423,-0.04923
8,6861,149905.1,OPEN,0.54,0.59896,-0.05896,0.04,0.08814,-0.04814,0.54,0.59445,-0.05445,0.04,0.08654,-0.04654
8,6862,149926.1,OPEN,0.535,0.59549,-0.06049,0.035,0.08475,-0.04975,0.535,0.59272,-0.05772,0.035,0.08077,-0.04577
8,6863,149946.6,OPEN,0.53,0.59028,-0.06028,0.03,0.07797,-0.04797,0.53,0.58406,-0.05406,0.03,0.07308,-0.04308
8,6864,149967.4,OPEN,0.525,0.58681,-0.06181,0.025,0.07288,-0.04788,0.525,0.58579,-0.06079,0.025,0.06731,-0.04231
8,6865,149988.8,OPEN,0.52,0.57986,-0.05986,0.02,0.07119,-0.05119,0.52,0.57712,-0.05712,0.02,0.06154,-0.04154
8,6866,150009.8,OPEN,0.515,0.57639,-0.06139,0.015,0.06949,-0.05449,0.515,0.57019,-0.05519,0.015,0.05577,-0.04077
8,6867,150029.6,OPEN,0.51,0.56944,-0.05944,0.01,0.0661,-0.0561,0.51,0.56672,-0.05672,0.01,0.05192,-0.04192
8,6868,150050.7,OPEN,0.505,0.56424,-0.05924,0.005,0.05763,-0.05263,0.505,0.56153,-0.05653,0.005,0.04808,-0.04308
8,6869,150071.9,OPEN,0.5,0.56076,-0.06076,0.0,0.04746,-0.04746,0.5,0.56326,-0.06326,0.0,0.04231,-0.04231
8,6870,150092.6,OPEN,0.495,0.56076,-0.06576,0.0,0.04407,-0.04407,0.495,0.55633,-0.06133,0.0,0.03654,-0.03654
8,6871,150113.7,OPEN,0.49,0.55556,-0.06556,0.0,0.04237,-0.04237,0.49,0.54593,-0.05593,0.0,0.03077,-0.03077
8,6872,150135.7,OPEN,0.485,0.5434,-0.0584,0.0,0.0322,-0.0322,0.485,0.54593,-0.06093,0.0,0.02885,-0.02885
8,6873,150156.4,OPEN,0.48,0.53993,-0.05993,0.0,0.02881,-0.02881,0.48,0.53553,-0.05553,0.0,0.025,-0.025
8,6874,150176.1,OPEN,0.475,0.53993,-0.06493,0.0,0.02373,-0.02373,0.475,0.5338,-0.0588,0.0,0.01538,-0.01538
8,6875,150197.5,OPEN,0.47,0.52951,-0.05951,0.0,0.01695,-0.01695,0.47,0.52513,-0.05513,0.0,0.01154,-0.01154
8,6876,150218.7,OPEN,0.465,0.51736,-0.05236,0.0,0.01356,-0.01356,0.465,0.5234,-0.0584,0.0,0.01154,-0.01154
8,6877,150240.0,OPEN,0.46,0.51389,-0.05389,0.0,0.01017,-0.01017,0.46,0.513,-0.053,0.0,0.00192,-0.00192
8,6878,150259.1,OPEN,0.455,0.50694,-0.05194,0.0,0.00678,-0.00678,0.455,0.50433,-0.04933,0.0,0.0,0.0
8,6879,150280.2,OPEN,0.45,0.49653,-0.04653,0.0,0.00678,-0.00678,0.45,0.49567,-0.04567,0.0,0.0,0.0
8,6880,150301.3,OPEN,0.445,0.48958,-0.04458,0.0,0.00508,-0.00508,0.445,0.487,-0.042,0.0,0.0,0.0
8,6881,150322.0,OPEN,0.44,0.48611,-0.04611,0.0,0.00508,-0.00508,0.44,0.4818,-0.0418,0.0,0.0,0.0
8,6882,150343.1,OPEN,0.435,0.49306,-0.05806,0.0,0.00508,-0.00508,0.435,0.47834,-0.04334,0.0,0.0,0.0
8,6883,150365.0,OPEN,0.43,0.48264,-0.05264,0.0,0.00508,-0.00508,0.43,0.4766,-0.0466,0.0,0.0,0.0
8,6884,150385.3,OPEN,0.425,0.48264,-0.05764,0.0,0.00847,-0.00847,0.425,0.47314,-0.04814,0.0,0.0,0.0
8,6885,150406.0,OPEN,0.42,0.4809,-0.0609,0.0,0.00508,-0.00508,0.42,0.46967,-0.04967,0.0,0.0,0.0
8,6886,150426.8,OPEN,0.415,0.47917,-0.06417,0.0,0.00508,-0.00508,0.415,0.46274,-0.04774,0.0,0.0,0.0
8,6887,150447.3,OPEN,0.41,0.47569,-0.06569,0.0,0.00508,-0.00508,0.41,0.46794,-0.05794,0.0,0.0,0.0
8,6888,150468.6,OPEN,0.405,0.47222,-0.06722,0.0,0.00508,-0.00508,0.405,0.46447,-0.05947,0.0,0.0,0.0
8,6889,150489.0,OPEN,0.4,0.46701,-0.06701,0.0,0.00508,-0.00508,0.4,0.45581,-0.05581,0.0,0.0,0.0
8,6890,150509.7,OPEN,0.395,0.46354,-0.06854,0.0,0.00508,-0.00508,0.395,0.45061,-0.05561,0.0,0.0,0.0
8,6891,150530.3,OPEN,0.39,0.4566,-0.0666,0.0,0.00508,-0.00508,0.39,0.44714,-0.05714,0.0,0.0,0.0
8,6892,150552.6,OPEN,0.385,0.45312,-0.06813,0.0,0.00508,-0.00508,0.385,0.44194,-0.05694,0.0,0.0,0.0
8,6893,150573.6,OPEN,0.38,0.44271,-0.06271,0.0,0.00508,-0.00508,0.38,0.44021,-0.06021,0.0,0.0,0.0
8,6894,150593.1,OPEN,0.375,0.43924,-0.06424,0.0,0.00508,-0.00508,0.375,0.42981,-0.05481,0.0,0.0,0.0
8,6895,150615.1,OPEN,0.37,0.43056,-0.06056,0.0,0.00508,-0.00508,0.37,0.42634,-0.05634,0.0,0.0,0.0
8,6896,150635.4,OPEN,0.365,0.42361,-0.05861,0.0,0.00508,-0.00508,0.365,0.41768,-0.05268,0.0,0.0,0.0
8,6897,150656.2,OPEN,0.36,0.42188,-0.06188,0.0,0.00508,-0.00508,0.36,0.41248,-0.05248,0.0,0.0,0.0
8,6898,150676.6,OPEN,0.355,0.41146,-0.05646,0.0,0.00678,-0.00678,0.355,0.40728,-0.05228,0.0,0.0,0.0
8,6899,150698.2,OPEN,0.35,0.40625,-0.05625,0.0,0.00508,-0.00508,0.35,0.40208,-0.05208,0.0,0.0,0.0
8,6900,150718.3,OPEN,0.345,0.39931,-0.05431,0.0,0.00508,-0.00508,0.345,0.39861,-0.05361,0.0,0.0,0.0
8,6901,150739.5,OPEN,0.34,0.3941,-0.0541,0.0,0.00508,-0.00508,0.34,0.38821,-0.04821,0.0,0.0,0.0
8,6902,150759.9,OPEN,0.335,0.38715,-0.05215,0.0,0.00508,-0.00508,0.335,0.38302,-0.04802,0.0,0.0,0.0
8,6903,150780.2,OPEN,0.33,0.38194,-0.05194,0.0,0.00847,-0.00847,0.33,0.37782,-0.04782,0.0,0.0,0.0
8,6904,150801.3,OPEN,0.325,0.37847,-0.05347,0.0,0.00508,-0.00508,0.325,0.37435,-0.04935,0.0,0.0,0.0
8,6905,150821.7,OPEN,0.32,0.37326,-0.05326,0.0,0.00508,-0.00508,0.32,0.36742,-0.04742,0.0,0.0,0.0
8,6906,150843.2,OPEN,0.315,0.36632,-0.05132,0.0,0.00508,-0.00508,0.315,0.36395,-0.04895,0.0,0.0,0.0
8,6907,150863.3,OPEN,0.31,0.36285,-0.05285,0.0,0.00508,-0.00508,0.31,0.36049,-0.05049,0.0,0.0,0.0
8,6908,150884.8,OPEN,0.305,0.35764,-0.05264,0.0,0.00508,-0.00508,0.305,0.35355,-0.04855,0.0,0.0,0.0
8,6909,150905.5,OPEN,0.3,0.35764,-0.05764,0.0,0.00508,-0.00508,0.3,0.35009,-0.05009,0.0,0.0,0.0
8,6910,150927.6,OPEN,0.295,0.35243,-0.05743,0.0,0.00508,-0.00508,0.295,0.34835,-0.05335,0.0,0.0,0.0
8,6911,150948.3,OPEN,0.29,0.34549,-0.05549,0.0,0.00508,-0.00508,0.29,0.34142,-0.05142,0.0,0.0,0.0
8,6912,150968.8,OPEN,0.285,0.34028,-0.05528,0.0,0.00508,-0.00508,0.285,0.33795,-0.05295,0.0,0.0,0.0
8,6913,150988.8,OPEN,0.28,0.33333,-0.05333,0.0,0.00508,-0.00508,0.28,0.33102,-0.05102,0.0,0.0,0.0
8,6914,151010.3,OPEN,0.275,0.32812,-0.05313,0.0,0.00508,-0.00508,0.275,0.32582,-0.05082,0.0,0.0,0.0
8,6915,151032.2,OPEN,0.27,0.32465,-0.05465,0.0,0.00508,-0.00508,0.27,0.32582,-0.05582,0.0,0.0,0.0
8,6916,151051.7,OPEN,0.265,0.31771,-0.05271,0.0,0.00508,-0.00508,0.265,0.31542,-0.05042,0.0,0.0,0.0
8,6917,151074.6,OPEN,0.26,0.31076,-0.05076,0.0,0.00508,-0.00508,0.26,0.31023,-0.05023,0.0,0.0,0.0
8,6918,151094.5,OPEN,0.255,0.30729,-0.05229,0.0,0.00508,-0.00508,0.255,0.30503,-0.05003,0.0,0.0,0.0
8,6919,151115.2,OPEN,0.25,0.30208,-0.05208,0.0,0.00508,-0.00508,0.25,0.29983,-0.04983,0.0,0.0,0.0
8,6920,151136.7,OPEN,0.245,0.29688,-0.05188,0.0,0.00508,-0.00508,0.245,0.29983,-0.05483,0.0,0.0,0.0
8,6921,151155.7,OPEN,0.24,0.2934,-0.0534,0.0,0.00508,-0.00508,0.24,0.29636,-0.05636,0.0,0.0,0.0
8,6922,151177.2,OPEN,0.235,0.28646,-0.05146,0.0,0.00508,-0.00508,0.235,0.28769,-0.05269,0.0,0.0,0.0
8,6923,151197.7,OPEN,0.23,0.28125,-0.05125,0.0,0.00847,-0.00847,0.23,0.2773,-0.0473,0.0,0.0,0.0
8,6924,151218.5,OPEN,0.225,0.27604,-0.05104,0.0,0.00508,-0.00508,0.225,0.27903,-0.05403,0.0,0.0,0.0
8,6925,151239.2,OPEN,0.22,0.27083,-0.05083,0.0,0.00508,-0.00508,0.22,0.27383,-0.05383,0.0,0.0,0.0
8,6926,151259.6,OPEN,0.215,0.26736,-0.05236,0.0,0.00508,-0.00508,0.215,0.26516,-0.05016,0.0,0.0,0.0
8,6927,151280.7,OPEN,0.21,0.26215,-0.05215,0.0,0.00339,-0.00339,0.21,0.25997,-0.04997,0.0,0.0,0.0
8,6928,151301.9,OPEN,0.205,0.26215,-0.05715,0.0,0.00508,-0.00508,0.205,0.24957,-0.04457,0.0,0.0,0.0
8,6929,151322.5,OPEN,0.2,0.25347,-0.05347,0.0,0.00508,-0.00508,0.2,0.24957,-0.04957,0.0,0.0,0.0
8,6930,151343.1,OPEN,0.195,0.24826,-0.05326,0.0,0.00508,-0.00508,0.195,0.2461,-0.0511,0.0,0.0,0.0
8,6931,151364.2,OPEN,0.19,0.24479,-0.05479,0.0,0.00508,-0.00508,0.19,0.23917,-0.04917,0.0,0.0,0.0
8,6932,151385.0,OPEN,0.185,0.23958,-0.05458,0.0,0.00508,-0.00508,0.185,0.23397,-0.04897,0.0,0.0,0.0
8,6933,151405.6,OPEN,0.18,0.23438,-0.05438,0.0,0.00508,-0.00508,0.18,0.22877,-0.04877,0.0,0.0,0.0
8,6934,151426.4,OPEN,0.175,0.22917,-0.05417,0.0,0.00508,-0.00508,0.175,0.22357,-0.04857,0.0,0.0,0.0
8,6935,151447.6,OPEN,0.17,0.22743,-0.05743,0.0,0.00508,-0.00508,0.17,0.2201,-0.0501,0.0,0.0,0.0
8,6936,151468.1,OPEN,0.165,0.22396,-0.05896,0.0,0.00508,-0.00508,0.165,0.2149,-0.0499,0.0,0.0,0.0
8,6937,151488.7,OPEN,0.16,0.21528,-0.05528,0.0,0.00508,-0.00508,0.16,0.20797,-0.04797,0.0,0.0,0.0
8,6938,151510.5,OPEN,0.155,0.21354,-0.05854,0.0,0.00508,-0.00508,0.155,0.20451,-0.04951,0.0,0.0,0.0
8,6939,151531.9,OPEN,0.15,0.20833,-0.05833,0.0,0.00508,-0.00508,0.15,0.19757,-0.04757,0.0,0.0,0.0
8,6940,151553.1,OPEN,0.145,0.19792,-0.05292,0.0,0.00508,-0.00508,0.145,0.19064,-0.04564,0.0,0.0,0.0
8,6941,151572.8,OPEN,0.14,0.19271,-0.05271,0.0,0.00508,-0.00508,0.14,0.18544,-0.04544,0.0,0.0,0.0
8,6942,151594.1,OPEN,0.135,0.18403,-0.04903,0.0,0.00508,-0.00508,0.135,0.18198,-0.04698,0.0,0.0,0.0
8,6943,151614.3,OPEN,0.13,0.17882,-0.04882,0.0,0.00508,-0.00508,0.13,0.17504,-0.04504,0.0,0.0,0.0
8,6944,151636.0,OPEN,0.125,0.17188,-0.04688,0.0,0.00508,-0.00508,0.125,0.16811,-0.04311,0.0,0.0,0.0
8,6945,151656.7,OPEN,0.12,0.16667,-0.04667,0.0,0.00508,-0.00508,0.12,0.16291,-0.04291,0.0,0.0,0.0
8,6946,151676.1,OPEN,0.115,0.16146,-0.04646,0.0,0.00508,-0.00508,0.115,0.15945,-0.04445,0.0,0.0,0.0
8,6947,151697.4,OPEN,0.11,0.15625,-0.04625,0.0,0.00508,-0.00508,0.11,0.15425,-0.04425,0.0,0.0,0.0
8,6948,151718.7,OPEN,0.105,0.15104,-0.04604,0.0,0.00508,-0.00508,0.105,0.15771,-0.05271,0.0,0.0,0.0
8,6949,151738.9,OPEN,0.1,0.14757,-0.04757,0.0,0.00508,-0.00508,0.1,0.14905,-0.04905,0.0,0.0,0.0
8,6950,151759.8,OPEN,0.095,0.14757,-0.05257,0.0,0.00508,-0.00508,0.095,0.14731,-0.05231,0.0,0.0,0.0
8,6951,151780.5,OPEN,0.09,0.14583,-0.05583,0.0,0.00508,-0.00508,0.09,0.13865,-0.04865,0.0,0.0,0.0
8,6952,151801.6,OPEN,0.085,0.13715,-0.05215,0.0,0.00339,-0.00339,0.085,0.13172,-0.04672,0.0,0.0,0.0
8,6953,151822.0,OPEN,0.08,0.13194,-0.05194,0.0,0.00847,-0.00847,0.08,0.12825,-0.04825,0.0,0.0,0.0
8,6954,151843.6,OPEN,0.075,0.12674,-0.05174,0.0,0.00508,-0.00508,0.075,0.12305,-0.04805,0.0,0.0,0.0
8,6955,151864.1,OPEN,0.07,0.12326,-0.05326,0.0,0.00508,-0.00508,0.07,0.11785,-0.04785,0.0,0.0,0.0
8,6956,151884.3,OPEN,0.065,0.11806,-0.05306,0.0,0.00847,-0.00847,0.065,0.11265,-0.04765,0.0,0.0,0.0
8,6957,151905.8,OPEN,0.06,0.11285,-0.05285,0.0,0.00508,-0.00508,0.06,0.10919,-0.04919,0.0,0.0,0.0
8,6958,151926.4,OPEN,0.055,0.11285,-0.05785,0.0,0.00339,-0.00339,0.055,0.10225,-0.04725,0.0,0.0,0.0
8,6959,151947.0,OPEN,0.05,0.10243,-0.05243,0.0,0.00508,-0.00508,0.05,0.09705,-0.04705,0.0,0.0,0.0
8,6960,151968.0,OPEN,0.045,0.09549,-0.05049,0.0,0.00508,-0.00508,0.045,0.08839,-0.04339,0.0,0.0,0.0
8,6961,151989.3,OPEN,0.04,0.09549,-0.05549,0.0,0.00508,-0.00508,0.04,0.08319,-0.04319,0.0,0.0,0.0
8,6962,152011.1,OPEN,0.035,0.08681,-0.05181,0.0,0.00508,-0.00508,0.035,0.07799,-0.04299,0.0,0.0,0.0
8,6963,152032.1,OPEN,0.03,0.07986,-0.04986,0.0,0.00508,-0.00508,0.03,0.07279,-0.04279,0.0,0.0,0.0
8,6964,152052.6,OPEN,0.025,0.07465,-0.04965,0.0,0.00508,-0.00508,0.025,0.06759,-0.04259,0.0,0.0,0.0
8,6965,152072.7,OPEN,0.02,0.07292,-0.05292,0.0,0.00508,-0.00508,0.02,0.06239,-0.04239,0.0,0.0,0.0
8,6966,152094.5,OPEN,0.015,0.0625,-0.0475,0.0,0.00508,-0.00508,0.015,0.05719,-0.04219,0.0,0.0,0.0
8,6967,152114.9,OPEN,0.01,0.05729,-0.04729,0.0,0.00508,-0.00508,0.01,0.05546,-0.04546,0.0,0.0,0.0
8,6968,152135.0,OPEN,0.005,0.05208,-0.04708,0.0,0.00847,-0.00847,0.005,0.04679,-0.04179,0.0,0.0,0.0
8,6969,152155.8,OPEN,0.0,0.04688,-0.04688,0.0,0.00508,-0.00508,0.0,0.04853,-0.04853,0.0,0.0,0.0
8,6970,152163.5,HOLD_OPEN,0.0,0.04514,-0.04514,0.0,0.00508,-0.00508,0.0,0.04159,-0.04159,0.0,0.0,0.0
8,6971,152184.4,HOLD_OPEN,0.0,0.04688,-0.04688,0.0,0.00508,-0.00508,0.0,0.04159,-0.04159,0.0,0.0,0.0
8,6972,152205.0,HOLD_OPEN,0.0,0.03472,-0.03472,0.0,0.00678,-0.00678,0.0,0.03293,-0.03293,0.0,0.0,0.0
8,6973,152226.2,HOLD_OPEN,0.0,0.03125,-0.03125,0.0,0.00508,-0.00508,0.0,0.02946,-0.02946,0.0,0.0,0.0
8,6974,152247.3,HOLD_OPEN,0.0,0.03299,-0.03299,0.0,0.00508,-0.00508,0.0,0.02426,-0.02426,0.0,0.0,0.0
8,6975,152269.1,HOLD_OPEN,0.0,0.02257,-0.02257,0.0,0.00508,-0.00508,0.0,0.01906,-0.01906,0.0,0.0,0.0
8,6976,152289.5,HOLD_OPEN,0.0,0.0191,-0.0191,0.0,0.00508,-0.00508,0.0,0.0156,-0.0156,0.0,0.0,0.0
8,6977,152310.4,HOLD_OPEN,0.0,0.01562,-0.01562,0.0,0.00508,-0.00508,0.0,0.0104,-0.0104,0.0,0.0,0.0
8,6978,152332.1,HOLD_OPEN,0.0,0.01215,-0.01215,0.0,0.00508,-0.00508,0.0,0.00693,-0.00693,0.0,0.0,0.0
8,6979,152351.6,HOLD_OPEN,0.0,0.01042,-0.01042,0.0,0.00508,-0.00508,0.0,0.00347,-0.00347,0.0,0.0,0.0
8,6980,152373.2,HOLD_OPEN,0.0,0.01042,-0.01042,0.0,0.00508,-0.00508,0.0,0.00347,-0.00347,0.0,0.0,0.0
8,6981,152393.5,HOLD_OPEN,0.0,0.00868,-0.00868,0.0,0.00508,-0.00508,0.0,0.00173,-0.00173,0.0,0.0,0.0
8,6982,152413.6,HOLD_OPEN,0.0,0.00868,-0.00868,0.0,0.00508,-0.00508,0.0,0.00173,-0.00173,0.0,0.0,0.0
8,6983,152434.6,HOLD_OPEN,0.0,0.00868,-0.00868,0.0,0.00508,-0.00508,0.0,0.00173,-0.00173,0.0,0.0,0.0
8,6984,152455.6,HOLD_OPEN,0.0,0.00868,-0.00868,0.0,0.00678,-0.00678,0.0,0.00173,-0.00173,0.0,0.0,0.0
8,6985,152476.0,HOLD_OPEN,0.0,0.00868,-0.00868,0.0,0.00508,-0.00508,0.0,0.00173,-0.00173,0.0,0.0,0.0
8,6986,152497.1,HOLD_OPEN,0.0,0.00868,-0.00868,0.0,0.00508,-0.00508,0.0,0.00173,-0.00173,0.0,0.0,0.0
8,6987,152518.3,HOLD_OPEN,0.0,0.01215,-0.01215,0.0,0.00508,-0.00508,0.0,0.00173,-0.00173,0.0,0.0,0.0
8,6988,152538.5,HOLD_OPEN,0.0,0.00868,-0.00868,0.0,0.00508,-0.00508,0.0,0.00173,-0.00173,0.0,0.0,0.0
8,6989,152559.8,HOLD_OPEN,0.0,0.00694,-0.00694,0.0,0.00508,-0.00508,0.0,0.00347,-0.00347,0.0,0.0,0.0
8,6990,152580.7,HOLD_OPEN,0.0,0.00868,-0.00868,0.0,0.00508,-0.00508,0.0,0.00347,-0.00347,0.0,0.0,0.0
8,6991,152600.8,HOLD_OPEN,0.0,0.00868,-0.00868,0.0,0.00508,-0.00508,0.0,0.0,0.0,0.0,0.0,0.0
8,6992,152619.9,HOLD_OPEN,0.0,0.00868,-0.00868,0.0,0.00508,-0.00508,0.0,0.00173,-0.00173,0.0,0.0,0.0
8,6993,152640.7,HOLD_OPEN,0.0,0.01042,-0.01042,0.0,0.00508,-0.00508,0.0,0.00173,-0.00173,0.0,0.0,0.0
8,6994,152661.7,HOLD_OPEN,0.0,0.00868,-0.00868,0.0,0.00508,-0.00508,0.0,0.00173,-0.00173,0.0,0.0,0.0
8,6995,152684.3,HOLD_OPEN,0.0,0.00868,-0.00868,0.0,0.00508,-0.00508,0.0,0.00173,-0.00173,0.0,0.0,0.0
8,6996,152705.8,HOLD_OPEN,0.0,0.01736,-0.01736,0.0,0.00508,-0.00508,0.0,0.00173,-0.00173,0.0,0.0,0.0
8,6997,152726.2,HOLD_OPEN,0.0,0.00868,-0.00868,0.0,0.00508,-0.00508,0.0,0.00173,-0.00173,0.0,0.0,0.0
8,6998,152748.9,HOLD_OPEN,0.0,0.00868,-0.00868,0.0,0.00508,-0.00508,0.0,0.00173,-0.00173,0.0,0.0,0.0
8,6999,152768.4,HOLD_OPEN,0.0,0.00868,-0.00868,0.0,0.00508,-0.00508,0.0,0.0,0.0,0.0,0.0,0.0
8,7000,152788.4,HOLD_OPEN,0.0,0.0191,-0.0191,0.0,0.00508,-0.00508,0.0,0.00173,-0.00173,0.0,0.0,0.0
8,7001,152810.8,HOLD_OPEN,0.0,0.01562,-0.01562,0.0,0.00508,-0.00508,0.0,0.00173,-0.00173,0.0,0.0,0.0
8,7002,152831.3,HOLD_OPEN,0.0,0.01215,-0.01215,0.0,0.00339,-0.00339,0.0,0.00173,-0.00173,0.0,0.0,0.0
8,7003,152852.0,HOLD_OPEN,0.0,0.00521,-0.00521,0.0,0.00508,-0.00508,0.0,0.0,0.0,0.0,0.0,0.0
8,7004,152872.9,HOLD_OPEN,0.0,0.00521,-0.00521,0.0,0.00508,-0.00508,0.0,0.00173,-0.00173,0.0,0.0,0.0
8,7005,152893.2,HOLD_OPEN,0.0,0.00521,-0.00521,0.0,0.00508,-0.00508,0.0,0.00173,-0.00173,0.0,0.0,0.0
8,7006,152912.3,HOLD_OPEN,0.0,0.00521,-0.00521,0.0,0.00508,-0.00508,0.0,0.00173,-0.00173,0.0,0.0,0.0
8,7007,152932.5,HOLD_OPEN,0.0,0.00521,-0.00521,0.0,0.00508,-0.00508,0.0,0.0,0.0,0.0,0.0,0.0
8,7008,152954.0,HOLD_OPEN,0.0,0.00521,-0.00521,0.0,0.00508,-0.00508,0.0,0.00173,-0.00173,0.0,0.0,0.0
8,7009,152976.0,HOLD_OPEN,0.0,0.00521,-0.00521,0.0,0.00678,-0.00678,0.0,0.00173,-0.00173,0.0,0.0,0.0
8,7010,152997.1,HOLD_OPEN,0.0,0.00521,-0.00521,0.0,0.00508,-0.00508,0.0,0.00173,-0.00173,0.0,0.0,0.0
8,7011,153018.2,HOLD_OPEN,0.0,0.00521,-0.00521,0.0,0.00678,-0.00678,0.0,0.00173,-0.00173,0.0,0.0,0.0
8,7012,153039.1,HOLD_OPEN,0.0,0.00521,-0.00521,0.0,0.00508,-0.00508,0.0,0.00173,-0.00173,0.0,0.0,0.0
8,7013,153060.0,HOLD_OPEN,0.0,0.00521,-0.00521,0.0,0.00508,-0.00508,0.0,0.00173,-0.00173,0.0,0.0,0.0
8,7014,153081.0,HOLD_OPEN,0.0,0.00521,-0.00521,0.0,0.00508,-0.00508,0.0,0.00173,-0.00173,0.0,0.0,0.0
8,7015,153101.2,HOLD_OPEN,0.0,0.00521,-0.00521,0.0,0.00508,-0.00508,0.0,0.00173,-0.00173,0.0,0.0,0.0
8,7016,153122.4,HOLD_OPEN,0.0,0.00521,-0.00521,0.0,0.00508,-0.00508,0.0,0.0,0.0,0.0,0.0,0.0
8,7017,153143.5,HOLD_OPEN,0.0,0.00521,-0.00521,0.0,0.00508,-0.00508,0.0,0.00173,-0.00173,0.0,0.0,0.0
8,7018,153164.2,HOLD_OPEN,0.0,0.00521,-0.00521,0.0,0.00508,-0.00508,0.0,0.00173,-0.00173,0.0,0.0,0.0
8,7019,153186.4,HOLD_OPEN,0.0,0.00521,-0.00521,0.0,0.00508,-0.00508,0.0,0.00173,-0.00173,0.0,0.0,0.0
8,7020,153206.6,HOLD_OPEN,0.0,0.00521,-0.00521,0.0,0.00508,-0.00508,0.0,0.00173,-0.00173,0.0,0.0,0.0
8,7021,153227.4,HOLD_OPEN,0.0,0.00521,-0.00521,0.0,0.00508,-0.00508,0.0,0.00173,-0.00173,0.0,0.0,0.0
8,7022,153247.5,HOLD_OPEN,0.0,0.00521,-0.00521,0.0,0.00508,-0.00508,0.0,0.00173,-0.00173,0.0,0.0,0.0
8,7023,153268.5,HOLD_OPEN,0.0,0.00521,-0.00521,0.0,0.00508,-0.00508,0.0,0.00173,-0.00173,0.0,0.0,0.0
8,7024,153289.4,HOLD_OPEN,0.0,0.00521,-0.00521,0.0,0.00508,-0.00508,0.0,0.00347,-0.00347,0.0,0.0,0.0
8,7025,153311.3,HOLD_OPEN,0.0,0.00521,-0.00521,0.0,0.00508,-0.00508,0.0,0.00173,-0.00173,0.0,0.0,0.0
8,7026,153331.3,HOLD_OPEN,0.0,0.00521,-0.00521,0.0,0.00508,-0.00508,0.0,0.0,0.0,0.0,0.0,0.0
8,7027,153351.3,HOLD_OPEN,0.0,0.00521,-0.00521,0.0,0.00508,-0.00508,0.0,0.00173,-0.00173,0.0,0.0,0.0
8,7028,153372.7,HOLD_OPEN,0.0,0.00521,-0.00521,0.0,0.00508,-0.00508,0.0,0.00173,-0.00173,0.0,0.0,0.0
8,7029,153393.0,HOLD_OPEN,0.0,0.00521,-0.00521,0.0,0.00508,-0.00508,0.0,0.00173,-0.00173,0.0,0.0,0.0
8,7030,153414.9,CLOSE_2,0.005,0.00521,-0.00021,0.005,0.00508,-8e-05,0.005,0.00173,0.00327,0.005,0.0,0.005
8,7031,153436.3,CLOSE_2,0.01,0.00521,0.00479,0.01,0.00508,0.00492,0.01,0.0,0.01,0.01,0.0,0.01
8,7032,153456.8,CLOSE_2,0.015,0.00347,0.01153,0.015,0.00508,0.00992,0.015,0.00173,0.01327,0.015,0.0,0.015
8,7033,153477.8,CLOSE_2,0.02,0.00694,0.01306,0.02,0.00508,0.01492,0.02,0.00173,0.01827,0.02,0.0,0.02
8,7034,153498.0,CLOSE_2,0.025,0.00521,0.01979,0.025,0.00508,0.01992,0.025,0.00173,0.02327,0.025,0.0,0.025
8,7035,153520.4,CLOSE_2,0.03,0.00521,0.02479,0.03,0.00508,0.02492,0.03,0.00173,0.02827,0.03,0.0,0.03
8,7036,153539.9,CLOSE_2,0.035,0.00347,0.03153,0.035,0.00508,0.02992,0.035,0.01213,0.02287,0.035,0.0,0.035
8,7037,153562.1,CLOSE_2,0.04,0.00347,0.03653,0.04,0.00339,0.03661,0.04,0.0,0.04,0.04,0.0,0.04
8,7038,153582.4,CLOSE_2,0.045,0.00347,0.04153,0.045,0.01186,0.03314,0.045,0.00173,0.04327,0.045,0.0,0.045
8,7039,153603.2,CLOSE_2,0.05,0.01215,0.03785,0.05,0.00508,0.04492,0.05,0.00347,0.04653,0.05,0.0,0.05
8,7040,153623.4,CLOSE_2,0.055,0.01215,0.04285,0.055,0.00678,0.04822,0.055,0.0052,0.0498,0.055,0.00192,0.05308
8,7041,153645.3,CLOSE_2,0.06,0.00868,0.05132,0.06,0.00508,0.05492,0.06,0.01733,0.04267,0.06,0.0,0.06
8,7042,153666.4,CLOSE_2,0.065,0.01389,0.05111,0.065,0.00678,0.05822,0.065,0.01733,0.04767,0.065,0.0,0.065
8,7043,153686.6,CLOSE_2,0.07,0.02083,0.04917,0.07,0.01186,0.05814,0.07,0.01906,0.05094,0.07,0.00769,0.06231
8,7044,153708.3,CLOSE_2,0.075,0.02951,0.04549,0.075,0.01864,0.05636,0.075,0.02946,0.04554,0.075,0.01346,0.06154
8,7045,153729.7,CLOSE_2,0.08,0.03819,0.04181,0.08,0.02542,0.05458,0.08,0.04159,0.03841,0.08,0.02692,0.05308
8,7046,153750.0,CLOSE_2,0.085,0.04688,0.03813,0.085,0.0339,0.0511,0.085,0.03986,0.04514,0.085,0.03462,0.05038
8,7047,153771.0,CLOSE_2,0.09,0.05556,0.03444,0.09,0.04407,0.04593,0.09,0.05026,0.03974,0.09,0.04615,0.04385
8,7048,153791.2,CLOSE_2,0.095,0.07118,0.02382,0.095,0.05254,0.04246,0.095,0.05719,0.03781,0.095,0.05385,0.04115
8,7049,153811.6,CLOSE_2,0.1,0.07292,0.02708,0.1,0.05932,0.04068,0.1,0.06412,0.03588,0.1,0.06538,0.03462
8,7050,153832.3,CLOSE_2,0.105,0.07986,0.02514,0.105,0.0661,0.0389,0.105,0.07106,0.03394,0.105,0.075,0.03
8,7051,153853.6,CLOSE_2,0.11,0.08854,0.02146,0.11,0.07797,0.03203,0.11,0.07972,0.03028,0.11,0.08077,0.02923
8,7052,153873.4,CLOSE_2,0.115,0.09549,0.01951,0.115,0.08475,0.03025,0.115,0.08666,0.02834,0.115,0.09615,0.01885
8,7053,153894.7,CLOSE_2,0.12,0.09722,0.02278,0.12,0.09153,0.02847,0.12,0.09359,0.02641,0.12,0.09808,0.02192
8,7054,153915.7,CLOSE_2,0.125,0.10243,0.02257,0.125,0.1,0.025,0.125,0.10052,0.02448,0.125,0.10577,0.01923
8,7055,153936.8,CLOSE_2,0.13,0.1059,0.0241,0.13,0.11186,0.01814,0.13,0.10745,0.02255,0.13,0.11154,0.01846
8,7056,153956.6,CLOSE_2,0.135,0.10938,0.02563,0.135,0.11525,0.01975,0.135,0.11265,0.02235,0.135,0.11731,0.01769
8,7057,153978.2,CLOSE_2,0.14,0.11458,0.02542,0.14,0.12034,0.01966,0.14,0.11612,0.02388,0.14,0.12115,0.01885
8,7058,153999.1,CLOSE_2,0.145,0.11458,0.03042,0.145,0.12542,0.01958,0.145,0.11958,0.02542,0.145,0.125,0.02
8,7059,154020.9,CLOSE_2,0.15,0.11632,0.03368,0.15,0.13051,0.01949,0.15,0.12305,0.02695,0.15,0.12885,0.02115
8,7060,154040.8,CLOSE_2,0.155,0.11806,0.03694,0.155,0.1322,0.0228,0.155,0.12478,0.03022,0.155,0.13077,0.02423
8,7061,154061.7,CLOSE_2,0.16,0.12326,0.03674,0.16,0.13559,0.02441,0.16,0.12652,0.03348,0.16,0.14038,0.01962
8,7062,154082.8,CLOSE_2,0.165,0.125,0.04,0.165,0.13729,0.02771,0.165,0.12825,0.03675,0.165,0.14038,0.02462
8,7063,154104.6,CLOSE_2,0.17,0.13021,0.03979,0.17,0.13729,0.03271,0.17,0.12998,0.04002,0.17,0.14038,0.02962
8,7064,154124.1,CLOSE_2,0.175,0.13194,0.04306,0.175,0.13898,0.03602,0.175,0.12998,0.04502,0.175,0.14231,0.03269
8,7065,154145.6,CLOSE_2,0.18,0.14062,0.03938,0.18,0.13559,0.04441,0.18,0.13172,0.04828,0.18,0.14615,0.03385
8,7066,154167.3,CLOSE_2,0.185,0.14236,0.04264,0.185,0.14068,0.04432,0.185,0.13518,0.04982,0.185,0.15,0.035
8,7067,154187.3,CLOSE_2,0.19,0.14931,0.04069,0.19,0.14237,0.04763,0.19,0.13865,0.05135,0.19,0.15192,0.03808
8,7068,154208.5,CLOSE_2,0.195,0.15625,0.03875,0.195,0.14576,0.04924,0.195,0.14385,0.05115,0.195,0.15962,0.03538
8,7069,154229.0,CLOSE_2,0.2,0.16146,0.03854,0.2,0.15085,0.04915,0.2,0.14905,0.05095,0.2,0.16538,0.03462
8,7070,154250.4,CLOSE_2,0.205,0.1684,0.0366,0.205,0.15254,0.05246,0.205,0.15425,0.05075,0.205,0.16923,0.03577
8,7071,154270.3,CLOSE_2,0.21,0.17361,0.03639,0.21,0.15763,0.05237,0.21,0.16118,0.04882,0.21,0.17308,0.03692
8,7072,154290.6,CLOSE_2,0.215,0.18056,0.03444,0.215,0.16102,0.05398,0.215,0.16638,0.04862,0.215,0.18077,0.03423
8,7073,154311.1,CLOSE_2,0.22,0.18576,0.03424,0.22,0.1661,0.0539,0.22,0.17851,0.04149,0.22,0.18654,0.03346
8,7074,154332.2,CLOSE_2,0.225,0.19792,0.02708,0.225,0.1661,0.0589,0.225,0.18024,0.04476,0.225,0.19615,0.02885
8,7075,154353.8,CLOSE_2,0.23,0.19792,0.03208,0.23,0.17627,0.05373,0.23,0.18718,0.04282,0.23,0.19808,0.03192
8,7076,154373.2,CLOSE_2,0.235,0.20312,0.03188,0.235,0.18644,0.04856,0.235,0.20104,0.03396,0.235,0.20769,0.02731
8,7077,154394.5,CLOSE_2,0.24,0.20833,0.03167,0.24,0.18814,0.05186,0.24,0.19931,0.04069,0.24,0.21346,0.02654
8,7078,154416.0,CLOSE_2,0.245,0.21181,0.03319,0.245,0.19831,0.04669,0.245,0.20971,0.03529,0.245,0.22692,0.01808
8,7079,154436.5,CLOSE_2,0.25,0.21528,0.03472,0.25,0.20508,0.04492,0.25,0.21664,0.03336,0.25,0.23654,0.01346
8,7080,154457.4,CLOSE_2,0.255,0.22222,0.03278,0.255,0.20508,0.04992,0.255,0.21837,0.03663,0.255,0.24423,0.01077
8,7081,154478.2,CLOSE_2,0.26,0.22569,0.03431,0.26,0.21186,0.04814,0.26,0.22357,0.03643,0.26,0.24808,0.01192
8,7082,154498.3,CLOSE_2,0.265,0.2309,0.0341,0.265,0.21695,0.04805,0.265,0.22877,0.03623,0.265,0.25577,0.00923
8,7083,154520.2,CLOSE_2,0.27,0.23611,0.03389,0.27,0.22373,0.04627,0.27,0.23744,0.03256,0.27,0.25769,0.01231
8,7084,154540.4,CLOSE_2,0.275,0.24132,0.03368,0.275,0.23051,0.04449,0.275,0.23917,0.03583,0.275,0.26346,0.01154
8,7085,154561.5,CLOSE_2,0.28,0.24479,0.03521,0.28,0.23559,0.04441,0.28,0.24437,0.03563,0.28,0.27885,0.00115
8,7086,154583.0,CLOSE_2,0.285,0.25,0.035,0.285,0.24576,0.03924,0.285,0.24957,0.03543,0.285,0.27885,0.00615
8,7087,154603.6,CLOSE_2,0.29,0.25521,0.03479,0.29,0.25085,0.03915,0.29,0.2565,0.0335,0.29,0.27692,0.01308
8,7088,154624.8,CLOSE_2,0.295,0.26562,0.02938,0.295,0.26102,0.03398,0.295,0.2617,0.0333,0.295,0.28269,0.01231
8,7089,154645.6,CLOSE_2,0.3,0.26736,0.03264,0.3,0.2678,0.0322,0.3,0.2669,0.0331,0.3,0.28654,0.01346
8,7090,154666.4,CLOSE_2,0.305,0.27257,0.03243,0.305,0.27288,0.03212,0.305,0.27903,0.02597,0.305,0.29231,0.01269
8,7091,154685.3,CLOSE_2,0.31,0.27951,0.03049,0.31,0.27458,0.03542,0.31,0.2773,0.0327,0.31,0.29808,0.01192
8,7092,154706.4,CLOSE_2,0.315,0.28472,0.03028,0.315,0.27627,0.03873,0.315,0.28076,0.03424,0.315,0.3,0.015
8,7093,154727.6,CLOSE_2,0.32,0.28993,0.03007,0.32,0.28136,0.03864,0.32,0.28769,0.03231,0.32,0.30769,0.01231
8,7094,154747.0,CLOSE_2,0.325,0.29514,0.02986,0.325,0.28305,0.04195,0.325,0.28943,0.03557,0.325,0.31538,0.00962
8,7095,154770.4,CLOSE_2,0.33,0.30035,0.02965,0.33,0.28644,0.04356,0.33,0.29463,0.03537,0.33,0.33077,-0.00077
8,7096,154790.3,CLOSE_2,0.335,0.30382,0.03118,0.335,0.28983,0.04517,0.335,0.29983,0.03517,0.335,0.325,0.01
8,7097,154811.3,CLOSE_2,0.34,0.30903,0.03097,0.34,0.29492,0.04508,0.34,0.30503,0.03497,0.34,0.33077,0.00923
8,7098,154832.0,CLOSE_2,0.345,0.31944,0.02556,0.345,0.29831,0.04669,0.345,0.30849,0.03651,0.345,0.34423,0.00077
8,7099,154852.5,CLOSE_2,0.35,0.32292,0.02708,0.35,0.30339,0.04661,0.35,0.31196,0.03804,0.35,0.35,0.0
8,7100,154874.0,CLOSE_2,0.355,0.32292,0.03208,0.355,0.30847,0.04653,0.355,0.32236,0.03264,0.355,0.35192,0.00308
8,7101,154894.6,CLOSE_2,0.36,0.32465,0.03535,0.36,0.31186,0.04814,0.36,0.32236,0.03764,0.36,0.35577,0.00423
8,7102,154915.9,CLOSE_2,0.365,0.32812,0.03688,0.365,0.31695,0.04805,0.365,0.32409,0.04091,0.365,0.36154,0.00346
8,7103,154936.2,CLOSE_2,0.37,0.32986,0.04014,0.37,0.32373,0.04627,0.37,0.32409,0.04591,0.37,0.36346,0.00654
8,7104,154957.3,CLOSE_2,0.375,0.3316,0.0434,0.375,0.32712,0.04788,0.375,0.33102,0.04398,0.375,0.37308,0.00192
8,7105,154978.0,CLOSE_2,0.38,0.33507,0.04493,0.38,0.3322,0.0478,0.38,0.32236,0.05764,0.38,0.37692,0.00308
8,7106,154999.2,CLOSE_2,0.385,0.34896,0.03604,0.385,0.34068,0.04432,0.385,0.34142,0.04358,0.385,0.37885,0.00615
8,7107,155020.4,CLOSE_2,0.39,0.3559,0.0341,0.39,0.34915,0.04085,0.39,0.34662,0.04338,0.39,0.38462,0.00538
8,7108,155042.5,CLOSE_2,0.395,0.35764,0.03736,0.395,0.34915,0.04585,0.395,0.35702,0.03798,0.395,0.39231,0.00269
8,7109,155061.9,CLOSE_2,0.4,0.36458,0.03542,0.4,0.36441,0.03559,0.4,0.36222,0.03778,0.4,0.39808,0.00192
8,7110,155083.3,CLOSE_2,0.405,0.36979,0.03521,0.405,0.36102,0.04398,0.405,0.36915,0.03585,0.405,0.40192,0.00308
8,7111,155105.1,CLOSE_2,0.41,0.37847,0.03153,0.41,0.3678,0.0422,0.41,0.37435,0.03565,0.41,0.41154,-0.00154
8,7112,155124.1,CLOSE_2,0.415,0.38368,0.03132,0.415,0.37288,0.04212,0.415,0.38475,0.03025,0.415,0.41923,-0.00423
8,7113,155146.2,CLOSE_2,0.42,0.39236,0.02764,0.42,0.37797,0.04203,0.42,0.38821,0.03179,0.42,0.425,-0.005
8,7114,155166.4,CLOSE_2,0.425,0.39757,0.02743,0.425,0.38814,0.03686,0.425,0.39341,0.03159,0.425,0.43077,-0.00577
8,7115,155187.0,CLOSE_2,0.43,0.40278,0.02722,0.43,0.38814,0.04186,0.43,0.40208,0.02792,0.43,0.44038,-0.01038
8,7116,155207.8,CLOSE_2,0.435,0.40972,0.02528,0.435,0.39153,0.04347,0.435,0.40555,0.02945,0.435,0.44231,-0.00731
8,7117,155227.9,CLOSE_2,0.44,0.41319,0.02681,0.44,0.39492,0.04508,0.44,0.41421,0.02579,0.44,0.44615,-0.00615
8,7118,155249.3,CLOSE_2,0.445,0.4184,0.0266,0.445,0.39831,0.04669,0.445,0.41768,0.02732,0.445,0.45385,-0.00885
8,7119,155269.9,CLOSE_2,0.45,0.42361,0.02639,0.45,0.40339,0.04661,0.45,0.42114,0.02886,0.45,0.45769,-0.00769
8,7120,155290.9,CLOSE_2,0.455,0.42708,0.02792,0.455,0.40678,0.04822,0.455,0.42634,0.02866,0.455,0.46154,-0.00654
8,7121,155311.0,CLOSE_2,0.46,0.43229,0.02771,0.46,0.41186,0.04814,0.46,0.43154,0.02846,0.46,0.46923,-0.00923
8,7122,155332.0,CLOSE_2,0.465,0.43924,0.02576,0.465,0.41525,0.04975,0.465,0.43328,0.03172,0.465,0.47308,-0.00808
8,7123,155353.4,CLOSE_2,0.47,0.44097,0.02903,0.47,0.41864,0.05136,0.47,0.43674,0.03326,0.47,0.47885,-0.00885
8,7124,155373.9,CLOSE_2,0.475,0.44618,0.02882,0.475,0.42542,0.04958,0.475,0.44194,0.03306,0.475,0.48462,-0.00962
8,7125,155395.6,CLOSE_2,0.48,0.45139,0.02861,0.48,0.4322,0.0478,0.48,0.44714,0.03286,0.48,0.49038,-0.01038
8,7126,155415.9,CLOSE_2,0.485,0.45486,0.03014,0.485,0.43729,0.04771,0.485,0.45061,0.03439,0.485,0.49423,-0.00923
8,7127,155437.0,CLOSE_2,0.49,0.45833,0.03167,0.49,0.44068,0.04932,0.49,0.45407,0.03593,0.49,0.50192,-0.01192
8,7128,155456.8,CLOSE_2,0.495,0.46354,0.03146,0.495,0.44576,0.04924,0.495,0.45927,0.03573,0.495,0.50577,-0.01077
8,7129,155478.1,CLOSE_2,0.5,0.46875,0.03125,0.5,0.45254,0.04746,0.5,0.46447,0.03553,0.5,0.51154,-0.01154
8,7130,155498.6,CLOSE_2,0.505,0.47569,0.02931,0.5,0.45763,0.04237,0.505,0.46967,0.03533,0.5,0.51731,-0.01731
8,7131,155519.7,CLOSE_2,0.51,0.47743,0.03257,0.5,0.46441,0.03559,0.51,0.47314,0.03686,0.5,0.525,-0.025
8,7132,155542.2,CLOSE_2,0.515,0.48264,0.03236,0.5,0.46949,0.03051,0.515,0.47834,0.03666,0.5,0.53077,-0.03077
8,7133,155562.7,CLOSE_2,0.52,0.48785,0.03215,0.5,0.47627,0.02373,0.52,0.4818,0.0382,0.5,0.53654,-0.03654
8,7134,155583.2,CLOSE_2,0.525,0.5,0.025,0.5,0.48644,0.01356,0.525,0.49047,0.03453,0.5,0.54231,-0.04231
8,7135,155603.2,CLOSE_2,0.53,0.50694,0.02306,0.5,0.48814,0.01186,0.53,0.49913,0.03087,0.5,0.54423,-0.04423
8,7136,155624.4,CLOSE_2,0.535,0.51389,0.02111,0.5,0.49322,0.00678,0.535,0.50953,0.02547,0.5,0.55,-0.05
8,7137,155644.9,CLOSE_2,0.54,0.52604,0.01396,0.5,0.50169,-0.00169,0.54,0.51993,0.02007,0.5,0.55385,-0.05385
8,7138,155665.6,CLOSE_2,0.545,0.53125,0.01375,0.5,0.50678,-0.00678,0.545,0.52513,0.01987,0.5,0.55577,-0.05577
8,7139,155686.9,CLOSE_2,0.55,0.53472,0.01528,0.5,0.51017,-0.01017,0.55,0.52686,0.02314,0.5,0.55769,-0.05769
8,7140,155706.6,CLOSE_2,0.555,0.53646,0.01854,0.5,0.51017,-0.01017,0.555,0.53206,0.02294,0.5,0.55962,-0.05962
8,7141,155728.6,CLOSE_2,0.56,0.53819,0.02181,0.5,0.51017,-0.01017,0.56,0.5338,0.0262,0.5,0.56346,-0.06346
8,7142,155748.9,CLOSE_2,0.565,0.53993,0.02507,0.5,0.51186,-0.01186,0.565,0.54073,0.02427,0.5,0.56731,-0.06731
8,7143,155769.5,CLOSE_2,0.57,0.5434,0.0266,0.5,0.51525,-0.01525,0.57,0.54246,0.02754,0.5,0.55962,-0.05962
8,7144,155790.6,CLOSE_2,0.575,0.5434,0.0316,0.5,0.51356,-0.01356,0.575,0.54246,0.03254,0.5,0.56154,-0.06154
8,7145,155811.7,CLOSE_2,0.58,0.54688,0.03313,0.5,0.51186,-0.01186,0.58,0.54593,0.03407,0.5,0.56154,-0.06154
8,7146,155832.0,CLOSE_2,0.585,0.54861,0.03639,0.5,0.51186,-0.01186,0.585,0.54939,0.03561,0.5,0.56154,-0.06154
8,7147,155852.8,CLOSE_2,0.59,0.55382,0.03618,0.5,0.51186,-0.01186,0.59,0.55286,0.03714,0.5,0.55962,-0.05962
8,7148,155873.9,CLOSE_2,0.595,0.55556,0.03944,0.5,0.51186,-0.01186,0.595,0.55806,0.03694,0.5,0.55962,-0.05962
8,7149,155895.2,CLOSE_2,0.6,0.56076,0.03924,0.5,0.51525,-0.01525,0.6,0.56846,0.03154,0.5,0.56154,-0.06154
8,7150,155915.8,CLOSE_2,0.605,0.57292,0.03208,0.5,0.51356,-0.01356,0.605,0.57192,0.03308,0.5,0.55962,-0.05962
8,7151,155936.4,CLOSE_2,0.61,0.57465,0.03535,0.5,0.51017,-0.01017,0.61,0.57539,0.03461,0.5,0.56538,-0.06538
8,7152,155956.9,CLOSE_2,0.615,0.5816,0.0334,0.5,0.51186,-0.01186,0.615,0.58059,0.03441,0.5,0.56154,-0.06154
8,7153,155977.9,CLOSE_2,0.62,0.58507,0.03493,0.5,0.51356,-0.01356,0.62,0.58232,0.03768,0.5,0.55962,-0.05962
8,7154,155999.8,CLOSE_2,0.625,0.59028,0.03472,0.5,0.51525,-0.01525,0.625,0.58925,0.03575,0.5,0.56154,-0.06154
8,7155,156020.7,CLOSE_2,0.63,0.59722,0.03278,0.5,0.51695,-0.01695,0.63,0.59965,0.03035,0.5,0.56346,-0.06346
8,7156,156041.2,CLOSE_2,0.635,0.60764,0.02736,0.5,0.51356,-0.01356,0.635,0.60139,0.03361,0.5,0.56154,-0.06154
8,7157,156062.0,CLOSE_2,0.64,0.61111,0.02889,0.5,0.51356,-0.01356,0.64,0.60659,0.03341,0.5,0.56154,-0.06154
8,7158,156084.0,CLOSE_2,0.645,0.61632,0.02868,0.5,0.51864,-0.01864,0.645,0.61179,0.03321,0.5,0.55962,-0.05962
8,7159,156103.5,CLOSE_2,0.65,0.625,0.025,0.5,0.51356,-0.01356,0.65,0.61872,0.03128,0.5,0.56154,-0.06154
8,7160,156124.4,CLOSE_2,0.655,0.62847,0.02653,0.5,0.51356,-0.01356,0.655,0.62392,0.03108,0.5,0.55962,-0.05962
8,7161,156145.3,CLOSE_2,0.66,0.64236,0.01764,0.5,0.51186,-0.01186,0.66,0.62912,0.03088,0.5,0.56154,-0.06154
8,7162,156165.8,CLOSE_2,0.665,0.64062,0.02438,0.5,0.51186,-0.01186,0.665,0.63605,0.02895,0.5,0.56154,-0.06154
8,7163,156186.8,CLOSE_2,0.67,0.64583,0.02417,0.5,0.51864,-0.01864,0.67,0.63951,0.03049,0.5,0.55962,-0.05962
8,7164,156207.5,CLOSE_2,0.675,0.64931,0.02569,0.5,0.51017,-0.01017,0.675,0.64298,0.03202,0.5,0.56154,-0.06154
8,7165,156227.5,CLOSE_2,0.68,0.65451,0.02549,0.5,0.49492,0.00508,0.68,0.64818,0.03182,0.5,0.56154,-0.06154
8,7166,156248.9,CLOSE_2,0.685,0.66319,0.02181,0.5,0.49153,0.00847,0.685,0.65165,0.03335,0.5,0.56154,-0.06154
8,7167,156269.6,CLOSE_2,0.69,0.66319,0.02681,0.5,0.48814,0.01186,0.69,0.65511,0.03489,0.5,0.55962,-0.05962
8,7168,156291.0,CLOSE_2,0.695,0.6684,0.0266,0.5,0.48644,0.01356,0.695,0.66205,0.03295,0.5,0.56154,-0.06154
8,7169,156311.4,CLOSE_2,0.7,0.67014,0.02986,0.5,0.48475,0.01525,0.7,0.66551,0.03449,0.5,0.56154,-0.06154
8,7170,156332.3,CLOSE_2,0.705,0.67535,0.02965,0.5,0.48305,0.01695,0.705,0.67071,0.03429,0.5,0.56154,-0.06154
8,7171,156353.2,CLOSE_2,0.71,0.68056,0.02944,0.5,0.48475,0.01525,0.71,0.67418,0.03582,0.5,0.56538,-0.06538
8,7172,156373.5,CLOSE_2,0.715,0.68576,0.02924,0.5,0.48475,0.01525,0.715,0.68458,0.03042,0.5,0.56154,-0.06154
8,7173,156395.1,CLOSE_2,0.72,0.69444,0.02556,0.5,0.48475,0.01525,0.72,0.68458,0.03542,0.5,0.55962,-0.05962
8,7174,156416.0,CLOSE_2,0.725,0.70486,0.02014,0.5,0.48475,0.01525,0.725,0.68804,0.03696,0.5,0.56154,-0.06154
8,7175,156437.1,CLOSE_2,0.73,0.70139,0.02861,0.5,0.48644,0.01356,0.73,0.70191,0.02809,0.5,0.55962,-0.05962
8,7176,156456.9,CLOSE_2,0.735,0.7066,0.0284,0.5,0.48475,0.01525,0.735,0.69844,0.03656,0.5,0.56154,-0.06154
8,7177,156478.9,CLOSE_2,0.74,0.70833,0.03167,0.5,0.48983,0.01017,0.74,0.70364,0.03636,0.5,0.56154,-0.06154
8,7178,156500.0,CLOSE_2,0.745,0.71528,0.02972,0.5,0.49153,0.00847,0.745,0.71231,0.03269,0.5,0.56154,-0.06154
8,7179,156521.5,CLOSE_2,0.75,0.72049,0.02951,0.5,0.49322,0.00678,0.75,0.71577,0.03423,0.5,0.56154,-0.06154
8,7180,156540.3,CLOSE_2,0.755,0.72569,0.02931,0.5,0.5,0.0,0.755,0.72097,0.03403,0.5,0.55962,-0.05962
8,7181,156562.6,CLOSE_2,0.76,0.7309,0.0291,0.5,0.50339,-0.00339,0.76,0.72617,0.03383,0.5,0.55962,-0.05962
8,7182,156583.2,CLOSE_2,0.765,0.73611,0.02889,0.5,0.50508,-0.00508,0.765,0.73137,0.03363,0.5,0.56154,-0.06154
8,7183,156603.4,CLOSE_2,0.77,0.74306,0.02694,0.5,0.50508,-0.00508,0.77,0.73657,0.03343,0.5,0.56154,-0.06154
8,7184,156624.3,CLOSE_2,0.775,0.74653,0.02847,0.5,0.50508,-0.00508,0.775,0.74177,0.03323,0.5,0.56154,-0.06154
8,7185,156644.1,CLOSE_2,0.78,0.75174,0.02826,0.5,0.50508,-0.00508,0.78,0.74523,0.03477,0.5,0.56154,-0.06154
8,7186,156665.7,CLOSE_2,0.785,0.75521,0.02979,0.5,0.50339,-0.00339,0.785,0.7487,0.0363,0.5,0.55962,-0.05962
8,7187,156686.3,CLOSE_2,0.79,0.75868,0.03132,0.5,0.50339,-0.00339,0.79,0.75563,0.03437,0.5,0.56154,-0.06154
8,7188,156707.7,CLOSE_2,0.795,0.76736,0.02764,0.5,0.50508,-0.00508,0.795,0.76083,0.03417,0.5,0.56346,-0.06346
8,7189,156726.1,CLOSE_2,0.8,0.76736,0.03264,0.5,0.50508,-0.00508,0.8,0.76603,0.03397,0.5,0.55962,-0.05962
8,7190,156747.3,CLOSE_2,0.805,0.77431,0.03069,0.5,0.50678,-0.00678,0.805,0.7695,0.0355,0.5,0.55962,-0.05962
8,7191,156768.1,CLOSE_2,0.81,0.77778,0.03222,0.5,0.50339,-0.00339,0.81,0.7747,0.0353,0.5,0.55962,-0.05962
8,7192,156789.6,CLOSE_2,0.815,0.78472,0.03028,0.5,0.50508,-0.00508,0.815,0.7799,0.0351,0.5,0.56154,-0.06154
8,7193,156811.0,CLOSE_2,0.82,0.78646,0.03354,0.5,0.50339,-0.00339,0.82,0.7851,0.0349,0.5,0.56154,-0.06154
8,7194,156831.5,CLOSE_2,0.825,0.7934,0.0316,0.5,0.50508,-0.00508,0.825,0.79029,0.03471,0.5,0.55962,-0.05962
8,7195,156853.2,CLOSE_2,0.83,0.79861,0.03139,0.5,0.50339,-0.00339,0.83,0.79549,0.03451,0.5,0.56154,-0.06154
8,7196,156875.0,CLOSE_2,0.835,0.80382,0.03118,0.5,0.50678,-0.00678,0.835,0.80069,0.03431,0.5,0.55962,-0.05962
8,7197,156894.6,CLOSE_2,0.84,0.81424,0.02576,0.5,0.50508,-0.00508,0.84,0.81282,0.02718,0.5,0.56154,-0.06154
8,7198,156916.5,CLOSE_2,0.845,0.81771,0.02729,0.5,0.50508,-0.00508,0.845,0.81109,0.03391,0.5,0.55962,-0.05962
8,7199,156937.9,CLOSE_2,0.85,0.82812,0.02188,0.5,0.50508,-0.00508,0.85,0.81802,0.03198,0.5,0.56154,-0.06154
8,7200,156958.6,CLOSE_2,0.855,0.82812,0.02688,0.5,0.50339,-0.00339,0.855,0.82322,0.03178,0.5,0.55962,-0.05962
8,7201,156978.9,CLOSE_2,0.86,0.83333,0.02667,0.5,0.50508,-0.00508,0.86,0.83016,0.02984,0.5,0.56154,-0.06154
8,7202,157001.3,CLOSE_2,0.865,0.83681,0.02819,0.5,0.50339,-0.00339,0.865,0.83536,0.02964,0.5,0.56154,-0.06154
8,7203,157020.7,CLOSE_2,0.87,0.84375,0.02625,0.5,0.50508,-0.00508,0.87,0.83882,0.03118,0.5,0.55962,-0.05962
8,7204,157041.0,CLOSE_2,0.875,0.85069,0.02431,0.5,0.50508,-0.00508,0.875,0.85442,0.02058,0.5,0.56154,-0.06154
8,7205,157062.2,CLOSE_2,0.88,0.85243,0.02757,0.5,0.50508,-0.00508,0.88,0.85269,0.02731,0.5,0.56154,-0.06154
8,7206,157082.0,CLOSE_2,0.885,0.85938,0.02563,0.5,0.50508,-0.00508,0.885,0.85962,0.02538,0.5,0.56346,-0.06346
8,7207,157103.8,CLOSE_2,0.89,0.86111,0.02889,0.5,0.50508,-0.00508,0.89,0.87002,0.01998,0.5,0.55962,-0.05962
8,7208,157124.3,CLOSE_2,0.895,0.86806,0.02694,0.5,0.50508,-0.00508,0.895,0.86655,0.02845,0.5,0.56346,-0.06346
8,7209,157145.0,CLOSE_2,0.9,0.87153,0.02847,0.5,0.50508,-0.00508,0.9,0.87348,0.02652,0.5,0.56154,-0.06154
8,7210,157165.2,CLOSE_2,0.905,0.88194,0.02306,0.5,0.50508,-0.00508,0.905,0.87695,0.02805,0.5,0.56154,-0.06154
8,7211,157186.1,CLOSE_2,0.91,0.88368,0.02632,0.5,0.50847,-0.00847,0.91,0.88042,0.02958,0.5,0.56154,-0.06154
8,7212,157207.2,CLOSE_2,0.915,0.88194,0.03306,0.5,0.50508,-0.00508,0.915,0.88735,0.02765,0.5,0.55962,-0.05962
8,7213,157228.1,CLOSE_2,0.92,0.88542,0.03458,0.5,0.50508,-0.00508,0.92,0.89081,0.02919,0.5,0.56154,-0.06154
8,7214,157248.6,CLOSE_2,0.925,0.89236,0.03264,0.5,0.50508,-0.00508,0.925,0.89255,0.03245,0.5,0.56154,-0.06154
8,7215,157269.3,CLOSE_2,0.93,0.89757,0.03243,0.5,0.50508,-0.00508,0.93,0.89948,0.03052,0.5,0.56154,-0.06154
8,7216,157290.6,CLOSE_2,0.935,0.90104,0.03396,0.5,0.50678,-0.00678,0.935,0.90468,0.03032,0.5,0.56154,-0.06154
8,7217,157311.3,CLOSE_2,0.94,0.91146,0.02854,0.5,0.50508,-0.00508,0.94,0.90641,0.03359,0.5,0.56154,-0.06154
8,7218,157332.3,CLOSE_2,0.945,0.91493,0.03007,0.5,0.50508,-0.00508,0.945,0.91161,0.03339,0.5,0.56154,-0.06154
8,7219,157353.7,CLOSE_2,0.95,0.91319,0.03681,0.5,0.50508,-0.00508,0.95,0.91854,0.03146,0.5,0.56154,-0.06154
8,7220,157374.0,CLOSE_2,0.955,0.92188,0.03313,0.5,0.50508,-0.00508,0.955,0.92721,0.02779,0.5,0.56538,-0.06538
8,7221,157394.7,CLOSE_2,0.96,0.92708,0.03292,0.5,0.50508,-0.00508,0.96,0.92894,0.03106,0.5,0.55962,-0.05962
8,7222,157416.4,CLOSE_2,0.965,0.9375,0.0275,0.5,0.50508,-0.00508,0.965,0.93588,0.02912,0.5,0.56538,-0.06538
8,7223,157437.7,CLOSE_2,0.97,0.93576,0.03424,0.5,0.50508,-0.00508,0.97,0.93934,0.03066,0.5,0.55962,-0.05962
8,7224,157458.1,CLOSE_2,0.975,0.94618,0.02882,0.5,0.50508,-0.00508,0.975,0.95147,0.02353,0.5,0.56154,-0.06154
8,7225,157479.6,CLOSE_2,0.98,0.94618,0.03382,0.5,0.50339,-0.00339,0.98,0.94974,0.03026,0.5,0.56154,-0.06154
8,7226,157499.5,CLOSE_2,0.985,0.95312,0.03188,0.5,0.50678,-0.00678,0.985,0.95494,0.03006,0.5,0.56154,-0.06154
8,7227,157520.9,CLOSE_2,0.99,0.9566,0.0334,0.5,0.50339,-0.00339,0.99,0.9636,0.0264,0.5,0.56154,-0.06154
8,7228,157540.4,CLOSE_2,0.995,0.96181,0.03319,0.5,0.50678,-0.00678,0.995,0.96707,0.02793,0.5,0.56154,-0.06154
8,7229,157562.4,CLOSE_2,1.0,0.96701,0.03299,0.5,0.50678,-0.00678,1.0,0.974,0.026,0.5,0.56154,-0.06154
8,7230,157569.1,HOLD_2,1.0,0.96354,0.03646,0.5,0.50508,-0.00508,1.0,0.9792,0.0208,0.5,0.56154,-0.06154
8,7231,157591.2,HOLD_2,1.0,0.97049,0.02951,0.5,0.50508,-0.00508,1.0,0.98094,0.01906,0.5,0.55962,-0.05962
8,7232,157612.1,HOLD_2,1.0,0.97222,0.02778,0.5,0.50508,-0.00508,1.0,0.9844,0.0156,0.5,0.56538,-0.06538
8,7233,157633.3,HOLD_2,1.0,0.97396,0.02604,0.5,0.50678,-0.00678,1.0,0.98614,0.01386,0.5,0.56154,-0.06154
8,7234,157654.0,HOLD_2,1.0,0.97569,0.02431,0.5,0.50508,-0.00508,1.0,0.98614,0.01386,0.5,0.56154,-0.06154
8,7235,157675.8,HOLD_2,1.0,0.98958,0.01042,0.5,0.50508,-0.00508,1.0,0.9896,0.0104,0.5,0.55962,-0.05962
8,7236,157696.7,HOLD_2,1.0,0.97569,0.02431,0.5,0.50678,-0.00678,1.0,0.98614,0.01386,0.5,0.56154,-0.06154
8,7237,157717.4,HOLD_2,1.0,0.97569,0.02431,0.5,0.50508,-0.00508,1.0,0.98614,0.01386,0.5,0.56154,-0.06154
8,7238,157738.2,HOLD_2,1.0,0.97569,0.02431,0.5,0.50508,-0.00508,1.0,0.98614,0.01386,0.5,0.56154,-0.06154
8,7239,157758.2,HOLD_2,1.0,0.97569,0.02431,0.5,0.50508,-0.00508,1.0,0.98614,0.01386,0.5,0.56154,-0.06154
8,7240,157779.7,HOLD_2,1.0,0.97569,0.02431,0.5,0.50847,-0.00847,1.0,0.99307,0.00693,0.5,0.56154,-0.06154
8,7241,157800.4,HOLD_2,1.0,0.97396,0.02604,0.5,0.50678,-0.00678,1.0,0.9896,0.0104,0.5,0.56154,-0.06154
8,7242,157821.0,HOLD_2,1.0,0.98438,0.01562,0.5,0.50508,-0.00508,1.0,0.9896,0.0104,0.5,0.56154,-0.06154
8,7243,157841.7,HOLD_2,1.0,0.97569,0.02431,0.5,0.50508,-0.00508,1.0,0.99133,0.00867,0.5,0.56154,-0.06154
8,7244,157862.5,HOLD_2,1.0,0.9809,0.0191,0.5,0.50678,-0.00678,1.0,0.98787,0.01213,0.5,0.56154,-0.06154
8,7245,157883.0,HOLD_2,1.0,0.97569,0.02431,0.5,0.50678,-0.00678,1.0,0.98787,0.01213,0.5,0.56154,-0.06154
8,7246,157903.4,HOLD_2,1.0,0.98264,0.01736,0.5,0.50508,-0.00508,1.0,0.9896,0.0104,0.5,0.56154,-0.06154
8,7247,157924.8,HOLD_2,1.0,0.97569,0.02431,0.5,0.50508,-0.00508,1.0,0.98787,0.01213,0.5,0.56154,-0.06154
8,7248,157945.1,HOLD_2,1.0,0.98785,0.01215,0.5,0.50508,-0.00508,1.0,0.98614,0.01386,0.5,0.56154,-0.06154
8,7249,157966.1,HOLD_2,1.0,0.97743,0.02257,0.5,0.50678,-0.00678,1.0,0.98787,0.01213,0.5,0.56538,-0.06538
8,7250,157987.1,HOLD_2,1.0,0.97569,0.02431,0.5,0.50339,-0.00339,1.0,0.99133,0.00867,0.5,0.56154,-0.06154
8,7251,158008.0,HOLD_2,1.0,0.97743,0.02257,0.5,0.50508,-0.00508,1.0,0.98614,0.01386,0.5,0.56154,-0.06154
8,7252,158029.1,HOLD_2,1.0,0.98611,0.01389,0.5,0.50508,-0.00508,1.0,0.98787,0.01213,0.5,0.56154,-0.06154
8,7253,158048.9,HOLD_2,1.0,0.97743,0.02257,0.5,0.50339,-0.00339,1.0,0.98787,0.01213,0.5,0.56154,-0.06154
8,7254,158070.7,HOLD_2,1.0,0.98958,0.01042,0.5,0.50508,-0.00508,1.0,0.98787,0.01213,0.5,0.56154,-0.06154
8,7255,158091.4,HOLD_2,1.0,0.9809,0.0191,0.5,0.50508,-0.00508,1.0,0.98787,0.01213,0.5,0.56154,-0.06154
8,7256,158112.5,HOLD_2,1.0,0.97917,0.02083,0.5,0.50508,-0.00508,1.0,0.99133,0.00867,0.5,0.55962,-0.05962
8,7257,158133.1,HOLD_2,1.0,0.98264,0.01736,0.5,0.50508,-0.00508,1.0,0.99133,0.00867,0.5,0.55962,-0.05962
8,7258,158155.2,HOLD_2,1.0,0.98438,0.01562,0.5,0.50678,-0.00678,1.0,0.99307,0.00693,0.5,0.55962,-0.05962
8,7259,158175.3,HOLD_2,1.0,0.98438,0.01562,0.5,0.50678,-0.00678,1.0,0.99653,0.00347,0.5,0.56154,-0.06154
8,7260,158196.4,HOLD_2,1.0,0.98785,0.01215,0.5,0.50508,-0.00508,1.0,0.99653,0.00347,0.5,0.55962,-0.05962
8,7261,158217.3,HOLD_2,1.0,0.98958,0.01042,0.5,0.50508,-0.00508,1.0,0.99307,0.00693,0.5,0.55962,-0.05962
8,7262,158237.7,HOLD_2,1.0,0.99306,0.00694,0.5,0.50508,-0.00508,1.0,0.9948,0.0052,0.5,0.55962,-0.05962
8,7263,158259.0,HOLD_2,1.0,0.99479,0.00521,0.5,0.50508,-0.00508,1.0,0.99307,0.00693,0.5,0.56154,-0.06154
8,7264,158280.1,HOLD_2,1.0,0.99479,0.00521,0.5,0.50508,-0.00508,1.0,0.9948,0.0052,0.5,0.55962,-0.05962
8,7265,158300.4,HOLD_2,1.0,0.99479,0.00521,0.5,0.50508,-0.00508,1.0,0.99307,0.00693,0.5,0.56346,-0.06346
8,7266,158320.1,HOLD_2,1.0,0.99479,0.00521,0.5,0.50508,-0.00508,1.0,0.9948,0.0052,0.5,0.56154,-0.06154
8,7267,158341.4,HOLD_2,1.0,0.99306,0.00694,0.5,0.50678,-0.00678,1.0,0.9948,0.0052,0.5,0.56154,-0.06154
8,7268,158362.1,HOLD_2,1.0,0.99479,0.00521,0.5,0.50508,-0.00508,1.0,0.99653,0.00347,0.5,0.56346,-0.06346
8,7269,158383.1,HOLD_2,1.0,0.99479,0.00521,0.5,0.50678,-0.00678,1.0,0.9948,0.0052,0.5,0.56154,-0.06154
8,7270,158403.4,HOLD_2,1.0,0.99479,0.00521,0.5,0.50678,-0.00678,1.0,0.9948,0.0052,0.5,0.55962,-0.05962
8,7271,158424.3,HOLD_2,1.0,0.99479,0.00521,0.5,0.50508,-0.00508,1.0,0.9948,0.0052,0.5,0.56154,-0.06154
8,7272,158445.2,HOLD_2,1.0,0.99306,0.00694,0.5,0.50508,-0.00508,1.0,0.9948,0.0052,0.5,0.56154,-0.06154
8,7273,158466.3,HOLD_2,1.0,0.99479,0.00521,0.5,0.50678,-0.00678,1.0,0.9948,0.0052,0.5,0.56154,-0.06154
8,7274,158486.8,HOLD_2,1.0,0.99306,0.00694,0.5,0.50508,-0.00508,1.0,0.9948,0.0052,0.5,0.56154,-0.06154
8,7275,158507.2,HOLD_2,1.0,0.99306,0.00694,0.5,0.50508,-0.00508,1.0,0.99307,0.00693,0.5,0.55962,-0.05962
8,7276,158529.6,HOLD_2,1.0,0.99479,0.00521,0.5,0.50508,-0.00508,1.0,0.9948,0.0052,0.5,0.56154,-0.06154
8,7277,158549.5,HOLD_2,1.0,0.99653,0.00347,0.5,0.50678,-0.00678,1.0,0.99653,0.00347,0.5,0.56154,-0.06154
8,7278,158570.0,HOLD_2,1.0,0.99479,0.00521,0.5,0.50678,-0.00678,1.0,0.99307,0.00693,0.5,0.56154,-0.06154
8,7279,158591.9,HOLD_2,1.0,0.99479,0.00521,0.5,0.50678,-0.00678,1.0,0.99307,0.00693,0.5,0.56154,-0.06154
8,7280,158612.4,HOLD_2,1.0,0.99479,0.00521,0.5,0.50508,-0.00508,1.0,0.9948,0.0052,0.5,0.56154,-0.06154
8,7281,158634.0,HOLD_2,1.0,0.99479,0.00521,0.5,0.50678,-0.00678,1.0,0.9948,0.0052,0.5,0.56154,-0.06154
8,7282,158654.0,HOLD_2,1.0,0.99479,0.00521,0.5,0.50508,-0.00508,1.0,0.9948,0.0052,0.5,0.56154,-0.06154
8,7283,158675.4,HOLD_2,1.0,0.99479,0.00521,0.5,0.50508,-0.00508,1.0,0.99307,0.00693,0.5,0.56154,-0.06154
8,7284,158695.2,HOLD_2,1.0,0.99306,0.00694,0.5,0.50847,-0.00847,1.0,0.99307,0.00693,0.5,0.56154,-0.06154
8,7285,158716.9,HOLD_2,1.0,0.99132,0.00868,0.5,0.50678,-0.00678,1.0,0.99827,0.00173,0.5,0.55962,-0.05962
8,7286,158736.1,HOLD_2,1.0,0.99479,0.00521,0.5,0.50678,-0.00678,1.0,0.9948,0.0052,0.5,0.55962,-0.05962
8,7287,158758.0,HOLD_2,1.0,0.99479,0.00521,0.5,0.50508,-0.00508,1.0,0.9948,0.0052,0.5,0.56154,-0.06154
8,7288,158778.9,HOLD_2,1.0,0.99653,0.00347,0.5,0.50508,-0.00508,1.0,0.99653,0.00347,0.5,0.56154,-0.06154
8,7289,158799.8,HOLD_2,1.0,0.99306,0.00694,0.5,0.50508,-0.00508,1.0,0.99307,0.00693,0.5,0.56154,-0.06154
9,7290,159624.1,SETTLE,0.0,0.59201,-0.59201,0.0,0.13729,-0.13729,0.0,0.57192,-0.57192,0.0,0.13077,-0.13077
9,7291,159644.8,SETTLE,0.0,0.57812,-0.57812,0.0,0.12542,-0.12542,0.0,0.56153,-0.56153,0.0,0.11346,-0.11346
9,7292,159665.4,SETTLE,0.0,0.56771,-0.56771,0.0,0.11864,-0.11864,0.0,0.54419,-0.54419,0.0,0.1,-0.1
9,7293,159685.9,SETTLE,0.0,0.55382,-0.55382,0.0,0.10508,-0.10508,0.0,0.5338,-0.5338,0.0,0.08846,-0.08846
9,7294,159707.4,SETTLE,0.0,0.54514,-0.54514,0.0,0.09322,-0.09322,0.0,0.52513,-0.52513,0.0,0.075,-0.075
9,7295,159728.5,SETTLE,0.0,0.53299,-0.53299,0.0,0.08136,-0.08136,0.0,0.50433,-0.50433,0.0,0.05962,-0.05962
9,7296,159748.9,SETTLE,0.0,0.51389,-0.51389,0.0,0.07288,-0.07288,0.0,0.4818,-0.4818,0.0,0.05192,-0.05192
9,7297,159769.8,SETTLE,0.0,0.49132,-0.49132,0.0,0.06441,-0.06441,0.0,0.47314,-0.47314,0.0,0.03846,-0.03846
9,7298,159791.5,SETTLE,0.0,0.47917,-0.47917,0.0,0.05254,-0.05254,0.0,0.45927,-0.45927,0.0,0.02692,-0.02692
9,7299,159812.7,SETTLE,0.0,0.46701,-0.46701,0.0,0.04407,-0.04407,0.0,0.44887,-0.44887,0.0,0.01538,-0.01538
9,7300,159832.5,SETTLE,0.0,0.4566,-0.4566,0.0,0.03559,-0.03559,0.0,0.43674,-0.43674,0.0,0.00385,-0.00385
9,7301,159852.9,SETTLE,0.0,0.44271,-0.44271,0.0,0.02203,-0.02203,0.0,0.42288,-0.42288,0.0,0.0,0.0
9,7302,159872.9,SETTLE,0.0,0.43056,-0.43056,0.0,0.01695,-0.01695,0.0,0.41075,-0.41075,0.0,0.0,0.0
9,7303,159895.5,SETTLE,0.0,0.4184,-0.4184,0.0,0.00847,-0.00847,0.0,0.39515,-0.39515,0.0,0.0,0.0
9,7304,159916.2,SETTLE,0.0,0.39931,-0.39931,0.0,0.00508,-0.00508,0.0,0.38302,-0.38302,0.0,0.0,0.0
9,7305,159936.5,SETTLE,0.0,0.3941,-0.3941,0.0,0.0,0.0,0.0,0.37262,-0.37262,0.0,0.0,0.0
9,7306,159957.2,SETTLE,0.0,0.38021,-0.38021,0.0,0.0,0.0,0.0,0.35702,-0.35702,0.0,0.0,0.0
9,7307,159977.9,SETTLE,0.0,0.36806,-0.36806,0.0,0.0,0.0,0.0,0.34835,-0.34835,0.0,0.0,0.0
9,7308,160000.2,SETTLE,0.0,0.3559,-0.3559,0.0,0.0,0.0,0.0,0.33102,-0.33102,0.0,0.0,0.0
9,7309,160019.8,SETTLE,0.0,0.34201,-0.34201,0.0,0.0,0.0,0.0,0.31889,-0.31889,0.0,0.0,0.0
9,7310,160040.7,SETTLE,0.0,0.32986,-0.32986,0.0,0.0,0.0,0.0,0.30849,-0.30849,0.0,0.0,0.0
9,7311,160061.1,SETTLE,0.0,0.31771,-0.31771,0.0,0.0,0.0,0.0,0.29636,-0.29636,0.0,0.0,0.0
9,7312,160082.4,SETTLE,0.0,0.30382,-0.30382,0.0,0.0,0.0,0.0,0.28596,-0.28596,0.0,0.0,0.0
9,7313,160102.6,SETTLE,0.0,0.2934,-0.2934,0.0,0.0,0.0,0.0,0.2721,-0.2721,0.0,0.0,0.0
9,7314,160124.1,SETTLE,0.0,0.27778,-0.27778,0.0,0.0,0.0,0.0,0.2617,-0.2617,0.0,0.0,0.0
9,7315,160144.9,SETTLE,0.0,0.26389,-0.26389,0.0,0.0,0.0,0.0,0.24957,-0.24957,0.0,0.0,0.0
9,7316,160165.7,SETTLE,0.0,0.25174,-0.25174,0.0,0.0,0.0,0.0,0.23744,-0.23744,0.0,0.0,0.0
9,7317,160186.9,SETTLE,0.0,0.23785,-0.23785,0.0,0.0,0.0,0.0,0.2253,-0.2253,0.0,0.0,0.0
9,7318,160207.6,SETTLE,0.0,0.22917,-0.22917,0.0,0.0,0.0,0.0,0.21317,-0.21317,0.0,0.0,0.0
9,7319,160227.9,SETTLE,0.0,0.21354,-0.21354,0.0,0.0,0.0,0.0,0.19931,-0.19931,0.0,0.0,0.0
9,7320,160251.4,CLOSE,0.005,0.20139,-0.19639,0.005,0.0,0.005,0.005,0.18371,-0.17871,0.005,0.0,0.005
9,7321,160272.9,CLOSE,0.01,0.1875,-0.1775,0.01,0.0,0.01,0.01,0.17158,-0.16158,0.01,0.0,0.01
9,7322,160293.5,CLOSE,0.015,0.17361,-0.15861,0.015,0.0,0.015,0.015,0.15945,-0.14445,0.015,0.00192,0.01308
9,7323,160314.5,CLOSE,0.02,0.15972,-0.13972,0.02,0.0,0.02,0.02,0.14731,-0.12731,0.02,0.00385,0.01615
9,7324,160335.7,CLOSE,0.025,0.1441,-0.1191,0.025,0.0,0.025,0.025,0.13692,-0.11192,0.025,0.00385,0.02115
9,7325,160355.3,CLOSE,0.03,0.13368,-0.10368,0.03,0.0,0.03,0.03,0.12478,-0.09478,0.03,0.00385,0.02615
9,7326,160375.2,CLOSE,0.035,0.12326,-0.08826,0.035,0.0,0.035,0.035,0.11438,-0.07938,0.035,0.00385,0.03115
9,7327,160397.2,CLOSE,0.04,0.10764,-0.06764,0.04,0.0,0.04,0.04,0.10052,-0.06052,0.04,0.00385,0.03615
9,7328,160417.4,CLOSE,0.045,0.09549,-0.05049,0.045,0.0,0.045,0.045,0.08839,-0.04339,0.045,0.00385,0.04115
9,7329,160438.3,CLOSE,0.05,0.08507,-0.03507,0.05,0.0,0.05,0.05,0.07626,-0.02626,0.05,0.00385,0.04615
9,7330,160458.6,CLOSE,0.055,0.07292,-0.01792,0.055,0.0,0.055,0.055,0.05893,-0.00393,0.055,0.01346,0.04154
9,7331,160480.0,CLOSE,0.06,0.06771,-0.00771,0.06,0.00508,0.05492,0.06,0.05893,0.00107,0.06,0.01154,0.04846
9,7332,160500.4,CLOSE,0.065,0.05382,0.01118,0.065,0.01356,0.05144,0.065,0.04853,0.01647,0.065,0.00962,0.05538
9,7333,160521.6,CLOSE,0.07,0.0434,0.0266,0.07,0.02712,0.04288,0.07,0.03986,0.03014,0.07,0.01346,0.05654
9,7334,160542.5,CLOSE,0.075,0.03646,0.03854,0.075,0.0339,0.0411,0.075,0.03293,0.04207,0.075,0.02308,0.05192
9,7335,160563.8,CLOSE,0.08,0.02951,0.05049,0.08,0.03729,0.04271,0.08,0.02773,0.05227,0.08,0.02308,0.05692
9,7336,160584.4,CLOSE,0.085,0.03472,0.05028,0.085,0.04576,0.03924,0.085,0.02426,0.06074,0.085,0.02885,0.05615
9,7337,160605.2,CLOSE,0.09,0.02778,0.06222,0.09,0.05424,0.03576,0.09,0.0312,0.0588,0.09,0.03462,0.05538
9,7338,160625.7,CLOSE,0.095,0.02951,0.06549,0.095,0.06271,0.03229,0.095,0.0312,0.0638,0.095,0.04231,0.05269
9,7339,160647.0,CLOSE,0.1,0.03472,0.06528,0.1,0.07119,0.02881,0.1,0.02773,0.07227,0.1,0.04808,0.05192
9,7340,160668.7,CLOSE,0.105,0.04167,0.06333,0.105,0.07797,0.02703,0.105,0.03466,0.07034,0.105,0.05577,0.04923
9,7341,160689.2,CLOSE,0.11,0.05729,0.05271,0.11,0.08305,0.02695,0.11,0.04159,0.06841,0.11,0.06346,0.04654
9,7342,160710.4,CLOSE,0.115,0.05903,0.05597,0.115,0.08983,0.02517,0.115,0.05199,0.06301,0.115,0.07115,0.04385
9,7343,160731.6,CLOSE,0.12,0.06771,0.05229,0.12,0.09492,0.02508,0.12,0.06066,0.05934,0.12,0.07885,0.04115
9,7344,160751.2,CLOSE,0.125,0.08333,0.04167,0.125,0.1,0.025,0.125,0.06586,0.05914,0.125,0.08654,0.03846
9,7345,160771.8,CLOSE,0.13,0.08507,0.04493,0.13,0.10169,0.02831,0.13,0.07279,0.05721,0.13,0.1,0.03
9,7346,160792.6,CLOSE,0.135,0.09375,0.04125,0.135,0.10508,0.02992,0.135,0.08146,0.05354,0.135,0.1,0.035
9,7347,160812.0,CLOSE,0.14,0.10243,0.03757,0.14,0.11017,0.02983,0.14,0.09012,0.04988,0.14,0.10769,0.03231
9,7348,160834.0,CLOSE,0.145,0.11111,0.03389,0.145,0.10847,0.03653,0.145,0.10052,0.04448,0.145,0.11346,0.03154
9,7349,160854.3,CLOSE,0.15,0.11979,0.03021,0.15,0.11186,0.03814,0.15,0.10919,0.04081,0.15,0.12115,0.02885
9,7350,160875.9,CLOSE,0.155,0.12326,0.03174,0.155,0.11356,0.04144,0.155,0.11785,0.03715,0.155,0.12692,0.02808
9,7351,160897.1,CLOSE,0.16,0.13021,0.02979,0.16,0.11525,0.04475,0.16,0.12652,0.03348,0.16,0.13269,0.02731
9,7352,160917.8,CLOSE,0.165,0.13542,0.02958,0.165,0.12712,0.03788,0.165,0.13172,0.03328,0.165,0.13846,0.02654
9,7353,160938.4,CLOSE,0.17,0.14062,0.02938,0.17,0.12373,0.04627,0.17,0.13865,0.03135,0.17,0.14615,0.02385
9,7354,160959.6,CLOSE,0.175,0.14757,0.02743,0.175,0.12373,0.05127,0.175,0.14385,0.03115,0.175,0.14808,0.02692
9,7355,160980.6,CLOSE,0.18,0.15104,0.02896,0.18,0.12881,0.05119,0.18,0.14731,0.03269,0.18,0.15385,0.02615
9,7356,161000.7,CLOSE,0.185,0.15625,0.02875,0.185,0.1322,0.0528,0.185,0.15251,0.03249,0.185,0.15577,0.02923
9,7357,161021.9,CLOSE,0.19,0.15972,0.03028,0.19,0.13729,0.05271,0.19,0.15598,0.03402,0.19,0.16154,0.02846
9,7358,161042.4,CLOSE,0.195,0.16146,0.03354,0.195,0.14576,0.04924,0.195,0.16291,0.03209,0.195,0.17115,0.02385
9,7359,161064.3,CLOSE,0.2,0.16667,0.03333,0.2,0.14915,0.05085,0.2,0.16291,0.03709,0.2,0.16923,0.03077
9,7360,161084.7,CLOSE,0.205,0.17188,0.03313,0.205,0.15932,0.04568,0.205,0.16638,0.03862,0.205,0.175,0.03
9,7361,161105.3,CLOSE,0.21,0.17361,0.03639,0.21,0.16102,0.04898,0.21,0.17331,0.03669,0.21,0.18077,0.02923
9,7362,161125.9,CLOSE,0.215,0.18229,0.03271,0.215,0.1678,0.0472,0.215,0.17331,0.04169,0.215,0.18462,0.03038
9,7363,161147.5,CLOSE,0.22,0.18229,0.03771,0.22,0.17797,0.04203,0.22,0.18371,0.03629,0.22,0.19038,0.02962
9,7364,161168.3,CLOSE,0.225,0.1875,0.0375,0.225,0.17627,0.04873,0.225,0.18718,0.03782,0.225,0.19423,0.03077
9,7365,161190.1,CLOSE,0.23,0.19444,0.03556,0.23,0.18136,0.04864,0.23,0.19237,0.03763,0.23,0.2,0.03
9,7366,161210.5,CLOSE,0.235,0.19618,0.03882,0.235,0.19153,0.04347,0.235,0.19411,0.04089,0.235,0.20769,0.02731
9,7367,161231.2,CLOSE,0.24,0.20312,0.03688,0.24,0.19322,0.04678,0.24,0.19931,0.04069,0.24,0.21923,0.02077
9,7368,161252.0,CLOSE,0.245,0.20833,0.03667,0.245,0.2,0.045,0.245,0.20624,0.03876,0.245,0.22885,0.01615
9,7369,161272.5,CLOSE,0.25,0.21354,0.03646,0.25,0.20508,0.04492,0.25,0.21144,0.03856,0.25,0.23462,0.01538
9,7370,161292.8,CLOSE,0.255,0.21701,0.03799,0.255,0.21186,0.04314,0.255,0.21664,0.03836,0.255,0.24423,0.01077
9,7371,161312.3,CLOSE,0.26,0.22396,0.03604,0.26,0.21525,0.04475,0.26,0.2201,0.0399,0.26,0.24808,0.01192
9,7372,161332.9,CLOSE,0.265,0.22917,0.03583,0.265,0.22203,0.04297,0.265,0.22704,0.03796,0.265,0.25577,0.00923
9,7373,161354.6,CLOSE,0.27,0.23611,0.03389,0.27,0.22712,0.04288,0.27,0.23397,0.03603,0.27,0.25962,0.01038
9,7374,161374.9,CLOSE,0.275,0.23785,0.03715,0.275,0.23051,0.04449,0.275,0.23917,0.03583,0.275,0.26346,0.01154
9,7375,161396.0,CLOSE,0.28,0.24479,0.03521,0.28,0.23898,0.04102,0.28,0.24263,0.03737,0.28,0.26731,0.01269
9,7376,161416.7,CLOSE,0.285,0.25,0.035,0.285,0.25424,0.03076,0.285,0.2461,0.0389,0.285,0.27115,0.01385
9,7377,161437.4,CLOSE,0.29,0.25521,0.03479,0.29,0.25932,0.03068,0.29,0.2565,0.0335,0.29,0.27308,0.01692
9,7378,161458.1,CLOSE,0.295,0.26562,0.02938,0.295,0.25932,0.03568,0.295,0.2565,0.0385,0.295,0.27885,0.01615
9,7379,161480.2,CLOSE,0.3,0.26562,0.03438,0.3,0.26441,0.03559,0.3,0.2669,0.0331,0.3,0.28462,0.01538
9,7380,161500.3,CLOSE,0.305,0.27083,0.03417,0.305,0.2678,0.0372,0.305,0.2721,0.0329,0.305,0.29423,0.01077
9,7381,161520.7,CLOSE,0.31,0.27778,0.03222,0.31,0.27288,0.03712,0.31,0.27903,0.03097,0.31,0.29231,0.01769
9,7382,161541.4,CLOSE,0.315,0.28472,0.03028,0.315,0.27627,0.03873,0.315,0.2825,0.0325,0.315,0.29808,0.01692
9,7383,161562.4,CLOSE,0.32,0.28819,0.03181,0.32,0.27966,0.04034,0.32,0.2825,0.0375,0.32,0.30385,0.01615
9,7384,161584.0,CLOSE,0.325,0.2934,0.0316,0.325,0.28475,0.04025,0.325,0.29463,0.03037,0.325,0.31154,0.01346
9,7385,161604.7,CLOSE,0.33,0.29861,0.03139,0.33,0.28983,0.04017,0.33,0.29289,0.03711,0.33,0.31731,0.01269
9,7386,161625.1,CLOSE,0.335,0.30382,0.03118,0.335,0.29322,0.04178,0.335,0.29809,0.03691,0.335,0.32308,0.01192
9,7387,161646.9,CLOSE,0.34,0.30903,0.03097,0.34,0.29831,0.04169,0.34,0.30503,0.03497,0.34,0.33077,0.00923
9,7388,161666.9,CLOSE,0.345,0.31424,0.03076,0.345,0.30169,0.04331,0.345,0.30849,0.03651,0.345,0.34423,0.00077
9,7389,161688.8,CLOSE,0.35,0.31944,0.03056,0.35,0.30678,0.04322,0.35,0.31369,0.03631,0.35,0.34808,0.00192
9,7390,161709.8,CLOSE,0.355,0.32465,0.03035,0.355,0.31525,0.03975,0.355,0.31889,0.03611,0.355,0.35577,-0.00077
9,7391,161729.9,CLOSE,0.36,0.32986,0.03014,0.36,0.32034,0.03966,0.36,0.32582,0.03418,0.36,0.35962,0.00038
9,7392,161751.0,CLOSE,0.365,0.33507,0.02993,0.365,0.32373,0.04127,0.365,0.33276,0.03224,0.365,0.36731,-0.00231
9,7393,161771.9,CLOSE,0.37,0.34028,0.02972,0.37,0.32712,0.04288,0.37,0.33276,0.03724,0.37,0.36923,0.00077
9,7394,161792.0,CLOSE,0.375,0.34896,0.02604,0.375,0.3322,0.0428,0.375,0.33276,0.04224,0.375,0.37308,0.00192
9,7395,161812.7,CLOSE,0.38,0.35243,0.02757,0.38,0.33729,0.04271,0.38,0.33622,0.04378,0.38,0.37885,0.00115
9,7396,161833.3,CLOSE,0.385,0.35069,0.03431,0.385,0.34237,0.04263,0.385,0.34315,0.04185,0.385,0.38269,0.00231
9,7397,161854.5,CLOSE,0.39,0.35417,0.03583,0.39,0.35254,0.03746,0.39,0.35009,0.03991,0.39,0.38654,0.00346
9,7398,161875.0,CLOSE,0.395,0.35243,0.04257,0.395,0.35763,0.03737,0.395,0.35355,0.04145,0.395,0.39615,-0.00115
9,7399,161896.0,CLOSE,0.4,0.35764,0.04236,0.4,0.35932,0.04068,0.4,0.36222,0.03778,0.4,0.40192,-0.00192
9,7400,161917.1,CLOSE,0.405,0.36458,0.04042,0.405,0.36102,0.04398,0.405,0.36742,0.03758,0.405,0.40577,-0.00077
9,7401,161937.9,CLOSE,0.41,0.36979,0.04021,0.41,0.36441,0.04559,0.41,0.37435,0.03565,0.41,0.41154,-0.00154
9,7402,161958.4,CLOSE,0.415,0.37847,0.03653,0.415,0.37119,0.04381,0.415,0.37955,0.03545,0.415,0.41731,-0.00231
9,7403,161979.9,CLOSE,0.42,0.38368,0.03632,0.42,0.37627,0.04373,0.42,0.38475,0.03525,0.42,0.42115,-0.00115
9,7404,162001.4,CLOSE,0.425,0.39062,0.03438,0.425,0.38136,0.04364,0.425,0.39168,0.03332,0.425,0.42692,-0.00192
9,7405,162022.1,CLOSE,0.43,0.40278,0.02722,0.43,0.38644,0.04356,0.43,0.39688,0.03312,0.43,0.43462,-0.00462
9,7406,162042.7,CLOSE,0.435,0.40625,0.02875,0.435,0.38983,0.04517,0.435,0.40208,0.03292,0.435,0.44423,-0.00923
9,7407,162064.1,CLOSE,0.44,0.41146,0.02854,0.44,0.39492,0.04508,0.44,0.41075,0.02925,0.44,0.44423,-0.00423
9,7408,162085.4,CLOSE,0.445,0.41493,0.03007,0.445,0.4,0.045,0.445,0.41768,0.02732,0.445,0.45,-0.005
9,7409,162106.7,CLOSE,0.45,0.42014,0.02986,0.45,0.40169,0.04831,0.45,0.41941,0.03059,0.45,0.45577,-0.00577
9,7410,162126.6,CLOSE,0.455,0.42535,0.02965,0.455,0.41017,0.04483,0.455,0.42461,0.03039,0.455,0.46346,-0.00846
9,7411,162148.2,CLOSE,0.46,0.43056,0.02944,0.46,0.41864,0.04136,0.46,0.43328,0.02672,0.46,0.46923,-0.00923
9,7412,162168.5,CLOSE,0.465,0.43924,0.02576,0.465,0.41695,0.04805,0.465,0.43501,0.02999,0.465,0.47308,-0.00808
9,7413,162189.3,CLOSE,0.47,0.44792,0.02208,0.47,0.42712,0.04288,0.47,0.44021,0.02979,0.47,0.47885,-0.00885
9,7414,162209.5,CLOSE,0.475,0.44792,0.02708,0.475,0.42542,0.04958,0.475,0.44541,0.02959,0.475,0.48462,-0.00962
9,7415,162230.9,CLOSE,0.48,0.45486,0.02514,0.48,0.43559,0.04441,0.48,0.45061,0.02939,0.48,0.49615,-0.01615
9,7416,162250.9,CLOSE,0.485,0.46007,0.02493,0.485,0.44068,0.04432,0.485,0.45234,0.03266,0.485,0.49808,-0.01308
9,7417,162271.4,CLOSE,0.49,0.46354,0.02646,0.49,0.44576,0.04424,0.49,0.45927,0.03073,0.49,0.50385,-0.01385
9,7418,162292.7,CLOSE,0.495,0.46875,0.02625,0.495,0.44746,0.04754,0.495,0.46447,0.03053,0.495,0.50962,-0.01462
9,7419,162313.4,CLOSE,0.5,0.47396,0.02604,0.5,0.45424,0.04576,0.5,0.46794,0.03206,0.5,0.51538,-0.01538
9,7420,162334.5,CLOSE,0.505,0.48438,0.02063,0.5,0.45932,0.04068,0.505,0.4714,0.0336,0.5,0.52115,-0.02115
9,7421,162355.6,CLOSE,0.51,0.48264,0.02736,0.5,0.46441,0.03559,0.51,0.46967,0.04033,0.5,0.52692,-0.02692
9,7422,162376.1,CLOSE,0.515,0.48611,0.02889,0.5,0.47288,0.02712,0.515,0.48007,0.03493,0.5,0.53846,-0.03846
9,7423,162396.3,CLOSE,0.52,0.49132,0.02868,0.5,0.47797,0.02203,0.52,0.4818,0.0382,0.5,0.53846,-0.03846
9,7424,162417.4,CLOSE,0.525,0.51042,0.01458,0.5,0.48644,0.01356,0.525,0.48873,0.03627,0.5,0.54231,-0.04231
9,7425,162438.6,CLOSE,0.53,0.50694,0.02306,0.5,0.49153,0.00847,0.53,0.50087,0.02913,0.5,0.54423,-0.04423
9,7426,162458.9,CLOSE,0.535,0.51042,0.02458,0.5,0.49831,0.00169,0.535,0.50433,0.03067,0.5,0.55192,-0.05192
9,7427,162480.4,CLOSE,0.54,0.5191,0.0209,0.5,0.50339,-0.00339,0.54,0.51473,0.02527,0.5,0.55192,-0.05192
9,7428,162503.0,CLOSE,0.545,0.52951,0.01549,0.5,0.51017,-0.01017,0.545,0.5234,0.0216,0.5,0.55385,-0.05385
9,7429,162522.3,CLOSE,0.55,0.53125,0.01875,0.5,0.51186,-0.01186,0.55,0.52513,0.02487,0.5,0.55962,-0.05962
9,7430,162544.3,CLOSE,0.555,0.53299,0.02201,0.5,0.51356,-0.01356,0.555,0.5286,0.0264,0.5,0.55962,-0.05962
9,7431,162562.8,CLOSE,0.56,0.53472,0.02528,0.5,0.51356,-0.01356,0.56,0.53206,0.02794,0.5,0.55769,-0.05769
9,7432,162584.2,CLOSE,0.565,0.53819,0.02681,0.5,0.51525,-0.01525,0.565,0.53553,0.02947,0.5,0.55769,-0.05769
9,7433,162605.4,CLOSE,0.57,0.53646,0.03354,0.5,0.51356,-0.01356,0.57,0.54419,0.02581,0.5,0.55769,-0.05769
9,7434,162626.7,CLOSE,0.575,0.54167,0.03333,0.5,0.51525,-0.01525,0.575,0.54593,0.02907,0.5,0.55769,-0.05769
9,7435,162647.5,CLOSE,0.58,0.5434,0.0366,0.5,0.51864,-0.01864,0.58,0.54939,0.03061,0.5,0.55962,-0.05962
9,7436,162667.5,CLOSE,0.585,0.54688,0.03813,0.5,0.51356,-0.01356,0.585,0.55459,0.03041,0.5,0.55769,-0.05769
9,7437,162689.0,CLOSE,0.59,0.55208,0.03792,0.5,0.51356,-0.01356,0.59,0.55979,0.03021,0.5,0.55962,-0.05962
9,7438,162710.4,CLOSE,0.595,0.55903,0.03597,0.5,0.51186,-0.01186,0.595,0.57019,0.02481,0.5,0.55769,-0.05769
9,7439,162729.6,CLOSE,0.6,0.56076,0.03924,0.5,0.51186,-0.01186,0.6,0.57019,0.02981,0.5,0.55769,-0.05769
9,7440,162750.6,CLOSE,0.605,0.56597,0.03903,0.5,0.51356,-0.01356,0.605,0.57192,0.03308,0.5,0.55962,-0.05962
9,7441,162771.5,CLOSE,0.61,0.57118,0.03882,0.5,0.51356,-0.01356,0.61,0.57712,0.03288,0.5,0.55962,-0.05962
9,7442,162792.3,CLOSE,0.615,0.57986,0.03514,0.5,0.51356,-0.01356,0.615,0.58059,0.03441,0.5,0.55769,-0.05769
9,7443,162813.2,CLOSE,0.62,0.58681,0.03319,0.5,0.51356,-0.01356,0.62,0.58406,0.03594,0.5,0.55769,-0.05769
9,7444,162833.7,CLOSE,0.625,0.59201,0.03299,0.5,0.51356,-0.01356,0.625,0.59445,0.03055,0.5,0.55769,-0.05769
9,7445,162853.9,CLOSE,0.63,0.59549,0.03451,0.5,0.51186,-0.01186,0.63,0.59965,0.03035,0.5,0.55769,-0.05769
9,7446,162873.7,CLOSE,0.635,0.60069,0.03431,0.5,0.51525,-0.01525,0.635,0.59619,0.03881,0.5,0.55769,-0.05769
9,7447,162894.9,CLOSE,0.64,0.60764,0.03236,0.5,0.51356,-0.01356,0.64,0.60312,0.03688,0.5,0.55769,-0.05769
9,7448,162916.7,CLOSE,0.645,0.60764,0.03736,0.5,0.51186,-0.01186,0.645,0.60659,0.03841,0.5,0.55769,-0.05769
9,7449,162937.3,CLOSE,0.65,0.62326,0.02674,0.5,0.51356,-0.01356,0.65,0.61179,0.03821,0.5,0.55769,-0.05769
9,7450,162959.1,CLOSE,0.655,0.625,0.03,0.5,0.50847,-0.00847,0.655,0.61872,0.03628,0.5,0.55769,-0.05769
9,7451,162979.6,CLOSE,0.66,0.63021,0.02979,0.5,0.50339,-0.00339,0.66,0.62565,0.03435,0.5,0.55962,-0.05962
9,7452,163000.2,CLOSE,0.665,0.64062,0.02438,0.5,0.49661,0.00339,0.665,0.63085,0.03415,0.5,0.55962,-0.05962
9,7453,163021.3,CLOSE,0.67,0.64583,0.02417,0.5,0.49492,0.00508,0.67,0.63432,0.03568,0.5,0.55769,-0.05769
9,7454,163043.0,CLOSE,0.675,0.64757,0.02743,0.5,0.49492,0.00508,0.675,0.64645,0.02855,0.5,0.55962,-0.05962
9,7455,163064.2,CLOSE,0.68,0.65625,0.02375,0.5,0.48814,0.01186,0.68,0.65165,0.02835,0.5,0.55962,-0.05962
9,7456,163084.2,CLOSE,0.685,0.65972,0.02528,0.5,0.48983,0.01017,0.685,0.65338,0.03162,0.5,0.55962,-0.05962
9,7457,163103.1,CLOSE,0.69,0.66319,0.02681,0.5,0.48983,0.01017,0.69,0.65685,0.03315,0.5,0.55962,-0.05962
9,7458,163122.9,CLOSE,0.695,0.6684,0.0266,0.5,0.48983,0.01017,0.695,0.66205,0.03295,0.5,0.55769,-0.05769
9,7459,163145.4,CLOSE,0.7,0.67361,0.02639,0.5,0.48983,0.01017,0.7,0.67071,0.02929,0.5,0.55962,-0.05962
9,7460,163167.1,CLOSE,0.705,0.67882,0.02618,0.5,0.48983,0.01017,0.705,0.67418,0.03082,0.5,0.55962,-0.05962
9,7461,163188.8,CLOSE,0.71,0.68576,0.02424,0.5,0.48983,0.01017,0.71,0.67764,0.03236,0.5,0.55962,-0.05962
9,7462,163209.0,CLOSE,0.715,0.68924,0.02576,0.5,0.49153,0.00847,0.715,0.68284,0.03216,0.5,0.55769,-0.05769
9,7463,163229.4,CLOSE,0.72,0.69444,0.02556,0.5,0.48814,0.01186,0.72,0.68804,0.03196,0.5,0.55962,-0.05962
9,7464,163251.0,CLOSE,0.725,0.69792,0.02708,0.5,0.48983,0.01017,0.725,0.69324,0.03176,0.5,0.55962,-0.05962
9,7465,163271.9,CLOSE,0.73,0.70312,0.02688,0.5,0.49153,0.00847,0.73,0.69844,0.03156,0.5,0.55769,-0.05769
9,7466,163292.3,CLOSE,0.735,0.7066,0.0284,0.5,0.49153,0.00847,0.735,0.70191,0.03309,0.5,0.55962,-0.05962
9,7467,163313.0,CLOSE,0.74,0.72222,0.01778,0.5,0.48983,0.01017,0.74,0.70711,0.03289,0.5,0.55962,-0.05962
9,7468,163334.2,CLOSE,0.745,0.71701,0.02799,0.5,0.48983,0.01017,0.745,0.71057,0.03443,0.5,0.55769,-0.05769
9,7469,163354.8,CLOSE,0.75,0.72222,0.02778,0.5,0.46441,0.03559,0.75,0.71577,0.03423,0.5,0.55962,-0.05962
9,7470,163375.8,CLOSE,0.755,0.72222,0.03278,0.5,0.49153,0.00847,0.755,0.72617,0.02883,0.5,0.55962,-0.05962
9,7471,163396.7,CLOSE,0.76,0.72743,0.03257,0.5,0.49831,0.00169,0.76,0.72444,0.03556,0.5,0.55962,-0.05962
9,7472,163417.3,CLOSE,0.765,0.73438,0.03063,0.5,0.50508,-0.00508,0.765,0.72964,0.03536,0.5,0.55962,-0.05962
9,7473,163438.7,CLOSE,0.77,0.73785,0.03215,0.5,0.50678,-0.00678,0.77,0.7383,0.0317,0.5,0.55962,-0.05962
9,7474,163459.3,CLOSE,0.775,0.75174,0.02326,0.5,0.50847,-0.00847,0.775,0.74177,0.03323,0.5,0.55962,-0.05962
9,7475,163479.9,CLOSE,0.78,0.75521,0.02479,0.5,0.50678,-0.00678,0.78,0.7487,0.0313,0.5,0.55962,-0.05962
9,7476,163500.9,CLOSE,0.785,0.75347,0.03153,0.5,0.50847,-0.00847,0.785,0.75043,0.03457,0.5,0.55962,-0.05962
9,7477,163522.1,CLOSE,0.79,0.75868,0.03132,0.5,0.50847,-0.00847,0.79,0.75737,0.03263,0.5,0.55962,-0.05962
9,7478,163543.3,CLOSE,0.795,0.76389,0.03111,0.5,0.50847,-0.00847,0.795,0.76256,0.03244,0.5,0.55962,-0.05962
9,7479,163564.6,CLOSE,0.8,0.77083,0.02917,0.5,0.50847,-0.00847,0.8,0.7695,0.0305,0.5,0.56346,-0.06346
9,7480,163584.0,CLOSE,0.805,0.77778,0.02722,0.5,0.50847,-0.00847,0.805,0.7747,0.0303,0.5,0.55962,-0.05962
9,7481,163606.1,CLOSE,0.81,0.78125,0.02875,0.5,0.50847,-0.00847,0.81,0.7799,0.0301,0.5,0.55962,-0.05962
9,7482,163627.9,CLOSE,0.815,0.78819,0.02681,0.5,0.51017,-0.01017,0.815,0.79203,0.02297,0.5,0.56154,-0.06154
9,7483,163647.1,CLOSE,0.82,0.79167,0.02833,0.5,0.51017,-0.01017,0.82,0.79203,0.02797,0.5,0.55962,-0.05962
9,7484,163667.9,CLOSE,0.825,0.79514,0.02986,0.5,0.51017,-0.01017,0.825,0.79896,0.02604,0.5,0.55962,-0.05962
9,7485,163688.3,CLOSE,0.83,0.80035,0.02965,0.5,0.50847,-0.00847,0.83,0.80243,0.02757,0.5,0.55962,-0.05962
9,7486,163708.9,CLOSE,0.835,0.80556,0.02944,0.5,0.50847,-0.00847,0.835,0.80589,0.02911,0.5,0.55962,-0.05962
9,7487,163730.0,CLOSE,0.84,0.81076,0.02924,0.5,0.51525,-0.01525,0.84,0.81109,0.02891,0.5,0.55962,-0.05962
9,7488,163750.9,CLOSE,0.845,0.80903,0.03597,0.5,0.50847,-0.00847,0.845,0.81282,0.03218,0.5,0.55962,-0.05962
9,7489,163771.4,CLOSE,0.85,0.82639,0.02361,0.5,0.50678,-0.00678,0.85,0.81802,0.03198,0.5,0.56346,-0.06346
9,7490,163792.5,CLOSE,0.855,0.82639,0.02861,0.5,0.50678,-0.00678,0.855,0.82322,0.03178,0.5,0.55769,-0.05769
9,7491,163813.1,CLOSE,0.86,0.82812,0.03188,0.5,0.50847,-0.00847,0.86,0.82669,0.03331,0.5,0.55962,-0.05962
9,7492,163834.5,CLOSE,0.865,0.83507,0.02993,0.5,0.50847,-0.00847,0.865,0.83709,0.02791,0.5,0.55769,-0.05769
9,7493,163854.6,CLOSE,0.87,0.83681,0.03319,0.5,0.50847,-0.00847,0.87,0.83709,0.03291,0.5,0.55962,-0.05962
9,7494,163875.8,CLOSE,0.875,0.84201,0.03299,0.5,0.50847,-0.00847,0.875,0.84922,0.02578,0.5,0.55962,-0.05962
9,7495,163897.0,CLOSE,0.88,0.84896,0.03104,0.5,0.51186,-0.01186,0.88,0.84749,0.03251,0.5,0.55962,-0.05962
9,7496,163918.2,CLOSE,0.885,0.8559,0.0291,0.5,0.50508,-0.00508,0.885,0.85269,0.03231,0.5,0.55962,-0.05962
9,7497,163939.2,CLOSE,0.89,0.86111,0.02889,0.5,0.50678,-0.00678,0.89,0.86482,0.02518,0.5,0.55769,-0.05769
9,7498,163959.6,CLOSE,0.895,0.86111,0.03389,0.5,0.50678,-0.00678,0.895,0.87002,0.02498,0.5,0.55962,-0.05962
9,7499,163981.0,CLOSE,0.9,0.86806,0.03194,0.5,0.50678,-0.00678,0.9,0.87002,0.02998,0.5,0.55962,-0.05962
9,7500,164002.0,CLOSE,0.905,0.87153,0.03347,0.5,0.50678,-0.00678,0.905,0.87868,0.02632,0.5,0.56154,-0.06154
9,7501,164022.2,CLOSE,0.91,0.87674,0.03326,0.5,0.50508,-0.00508,0.91,0.88042,0.02958,0.5,0.55962,-0.05962
9,7502,164043.5,CLOSE,0.915,0.89236,0.02264,0.5,0.50508,-0.00508,0.915,0.88562,0.02938,0.5,0.55962,-0.05962
9,7503,164064.4,CLOSE,0.92,0.88889,0.03111,0.5,0.50678,-0.00678,0.92,0.89428,0.02572,0.5,0.55769,-0.05769
9,7504,164085.2,CLOSE,0.925,0.8941,0.0309,0.5,0.50508,-0.00508,0.925,0.90121,0.02379,0.5,0.55769,-0.05769
9,7505,164105.4,CLOSE,0.93,0.90451,0.02549,0.5,0.50508,-0.00508,0.93,0.90121,0.02879,0.5,0.55962,-0.05962
9,7506,164127.0,CLOSE,0.935,0.90278,0.03222,0.5,0.50508,-0.00508,0.935,0.90468,0.03032,0.5,0.55962,-0.05962
9,7507,164146.3,CLOSE,0.94,0.91319,0.02681,0.5,0.50678,-0.00678,0.94,0.91161,0.02839,0.5,0.55962,-0.05962
9,7508,164167.4,CLOSE,0.945,0.91146,0.03354,0.5,0.50508,-0.00508,0.945,0.91508,0.02992,0.5,0.55962,-0.05962
9,7509,164188.3,CLOSE,0.95,0.91667,0.03333,0.5,0.50508,-0.00508,0.95,0.92028,0.02972,0.5,0.55962,-0.05962
9,7510,164209.4,CLOSE,0.955,0.93229,0.02271,0.5,0.50508,-0.00508,0.955,0.92548,0.02952,0.5,0.55962,-0.05962
9,7511,164230.0,CLOSE,0.96,0.92708,0.03292,0.5,0.50508,-0.00508,0.96,0.92721,0.03279,0.5,0.56154,-0.06154
9,7512,164250.7,CLOSE,0.965,0.93229,0.03271,0.5,0.50508,-0.00508,0.965,0.93068,0.03432,0.5,0.55962,-0.05962
9,7513,164271.6,CLOSE,0.97,0.93576,0.03424,0.5,0.50508,-0.00508,0.97,0.94281,0.02719,0.5,0.55962,-0.05962
9,7514,164297.7,CLOSE,0.975,0.94097,0.03403,0.5,0.50847,-0.00847,0.975,0.94627,0.02873,0.5,0.55962,-0.05962
9,7515,164313.5,CLOSE,0.98,0.94965,0.03035,0.5,0.50678,-0.00678,0.98,0.94627,0.03373,0.5,0.55962,-0.05962
9,7516,164334.2,CLOSE,0.985,0.94965,0.03535,0.5,0.50339,-0.00339,0.985,0.95321,0.03179,0.5,0.55769,-0.05769
9,7517,164355.0,CLOSE,0.99,0.95486,0.03514,0.5,0.50508,-0.00508,0.99,0.96187,0.02813,0.5,0.55962,-0.05962
9,7518,164376.3,CLOSE,0.995,0.96354,0.03146,0.5,0.50339,-0.00339,0.995,0.96707,0.02793,0.5,0.55769,-0.05769
9,7519,164397.4,CLOSE,1.0,0.97049,0.02951,0.5,0.50508,-0.00508,1.0,0.96534,0.03466,0.5,0.56346,-0.06346
9,7520,164404.9,HOLD_CLOSED,1.0,0.96528,0.03472,0.5,0.50508,-0.00508,1.0,0.96707,0.03293,0.5,0.55769,-0.05769
9,7521,164426.2,HOLD_CLOSED,1.0,0.96701,0.03299,0.5,0.50508,-0.00508,1.0,0.97227,0.02773,0.5,0.55962,-0.05962
9,7522,164447.5,HOLD_CLOSED,1.0,0.97049,0.02951,0.5,0.50339,-0.00339,1.0,0.9792,0.0208,0.5,0.55962,-0.05962
9,7523,164467.6,HOLD_CLOSED,1.0,0.97396,0.02604,0.5,0.50508,-0.00508,1.0,0.98094,0.01906,0.5,0.55962,-0.05962
9,7524,164488.8,HOLD_CLOSED,1.0,0.97396,0.02604,0.5,0.50508,-0.00508,1.0,0.99133,0.00867,0.5,0.55769,-0.05769
9,7525,164508.8,HOLD_CLOSED,1.0,0.97569,0.02431,0.5,0.50508,-0.00508,1.0,0.98614,0.01386,0.5,0.55962,-0.05962
9,7526,164530.5,HOLD_CLOSED,1.0,1.0,0.0,0.5,0.50847,-0.00847,1.0,0.98787,0.01213,0.5,0.55962,-0.05962
9,7527,164550.7,HOLD_CLOSED,1.0,0.97569,0.02431,0.5,0.50508,-0.00508,1.0,0.9896,0.0104,0.5,0.55962,-0.05962
9,7528,164572.3,HOLD_CLOSED,1.0,0.97569,0.02431,0.5,0.50508,-0.00508,1.0,0.98787,0.01213,0.5,0.56154,-0.06154
9,7529,164592.4,HOLD_CLOSED,1.0,0.97569,0.02431,0.5,0.50508,-0.00508,1.0,0.98614,0.01386,0.5,0.55962,-0.05962
9,7530,164613.5,HOLD_CLOSED,1.0,0.97569,0.02431,0.5,0.50508,-0.00508,1.0,0.98614,0.01386,0.5,0.55962,-0.05962
9,7531,164634.4,HOLD_CLOSED,1.0,0.97569,0.02431,0.5,0.50508,-0.00508,1.0,0.9844,0.0156,0.5,0.55962,-0.05962
9,7532,164655.0,HOLD_CLOSED,1.0,0.97569,0.02431,0.5,0.50339,-0.00339,1.0,0.98614,0.01386,0.5,0.55962,-0.05962
9,7533,164676.4,HOLD_CLOSED,1.0,0.97396,0.02604,0.5,0.50508,-0.00508,1.0,0.9844,0.0156,0.5,0.55962,-0.05962
9,7534,164697.7,HOLD_CLOSED,1.0,0.97743,0.02257,0.5,0.50508,-0.00508,1.0,0.98614,0.01386,0.5,0.55962,-0.05962
9,7535,164717.6,HOLD_CLOSED,1.0,0.98611,0.01389,0.5,0.50508,-0.00508,1.0,0.98614,0.01386,0.5,0.55769,-0.05769
9,7536,164739.2,HOLD_CLOSED,1.0,0.97569,0.02431,0.5,0.50508,-0.00508,1.0,0.99307,0.00693,0.5,0.56154,-0.06154
9,7537,164760.4,HOLD_CLOSED,1.0,0.97743,0.02257,0.5,0.50508,-0.00508,1.0,0.98614,0.01386,0.5,0.56154,-0.06154
9,7538,164780.7,HOLD_CLOSED,1.0,0.97743,0.02257,0.5,0.50339,-0.00339,1.0,0.98614,0.01386,0.5,0.55962,-0.05962
9,7539,164800.0,HOLD_CLOSED,1.0,0.97569,0.02431,0.5,0.50508,-0.00508,1.0,0.98614,0.01386,0.5,0.55962,-0.05962
9,7540,164819.5,HOLD_CLOSED,1.0,0.97743,0.02257,0.5,0.50678,-0.00678,1.0,0.9844,0.0156,0.5,0.55962,-0.05962
9,7541,164841.4,HOLD_CLOSED,1.0,0.97569,0.02431,0.5,0.50339,-0.00339,1.0,0.98614,0.01386,0.5,0.55769,-0.05769
9,7542,164862.3,HOLD_CLOSED,1.0,0.97569,0.02431,0.5,0.50339,-0.00339,1.0,0.98787,0.01213,0.5,0.55962,-0.05962
9,7543,164882.7,HOLD_CLOSED,1.0,0.97743,0.02257,0.5,0.50508,-0.00508,1.0,1.0,0.0,0.5,0.55962,-0.05962
9,7544,164905.0,HOLD_CLOSED,1.0,0.97917,0.02083,0.5,0.50508,-0.00508,1.0,0.9844,0.0156,0.5,0.55962,-0.05962
9,7545,164926.1,HOLD_CLOSED,1.0,0.97917,0.02083,0.5,0.50508,-0.00508,1.0,0.99653,0.00347,0.5,0.55769,-0.05769
9,7546,164947.2,HOLD_CLOSED,1.0,0.98264,0.01736,0.5,0.50339,-0.00339,1.0,0.9896,0.0104,0.5,0.55769,-0.05769
9,7547,164967.5,HOLD_CLOSED,1.0,0.9809,0.0191,0.5,0.50339,-0.00339,1.0,0.99133,0.00867,0.5,0.55962,-0.05962
9,7548,164988.7,HOLD_CLOSED,1.0,0.98611,0.01389,0.5,0.50508,-0.00508,1.0,0.9948,0.0052,0.5,0.55962,-0.05962
9,7549,165009.6,HOLD_CLOSED,1.0,0.99306,0.00694,0.5,0.50678,-0.00678,1.0,0.99133,0.00867,0.5,0.55962,-0.05962
9,7550,165030.2,HOLD_CLOSED,1.0,0.99306,0.00694,0.5,0.50508,-0.00508,1.0,0.9948,0.0052,0.5,0.55962,-0.05962
9,7551,165050.7,HOLD_CLOSED,1.0,1.0,0.0,0.5,0.50847,-0.00847,1.0,0.99307,0.00693,0.5,0.55962,-0.05962
9,7552,165072.0,HOLD_CLOSED,1.0,0.99653,0.00347,0.5,0.50508,-0.00508,1.0,0.99307,0.00693,0.5,0.55962,-0.05962
9,7553,165093.0,HOLD_CLOSED,1.0,0.99479,0.00521,0.5,0.50339,-0.00339,1.0,0.99307,0.00693,0.5,0.55962,-0.05962
9,7554,165113.1,HOLD_CLOSED,1.0,0.99306,0.00694,0.5,0.50508,-0.00508,1.0,0.99133,0.00867,0.5,0.55962,-0.05962
9,7555,165134.5,HOLD_CLOSED,1.0,0.99479,0.00521,0.5,0.50339,-0.00339,1.0,0.9948,0.0052,0.5,0.55962,-0.05962
9,7556,165155.2,HOLD_CLOSED,1.0,0.99479,0.00521,0.5,0.50508,-0.00508,1.0,0.99307,0.00693,0.5,0.55962,-0.05962
9,7557,165176.4,HOLD_CLOSED,1.0,0.99479,0.00521,0.5,0.50339,-0.00339,1.0,0.9948,0.0052,0.5,0.55962,-0.05962
9,7558,165196.9,HOLD_CLOSED,1.0,0.99479,0.00521,0.5,0.50508,-0.00508,1.0,0.9948,0.0052,0.5,0.55962,-0.05962
9,7559,165218.8,HOLD_CLOSED,1.0,0.99479,0.00521,0.5,0.50678,-0.00678,1.0,0.9948,0.0052,0.5,0.56346,-0.06346
9,7560,165238.6,HOLD_CLOSED,1.0,0.99306,0.00694,0.5,0.50508,-0.00508,1.0,0.9948,0.0052,0.5,0.55962,-0.05962
9,7561,165260.0,HOLD_CLOSED,1.0,0.99479,0.00521,0.5,0.50508,-0.00508,1.0,0.99307,0.00693,0.5,0.55769,-0.05769
9,7562,165280.6,HOLD_CLOSED,1.0,0.99306,0.00694,0.5,0.50508,-0.00508,1.0,0.99307,0.00693,0.5,0.55962,-0.05962
9,7563,165301.6,HOLD_CLOSED,1.0,0.99306,0.00694,0.5,0.50678,-0.00678,1.0,0.9948,0.0052,0.5,0.56346,-0.06346
9,7564,165322.5,HOLD_CLOSED,1.0,0.99479,0.00521,0.5,0.50339,-0.00339,1.0,0.99307,0.00693,0.5,0.55962,-0.05962
9,7565,165343.7,HOLD_CLOSED,1.0,0.99653,0.00347,0.5,0.50508,-0.00508,1.0,0.99307,0.00693,0.5,0.55962,-0.05962
9,7566,165364.4,HOLD_CLOSED,1.0,0.99653,0.00347,0.5,0.50339,-0.00339,1.0,0.99307,0.00693,0.5,0.56154,-0.06154
9,7567,165384.2,HOLD_CLOSED,1.0,0.99653,0.00347,0.5,0.50508,-0.00508,1.0,0.99133,0.00867,0.5,0.55962,-0.05962
9,7568,165404.6,HOLD_CLOSED,1.0,0.99306,0.00694,0.5,0.50508,-0.00508,1.0,0.99307,0.00693,0.5,0.55962,-0.05962
9,7569,165426.2,HOLD_CLOSED,1.0,0.99479,0.00521,0.5,0.50508,-0.00508,1.0,0.99133,0.00867,0.5,0.55962,-0.05962
9,7570,165447.2,HOLD_CLOSED,1.0,0.99479,0.00521,0.5,0.50508,-0.00508,1.0,0.9948,0.0052,0.5,0.56154,-0.06154
9,7571,165468.1,HOLD_CLOSED,1.0,0.99479,0.00521,0.5,0.50508,-0.00508,1.0,0.99307,0.00693,0.5,0.55962,-0.05962
9,7572,165488.3,HOLD_CLOSED,1.0,0.99479,0.00521,0.5,0.50339,-0.00339,1.0,0.99307,0.00693,0.5,0.55962,-0.05962
9,7573,165508.9,HOLD_CLOSED,1.0,0.99306,0.00694,0.5,0.50508,-0.00508,1.0,0.99307,0.00693,0.5,0.56346,-0.06346
9,7574,165530.4,HOLD_CLOSED,1.0,0.99479,0.00521,0.5,0.50508,-0.00508,1.0,0.99133,0.00867,0.5,0.55769,-0.05769
9,7575,165550.6,HOLD_CLOSED,1.0,0.99479,0.00521,0.5,0.50339,-0.00339,1.0,0.99133,0.00867,0.5,0.55962,-0.05962
9,7576,165571.5,HOLD_CLOSED,1.0,0.99306,0.00694,0.5,0.50508,-0.00508,1.0,0.99307,0.00693,0.5,0.55962,-0.05962
9,7577,165592.1,HOLD_CLOSED,1.0,0.99653,0.00347,0.5,0.50508,-0.00508,1.0,0.99307,0.00693,0.5,0.55962,-0.05962
9,7578,165613.4,HOLD_CLOSED,1.0,0.99479,0.00521,0.5,0.50508,-0.00508,1.0,0.99307,0.00693,0.5,0.55962,-0.05962
9,7579,165634.0,HOLD_CLOSED,1.0,0.99479,0.00521,0.5,0.50508,-0.00508,1.0,0.9948,0.0052,0.5,0.55769,-0.05769
9,7580,165657.0,OPEN,0.995,0.99653,-0.00153,0.495,0.50508,-0.01008,0.995,0.99307,0.00193,0.495,0.55962,-0.06462
9,7581,165678.1,OPEN,0.99,0.99479,-0.00479,0.49,0.50339,-0.01339,0.99,0.9948,-0.0048,0.49,0.55962,-0.06962
9,7582,165699.5,OPEN,0.985,0.99479,-0.00979,0.485,0.50508,-0.02008,0.985,0.9948,-0.0098,0.485,0.55962,-0.07462
9,7583,165720.8,OPEN,0.98,0.99653,-0.01653,0.48,0.50508,-0.02508,0.98,0.9948,-0.0148,0.48,0.55962,-0.07962
9,7584,165742.0,OPEN,0.975,0.99479,-0.01979,0.475,0.50508,-0.03008,0.975,0.9948,-0.0198,0.475,0.55962,-0.08462
9,7585,165762.1,OPEN,0.97,0.99653,-0.02653,0.47,0.50508,-0.03508,0.97,0.99307,-0.02307,0.47,0.55962,-0.08962
9,7586,165782.4,OPEN,0.965,0.99479,-0.02979,0.465,0.51186,-0.04686,0.965,0.99307,-0.02807,0.465,0.55962,-0.09462
9,7587,165803.3,OPEN,0.96,0.99479,-0.03479,0.46,0.50508,-0.04508,0.96,0.9948,-0.0348,0.46,0.55962,-0.09962
9,7588,165823.9,OPEN,0.955,0.99306,-0.03806,0.455,0.50169,-0.04669,0.955,0.9948,-0.0398,0.455,0.55962,-0.10462
9,7589,165844.8,OPEN,0.95,0.99479,-0.04479,0.45,0.50339,-0.05339,0.95,0.9948,-0.0448,0.45,0.55962,-0.10962
9,7590,165865.1,OPEN,0.945,0.99479,-0.04979,0.445,0.5,-0.055,0.945,0.99307,-0.04807,0.445,0.55962,-0.11462
9,7591,165886.1,OPEN,0.94,0.99479,-0.05479,0.44,0.49153,-0.05153,0.94,0.99307,-0.05307,0.44,0.56346,-0.12346
9,7592,165906.9,OPEN,0.935,0.99306,-0.05806,0.435,0.48136,-0.04636,0.935,0.99307,-0.05807,0.435,0.56154,-0.12654
9,7593,165927.7,OPEN,0.93,0.99306,-0.06306,0.43,0.47627,-0.04627,0.93,0.9896,-0.0596,0.43,0.55192,-0.12192
9,7594,165949.2,OPEN,0.925,1.0,-0.075,0.425,0.46949,-0.04449,0.925,0.9948,-0.0698,0.425,0.53654,-0.11154
9,7595,165969.7,OPEN,0.92,0.99653,-0.07653,0.42,0.4661,-0.0461,0.92,0.99133,-0.07133,0.42,0.53077,-0.11077
9,7596,165990.3,OPEN,0.915,0.98958,-0.07458,0.415,0.45763,-0.04263,0.915,0.98267,-0.06767,0.415,0.52308,-0.10808
9,7597,166011.1,OPEN,0.91,0.98958,-0.07958,0.41,0.45424,-0.04424,0.91,0.974,-0.064,0.41,0.51346,-0.10346
9,7598,166032.4,OPEN,0.905,0.97743,-0.07243,0.405,0.44576,-0.04076,0.905,0.97227,-0.06727,0.405,0.50192,-0.09692
9,7599,166053.0,OPEN,0.9,0.97222,-0.07222,0.4,0.44068,-0.04068,0.9,0.96707,-0.06707,0.4,0.49231,-0.09231
9,7600,166073.8,OPEN,0.895,0.96181,-0.06681,0.395,0.4339,-0.0389,0.895,0.96187,-0.06687,0.395,0.48269,-0.08769
9,7601,166094.4,OPEN,0.89,0.95486,-0.06486,0.39,0.42542,-0.03542,0.89,0.95841,-0.06841,0.39,0.47308,-0.08308
9,7602,166116.7,OPEN,0.885,0.95312,-0.06813,0.385,0.42881,-0.04381,0.885,0.95147,-0.06647,0.385,0.46346,-0.07846
9,7603,166136.9,OPEN,0.88,0.94271,-0.06271,0.38,0.41695,-0.03695,0.88,0.94627,-0.06627,0.38,0.45385,-0.07385
9,7604,166157.8,OPEN,0.875,0.93403,-0.05903,0.375,0.41525,-0.04025,0.875,0.93934,-0.06434,0.375,0.44808,-0.07308
9,7605,166179.2,OPEN,0.87,0.92708,-0.05708,0.37,0.41017,-0.04017,0.87,0.93414,-0.06414,0.37,0.44038,-0.07038
9,7606,166199.8,OPEN,0.865,0.92188,-0.05688,0.365,0.4,-0.035,0.865,0.92721,-0.06221,0.365,0.43654,-0.07154
9,7607,166220.1,OPEN,0.86,0.91493,-0.05493,0.36,0.39661,-0.03661,0.86,0.91681,-0.05681,0.36,0.43269,-0.07269
9,7608,166240.8,OPEN,0.855,0.90972,-0.05472,0.355,0.39322,-0.03822,0.855,0.90815,-0.05315,0.355,0.42885,-0.07385
9,7609,166261.4,OPEN,0.85,0.90278,-0.05278,0.35,0.38983,-0.03983,0.85,0.90815,-0.05815,0.35,0.42692,-0.07692
9,7610,166282.3,OPEN,0.845,0.90104,-0.05604,0.345,0.38305,-0.03805,0.845,0.89428,-0.04928,0.345,0.42885,-0.08385
9,7611,166303.5,OPEN,0.84,0.90104,-0.06104,0.34,0.38305,-0.04305,0.84,0.88562,-0.04562,0.34,0.42308,-0.08308
9,7612,166324.1,OPEN,0.835,0.89583,-0.06083,0.335,0.37458,-0.03958,0.835,0.87868,-0.04368,0.335,0.42308,-0.08808
9,7613,166344.4,OPEN,0.83,0.89236,-0.06236,0.33,0.36949,-0.03949,0.83,0.87522,-0.04522,0.33,0.42308,-0.09308
9,7614,166365.2,OPEN,0.825,0.88889,-0.06389,0.325,0.36271,-0.03771,0.825,0.87002,-0.04502,0.325,0.42115,-0.09615
9,7615,166385.7,OPEN,0.82,0.88542,-0.06542,0.32,0.35932,-0.03932,0.82,0.86482,-0.04482,0.32,0.41923,-0.09923
9,7616,166407.1,OPEN,0.815,0.88194,-0.06694,0.315,0.35593,-0.04093,0.815,0.85962,-0.04462,0.315,0.41538,-0.10038
9,7617,166428.5,OPEN,0.81,0.88194,-0.07194,0.31,0.34746,-0.03746,0.81,0.85615,-0.04615,0.31,0.41154,-0.10154
9,7618,166448.8,OPEN,0.805,0.875,-0.07,0.305,0.34576,-0.04076,0.805,0.85269,-0.04769,0.305,0.40385,-0.09885
9,7619,166469.4,OPEN,0.8,0.87153,-0.07153,0.3,0.33729,-0.03729,0.8,0.85269,-0.05269,0.3,0.4,-0.1
9,7620,166490.2,OPEN,0.795,0.86806,-0.07306,0.295,0.33051,-0.03551,0.795,0.84922,-0.05422,0.295,0.39231,-0.09731
9,7621,166511.3,OPEN,0.79,0.86458,-0.07458,0.29,0.32712,-0.03712,0.79,0.84749,-0.05749,0.29,0.38462,-0.09462
9,7622,166532.0,OPEN,0.785,0.85938,-0.07438,0.285,0.32203,-0.03703,0.785,0.84575,-0.06075,0.285,0.37692,-0.09192
9,7623,166553.6,OPEN,0.78,0.8559,-0.0759,0.28,0.31695,-0.03695,0.78,0.84229,-0.06229,0.28,0.36923,-0.08923
9,7624,166573.6,OPEN,0.775,0.85243,-0.07743,0.275,0.31186,-0.03686,0.775,0.83536,-0.06036,0.275,0.36346,-0.08846
9,7625,166594.8,OPEN,0.77,0.84549,-0.07549,0.27,0.30847,-0.03847,0.77,0.83536,-0.06536,0.27,0.35577,-0.08577
9,7626,166616.5,OPEN,0.765,0.83681,-0.07181,0.265,0.30169,-0.03669,0.765,0.83362,-0.06862,0.265,0.35385,-0.08885
9,7627,166636.6,OPEN,0.76,0.82812,-0.06813,0.26,0.29661,-0.03661,0.76,0.82322,-0.06322,0.26,0.33846,-0.07846
9,7628,166657.3,OPEN,0.755,0.82465,-0.06965,0.255,0.29153,-0.03653,0.755,0.82322,-0.06822,0.255,0.33077,-0.07577
9,7629,166679.1,OPEN,0.75,0.81597,-0.06597,0.25,0.28475,-0.03475,0.75,0.81456,-0.06456,0.25,0.325,-0.075
9,7630,166699.9,OPEN,0.745,0.80382,-0.05882,0.245,0.28136,-0.03636,0.745,0.81282,-0.06782,0.245,0.31923,-0.07423
9,7631,166719.4,OPEN,0.74,0.79688,-0.05688,0.24,0.27627,-0.03627,0.74,0.80243,-0.06243,0.24,0.31346,-0.07346
9,7632,166740.6,OPEN,0.735,0.79167,-0.05667,0.235,0.27119,-0.03619,0.735,0.79723,-0.06223,0.235,0.30577,-0.07077
9,7633,166761.7,OPEN,0.73,0.77431,-0.04431,0.23,0.2661,-0.0361,0.73,0.78856,-0.05856,0.23,0.29808,-0.06808
9,7634,166782.5,OPEN,0.725,0.77951,-0.05451,0.225,0.25932,-0.03432,0.725,0.78336,-0.05836,0.225,0.29423,-0.06923
9,7635,166803.5,OPEN,0.72,0.77257,-0.05257,0.22,0.25085,-0.03085,0.72,0.77816,-0.05816,0.22,0.28654,-0.06654
9,7636,166823.6,OPEN,0.715,0.7691,-0.0541,0.215,0.24576,-0.03076,0.715,0.77123,-0.05623,0.215,0.28269,-0.06769
9,7637,166844.2,OPEN,0.71,0.76736,-0.05736,0.21,0.24407,-0.03407,0.71,0.76603,-0.05603,0.21,0.27692,-0.06692
9,7638,166864.9,OPEN,0.705,0.76215,-0.05715,0.205,0.23559,-0.03059,0.705,0.76083,-0.05583,0.205,0.27308,-0.06808
9,7639,166886.1,OPEN,0.7,0.75868,-0.05868,0.2,0.2339,-0.0339,0.7,0.7539,-0.0539,0.2,0.26731,-0.06731
9,7640,166906.6,OPEN,0.695,0.75521,-0.06021,0.195,0.23051,-0.03551,0.695,0.75043,-0.05543,0.195,0.26346,-0.06846
9,7641,166928.0,OPEN,0.69,0.75868,-0.06868,0.19,0.23051,-0.04051,0.69,0.7435,-0.0535,0.19,0.25962,-0.06962
9,7642,166948.7,OPEN,0.685,0.75868,-0.07368,0.185,0.2322,-0.0472,0.685,0.74003,-0.05503,0.185,0.25577,-0.07077
9,7643,166969.7,OPEN,0.68,0.74479,-0.06479,0.18,0.22542,-0.04542,0.68,0.73484,-0.05484,0.18,0.25,-0.07
9,7644,166990.5,OPEN,0.675,0.74132,-0.06632,0.175,0.22373,-0.04873,0.675,0.73137,-0.05637,0.175,0.24423,-0.06923
9,7645,167010.9,OPEN,0.67,0.73611,-0.06611,0.17,0.22034,-0.05034,0.67,0.72617,-0.05617,0.17,0.24423,-0.07423
9,7646,167031.3,OPEN,0.665,0.7309,-0.0659,0.165,0.22034,-0.05534,0.665,0.7227,-0.0577,0.165,0.24231,-0.07731
9,7647,167052.9,OPEN,0.66,0.72569,-0.06569,0.16,0.21864,-0.05864,0.66,0.72097,-0.06097,0.16,0.22308,-0.06308
9,7648,167073.5,OPEN,0.655,0.71875,-0.06375,0.155,0.21356,-0.05856,0.655,0.70884,-0.05384,0.155,0.21538,-0.06038
9,7649,167093.3,OPEN,0.65,0.71181,-0.06181,0.15,0.21017,-0.06017,0.65,0.70711,-0.05711,0.15,0.20962,-0.05962
9,7650,167113.7,OPEN,0.645,0.7066,-0.0616,0.145,0.20339,-0.05839,0.645,0.70017,-0.05517,0.145,0.20192,-0.05692
9,7651,167134.7,OPEN,0.64,0.70139,-0.06139,0.14,0.19492,-0.05492,0.64,0.70191,-0.06191,0.14,0.19808,-0.05808
9,7652,167154.9,OPEN,0.635,0.69965,-0.06465,0.135,0.18475,-0.04975,0.635,0.69324,-0.05824,0.135,0.19231,-0.05731
9,7653,167176.3,OPEN,0.63,0.69271,-0.06271,0.13,0.18305,-0.05305,0.63,0.68458,-0.05458,0.13,0.18654,-0.05654
9,7654,167196.8,OPEN,0.625,0.68576,-0.06076,0.125,0.17797,-0.05297,0.625,0.67764,-0.05264,0.125,0.18462,-0.05962
9,7655,167217.2,OPEN,0.62,0.67708,-0.05708,0.12,0.17288,-0.05288,0.62,0.67244,-0.05244,0.12,0.17692,-0.05692
9,7656,167237.8,OPEN,0.615,0.67361,-0.05861,0.115,0.1678,-0.0528,0.615,0.66724,-0.05224,0.115,0.175,-0.06
9,7657,167258.8,OPEN,0.61,0.66667,-0.05667,0.11,0.1661,-0.0561,0.61,0.66378,-0.05378,0.11,0.17115,-0.06115
9,7658,167279.4,OPEN,0.605,0.66319,-0.05819,0.105,0.15763,-0.05263,0.605,0.65858,-0.05358,0.105,0.16538,-0.06038
9,7659,167300.0,OPEN,0.6,0.65625,-0.05625,0.1,0.15254,-0.05254,0.6,0.65338,-0.05338,0.1,0.16154,-0.06154
9,7660,167320.8,OPEN,0.595,0.65451,-0.05951,0.095,0.14746,-0.05246,0.595,0.65165,-0.05665,0.095,0.16154,-0.06654
9,7661,167342.2,OPEN,0.59,0.64757,-0.05757,0.09,0.14576,-0.05576,0.59,0.64471,-0.05471,0.09,0.15192,-0.06192
9,7662,167363.1,OPEN,0.585,0.6441,-0.0591,0.085,0.13729,-0.05229,0.585,0.64471,-0.05971,0.085,0.15192,-0.06692
9,7663,167384.4,OPEN,0.58,0.65104,-0.07104,0.08,0.1322,-0.0522,0.58,0.63605,-0.05605,0.08,0.14615,-0.06615
9,7664,167404.8,OPEN,0.575,0.64236,-0.06736,0.075,0.13051,-0.05551,0.575,0.63258,-0.05758,0.075,0.13846,-0.06346
9,7665,167426.5,OPEN,0.57,0.63194,-0.06194,0.07,0.12034,-0.05034,0.57,0.62738,-0.05738,0.07,0.13462,-0.06462
9,7666,167447.1,OPEN,0.565,0.61458,-0.04958,0.065,0.11525,-0.05025,0.565,0.61872,-0.05372,0.065,0.12885,-0.06385
9,7667,167467.3,OPEN,0.56,0.625,-0.065,0.06,0.10847,-0.04847,0.56,0.62218,-0.06218,0.06,0.12115,-0.06115
9,7668,167488.3,OPEN,0.555,0.61632,-0.06132,0.055,0.10339,-0.04839,0.555,0.61179,-0.05679,0.055,0.11154,-0.05654
9,7669,167509.7,OPEN,0.55,0.61111,-0.06111,0.05,0.09661,-0.04661,0.55,0.60485,-0.05485,0.05,0.10577,-0.05577
9,7670,167530.9,OPEN,0.545,0.6059,-0.0609,0.045,0.09492,-0.04992,0.545,0.60139,-0.05639,0.045,0.09423,-0.04923
9,7671,167552.8,OPEN,0.54,0.60069,-0.06069,0.04,0.08644,-0.04644,0.54,0.59445,-0.05445,0.04,0.08462,-0.04462
9,7672,167573.1,OPEN,0.535,0.59722,-0.06222,0.035,0.08136,-0.04636,0.535,0.58925,-0.05425,0.035,0.08077,-0.04577
9,7673,167593.2,OPEN,0.53,0.58854,-0.05854,0.03,0.07966,-0.04966,0.53,0.58406,-0.05406,0.03,0.07308,-0.04308
9,7674,167614.8,OPEN,0.525,0.58507,-0.06007,0.025,0.07288,-0.04788,0.525,0.57712,-0.05212,0.025,0.06538,-0.04038
9,7675,167636.2,OPEN,0.52,0.57812,-0.05813,0.02,0.07288,-0.05288,0.52,0.57192,-0.05192,0.02,0.06346,-0.04346
9,7676,167657.3,OPEN,0.515,0.57465,-0.05965,0.015,0.06271,-0.04771,0.515,0.56846,-0.05346,0.015,0.05385,-0.03885
9,7677,167678.8,OPEN,0.51,0.56944,-0.05944,0.01,0.05763,-0.04763,0.51,0.56153,-0.05153,0.01,0.05,-0.04
9,7678,167698.7,OPEN,0.505,0.56076,-0.05576,0.005,0.05254,-0.04754,0.505,0.55633,-0.05133,0.005,0.04423,-0.03923
9,7679,167718.8,OPEN,0.5,0.55729,-0.05729,0.0,0.04576,-0.04576,0.5,0.55113,-0.05113,0.0,0.03846,-0.03846
9,7680,167739.4,OPEN,0.495,0.55208,-0.05708,0.0,0.04237,-0.04237,0.495,0.54766,-0.05266,0.0,0.03462,-0.03462
9,7681,167760.8,OPEN,0.49,0.55208,-0.06208,0.0,0.04237,-0.04237,0.49,0.54419,-0.05419,0.0,0.03077,-0.03077
9,7682,167782.3,OPEN,0.485,0.54514,-0.06014,0.0,0.0322,-0.0322,0.485,0.53899,-0.05399,0.0,0.025,-0.025
9,7683,167801.7,OPEN,0.48,0.53819,-0.05819,0.0,0.0322,-0.0322,0.48,0.5338,-0.0538,0.0,0.02308,-0.02308
9,7684,167822.9,OPEN,0.475,0.53472,-0.05972,0.0,0.02373,-0.02373,0.475,0.53033,-0.05533,0.0,0.01538,-0.01538
9,7685,167844.1,OPEN,0.47,0.53125,-0.06125,0.0,0.02034,-0.02034,0.47,0.5286,-0.0586,0.0,0.01154,-0.01154
9,7686,167865.3,OPEN,0.465,0.52431,-0.05931,0.0,0.01525,-0.01525,0.465,0.5234,-0.0584,0.0,0.00769,-0.00769
9,7687,167885.7,OPEN,0.46,0.51562,-0.05563,0.0,0.01186,-0.01186,0.46,0.51646,-0.05646,0.0,0.00577,-0.00577
9,7688,167906.4,OPEN,0.455,0.50868,-0.05368,0.0,0.01017,-0.01017,0.455,0.5078,-0.0528,0.0,0.00192,-0.00192
9,7689,167928.0,OPEN,0.45,0.50347,-0.05347,0.0,0.00678,-0.00678,0.45,0.4974,-0.0474,0.0,0.0,0.0
9,7690,167948.3,OPEN,0.445,0.49653,-0.05153,0.0,0.00847,-0.00847,0.445,0.49567,-0.05067,0.0,0.0,0.0
9,7691,167969.0,OPEN,0.44,0.48785,-0.04785,0.0,0.00678,-0.00678,0.44,0.48354,-0.04354,0.0,0.0,0.0
9,7692,167989.7,OPEN,0.435,0.48264,-0.04764,0.0,0.00678,-0.00678,0.435,0.48007,-0.04507,0.0,0.0,0.0
9,7693,168011.5,OPEN,0.43,0.47917,-0.04917,0.0,0.00678,-0.00678,0.43,0.47487,-0.04487,0.0,0.0,0.0
9,7694,168034.2,OPEN,0.425,0.47743,-0.05243,0.0,0.00678,-0.00678,0.425,0.47314,-0.04814,0.0,0.0,0.0
9,7695,168054.3,OPEN,0.42,0.47396,-0.05396,0.0,0.00678,-0.00678,0.42,0.46967,-0.04967,0.0,0.0,0.0
9,7696,168074.5,OPEN,0.415,0.47049,-0.05549,0.0,0.00678,-0.00678,0.415,0.46447,-0.04947,0.0,0.0,0.0
9,7697,168096.0,OPEN,0.41,0.46701,-0.05701,0.0,0.00678,-0.00678,0.41,0.46967,-0.05967,0.0,0.0,0.0
9,7698,168116.2,OPEN,0.405,0.46181,-0.05681,0.0,0.00678,-0.00678,0.405,0.45581,-0.05081,0.0,0.0,0.0
9,7699,168135.9,OPEN,0.4,0.45833,-0.05833,0.0,0.00678,-0.00678,0.4,0.45234,-0.05234,0.0,0.0,0.0
9,7700,168155.9,OPEN,0.395,0.45312,-0.05813,0.0,0.00678,-0.00678,0.395,0.44714,-0.05214,0.0,0.0,0.0
9,7701,168175.5,OPEN,0.39,0.44965,-0.05965,0.0,0.00678,-0.00678,0.39,0.44194,-0.05194,0.0,0.0,0.0
9,7702,168196.1,OPEN,0.385,0.44444,-0.05944,0.0,0.00678,-0.00678,0.385,0.43501,-0.05001,0.0,0.0,0.0
9,7703,168216.9,OPEN,0.38,0.43924,-0.05924,0.0,0.00678,-0.00678,0.38,0.43154,-0.05154,0.0,0.0,0.0
9,7704,168238.1,OPEN,0.375,0.43403,-0.05903,0.0,0.00678,-0.00678,0.375,0.42634,-0.05134,0.0,0.0,0.0
9,7705,168258.8,OPEN,0.37,0.43056,-0.06056,0.0,0.00678,-0.00678,0.37,0.42981,-0.05981,0.0,0.0,0.0
9,7706,168279.6,OPEN,0.365,0.44965,-0.08465,0.0,0.00678,-0.00678,0.365,0.41768,-0.05268,0.0,0.0,0.0
9,7707,168300.6,OPEN,0.36,0.42014,-0.06014,0.0,0.00678,-0.00678,0.36,0.41421,-0.05421,0.0,0.0,0.0
9,7708,168321.3,OPEN,0.355,0.41493,-0.05993,0.0,0.00678,-0.00678,0.355,0.40728,-0.05228,0.0,0.0,0.0
9,7709,168345.1,OPEN,0.35,0.41667,-0.06667,0.0,0.00678,-0.00678,0.35,0.40208,-0.05208,0.0,0.0,0.0
9,7710,168364.6,OPEN,0.345,0.40451,-0.05951,0.0,0.00678,-0.00678,0.345,0.39688,-0.05188,0.0,0.0,0.0
9,7711,168385.7,OPEN,0.34,0.39931,-0.05931,0.0,0.00678,-0.00678,0.34,0.39168,-0.05168,0.0,0.0,0.0
9,7712,168406.9,OPEN,0.335,0.39757,-0.06257,0.0,0.00678,-0.00678,0.335,0.38648,-0.05148,0.0,0.0,0.0
9,7713,168428.5,OPEN,0.33,0.38715,-0.05715,0.0,0.00678,-0.00678,0.33,0.38128,-0.05128,0.0,0.0,0.0
9,7714,168450.3,OPEN,0.325,0.38715,-0.06215,0.0,0.00678,-0.00678,0.325,0.37782,-0.05282,0.0,0.0,0.0
9,7715,168470.5,OPEN,0.32,0.37674,-0.05674,0.0,0.00678,-0.00678,0.32,0.37088,-0.05088,0.0,0.0,0.0
9,7716,168491.5,OPEN,0.315,0.37153,-0.05653,0.0,0.00508,-0.00508,0.315,0.36568,-0.05068,0.0,0.0,0.0
9,7717,168512.7,OPEN,0.31,0.36285,-0.05285,0.0,0.00678,-0.00678,0.31,0.36049,-0.05049,0.0,0.0,0.0
9,7718,168532.1,OPEN,0.305,0.35764,-0.05264,0.0,0.00847,-0.00847,0.305,0.35355,-0.04855,0.0,0.0,0.0
9,7719,168553.4,OPEN,0.3,0.35243,-0.05243,0.0,0.00678,-0.00678,0.3,0.34835,-0.04835,0.0,0.0,0.0
9,7720,168574.6,OPEN,0.295,0.34722,-0.05222,0.0,0.00678,-0.00678,0.295,0.34489,-0.04989,0.0,0.0,0.0
9,7721,168595.7,OPEN,0.29,0.34028,-0.05028,0.0,0.00678,-0.00678,0.29,0.34489,-0.05489,0.0,0.0,0.0
9,7722,168616.1,OPEN,0.285,0.33507,-0.05007,0.0,0.00678,-0.00678,0.285,0.33276,-0.04776,0.0,0.0,0.0
9,7723,168636.4,OPEN,0.28,0.33333,-0.05333,0.0,0.00508,-0.00508,0.28,0.32756,-0.04756,0.0,0.0,0.0
9,7724,168657.5,OPEN,0.275,0.32986,-0.05486,0.0,0.00678,-0.00678,0.275,0.32409,-0.04909,0.0,0.0,0.0
9,7725,168677.5,OPEN,0.27,0.32465,-0.05465,0.0,0.01017,-0.01017,0.27,0.31889,-0.04889,0.0,0.0,0.0
9,7726,168698.5,OPEN,0.265,0.31597,-0.05097,0.0,0.00847,-0.00847,0.265,0.31369,-0.04869,0.0,0.0,0.0
9,7727,168719.6,OPEN,0.26,0.31076,-0.05076,0.0,0.00678,-0.00678,0.26,0.31023,-0.05023,0.0,0.0,0.0
9,7728,168739.9,OPEN,0.255,0.30729,-0.05229,0.0,0.00678,-0.00678,0.255,0.30676,-0.05176,0.0,0.0,0.0
9,7729,168761.3,OPEN,0.25,0.30382,-0.05382,0.0,0.00678,-0.00678,0.25,0.30156,-0.05156,0.0,0.0,0.0
9,7730,168782.5,OPEN,0.245,0.30208,-0.05708,0.0,0.00678,-0.00678,0.245,0.29636,-0.05136,0.0,0.0,0.0
9,7731,168802.9,OPEN,0.24,0.29861,-0.05861,0.0,0.00678,-0.00678,0.24,0.29289,-0.05289,0.0,0.0,0.0
9,7732,168823.4,OPEN,0.235,0.29688,-0.06188,0.0,0.00508,-0.00508,0.235,0.28596,-0.05096,0.0,0.0,0.0
9,7733,168844.6,OPEN,0.23,0.28472,-0.05472,0.0,0.00678,-0.00678,0.23,0.2825,-0.0525,0.0,0.0,0.0
9,7734,168865.8,OPEN,0.225,0.27951,-0.05451,0.0,0.00678,-0.00678,0.225,0.2773,-0.0523,0.0,0.0,0.0
9,7735,168886.5,OPEN,0.22,0.27257,-0.05257,0.0,0.00678,-0.00678,0.22,0.2721,-0.0521,0.0,0.0,0.0
9,7736,168908.1,OPEN,0.215,0.27083,-0.05583,0.0,0.00678,-0.00678,0.215,0.2669,-0.0519,0.0,0.0,0.0
9,7737,168928.2,OPEN,0.21,0.26389,-0.05389,0.0,0.00678,-0.00678,0.21,0.25997,-0.04997,0.0,0.0,0.0
9,7738,168949.2,OPEN,0.205,0.25868,-0.05368,0.0,0.00678,-0.00678,0.205,0.25477,-0.04977,0.0,0.0,0.0
9,7739,168970.7,OPEN,0.2,0.25347,-0.05347,0.0,0.00678,-0.00678,0.2,0.24957,-0.04957,0.0,0.0,0.0
9,7740,168991.1,OPEN,0.195,0.25174,-0.05674,0.0,0.00678,-0.00678,0.195,0.24437,-0.04937,0.0,0.0,0.0
9,7741,169011.7,OPEN,0.19,0.24826,-0.05826,0.0,0.00508,-0.00508,0.19,0.23917,-0.04917,0.0,0.0,0.0
9,7742,169033.7,OPEN,0.185,0.23785,-0.05285,0.0,0.00678,-0.00678,0.185,0.23224,-0.04724,0.0,0.0,0.0
9,7743,169053.9,OPEN,0.18,0.23264,-0.05264,0.0,0.00678,-0.00678,0.18,0.22877,-0.04877,0.0,0.0,0.0
9,7744,169075.3,OPEN,0.175,0.22917,-0.05417,0.0,0.00678,-0.00678,0.175,0.22184,-0.04684,0.0,0.0,0.0
9,7745,169094.9,OPEN,0.17,0.22049,-0.05049,0.0,0.00678,-0.00678,0.17,0.21664,-0.04664,0.0,0.0,0.0
9,7746,169115.3,OPEN,0.165,0.21701,-0.05201,0.0,0.00508,-0.00508,0.165,0.21144,-0.04644,0.0,0.0,0.0
9,7747,169136.4,OPEN,0.16,0.21007,-0.05007,0.0,0.00508,-0.00508,0.16,0.20971,-0.04971,0.0,0.0,0.0
9,7748,169156.9,OPEN,0.155,0.2066,-0.0516,0.0,0.00678,-0.00678,0.155,0.20451,-0.04951,0.0,0.0,0.0
9,7749,169177.5,OPEN,0.15,0.20139,-0.05139,0.0,0.00678,-0.00678,0.15,0.19757,-0.04757,0.0,0.0,0.0
9,7750,169198.4,OPEN,0.145,0.20139,-0.05639,0.0,0.00847,-0.00847,0.145,0.19064,-0.04564,0.0,0.0,0.0
9,7751,169218.9,OPEN,0.14,0.19792,-0.05792,0.0,0.00678,-0.00678,0.14,0.18544,-0.04544,0.0,0.0,0.0
9,7752,169240.7,OPEN,0.135,0.18576,-0.05076,0.0,0.00508,-0.00508,0.135,0.18024,-0.04524,0.0,0.0,0.0
9,7753,169261.1,OPEN,0.13,0.18056,-0.05056,0.0,0.00678,-0.00678,0.13,0.17504,-0.04504,0.0,0.0,0.0
9,7754,169282.4,OPEN,0.125,0.17361,-0.04861,0.0,0.00678,-0.00678,0.125,0.16984,-0.04484,0.0,0.0,0.0
9,7755,169302.9,OPEN,0.12,0.17014,-0.05014,0.0,0.00678,-0.00678,0.12,0.16464,-0.04464,0.0,0.0,0.0
9,7756,169324.1,OPEN,0.115,0.16493,-0.04993,0.0,0.00678,-0.00678,0.115,0.16118,-0.04618,0.0,0.0,0.0
9,7757,169344.7,OPEN,0.11,0.15972,-0.04972,0.0,0.00678,-0.00678,0.11,0.15598,-0.04598,0.0,0.0,0.0
9,7758,169365.3,OPEN,0.105,0.15451,-0.04951,0.0,0.00678,-0.00678,0.105,0.15251,-0.04751,0.0,0.0,0.0
9,7759,169386.8,OPEN,0.1,0.14931,-0.04931,0.0,0.00678,-0.00678,0.1,0.14731,-0.04731,0.0,0.0,0.0
9,7760,169406.2,OPEN,0.095,0.15104,-0.05604,0.0,0.00678,-0.00678,0.095,0.14211,-0.04711,0.0,0.0,0.0
9,7761,169429.3,OPEN,0.09,0.13889,-0.04889,0.0,0.00678,-0.00678,0.09,0.14038,-0.05038,0.0,0.0,0.0
9,7762,169449.2,OPEN,0.085,0.13368,-0.04868,0.0,0.00678,-0.00678,0.085,0.13345,-0.04845,0.0,0.0,0.0
9,7763,169469.8,OPEN,0.08,0.13021,-0.05021,0.0,0.00678,-0.00678,0.08,0.12825,-0.04825,0.0,0.0,0.0
9,7764,169491.2,OPEN,0.075,0.125,-0.05,0.0,0.00678,-0.00678,0.075,0.12825,-0.05325,0.0,0.0,0.0
9,7765,169512.4,OPEN,0.07,0.125,-0.055,0.0,0.00508,-0.00508,0.07,0.11612,-0.04612,0.0,0.0,0.0
9,7766,169532.8,OPEN,0.065,0.11458,-0.04958,0.0,0.01017,-0.01017,0.065,0.11092,-0.04592,0.0,0.0,0.0
9,7767,169554.0,OPEN,0.06,0.11111,-0.05111,0.0,0.00678,-0.00678,0.06,0.10572,-0.04572,0.0,0.0,0.0
9,7768,169574.4,OPEN,0.055,0.10417,-0.04917,0.0,0.00678,-0.00678,0.055,0.09879,-0.04379,0.0,0.0,0.0
9,7769,169594.0,OPEN,0.05,0.10069,-0.05069,0.0,0.00847,-0.00847,0.05,0.09705,-0.04705,0.0,0.0,0.0
9,7770,169615.5,OPEN,0.045,0.09896,-0.05396,0.0,0.00678,-0.00678,0.045,0.08839,-0.04339,0.0,0.0,0.0
9,7771,169636.1,OPEN,0.04,0.09375,-0.05375,0.0,0.00678,-0.00678,0.04,0.08319,-0.04319,0.0,0.0,0.0
9,7772,169656.8,OPEN,0.035,0.08507,-0.05007,0.0,0.00678,-0.00678,0.035,0.07799,-0.04299,0.0,0.0,0.0
9,7773,169678.3,OPEN,0.03,0.07986,-0.04986,0.0,0.00678,-0.00678,0.03,0.07279,-0.04279,0.0,0.0,0.0
9,7774,169698.8,OPEN,0.025,0.07639,-0.05139,0.0,0.00678,-0.00678,0.025,0.06759,-0.04259,0.0,0.0,0.0
9,7775,169719.4,OPEN,0.02,0.07118,-0.05118,0.0,0.00508,-0.00508,0.02,0.06412,-0.04412,0.0,0.0,0.0
9,7776,169740.3,OPEN,0.015,0.06597,-0.05097,0.0,0.00678,-0.00678,0.015,0.06066,-0.04566,0.0,0.0,0.0
9,7777,169761.5,OPEN,0.01,0.06076,-0.05076,0.0,0.00678,-0.00678,0.01,0.05546,-0.04546,0.0,0.0,0.0
9,7778,169782.0,OPEN,0.005,0.06076,-0.05576,0.0,0.00678,-0.00678,0.005,0.05026,-0.04526,0.0,0.0,0.0
9,7779,169803.0,OPEN,0.0,0.05556,-0.05556,0.0,0.00678,-0.00678,0.0,0.04679,-0.04679,0.0,0.0,0.0
9,7780,169811.6,HOLD_OPEN,0.0,0.04861,-0.04861,0.0,0.00678,-0.00678,0.0,0.04506,-0.04506,0.0,0.0,0.0
9,7781,169831.9,HOLD_OPEN,0.0,0.0434,-0.0434,0.0,0.00508,-0.00508,0.0,0.03986,-0.03986,0.0,0.0,0.0
9,7782,169852.4,HOLD_OPEN,0.0,0.03646,-0.03646,0.0,0.00508,-0.00508,0.0,0.0364,-0.0364,0.0,0.0,0.0
9,7783,169873.6,HOLD_OPEN,0.0,0.03299,-0.03299,0.0,0.00678,-0.00678,0.0,0.0312,-0.0312,0.0,0.0,0.0
9,7784,169894.2,HOLD_OPEN,0.0,0.02604,-0.02604,0.0,0.00678,-0.00678,0.0,0.026,-0.026,0.0,0.0,0.0
9,7785,169914.7,HOLD_OPEN,0.0,0.02257,-0.02257,0.0,0.00678,-0.00678,0.0,0.0208,-0.0208,0.0,0.0,0.0
9,7786,169935.9,HOLD_OPEN,0.0,0.0191,-0.0191,0.0,0.00678,-0.00678,0.0,0.01733,-0.01733,0.0,0.0,0.0
9,7787,169957.1,HOLD_OPEN,0.0,0.01562,-0.01562,0.0,0.00678,-0.00678,0.0,0.0104,-0.0104,0.0,0.0,0.0
9,7788,169978.3,HOLD_OPEN,0.0,0.01042,-0.01042,0.0,0.00678,-0.00678,0.0,0.00693,-0.00693,0.0,0.0,0.0
9,7789,169998.8,HOLD_OPEN,0.0,0.00868,-0.00868,0.0,0.00678,-0.00678,0.0,0.00347,-0.00347,0.0,0.0,0.0
9,7790,170019.3,HOLD_OPEN,0.0,0.00694,-0.00694,0.0,0.00678,-0.00678,0.0,0.00347,-0.00347,0.0,0.0,0.0
9,7791,170040.0,HOLD_OPEN,0.0,0.00694,-0.00694,0.0,0.00508,-0.00508,0.0,0.0,0.0,0.0,0.0,0.0
9,7792,170061.1,HOLD_OPEN,0.0,0.00694,-0.00694,0.0,0.00678,-0.00678,0.0,0.0,0.0,0.0,0.0,0.0
9,7793,170081.3,HOLD_OPEN,0.0,0.00694,-0.00694,0.0,0.00678,-0.00678,0.0,0.0,0.0,0.0,0.0,0.0
9,7794,170103.0,HOLD_OPEN,0.0,0.00694,-0.00694,0.0,0.00508,-0.00508,0.0,0.0,0.0,0.0,0.0,0.0
9,7795,170124.2,HOLD_OPEN,0.0,0.00694,-0.00694,0.0,0.00508,-0.00508,0.0,0.0,0.0,0.0,0.0,0.0
9,7796,170144.7,HOLD_OPEN,0.0,0.00521,-0.00521,0.0,0.00678,-0.00678,0.0,0.0,0.0,0.0,0.0,0.0
9,7797,170165.4,HOLD_OPEN,0.0,0.00694,-0.00694,0.0,0.00678,-0.00678,0.0,0.0,0.0,0.0,0.0,0.0
9,7798,170186.9,HOLD_OPEN,0.0,0.00694,-0.00694,0.0,0.00678,-0.00678,0.0,0.0,0.0,0.0,0.0,0.0
9,7799,170206.8,HOLD_OPEN,0.0,0.00694,-0.00694,0.0,0.00678,-0.00678,0.0,0.0,0.0,0.0,0.0,0.0
9,7800,170228.0,HOLD_OPEN,0.0,0.00694,-0.00694,0.0,0.00678,-0.00678,0.0,0.0,0.0,0.0,0.0,0.0
9,7801,170248.9,HOLD_OPEN,0.0,0.00694,-0.00694,0.0,0.00508,-0.00508,0.0,0.0,0.0,0.0,0.0,0.0
9,7802,170270.1,HOLD_OPEN,0.0,0.00694,-0.00694,0.0,0.00678,-0.00678,0.0,0.0,0.0,0.0,0.0,0.0
9,7803,170292.2,HOLD_OPEN,0.0,0.00694,-0.00694,0.0,0.00678,-0.00678,0.0,0.0,0.0,0.0,0.0,0.0
9,7804,170311.1,HOLD_OPEN,0.0,0.00694,-0.00694,0.0,0.00678,-0.00678,0.0,0.0,0.0,0.0,0.0,0.0
9,7805,170332.1,HOLD_OPEN,0.0,0.00694,-0.00694,0.0,0.00678,-0.00678,0.0,0.0,0.0,0.0,0.0,0.0
9,7806,170352.2,HOLD_OPEN,0.0,0.00868,-0.00868,0.0,0.00678,-0.00678,0.0,0.0,0.0,0.0,0.0,0.0
9,7807,170373.5,HOLD_OPEN,0.0,0.01042,-0.01042,0.0,0.00678,-0.00678,0.0,0.0,0.0,0.0,0.0,0.0
9,7808,170393.8,HOLD_OPEN,0.0,0.00694,-0.00694,0.0,0.00678,-0.00678,0.0,0.0,0.0,0.0,0.0,0.0
9,7809,170415.3,HOLD_OPEN,0.0,0.01042,-0.01042,0.0,0.00847,-0.00847,0.0,0.0,0.0,0.0,0.0,0.0
9,7810,170435.9,HOLD_OPEN,0.0,0.00694,-0.00694,0.0,0.00678,-0.00678,0.0,0.0,0.0,0.0,0.0,0.0
9,7811,170456.8,HOLD_OPEN,0.0,0.00694,-0.00694,0.0,0.00678,-0.00678,0.0,0.0,0.0,0.0,0.0,0.0
9,7812,170478.2,HOLD_OPEN,0.0,0.00694,-0.00694,0.0,0.00678,-0.00678,0.0,0.0,0.0,0.0,0.0,0.0
9,7813,170498.6,HOLD_OPEN,0.0,0.00694,-0.00694,0.0,0.00678,-0.00678,0.0,0.0,0.0,0.0,0.0,0.0
9,7814,170519.3,HOLD_OPEN,0.0,0.00868,-0.00868,0.0,0.00678,-0.00678,0.0,0.0,0.0,0.0,0.0,0.0
9,7815,170540.3,HOLD_OPEN,0.0,0.00694,-0.00694,0.0,0.00508,-0.00508,0.0,0.0,0.0,0.0,0.0,0.0
9,7816,170561.2,HOLD_OPEN,0.0,0.00694,-0.00694,0.0,0.00678,-0.00678,0.0,0.0,0.0,0.0,0.0,0.0
9,7817,170581.7,HOLD_OPEN,0.0,0.00694,-0.00694,0.0,0.00508,-0.00508,0.0,0.0,0.0,0.0,0.0,0.0
9,7818,170602.7,HOLD_OPEN,0.0,0.00694,-0.00694,0.0,0.00678,-0.00678,0.0,0.0,0.0,0.0,0.0,0.0
9,7819,170623.4,HOLD_OPEN,0.0,0.00694,-0.00694,0.0,0.00678,-0.00678,0.0,0.0,0.0,0.0,0.0,0.0
9,7820,170644.2,HOLD_OPEN,0.0,0.00694,-0.00694,0.0,0.00678,-0.00678,0.0,0.0,0.0,0.0,0.0,0.0
9,7821,170665.1,HOLD_OPEN,0.0,0.00694,-0.00694,0.0,0.00678,-0.00678,0.0,0.0,0.0,0.0,0.0,0.0
9,7822,170686.9,HOLD_OPEN,0.0,0.00694,-0.00694,0.0,0.00678,-0.00678,0.0,0.0,0.0,0.0,0.0,0.0
9,7823,170706.8,HOLD_OPEN,0.0,0.00694,-0.00694,0.0,0.00678,-0.00678,0.0,0.0,0.0,0.0,0.0,0.0
9,7824,170728.4,HOLD_OPEN,0.0,0.00694,-0.00694,0.0,0.00678,-0.00678,0.0,0.0,0.0,0.0,0.0,0.0
9,7825,170748.2,HOLD_OPEN,0.0,0.00694,-0.00694,0.0,0.00678,-0.00678,0.0,0.0,0.0,0.0,0.0,0.0
9,7826,170769.0,HOLD_OPEN,0.0,0.00347,-0.00347,0.0,0.00678,-0.00678,0.0,0.0,0.0,0.0,0.0,0.0
9,7827,170790.8,HOLD_OPEN,0.0,0.00868,-0.00868,0.0,0.00678,-0.00678,0.0,0.0,0.0,0.0,0.0,0.0
9,7828,170811.5,HOLD_OPEN,0.0,0.00694,-0.00694,0.0,0.00678,-0.00678,0.0,0.0,0.0,0.0,0.0,0.0
9,7829,170832.2,HOLD_OPEN,0.0,0.00521,-0.00521,0.0,0.00508,-0.00508,0.0,0.0,0.0,0.0,0.0,0.0
9,7830,170852.2,HOLD_OPEN,0.0,0.00868,-0.00868,0.0,0.00508,-0.00508,0.0,0.0,0.0,0.0,0.0,0.0
9,7831,170873.7,HOLD_OPEN,0.0,0.00694,-0.00694,0.0,0.00678,-0.00678,0.0,0.0,0.0,0.0,0.0,0.0
9,7832,170895.0,HOLD_OPEN,0.0,0.00694,-0.00694,0.0,0.00678,-0.00678,0.0,0.0,0.0,0.0,0.0,0.0
9,7833,170915.1,HOLD_OPEN,0.0,0.00694,-0.00694,0.0,0.00508,-0.00508,0.0,0.0,0.0,0.0,0.0,0.0
9,7834,170936.2,HOLD_OPEN,0.0,0.00694,-0.00694,0.0,0.00678,-0.00678,0.0,0.0,0.0,0.0,0.0,0.0
9,7835,170956.7,HOLD_OPEN,0.0,0.00694,-0.00694,0.0,0.00678,-0.00678,0.0,0.0,0.0,0.0,0.0,0.0
9,7836,170977.2,HOLD_OPEN,0.0,0.00694,-0.00694,0.0,0.00678,-0.00678,0.0,0.0,0.0,0.0,0.0,0.0
9,7837,170999.2,HOLD_OPEN,0.0,0.00694,-0.00694,0.0,0.00678,-0.00678,0.0,0.0,0.0,0.0,0.0,0.0
9,7838,171019.6,HOLD_OPEN,0.0,0.00694,-0.00694,0.0,0.00678,-0.00678,0.0,0.0,0.0,0.0,0.0,0.0
9,7839,171043.4,HOLD_OPEN,0.0,0.00694,-0.00694,0.0,0.00847,-0.00847,0.0,0.0,0.0,0.0,0.0,0.0
9,7840,171061.7,CLOSE_2,0.005,0.00694,-0.00194,0.005,0.00678,-0.00178,0.005,0.0,0.005,0.005,0.0,0.005
9,7841,171084.1,CLOSE_2,0.01,0.00694,0.00306,0.01,0.00678,0.00322,0.01,0.0,0.01,0.01,0.0,0.01
9,7842,171104.0,CLOSE_2,0.015,0.00694,0.00806,0.015,0.00678,0.00822,0.015,0.0,0.015,0.015,0.0,0.015
9,7843,171127.1,CLOSE_2,0.02,0.00694,0.01306,0.02,0.00678,0.01322,0.02,0.0,0.02,0.02,0.0,0.02
9,7844,171146.9,CLOSE_2,0.025,0.00694,0.01806,0.025,0.00678,0.01822,0.025,0.0,0.025,0.025,0.0,0.025
9,7845,171168.3,CLOSE_2,0.03,0.00868,0.02132,0.03,0.00678,0.02322,0.03,0.0,0.03,0.03,0.0,0.03
9,7846,171188.7,CLOSE_2,0.035,0.00694,0.02806,0.035,0.00678,0.02822,0.035,0.0,0.035,0.035,0.0,0.035
9,7847,171207.3,CLOSE_2,0.04,0.00521,0.03479,0.04,0.00508,0.03492,0.04,0.0,0.04,0.04,0.0,0.04
9,7848,171228.7,CLOSE_2,0.045,0.00694,0.03806,0.045,0.00508,0.03992,0.045,0.0,0.045,0.045,0.0,0.045
9,7849,171248.6,CLOSE_2,0.05,0.00694,0.04306,0.05,0.00508,0.04492,0.05,0.0052,0.0448,0.05,0.0,0.05
9,7850,171270.8,CLOSE_2,0.055,0.00694,0.04806,0.055,0.00678,0.04822,0.055,0.00347,0.05153,0.055,0.0,0.055
9,7851,171292.0,CLOSE_2,0.06,0.01042,0.04958,0.06,0.00678,0.05322,0.06,0.0104,0.0496,0.06,0.0,0.06
9,7852,171313.0,CLOSE_2,0.065,0.01562,0.04937,0.065,0.01017,0.05483,0.065,0.01213,0.05287,0.065,0.0,0.065
9,7853,171333.7,CLOSE_2,0.07,0.02951,0.04049,0.07,0.00678,0.06322,0.07,0.01906,0.05094,0.07,0.00577,0.06423
9,7854,171354.6,CLOSE_2,0.075,0.02951,0.04549,0.075,0.00678,0.06822,0.075,0.02426,0.05074,0.075,0.01731,0.05769
9,7855,171375.2,CLOSE_2,0.08,0.03819,0.04181,0.08,0.01864,0.06136,0.08,0.03293,0.04707,0.08,0.025,0.055
9,7856,171396.5,CLOSE_2,0.085,0.04688,0.03813,0.085,0.02542,0.05958,0.085,0.03986,0.04514,0.085,0.03077,0.05423
9,7857,171417.0,CLOSE_2,0.09,0.05556,0.03444,0.09,0.0322,0.0578,0.09,0.05026,0.03974,0.09,0.04231,0.04769
9,7858,171437.5,CLOSE_2,0.095,0.0625,0.0325,0.095,0.03729,0.05771,0.095,0.05546,0.03954,0.095,0.05192,0.04308
9,7859,171459.1,CLOSE_2,0.1,0.07118,0.02882,0.1,0.04915,0.05085,0.1,0.06586,0.03414,0.1,0.06346,0.03654
9,7860,171480.2,CLOSE_2,0.105,0.07986,0.02514,0.105,0.05763,0.04737,0.105,0.07106,0.03394,0.105,0.075,0.03
9,7861,171500.2,CLOSE_2,0.11,0.08681,0.02319,0.11,0.06271,0.04729,0.11,0.08146,0.02854,0.11,0.08462,0.02538
9,7862,171520.2,CLOSE_2,0.115,0.09028,0.02472,0.115,0.07119,0.04381,0.115,0.08666,0.02834,0.115,0.08846,0.02654
9,7863,171541.9,CLOSE_2,0.12,0.09549,0.02451,0.12,0.07966,0.04034,0.12,0.09359,0.02641,0.12,0.1,0.02
9,7864,171563.7,CLOSE_2,0.125,0.09896,0.02604,0.125,0.08814,0.03686,0.125,0.10052,0.02448,0.125,0.10769,0.01731
9,7865,171584.4,CLOSE_2,0.13,0.10243,0.02757,0.13,0.09661,0.03339,0.13,0.10745,0.02255,0.13,0.11538,0.01462
9,7866,171605.4,CLOSE_2,0.135,0.10764,0.02736,0.135,0.10847,0.02653,0.135,0.11265,0.02235,0.135,0.12115,0.01385
9,7867,171626.7,CLOSE_2,0.14,0.10938,0.03063,0.14,0.11186,0.02814,0.14,0.11785,0.02215,0.14,0.12692,0.01308
9,7868,171647.3,CLOSE_2,0.145,0.11111,0.03389,0.145,0.11695,0.02805,0.145,0.12305,0.02195,0.145,0.13077,0.01423
9,7869,171667.9,CLOSE_2,0.15,0.11458,0.03542,0.15,0.12373,0.02627,0.15,0.12652,0.02348,0.15,0.13462,0.01538
9,7870,171688.8,CLOSE_2,0.155,0.11632,0.03868,0.155,0.13051,0.02449,0.155,0.12825,0.02675,0.155,0.13654,0.01846
9,7871,171709.3,CLOSE_2,0.16,0.11806,0.04194,0.16,0.13559,0.02441,0.16,0.12998,0.03002,0.16,0.14038,0.01962
9,7872,171729.7,CLOSE_2,0.165,0.12153,0.04347,0.165,0.14068,0.02432,0.165,0.13172,0.03328,0.165,0.14231,0.02269
9,7873,171751.3,CLOSE_2,0.17,0.12847,0.04153,0.17,0.14576,0.02424,0.17,0.13345,0.03655,0.17,0.14231,0.02769
9,7874,171770.7,CLOSE_2,0.175,0.13194,0.04306,0.175,0.15085,0.02415,0.175,0.13345,0.04155,0.175,0.14231,0.03269
9,7875,171791.9,CLOSE_2,0.18,0.13542,0.04458,0.18,0.15085,0.02915,0.18,0.13345,0.04655,0.18,0.14615,0.03385
9,7876,171812.6,CLOSE_2,0.185,0.14062,0.04438,0.185,0.15254,0.03246,0.185,0.13518,0.04982,0.185,0.14808,0.03692
9,7877,171833.6,CLOSE_2,0.19,0.14583,0.04417,0.19,0.15424,0.03576,0.19,0.14385,0.04615,0.19,0.15192,0.03808
9,7878,171854.0,CLOSE_2,0.195,0.16146,0.03354,0.195,0.15424,0.04076,0.195,0.14385,0.05115,0.195,0.15577,0.03923
9,7879,171875.1,CLOSE_2,0.2,0.16493,0.03507,0.2,0.15593,0.04407,0.2,0.14558,0.05442,0.2,0.16538,0.03462
9,7880,171896.2,CLOSE_2,0.205,0.16667,0.03833,0.205,0.16102,0.04398,0.205,0.15078,0.05422,0.205,0.17115,0.03385
9,7881,171917.0,CLOSE_2,0.21,0.17188,0.03813,0.21,0.16949,0.04051,0.21,0.15251,0.05749,0.21,0.16923,0.04077
9,7882,171937.9,CLOSE_2,0.215,0.17882,0.03618,0.215,0.17458,0.04042,0.215,0.16984,0.04516,0.215,0.175,0.04
9,7883,171959.0,CLOSE_2,0.22,0.18403,0.03597,0.22,0.17119,0.04881,0.22,0.16811,0.05189,0.22,0.18654,0.03346
9,7884,171979.7,CLOSE_2,0.225,0.19271,0.03229,0.225,0.17627,0.04873,0.225,0.17851,0.04649,0.225,0.19231,0.03269
9,7885,172002.5,CLOSE_2,0.23,0.19792,0.03208,0.23,0.18644,0.04356,0.23,0.18891,0.04109,0.23,0.19423,0.03577
9,7886,172022.4,CLOSE_2,0.235,0.20312,0.03188,0.235,0.18305,0.05195,0.235,0.19411,0.04089,0.235,0.2,0.035
9,7887,172043.0,CLOSE_2,0.24,0.20833,0.03167,0.24,0.18814,0.05186,0.24,0.20451,0.03549,0.24,0.21154,0.02846
9,7888,172063.0,CLOSE_2,0.245,0.21354,0.03146,0.245,0.19492,0.05008,0.245,0.21317,0.03183,0.245,0.22308,0.02192
9,7889,172084.6,CLOSE_2,0.25,0.21875,0.03125,0.25,0.20339,0.04661,0.25,0.21837,0.03163,0.25,0.23269,0.01731
9,7890,172104.9,CLOSE_2,0.255,0.22743,0.02757,0.255,0.20508,0.04992,0.255,0.2253,0.0297,0.255,0.24423,0.01077
9,7891,172126.4,CLOSE_2,0.26,0.2309,0.0291,0.26,0.21017,0.04983,0.26,0.23224,0.02776,0.26,0.25,0.01
9,7892,172146.7,CLOSE_2,0.265,0.23438,0.03063,0.265,0.21695,0.04805,0.265,0.23744,0.02756,0.265,0.25577,0.00923
9,7893,172168.1,CLOSE_2,0.27,0.23785,0.03215,0.27,0.22373,0.04627,0.27,0.24263,0.02737,0.27,0.26346,0.00654
9,7894,172187.7,CLOSE_2,0.275,0.24132,0.03368,0.275,0.22881,0.04619,0.275,0.24783,0.02717,0.275,0.26538,0.00962
9,7895,172209.5,CLOSE_2,0.28,0.24479,0.03521,0.28,0.23898,0.04102,0.28,0.24957,0.03043,0.28,0.26923,0.01077
9,7896,172229.7,CLOSE_2,0.285,0.25,0.035,0.285,0.24407,0.04093,0.285,0.25477,0.03023,0.285,0.275,0.01
9,7897,172250.3,CLOSE_2,0.29,0.25521,0.03479,0.29,0.25085,0.03915,0.29,0.26516,0.02484,0.29,0.27885,0.01115
9,7898,172271.3,CLOSE_2,0.295,0.25868,0.03632,0.295,0.25254,0.04246,0.295,0.2617,0.0333,0.295,0.28269,0.01231
9,7899,172291.6,CLOSE_2,0.3,0.26562,0.03438,0.3,0.26271,0.03729,0.3,0.26343,0.03657,0.3,0.28654,0.01346
9,7900,172313.1,CLOSE_2,0.305,0.2691,0.0359,0.305,0.2661,0.0389,0.305,0.26343,0.04157,0.305,0.29231,0.01269
9,7901,172333.6,CLOSE_2,0.31,0.27778,0.03222,0.31,0.27119,0.03881,0.31,0.27036,0.03964,0.31,0.29615,0.01385
9,7902,172354.5,CLOSE_2,0.315,0.27951,0.03549,0.315,0.28136,0.03364,0.315,0.27556,0.03944,0.315,0.31154,0.00346
9,7903,172375.4,CLOSE_2,0.32,0.28472,0.03528,0.32,0.28136,0.03864,0.32,0.27903,0.04097,0.32,0.31154,0.00846
9,7904,172396.3,CLOSE_2,0.325,0.29167,0.03333,0.325,0.28475,0.04025,0.325,0.28769,0.03731,0.325,0.31731,0.00769
9,7905,172417.7,CLOSE_2,0.33,0.30382,0.02618,0.33,0.28644,0.04356,0.33,0.28943,0.04057,0.33,0.31923,0.01077
9,7906,172437.9,CLOSE_2,0.335,0.30208,0.03292,0.335,0.29153,0.04347,0.335,0.29463,0.04037,0.335,0.32885,0.00615
9,7907,172459.6,CLOSE_2,0.34,0.30729,0.03271,0.34,0.29661,0.04339,0.34,0.29983,0.04017,0.34,0.32885,0.01115
9,7908,172479.1,CLOSE_2,0.345,0.31771,0.02729,0.345,0.30169,0.04331,0.345,0.30676,0.03824,0.345,0.33654,0.00846
9,7909,172500.8,CLOSE_2,0.35,0.32118,0.02882,0.35,0.30678,0.04322,0.35,0.31542,0.03458,0.35,0.34615,0.00385
9,7910,172521.4,CLOSE_2,0.355,0.32118,0.03382,0.355,0.31864,0.03636,0.355,0.31716,0.03784,0.355,0.35192,0.00308
9,7911,172542.5,CLOSE_2,0.36,0.32639,0.03361,0.36,0.32203,0.03797,0.36,0.32236,0.03764,0.36,0.35769,0.00231
9,7912,172563.6,CLOSE_2,0.365,0.32986,0.03514,0.365,0.32373,0.04127,0.365,0.32929,0.03571,0.365,0.36538,-0.00038
9,7913,172585.3,CLOSE_2,0.37,0.32465,0.04535,0.37,0.32881,0.04119,0.37,0.32756,0.04244,0.37,0.36731,0.00269
9,7914,172604.8,CLOSE_2,0.375,0.33507,0.03993,0.375,0.3322,0.0428,0.375,0.33102,0.04398,0.375,0.36923,0.00577
9,7915,172626.0,CLOSE_2,0.38,0.34201,0.03799,0.38,0.33559,0.04441,0.38,0.33795,0.04205,0.38,0.37692,0.00308
9,7916,172646.6,CLOSE_2,0.385,0.34896,0.03604,0.385,0.34068,0.04432,0.385,0.34489,0.04011,0.385,0.38269,0.00231
9,7917,172666.8,CLOSE_2,0.39,0.35417,0.03583,0.39,0.34576,0.04424,0.39,0.35182,0.03818,0.39,0.38846,0.00154
9,7918,172687.9,CLOSE_2,0.395,0.35938,0.03563,0.395,0.35085,0.04415,0.395,0.36049,0.03451,0.395,0.39231,0.00269
9,7919,172708.8,CLOSE_2,0.4,0.37153,0.02847,0.4,0.35424,0.04576,0.4,0.36742,0.03258,0.4,0.4,0.0
9,7920,172729.1,CLOSE_2,0.405,0.37326,0.03174,0.405,0.35932,0.04568,0.405,0.37435,0.03065,0.405,0.40577,-0.00077
9,7921,172750.4,CLOSE_2,0.41,0.38368,0.02632,0.41,0.3661,0.0439,0.41,0.38475,0.02525,0.41,0.41731,-0.00731
9,7922,172771.1,CLOSE_2,0.415,0.38715,0.02785,0.415,0.36949,0.04551,0.415,0.38648,0.02852,0.415,0.41731,-0.00231
9,7923,172791.8,CLOSE_2,0.42,0.39236,0.02764,0.42,0.37797,0.04203,0.42,0.39341,0.02659,0.42,0.42115,-0.00115
9,7924,172812.1,CLOSE_2,0.425,0.39931,0.02569,0.425,0.37797,0.04703,0.425,0.39688,0.02812,0.425,0.42885,-0.00385
9,7925,172833.6,CLOSE_2,0.43,0.40625,0.02375,0.43,0.38136,0.04864,0.43,0.40035,0.02965,0.43,0.43846,-0.00846
9,7926,172855.0,CLOSE_2,0.435,0.40625,0.02875,0.435,0.38475,0.05025,0.435,0.40901,0.02599,0.435,0.44038,-0.00538
9,7927,172874.6,CLOSE_2,0.44,0.41493,0.02507,0.44,0.38983,0.05017,0.44,0.41075,0.02925,0.44,0.45,-0.01
9,7928,172894.0,CLOSE_2,0.445,0.41493,0.03007,0.445,0.39661,0.04839,0.445,0.41594,0.02906,0.445,0.45,-0.005
9,7929,172915.6,CLOSE_2,0.45,0.42014,0.02986,0.45,0.4,0.05,0.45,0.41941,0.03059,0.45,0.45385,-0.00385
9,7930,172936.5,CLOSE_2,0.455,0.42535,0.02965,0.455,0.40508,0.04992,0.455,0.42461,0.03039,0.455,0.46154,-0.00654
9,7931,172957.7,CLOSE_2,0.46,0.43056,0.02944,0.46,0.41017,0.04983,0.46,0.43328,0.02672,0.46,0.46731,-0.00731
9,7932,172980.4,CLOSE_2,0.465,0.43576,0.02924,0.465,0.41525,0.04975,0.465,0.43674,0.02826,0.465,0.47692,-0.01192
9,7933,173001.5,CLOSE_2,0.47,0.44271,0.02729,0.47,0.41864,0.05136,0.47,0.43674,0.03326,0.47,0.48846,-0.01846
9,7934,173019.4,CLOSE_2,0.475,0.44444,0.03056,0.475,0.42373,0.05127,0.475,0.44021,0.03479,0.475,0.48462,-0.00962
9,7935,173041.0,CLOSE_2,0.48,0.4566,0.0234,0.48,0.42881,0.05119,0.48,0.44541,0.03459,0.48,0.49038,-0.01038
9,7936,173061.7,CLOSE_2,0.485,0.45833,0.02667,0.485,0.43559,0.04941,0.485,0.45061,0.03439,0.485,0.5,-0.015
9,7937,173082.7,CLOSE_2,0.49,0.46181,0.02819,0.49,0.44407,0.04593,0.49,0.46274,0.02726,0.49,0.50385,-0.01385
9,7938,173104.5,CLOSE_2,0.495,0.46701,0.02799,0.495,0.44915,0.04585,0.495,0.46101,0.03399,0.495,0.50962,-0.01462
9,7939,173125.2,CLOSE_2,0.5,0.47743,0.02257,0.5,0.45424,0.04576,0.5,0.46967,0.03033,0.5,0.51346,-0.01346
9,7940,173146.5,CLOSE_2,0.505,0.47569,0.02931,0.5,0.46102,0.03898,0.505,0.47314,0.03186,0.5,0.52115,-0.02115
9,7941,173166.8,CLOSE_2,0.51,0.48264,0.02736,0.5,0.4661,0.0339,0.51,0.48007,0.02993,0.5,0.525,-0.025
9,7942,173187.6,CLOSE_2,0.515,0.48611,0.02889,0.5,0.47627,0.02373,0.515,0.48354,0.03146,0.5,0.53269,-0.03269
9,7943,173208.3,CLOSE_2,0.52,0.48611,0.03389,0.5,0.47797,0.02203,0.52,0.4818,0.0382,0.5,0.53654,-0.03654
9,7944,173228.8,CLOSE_2,0.525,0.50347,0.02153,0.5,0.48305,0.01695,0.525,0.49047,0.03453,0.5,0.54231,-0.04231
9,7945,173250.1,CLOSE_2,0.53,0.50868,0.02132,0.5,0.49153,0.00847,0.53,0.49913,0.03087,0.5,0.54615,-0.04615
9,7946,173272.1,CLOSE_2,0.535,0.51215,0.02285,0.5,0.49492,0.00508,0.535,0.5078,0.0272,0.5,0.54808,-0.04808
9,7947,173291.7,CLOSE_2,0.54,0.5191,0.0209,0.5,0.50339,-0.00339,0.54,0.51473,0.02527,0.5,0.55192,-0.05192
9,7948,173310.5,CLOSE_2,0.545,0.52778,0.01722,0.5,0.50508,-0.00508,0.545,0.52166,0.02334,0.5,0.55385,-0.05385
9,7949,173331.4,CLOSE_2,0.55,0.53125,0.01875,0.5,0.50678,-0.00678,0.55,0.52686,0.02314,0.5,0.55385,-0.05385
9,7950,173352.6,CLOSE_2,0.555,0.53472,0.02028,0.5,0.51017,-0.01017,0.555,0.53033,0.02467,0.5,0.55769,-0.05769
9,7951,173373.2,CLOSE_2,0.56,0.53472,0.02528,0.5,0.50847,-0.00847,0.56,0.53206,0.02794,0.5,0.55577,-0.05577
9,7952,173395.6,CLOSE_2,0.565,0.53646,0.02854,0.5,0.50847,-0.00847,0.565,0.53553,0.02947,0.5,0.55769,-0.05769
9,7953,173417.0,CLOSE_2,0.57,0.5434,0.0266,0.5,0.50678,-0.00678,0.57,0.53726,0.03274,0.5,0.55769,-0.05769
9,7954,173439.2,CLOSE_2,0.575,0.54514,0.02986,0.5,0.50847,-0.00847,0.575,0.54246,0.03254,0.5,0.55577,-0.05577
9,7955,173458.4,CLOSE_2,0.58,0.54688,0.03313,0.5,0.50847,-0.00847,0.58,0.54419,0.03581,0.5,0.55577,-0.05577
9,7956,173481.1,CLOSE_2,0.585,0.55208,0.03292,0.5,0.51186,-0.01186,0.585,0.55459,0.03041,0.5,0.55577,-0.05577
9,7957,173501.7,CLOSE_2,0.59,0.55556,0.03444,0.5,0.50678,-0.00678,0.59,0.55459,0.03541,0.5,0.55769,-0.05769
9,7958,173522.1,CLOSE_2,0.595,0.56076,0.03424,0.5,0.50847,-0.00847,0.595,0.56846,0.02654,0.5,0.55769,-0.05769
9,7959,173543.0,CLOSE_2,0.6,0.57118,0.02882,0.5,0.50678,-0.00678,0.6,0.56672,0.03328,0.5,0.55769,-0.05769
9,7960,173562.5,CLOSE_2,0.605,0.56944,0.03556,0.5,0.50678,-0.00678,0.605,0.57192,0.03308,0.5,0.55769,-0.05769
9,7961,173584.3,CLOSE_2,0.61,0.57465,0.03535,0.5,0.50847,-0.00847,0.61,0.57712,0.03288,0.5,0.55385,-0.05385
9,7962,173604.7,CLOSE_2,0.615,0.5816,0.0334,0.5,0.51017,-0.01017,0.615,0.58232,0.03268,0.5,0.55577,-0.05577
9,7963,173625.0,CLOSE_2,0.62,0.58681,0.03319,0.5,0.50847,-0.00847,0.62,0.58579,0.03421,0.5,0.55577,-0.05577
9,7964,173646.4,CLOSE_2,0.625,0.59201,0.03299,0.5,0.50847,-0.00847,0.625,0.59272,0.03228,0.5,0.55577,-0.05577
9,7965,173667.0,CLOSE_2,0.63,0.59722,0.03278,0.5,0.51356,-0.01356,0.63,0.59619,0.03381,0.5,0.55769,-0.05769
9,7966,173688.0,CLOSE_2,0.635,0.60417,0.03083,0.5,0.51356,-0.01356,0.635,0.59792,0.03708,0.5,0.55769,-0.05769
9,7967,173708.4,CLOSE_2,0.64,0.60764,0.03236,0.5,0.50847,-0.00847,0.64,0.61179,0.02821,0.5,0.55577,-0.05577
9,7968,173730.3,CLOSE_2,0.645,0.61458,0.03042,0.5,0.51017,-0.01017,0.645,0.61525,0.02975,0.5,0.55577,-0.05577
9,7969,173750.6,CLOSE_2,0.65,0.61979,0.03021,0.5,0.50847,-0.00847,0.65,0.61698,0.03302,0.5,0.55577,-0.05577
9,7970,173771.5,CLOSE_2,0.655,0.63021,0.02479,0.5,0.50847,-0.00847,0.655,0.62218,0.03282,0.5,0.55769,-0.05769
9,7971,173791.6,CLOSE_2,0.66,0.63889,0.02111,0.5,0.51186,-0.01186,0.66,0.62738,0.03262,0.5,0.55577,-0.05577
9,7972,173813.4,CLOSE_2,0.665,0.63715,0.02785,0.5,0.51525,-0.01525,0.665,0.63085,0.03415,0.5,0.55577,-0.05577
9,7973,173834.0,CLOSE_2,0.67,0.64236,0.02764,0.5,0.51695,-0.01695,0.67,0.63778,0.03222,0.5,0.55577,-0.05577
9,7974,173854.6,CLOSE_2,0.675,0.64583,0.02917,0.5,0.51186,-0.01186,0.675,0.64298,0.03202,0.5,0.55769,-0.05769
9,7975,173875.8,CLOSE_2,0.68,0.65104,0.02896,0.5,0.50847,-0.00847,0.68,0.64818,0.03182,0.5,0.55577,-0.05577
9,7976,173896.3,CLOSE_2,0.685,0.65799,0.02701,0.5,0.50847,-0.00847,0.685,0.65165,0.03335,0.5,0.55577,-0.05577
9,7977,173917.6,CLOSE_2,0.69,0.66319,0.02681,0.5,0.51017,-0.01017,0.69,0.65511,0.03489,0.5,0.55769,-0.05769
9,7978,173938.8,CLOSE_2,0.695,0.66667,0.02833,0.5,0.50847,-0.00847,0.695,0.66031,0.03469,0.5,0.55769,-0.05769
9,7979,173959.7,CLOSE_2,0.7,0.67014,0.02986,0.5,0.50847,-0.00847,0.7,0.66724,0.03276,0.5,0.55769,-0.05769
9,7980,173979.8,CLOSE_2,0.705,0.67708,0.02792,0.5,0.50169,-0.00169,0.705,0.67071,0.03429,0.5,0.55769,-0.05769
9,7981,174001.7,CLOSE_2,0.71,0.6875,0.0225,0.5,0.49322,0.00678,0.71,0.67591,0.03409,0.5,0.55769,-0.05769
9,7982,174022.2,CLOSE_2,0.715,0.6875,0.0275,0.5,0.48983,0.01017,0.715,0.68111,0.03389,0.5,0.55962,-0.05962
9,7983,174042.7,CLOSE_2,0.72,0.69271,0.02729,0.5,0.48814,0.01186,0.72,0.68977,0.03023,0.5,0.55577,-0.05577
9,7984,174063.3,CLOSE_2,0.725,0.69792,0.02708,0.5,0.48644,0.01356,0.725,0.69151,0.03349,0.5,0.55577,-0.05577
9,7985,174083.2,CLOSE_2,0.73,0.70139,0.02861,0.5,0.48475,0.01525,0.73,0.69497,0.03503,0.5,0.55577,-0.05577
9,7986,174105.3,CLOSE_2,0.735,0.70833,0.02667,0.5,0.48475,0.01525,0.735,0.70017,0.03483,0.5,0.55769,-0.05769
9,7987,174124.8,CLOSE_2,0.74,0.71181,0.02819,0.5,0.48475,0.01525,0.74,0.70537,0.03463,0.5,0.55769,-0.05769
9,7988,174146.2,CLOSE_2,0.745,0.71528,0.02972,0.5,0.48644,0.01356,0.745,0.71057,0.03443,0.5,0.55577,-0.05577
9,7989,174167.2,CLOSE_2,0.75,0.72569,0.02431,0.5,0.48644,0.01356,0.75,0.71577,0.03423,0.5,0.55769,-0.05769
9,7990,174187.4,CLOSE_2,0.755,0.72743,0.02757,0.5,0.49831,0.00169,0.755,0.72097,0.03403,0.5,0.55769,-0.05769
9,7991,174209.0,CLOSE_2,0.76,0.72917,0.03083,0.5,0.48644,0.01356,0.76,0.73137,0.02863,0.5,0.55577,-0.05577
9,7992,174229.5,CLOSE_2,0.765,0.73264,0.03236,0.5,0.48644,0.01356,0.765,0.73484,0.03016,0.5,0.55577,-0.05577
9,7993,174250.6,CLOSE_2,0.77,0.73785,0.03215,0.5,0.49153,0.00847,0.77,0.74003,0.02997,0.5,0.55577,-0.05577
9,7994,174271.2,CLOSE_2,0.775,0.74306,0.03194,0.5,0.49153,0.00847,0.775,0.7383,0.0367,0.5,0.55769,-0.05769
9,7995,174291.7,CLOSE_2,0.78,0.74653,0.03347,0.5,0.49153,0.00847,0.78,0.74523,0.03477,0.5,0.55769,-0.05769
9,7996,174312.9,CLOSE_2,0.785,0.75347,0.03153,0.5,0.49661,0.00339,0.785,0.74697,0.03803,0.5,0.55769,-0.05769
9,7997,174333.6,CLOSE_2,0.79,0.75694,0.03306,0.5,0.5,0.0,0.79,0.75217,0.03783,0.5,0.55769,-0.05769
9,7998,174354.7,CLOSE_2,0.795,0.76215,0.03285,0.5,0.50339,-0.00339,0.795,0.76603,0.02897,0.5,0.55577,-0.05577
9,7999,174375.3,CLOSE_2,0.8,0.76562,0.03438,0.5,0.50339,-0.00339,0.8,0.7695,0.0305,0.5,0.55769,-0.05769
9,8000,174396.9,CLOSE_2,0.805,0.77083,0.03417,0.5,0.50678,-0.00678,0.805,0.77123,0.03377,0.5,0.55577,-0.05577
9,8001,174417.0,CLOSE_2,0.81,0.77604,0.03396,0.5,0.50339,-0.00339,0.81,0.77643,0.03357,0.5,0.55962,-0.05962
9,8002,174438.7,CLOSE_2,0.815,0.78299,0.03201,0.5,0.50339,-0.00339,0.815,0.78163,0.03337,0.5,0.55769,-0.05769
9,8003,174459.8,CLOSE_2,0.82,0.79167,0.02833,0.5,0.50339,-0.00339,0.82,0.78683,0.03317,0.5,0.55769,-0.05769
9,8004,174479.8,CLOSE_2,0.825,0.7934,0.0316,0.5,0.50169,-0.00169,0.825,0.79029,0.03471,0.5,0.55769,-0.05769
9,8005,174501.1,CLOSE_2,0.83,0.80556,0.02444,0.5,0.50339,-0.00339,0.83,0.79896,0.03104,0.5,0.55577,-0.05577
9,8006,174522.5,CLOSE_2,0.835,0.80729,0.02771,0.5,0.50339,-0.00339,0.835,0.80936,0.02564,0.5,0.55769,-0.05769
9,8007,174542.5,CLOSE_2,0.84,0.81076,0.02924,0.5,0.50508,-0.00508,0.84,0.80936,0.03064,0.5,0.55577,-0.05577
9,8008,174562.6,CLOSE_2,0.845,0.82292,0.02208,0.5,0.50508,-0.00508,0.845,0.81282,0.03218,0.5,0.55769,-0.05769
9,8009,174583.8,CLOSE_2,0.85,0.82292,0.02708,0.5,0.50508,-0.00508,0.85,0.81802,0.03198,0.5,0.55577,-0.05577
9,8010,174604.3,CLOSE_2,0.855,0.82639,0.02861,0.5,0.50339,-0.00339,0.855,0.82149,0.03351,0.5,0.55769,-0.05769
9,8011,174625.0,CLOSE_2,0.86,0.82986,0.03014,0.5,0.50847,-0.00847,0.86,0.82322,0.03678,0.5,0.55769,-0.05769
9,8012,174645.9,CLOSE_2,0.865,0.83681,0.02819,0.5,0.50169,-0.00169,0.865,0.83016,0.03484,0.5,0.55769,-0.05769
9,8013,174666.8,CLOSE_2,0.87,0.84201,0.02799,0.5,0.50508,-0.00508,0.87,0.83882,0.03118,0.5,0.55769,-0.05769
9,8014,174688.2,CLOSE_2,0.875,0.84722,0.02778,0.5,0.50339,-0.00339,0.875,0.83882,0.03618,0.5,0.55769,-0.05769
9,8015,174708.8,CLOSE_2,0.88,0.85069,0.02931,0.5,0.50339,-0.00339,0.88,0.84575,0.03425,0.5,0.55769,-0.05769
9,8016,174730.2,CLOSE_2,0.885,0.8559,0.0291,0.5,0.50339,-0.00339,0.885,0.85442,0.03058,0.5,0.55577,-0.05577
9,8017,174750.1,CLOSE_2,0.89,0.86806,0.02194,0.5,0.50339,-0.00339,0.89,0.85962,0.03038,0.5,0.55769,-0.05769
9,8018,174771.9,CLOSE_2,0.895,0.86285,0.03215,0.5,0.50339,-0.00339,0.895,0.85962,0.03538,0.5,0.56154,-0.06154
9,8019,174792.6,CLOSE_2,0.9,0.875,0.025,0.5,0.50339,-0.00339,0.9,0.86655,0.03345,0.5,0.55577,-0.05577
9,8020,174812.8,CLOSE_2,0.905,0.87674,0.02826,0.5,0.50339,-0.00339,0.905,0.87175,0.03325,0.5,0.55769,-0.05769
9,8021,174834.3,CLOSE_2,0.91,0.88542,0.02458,0.5,0.50339,-0.00339,0.91,0.87695,0.03305,0.5,0.55577,-0.05577
9,8022,174856.0,CLOSE_2,0.915,0.88542,0.02958,0.5,0.50339,-0.00339,0.915,0.89081,0.02419,0.5,0.56154,-0.06154
9,8023,174876.6,CLOSE_2,0.92,0.88715,0.03285,0.5,0.50339,-0.00339,0.92,0.89428,0.02572,0.5,0.55962,-0.05962
9,8024,174897.6,CLOSE_2,0.925,0.89236,0.03264,0.5,0.50508,-0.00508,0.925,0.89601,0.02899,0.5,0.55577,-0.05577
9,8025,174916.8,CLOSE_2,0.93,0.89583,0.03417,0.5,0.50508,-0.00508,0.93,0.90641,0.02359,0.5,0.55577,-0.05577
9,8026,174939.3,CLOSE_2,0.935,0.90972,0.02528,0.5,0.50508,-0.00508,0.935,0.90641,0.02859,0.5,0.55577,-0.05577
9,8027,174960.2,CLOSE_2,0.94,0.91493,0.02507,0.5,0.50508,-0.00508,0.94,0.91334,0.02666,0.5,0.55962,-0.05962
9,8028,174979.8,CLOSE_2,0.945,0.91146,0.03354,0.5,0.50508,-0.00508,0.945,0.91681,0.02819,0.5,0.55577,-0.05577
9,8029,175001.2,CLOSE_2,0.95,0.9184,0.0316,0.5,0.50339,-0.00339,0.95,0.92201,0.02799,0.5,0.55769,-0.05769
9,8030,175021.0,CLOSE_2,0.955,0.92188,0.03313,0.5,0.50508,-0.00508,0.955,0.92201,0.03299,0.5,0.55769,-0.05769
9,8031,175041.7,CLOSE_2,0.96,0.92882,0.03118,0.5,0.50508,-0.00508,0.96,0.93761,0.02239,0.5,0.55577,-0.05577
9,8032,175062.6,CLOSE_2,0.965,0.93229,0.03271,0.5,0.50508,-0.00508,0.965,0.93588,0.02912,0.5,0.55769,-0.05769
9,8033,175083.5,CLOSE_2,0.97,0.93576,0.03424,0.5,0.50339,-0.00339,0.97,0.93934,0.03066,0.5,0.55769,-0.05769
9,8034,175104.0,CLOSE_2,0.975,0.94444,0.03056,0.5,0.50508,-0.00508,0.975,0.94627,0.02873,0.5,0.55577,-0.05577
9,8035,175125.4,CLOSE_2,0.98,0.94965,0.03035,0.5,0.50847,-0.00847,0.98,0.94801,0.03199,0.5,0.55577,-0.05577
9,8036,175145.7,CLOSE_2,0.985,0.95486,0.03014,0.5,0.50847,-0.00847,0.985,0.95147,0.03353,0.5,0.55577,-0.05577
9,8037,175166.9,CLOSE_2,0.99,0.9566,0.0334,0.5,0.50339,-0.00339,0.99,0.95494,0.03506,0.5,0.55769,-0.05769
9,8038,175187.6,CLOSE_2,0.995,0.96007,0.03493,0.5,0.50339,-0.00339,0.995,0.9636,0.0314,0.5,0.55769,-0.05769
9,8039,175208.8,CLOSE_2,1.0,0.96354,0.03646,0.5,0.50508,-0.00508,1.0,0.9688,0.0312,0.5,0.55769,-0.05769
9,8040,175217.0,HOLD_2,1.0,0.96701,0.03299,0.5,0.50508,-0.00508,1.0,0.97054,0.02946,0.5,0.55769,-0.05769
9,8041,175238.2,HOLD_2,1.0,0.96528,0.03472,0.5,0.50508,-0.00508,1.0,0.97574,0.02426,0.5,0.55769,-0.05769
9,8042,175259.2,HOLD_2,1.0,0.96875,0.03125,0.5,0.50169,-0.00169,1.0,0.9792,0.0208,0.5,0.55769,-0.05769
9,8043,175279.7,HOLD_2,1.0,0.97396,0.02604,0.5,0.50508,-0.00508,1.0,0.98267,0.01733,0.5,0.55769,-0.05769
9,8044,175300.4,HOLD_2,1.0,0.97396,0.02604,0.5,0.50508,-0.00508,1.0,0.9792,0.0208,0.5,0.55769,-0.05769
9,8045,175321.3,HOLD_2,1.0,0.97569,0.02431,0.5,0.50508,-0.00508,1.0,0.9844,0.0156,0.5,0.55577,-0.05577
9,8046,175342.1,HOLD_2,1.0,0.97569,0.02431,0.5,0.50508,-0.00508,1.0,0.9844,0.0156,0.5,0.55769,-0.05769
9,8047,175363.1,HOLD_2,1.0,0.97743,0.02257,0.5,0.50508,-0.00508,1.0,0.98787,0.01213,0.5,0.55577,-0.05577
9,8048,175383.7,HOLD_2,1.0,0.97396,0.02604,0.5,0.50508,-0.00508,1.0,0.98614,0.01386,0.5,0.55577,-0.05577
9,8049,175404.5,HOLD_2,1.0,0.97222,0.02778,0.5,0.50508,-0.00508,1.0,0.98614,0.01386,0.5,0.55769,-0.05769
9,8050,175425.2,HOLD_2,1.0,0.97569,0.02431,0.5,0.50339,-0.00339,1.0,0.9844,0.0156,0.5,0.55769,-0.05769
9,8051,175445.8,HOLD_2,1.0,0.97569,0.02431,0.5,0.50678,-0.00678,1.0,0.98614,0.01386,0.5,0.55769,-0.05769
9,8052,175466.7,HOLD_2,1.0,0.97569,0.02431,0.5,0.50508,-0.00508,1.0,0.9844,0.0156,0.5,0.55577,-0.05577
9,8053,175488.3,HOLD_2,1.0,0.97569,0.02431,0.5,0.50339,-0.00339,1.0,0.9844,0.0156,0.5,0.55769,-0.05769
9,8054,175508.4,HOLD_2,1.0,0.97569,0.02431,0.5,0.50508,-0.00508,1.0,0.9844,0.0156,0.5,0.55769,-0.05769
9,8055,175529.5,HOLD_2,1.0,0.97396,0.02604,0.5,0.50508,-0.00508,1.0,0.9844,0.0156,0.5,0.55577,-0.05577
9,8056,175550.9,HOLD_2,1.0,0.98958,0.01042,0.5,0.50339,-0.00339,1.0,0.98614,0.01386,0.5,0.55577,-0.05577
9,8057,175571.7,HOLD_2,1.0,0.97569,0.02431,0.5,0.50339,-0.00339,1.0,0.98267,0.01733,0.5,0.55962,-0.05962
9,8058,175591.8,HOLD_2,1.0,0.97569,0.02431,0.5,0.50508,-0.00508,1.0,0.9844,0.0156,0.5,0.55769,-0.05769
9,8059,175613.7,HOLD_2,1.0,0.97743,0.02257,0.5,0.50508,-0.00508,1.0,0.9844,0.0156,0.5,0.55769,-0.05769
9,8060,175634.1,HOLD_2,1.0,0.98611,0.01389,0.5,0.50508,-0.00508,1.0,0.9844,0.0156,0.5,0.55769,-0.05769
9,8061,175652.4,HOLD_2,1.0,0.97743,0.02257,0.5,0.50508,-0.00508,1.0,0.99653,0.00347,0.5,0.55769,-0.05769
9,8062,175672.9,HOLD_2,1.0,0.97917,0.02083,0.5,0.50508,-0.00508,1.0,0.9896,0.0104,0.5,0.55577,-0.05577
9,8063,175693.7,HOLD_2,1.0,0.9809,0.0191,0.5,0.50508,-0.00508,1.0,0.99133,0.00867,0.5,0.55769,-0.05769
9,8064,175714.6,HOLD_2,1.0,0.98438,0.01562,0.5,0.50339,-0.00339,1.0,0.9896,0.0104,0.5,0.55962,-0.05962
9,8065,175736.3,HOLD_2,1.0,0.99479,0.00521,0.5,0.50508,-0.00508,1.0,0.99307,0.00693,0.5,0.55769,-0.05769
9,8066,175756.8,HOLD_2,1.0,0.98785,0.01215,0.5,0.50339,-0.00339,1.0,0.99307,0.00693,0.5,0.55769,-0.05769
9,8067,175777.4,HOLD_2,1.0,0.98611,0.01389,0.5,0.50339,-0.00339,1.0,0.99307,0.00693,0.5,0.55769,-0.05769
9,8068,175799.8,HOLD_2,1.0,0.99653,0.00347,0.5,0.50339,-0.00339,1.0,0.99307,0.00693,0.5,0.55577,-0.05577
9,8069,175820.3,HOLD_2,1.0,0.99479,0.00521,0.5,0.50508,-0.00508,1.0,0.9948,0.0052,0.5,0.55769,-0.05769
9,8070,175841.7,HOLD_2,1.0,0.99479,0.00521,0.5,0.50508,-0.00508,1.0,0.99307,0.00693,0.5,0.55769,-0.05769
9,8071,175862.8,HOLD_2,1.0,0.99306,0.00694,0.5,0.50508,-0.00508,1.0,0.9948,0.0052,0.5,0.55769,-0.05769
9,8072,175880.7,HOLD_2,1.0,0.99653,0.00347,0.5,0.50508,-0.00508,1.0,0.9948,0.0052,0.5,0.55769,-0.05769
9,8073,175901.2,HOLD_2,1.0,0.99479,0.00521,0.5,0.50508,-0.00508,1.0,0.99133,0.00867,0.5,0.55769,-0.05769
9,8074,175922.9,HOLD_2,1.0,0.99479,0.00521,0.5,0.50339,-0.00339,1.0,0.9948,0.0052,0.5,0.55769,-0.05769
9,8075,175943.5,HOLD_2,1.0,0.99479,0.00521,0.5,0.50508,-0.00508,1.0,0.99307,0.00693,0.5,0.55769,-0.05769
9,8076,175964.0,HOLD_2,1.0,0.99306,0.00694,0.5,0.50508,-0.00508,1.0,0.99307,0.00693,0.5,0.55769,-0.05769
9,8077,175985.1,HOLD_2,1.0,0.99479,0.00521,0.5,0.50508,-0.00508,1.0,0.99307,0.00693,0.5,0.55769,-0.05769
9,8078,176006.0,HOLD_2,1.0,0.99479,0.00521,0.5,0.50508,-0.00508,1.0,0.9948,0.0052,0.5,0.55769,-0.05769
9,8079,176027.0,HOLD_2,1.0,0.99479,0.00521,0.5,0.50508,-0.00508,1.0,0.99133,0.00867,0.5,0.55577,-0.05577
9,8080,176047.4,HOLD_2,1.0,0.99479,0.00521,0.5,0.50339,-0.00339,1.0,0.9948,0.0052,0.5,0.55577,-0.05577
9,8081,176068.1,HOLD_2,1.0,0.99653,0.00347,0.5,0.50508,-0.00508,1.0,0.99307,0.00693,0.5,0.55769,-0.05769
9,8082,176089.1,HOLD_2,1.0,0.99653,0.00347,0.5,0.50508,-0.00508,1.0,0.99307,0.00693,0.5,0.55769,-0.05769
9,8083,176109.3,HOLD_2,1.0,0.99653,0.00347,0.5,0.50339,-0.00339,1.0,0.99307,0.00693,0.5,0.55769,-0.05769
9,8084,176130.2,HOLD_2,1.0,0.99479,0.00521,0.5,0.50508,-0.00508,1.0,0.99307,0.00693,0.5,0.55577,-0.05577
9,8085,176150.2,HOLD_2,1.0,0.99479,0.00521,0.5,0.50508,-0.00508,1.0,0.99307,0.00693,0.5,0.55769,-0.05769
9,8086,176171.8,HOLD_2,1.0,0.99653,0.00347,0.5,0.50508,-0.00508,1.0,0.99307,0.00693,0.5,0.55769,-0.05769
9,8087,176194.3,HOLD_2,1.0,0.99479,0.00521,0.5,0.50508,-0.00508,1.0,0.9948,0.0052,0.5,0.55769,-0.05769
9,8088,176213.7,HOLD_2,1.0,0.99479,0.00521,0.5,0.50508,-0.00508,1.0,0.99307,0.00693,0.5,0.55769,-0.05769
9,8089,176234.3,HOLD_2,1.0,0.99479,0.00521,0.5,0.50508,-0.00508,1.0,0.9948,0.0052,0.5,0.55769,-0.05769
9,8090,176255.5,HOLD_2,1.0,0.99653,0.00347,0.5,0.50508,-0.00508,1.0,0.9948,0.0052,0.5,0.55769,-0.05769
9,8091,176276.6,HOLD_2,1.0,0.99653,0.00347,0.5,0.50339,-0.00339,1.0,0.99133,0.00867,0.5,0.55577,-0.05577
9,8092,176298.5,HOLD_2,1.0,0.99653,0.00347,0.5,0.50339,-0.00339,1.0,0.99307,0.00693,0.5,0.55577,-0.05577
9,8093,176320.0,HOLD_2,1.0,0.99479,0.00521,0.5,0.50339,-0.00339,1.0,0.9948,0.0052,0.5,0.55769,-0.05769
9,8094,176341.7,HOLD_2,1.0,0.99306,0.00694,0.5,0.50678,-0.00678,1.0,0.99307,0.00693,0.5,0.55962,-0.05962
9,8095,176362.7,HOLD_2,1.0,0.99653,0.00347,0.5,0.50508,-0.00508,1.0,0.99307,0.00693,0.5,0.55577,-0.05577
9,8096,176383.0,HOLD_2,1.0,0.99653,0.00347,0.5,0.50508,-0.00508,1.0,0.99307,0.00693,0.5,0.55769,-0.05769
9,8097,176404.6,HOLD_2,1.0,0.99653,0.00347,0.5,0.50508,-0.00508,1.0,0.99307,0.00693,0.5,0.55769,-0.05769
9,8098,176424.9,HOLD_2,1.0,0.99479,0.00521,0.5,0.50339,-0.00339,1.0,0.9948,0.0052,0.5,0.55769,-0.05769
9,8099,176443.8,HOLD_2,1.0,0.99479,0.00521,0.5,0.50508,-0.00508,1.0,0.9948,0.0052,0.5,0.56154,-0.06154
