cycle,step,t_ms,phase,servo6_q_target,servo6_q_measured,servo6_q_delta,servo8_q_target,servo8_q_measured,servo8_q_delta
0,0,809.7,SETTLE,0.0,0.00521,-0.00521,0.0,0.0,0.0
0,1,831.4,SETTLE,0.0,0.00521,-0.00521,0.0,0.0,0.0
0,2,853.0,SETTLE,0.0,0.00521,-0.00521,0.0,0.0,0.0
0,3,873.7,SETTLE,0.0,0.00521,-0.00521,0.0,0.0,0.0
0,4,892.3,SETTLE,0.0,0.00694,-0.00694,0.0,0.0,0.0
0,5,913.3,SETTLE,0.0,0.00521,-0.00521,0.0,0.0,0.0
0,6,933.9,SETTLE,0.0,0.00521,-0.00521,0.0,0.0,0.0
0,7,956.3,SETTLE,0.0,0.00521,-0.00521,0.0,0.0,0.0
0,8,975.9,SETTLE,0.0,0.00521,-0.00521,0.0,0.0,0.0
0,9,995.1,SETTLE,0.0,0.00868,-0.00868,0.0,0.0,0.0
0,10,1016.9,SETTLE,0.0,0.00521,-0.00521,0.0,0.0,0.0
0,11,1039.2,SETTLE,0.0,0.00521,-0.00521,0.0,0.0,0.0
0,12,1060.2,SETTLE,0.0,0.00521,-0.00521,0.0,0.0,0.0
0,13,1081.3,SETTLE,0.0,0.00521,-0.00521,0.0,0.0,0.0
0,14,1101.5,SETTLE,0.0,0.00521,-0.00521,0.0,0.0,0.0
0,15,1121.5,SETTLE,0.0,0.00521,-0.00521,0.0,0.0,0.0
0,16,1142.3,SETTLE,0.0,0.00521,-0.00521,0.0,0.0,0.0
0,17,1163.4,SETTLE,0.0,0.00521,-0.00521,0.0,0.0,0.0
0,18,1184.7,SETTLE,0.0,0.00521,-0.00521,0.0,0.0,0.0
0,19,1206.2,SETTLE,0.0,0.00521,-0.00521,0.0,0.0,0.0
0,20,1226.7,SETTLE,0.0,0.00521,-0.00521,0.0,0.0,0.0
0,21,1247.2,SETTLE,0.0,0.00521,-0.00521,0.0,0.0,0.0
0,22,1267.7,SETTLE,0.0,0.00694,-0.00694,0.0,0.0,0.0
0,23,1287.7,SETTLE,0.0,0.00521,-0.00521,0.0,0.0,0.0
0,24,1309.0,SETTLE,0.0,0.00521,-0.00521,0.0,0.0,0.0
0,25,1331.0,SETTLE,0.0,0.00521,-0.00521,0.0,0.0,0.0
0,26,1353.0,SETTLE,0.0,0.00521,-0.00521,0.0,0.0,0.0
0,27,1372.6,SETTLE,0.0,0.00521,-0.00521,0.0,0.0,0.0
0,28,1393.8,SETTLE,0.0,0.00521,-0.00521,0.0,0.0,0.0
0,29,1412.8,SETTLE,0.0,0.00521,-0.00521,0.0,0.0,0.0
0,30,1434.0,CLOSE,0.005,0.00521,-0.00021,0.005,0.0,0.005
0,31,1455.8,CLOSE,0.01,0.00521,0.00479,0.01,0.0,0.01
0,32,1476.5,CLOSE,0.015,0.00521,0.00979,0.015,0.0,0.015
0,33,1498.3,CLOSE,0.02,0.00521,0.01479,0.02,0.0,0.02
0,34,1518.5,CLOSE,0.025,0.00521,0.01979,0.025,0.0,0.025
0,35,1540.9,CLOSE,0.03,0.00521,0.02479,0.03,0.0,0.03
0,36,1560.8,CLOSE,0.035,0.00521,0.02979,0.035,0.0,0.035
0,37,1581.0,CLOSE,0.04,0.00521,0.03479,0.04,0.0,0.04
0,38,1603.1,CLOSE,0.045,0.00521,0.03979,0.045,0.00347,0.04153
0,39,1623.2,CLOSE,0.05,0.00521,0.04479,0.05,0.00347,0.04653
0,40,1642.6,CLOSE,0.055,0.01389,0.04111,0.055,0.0,0.055
0,41,1663.8,CLOSE,0.06,0.00694,0.05306,0.06,0.00867,0.05133
0,42,1686.4,CLOSE,0.065,0.01562,0.04937,0.065,0.0104,0.0546
0,43,1707.0,CLOSE,0.07,0.02083,0.04917,0.07,0.0156,0.0544
0,44,1729.3,CLOSE,0.075,0.02951,0.04549,0.075,0.02426,0.05074
0,45,1749.2,CLOSE,0.08,0.03299,0.04701,0.08,0.03466,0.04534
0,46,1769.9,CLOSE,0.085,0.04167,0.04333,0.085,0.03986,0.04514
0,47,1789.6,CLOSE,0.09,0.05208,0.03792,0.09,0.04333,0.04667
0,48,1810.0,CLOSE,0.095,0.06076,0.03424,0.095,0.05026,0.04474
0,49,1831.7,CLOSE,0.1,0.06771,0.03229,0.1,0.05893,0.04107
0,50,1852.9,CLOSE,0.105,0.07639,0.02861,0.105,0.06759,0.03741
0,51,1873.5,CLOSE,0.11,0.08333,0.02667,0.11,0.07452,0.03548
0,52,1894.2,CLOSE,0.115,0.08854,0.02646,0.115,0.07972,0.03528
0,53,1913.8,CLOSE,0.12,0.09375,0.02625,0.12,0.08839,0.03161
0,54,1935.6,CLOSE,0.125,0.09896,0.02604,0.125,0.09359,0.03141
0,55,1957.4,CLOSE,0.13,0.10243,0.02757,0.13,0.10225,0.02775
0,56,1978.4,CLOSE,0.135,0.10764,0.02736,0.135,0.10919,0.02581
0,57,1998.1,CLOSE,0.14,0.11111,0.02889,0.14,0.11265,0.02735
0,58,2018.3,CLOSE,0.145,0.11458,0.03042,0.145,0.11785,0.02715
0,59,2040.0,CLOSE,0.15,0.11806,0.03194,0.15,0.12478,0.02522
0,60,2060.5,CLOSE,0.155,0.11806,0.03694,0.155,0.12478,0.03022
0,61,2080.5,CLOSE,0.16,0.11979,0.04021,0.16,0.12825,0.03175
0,62,2101.3,CLOSE,0.165,0.12326,0.04174,0.165,0.13172,0.03328
0,63,2124.0,CLOSE,0.17,0.12153,0.04847,0.17,0.13172,0.03828
0,64,2144.6,CLOSE,0.175,0.13542,0.03958,0.175,0.14211,0.03289
0,65,2164.3,CLOSE,0.18,0.13194,0.04806,0.18,0.13865,0.04135
0,66,2186.2,CLOSE,0.185,0.14062,0.04438,0.185,0.14038,0.04462
0,67,2206.0,CLOSE,0.19,0.14757,0.04243,0.19,0.14905,0.04095
0,68,2226.9,CLOSE,0.195,0.14757,0.04743,0.195,0.14905,0.04595
0,69,2249.6,CLOSE,0.2,0.15625,0.04375,0.2,0.15598,0.04402
0,70,2270.1,CLOSE,0.205,0.16319,0.04181,0.205,0.15945,0.04555
0,71,2290.8,CLOSE,0.21,0.17014,0.03986,0.21,0.16464,0.04536
0,72,2310.7,CLOSE,0.215,0.18056,0.03444,0.215,0.17158,0.04342
0,73,2332.3,CLOSE,0.22,0.18403,0.03597,0.22,0.18198,0.03802
0,74,2354.2,CLOSE,0.225,0.19271,0.03229,0.225,0.18544,0.03956
0,75,2373.7,CLOSE,0.23,0.19792,0.03208,0.23,0.19064,0.03936
0,76,2393.8,CLOSE,0.235,0.20312,0.03188,0.235,0.19757,0.03743
0,77,2414.0,CLOSE,0.24,0.20833,0.03167,0.24,0.20277,0.03723
0,78,2434.2,CLOSE,0.245,0.21354,0.03146,0.245,0.20624,0.03876
0,79,2454.9,CLOSE,0.25,0.21701,0.03299,0.25,0.2149,0.0351
0,80,2478.1,CLOSE,0.255,0.22049,0.03451,0.255,0.21837,0.03663
0,81,2498.4,CLOSE,0.26,0.22222,0.03778,0.26,0.22357,0.03643
0,82,2518.9,CLOSE,0.265,0.22396,0.04104,0.265,0.22877,0.03623
0,83,2540.0,CLOSE,0.27,0.22917,0.04083,0.27,0.23744,0.03256
0,84,2560.8,CLOSE,0.275,0.23264,0.04236,0.275,0.23917,0.03583
0,85,2580.6,CLOSE,0.28,0.23785,0.04215,0.28,0.24437,0.03563
0,86,2601.6,CLOSE,0.285,0.24306,0.04194,0.285,0.2461,0.0389
0,87,2622.7,CLOSE,0.29,0.25,0.04,0.29,0.2513,0.0387
0,88,2643.6,CLOSE,0.295,0.25521,0.03979,0.295,0.25477,0.04023
0,89,2664.1,CLOSE,0.3,0.26042,0.03958,0.3,0.25823,0.04177
0,90,2687.5,CLOSE,0.305,0.26736,0.03764,0.305,0.2617,0.0433
0,91,2707.9,CLOSE,0.31,0.27951,0.03049,0.31,0.2617,0.0483
0,92,2728.4,CLOSE,0.315,0.28125,0.03375,0.315,0.26863,0.04637
0,93,2748.4,CLOSE,0.32,0.28646,0.03354,0.32,0.27383,0.04617
0,94,2768.4,CLOSE,0.325,0.29861,0.02639,0.325,0.28423,0.04077
0,95,2789.9,CLOSE,0.33,0.30035,0.02965,0.33,0.28596,0.04404
0,96,2810.2,CLOSE,0.335,0.30556,0.02944,0.335,0.29289,0.04211
0,97,2832.1,CLOSE,0.34,0.31076,0.02924,0.34,0.29983,0.04017
0,98,2852.5,CLOSE,0.345,0.31597,0.02903,0.345,0.30329,0.04171
0,99,2872.2,CLOSE,0.35,0.32292,0.02708,0.35,0.31023,0.03977
0,100,2892.4,CLOSE,0.355,0.32639,0.02861,0.355,0.31716,0.03784
0,101,2914.1,CLOSE,0.36,0.32986,0.03014,0.36,0.32409,0.03591
0,102,2936.5,CLOSE,0.365,0.33507,0.02993,0.365,0.32929,0.03571
0,103,2955.7,CLOSE,0.37,0.33854,0.03146,0.37,0.33622,0.03378
0,104,2976.7,CLOSE,0.375,0.34201,0.03299,0.375,0.34142,0.03358
0,105,2997.2,CLOSE,0.38,0.35243,0.02757,0.38,0.34835,0.03165
0,106,3019.0,CLOSE,0.385,0.35243,0.03257,0.385,0.35182,0.03318
0,107,3039.4,CLOSE,0.39,0.3559,0.0341,0.39,0.35875,0.03125
0,108,3060.4,CLOSE,0.395,0.36285,0.03215,0.395,0.36395,0.03105
0,109,3081.5,CLOSE,0.4,0.36632,0.03368,0.4,0.36742,0.03258
0,110,3101.6,CLOSE,0.405,0.36979,0.03521,0.405,0.37088,0.03412
0,111,3121.9,CLOSE,0.41,0.37326,0.03674,0.41,0.37782,0.03218
0,112,3143.4,CLOSE,0.415,0.38021,0.03479,0.415,0.38128,0.03372
0,113,3164.7,CLOSE,0.42,0.38542,0.03458,0.42,0.38475,0.03525
0,114,3186.7,CLOSE,0.425,0.3941,0.0309,0.425,0.38995,0.03505
0,115,3208.4,CLOSE,0.43,0.40104,0.02896,0.43,0.39515,0.03485
0,116,3228.7,CLOSE,0.435,0.40625,0.02875,0.435,0.40035,0.03465
0,117,3249.1,CLOSE,0.44,0.41493,0.02507,0.44,0.40555,0.03445
0,118,3269.2,CLOSE,0.445,0.41667,0.02833,0.445,0.40901,0.03599
0,119,3289.7,CLOSE,0.45,0.42014,0.02986,0.45,0.41594,0.03406
0,120,3309.5,CLOSE,0.455,0.42535,0.02965,0.455,0.42288,0.03212
0,121,3330.0,CLOSE,0.46,0.43056,0.02944,0.46,0.42461,0.03539
0,122,3351.3,CLOSE,0.465,0.43403,0.03097,0.465,0.42981,0.03519
0,123,3372.1,CLOSE,0.47,0.43924,0.03076,0.47,0.43674,0.03326
0,124,3393.8,CLOSE,0.475,0.44444,0.03056,0.475,0.44021,0.03479
0,125,3415.8,CLOSE,0.48,0.44965,0.03035,0.48,0.44367,0.03633
0,126,3435.9,CLOSE,0.485,0.4566,0.0284,0.485,0.44887,0.03613
0,127,3457.4,CLOSE,0.49,0.45833,0.03167,0.49,0.45581,0.03419
0,128,3477.0,CLOSE,0.495,0.46354,0.03146,0.495,0.45927,0.03573
0,129,3497.7,CLOSE,0.5,0.46875,0.03125,0.5,0.46447,0.03553
0,130,3518.9,CLOSE,0.505,0.47049,0.03451,0.505,0.4714,0.0336
0,131,3539.9,CLOSE,0.51,0.48264,0.02736,0.51,0.47314,0.03686
0,132,3561.7,CLOSE,0.515,0.48438,0.03063,0.515,0.4818,0.0332
0,133,3581.3,CLOSE,0.52,0.48438,0.03563,0.52,0.4818,0.0382
0,134,3602.5,CLOSE,0.525,0.48958,0.03542,0.525,0.4922,0.0328
0,135,3624.8,CLOSE,0.53,0.50521,0.02479,0.53,0.49913,0.03087
0,136,3646.2,CLOSE,0.535,0.51215,0.02285,0.535,0.5078,0.0272
0,137,3665.8,CLOSE,0.54,0.5191,0.0209,0.54,0.5182,0.0218
0,138,3687.3,CLOSE,0.545,0.52951,0.01549,0.545,0.52513,0.01987
0,139,3709.1,CLOSE,0.55,0.53299,0.01701,0.55,0.52686,0.02314
0,140,3728.2,CLOSE,0.555,0.53472,0.02028,0.555,0.5338,0.0212
0,141,3747.9,CLOSE,0.56,0.53472,0.02528,0.56,0.5338,0.0262
0,142,3769.5,CLOSE,0.565,0.53819,0.02681,0.565,0.53726,0.02774
0,143,3789.1,CLOSE,0.57,0.53993,0.03007,0.57,0.54073,0.02927
0,144,3809.0,CLOSE,0.575,0.5434,0.0316,0.575,0.54419,0.03081
0,145,3831.2,CLOSE,0.58,0.54514,0.03486,0.58,0.54593,0.03407
0,146,3852.9,CLOSE,0.585,0.54688,0.03813,0.585,0.55459,0.03041
0,147,3873.8,CLOSE,0.59,0.55382,0.03618,0.59,0.55806,0.03194
0,148,3895.4,CLOSE,0.595,0.55729,0.03771,0.595,0.55979,0.03521
0,149,3915.8,CLOSE,0.6,0.55903,0.04097,0.6,0.56153,0.03847
0,150,3936.8,CLOSE,0.605,0.57118,0.03382,0.605,0.56672,0.03828
0,151,3956.8,CLOSE,0.61,0.56944,0.04056,0.61,0.56846,0.04154
0,152,3977.7,CLOSE,0.615,0.57639,0.03861,0.615,0.57366,0.04134
0,153,3999.0,CLOSE,0.62,0.5816,0.0384,0.62,0.58059,0.03941
0,154,4018.0,CLOSE,0.625,0.58681,0.03819,0.625,0.58406,0.04094
0,155,4038.7,CLOSE,0.63,0.59375,0.03625,0.63,0.59099,0.03901
0,156,4060.5,CLOSE,0.635,0.59896,0.03604,0.635,0.59619,0.03881
0,157,4085.5,CLOSE,0.64,0.60417,0.03583,0.64,0.60659,0.03341
0,158,4104.4,CLOSE,0.645,0.60938,0.03563,0.645,0.60832,0.03668
0,159,4124.0,CLOSE,0.65,0.61632,0.03368,0.65,0.61352,0.03648
0,160,4143.7,CLOSE,0.655,0.62326,0.03174,0.655,0.61872,0.03628
0,161,4164.8,CLOSE,0.66,0.625,0.035,0.66,0.62565,0.03435
0,162,4186.0,CLOSE,0.665,0.63368,0.03132,0.665,0.63258,0.03242
0,163,4208.6,CLOSE,0.67,0.6441,0.0259,0.67,0.63951,0.03049
0,164,4228.5,CLOSE,0.675,0.64236,0.03264,0.675,0.64471,0.03029
0,165,4250.0,CLOSE,0.68,0.65451,0.02549,0.68,0.64991,0.03009
0,166,4268.5,CLOSE,0.685,0.65451,0.03049,0.685,0.65338,0.03162
0,167,4291.2,CLOSE,0.69,0.65972,0.03028,0.69,0.65858,0.03142
0,168,4311.4,CLOSE,0.695,0.66319,0.03181,0.695,0.66205,0.03295
0,169,4331.7,CLOSE,0.7,0.6684,0.0316,0.7,0.66898,0.03102
0,170,4352.5,CLOSE,0.705,0.67188,0.03313,0.705,0.67071,0.03429
0,171,4374.6,CLOSE,0.71,0.67708,0.03292,0.71,0.67938,0.03062
0,172,4393.2,CLOSE,0.715,0.68056,0.03444,0.715,0.67938,0.03562
0,173,4413.7,CLOSE,0.72,0.69097,0.02903,0.72,0.68284,0.03716
0,174,4435.4,CLOSE,0.725,0.69271,0.03229,0.725,0.68804,0.03696
0,175,4457.2,CLOSE,0.73,0.69965,0.03035,0.73,0.69324,0.03676
0,176,4477.1,CLOSE,0.735,0.69965,0.03535,0.735,0.69497,0.04003
0,177,4498.5,CLOSE,0.74,0.7066,0.0334,0.74,0.70364,0.03636
0,178,4520.3,CLOSE,0.745,0.71007,0.03493,0.745,0.70711,0.03789
0,179,4540.6,CLOSE,0.75,0.71701,0.03299,0.75,0.71404,0.03596
0,180,4561.0,CLOSE,0.755,0.71875,0.03625,0.755,0.7175,0.0375
0,181,4580.9,CLOSE,0.76,0.72743,0.03257,0.76,0.72097,0.03903
0,182,4604.6,CLOSE,0.765,0.73264,0.03236,0.765,0.72964,0.03536
0,183,4625.2,CLOSE,0.77,0.73785,0.03215,0.77,0.7331,0.0369
0,184,4646.4,CLOSE,0.775,0.74306,0.03194,0.775,0.74003,0.03497
0,185,4665.7,CLOSE,0.78,0.74826,0.03174,0.78,0.75043,0.02957
0,186,4687.5,CLOSE,0.785,0.75868,0.02632,0.785,0.7487,0.0363
0,187,4707.6,CLOSE,0.79,0.76736,0.02264,0.79,0.7539,0.0361
0,188,4727.3,CLOSE,0.795,0.76215,0.03285,0.795,0.76603,0.02897
0,189,4747.9,CLOSE,0.8,0.7691,0.0309,0.8,0.77123,0.02877
0,190,4769.8,CLOSE,0.805,0.77431,0.03069,0.805,0.77123,0.03377
0,191,4790.2,CLOSE,0.81,0.77431,0.03569,0.81,0.7747,0.0353
0,192,4809.9,CLOSE,0.815,0.78125,0.03375,0.815,0.7799,0.0351
0,193,4830.5,CLOSE,0.82,0.78646,0.03354,0.82,0.78336,0.03664
0,194,4850.8,CLOSE,0.825,0.79167,0.03333,0.825,0.78856,0.03644
0,195,4873.0,CLOSE,0.83,0.79688,0.03313,0.83,0.80069,0.02931
0,196,4894.9,CLOSE,0.835,0.80035,0.03465,0.835,0.79896,0.03604
0,197,4915.1,CLOSE,0.84,0.80556,0.03444,0.84,0.80416,0.03584
0,198,4935.2,CLOSE,0.845,0.8125,0.0325,0.845,0.80936,0.03564
0,199,4956.1,CLOSE,0.85,0.82118,0.02882,0.85,0.81976,0.03024
0,200,4977.2,CLOSE,0.855,0.82292,0.03208,0.855,0.82149,0.03351
0,201,4999.8,CLOSE,0.86,0.82812,0.03188,0.86,0.82842,0.03158
0,202,5019.0,CLOSE,0.865,0.83507,0.02993,0.865,0.82842,0.03658
0,203,5039.4,CLOSE,0.87,0.83854,0.03146,0.87,0.83536,0.03464
0,204,5062.9,CLOSE,0.875,0.84375,0.03125,0.875,0.84055,0.03445
0,205,5083.8,CLOSE,0.88,0.84896,0.03104,0.88,0.84749,0.03251
0,206,5104.0,CLOSE,0.885,0.8559,0.0291,0.885,0.86135,0.02365
0,207,5123.5,CLOSE,0.89,0.85938,0.03063,0.89,0.86135,0.02865
0,208,5144.9,CLOSE,0.895,0.86979,0.02521,0.895,0.86655,0.02845
0,209,5165.3,CLOSE,0.9,0.86979,0.03021,0.9,0.87002,0.02998
0,210,5186.2,CLOSE,0.905,0.87674,0.02826,0.905,0.87695,0.02805
0,211,5207.1,CLOSE,0.91,0.87847,0.03153,0.91,0.88908,0.02092
0,212,5226.7,CLOSE,0.915,0.88542,0.02958,0.915,0.88735,0.02765
0,213,5248.7,CLOSE,0.92,0.88715,0.03285,0.92,0.89255,0.02745
0,214,5268.8,CLOSE,0.925,0.8941,0.0309,0.925,0.90295,0.02205
0,215,5290.0,CLOSE,0.93,0.90451,0.02549,0.93,0.90121,0.02879
0,216,5309.8,CLOSE,0.935,0.90799,0.02701,0.935,0.90641,0.02859
0,217,5331.4,CLOSE,0.94,0.90625,0.03375,0.94,0.91161,0.02839
0,218,5353.5,CLOSE,0.945,0.91493,0.03007,0.945,0.91334,0.03166
0,219,5372.9,CLOSE,0.95,0.91493,0.03507,0.95,0.91681,0.03319
0,220,5392.5,CLOSE,0.955,0.92014,0.03486,0.955,0.92028,0.03472
0,221,5414.2,CLOSE,0.96,0.92535,0.03465,0.96,0.92374,0.03626
0,222,5437.5,CLOSE,0.965,0.93056,0.03444,0.965,0.93414,0.03086
0,223,5458.0,CLOSE,0.97,0.93576,0.03424,0.97,0.93588,0.03412
0,224,5478.8,CLOSE,0.975,0.93924,0.03576,0.975,0.94281,0.03219
0,225,5498.6,CLOSE,0.98,0.94618,0.03382,0.98,0.94627,0.03373
0,226,5518.2,CLOSE,0.985,0.94792,0.03708,0.985,0.95494,0.03006
0,227,5539.1,CLOSE,0.99,0.95312,0.03688,0.99,0.95841,0.03159
0,228,5562.2,CLOSE,0.995,0.95833,0.03667,0.995,0.974,0.021
0,229,5582.3,CLOSE,1.0,0.96354,0.03646,1.0,0.97227,0.02773
0,230,5588.2,HOLD_CLOSED,1.0,0.96181,0.03819,1.0,0.974,0.026
0,231,5609.0,HOLD_CLOSED,1.0,0.96701,0.03299,1.0,0.98094,0.01906
0,232,5630.8,HOLD_CLOSED,1.0,0.97743,0.02257,1.0,0.98267,0.01733
0,233,5651.6,HOLD_CLOSED,1.0,0.97396,0.02604,1.0,0.99133,0.00867
0,234,5674.0,HOLD_CLOSED,1.0,0.97569,0.02431,1.0,0.98614,0.01386
0,235,5694.6,HOLD_CLOSED,1.0,0.97396,0.02604,1.0,0.99133,0.00867
0,236,5714.1,HOLD_CLOSED,1.0,0.97222,0.02778,1.0,0.98787,0.01213
0,237,5736.8,HOLD_CLOSED,1.0,0.97396,0.02604,1.0,0.98787,0.01213
0,238,5756.6,HOLD_CLOSED,1.0,0.97743,0.02257,1.0,0.98787,0.01213
0,239,5778.1,HOLD_CLOSED,1.0,0.97569,0.02431,1.0,0.98787,0.01213
0,240,5796.8,HOLD_CLOSED,1.0,0.97569,0.02431,1.0,0.98787,0.01213
0,241,5817.7,HOLD_CLOSED,1.0,0.97569,0.02431,1.0,0.98614,0.01386
0,242,5838.5,HOLD_CLOSED,1.0,0.97396,0.02604,1.0,0.9896,0.0104
0,243,5861.3,HOLD_CLOSED,1.0,0.97396,0.02604,1.0,0.98614,0.01386
0,244,5882.3,HOLD_CLOSED,1.0,0.97396,0.02604,1.0,0.9844,0.0156
0,245,5902.1,HOLD_CLOSED,1.0,0.97569,0.02431,1.0,0.9896,0.0104
0,246,5923.7,HOLD_CLOSED,1.0,0.97569,0.02431,1.0,0.98787,0.01213
0,247,5944.3,HOLD_CLOSED,1.0,0.98611,0.01389,1.0,0.98614,0.01386
0,248,5965.1,HOLD_CLOSED,1.0,0.97396,0.02604,1.0,0.98614,0.01386
0,249,5986.5,HOLD_CLOSED,1.0,0.9809,0.0191,1.0,0.98787,0.01213
0,250,6007.3,HOLD_CLOSED,1.0,0.97569,0.02431,1.0,0.98614,0.01386
0,251,6025.5,HOLD_CLOSED,1.0,0.98438,0.01562,1.0,0.98614,0.01386
0,252,6048.4,HOLD_CLOSED,1.0,0.9809,0.0191,1.0,0.9896,0.0104
0,253,6068.4,HOLD_CLOSED,1.0,0.98611,0.01389,1.0,0.9896,0.0104
0,254,6088.8,HOLD_CLOSED,1.0,0.99132,0.00868,1.0,0.99307,0.00693
0,255,6109.7,HOLD_CLOSED,1.0,0.98264,0.01736,1.0,0.99827,0.00173
0,256,6130.7,HOLD_CLOSED,1.0,0.98264,0.01736,1.0,0.98787,0.01213
0,257,6152.2,HOLD_CLOSED,1.0,0.98785,0.01215,1.0,0.98787,0.01213
0,258,6173.0,HOLD_CLOSED,1.0,0.98958,0.01042,1.0,0.98787,0.01213
0,259,6194.8,HOLD_CLOSED,1.0,0.99132,0.00868,1.0,0.9896,0.0104
0,260,6214.1,HOLD_CLOSED,1.0,0.99132,0.00868,1.0,0.99133,0.00867
0,261,6235.4,HOLD_CLOSED,1.0,0.99132,0.00868,1.0,0.99827,0.00173
0,262,6258.5,HOLD_CLOSED,1.0,0.99306,0.00694,1.0,0.99307,0.00693
0,263,6276.0,HOLD_CLOSED,1.0,0.99479,0.00521,1.0,0.9948,0.0052
0,264,6295.8,HOLD_CLOSED,1.0,0.99306,0.00694,1.0,0.99307,0.00693
0,265,6317.0,HOLD_CLOSED,1.0,0.99306,0.00694,1.0,0.9948,0.0052
0,266,6339.0,HOLD_CLOSED,1.0,0.99306,0.00694,1.0,0.99307,0.00693
0,267,6360.3,HOLD_CLOSED,1.0,0.99132,0.00868,1.0,0.99307,0.00693
0,268,6382.3,HOLD_CLOSED,1.0,0.99306,0.00694,1.0,0.99307,0.00693
0,269,6402.8,HOLD_CLOSED,1.0,0.99306,0.00694,1.0,0.9948,0.0052
0,270,6424.1,HOLD_CLOSED,1.0,0.99479,0.00521,1.0,0.99653,0.00347
0,271,6445.1,HOLD_CLOSED,1.0,0.99306,0.00694,1.0,0.9948,0.0052
0,272,6463.6,HOLD_CLOSED,1.0,0.99653,0.00347,1.0,0.99307,0.00693
0,273,6485.7,HOLD_CLOSED,1.0,0.99132,0.00868,1.0,0.99307,0.00693
0,274,6508.3,HOLD_CLOSED,1.0,0.99306,0.00694,1.0,0.9948,0.0052
0,275,6527.3,HOLD_CLOSED,1.0,0.99306,0.00694,1.0,0.99307,0.00693
0,276,6548.8,HOLD_CLOSED,1.0,0.99479,0.00521,1.0,0.99307,0.00693
0,277,6570.3,HOLD_CLOSED,1.0,0.99479,0.00521,1.0,0.99307,0.00693
0,278,6588.8,HOLD_CLOSED,1.0,0.99306,0.00694,1.0,0.9948,0.0052
0,279,6610.7,HOLD_CLOSED,1.0,0.99306,0.00694,1.0,0.99133,0.00867
0,280,6632.1,HOLD_CLOSED,1.0,0.99306,0.00694,1.0,0.9948,0.0052
0,281,6652.5,HOLD_CLOSED,1.0,0.99306,0.00694,1.0,0.9948,0.0052
0,282,6672.4,HOLD_CLOSED,1.0,0.99306,0.00694,1.0,0.99133,0.00867
0,283,6694.6,HOLD_CLOSED,1.0,0.99306,0.00694,1.0,0.99307,0.00693
0,284,6715.3,HOLD_CLOSED,1.0,0.99306,0.00694,1.0,0.99133,0.00867
0,285,6736.4,HOLD_CLOSED,1.0,0.99479,0.00521,1.0,0.99307,0.00693
0,286,6759.1,HOLD_CLOSED,1.0,0.99479,0.00521,1.0,0.9948,0.0052
0,287,6779.6,HOLD_CLOSED,1.0,0.99306,0.00694,1.0,0.9948,0.0052
0,288,6800.2,HOLD_CLOSED,1.0,0.99479,0.00521,1.0,0.99653,0.00347
0,289,6816.2,HOLD_CLOSED,1.0,0.99306,0.00694,1.0,0.99133,0.00867
0,290,6839.5,OPEN,0.995,0.99306,0.00194,0.995,0.99307,0.00193
0,291,6861.0,OPEN,0.99,0.99479,-0.00479,0.99,0.99307,-0.00307
0,292,6882.3,OPEN,0.985,0.99479,-0.00979,0.985,0.99307,-0.00807
0,293,6902.9,OPEN,0.98,0.99479,-0.01479,0.98,0.9948,-0.0148
0,294,6925.0,OPEN,0.975,0.99479,-0.01979,0.975,0.99307,-0.01807
0,295,6946.4,OPEN,0.97,0.99306,-0.02306,0.97,0.99307,-0.02307
0,296,6966.6,OPEN,0.965,0.99306,-0.02806,0.965,0.99307,-0.02807
0,297,6987.6,OPEN,0.96,0.99306,-0.03306,0.96,0.9948,-0.0348
0,298,7008.1,OPEN,0.955,0.99132,-0.03632,0.955,0.9948,-0.0398
0,299,7028.7,OPEN,0.95,0.99306,-0.04306,0.95,0.9948,-0.0448
0,300,7048.3,OPEN,0.945,0.99132,-0.04632,0.945,0.9948,-0.0498
0,301,7070.8,OPEN,0.94,0.99653,-0.05653,0.94,0.9948,-0.0548
0,302,7089.6,OPEN,0.935,0.99132,-0.05632,0.935,0.99653,-0.06153
0,303,7110.3,OPEN,0.93,0.99306,-0.06306,0.93,0.99307,-0.06307
0,304,7132.6,OPEN,0.925,0.98958,-0.06458,0.925,0.99133,-0.06633
0,305,7153.4,OPEN,0.92,0.98958,-0.06958,0.92,0.99133,-0.07133
0,306,7175.2,OPEN,0.915,0.99479,-0.07979,0.915,0.98094,-0.06594
0,307,7196.1,OPEN,0.91,0.98438,-0.07438,0.91,0.974,-0.064
0,308,7215.2,OPEN,0.905,0.97569,-0.07069,0.905,0.97227,-0.06727
0,309,7236.1,OPEN,0.9,0.97049,-0.07049,0.9,0.97054,-0.07054
0,310,7257.4,OPEN,0.895,0.96875,-0.07375,0.895,0.96014,-0.06514
0,311,7279.8,OPEN,0.89,0.95486,-0.06486,0.89,0.95841,-0.06841
0,312,7299.4,OPEN,0.885,0.94965,-0.06465,0.885,0.95321,-0.06821
0,313,7321.2,OPEN,0.88,0.94271,-0.06271,0.88,0.94627,-0.06627
0,314,7342.1,OPEN,0.875,0.93576,-0.06076,0.875,0.94801,-0.07301
0,315,7362.6,OPEN,0.87,0.92708,-0.05708,0.87,0.93068,-0.06068
0,316,7381.5,OPEN,0.865,0.92188,-0.05688,0.865,0.92548,-0.06048
0,317,7402.3,OPEN,0.86,0.91493,-0.05493,0.86,0.91681,-0.05681
0,318,7424.8,OPEN,0.855,0.90799,-0.05299,0.855,0.90988,-0.05488
0,319,7445.7,OPEN,0.85,0.90451,-0.05451,0.85,0.90295,-0.05295
0,320,7465.7,OPEN,0.845,0.90104,-0.05604,0.845,0.89255,-0.04755
0,321,7486.7,OPEN,0.84,0.89757,-0.05757,0.84,0.88908,-0.04908
0,322,7508.3,OPEN,0.835,0.8941,-0.0591,0.835,0.87868,-0.04368
0,323,7527.6,OPEN,0.83,0.89062,-0.06063,0.83,0.87522,-0.04522
0,324,7551.3,OPEN,0.825,0.88889,-0.06389,0.825,0.87002,-0.04502
0,325,7571.6,OPEN,0.82,0.88889,-0.06889,0.82,0.86828,-0.04828
0,326,7591.5,OPEN,0.815,0.88194,-0.06694,0.815,0.86655,-0.05155
0,327,7613.4,OPEN,0.81,0.87847,-0.06847,0.81,0.86308,-0.05308
0,328,7632.7,OPEN,0.805,0.87326,-0.06826,0.805,0.85962,-0.05462
0,329,7652.1,OPEN,0.8,0.86979,-0.06979,0.8,0.85789,-0.05789
0,330,7673.4,OPEN,0.795,0.86632,-0.07132,0.795,0.85789,-0.06289
0,331,7695.7,OPEN,0.79,0.86111,-0.07111,0.79,0.85615,-0.06615
0,332,7716.0,OPEN,0.785,0.86111,-0.07611,0.785,0.84922,-0.06422
0,333,7736.0,OPEN,0.78,0.8559,-0.0759,0.78,0.84402,-0.06402
0,334,7758.1,OPEN,0.775,0.84896,-0.07396,0.775,0.83709,-0.06209
0,335,7779.4,OPEN,0.77,0.84028,-0.07028,0.77,0.83536,-0.06536
0,336,7800.4,OPEN,0.765,0.83333,-0.06833,0.765,0.82842,-0.06342
0,337,7822.2,OPEN,0.76,0.82639,-0.06639,0.76,0.82496,-0.06496
0,338,7840.2,OPEN,0.755,0.81771,-0.06271,0.755,0.81802,-0.06302
0,339,7862.8,OPEN,0.75,0.81076,-0.06076,0.75,0.81109,-0.06109
0,340,7883.2,OPEN,0.745,0.80382,-0.05882,0.745,0.80763,-0.06263
0,341,7903.6,OPEN,0.74,0.79688,-0.05688,0.74,0.80243,-0.06243
0,342,7925.1,OPEN,0.735,0.78993,-0.05493,0.735,0.80243,-0.06743
0,343,7945.5,OPEN,0.73,0.78472,-0.05472,0.73,0.79723,-0.06723
0,344,7966.1,OPEN,0.725,0.78125,-0.05625,0.725,0.78163,-0.05663
0,345,7986.5,OPEN,0.72,0.77431,-0.05431,0.72,0.78336,-0.06336
0,346,8008.3,OPEN,0.715,0.7691,-0.0541,0.715,0.7747,-0.0597
0,347,8028.6,OPEN,0.71,0.77083,-0.06083,0.71,0.76776,-0.05776
0,348,8048.4,OPEN,0.705,0.76215,-0.05715,0.705,0.76256,-0.05756
0,349,8071.0,OPEN,0.7,0.75868,-0.05868,0.7,0.7591,-0.0591
0,350,8091.8,OPEN,0.695,0.75347,-0.05847,0.695,0.75043,-0.05543
0,351,8112.7,OPEN,0.69,0.75347,-0.06347,0.69,0.74697,-0.05697
0,352,8133.9,OPEN,0.685,0.74479,-0.05979,0.685,0.74177,-0.05677
0,353,8154.2,OPEN,0.68,0.73958,-0.05958,0.68,0.73484,-0.05484
0,354,8174.4,OPEN,0.675,0.73438,-0.05938,0.675,0.72964,-0.05464
0,355,8196.7,OPEN,0.67,0.7309,-0.0609,0.67,0.72444,-0.05444
0,356,8215.5,OPEN,0.665,0.72743,-0.06243,0.665,0.7227,-0.0577
0,357,8238.1,OPEN,0.66,0.71875,-0.05875,0.66,0.7175,-0.0575
0,358,8258.5,OPEN,0.655,0.71528,-0.06028,0.655,0.71231,-0.05731
0,359,8277.9,OPEN,0.65,0.71007,-0.06007,0.65,0.70711,-0.05711
0,360,8298.5,OPEN,0.645,0.70486,-0.05986,0.645,0.70191,-0.05691
0,361,8320.5,OPEN,0.64,0.69965,-0.05965,0.64,0.69671,-0.05671
0,362,8341.3,OPEN,0.635,0.70139,-0.06639,0.635,0.69151,-0.05651
0,363,8362.7,OPEN,0.63,0.69097,-0.06097,0.63,0.68458,-0.05458
0,364,8383.0,OPEN,0.625,0.68403,-0.05903,0.625,0.68631,-0.06131
0,365,8403.4,OPEN,0.62,0.68056,-0.06056,0.62,0.68111,-0.06111
0,366,8425.0,OPEN,0.615,0.67535,-0.06035,0.615,0.67071,-0.05571
0,367,8445.7,OPEN,0.61,0.67014,-0.06014,0.61,0.67071,-0.06071
0,368,8465.2,OPEN,0.605,0.66493,-0.05993,0.605,0.66031,-0.05531
0,369,8488.2,OPEN,0.6,0.65972,-0.05972,0.6,0.65511,-0.05511
0,370,8509.6,OPEN,0.595,0.65451,-0.05951,0.595,0.65165,-0.05665
0,371,8528.8,OPEN,0.59,0.65104,-0.06104,0.59,0.64818,-0.05818
0,372,8549.5,OPEN,0.585,0.64583,-0.06083,0.585,0.64298,-0.05798
0,373,8569.9,OPEN,0.58,0.63889,-0.05889,0.58,0.63605,-0.05605
0,374,8590.6,OPEN,0.575,0.63542,-0.06042,0.575,0.63085,-0.05585
0,375,8610.6,OPEN,0.57,0.63194,-0.06194,0.57,0.62565,-0.05565
0,376,8633.9,OPEN,0.565,0.625,-0.06,0.565,0.62912,-0.06412
0,377,8655.4,OPEN,0.56,0.61632,-0.05632,0.56,0.61525,-0.05525
0,378,8675.5,OPEN,0.555,0.61632,-0.06132,0.555,0.60832,-0.05332
0,379,8694.9,OPEN,0.55,0.60938,-0.05938,0.55,0.60659,-0.05659
0,380,8716.0,OPEN,0.545,0.60417,-0.05917,0.545,0.59965,-0.05465
0,381,8736.0,OPEN,0.54,0.59896,-0.05896,0.54,0.59445,-0.05445
0,382,8757.6,OPEN,0.535,0.60243,-0.06743,0.535,0.58752,-0.05252
0,383,8778.6,OPEN,0.53,0.59028,-0.06028,0.53,0.58406,-0.05406
0,384,8799.0,OPEN,0.525,0.58507,-0.06007,0.525,0.57886,-0.05386
0,385,8819.3,OPEN,0.52,0.57986,-0.05986,0.52,0.57712,-0.05712
0,386,8841.8,OPEN,0.515,0.57465,-0.05965,0.515,0.56846,-0.05346
0,387,8861.7,OPEN,0.51,0.56944,-0.05944,0.51,0.56499,-0.05499
0,388,8881.7,OPEN,0.505,0.56771,-0.06271,0.505,0.55979,-0.05479
0,389,8902.1,OPEN,0.5,0.55903,-0.05903,0.5,0.55286,-0.05286
0,390,8922.9,OPEN,0.495,0.55556,-0.06056,0.495,0.54939,-0.05439
0,391,8943.4,OPEN,0.49,0.54861,-0.05861,0.49,0.54419,-0.05419
0,392,8964.7,OPEN,0.485,0.54514,-0.06014,0.485,0.54073,-0.05573
0,393,8986.3,OPEN,0.48,0.54514,-0.06514,0.48,0.5338,-0.0538
0,394,9006.2,OPEN,0.475,0.53993,-0.06493,0.475,0.53033,-0.05533
0,395,9028.3,OPEN,0.47,0.52951,-0.05951,0.47,0.52686,-0.05686
0,396,9048.5,OPEN,0.465,0.52431,-0.05931,0.465,0.5234,-0.0584
0,397,9071.8,OPEN,0.46,0.51215,-0.05215,0.46,0.51646,-0.05646
0,398,9092.8,OPEN,0.455,0.50694,-0.05194,0.455,0.50607,-0.05107
0,399,9111.5,OPEN,0.45,0.49653,-0.04653,0.45,0.4974,-0.0474
0,400,9133.2,OPEN,0.445,0.48958,-0.04458,0.445,0.48873,-0.04373
0,401,9154.2,OPEN,0.44,0.48438,-0.04438,0.44,0.48007,-0.04007
0,402,9174.9,OPEN,0.435,0.48264,-0.04764,0.435,0.47834,-0.04334
0,403,9194.8,OPEN,0.43,0.48264,-0.05264,0.43,0.47487,-0.04487
0,404,9215.9,OPEN,0.425,0.4809,-0.0559,0.425,0.4714,-0.0464
0,405,9236.5,OPEN,0.42,0.48264,-0.06264,0.42,0.46967,-0.04967
0,406,9255.9,OPEN,0.415,0.47569,-0.06069,0.415,0.46447,-0.04947
0,407,9277.5,OPEN,0.41,0.47049,-0.06049,0.41,0.46101,-0.05101
0,408,9299.2,OPEN,0.405,0.46701,-0.06201,0.405,0.45927,-0.05427
0,409,9318.7,OPEN,0.4,0.46354,-0.06354,0.4,0.45407,-0.05407
0,410,9341.6,OPEN,0.395,0.45833,-0.06333,0.395,0.44887,-0.05387
0,411,9361.9,OPEN,0.39,0.45312,-0.06313,0.39,0.44541,-0.05541
0,412,9383.0,OPEN,0.385,0.45139,-0.06639,0.385,0.44021,-0.05521
0,413,9402.1,OPEN,0.38,0.44271,-0.06271,0.38,0.43674,-0.05674
0,414,9423.7,OPEN,0.375,0.4375,-0.0625,0.375,0.43154,-0.05654
0,415,9443.8,OPEN,0.37,0.42882,-0.05882,0.37,0.42634,-0.05634
0,416,9464.9,OPEN,0.365,0.42535,-0.06035,0.365,0.42288,-0.05788
0,417,9487.3,OPEN,0.36,0.4184,-0.0584,0.36,0.41421,-0.05421
0,418,9507.9,OPEN,0.355,0.41319,-0.05819,0.355,0.40901,-0.05401
0,419,9528.7,OPEN,0.35,0.40625,-0.05625,0.35,0.40381,-0.05381
0,420,9549.3,OPEN,0.345,0.39757,-0.05257,0.345,0.39861,-0.05361
0,421,9568.8,OPEN,0.34,0.39583,-0.05583,0.34,0.39168,-0.05168
0,422,9591.8,OPEN,0.335,0.39236,-0.05736,0.335,0.38475,-0.04975
0,423,9612.2,OPEN,0.33,0.38542,-0.05542,0.33,0.37955,-0.04955
0,424,9633.8,OPEN,0.325,0.38542,-0.06042,0.325,0.37435,-0.04935
0,425,9653.4,OPEN,0.32,0.37153,-0.05153,0.32,0.36742,-0.04742
0,426,9674.7,OPEN,0.315,0.36632,-0.05132,0.315,0.36568,-0.05068
0,427,9694.7,OPEN,0.31,0.36458,-0.05458,0.31,0.35702,-0.04702
0,428,9715.5,OPEN,0.305,0.35764,-0.05264,0.305,0.35182,-0.04682
0,429,9735.2,OPEN,0.3,0.35069,-0.05069,0.3,0.34835,-0.04835
0,430,9756.7,OPEN,0.295,0.34722,-0.05222,0.295,0.34315,-0.04815
0,431,9777.3,OPEN,0.29,0.33681,-0.04681,0.29,0.33969,-0.04969
0,432,9799.6,OPEN,0.285,0.33681,-0.05181,0.285,0.33449,-0.04949
0,433,9820.2,OPEN,0.28,0.3316,-0.0516,0.28,0.32929,-0.04929
0,434,9842.0,OPEN,0.275,0.32812,-0.05313,0.275,0.32582,-0.05082
0,435,9860.7,OPEN,0.27,0.32292,-0.05292,0.27,0.32236,-0.05236
0,436,9881.1,OPEN,0.265,0.31771,-0.05271,0.265,0.31716,-0.05216
0,437,9902.8,OPEN,0.26,0.3125,-0.0525,0.26,0.31196,-0.05196
0,438,9923.2,OPEN,0.255,0.30556,-0.05056,0.255,0.30676,-0.05176
0,439,9944.5,OPEN,0.25,0.30729,-0.05729,0.25,0.30329,-0.05329
0,440,9967.9,OPEN,0.245,0.30382,-0.05882,0.245,0.29636,-0.05136
0,441,9986.3,OPEN,0.24,0.2934,-0.0534,0.24,0.29116,-0.05116
0,442,10006.7,OPEN,0.235,0.28993,-0.05493,0.235,0.28596,-0.05096
0,443,10029.5,OPEN,0.23,0.28299,-0.05299,0.23,0.2825,-0.0525
0,444,10048.6,OPEN,0.225,0.27951,-0.05451,0.225,0.27556,-0.05056
0,445,10071.2,OPEN,0.22,0.27257,-0.05257,0.22,0.27036,-0.05036
0,446,10091.2,OPEN,0.215,0.26736,-0.05236,0.215,0.26343,-0.04843
0,447,10113.1,OPEN,0.21,0.26042,-0.05042,0.21,0.25997,-0.04997
0,448,10133.3,OPEN,0.205,0.25521,-0.05021,0.205,0.25303,-0.04803
0,449,10152.5,OPEN,0.2,0.25174,-0.05174,0.2,0.24783,-0.04783
0,450,10174.0,OPEN,0.195,0.25521,-0.06021,0.195,0.24263,-0.04763
0,451,10194.4,OPEN,0.19,0.24132,-0.05132,0.19,0.23744,-0.04744
0,452,10217.2,OPEN,0.185,0.23785,-0.05285,0.185,0.23224,-0.04724
0,453,10235.6,OPEN,0.18,0.23264,-0.05264,0.18,0.22877,-0.04877
0,454,10256.5,OPEN,0.175,0.23785,-0.06285,0.175,0.22357,-0.04857
0,455,10278.7,OPEN,0.17,0.22222,-0.05222,0.17,0.21837,-0.04837
0,456,10298.4,OPEN,0.165,0.21701,-0.05201,0.165,0.21317,-0.04817
0,457,10320.2,OPEN,0.16,0.21181,-0.05181,0.16,0.20971,-0.04971
0,458,10340.5,OPEN,0.155,0.20833,-0.05333,0.155,0.20277,-0.04777
0,459,10360.7,OPEN,0.15,0.20312,-0.05313,0.15,0.19757,-0.04757
0,460,10381.5,OPEN,0.145,0.19792,-0.05292,0.145,0.19237,-0.04737
0,461,10402.6,OPEN,0.14,0.19097,-0.05097,0.14,0.18718,-0.04718
0,462,10424.5,OPEN,0.135,0.19097,-0.05597,0.135,0.18198,-0.04698
0,463,10445.2,OPEN,0.13,0.18056,-0.05056,0.13,0.17678,-0.04678
0,464,10466.7,OPEN,0.125,0.17188,-0.04688,0.125,0.17504,-0.05004
0,465,10486.2,OPEN,0.12,0.1684,-0.0484,0.12,0.16638,-0.04638
0,466,10506.8,OPEN,0.115,0.16319,-0.04819,0.115,0.16118,-0.04618
0,467,10527.4,OPEN,0.11,0.15799,-0.04799,0.11,0.15598,-0.04598
0,468,10549.3,OPEN,0.105,0.15104,-0.04604,0.105,0.15078,-0.04578
0,469,10571.5,OPEN,0.1,0.14583,-0.04583,0.1,0.14558,-0.04558
0,470,10592.7,OPEN,0.095,0.14062,-0.04563,0.095,0.14211,-0.04711
0,471,10611.0,OPEN,0.09,0.13542,-0.04542,0.09,0.13865,-0.04865
0,472,10631.4,OPEN,0.085,0.13194,-0.04694,0.085,0.13518,-0.05018
0,473,10653.4,OPEN,0.08,0.12674,-0.04674,0.08,0.13172,-0.05172
0,474,10675.0,OPEN,0.075,0.12326,-0.04826,0.075,0.12305,-0.04805
0,475,10694.7,OPEN,0.07,0.11806,-0.04806,0.07,0.11785,-0.04785
0,476,10716.5,OPEN,0.065,0.11458,-0.04958,0.065,0.11265,-0.04765
0,477,10736.8,OPEN,0.06,0.10938,-0.04938,0.06,0.10919,-0.04919
0,478,10758.7,OPEN,0.055,0.10938,-0.05438,0.055,0.09879,-0.04379
0,479,10778.3,OPEN,0.05,0.10069,-0.05069,0.05,0.09532,-0.04532
0,480,10798.2,OPEN,0.045,0.09549,-0.05049,0.045,0.09012,-0.04512
0,481,10820.1,OPEN,0.04,0.09028,-0.05028,0.04,0.08492,-0.04492
0,482,10842.4,OPEN,0.035,0.08681,-0.05181,0.035,0.07972,-0.04472
0,483,10862.2,OPEN,0.03,0.0816,-0.0516,0.03,0.07452,-0.04452
0,484,10882.3,OPEN,0.025,0.07639,-0.05139,0.025,0.06932,-0.04432
0,485,10904.7,OPEN,0.02,0.06944,-0.04944,0.02,0.06412,-0.04412
0,486,10923.5,OPEN,0.015,0.06424,-0.04924,0.015,0.06066,-0.04566
0,487,10943.3,OPEN,0.01,0.06597,-0.05597,0.01,0.05546,-0.04546
0,488,10967.3,OPEN,0.005,0.05382,-0.04882,0.005,0.05026,-0.04526
0,489,10987.6,OPEN,0.0,0.04688,-0.04688,0.0,0.04506,-0.04506
0,490,10992.8,HOLD_OPEN,0.0,0.04688,-0.04688,0.0,0.04506,-0.04506
0,491,11014.1,HOLD_OPEN,0.0,0.04167,-0.04167,0.0,0.04159,-0.04159
0,492,11036.1,HOLD_OPEN,0.0,0.03472,-0.03472,0.0,0.03466,-0.03466
0,493,11058.4,HOLD_OPEN,0.0,0.02778,-0.02778,0.0,0.02946,-0.02946
0,494,11078.8,HOLD_OPEN,0.0,0.02431,-0.02431,0.0,0.02253,-0.02253
0,495,11100.5,HOLD_OPEN,0.0,0.02604,-0.02604,0.0,0.0208,-0.0208
0,496,11120.3,HOLD_OPEN,0.0,0.01562,-0.01562,0.0,0.01386,-0.01386
0,497,11141.4,HOLD_OPEN,0.0,0.01215,-0.01215,0.0,0.0104,-0.0104
0,498,11161.3,HOLD_OPEN,0.0,0.01042,-0.01042,0.0,0.0052,-0.0052
0,499,11182.6,HOLD_OPEN,0.0,0.00868,-0.00868,0.0,0.00347,-0.00347
0,500,11203.6,HOLD_OPEN,0.0,0.00694,-0.00694,0.0,0.0,0.0
0,501,11225.4,HOLD_OPEN,0.0,0.00694,-0.00694,0.0,0.0,0.0
0,502,11245.3,HOLD_OPEN,0.0,0.00868,-0.00868,0.0,0.0,0.0
0,503,11266.5,HOLD_OPEN,0.0,0.00694,-0.00694,0.0,0.0,0.0
0,504,11287.9,HOLD_OPEN,0.0,0.00694,-0.00694,0.0,0.0,0.0
0,505,11307.4,HOLD_OPEN,0.0,0.00694,-0.00694,0.0,0.0,0.0
0,506,11327.7,HOLD_OPEN,0.0,0.00694,-0.00694,0.0,0.0,0.0
0,507,11350.4,HOLD_OPEN,0.0,0.00694,-0.00694,0.0,0.0,0.0
0,508,11370.8,HOLD_OPEN,0.0,0.00694,-0.00694,0.0,0.0,0.0
0,509,11391.8,HOLD_OPEN,0.0,0.00694,-0.00694,0.0,0.0,0.0
0,510,11410.9,HOLD_OPEN,0.0,0.00694,-0.00694,0.0,0.0,0.0
0,511,11431.8,HOLD_OPEN,0.0,0.00694,-0.00694,0.0,0.0,0.0
0,512,11452.2,HOLD_OPEN,0.0,0.00694,-0.00694,0.0,0.0,0.0
0,513,11474.5,HOLD_OPEN,0.0,0.00694,-0.00694,0.0,0.0,0.0
0,514,11494.3,HOLD_OPEN,0.0,0.00694,-0.00694,0.0,0.0,0.0
0,515,11515.6,HOLD_OPEN,0.0,0.00694,-0.00694,0.0,0.0,0.0
0,516,11537.4,HOLD_OPEN,0.0,0.00521,-0.00521,0.0,0.0,0.0
0,517,11558.1,HOLD_OPEN,0.0,0.00694,-0.00694,0.0,0.0,0.0
0,518,11579.9,HOLD_OPEN,0.0,0.00694,-0.00694,0.0,0.0,0.0
0,519,11598.6,HOLD_OPEN,0.0,0.00694,-0.00694,0.0,0.0,0.0
0,520,11619.5,HOLD_OPEN,0.0,0.00694,-0.00694,0.0,0.0,0.0
0,521,11642.9,HOLD_OPEN,0.0,0.00694,-0.00694,0.0,0.0,0.0
0,522,11662.2,HOLD_OPEN,0.0,0.00694,-0.00694,0.0,0.0,0.0
0,523,11681.8,HOLD_OPEN,0.0,0.00694,-0.00694,0.0,0.0,0.0
0,524,11706.1,HOLD_OPEN,0.0,0.00868,-0.00868,0.0,0.0,0.0
0,525,11722.0,HOLD_OPEN,0.0,0.00694,-0.00694,0.0,0.0,0.0
0,526,11744.1,HOLD_OPEN,0.0,0.00694,-0.00694,0.0,0.0,0.0
0,527,11765.5,HOLD_OPEN,0.0,0.00694,-0.00694,0.0,0.0,0.0
0,528,11786.2,HOLD_OPEN,0.0,0.00694,-0.00694,0.0,0.0,0.0
0,529,11807.7,HOLD_OPEN,0.0,0.00694,-0.00694,0.0,0.0,0.0
0,530,11829.9,HOLD_OPEN,0.0,0.00694,-0.00694,0.0,0.0,0.0
0,531,11848.8,HOLD_OPEN,0.0,0.00694,-0.00694,0.0,0.0,0.0
0,532,11870.4,HOLD_OPEN,0.0,0.00694,-0.00694,0.0,0.0,0.0
0,533,11890.3,HOLD_OPEN,0.0,0.00694,-0.00694,0.0,0.0,0.0
0,534,11911.8,HOLD_OPEN,0.0,0.00694,-0.00694,0.0,0.0,0.0
0,535,11932.0,HOLD_OPEN,0.0,0.00694,-0.00694,0.0,0.0,0.0
0,536,11953.0,HOLD_OPEN,0.0,0.00694,-0.00694,0.0,0.0,0.0
0,537,11974.0,HOLD_OPEN,0.0,0.00694,-0.00694,0.0,0.0,0.0
0,538,11994.3,HOLD_OPEN,0.0,0.00694,-0.00694,0.0,0.0,0.0
0,539,12016.8,HOLD_OPEN,0.0,0.00694,-0.00694,0.0,0.0,0.0
0,540,12036.5,HOLD_OPEN,0.0,0.00694,-0.00694,0.0,0.0,0.0
0,541,12056.8,HOLD_OPEN,0.0,0.00694,-0.00694,0.0,0.0,0.0
0,542,12079.9,HOLD_OPEN,0.0,0.00694,-0.00694,0.0,0.0,0.0
0,543,12099.0,HOLD_OPEN,0.0,0.00694,-0.00694,0.0,0.0,0.0
0,544,12118.4,HOLD_OPEN,0.0,0.00694,-0.00694,0.0,0.0,0.0
0,545,12142.3,HOLD_OPEN,0.0,0.00694,-0.00694,0.0,0.0,0.0
0,546,12161.2,HOLD_OPEN,0.0,0.00694,-0.00694,0.0,0.0,0.0
0,547,12181.7,HOLD_OPEN,0.0,0.00694,-0.00694,0.0,0.0,0.0
0,548,12202.7,HOLD_OPEN,0.0,0.00694,-0.00694,0.0,0.0,0.0
0,549,12225.0,HOLD_OPEN,0.0,0.00694,-0.00694,0.0,0.0,0.0
0,550,12247.0,CLOSE_2,0.005,0.00694,-0.00194,0.005,0.0,0.005
0,551,12268.5,CLOSE_2,0.01,0.00694,0.00306,0.01,0.0,0.01
0,552,12287.7,CLOSE_2,0.015,0.00694,0.00806,0.015,0.0,0.015
0,553,12310.3,CLOSE_2,0.02,0.00694,0.01306,0.02,0.0,0.02
0,554,12328.6,CLOSE_2,0.025,0.00694,0.01806,0.025,0.0,0.025
0,555,12349.1,CLOSE_2,0.03,0.00694,0.02306,0.03,0.0,0.03
0,556,12370.5,CLOSE_2,0.035,0.00694,0.02806,0.035,0.0,0.035
0,557,12392.0,CLOSE_2,0.04,0.00694,0.03306,0.04,0.0,0.04
0,558,12412.4,CLOSE_2,0.045,0.00694,0.03806,0.045,0.0,0.045
0,559,12435.8,CLOSE_2,0.05,0.01389,0.03611,0.05,0.0052,0.0448
0,560,12456.8,CLOSE_2,0.055,0.00694,0.04806,0.055,0.0,0.055
0,561,12475.8,CLOSE_2,0.06,0.00868,0.05132,0.06,0.00347,0.05653
0,562,12496.7,CLOSE_2,0.065,0.0191,0.0459,0.065,0.00867,0.05633
0,563,12518.3,CLOSE_2,0.07,0.02083,0.04917,0.07,0.01386,0.05614
0,564,12538.8,CLOSE_2,0.075,0.02778,0.04722,0.075,0.0208,0.0542
0,565,12560.0,CLOSE_2,0.08,0.03993,0.04007,0.08,0.02946,0.05054
0,566,12579.5,CLOSE_2,0.085,0.04861,0.03639,0.085,0.0364,0.0486
0,567,12600.0,CLOSE_2,0.09,0.05382,0.03618,0.09,0.04506,0.04494
0,568,12620.9,CLOSE_2,0.095,0.06424,0.03076,0.095,0.05026,0.04474
0,569,12645.3,CLOSE_2,0.1,0.07639,0.02361,0.1,0.06066,0.03934
0,570,12663.6,CLOSE_2,0.105,0.0816,0.0234,0.105,0.06759,0.03741
0,571,12684.9,CLOSE_2,0.11,0.08854,0.02146,0.11,0.07452,0.03548
0,572,12705.2,CLOSE_2,0.115,0.09722,0.01778,0.115,0.08319,0.03181
0,573,12727.4,CLOSE_2,0.12,0.10069,0.01931,0.12,0.09185,0.02815
0,574,12747.6,CLOSE_2,0.125,0.10764,0.01736,0.125,0.10052,0.02448
0,575,12768.4,CLOSE_2,0.13,0.11111,0.01889,0.13,0.10919,0.02081
0,576,12788.6,CLOSE_2,0.135,0.11458,0.02042,0.135,0.11612,0.01888
0,577,12808.6,CLOSE_2,0.14,0.11806,0.02194,0.14,0.12305,0.01695
0,578,12830.0,CLOSE_2,0.145,0.11979,0.02521,0.145,0.12652,0.01848
0,579,12849.2,CLOSE_2,0.15,0.12326,0.02674,0.15,0.12998,0.02002
0,580,12870.8,CLOSE_2,0.155,0.125,0.03,0.155,0.13518,0.01982
0,581,12893.2,CLOSE_2,0.16,0.12674,0.03326,0.16,0.13865,0.02135
0,582,12913.9,CLOSE_2,0.165,0.13021,0.03479,0.165,0.14038,0.02462
0,583,12933.4,CLOSE_2,0.17,0.13542,0.03458,0.17,0.14211,0.02789
0,584,12954.0,CLOSE_2,0.175,0.13542,0.03958,0.175,0.14211,0.03289
0,585,12975.3,CLOSE_2,0.18,0.13368,0.04632,0.18,0.14385,0.03615
0,586,12997.1,CLOSE_2,0.185,0.14062,0.04438,0.185,0.14385,0.04115
0,587,13018.3,CLOSE_2,0.19,0.14236,0.04764,0.19,0.15078,0.03922
0,588,13037.5,CLOSE_2,0.195,0.15104,0.04396,0.195,0.14558,0.04942
0,589,13058.4,CLOSE_2,0.2,0.15451,0.04549,0.2,0.14905,0.05095
0,590,13082.4,CLOSE_2,0.205,0.16146,0.04354,0.205,0.15945,0.04555
0,591,13102.1,CLOSE_2,0.21,0.1684,0.0416,0.21,0.15945,0.05055
0,592,13121.1,CLOSE_2,0.215,0.17535,0.03965,0.215,0.16811,0.04689
0,593,13144.1,CLOSE_2,0.22,0.18229,0.03771,0.22,0.17331,0.04669
0,594,13162.9,CLOSE_2,0.225,0.18924,0.03576,0.225,0.17851,0.04649
0,595,13184.3,CLOSE_2,0.23,0.19618,0.03382,0.23,0.18718,0.04282
0,596,13205.8,CLOSE_2,0.235,0.20139,0.03361,0.235,0.19584,0.03916
0,597,13225.5,CLOSE_2,0.24,0.2066,0.0334,0.24,0.20624,0.03376
0,598,13247.4,CLOSE_2,0.245,0.21354,0.03146,0.245,0.20971,0.03529
0,599,13266.9,CLOSE_2,0.25,0.22049,0.02951,0.25,0.21664,0.03336
0,600,13287.5,CLOSE_2,0.255,0.22396,0.03104,0.255,0.22184,0.03316
0,601,13309.3,CLOSE_2,0.26,0.22917,0.03083,0.26,0.2305,0.0295
0,602,13330.6,CLOSE_2,0.265,0.23438,0.03063,0.265,0.23397,0.03103
0,603,13350.2,CLOSE_2,0.27,0.23785,0.03215,0.27,0.23917,0.03083
0,604,13371.3,CLOSE_2,0.275,0.24306,0.03194,0.275,0.24437,0.03063
0,605,13393.3,CLOSE_2,0.28,0.24653,0.03347,0.28,0.24957,0.03043
0,606,13413.5,CLOSE_2,0.285,0.25,0.035,0.285,0.25303,0.03197
0,607,13435.2,CLOSE_2,0.29,0.26042,0.02958,0.29,0.25823,0.03177
0,608,13455.3,CLOSE_2,0.295,0.26042,0.03458,0.295,0.2617,0.0333
0,609,13476.1,CLOSE_2,0.3,0.26562,0.03438,0.3,0.2669,0.0331
0,610,13495.7,CLOSE_2,0.305,0.27083,0.03417,0.305,0.27036,0.03464
0,611,13515.8,CLOSE_2,0.31,0.27604,0.03396,0.31,0.27383,0.03617
0,612,13538.0,CLOSE_2,0.315,0.28125,0.03375,0.315,0.27903,0.03597
0,613,13560.3,CLOSE_2,0.32,0.28646,0.03354,0.32,0.2825,0.0375
0,614,13580.0,CLOSE_2,0.325,0.28993,0.03507,0.325,0.28769,0.03731
0,615,13599.9,CLOSE_2,0.33,0.2934,0.0366,0.33,0.29116,0.03884
0,616,13621.1,CLOSE_2,0.335,0.29514,0.03986,0.335,0.29463,0.04037
0,617,13641.9,CLOSE_2,0.34,0.29861,0.04139,0.34,0.29636,0.04364
0,618,13664.8,CLOSE_2,0.345,0.30729,0.03771,0.345,0.29983,0.04517
0,619,13685.1,CLOSE_2,0.35,0.31076,0.03924,0.35,0.30503,0.04497
0,620,13704.6,CLOSE_2,0.355,0.32118,0.03382,0.355,0.30676,0.04824
0,621,13725.6,CLOSE_2,0.36,0.32812,0.03188,0.36,0.31196,0.04804
0,622,13745.4,CLOSE_2,0.365,0.33333,0.03167,0.365,0.31889,0.04611
0,623,13766.7,CLOSE_2,0.37,0.33681,0.03319,0.37,0.32756,0.04244
0,624,13787.5,CLOSE_2,0.375,0.34375,0.03125,0.375,0.33449,0.04051
0,625,13809.8,CLOSE_2,0.38,0.35069,0.02931,0.38,0.34315,0.03685
0,626,13830.2,CLOSE_2,0.385,0.35417,0.03083,0.385,0.34835,0.03665
0,627,13850.0,CLOSE_2,0.39,0.36285,0.02715,0.39,0.35702,0.03298
0,628,13870.4,CLOSE_2,0.395,0.36632,0.02868,0.395,0.36395,0.03105
0,629,13891.4,CLOSE_2,0.4,0.36979,0.03021,0.4,0.36915,0.03085
0,630,13912.7,CLOSE_2,0.405,0.375,0.03,0.405,0.37608,0.02892
0,631,13935.0,CLOSE_2,0.41,0.38021,0.02979,0.41,0.38302,0.02698
0,632,13956.0,CLOSE_2,0.415,0.38542,0.02958,0.415,0.38995,0.02505
0,633,13975.8,CLOSE_2,0.42,0.39062,0.02938,0.42,0.39341,0.02659
0,634,13996.4,CLOSE_2,0.425,0.39583,0.02917,0.425,0.39861,0.02639
0,635,14018.4,CLOSE_2,0.43,0.39931,0.03069,0.43,0.40208,0.02792
0,636,14036.9,CLOSE_2,0.435,0.40972,0.02528,0.435,0.40901,0.02599
0,637,14058.8,CLOSE_2,0.44,0.41493,0.02507,0.44,0.41075,0.02925
0,638,14079.9,CLOSE_2,0.445,0.41319,0.03181,0.445,0.41421,0.03079
0,639,14102.6,CLOSE_2,0.45,0.42361,0.02639,0.45,0.41768,0.03232
0,640,14123.3,CLOSE_2,0.455,0.42361,0.03139,0.455,0.42288,0.03212
0,641,14142.2,CLOSE_2,0.46,0.42882,0.03118,0.46,0.42634,0.03366
0,642,14163.2,CLOSE_2,0.465,0.43403,0.03097,0.465,0.42981,0.03519
0,643,14184.3,CLOSE_2,0.47,0.43924,0.03076,0.47,0.43328,0.03672
0,644,14204.5,CLOSE_2,0.475,0.44618,0.02882,0.475,0.43847,0.03653
0,645,14224.7,CLOSE_2,0.48,0.44792,0.03208,0.48,0.44367,0.03633
0,646,14245.7,CLOSE_2,0.485,0.45312,0.03188,0.485,0.44714,0.03786
0,647,14267.0,CLOSE_2,0.49,0.45833,0.03167,0.49,0.45234,0.03766
0,648,14288.6,CLOSE_2,0.495,0.47222,0.02278,0.495,0.45581,0.03919
0,649,14309.7,CLOSE_2,0.5,0.46875,0.03125,0.5,0.46274,0.03726
0,650,14330.7,CLOSE_2,0.505,0.47396,0.03104,0.505,0.4714,0.0336
0,651,14351.6,CLOSE_2,0.51,0.47743,0.03257,0.51,0.4766,0.0334
0,652,14372.3,CLOSE_2,0.515,0.48264,0.03236,0.515,0.48354,0.03146
0,653,14393.7,CLOSE_2,0.52,0.48958,0.03042,0.52,0.48007,0.03993
0,654,14413.9,CLOSE_2,0.525,0.49479,0.03021,0.525,0.48873,0.03627
0,655,14433.4,CLOSE_2,0.53,0.50347,0.02653,0.53,0.49913,0.03087
0,656,14453.3,CLOSE_2,0.535,0.51042,0.02458,0.535,0.50953,0.02547
0,657,14475.5,CLOSE_2,0.54,0.52604,0.01396,0.54,0.5182,0.0218
0,658,14496.5,CLOSE_2,0.545,0.52951,0.01549,0.545,0.5234,0.0216
0,659,14518.0,CLOSE_2,0.55,0.53299,0.01701,0.55,0.53206,0.01794
0,660,14539.6,CLOSE_2,0.555,0.53646,0.01854,0.555,0.53033,0.02467
0,661,14561.3,CLOSE_2,0.56,0.53819,0.02181,0.56,0.53206,0.02794
0,662,14580.8,CLOSE_2,0.565,0.53646,0.02854,0.565,0.5338,0.0312
0,663,14600.3,CLOSE_2,0.57,0.54167,0.02833,0.57,0.53553,0.03447
0,664,14622.9,CLOSE_2,0.575,0.5434,0.0316,0.575,0.53899,0.03601
0,665,14642.7,CLOSE_2,0.58,0.54514,0.03486,0.58,0.54593,0.03407
0,666,14664.0,CLOSE_2,0.585,0.55208,0.03292,0.585,0.54766,0.03734
0,667,14685.0,CLOSE_2,0.59,0.55382,0.03618,0.59,0.55286,0.03714
0,668,14705.8,CLOSE_2,0.595,0.56424,0.03076,0.595,0.55806,0.03694
0,669,14725.0,CLOSE_2,0.6,0.5625,0.0375,0.6,0.56153,0.03847
0,670,14746.7,CLOSE_2,0.605,0.57118,0.03382,0.605,0.56846,0.03654
0,671,14766.9,CLOSE_2,0.61,0.57986,0.03014,0.61,0.57192,0.03808
0,672,14789.3,CLOSE_2,0.615,0.57986,0.03514,0.615,0.57886,0.03614
0,673,14809.5,CLOSE_2,0.62,0.58507,0.03493,0.62,0.58059,0.03941
0,674,14831.1,CLOSE_2,0.625,0.59201,0.03299,0.625,0.58925,0.03575
0,675,14850.9,CLOSE_2,0.63,0.59722,0.03278,0.63,0.59445,0.03555
0,676,14871.8,CLOSE_2,0.635,0.60243,0.03257,0.635,0.59965,0.03535
0,677,14892.3,CLOSE_2,0.64,0.60764,0.03236,0.64,0.60485,0.03515
0,678,14912.8,CLOSE_2,0.645,0.61979,0.02521,0.645,0.61525,0.02975
0,679,14935.5,CLOSE_2,0.65,0.61806,0.03194,0.65,0.61352,0.03648
0,680,14956.2,CLOSE_2,0.655,0.62153,0.03347,0.655,0.62392,0.03108
0,681,14975.9,CLOSE_2,0.66,0.62847,0.03153,0.66,0.62565,0.03435
0,682,14996.8,CLOSE_2,0.665,0.63368,0.03132,0.665,0.63258,0.03242
0,683,15018.1,CLOSE_2,0.67,0.64062,0.02938,0.67,0.63778,0.03222
0,684,15039.8,CLOSE_2,0.675,0.64236,0.03264,0.675,0.64125,0.03375
0,685,15060.4,CLOSE_2,0.68,0.65104,0.02896,0.68,0.64645,0.03355
0,686,15080.5,CLOSE_2,0.685,0.65972,0.02528,0.685,0.65165,0.03335
0,687,15102.7,CLOSE_2,0.69,0.66146,0.02854,0.69,0.66205,0.02795
0,688,15123.0,CLOSE_2,0.695,0.66493,0.03007,0.695,0.66551,0.02949
0,689,15143.6,CLOSE_2,0.7,0.67188,0.02813,0.7,0.67071,0.02929
0,690,15163.4,CLOSE_2,0.705,0.67535,0.02965,0.705,0.67591,0.02909
0,691,15183.9,CLOSE_2,0.71,0.68056,0.02944,0.71,0.67591,0.03409
0,692,15204.0,CLOSE_2,0.715,0.68403,0.03097,0.715,0.68111,0.03389
0,693,15226.5,CLOSE_2,0.72,0.69792,0.02208,0.72,0.68111,0.03889
0,694,15246.5,CLOSE_2,0.725,0.69271,0.03229,0.725,0.69151,0.03349
0,695,15267.4,CLOSE_2,0.73,0.70312,0.02688,0.73,0.69151,0.03849
0,696,15288.1,CLOSE_2,0.735,0.70139,0.03361,0.735,0.69671,0.03829
0,697,15308.5,CLOSE_2,0.74,0.7066,0.0334,0.74,0.70364,0.03636
0,698,15328.6,CLOSE_2,0.745,0.71181,0.03319,0.745,0.71057,0.03443
0,699,15350.2,CLOSE_2,0.75,0.71875,0.03125,0.75,0.71231,0.03769
0,700,15371.9,CLOSE_2,0.755,0.72049,0.03451,0.755,0.7175,0.0375
0,701,15393.2,CLOSE_2,0.76,0.72743,0.03257,0.76,0.7227,0.0373
0,702,15412.5,CLOSE_2,0.765,0.73264,0.03236,0.765,0.7331,0.0319
0,703,15433.9,CLOSE_2,0.77,0.73611,0.03389,0.77,0.7331,0.0369
0,704,15455.4,CLOSE_2,0.775,0.74479,0.03021,0.775,0.74697,0.02803
0,705,15477.3,CLOSE_2,0.78,0.74826,0.03174,0.78,0.74697,0.03303
0,706,15496.8,CLOSE_2,0.785,0.75521,0.02979,0.785,0.75043,0.03457
0,707,15518.1,CLOSE_2,0.79,0.76042,0.02958,0.79,0.7591,0.0309
0,708,15538.8,CLOSE_2,0.795,0.76562,0.02938,0.795,0.76083,0.03417
0,709,15560.1,CLOSE_2,0.8,0.77083,0.02917,0.8,0.76603,0.03397
0,710,15581.2,CLOSE_2,0.805,0.77951,0.02549,0.805,0.77296,0.03204
0,711,15601.3,CLOSE_2,0.81,0.78125,0.02875,0.81,0.77816,0.03184
0,712,15620.9,CLOSE_2,0.815,0.78646,0.02854,0.815,0.78336,0.03164
0,713,15642.0,CLOSE_2,0.82,0.78993,0.03007,0.82,0.79376,0.02624
0,714,15662.4,CLOSE_2,0.825,0.79514,0.02986,0.825,0.79723,0.02777
0,715,15682.9,CLOSE_2,0.83,0.80035,0.02965,0.83,0.79723,0.03277
0,716,15705.0,CLOSE_2,0.835,0.80729,0.02771,0.835,0.80243,0.03257
0,717,15726.1,CLOSE_2,0.84,0.8125,0.0275,0.84,0.80936,0.03064
0,718,15746.8,CLOSE_2,0.845,0.81424,0.03076,0.845,0.81109,0.03391
0,719,15768.6,CLOSE_2,0.85,0.82465,0.02535,0.85,0.81456,0.03544
0,720,15789.1,CLOSE_2,0.855,0.82986,0.02514,0.855,0.82149,0.03351
0,721,15808.2,CLOSE_2,0.86,0.82812,0.03188,0.86,0.82669,0.03331
0,722,15829.9,CLOSE_2,0.865,0.83333,0.03167,0.865,0.83189,0.03311
0,723,15850.3,CLOSE_2,0.87,0.83854,0.03146,0.87,0.83709,0.03291
0,724,15872.6,CLOSE_2,0.875,0.84375,0.03125,0.875,0.84402,0.03098
0,725,15892.3,CLOSE_2,0.88,0.84722,0.03278,0.88,0.84749,0.03251
0,726,15915.6,CLOSE_2,0.885,0.85243,0.03257,0.885,0.85615,0.02885
0,727,15934.1,CLOSE_2,0.89,0.85764,0.03236,0.89,0.86135,0.02865
0,728,15956.4,CLOSE_2,0.895,0.86285,0.03215,0.895,0.86655,0.02845
0,729,15977.1,CLOSE_2,0.9,0.86979,0.03021,0.9,0.87175,0.02825
0,730,15997.2,CLOSE_2,0.905,0.88021,0.02479,0.905,0.87522,0.02978
0,731,16019.5,CLOSE_2,0.91,0.88542,0.02458,0.91,0.88908,0.02092
0,732,16040.0,CLOSE_2,0.915,0.88542,0.02958,0.915,0.88388,0.03112
0,733,16060.2,CLOSE_2,0.92,0.89062,0.02938,0.92,0.89081,0.02919
0,734,16079.8,CLOSE_2,0.925,0.89583,0.02917,0.925,0.89428,0.03072
0,735,16099.5,CLOSE_2,0.93,0.89931,0.03069,0.93,0.89948,0.03052
0,736,16120.3,CLOSE_2,0.935,0.91319,0.02181,0.935,0.90468,0.03032
0,737,16142.4,CLOSE_2,0.94,0.91146,0.02854,0.94,0.90815,0.03185
0,738,16163.0,CLOSE_2,0.945,0.91493,0.03007,0.945,0.91334,0.03166
0,739,16184.7,CLOSE_2,0.95,0.9184,0.0316,0.95,0.91681,0.03319
0,740,16205.9,CLOSE_2,0.955,0.92188,0.03313,0.955,0.92721,0.02779
0,741,16225.1,CLOSE_2,0.96,0.92708,0.03292,0.96,0.92721,0.03279
0,742,16246.4,CLOSE_2,0.965,0.92708,0.03792,0.965,0.93761,0.02739
0,743,16268.2,CLOSE_2,0.97,0.94618,0.02382,0.97,0.93588,0.03412
0,744,16289.0,CLOSE_2,0.975,0.93924,0.03576,0.975,0.94281,0.03219
0,745,16310.3,CLOSE_2,0.98,0.94444,0.03556,0.98,0.94627,0.03373
0,746,16330.6,CLOSE_2,0.985,0.94618,0.03882,0.985,0.94974,0.03526
0,747,16350.2,CLOSE_2,0.99,0.95312,0.03688,0.99,0.95494,0.03506
0,748,16371.9,CLOSE_2,0.995,0.95833,0.03667,0.995,0.96534,0.02966
0,749,16394.3,CLOSE_2,1.0,0.96181,0.03819,1.0,0.9688,0.0312
0,750,16401.3,HOLD_2,1.0,0.96181,0.03819,1.0,0.97054,0.02946
0,751,16422.5,HOLD_2,1.0,0.97569,0.02431,1.0,0.97574,0.02426
0,752,16441.9,HOLD_2,1.0,0.96875,0.03125,1.0,0.98094,0.01906
0,753,16464.6,HOLD_2,1.0,0.97049,0.02951,1.0,0.98267,0.01733
0,754,16484.1,HOLD_2,1.0,0.97222,0.02778,1.0,0.98614,0.01386
0,755,16505.8,HOLD_2,1.0,0.97569,0.02431,1.0,0.9844,0.0156
0,756,16526.6,HOLD_2,1.0,0.97569,0.02431,1.0,0.98614,0.01386
0,757,16547.8,HOLD_2,1.0,0.97569,0.02431,1.0,0.98614,0.01386
0,758,16568.7,HOLD_2,1.0,0.97222,0.02778,1.0,0.98614,0.01386
0,759,16587.8,HOLD_2,1.0,0.97396,0.02604,1.0,0.98614,0.01386
0,760,16608.5,HOLD_2,1.0,0.97396,0.02604,1.0,0.9844,0.0156
0,761,16630.2,HOLD_2,1.0,0.97049,0.02951,1.0,0.98614,0.01386
0,762,16652.7,HOLD_2,1.0,0.97569,0.02431,1.0,0.98614,0.01386
0,763,16674.6,HOLD_2,1.0,0.97222,0.02778,1.0,0.98787,0.01213
0,764,16694.5,HOLD_2,1.0,0.97396,0.02604,1.0,0.9844,0.0156
0,765,16715.2,HOLD_2,1.0,0.96701,0.03299,1.0,0.98614,0.01386
0,766,16736.4,HOLD_2,1.0,0.97569,0.02431,1.0,0.9844,0.0156
0,767,16756.8,HOLD_2,1.0,0.97743,0.02257,1.0,0.9844,0.0156
0,768,16778.7,HOLD_2,1.0,0.97569,0.02431,1.0,0.98614,0.01386
0,769,16799.2,HOLD_2,1.0,0.98438,0.01562,1.0,0.98787,0.01213
0,770,16817.7,HOLD_2,1.0,0.97569,0.02431,1.0,0.98787,0.01213
0,771,16838.1,HOLD_2,1.0,0.97743,0.02257,1.0,0.9844,0.0156
0,772,16860.3,HOLD_2,1.0,0.97917,0.02083,1.0,0.98614,0.01386
0,773,16881.8,HOLD_2,1.0,0.9809,0.0191,1.0,0.98614,0.01386
0,774,16901.1,HOLD_2,1.0,0.98264,0.01736,1.0,0.98787,0.01213
0,775,16921.7,HOLD_2,1.0,0.98611,0.01389,1.0,0.98787,0.01213
0,776,16943.1,HOLD_2,1.0,0.98785,0.01215,1.0,0.9844,0.0156
0,777,16965.1,HOLD_2,1.0,0.98958,0.01042,1.0,0.98787,0.01213
0,778,16984.3,HOLD_2,1.0,0.99132,0.00868,1.0,0.98787,0.01213
0,779,17005.3,HOLD_2,1.0,0.99479,0.00521,1.0,0.9948,0.0052
0,780,17027.2,HOLD_2,1.0,0.99306,0.00694,1.0,0.99133,0.00867
0,781,17045.6,HOLD_2,1.0,0.99479,0.00521,1.0,0.9948,0.0052
0,782,17066.9,HOLD_2,1.0,0.99306,0.00694,1.0,0.9948,0.0052
0,783,17087.4,HOLD_2,1.0,0.99306,0.00694,1.0,0.9948,0.0052
0,784,17109.5,HOLD_2,1.0,0.99306,0.00694,1.0,0.99307,0.00693
0,785,17129.3,HOLD_2,1.0,0.99306,0.00694,1.0,0.99307,0.00693
0,786,17150.2,HOLD_2,1.0,0.99306,0.00694,1.0,0.9948,0.0052
0,787,17171.3,HOLD_2,1.0,0.99306,0.00694,1.0,0.99653,0.00347
0,788,17192.7,HOLD_2,1.0,0.99132,0.00868,1.0,0.99307,0.00693
0,789,17214.2,HOLD_2,1.0,0.99479,0.00521,1.0,0.9948,0.0052
0,790,17235.4,HOLD_2,1.0,0.99306,0.00694,1.0,0.9948,0.0052
0,791,17256.8,HOLD_2,1.0,0.99306,0.00694,1.0,0.9948,0.0052
0,792,17277.0,HOLD_2,1.0,0.99479,0.00521,1.0,0.9948,0.0052
0,793,17298.8,HOLD_2,1.0,0.99132,0.00868,1.0,0.9948,0.0052
0,794,17319.0,HOLD_2,1.0,0.99306,0.00694,1.0,0.99653,0.00347
0,795,17339.1,HOLD_2,1.0,0.99132,0.00868,1.0,0.9948,0.0052
0,796,17359.4,HOLD_2,1.0,0.99306,0.00694,1.0,0.99307,0.00693
0,797,17380.5,HOLD_2,1.0,0.99306,0.00694,1.0,0.99307,0.00693
0,798,17401.9,HOLD_2,1.0,0.99479,0.00521,1.0,0.9948,0.0052
0,799,17421.4,HOLD_2,1.0,0.99306,0.00694,1.0,0.9948,0.0052
0,800,17443.1,HOLD_2,1.0,0.99306,0.00694,1.0,0.99307,0.00693
0,801,17464.9,HOLD_2,1.0,0.99132,0.00868,1.0,0.99307,0.00693
0,802,17483.6,HOLD_2,1.0,0.99306,0.00694,1.0,0.9948,0.0052
0,803,17504.5,HOLD_2,1.0,0.99306,0.00694,1.0,0.99307,0.00693
0,804,17526.5,HOLD_2,1.0,0.99306,0.00694,1.0,0.9948,0.0052
0,805,17548.7,HOLD_2,1.0,0.99479,0.00521,1.0,0.99307,0.00693
0,806,17568.5,HOLD_2,1.0,0.99306,0.00694,1.0,0.99307,0.00693
0,807,17590.6,HOLD_2,1.0,0.99479,0.00521,1.0,0.99307,0.00693
0,808,17610.8,HOLD_2,1.0,0.99306,0.00694,1.0,0.99307,0.00693
0,809,17629.8,HOLD_2,1.0,0.99479,0.00521,1.0,0.99307,0.00693
1,810,18455.9,SETTLE,0.0,0.58333,-0.58333,0.0,0.57192,-0.57192
1,811,18482.3,SETTLE,0.0,0.56597,-0.56597,0.0,0.55806,-0.55806
1,812,18496.4,SETTLE,0.0,0.55729,-0.55729,0.0,0.54593,-0.54593
1,813,18517.8,SETTLE,0.0,0.54514,-0.54514,0.0,0.53553,-0.53553
1,814,18537.6,SETTLE,0.0,0.53472,-0.53472,0.0,0.52686,-0.52686
1,815,18559.2,SETTLE,0.0,0.51389,-0.51389,0.0,0.50433,-0.50433
1,816,18581.5,SETTLE,0.0,0.49479,-0.49479,0.0,0.48354,-0.48354
1,817,18602.4,SETTLE,0.0,0.4809,-0.4809,0.0,0.47314,-0.47314
1,818,18623.3,SETTLE,0.0,0.46875,-0.46875,0.0,0.46101,-0.46101
1,819,18641.6,SETTLE,0.0,0.4566,-0.4566,0.0,0.45234,-0.45234
1,820,18663.4,SETTLE,0.0,0.44618,-0.44618,0.0,0.43674,-0.43674
1,821,18686.9,SETTLE,0.0,0.43056,-0.43056,0.0,0.42288,-0.42288
1,822,18706.1,SETTLE,0.0,0.4184,-0.4184,0.0,0.40901,-0.40901
1,823,18725.9,SETTLE,0.0,0.40972,-0.40972,0.0,0.39688,-0.39688
1,824,18747.1,SETTLE,0.0,0.3941,-0.3941,0.0,0.38475,-0.38475
1,825,18769.8,SETTLE,0.0,0.38368,-0.38368,0.0,0.37088,-0.37088
1,826,18790.0,SETTLE,0.0,0.36979,-0.36979,0.0,0.36049,-0.36049
1,827,18812.1,SETTLE,0.0,0.3559,-0.3559,0.0,0.34662,-0.34662
1,828,18832.2,SETTLE,0.0,0.34375,-0.34375,0.0,0.33276,-0.33276
1,829,18851.5,SETTLE,0.0,0.3316,-0.3316,0.0,0.32062,-0.32062
1,830,18872.1,SETTLE,0.0,0.31771,-0.31771,0.0,0.30849,-0.30849
1,831,18893.2,SETTLE,0.0,0.30556,-0.30556,0.0,0.29636,-0.29636
1,832,18914.5,SETTLE,0.0,0.2934,-0.2934,0.0,0.28769,-0.28769
1,833,18934.6,SETTLE,0.0,0.28125,-0.28125,0.0,0.2773,-0.2773
1,834,18953.5,SETTLE,0.0,0.26736,-0.26736,0.0,0.26516,-0.26516
1,835,18974.1,SETTLE,0.0,0.25347,-0.25347,0.0,0.2513,-0.2513
1,836,18995.2,SETTLE,0.0,0.24306,-0.24306,0.0,0.2409,-0.2409
1,837,19016.2,SETTLE,0.0,0.22743,-0.22743,0.0,0.22704,-0.22704
1,838,19037.9,SETTLE,0.0,0.21528,-0.21528,0.0,0.2149,-0.2149
1,839,19061.0,SETTLE,0.0,0.20139,-0.20139,0.0,0.20277,-0.20277
1,840,19080.4,CLOSE,0.005,0.18924,-0.18424,0.005,0.19237,-0.18737
1,841,19102.9,CLOSE,0.01,0.17535,-0.16535,0.01,0.17678,-0.16678
1,842,19125.3,CLOSE,0.015,0.15972,-0.14472,0.015,0.16118,-0.14618
1,843,19146.1,CLOSE,0.02,0.14757,-0.12757,0.02,0.15078,-0.13078
1,844,19165.3,CLOSE,0.025,0.13715,-0.11215,0.025,0.14038,-0.11538
1,845,19184.7,CLOSE,0.03,0.125,-0.095,0.03,0.12825,-0.09825
1,846,19204.8,CLOSE,0.035,0.11285,-0.07785,0.035,0.11785,-0.08285
1,847,19226.4,CLOSE,0.04,0.09722,-0.05722,0.04,0.10399,-0.06399
1,848,19249.9,CLOSE,0.045,0.08507,-0.04007,0.045,0.09185,-0.04685
1,849,19269.4,CLOSE,0.05,0.07639,-0.02639,0.05,0.07972,-0.02972
1,850,19289.7,CLOSE,0.055,0.0625,-0.0075,0.055,0.06932,-0.01432
1,851,19311.4,CLOSE,0.06,0.05035,0.00965,0.06,0.05893,0.00107
1,852,19332.3,CLOSE,0.065,0.04167,0.02333,0.065,0.05026,0.01474
1,853,19353.9,CLOSE,0.07,0.03299,0.03701,0.07,0.04506,0.02494
1,854,19373.5,CLOSE,0.075,0.02778,0.04722,0.075,0.0364,0.0386
1,855,19394.7,CLOSE,0.08,0.02431,0.05569,0.08,0.0312,0.0488
1,856,19414.7,CLOSE,0.085,0.02431,0.06069,0.085,0.02773,0.05727
1,857,19435.4,CLOSE,0.09,0.02431,0.06569,0.09,0.026,0.064
1,858,19456.2,CLOSE,0.095,0.02778,0.06722,0.095,0.026,0.069
1,859,19476.6,CLOSE,0.1,0.03299,0.06701,0.1,0.02946,0.07054
1,860,19498.0,CLOSE,0.105,0.04688,0.05813,0.105,0.04159,0.06341
1,861,19517.6,CLOSE,0.11,0.05208,0.05792,0.11,0.04159,0.06841
1,862,19539.1,CLOSE,0.115,0.05903,0.05597,0.115,0.04853,0.06647
1,863,19559.3,CLOSE,0.12,0.06944,0.05056,0.12,0.05546,0.06454
1,864,19580.9,CLOSE,0.125,0.07812,0.04688,0.125,0.06412,0.06088
1,865,19603.2,CLOSE,0.13,0.08681,0.04319,0.13,0.07279,0.05721
1,866,19625.1,CLOSE,0.135,0.09549,0.03951,0.135,0.08319,0.05181
1,867,19644.5,CLOSE,0.14,0.10417,0.03583,0.14,0.09185,0.04815
1,868,19664.8,CLOSE,0.145,0.11111,0.03389,0.145,0.09879,0.04621
1,869,19686.9,CLOSE,0.15,0.11806,0.03194,0.15,0.11092,0.03908
1,870,19705.5,CLOSE,0.155,0.12326,0.03174,0.155,0.11958,0.03542
1,871,19727.3,CLOSE,0.16,0.13194,0.02806,0.16,0.12652,0.03348
1,872,19748.7,CLOSE,0.165,0.13542,0.02958,0.165,0.13345,0.03155
1,873,19769.1,CLOSE,0.17,0.14062,0.02938,0.17,0.14211,0.02789
1,874,19791.7,CLOSE,0.175,0.15104,0.02396,0.175,0.14558,0.02942
1,875,19809.9,CLOSE,0.18,0.15278,0.02722,0.18,0.15251,0.02749
1,876,19831.2,CLOSE,0.185,0.15972,0.02528,0.185,0.15598,0.02902
1,877,19851.9,CLOSE,0.19,0.16319,0.02681,0.19,0.16118,0.02882
1,878,19872.7,CLOSE,0.195,0.1684,0.0266,0.195,0.16464,0.03036
1,879,19894.6,CLOSE,0.2,0.17014,0.02986,0.2,0.16811,0.03189
1,880,19913.2,CLOSE,0.205,0.17361,0.03139,0.205,0.17158,0.03342
1,881,19934.3,CLOSE,0.21,0.17708,0.03292,0.21,0.17331,0.03669
1,882,19956.9,CLOSE,0.215,0.18056,0.03444,0.215,0.17678,0.03822
1,883,19978.0,CLOSE,0.22,0.18403,0.03597,0.22,0.18024,0.03976
1,884,19997.8,CLOSE,0.225,0.19097,0.03403,0.225,0.18371,0.04129
1,885,20018.3,CLOSE,0.23,0.19097,0.03903,0.23,0.18718,0.04282
1,886,20038.9,CLOSE,0.235,0.19618,0.03882,0.235,0.19584,0.03916
1,887,20059.9,CLOSE,0.24,0.19965,0.04035,0.24,0.19757,0.04243
1,888,20081.3,CLOSE,0.245,0.20312,0.04188,0.245,0.20277,0.04223
1,889,20104.6,CLOSE,0.25,0.20833,0.04167,0.25,0.20797,0.04203
1,890,20126.1,CLOSE,0.255,0.21181,0.04319,0.255,0.21317,0.04183
1,891,20144.4,CLOSE,0.26,0.21875,0.04125,0.26,0.21837,0.04163
1,892,20164.0,CLOSE,0.265,0.22917,0.03583,0.265,0.22357,0.04143
1,893,20186.8,CLOSE,0.27,0.22917,0.04083,0.27,0.22877,0.04123
1,894,20206.6,CLOSE,0.275,0.23611,0.03889,0.275,0.23917,0.03583
1,895,20227.4,CLOSE,0.28,0.24306,0.03694,0.28,0.2409,0.0391
1,896,20249.5,CLOSE,0.285,0.24826,0.03674,0.285,0.24783,0.03717
1,897,20269.3,CLOSE,0.29,0.25521,0.03479,0.29,0.2513,0.0387
1,898,20290.0,CLOSE,0.295,0.26562,0.02938,0.295,0.25823,0.03677
1,899,20310.0,CLOSE,0.3,0.26736,0.03264,0.3,0.2617,0.0383
1,900,20330.3,CLOSE,0.305,0.27257,0.03243,0.305,0.27036,0.03464
1,901,20351.7,CLOSE,0.31,0.27951,0.03049,0.31,0.27556,0.03444
1,902,20373.5,CLOSE,0.315,0.28646,0.02854,0.315,0.27903,0.03597
1,903,20394.1,CLOSE,0.32,0.29167,0.02833,0.32,0.28423,0.03577
1,904,20413.9,CLOSE,0.325,0.29688,0.02813,0.325,0.28943,0.03557
1,905,20435.0,CLOSE,0.33,0.30035,0.02965,0.33,0.29463,0.03537
1,906,20457.2,CLOSE,0.335,0.30556,0.02944,0.335,0.29809,0.03691
1,907,20477.8,CLOSE,0.34,0.31076,0.02924,0.34,0.30329,0.03671
1,908,20497.3,CLOSE,0.345,0.31597,0.02903,0.345,0.30676,0.03824
1,909,20519.9,CLOSE,0.35,0.32292,0.02708,0.35,0.31716,0.03284
1,910,20538.6,CLOSE,0.355,0.32292,0.03208,0.355,0.31369,0.04131
1,911,20559.7,CLOSE,0.36,0.32986,0.03014,0.36,0.31542,0.04458
1,912,20581.5,CLOSE,0.365,0.3316,0.0334,0.365,0.32236,0.04264
1,913,20602.6,CLOSE,0.37,0.33681,0.03319,0.37,0.32409,0.04591
1,914,20623.2,CLOSE,0.375,0.34375,0.03125,0.375,0.32929,0.04571
1,915,20645.8,CLOSE,0.38,0.34722,0.03278,0.38,0.33795,0.04205
1,916,20664.5,CLOSE,0.385,0.34896,0.03604,0.385,0.34662,0.03838
1,917,20684.7,CLOSE,0.39,0.34896,0.04104,0.39,0.35182,0.03818
1,918,20707.7,CLOSE,0.395,0.35243,0.04257,0.395,0.35875,0.03625
1,919,20729.5,CLOSE,0.4,0.35938,0.04063,0.4,0.36568,0.03432
1,920,20750.4,CLOSE,0.405,0.36458,0.04042,0.405,0.37262,0.03238
1,921,20769.7,CLOSE,0.41,0.37153,0.03847,0.41,0.37782,0.03218
1,922,20788.9,CLOSE,0.415,0.37847,0.03653,0.415,0.38475,0.03025
1,923,20809.3,CLOSE,0.42,0.38542,0.03458,0.42,0.38821,0.03179
1,924,20830.9,CLOSE,0.425,0.39236,0.03264,0.425,0.39515,0.02985
1,925,20852.9,CLOSE,0.43,0.39931,0.03069,0.43,0.40208,0.02792
1,926,20873.8,CLOSE,0.435,0.40451,0.03049,0.435,0.40555,0.02945
1,927,20894.3,CLOSE,0.44,0.40972,0.03028,0.44,0.41075,0.02925
1,928,20913.6,CLOSE,0.445,0.41493,0.03007,0.445,0.41421,0.03079
1,929,20934.8,CLOSE,0.45,0.42188,0.02813,0.45,0.41941,0.03059
1,930,20955.1,CLOSE,0.455,0.42708,0.02792,0.455,0.42288,0.03212
1,931,20976.9,CLOSE,0.46,0.43056,0.02944,0.46,0.43154,0.02846
1,932,20997.2,CLOSE,0.465,0.43576,0.02924,0.465,0.43674,0.02826
1,933,21017.5,CLOSE,0.47,0.44097,0.02903,0.47,0.43847,0.03153
1,934,21039.7,CLOSE,0.475,0.44618,0.02882,0.475,0.43847,0.03653
1,935,21060.7,CLOSE,0.48,0.45139,0.02861,0.48,0.44714,0.03286
1,936,21081.5,CLOSE,0.485,0.4566,0.0284,0.485,0.45061,0.03439
1,937,21103.2,CLOSE,0.49,0.46007,0.02993,0.49,0.45407,0.03593
1,938,21124.2,CLOSE,0.495,0.46528,0.02972,0.495,0.45754,0.03746
1,939,21144.4,CLOSE,0.5,0.47049,0.02951,0.5,0.46447,0.03553
1,940,21164.7,CLOSE,0.505,0.47569,0.02931,0.505,0.47487,0.03013
1,941,21187.4,CLOSE,0.51,0.4809,0.0291,0.51,0.47314,0.03686
1,942,21208.2,CLOSE,0.515,0.48438,0.03063,0.515,0.48007,0.03493
1,943,21227.0,CLOSE,0.52,0.48958,0.03042,0.52,0.48007,0.03993
1,944,21247.5,CLOSE,0.525,0.50174,0.02326,0.525,0.49047,0.03453
1,945,21268.6,CLOSE,0.53,0.50694,0.02306,0.53,0.50087,0.02913
1,946,21291.3,CLOSE,0.535,0.51389,0.02111,0.535,0.50953,0.02547
1,947,21309.7,CLOSE,0.54,0.52257,0.01743,0.54,0.5182,0.0218
1,948,21330.6,CLOSE,0.545,0.53125,0.01375,0.545,0.5234,0.0216
1,949,21351.6,CLOSE,0.55,0.53299,0.01701,0.55,0.52686,0.02314
1,950,21371.9,CLOSE,0.555,0.54167,0.01333,0.555,0.53033,0.02467
1,951,21394.7,CLOSE,0.56,0.53472,0.02528,0.56,0.53033,0.02967
1,952,21412.9,CLOSE,0.565,0.53646,0.02854,0.565,0.53206,0.03294
1,953,21434.5,CLOSE,0.57,0.53472,0.03528,0.57,0.5338,0.0362
1,954,21455.2,CLOSE,0.575,0.54861,0.02639,0.575,0.53553,0.03947
1,955,21476.6,CLOSE,0.58,0.54514,0.03486,0.58,0.53899,0.04101
1,956,21498.8,CLOSE,0.585,0.55208,0.03292,0.585,0.54939,0.03561
1,957,21521.1,CLOSE,0.59,0.55208,0.03792,0.59,0.54766,0.04234
1,958,21539.2,CLOSE,0.595,0.55556,0.03944,0.595,0.55633,0.03867
1,959,21559.4,CLOSE,0.6,0.56076,0.03924,0.6,0.55979,0.04021
1,960,21583.4,CLOSE,0.605,0.56771,0.03729,0.605,0.56499,0.04001
1,961,21603.2,CLOSE,0.61,0.57465,0.03535,0.61,0.57712,0.03288
1,962,21623.7,CLOSE,0.615,0.57986,0.03514,0.615,0.57712,0.03788
1,963,21645.2,CLOSE,0.62,0.59028,0.02972,0.62,0.58406,0.03594
1,964,21666.3,CLOSE,0.625,0.59201,0.03299,0.625,0.59099,0.03401
1,965,21686.9,CLOSE,0.63,0.59722,0.03278,0.63,0.59792,0.03208
1,966,21707.7,CLOSE,0.635,0.6059,0.0291,0.635,0.60312,0.03188
1,967,21728.1,CLOSE,0.64,0.60764,0.03236,0.64,0.61352,0.02648
1,968,21747.1,CLOSE,0.645,0.61806,0.02694,0.645,0.61352,0.03148
1,969,21769.2,CLOSE,0.65,0.61979,0.03021,0.65,0.62045,0.02955
1,970,21790.2,CLOSE,0.655,0.625,0.03,0.655,0.62565,0.02935
1,971,21809.4,CLOSE,0.66,0.63021,0.02979,0.66,0.63258,0.02742
1,972,21829.1,CLOSE,0.665,0.63715,0.02785,0.665,0.63258,0.03242
1,973,21849.8,CLOSE,0.67,0.64062,0.02938,0.67,0.63951,0.03049
1,974,21870.3,CLOSE,0.675,0.64757,0.02743,0.675,0.64471,0.03029
1,975,21892.0,CLOSE,0.68,0.65104,0.02896,0.68,0.65165,0.02835
1,976,21913.0,CLOSE,0.685,0.65972,0.02528,0.685,0.65165,0.03335
1,977,21934.2,CLOSE,0.69,0.66146,0.02854,0.69,0.65685,0.03315
1,978,21955.4,CLOSE,0.695,0.66667,0.02833,0.695,0.66031,0.03469
1,979,21978.2,CLOSE,0.7,0.6684,0.0316,0.7,0.66551,0.03449
1,980,21998.3,CLOSE,0.705,0.67882,0.02618,0.705,0.66898,0.03602
1,981,22017.0,CLOSE,0.71,0.68229,0.02771,0.71,0.67764,0.03236
1,982,22037.0,CLOSE,0.715,0.68576,0.02924,0.715,0.68284,0.03216
1,983,22057.6,CLOSE,0.72,0.70139,0.01861,0.72,0.68111,0.03889
1,984,22078.8,CLOSE,0.725,0.69618,0.02882,0.725,0.69151,0.03349
1,985,22099.2,CLOSE,0.73,0.70139,0.02861,0.73,0.69324,0.03676
1,986,22119.8,CLOSE,0.735,0.70486,0.03014,0.735,0.70017,0.03483
1,987,22141.7,CLOSE,0.74,0.71181,0.02819,0.74,0.70364,0.03636
1,988,22162.5,CLOSE,0.745,0.71528,0.02972,0.745,0.71577,0.02923
1,989,22183.4,CLOSE,0.75,0.72743,0.02257,0.75,0.71404,0.03596
1,990,22203.6,CLOSE,0.755,0.72049,0.03451,0.755,0.71924,0.03576
1,991,22224.3,CLOSE,0.76,0.72917,0.03083,0.76,0.73137,0.02863
1,992,22245.9,CLOSE,0.765,0.73264,0.03236,0.765,0.72964,0.03536
1,993,22266.7,CLOSE,0.77,0.74479,0.02521,0.77,0.74177,0.02823
1,994,22287.6,CLOSE,0.775,0.74306,0.03194,0.775,0.7435,0.0315
1,995,22308.1,CLOSE,0.78,0.75347,0.02653,0.78,0.74697,0.03303
1,996,22329.2,CLOSE,0.785,0.75347,0.03153,0.785,0.74523,0.03977
1,997,22349.9,CLOSE,0.79,0.75868,0.03132,0.79,0.75217,0.03783
1,998,22370.0,CLOSE,0.795,0.7691,0.0259,0.795,0.75563,0.03937
1,999,22391.7,CLOSE,0.8,0.7691,0.0309,0.8,0.76256,0.03744
1,1000,22412.2,CLOSE,0.805,0.77604,0.02896,0.805,0.76603,0.03897
1,1001,22432.9,CLOSE,0.81,0.78646,0.02354,0.81,0.77816,0.03184
1,1002,22454.7,CLOSE,0.815,0.78299,0.03201,0.815,0.7799,0.0351
1,1003,22475.6,CLOSE,0.82,0.78819,0.03181,0.82,0.7851,0.0349
1,1004,22498.4,CLOSE,0.825,0.79688,0.02813,0.825,0.79029,0.03471
1,1005,22517.9,CLOSE,0.83,0.80729,0.02271,0.83,0.79549,0.03451
1,1006,22540.9,CLOSE,0.835,0.81076,0.02424,0.835,0.80416,0.03084
1,1007,22559.9,CLOSE,0.84,0.81076,0.02924,0.84,0.81109,0.02891
1,1008,22578.9,CLOSE,0.845,0.81597,0.02903,0.845,0.81456,0.03044
1,1009,22602.2,CLOSE,0.85,0.82118,0.02882,0.85,0.81976,0.03024
1,1010,22622.6,CLOSE,0.855,0.84028,0.01472,0.855,0.83016,0.02484
1,1011,22642.9,CLOSE,0.86,0.83333,0.02667,0.86,0.83362,0.02638
1,1012,22664.4,CLOSE,0.865,0.83507,0.02993,0.865,0.83709,0.02791
1,1013,22685.9,CLOSE,0.87,0.84028,0.02972,0.87,0.84749,0.02251
1,1014,22705.8,CLOSE,0.875,0.84549,0.02951,0.875,0.85442,0.02058
1,1015,22725.3,CLOSE,0.88,0.85243,0.02757,0.88,0.85095,0.02905
1,1016,22745.6,CLOSE,0.885,0.85417,0.03083,0.885,0.85269,0.03231
1,1017,22766.4,CLOSE,0.89,0.8559,0.0341,0.89,0.85789,0.03211
1,1018,22787.8,CLOSE,0.895,0.86285,0.03215,0.895,0.86308,0.03192
1,1019,22810.2,CLOSE,0.9,0.86806,0.03194,0.9,0.86828,0.03172
1,1020,22830.0,CLOSE,0.905,0.88194,0.02306,0.905,0.87175,0.03325
1,1021,22850.5,CLOSE,0.91,0.87326,0.03674,0.91,0.87695,0.03305
1,1022,22872.4,CLOSE,0.915,0.87847,0.03653,0.915,0.88735,0.02765
1,1023,22894.9,CLOSE,0.92,0.88194,0.03806,0.92,0.89255,0.02745
1,1024,22913.8,CLOSE,0.925,0.88889,0.03611,0.925,0.89255,0.03245
1,1025,22935.1,CLOSE,0.93,0.89583,0.03417,0.93,0.89948,0.03052
1,1026,22956.0,CLOSE,0.935,0.89931,0.03569,0.935,0.90295,0.03205
1,1027,22977.4,CLOSE,0.94,0.91319,0.02681,0.94,0.91681,0.02319
1,1028,22997.4,CLOSE,0.945,0.92014,0.02486,0.945,0.92201,0.02299
1,1029,23020.6,CLOSE,0.95,0.9184,0.0316,0.95,0.92374,0.02626
1,1030,23040.4,CLOSE,0.955,0.92361,0.03139,0.955,0.93588,0.01912
1,1031,23061.3,CLOSE,0.96,0.92708,0.03292,0.96,0.93241,0.02759
1,1032,23082.4,CLOSE,0.965,0.93403,0.03097,0.965,0.93761,0.02739
1,1033,23103.9,CLOSE,0.97,0.94618,0.02382,0.97,0.94974,0.02026
1,1034,23122.5,CLOSE,0.975,0.94965,0.02535,0.975,0.94801,0.02699
1,1035,23143.6,CLOSE,0.98,0.94792,0.03208,0.98,0.95321,0.02679
1,1036,23167.5,CLOSE,0.985,0.95486,0.03014,0.985,0.96187,0.02313
1,1037,23185.5,CLOSE,0.99,0.9566,0.0334,0.99,0.95841,0.03159
1,1038,23207.4,CLOSE,0.995,0.96701,0.02799,0.995,0.96187,0.03313
1,1039,23226.2,CLOSE,1.0,0.96528,0.03472,1.0,0.96534,0.03466
1,1040,23231.3,HOLD_CLOSED,1.0,0.96528,0.03472,1.0,0.97227,0.02773
1,1041,23252.5,HOLD_CLOSED,1.0,0.97049,0.02951,1.0,0.97054,0.02946
1,1042,23274.4,HOLD_CLOSED,1.0,0.97049,0.02951,1.0,0.98267,0.01733
1,1043,23294.6,HOLD_CLOSED,1.0,0.97396,0.02604,1.0,0.97574,0.02426
1,1044,23317.9,HOLD_CLOSED,1.0,0.97396,0.02604,1.0,0.98094,0.01906
1,1045,23338.6,HOLD_CLOSED,1.0,0.97569,0.02431,1.0,0.9896,0.0104
1,1046,23359.7,HOLD_CLOSED,1.0,0.97222,0.02778,1.0,0.98267,0.01733
1,1047,23380.9,HOLD_CLOSED,1.0,0.97569,0.02431,1.0,0.97747,0.02253
1,1048,23400.8,HOLD_CLOSED,1.0,0.97569,0.02431,1.0,0.98094,0.01906
1,1049,23419.8,HOLD_CLOSED,1.0,0.97569,0.02431,1.0,0.98094,0.01906
1,1050,23441.2,HOLD_CLOSED,1.0,0.97917,0.02083,1.0,0.9844,0.0156
1,1051,23463.6,HOLD_CLOSED,1.0,0.96354,0.03646,1.0,0.98267,0.01733
1,1052,23484.1,HOLD_CLOSED,1.0,0.97569,0.02431,1.0,0.98094,0.01906
1,1053,23505.1,HOLD_CLOSED,1.0,0.97569,0.02431,1.0,0.98267,0.01733
1,1054,23525.0,HOLD_CLOSED,1.0,0.97917,0.02083,1.0,0.98094,0.01906
1,1055,23544.9,HOLD_CLOSED,1.0,0.97396,0.02604,1.0,0.98267,0.01733
1,1056,23568.0,HOLD_CLOSED,1.0,0.97569,0.02431,1.0,0.98267,0.01733
1,1057,23588.5,HOLD_CLOSED,1.0,0.97569,0.02431,1.0,0.98094,0.01906
1,1058,23608.8,HOLD_CLOSED,1.0,0.97396,0.02604,1.0,0.98267,0.01733
1,1059,23630.0,HOLD_CLOSED,1.0,0.97569,0.02431,1.0,0.98267,0.01733
1,1060,23649.1,HOLD_CLOSED,1.0,0.97569,0.02431,1.0,0.98267,0.01733
1,1061,23669.5,HOLD_CLOSED,1.0,0.97569,0.02431,1.0,0.98267,0.01733
1,1062,23691.3,HOLD_CLOSED,1.0,0.97569,0.02431,1.0,0.98267,0.01733
1,1063,23714.2,HOLD_CLOSED,1.0,0.97743,0.02257,1.0,0.98267,0.01733
1,1064,23734.1,HOLD_CLOSED,1.0,0.97743,0.02257,1.0,0.99307,0.00693
1,1065,23751.9,HOLD_CLOSED,1.0,0.97743,0.02257,1.0,0.9844,0.0156
1,1066,23774.2,HOLD_CLOSED,1.0,0.9809,0.0191,1.0,0.98614,0.01386
1,1067,23794.9,HOLD_CLOSED,1.0,0.98264,0.01736,1.0,0.99827,0.00173
1,1068,23815.8,HOLD_CLOSED,1.0,0.98611,0.01389,1.0,0.99133,0.00867
1,1069,23840.0,HOLD_CLOSED,1.0,0.98611,0.01389,1.0,0.99307,0.00693
1,1070,23858.4,HOLD_CLOSED,1.0,0.98958,0.01042,1.0,0.9948,0.0052
1,1071,23878.4,HOLD_CLOSED,1.0,1.0,0.0,1.0,0.99307,0.00693
1,1072,23899.1,HOLD_CLOSED,1.0,0.99306,0.00694,1.0,0.99307,0.00693
1,1073,23920.3,HOLD_CLOSED,1.0,0.99653,0.00347,1.0,0.99307,0.00693
1,1074,23942.8,HOLD_CLOSED,1.0,0.99306,0.00694,1.0,0.9948,0.0052
1,1075,23963.5,HOLD_CLOSED,1.0,0.99306,0.00694,1.0,0.99307,0.00693
1,1076,23983.9,HOLD_CLOSED,1.0,0.99479,0.00521,1.0,0.99307,0.00693
1,1077,24004.5,HOLD_CLOSED,1.0,0.99306,0.00694,1.0,0.99307,0.00693
1,1078,24025.8,HOLD_CLOSED,1.0,0.99479,0.00521,1.0,0.99133,0.00867
1,1079,24047.1,HOLD_CLOSED,1.0,0.99479,0.00521,1.0,0.99653,0.00347
1,1080,24067.5,HOLD_CLOSED,1.0,0.99306,0.00694,1.0,0.99307,0.00693
1,1081,24085.2,HOLD_CLOSED,1.0,0.99479,0.00521,1.0,0.99653,0.00347
1,1082,24106.9,HOLD_CLOSED,1.0,0.99479,0.00521,1.0,0.99307,0.00693
1,1083,24128.2,HOLD_CLOSED,1.0,0.99306,0.00694,1.0,0.99307,0.00693
1,1084,24150.1,HOLD_CLOSED,1.0,0.99306,0.00694,1.0,0.99307,0.00693
1,1085,24172.1,HOLD_CLOSED,1.0,0.99306,0.00694,1.0,0.9948,0.0052
1,1086,24193.0,HOLD_CLOSED,1.0,0.99132,0.00868,1.0,0.99307,0.00693
1,1087,24213.4,HOLD_CLOSED,1.0,0.99306,0.00694,1.0,0.9948,0.0052
1,1088,24234.1,HOLD_CLOSED,1.0,0.99306,0.00694,1.0,0.99307,0.00693
1,1089,24255.8,HOLD_CLOSED,1.0,0.99132,0.00868,1.0,0.99133,0.00867
1,1090,24274.9,HOLD_CLOSED,1.0,0.99479,0.00521,1.0,0.9948,0.0052
1,1091,24297.9,HOLD_CLOSED,1.0,0.99479,0.00521,1.0,0.9948,0.0052
1,1092,24317.7,HOLD_CLOSED,1.0,0.99479,0.00521,1.0,0.99653,0.00347
1,1093,24334.4,HOLD_CLOSED,1.0,0.99479,0.00521,1.0,0.99307,0.00693
1,1094,24357.4,HOLD_CLOSED,1.0,0.99306,0.00694,1.0,0.99133,0.00867
1,1095,24377.7,HOLD_CLOSED,1.0,0.99132,0.00868,1.0,0.9948,0.0052
1,1096,24398.0,HOLD_CLOSED,1.0,0.99132,0.00868,1.0,0.9948,0.0052
1,1097,24418.8,HOLD_CLOSED,1.0,0.99653,0.00347,1.0,0.9948,0.0052
1,1098,24438.9,HOLD_CLOSED,1.0,0.99306,0.00694,1.0,0.99307,0.00693
1,1099,24460.5,HOLD_CLOSED,1.0,0.99653,0.00347,1.0,0.99133,0.00867
1,1100,24482.4,OPEN,0.995,0.99479,0.00021,0.995,0.9948,0.0002
1,1101,24503.0,OPEN,0.99,0.99306,-0.00306,0.99,0.99307,-0.00307
1,1102,24524.2,OPEN,0.985,0.99479,-0.00979,0.985,0.99307,-0.00807
1,1103,24544.9,OPEN,0.98,0.99306,-0.01306,0.98,0.99307,-0.01307
1,1104,24565.9,OPEN,0.975,0.99479,-0.01979,0.975,0.99307,-0.01807
1,1105,24587.9,OPEN,0.97,0.99306,-0.02306,0.97,0.99133,-0.02133
1,1106,24607.9,OPEN,0.965,0.99306,-0.02806,0.965,0.9948,-0.0298
1,1107,24629.6,OPEN,0.96,0.99306,-0.03306,0.96,0.9948,-0.0348
1,1108,24649.7,OPEN,0.955,0.99306,-0.03806,0.955,0.9948,-0.0398
1,1109,24670.3,OPEN,0.95,0.99132,-0.04132,0.95,0.99653,-0.04653
1,1110,24693.2,OPEN,0.945,0.99132,-0.04632,0.945,0.99307,-0.04807
1,1111,24713.2,OPEN,0.94,0.99306,-0.05306,0.94,0.99307,-0.05307
1,1112,24736.0,OPEN,0.935,0.99306,-0.05806,0.935,0.9948,-0.0598
1,1113,24757.8,OPEN,0.93,0.99132,-0.06132,0.93,0.99653,-0.06653
1,1114,24777.0,OPEN,0.925,0.98958,-0.06458,0.925,0.99133,-0.06633
1,1115,24797.8,OPEN,0.92,0.98785,-0.06785,0.92,0.99133,-0.07133
1,1116,24817.8,OPEN,0.915,0.98264,-0.06764,0.915,0.98094,-0.06594
1,1117,24840.4,OPEN,0.91,0.9809,-0.0709,0.91,0.974,-0.064
1,1118,24860.5,OPEN,0.905,0.9809,-0.0759,0.905,0.97747,-0.07247
1,1119,24881.3,OPEN,0.9,0.97396,-0.07396,0.9,0.96534,-0.06534
1,1120,24902.3,OPEN,0.895,0.96181,-0.06681,0.895,0.96187,-0.06687
1,1121,24922.3,OPEN,0.89,0.95486,-0.06486,0.89,0.95841,-0.06841
1,1122,24941.5,OPEN,0.885,0.94792,-0.06292,0.885,0.95841,-0.07341
1,1123,24962.4,OPEN,0.88,0.94097,-0.06097,0.88,0.95147,-0.07147
1,1124,24983.1,OPEN,0.875,0.93229,-0.05729,0.875,0.94627,-0.07127
1,1125,25003.7,OPEN,0.87,0.92361,-0.05361,0.87,0.93934,-0.06934
1,1126,25024.6,OPEN,0.865,0.92188,-0.05688,0.865,0.93414,-0.06914
1,1127,25046.3,OPEN,0.86,0.91319,-0.05319,0.86,0.92548,-0.06548
1,1128,25066.8,OPEN,0.855,0.90972,-0.05472,0.855,0.91854,-0.06354
1,1129,25087.3,OPEN,0.85,0.90625,-0.05625,0.85,0.91161,-0.06161
1,1130,25108.4,OPEN,0.845,0.90104,-0.05604,0.845,0.90468,-0.05968
1,1131,25131.1,OPEN,0.84,0.89931,-0.05931,0.84,0.89428,-0.05428
1,1132,25149.8,OPEN,0.835,0.89583,-0.06083,0.835,0.88908,-0.05408
1,1133,25170.6,OPEN,0.83,0.89236,-0.06236,0.83,0.88388,-0.05388
1,1134,25192.6,OPEN,0.825,0.89062,-0.06563,0.825,0.87868,-0.05368
1,1135,25214.2,OPEN,0.82,0.88715,-0.06715,0.82,0.87348,-0.05348
1,1136,25235.7,OPEN,0.815,0.88194,-0.06694,0.815,0.86828,-0.05328
1,1137,25256.0,OPEN,0.81,0.87674,-0.06674,0.81,0.86308,-0.05308
1,1138,25275.4,OPEN,0.805,0.87326,-0.06826,0.805,0.85962,-0.05462
1,1139,25295.4,OPEN,0.8,0.87674,-0.07674,0.8,0.85615,-0.05615
1,1140,25316.5,OPEN,0.795,0.86111,-0.06611,0.795,0.85269,-0.05769
1,1141,25337.2,OPEN,0.79,0.86632,-0.07632,0.79,0.84749,-0.05749
1,1142,25357.9,OPEN,0.785,0.86111,-0.07611,0.785,0.84402,-0.05902
1,1143,25378.4,OPEN,0.78,0.85764,-0.07764,0.78,0.84229,-0.06229
1,1144,25399.8,OPEN,0.775,0.85417,-0.07917,0.775,0.83709,-0.06209
1,1145,25421.4,OPEN,0.77,0.84201,-0.07201,0.77,0.83016,-0.06016
1,1146,25443.2,OPEN,0.765,0.83507,-0.07007,0.765,0.82669,-0.06169
1,1147,25463.7,OPEN,0.76,0.82986,-0.06986,0.76,0.82322,-0.06322
1,1148,25484.0,OPEN,0.755,0.82292,-0.06792,0.755,0.81976,-0.06476
1,1149,25505.2,OPEN,0.75,0.81424,-0.06424,0.75,0.81282,-0.06282
1,1150,25525.3,OPEN,0.745,0.80903,-0.06403,0.745,0.80936,-0.06436
1,1151,25545.9,OPEN,0.74,0.80035,-0.06035,0.74,0.80416,-0.06416
1,1152,25566.6,OPEN,0.735,0.78993,-0.05493,0.735,0.79723,-0.06223
1,1153,25589.4,OPEN,0.73,0.78299,-0.05299,0.73,0.79203,-0.06203
1,1154,25610.2,OPEN,0.725,0.77778,-0.05278,0.725,0.78683,-0.06183
1,1155,25629.5,OPEN,0.72,0.77257,-0.05257,0.72,0.77643,-0.05643
1,1156,25652.8,OPEN,0.715,0.7691,-0.0541,0.715,0.77123,-0.05623
1,1157,25674.7,OPEN,0.71,0.76562,-0.05563,0.71,0.76603,-0.05603
1,1158,25693.6,OPEN,0.705,0.76042,-0.05542,0.705,0.76256,-0.05756
1,1159,25713.5,OPEN,0.7,0.75347,-0.05347,0.7,0.75563,-0.05563
1,1160,25734.5,OPEN,0.695,0.75347,-0.05847,0.695,0.75043,-0.05543
1,1161,25756.0,OPEN,0.69,0.74653,-0.05653,0.69,0.74523,-0.05523
1,1162,25776.4,OPEN,0.685,0.74132,-0.05632,0.685,0.7435,-0.0585
1,1163,25798.2,OPEN,0.68,0.73958,-0.05958,0.68,0.73484,-0.05484
1,1164,25817.6,OPEN,0.675,0.73611,-0.06111,0.675,0.7279,-0.0529
1,1165,25838.3,OPEN,0.67,0.7309,-0.0609,0.67,0.72617,-0.05617
1,1166,25858.2,OPEN,0.665,0.72743,-0.06243,0.665,0.72097,-0.05597
1,1167,25880.6,OPEN,0.66,0.72222,-0.06222,0.66,0.7175,-0.0575
1,1168,25900.8,OPEN,0.655,0.71701,-0.06201,0.655,0.71404,-0.05904
1,1169,25923.0,OPEN,0.65,0.71875,-0.06875,0.65,0.70711,-0.05711
1,1170,25943.4,OPEN,0.645,0.7066,-0.0616,0.645,0.70364,-0.05864
1,1171,25962.7,OPEN,0.64,0.70312,-0.06313,0.64,0.69844,-0.05844
1,1172,25984.6,OPEN,0.635,0.69965,-0.06465,0.635,0.69497,-0.05997
1,1173,26004.1,OPEN,0.63,0.69444,-0.06444,0.63,0.69497,-0.06497
1,1174,26025.0,OPEN,0.625,0.68924,-0.06424,0.625,0.68631,-0.06131
1,1175,26046.3,OPEN,0.62,0.69444,-0.07444,0.62,0.67764,-0.05764
1,1176,26067.8,OPEN,0.615,0.67882,-0.06382,0.615,0.67244,-0.05744
1,1177,26089.6,OPEN,0.61,0.67014,-0.06014,0.61,0.66898,-0.05898
1,1178,26109.9,OPEN,0.605,0.66319,-0.05819,0.605,0.66205,-0.05705
1,1179,26131.3,OPEN,0.6,0.66493,-0.06493,0.6,0.65511,-0.05511
1,1180,26151.6,OPEN,0.595,0.65451,-0.05951,0.595,0.64991,-0.05491
1,1181,26172.9,OPEN,0.59,0.64757,-0.05757,0.59,0.64471,-0.05471
1,1182,26192.4,OPEN,0.585,0.6441,-0.0591,0.585,0.64818,-0.06318
1,1183,26214.2,OPEN,0.58,0.64236,-0.06236,0.58,0.63605,-0.05605
1,1184,26234.2,OPEN,0.575,0.63194,-0.05694,0.575,0.63085,-0.05585
1,1185,26255.0,OPEN,0.57,0.625,-0.055,0.57,0.62218,-0.05218
1,1186,26276.4,OPEN,0.565,0.62153,-0.05653,0.565,0.61698,-0.05198
1,1187,26298.0,OPEN,0.56,0.61632,-0.05632,0.56,0.61179,-0.05179
1,1188,26318.2,OPEN,0.555,0.61285,-0.05785,0.555,0.60659,-0.05159
1,1189,26339.0,OPEN,0.55,0.60764,-0.05764,0.55,0.60312,-0.05312
1,1190,26359.4,OPEN,0.545,0.60243,-0.05743,0.545,0.60312,-0.05812
1,1191,26382.2,OPEN,0.54,0.59722,-0.05722,0.54,0.59792,-0.05792
1,1192,26402.0,OPEN,0.535,0.59375,-0.05875,0.535,0.59272,-0.05772
1,1193,26422.9,OPEN,0.53,0.58854,-0.05854,0.53,0.58579,-0.05579
1,1194,26442.7,OPEN,0.525,0.58681,-0.06181,0.525,0.58232,-0.05732
1,1195,26463.0,OPEN,0.52,0.57639,-0.05639,0.52,0.57539,-0.05539
1,1196,26483.0,OPEN,0.515,0.57639,-0.06139,0.515,0.57366,-0.05866
1,1197,26504.5,OPEN,0.51,0.57118,-0.06118,0.51,0.56672,-0.05672
1,1198,26526.2,OPEN,0.505,0.56597,-0.06097,0.505,0.56846,-0.06346
1,1199,26547.9,OPEN,0.5,0.56076,-0.06076,0.5,0.55806,-0.05806
1,1200,26567.9,OPEN,0.495,0.55382,-0.05882,0.495,0.55113,-0.05613
1,1201,26590.3,OPEN,0.49,0.54861,-0.05861,0.49,0.54593,-0.05593
1,1202,26608.6,OPEN,0.485,0.5434,-0.0584,0.485,0.54246,-0.05746
1,1203,26631.0,OPEN,0.48,0.53993,-0.05993,0.48,0.53726,-0.05726
1,1204,26651.7,OPEN,0.475,0.53646,-0.06146,0.475,0.53206,-0.05706
1,1205,26672.7,OPEN,0.47,0.52951,-0.05951,0.47,0.5286,-0.0586
1,1206,26693.2,OPEN,0.465,0.5191,-0.0541,0.465,0.5286,-0.0636
1,1207,26713.5,OPEN,0.46,0.51389,-0.05389,0.46,0.513,-0.053
1,1208,26733.8,OPEN,0.455,0.50521,-0.05021,0.455,0.5026,-0.0476
1,1209,26754.3,OPEN,0.45,0.49306,-0.04306,0.45,0.49567,-0.04567
1,1210,26777.1,OPEN,0.445,0.48785,-0.04285,0.445,0.48527,-0.04027
1,1211,26796.0,OPEN,0.44,0.48611,-0.04611,0.44,0.4818,-0.0418
1,1212,26817.7,OPEN,0.435,0.48438,-0.04938,0.435,0.47834,-0.04334
1,1213,26837.5,OPEN,0.43,0.48264,-0.05264,0.43,0.47487,-0.04487
1,1214,26858.1,OPEN,0.425,0.4809,-0.0559,0.425,0.47314,-0.04814
1,1215,26878.9,OPEN,0.42,0.47743,-0.05743,0.42,0.46967,-0.04967
1,1216,26901.7,OPEN,0.415,0.48264,-0.06764,0.415,0.46794,-0.05294
1,1217,26921.5,OPEN,0.41,0.47743,-0.06743,0.41,0.46274,-0.05274
1,1218,26941.9,OPEN,0.405,0.47396,-0.06896,0.405,0.46274,-0.05774
1,1219,26963.8,OPEN,0.4,0.46354,-0.06354,0.4,0.45754,-0.05754
1,1220,26983.4,OPEN,0.395,0.45833,-0.06333,0.395,0.45234,-0.05734
1,1221,27006.5,OPEN,0.39,0.45312,-0.06313,0.39,0.45234,-0.06234
1,1222,27026.2,OPEN,0.385,0.44792,-0.06292,0.385,0.44367,-0.05867
1,1223,27046.4,OPEN,0.38,0.44271,-0.06271,0.38,0.43847,-0.05847
1,1224,27071.1,OPEN,0.375,0.43576,-0.06076,0.375,0.43501,-0.06001
1,1225,27090.2,OPEN,0.37,0.43403,-0.06403,0.37,0.42808,-0.05808
1,1226,27112.4,OPEN,0.365,0.42188,-0.05688,0.365,0.42114,-0.05614
1,1227,27129.8,OPEN,0.36,0.42014,-0.06014,0.36,0.41594,-0.05594
1,1228,27151.4,OPEN,0.355,0.41146,-0.05646,0.355,0.40728,-0.05228
1,1229,27172.3,OPEN,0.35,0.40625,-0.05625,0.35,0.40208,-0.05208
1,1230,27192.7,OPEN,0.345,0.39931,-0.05431,0.345,0.39515,-0.05015
1,1231,27215.1,OPEN,0.34,0.39583,-0.05583,0.34,0.38821,-0.04821
1,1232,27233.5,OPEN,0.335,0.38889,-0.05389,0.335,0.38128,-0.04628
1,1233,27256.0,OPEN,0.33,0.38368,-0.05368,0.33,0.37608,-0.04608
1,1234,27274.9,OPEN,0.325,0.38021,-0.05521,0.325,0.37088,-0.04588
1,1235,27295.6,OPEN,0.32,0.37326,-0.05326,0.32,0.36915,-0.04915
1,1236,27317.4,OPEN,0.315,0.36806,-0.05306,0.315,0.36049,-0.04549
1,1237,27338.0,OPEN,0.31,0.36285,-0.05285,0.31,0.35702,-0.04702
1,1238,27360.2,OPEN,0.305,0.36806,-0.06306,0.305,0.35182,-0.04682
1,1239,27380.9,OPEN,0.3,0.35938,-0.05938,0.3,0.34835,-0.04835
1,1240,27400.5,OPEN,0.295,0.3559,-0.0609,0.295,0.34662,-0.05162
1,1241,27421.0,OPEN,0.29,0.35417,-0.06417,0.29,0.34142,-0.05142
1,1242,27442.0,OPEN,0.285,0.34201,-0.05701,0.285,0.33622,-0.05122
1,1243,27462.7,OPEN,0.28,0.33333,-0.05333,0.28,0.33102,-0.05102
1,1244,27485.9,OPEN,0.275,0.32986,-0.05486,0.275,0.32756,-0.05256
1,1245,27507.0,OPEN,0.27,0.32465,-0.05465,0.27,0.32236,-0.05236
1,1246,27525.7,OPEN,0.265,0.31944,-0.05444,0.265,0.32929,-0.06429
1,1247,27545.5,OPEN,0.26,0.31424,-0.05424,0.26,0.31369,-0.05369
1,1248,27568.2,OPEN,0.255,0.30729,-0.05229,0.255,0.31023,-0.05523
1,1249,27590.0,OPEN,0.25,0.30208,-0.05208,0.25,0.30156,-0.05156
1,1250,27610.8,OPEN,0.245,0.29514,-0.05014,0.245,0.29636,-0.05136
1,1251,27631.8,OPEN,0.24,0.28993,-0.04993,0.24,0.28943,-0.04943
1,1252,27651.5,OPEN,0.235,0.29167,-0.05667,0.235,0.28596,-0.05096
1,1253,27671.5,OPEN,0.23,0.28125,-0.05125,0.23,0.28076,-0.05076
1,1254,27693.5,OPEN,0.225,0.27431,-0.04931,0.225,0.27556,-0.05056
1,1255,27712.2,OPEN,0.22,0.27083,-0.05083,0.22,0.27036,-0.05036
1,1256,27734.3,OPEN,0.215,0.26389,-0.04889,0.215,0.26343,-0.04843
1,1257,27755.6,OPEN,0.21,0.26042,-0.05042,0.21,0.25997,-0.04997
1,1258,27776.2,OPEN,0.205,0.25521,-0.05021,0.205,0.25823,-0.05323
1,1259,27798.6,OPEN,0.2,0.25694,-0.05694,0.2,0.2513,-0.0513
1,1260,27818.5,OPEN,0.195,0.25174,-0.05674,0.195,0.24437,-0.04937
1,1261,27838.2,OPEN,0.19,0.24826,-0.05826,0.19,0.23917,-0.04917
1,1262,27859.0,OPEN,0.185,0.22917,-0.04417,0.185,0.23397,-0.04897
1,1263,27878.4,OPEN,0.18,0.23264,-0.05264,0.18,0.22877,-0.04877
1,1264,27900.2,OPEN,0.175,0.22917,-0.05417,0.175,0.2253,-0.0503
1,1265,27923.5,OPEN,0.17,0.22396,-0.05396,0.17,0.2201,-0.0501
1,1266,27941.6,OPEN,0.165,0.21875,-0.05375,0.165,0.2149,-0.0499
1,1267,27962.9,OPEN,0.16,0.21354,-0.05354,0.16,0.21317,-0.05317
1,1268,27985.9,OPEN,0.155,0.20833,-0.05333,0.155,0.20277,-0.04777
1,1269,28005.8,OPEN,0.15,0.20312,-0.05313,0.15,0.19757,-0.04757
1,1270,28029.3,OPEN,0.145,0.19792,-0.05292,0.145,0.19064,-0.04564
1,1271,28047.8,OPEN,0.14,0.19271,-0.05271,0.14,0.18544,-0.04544
1,1272,28068.3,OPEN,0.135,0.19097,-0.05597,0.135,0.18024,-0.04524
1,1273,28088.5,OPEN,0.13,0.18403,-0.05403,0.13,0.17504,-0.04504
1,1274,28110.8,OPEN,0.125,0.17361,-0.04861,0.125,0.16984,-0.04484
1,1275,28131.1,OPEN,0.12,0.17188,-0.05188,0.12,0.16291,-0.04291
1,1276,28153.0,OPEN,0.115,0.16146,-0.04646,0.115,0.15945,-0.04445
1,1277,28172.2,OPEN,0.11,0.15625,-0.04625,0.11,0.15425,-0.04425
1,1278,28193.4,OPEN,0.105,0.15104,-0.04604,0.105,0.15598,-0.05098
1,1279,28215.2,OPEN,0.1,0.14583,-0.04583,0.1,0.15078,-0.05078
1,1280,28234.9,OPEN,0.095,0.14062,-0.04563,0.095,0.14211,-0.04711
1,1281,28255.9,OPEN,0.09,0.14062,-0.05063,0.09,0.13692,-0.04692
1,1282,28275.5,OPEN,0.085,0.13368,-0.04868,0.085,0.13172,-0.04672
1,1283,28296.8,OPEN,0.08,0.13021,-0.05021,0.08,0.12998,-0.04998
1,1284,28317.5,OPEN,0.075,0.13194,-0.05694,0.075,0.12478,-0.04978
1,1285,28337.4,OPEN,0.07,0.12153,-0.05153,0.07,0.11958,-0.04958
1,1286,28358.1,OPEN,0.065,0.11632,-0.05132,0.065,0.11438,-0.04938
1,1287,28379.1,OPEN,0.06,0.11285,-0.05285,0.06,0.10919,-0.04919
1,1288,28400.6,OPEN,0.055,0.10764,-0.05264,0.055,0.10225,-0.04725
1,1289,28422.2,OPEN,0.05,0.10069,-0.05069,0.05,0.09705,-0.04705
1,1290,28441.8,OPEN,0.045,0.10243,-0.05743,0.045,0.09185,-0.04685
1,1291,28463.1,OPEN,0.04,0.09028,-0.05028,0.04,0.08666,-0.04666
1,1292,28483.0,OPEN,0.035,0.08507,-0.05007,0.035,0.08146,-0.04646
1,1293,28507.5,OPEN,0.03,0.07986,-0.04986,0.03,0.07279,-0.04279
1,1294,28525.9,OPEN,0.025,0.07292,-0.04792,0.025,0.07106,-0.04606
1,1295,28546.6,OPEN,0.02,0.07465,-0.05465,0.02,0.06412,-0.04412
1,1296,28567.2,OPEN,0.015,0.06424,-0.04924,0.015,0.06066,-0.04566
1,1297,28589.0,OPEN,0.01,0.05729,-0.04729,0.01,0.05546,-0.04546
1,1298,28609.7,OPEN,0.005,0.05208,-0.04708,0.005,0.05026,-0.04526
1,1299,28631.6,OPEN,0.0,0.04688,-0.04688,0.0,0.04506,-0.04506
1,1300,28638.6,HOLD_OPEN,0.0,0.04514,-0.04514,0.0,0.04506,-0.04506
1,1301,28661.3,HOLD_OPEN,0.0,0.03993,-0.03993,0.0,0.03813,-0.03813
1,1302,28681.7,HOLD_OPEN,0.0,0.03472,-0.03472,0.0,0.03986,-0.03986
1,1303,28703.3,HOLD_OPEN,0.0,0.03819,-0.03819,0.0,0.0312,-0.0312
1,1304,28723.3,HOLD_OPEN,0.0,0.02604,-0.02604,0.0,0.02426,-0.02426
1,1305,28742.7,HOLD_OPEN,0.0,0.02257,-0.02257,0.0,0.0208,-0.0208
1,1306,28765.2,HOLD_OPEN,0.0,0.0191,-0.0191,0.0,0.0156,-0.0156
1,1307,28786.8,HOLD_OPEN,0.0,0.01562,-0.01562,0.0,0.01213,-0.01213
1,1308,28807.3,HOLD_OPEN,0.0,0.01562,-0.01562,0.0,0.00693,-0.00693
1,1309,28827.7,HOLD_OPEN,0.0,0.01215,-0.01215,0.0,0.0052,-0.0052
1,1310,28849.1,HOLD_OPEN,0.0,0.01042,-0.01042,0.0,0.00347,-0.00347
1,1311,28868.3,HOLD_OPEN,0.0,0.01042,-0.01042,0.0,0.00173,-0.00173
1,1312,28888.9,HOLD_OPEN,0.0,0.00868,-0.00868,0.0,0.0,0.0
1,1313,28911.2,HOLD_OPEN,0.0,0.00868,-0.00868,0.0,0.0,0.0
1,1314,28931.9,HOLD_OPEN,0.0,0.00868,-0.00868,0.0,0.0,0.0
1,1315,28953.6,HOLD_OPEN,0.0,0.00868,-0.00868,0.0,0.0,0.0
1,1316,28971.8,HOLD_OPEN,0.0,0.00868,-0.00868,0.0,0.0,0.0
1,1317,28992.1,HOLD_OPEN,0.0,0.00868,-0.00868,0.0,0.0,0.0
1,1318,29013.1,HOLD_OPEN,0.0,0.00868,-0.00868,0.0,0.0,0.0
1,1319,29036.0,HOLD_OPEN,0.0,0.00868,-0.00868,0.0,0.0,0.0
1,1320,29054.7,HOLD_OPEN,0.0,0.00868,-0.00868,0.0,0.0,0.0
1,1321,29076.0,HOLD_OPEN,0.0,0.01215,-0.01215,0.0,0.0,0.0
1,1322,29096.6,HOLD_OPEN,0.0,0.00868,-0.00868,0.0,0.0,0.0
1,1323,29118.9,HOLD_OPEN,0.0,0.00868,-0.00868,0.0,0.0,0.0
1,1324,29139.3,HOLD_OPEN,0.0,0.00868,-0.00868,0.0,0.0,0.0
1,1325,29160.4,HOLD_OPEN,0.0,0.00868,-0.00868,0.0,0.0,0.0
1,1326,29181.0,HOLD_OPEN,0.0,0.00868,-0.00868,0.0,0.0,0.0
1,1327,29202.8,HOLD_OPEN,0.0,0.00868,-0.00868,0.0,0.0,0.0
1,1328,29226.2,HOLD_OPEN,0.0,0.01736,-0.01736,0.0,0.0,0.0
1,1329,29244.4,HOLD_OPEN,0.0,0.00868,-0.00868,0.0,0.0,0.0
1,1330,29264.5,HOLD_OPEN,0.0,0.00868,-0.00868,0.0,0.0,0.0
1,1331,29286.0,HOLD_OPEN,0.0,0.00868,-0.00868,0.0,0.0,0.0
1,1332,29305.0,HOLD_OPEN,0.0,0.00868,-0.00868,0.0,0.0,0.0
1,1333,29326.0,HOLD_OPEN,0.0,0.00694,-0.00694,0.0,0.0,0.0
1,1334,29347.9,HOLD_OPEN,0.0,0.00694,-0.00694,0.0,0.0,0.0
1,1335,29370.2,HOLD_OPEN,0.0,0.00521,-0.00521,0.0,0.0,0.0
1,1336,29389.9,HOLD_OPEN,0.0,0.00694,-0.00694,0.0,0.0,0.0
1,1337,29411.4,HOLD_OPEN,0.0,0.00347,-0.00347,0.0,0.0,0.0
1,1338,29430.9,HOLD_OPEN,0.0,0.00347,-0.00347,0.0,0.0,0.0
1,1339,29451.7,HOLD_OPEN,0.0,0.00347,-0.00347,0.0,0.0,0.0
1,1340,29472.8,HOLD_OPEN,0.0,0.00521,-0.00521,0.0,0.0,0.0
1,1341,29494.6,HOLD_OPEN,0.0,0.00347,-0.00347,0.0,0.0,0.0
1,1342,29515.0,HOLD_OPEN,0.0,0.00347,-0.00347,0.0,0.00173,-0.00173
1,1343,29536.0,HOLD_OPEN,0.0,0.00347,-0.00347,0.0,0.0,0.0
1,1344,29555.4,HOLD_OPEN,0.0,0.00347,-0.00347,0.0,0.0,0.0
1,1345,29576.8,HOLD_OPEN,0.0,0.00347,-0.00347,0.0,0.0,0.0
1,1346,29599.0,HOLD_OPEN,0.0,0.00347,-0.00347,0.0,0.0,0.0
1,1347,29618.2,HOLD_OPEN,0.0,0.00347,-0.00347,0.0,0.0,0.0
1,1348,29639.4,HOLD_OPEN,0.0,0.00347,-0.00347,0.0,0.0,0.0
1,1349,29661.0,HOLD_OPEN,0.0,0.00521,-0.00521,0.0,0.0,0.0
1,1350,29681.9,HOLD_OPEN,0.0,0.00521,-0.00521,0.0,0.0,0.0
1,1351,29702.8,HOLD_OPEN,0.0,0.00347,-0.00347,0.0,0.0,0.0
1,1352,29721.4,HOLD_OPEN,0.0,0.00521,-0.00521,0.0,0.0,0.0
1,1353,29741.5,HOLD_OPEN,0.0,0.00521,-0.00521,0.0,0.0,0.0
1,1354,29763.6,HOLD_OPEN,0.0,0.00347,-0.00347,0.0,0.0,0.0
1,1355,29786.2,HOLD_OPEN,0.0,0.00347,-0.00347,0.0,0.0,0.0
1,1356,29806.6,HOLD_OPEN,0.0,0.00347,-0.00347,0.0,0.0,0.0
1,1357,29827.9,HOLD_OPEN,0.0,0.00347,-0.00347,0.0,0.0,0.0
1,1358,29848.4,HOLD_OPEN,0.0,0.00347,-0.00347,0.0,0.0,0.0
1,1359,29866.8,HOLD_OPEN,0.0,0.00347,-0.00347,0.0,0.0,0.0
1,1360,29889.6,CLOSE_2,0.005,0.00347,0.00153,0.005,0.0,0.005
1,1361,29909.9,CLOSE_2,0.01,0.00521,0.00479,0.01,0.0,0.01
1,1362,29931.1,CLOSE_2,0.015,0.00347,0.01153,0.015,0.0,0.015
1,1363,29954.3,CLOSE_2,0.02,0.00347,0.01653,0.02,0.0,0.02
1,1364,29976.2,CLOSE_2,0.025,0.00521,0.01979,0.025,0.0,0.025
1,1365,29993.9,CLOSE_2,0.03,0.00521,0.02479,0.03,0.0,0.03
1,1366,30016.3,CLOSE_2,0.035,0.00347,0.03153,0.035,0.0,0.035
1,1367,30038.0,CLOSE_2,0.04,0.00347,0.03653,0.04,0.0,0.04
1,1368,30057.9,CLOSE_2,0.045,0.00694,0.03806,0.045,0.0,0.045
1,1369,30079.1,CLOSE_2,0.05,0.00347,0.04653,0.05,0.0,0.05
1,1370,30098.1,CLOSE_2,0.055,0.00347,0.05153,0.055,0.0,0.055
1,1371,30120.1,CLOSE_2,0.06,0.01562,0.04437,0.06,0.00173,0.05827
1,1372,30139.3,CLOSE_2,0.065,0.00868,0.05632,0.065,0.0052,0.0598
1,1373,30159.7,CLOSE_2,0.07,0.01389,0.05611,0.07,0.0104,0.0596
1,1374,30179.2,CLOSE_2,0.075,0.02083,0.05417,0.075,0.01733,0.05767
1,1375,30200.5,CLOSE_2,0.08,0.03472,0.04528,0.08,0.02426,0.05574
1,1376,30221.4,CLOSE_2,0.085,0.03993,0.04507,0.085,0.03986,0.04514
1,1377,30243.8,CLOSE_2,0.09,0.04861,0.04139,0.09,0.03986,0.05014
1,1378,30264.5,CLOSE_2,0.095,0.05729,0.03771,0.095,0.05199,0.04301
1,1379,30285.7,CLOSE_2,0.1,0.07118,0.02882,0.1,0.05719,0.04281
1,1380,30306.4,CLOSE_2,0.105,0.07639,0.02861,0.105,0.06412,0.04088
1,1381,30327.2,CLOSE_2,0.11,0.08681,0.02319,0.11,0.07626,0.03374
1,1382,30347.5,CLOSE_2,0.115,0.09201,0.02299,0.115,0.08146,0.03354
1,1383,30369.0,CLOSE_2,0.12,0.09722,0.02278,0.12,0.09012,0.02988
1,1384,30391.3,CLOSE_2,0.125,0.10417,0.02083,0.125,0.10052,0.02448
1,1385,30412.4,CLOSE_2,0.13,0.10938,0.02063,0.13,0.10919,0.02081
1,1386,30432.6,CLOSE_2,0.135,0.11285,0.02215,0.135,0.11612,0.01888
1,1387,30453.3,CLOSE_2,0.14,0.11632,0.02368,0.14,0.12132,0.01868
1,1388,30473.2,CLOSE_2,0.145,0.11979,0.02521,0.145,0.12998,0.01502
1,1389,30494.0,CLOSE_2,0.15,0.12153,0.02847,0.15,0.13345,0.01655
1,1390,30515.9,CLOSE_2,0.155,0.125,0.03,0.155,0.13692,0.01808
1,1391,30537.6,CLOSE_2,0.16,0.13542,0.02458,0.16,0.14038,0.01962
1,1392,30557.4,CLOSE_2,0.165,0.12847,0.03653,0.165,0.14385,0.02115
1,1393,30580.8,CLOSE_2,0.17,0.13021,0.03979,0.17,0.14558,0.02442
1,1394,30599.2,CLOSE_2,0.175,0.13368,0.04132,0.175,0.14731,0.02769
1,1395,30620.9,CLOSE_2,0.18,0.13715,0.04285,0.18,0.15078,0.02922
1,1396,30642.0,CLOSE_2,0.185,0.14757,0.03743,0.185,0.14905,0.03595
1,1397,30663.8,CLOSE_2,0.19,0.14757,0.04243,0.19,0.14905,0.04095
1,1398,30681.4,CLOSE_2,0.195,0.15625,0.03875,0.195,0.14905,0.04595
1,1399,30704.2,CLOSE_2,0.2,0.16146,0.03854,0.2,0.15078,0.04922
1,1400,30724.1,CLOSE_2,0.205,0.17188,0.03313,0.205,0.15251,0.05249
1,1401,30744.0,CLOSE_2,0.21,0.17361,0.03639,0.21,0.15598,0.05402
1,1402,30765.1,CLOSE_2,0.215,0.18056,0.03444,0.215,0.16118,0.05382
1,1403,30787.1,CLOSE_2,0.22,0.1875,0.0325,0.22,0.16291,0.05709
1,1404,30806.5,CLOSE_2,0.225,0.19444,0.03056,0.225,0.16984,0.05516
1,1405,30828.1,CLOSE_2,0.23,0.19965,0.03035,0.23,0.18024,0.04976
1,1406,30849.2,CLOSE_2,0.235,0.20312,0.03188,0.235,0.18544,0.04956
1,1407,30869.6,CLOSE_2,0.24,0.20833,0.03167,0.24,0.19411,0.04589
1,1408,30890.9,CLOSE_2,0.245,0.21354,0.03146,0.245,0.20104,0.04396
1,1409,30911.4,CLOSE_2,0.25,0.21701,0.03299,0.25,0.20797,0.04203
1,1410,30931.7,CLOSE_2,0.255,0.22049,0.03451,0.255,0.2149,0.0401
1,1411,30952.5,CLOSE_2,0.26,0.22569,0.03431,0.26,0.22184,0.03816
1,1412,30973.0,CLOSE_2,0.265,0.22917,0.03583,0.265,0.22877,0.03623
1,1413,30995.6,CLOSE_2,0.27,0.23438,0.03563,0.27,0.2357,0.0343
1,1414,31016.7,CLOSE_2,0.275,0.23958,0.03542,0.275,0.2409,0.0341
1,1415,31036.5,CLOSE_2,0.28,0.24306,0.03694,0.28,0.2513,0.0287
1,1416,31057.0,CLOSE_2,0.285,0.25347,0.03153,0.285,0.2513,0.0337
1,1417,31078.3,CLOSE_2,0.29,0.25347,0.03653,0.29,0.25823,0.03177
1,1418,31098.3,CLOSE_2,0.295,0.25694,0.03806,0.295,0.26343,0.03157
1,1419,31120.8,CLOSE_2,0.3,0.2691,0.0309,0.3,0.27036,0.02964
1,1420,31140.8,CLOSE_2,0.305,0.27431,0.03069,0.305,0.27383,0.03117
1,1421,31161.7,CLOSE_2,0.31,0.27604,0.03396,0.31,0.27903,0.03097
1,1422,31183.5,CLOSE_2,0.315,0.28125,0.03375,0.315,0.2825,0.0325
1,1423,31204.4,CLOSE_2,0.32,0.29167,0.02833,0.32,0.29116,0.02884
1,1424,31224.3,CLOSE_2,0.325,0.2934,0.0316,0.325,0.29116,0.03384
1,1425,31244.1,CLOSE_2,0.33,0.30035,0.02965,0.33,0.29463,0.03537
1,1426,31264.8,CLOSE_2,0.335,0.30556,0.02944,0.335,0.30156,0.03344
1,1427,31285.0,CLOSE_2,0.34,0.30903,0.03097,0.34,0.30329,0.03671
1,1428,31306.3,CLOSE_2,0.345,0.31424,0.03076,0.345,0.30849,0.03651
1,1429,31327.3,CLOSE_2,0.35,0.31944,0.03056,0.35,0.30676,0.04324
1,1430,31348.9,CLOSE_2,0.355,0.32292,0.03208,0.355,0.30849,0.04651
1,1431,31369.8,CLOSE_2,0.36,0.32465,0.03535,0.36,0.31196,0.04804
1,1432,31389.8,CLOSE_2,0.365,0.32465,0.04035,0.365,0.31889,0.04611
1,1433,31410.9,CLOSE_2,0.37,0.32812,0.04188,0.37,0.32582,0.04418
1,1434,31433.3,CLOSE_2,0.375,0.33507,0.03993,0.375,0.33102,0.04398
1,1435,31452.3,CLOSE_2,0.38,0.33854,0.04146,0.38,0.33969,0.04031
1,1436,31473.7,CLOSE_2,0.385,0.34549,0.03951,0.385,0.34662,0.03838
1,1437,31495.3,CLOSE_2,0.39,0.35243,0.03757,0.39,0.35355,0.03645
1,1438,31515.0,CLOSE_2,0.395,0.35938,0.03563,0.395,0.36049,0.03451
1,1439,31535.3,CLOSE_2,0.4,0.37153,0.02847,0.4,0.36742,0.03258
1,1440,31557.5,CLOSE_2,0.405,0.37153,0.03347,0.405,0.37262,0.03238
1,1441,31578.4,CLOSE_2,0.41,0.37847,0.03153,0.41,0.37955,0.03045
1,1442,31600.3,CLOSE_2,0.415,0.38542,0.02958,0.415,0.38648,0.02852
1,1443,31619.4,CLOSE_2,0.42,0.3941,0.0259,0.42,0.38995,0.03005
1,1444,31640.9,CLOSE_2,0.425,0.39757,0.02743,0.425,0.39688,0.02812
1,1445,31662.0,CLOSE_2,0.43,0.40625,0.02375,0.43,0.40555,0.02445
1,1446,31682.5,CLOSE_2,0.435,0.40972,0.02528,0.435,0.40555,0.02945
1,1447,31703.3,CLOSE_2,0.44,0.41493,0.02507,0.44,0.41075,0.02925
1,1448,31722.1,CLOSE_2,0.445,0.42188,0.02313,0.445,0.41421,0.03079
1,1449,31744.5,CLOSE_2,0.45,0.42361,0.02639,0.45,0.42114,0.02886
1,1450,31764.6,CLOSE_2,0.455,0.42708,0.02792,0.455,0.42461,0.03039
1,1451,31785.7,CLOSE_2,0.46,0.43229,0.02771,0.46,0.42981,0.03019
1,1452,31807.9,CLOSE_2,0.465,0.43576,0.02924,0.465,0.43154,0.03346
1,1453,31827.9,CLOSE_2,0.47,0.44097,0.02903,0.47,0.43674,0.03326
1,1454,31848.9,CLOSE_2,0.475,0.44444,0.03056,0.475,0.44021,0.03479
1,1455,31870.8,CLOSE_2,0.48,0.44792,0.03208,0.48,0.44541,0.03459
1,1456,31891.0,CLOSE_2,0.485,0.45312,0.03188,0.485,0.44887,0.03613
1,1457,31911.7,CLOSE_2,0.49,0.4566,0.0334,0.49,0.45234,0.03766
1,1458,31931.5,CLOSE_2,0.495,0.46354,0.03146,0.495,0.45754,0.03746
1,1459,31951.8,CLOSE_2,0.5,0.47049,0.02951,0.5,0.46101,0.03899
1,1460,31974.9,CLOSE_2,0.505,0.47222,0.03278,0.505,0.4662,0.0388
1,1461,31994.8,CLOSE_2,0.51,0.47917,0.03083,0.51,0.4714,0.0386
1,1462,32015.6,CLOSE_2,0.515,0.48264,0.03236,0.515,0.4766,0.0384
1,1463,32038.1,CLOSE_2,0.52,0.49132,0.02868,0.52,0.47834,0.04166
1,1464,32057.7,CLOSE_2,0.525,0.49653,0.02847,0.525,0.48527,0.03973
1,1465,32078.3,CLOSE_2,0.53,0.50521,0.02479,0.53,0.4974,0.0326
1,1466,32098.2,CLOSE_2,0.535,0.51215,0.02285,0.535,0.5078,0.0272
1,1467,32119.1,CLOSE_2,0.54,0.52431,0.01569,0.54,0.51473,0.02527
1,1468,32142.5,CLOSE_2,0.545,0.53125,0.01375,0.545,0.52513,0.01987
1,1469,32162.6,CLOSE_2,0.55,0.53472,0.01528,0.55,0.5286,0.0214
1,1470,32183.0,CLOSE_2,0.555,0.53646,0.01854,0.555,0.52513,0.02987
1,1471,32203.9,CLOSE_2,0.56,0.53993,0.02007,0.56,0.53206,0.02794
1,1472,32223.6,CLOSE_2,0.565,0.53993,0.02507,0.565,0.54073,0.02427
1,1473,32245.5,CLOSE_2,0.57,0.54167,0.02833,0.57,0.53899,0.03101
1,1474,32265.9,CLOSE_2,0.575,0.55382,0.02118,0.575,0.54246,0.03254
1,1475,32286.4,CLOSE_2,0.58,0.55208,0.02792,0.58,0.54593,0.03407
1,1476,32307.4,CLOSE_2,0.585,0.55035,0.03465,0.585,0.54939,0.03561
1,1477,32327.1,CLOSE_2,0.59,0.55382,0.03618,0.59,0.55286,0.03714
1,1478,32348.5,CLOSE_2,0.595,0.55729,0.03771,0.595,0.55806,0.03694
1,1479,32369.0,CLOSE_2,0.6,0.56076,0.03924,0.6,0.56153,0.03847
1,1480,32390.5,CLOSE_2,0.605,0.56597,0.03903,0.605,0.56499,0.04001
1,1481,32410.5,CLOSE_2,0.61,0.57118,0.03882,0.61,0.57192,0.03808
1,1482,32431.2,CLOSE_2,0.615,0.57812,0.03688,0.615,0.57539,0.03961
1,1483,32453.1,CLOSE_2,0.62,0.58854,0.03146,0.62,0.58232,0.03768
1,1484,32472.9,CLOSE_2,0.625,0.59201,0.03299,0.625,0.58752,0.03748
1,1485,32496.7,CLOSE_2,0.63,0.59375,0.03625,0.63,0.59619,0.03381
1,1486,32514.6,CLOSE_2,0.635,0.6059,0.0291,0.635,0.60139,0.03361
1,1487,32536.5,CLOSE_2,0.64,0.6059,0.0341,0.64,0.60832,0.03168
1,1488,32557.9,CLOSE_2,0.645,0.60938,0.03563,0.645,0.61525,0.02975
1,1489,32578.5,CLOSE_2,0.65,0.61806,0.03194,0.65,0.62045,0.02955
1,1490,32599.9,CLOSE_2,0.655,0.62847,0.02653,0.655,0.62565,0.02935
1,1491,32621.1,CLOSE_2,0.66,0.63021,0.02979,0.66,0.63605,0.02395
1,1492,32641.9,CLOSE_2,0.665,0.64062,0.02438,0.665,0.64298,0.02202
1,1493,32660.8,CLOSE_2,0.67,0.64062,0.02938,0.67,0.64298,0.02702
1,1494,32681.6,CLOSE_2,0.675,0.64757,0.02743,0.675,0.64645,0.02855
1,1495,32704.0,CLOSE_2,0.68,0.65104,0.02896,0.68,0.64991,0.03009
1,1496,32722.7,CLOSE_2,0.685,0.65799,0.02701,0.685,0.65338,0.03162
1,1497,32743.1,CLOSE_2,0.69,0.66146,0.02854,0.69,0.65858,0.03142
1,1498,32764.3,CLOSE_2,0.695,0.66667,0.02833,0.695,0.66031,0.03469
1,1499,32786.6,CLOSE_2,0.7,0.67014,0.02986,0.7,0.66551,0.03449
1,1500,32807.7,CLOSE_2,0.705,0.67535,0.02965,0.705,0.66898,0.03602
1,1501,32828.4,CLOSE_2,0.71,0.67882,0.03118,0.71,0.67764,0.03236
1,1502,32850.3,CLOSE_2,0.715,0.68576,0.02924,0.715,0.67591,0.03909
1,1503,32868.8,CLOSE_2,0.72,0.69097,0.02903,0.72,0.68284,0.03716
1,1504,32889.9,CLOSE_2,0.725,0.69444,0.03056,0.725,0.68804,0.03696
1,1505,32911.7,CLOSE_2,0.73,0.70486,0.02514,0.73,0.69324,0.03676
1,1506,32931.8,CLOSE_2,0.735,0.70833,0.02667,0.735,0.69671,0.03829
1,1507,32952.8,CLOSE_2,0.74,0.71007,0.02993,0.74,0.70537,0.03463
1,1508,32974.3,CLOSE_2,0.745,0.71354,0.03146,0.745,0.71057,0.03443
1,1509,32994.2,CLOSE_2,0.75,0.71875,0.03125,0.75,0.71577,0.03423
1,1510,33017.5,CLOSE_2,0.755,0.72569,0.02931,0.755,0.72097,0.03403
1,1511,33037.8,CLOSE_2,0.76,0.7309,0.0291,0.76,0.7279,0.0321
1,1512,33058.5,CLOSE_2,0.765,0.73785,0.02715,0.765,0.7331,0.0319
1,1513,33079.6,CLOSE_2,0.77,0.74479,0.02521,0.77,0.7383,0.0317
1,1514,33099.7,CLOSE_2,0.775,0.74479,0.03021,0.775,0.74523,0.02977
1,1515,33119.1,CLOSE_2,0.78,0.74826,0.03174,0.78,0.74697,0.03303
1,1516,33140.0,CLOSE_2,0.785,0.75521,0.02979,0.785,0.7487,0.0363
1,1517,33162.4,CLOSE_2,0.79,0.76215,0.02785,0.79,0.75737,0.03263
1,1518,33183.1,CLOSE_2,0.795,0.76215,0.03285,0.795,0.76256,0.03244
1,1519,33203.1,CLOSE_2,0.8,0.7691,0.0309,0.8,0.76603,0.03397
1,1520,33223.3,CLOSE_2,0.805,0.77257,0.03243,0.805,0.7695,0.0355
1,1521,33244.9,CLOSE_2,0.81,0.77778,0.03222,0.81,0.77816,0.03184
1,1522,33265.4,CLOSE_2,0.815,0.78299,0.03201,0.815,0.7799,0.0351
1,1523,33285.0,CLOSE_2,0.82,0.79167,0.02833,0.82,0.7851,0.0349
1,1524,33305.8,CLOSE_2,0.825,0.79514,0.02986,0.825,0.79203,0.03297
1,1525,33326.7,CLOSE_2,0.83,0.79688,0.03313,0.83,0.79896,0.03104
1,1526,33347.3,CLOSE_2,0.835,0.80382,0.03118,0.835,0.80243,0.03257
1,1527,33369.1,CLOSE_2,0.84,0.80903,0.03097,0.84,0.80416,0.03584
1,1528,33391.7,CLOSE_2,0.845,0.81424,0.03076,0.845,0.80936,0.03564
1,1529,33412.3,CLOSE_2,0.85,0.81944,0.03056,0.85,0.81456,0.03544
1,1530,33432.8,CLOSE_2,0.855,0.82118,0.03382,0.855,0.81976,0.03524
1,1531,33452.8,CLOSE_2,0.86,0.82639,0.03361,0.86,0.82669,0.03331
1,1532,33474.9,CLOSE_2,0.865,0.83333,0.03167,0.865,0.83016,0.03484
1,1533,33496.1,CLOSE_2,0.87,0.84028,0.02972,0.87,0.83882,0.03118
1,1534,33515.5,CLOSE_2,0.875,0.84549,0.02951,0.875,0.84749,0.02751
1,1535,33537.0,CLOSE_2,0.88,0.84722,0.03278,0.88,0.85269,0.02731
1,1536,33559.8,CLOSE_2,0.885,0.86458,0.02042,0.885,0.85789,0.02711
1,1537,33579.9,CLOSE_2,0.89,0.86458,0.02542,0.89,0.86655,0.02345
1,1538,33599.6,CLOSE_2,0.895,0.86458,0.03042,0.895,0.87002,0.02498
1,1539,33620.0,CLOSE_2,0.9,0.87153,0.02847,0.9,0.87002,0.02998
1,1540,33639.0,CLOSE_2,0.905,0.875,0.03,0.905,0.87695,0.02805
1,1541,33660.3,CLOSE_2,0.91,0.87847,0.03153,0.91,0.88042,0.02958
1,1542,33681.8,CLOSE_2,0.915,0.89062,0.02438,0.915,0.88562,0.02938
1,1543,33703.8,CLOSE_2,0.92,0.88715,0.03285,0.92,0.88908,0.03092
1,1544,33724.5,CLOSE_2,0.925,0.89236,0.03264,0.925,0.89255,0.03245
1,1545,33745.3,CLOSE_2,0.93,0.89583,0.03417,0.93,0.90295,0.02705
1,1546,33765.2,CLOSE_2,0.935,0.90104,0.03396,0.935,0.90468,0.03032
1,1547,33787.2,CLOSE_2,0.94,0.90451,0.03549,0.94,0.90641,0.03359
1,1548,33808.3,CLOSE_2,0.945,0.9184,0.0266,0.945,0.91161,0.03339
1,1549,33829.0,CLOSE_2,0.95,0.92361,0.02639,0.95,0.91508,0.03492
1,1550,33849.8,CLOSE_2,0.955,0.92882,0.02618,0.955,0.92028,0.03472
1,1551,33869.3,CLOSE_2,0.96,0.92882,0.03118,0.96,0.92548,0.03452
1,1552,33889.8,CLOSE_2,0.965,0.94097,0.02403,0.965,0.93241,0.03259
1,1553,33911.0,CLOSE_2,0.97,0.93576,0.03424,0.97,0.93761,0.03239
1,1554,33931.4,CLOSE_2,0.975,0.93576,0.03924,0.975,0.94107,0.03393
1,1555,33953.2,CLOSE_2,0.98,0.94792,0.03208,0.98,0.94627,0.03373
1,1556,33973.0,CLOSE_2,0.985,0.95139,0.03361,0.985,0.95321,0.03179
1,1557,33995.0,CLOSE_2,0.99,0.95486,0.03514,0.99,0.95841,0.03159
1,1558,34015.9,CLOSE_2,0.995,0.95833,0.03667,0.995,0.96187,0.03313
1,1559,34037.4,CLOSE_2,1.0,0.96181,0.03819,1.0,0.97227,0.02773
1,1560,34044.3,HOLD_2,1.0,0.96354,0.03646,1.0,0.97227,0.02773
1,1561,34066.1,HOLD_2,1.0,0.97049,0.02951,1.0,0.97747,0.02253
1,1562,34087.3,HOLD_2,1.0,0.97049,0.02951,1.0,0.98094,0.01906
1,1563,34107.7,HOLD_2,1.0,0.9809,0.0191,1.0,0.98614,0.01386
1,1564,34129.4,HOLD_2,1.0,0.97569,0.02431,1.0,0.9844,0.0156
1,1565,34150.0,HOLD_2,1.0,0.98611,0.01389,1.0,0.98787,0.01213
1,1566,34168.8,HOLD_2,1.0,0.97743,0.02257,1.0,0.98614,0.01386
1,1567,34191.0,HOLD_2,1.0,0.97569,0.02431,1.0,0.98614,0.01386
1,1568,34212.8,HOLD_2,1.0,0.97569,0.02431,1.0,0.98614,0.01386
1,1569,34232.7,HOLD_2,1.0,0.97743,0.02257,1.0,0.98614,0.01386
1,1570,34253.8,HOLD_2,1.0,0.97396,0.02604,1.0,0.98614,0.01386
1,1571,34275.8,HOLD_2,1.0,0.97743,0.02257,1.0,0.9844,0.0156
1,1572,34295.9,HOLD_2,1.0,0.97569,0.02431,1.0,0.98787,0.01213
1,1573,34314.8,HOLD_2,1.0,0.97743,0.02257,1.0,0.98787,0.01213
1,1574,34337.7,HOLD_2,1.0,0.97569,0.02431,1.0,0.98787,0.01213
1,1575,34357.1,HOLD_2,1.0,0.97396,0.02604,1.0,0.98787,0.01213
1,1576,34378.3,HOLD_2,1.0,0.97743,0.02257,1.0,0.98787,0.01213
1,1577,34399.3,HOLD_2,1.0,0.97743,0.02257,1.0,0.98614,0.01386
1,1578,34419.6,HOLD_2,1.0,0.97743,0.02257,1.0,0.98614,0.01386
1,1579,34438.6,HOLD_2,1.0,0.97569,0.02431,1.0,0.98787,0.01213
1,1580,34459.6,HOLD_2,1.0,0.9809,0.0191,1.0,0.98787,0.01213
1,1581,34480.5,HOLD_2,1.0,0.9809,0.0191,1.0,0.98787,0.01213
1,1582,34502.2,HOLD_2,1.0,0.98438,0.01562,1.0,0.98614,0.01386
1,1583,34524.6,HOLD_2,1.0,0.98438,0.01562,1.0,0.98614,0.01386
1,1584,34544.7,HOLD_2,1.0,0.98785,0.01215,1.0,0.98614,0.01386
1,1585,34566.1,HOLD_2,1.0,0.98958,0.01042,1.0,0.9896,0.0104
1,1586,34587.2,HOLD_2,1.0,0.99132,0.00868,1.0,0.99133,0.00867
1,1587,34608.2,HOLD_2,1.0,0.98958,0.01042,1.0,0.9896,0.0104
1,1588,34628.1,HOLD_2,1.0,0.99479,0.00521,1.0,1.0,0.0
1,1589,34648.8,HOLD_2,1.0,0.99479,0.00521,1.0,0.99133,0.00867
1,1590,34671.8,HOLD_2,1.0,0.99306,0.00694,1.0,0.99133,0.00867
1,1591,34690.0,HOLD_2,1.0,0.99132,0.00868,1.0,0.99133,0.00867
1,1592,34712.2,HOLD_2,1.0,0.99132,0.00868,1.0,0.9948,0.0052
1,1593,34733.8,HOLD_2,1.0,0.99132,0.00868,1.0,0.9948,0.0052
1,1594,34754.1,HOLD_2,1.0,0.99306,0.00694,1.0,0.99307,0.00693
1,1595,34775.5,HOLD_2,1.0,0.99479,0.00521,1.0,0.99133,0.00867
1,1596,34795.4,HOLD_2,1.0,0.99479,0.00521,1.0,0.99307,0.00693
1,1597,34816.6,HOLD_2,1.0,0.99479,0.00521,1.0,0.99307,0.00693
1,1598,34837.3,HOLD_2,1.0,0.99306,0.00694,1.0,0.99307,0.00693
1,1599,34858.3,HOLD_2,1.0,0.99306,0.00694,1.0,0.99307,0.00693
1,1600,34878.4,HOLD_2,1.0,0.99479,0.00521,1.0,0.9948,0.0052
1,1601,34899.6,HOLD_2,1.0,0.99306,0.00694,1.0,0.99307,0.00693
1,1602,34920.6,HOLD_2,1.0,0.99306,0.00694,1.0,0.99307,0.00693
1,1603,34940.6,HOLD_2,1.0,0.99479,0.00521,1.0,0.99307,0.00693
1,1604,34961.9,HOLD_2,1.0,0.99479,0.00521,1.0,0.99307,0.00693
1,1605,34982.3,HOLD_2,1.0,0.99306,0.00694,1.0,0.99307,0.00693
1,1606,35003.2,HOLD_2,1.0,0.99479,0.00521,1.0,0.99133,0.00867
1,1607,35024.7,HOLD_2,1.0,0.99306,0.00694,1.0,0.99307,0.00693
1,1608,35044.6,HOLD_2,1.0,0.99653,0.00347,1.0,0.99307,0.00693
1,1609,35066.3,HOLD_2,1.0,0.99306,0.00694,1.0,0.99307,0.00693
1,1610,35085.8,HOLD_2,1.0,0.99479,0.00521,1.0,0.99307,0.00693
1,1611,35108.3,HOLD_2,1.0,0.99306,0.00694,1.0,0.99307,0.00693
1,1612,35130.1,HOLD_2,1.0,0.99306,0.00694,1.0,0.99133,0.00867
1,1613,35150.5,HOLD_2,1.0,0.99306,0.00694,1.0,0.99307,0.00693
1,1614,35171.0,HOLD_2,1.0,0.99132,0.00868,1.0,0.99307,0.00693
1,1615,35191.6,HOLD_2,1.0,0.99132,0.00868,1.0,0.99307,0.00693
1,1616,35212.3,HOLD_2,1.0,0.99479,0.00521,1.0,0.99133,0.00867
1,1617,35234.0,HOLD_2,1.0,0.99132,0.00868,1.0,0.99307,0.00693
1,1618,35254.9,HOLD_2,1.0,0.99479,0.00521,1.0,0.99307,0.00693
1,1619,35274.7,HOLD_2,1.0,0.99306,0.00694,1.0,0.99133,0.00867
2,1620,36099.4,SETTLE,0.0,0.59375,-0.59375,0.0,0.58579,-0.58579
2,1621,36120.8,SETTLE,0.0,0.58333,-0.58333,0.0,0.57366,-0.57366
2,1622,36139.3,SETTLE,0.0,0.56944,-0.56944,0.0,0.55806,-0.55806
2,1623,36160.7,SETTLE,0.0,0.55556,-0.55556,0.0,0.54419,-0.54419
2,1624,36181.9,SETTLE,0.0,0.54514,-0.54514,0.0,0.5338,-0.5338
2,1625,36203.4,SETTLE,0.0,0.53299,-0.53299,0.0,0.52166,-0.52166
2,1626,36223.9,SETTLE,0.0,0.51389,-0.51389,0.0,0.5026,-0.5026
2,1627,36245.0,SETTLE,0.0,0.49132,-0.49132,0.0,0.48007,-0.48007
2,1628,36265.6,SETTLE,0.0,0.47917,-0.47917,0.0,0.47314,-0.47314
2,1629,36287.4,SETTLE,0.0,0.46701,-0.46701,0.0,0.46101,-0.46101
2,1630,36307.3,SETTLE,0.0,0.4566,-0.4566,0.0,0.44714,-0.44714
2,1631,36327.5,SETTLE,0.0,0.44097,-0.44097,0.0,0.43674,-0.43674
2,1632,36348.2,SETTLE,0.0,0.43229,-0.43229,0.0,0.42288,-0.42288
2,1633,36369.8,SETTLE,0.0,0.41667,-0.41667,0.0,0.40728,-0.40728
2,1634,36391.2,SETTLE,0.0,0.40451,-0.40451,0.0,0.39515,-0.39515
2,1635,36412.0,SETTLE,0.0,0.39236,-0.39236,0.0,0.38648,-0.38648
2,1636,36432.4,SETTLE,0.0,0.38194,-0.38194,0.0,0.37088,-0.37088
2,1637,36452.4,SETTLE,0.0,0.36806,-0.36806,0.0,0.35702,-0.35702
2,1638,36473.7,SETTLE,0.0,0.3559,-0.3559,0.0,0.34315,-0.34315
2,1639,36494.7,SETTLE,0.0,0.34375,-0.34375,0.0,0.33102,-0.33102
2,1640,36514.5,SETTLE,0.0,0.3316,-0.3316,0.0,0.31889,-0.31889
2,1641,36535.9,SETTLE,0.0,0.31771,-0.31771,0.0,0.30503,-0.30503
2,1642,36557.7,SETTLE,0.0,0.30208,-0.30208,0.0,0.29463,-0.29463
2,1643,36576.3,SETTLE,0.0,0.29167,-0.29167,0.0,0.28943,-0.28943
2,1644,36598.0,SETTLE,0.0,0.27951,-0.27951,0.0,0.27556,-0.27556
2,1645,36620.0,SETTLE,0.0,0.26389,-0.26389,0.0,0.25823,-0.25823
2,1646,36640.3,SETTLE,0.0,0.25174,-0.25174,0.0,0.2513,-0.2513
2,1647,36660.0,SETTLE,0.0,0.24132,-0.24132,0.0,0.23917,-0.23917
2,1648,36683.5,SETTLE,0.0,0.22743,-0.22743,0.0,0.22357,-0.22357
2,1649,36703.9,SETTLE,0.0,0.21354,-0.21354,0.0,0.2149,-0.2149
2,1650,36722.7,CLOSE,0.005,0.20139,-0.19639,0.005,0.20104,-0.19604
2,1651,36744.6,CLOSE,0.01,0.19271,-0.18271,0.01,0.18718,-0.17718
2,1652,36766.7,CLOSE,0.015,0.17535,-0.16035,0.015,0.17331,-0.15831
2,1653,36789.0,CLOSE,0.02,0.15972,-0.13972,0.02,0.15945,-0.13945
2,1654,36809.7,CLOSE,0.025,0.14757,-0.12257,0.025,0.14731,-0.12231
2,1655,36828.5,CLOSE,0.03,0.13368,-0.10368,0.03,0.13692,-0.10692
2,1656,36849.4,CLOSE,0.035,0.12153,-0.08653,0.035,0.12652,-0.09152
2,1657,36871.1,CLOSE,0.04,0.11285,-0.07285,0.04,0.11265,-0.07265
2,1658,36892.2,CLOSE,0.045,0.09722,-0.05222,0.045,0.10052,-0.05552
2,1659,36912.3,CLOSE,0.05,0.08507,-0.03507,0.05,0.08839,-0.03839
2,1660,36933.2,CLOSE,0.055,0.07465,-0.01965,0.055,0.07626,-0.02126
2,1661,36952.5,CLOSE,0.06,0.06424,-0.00424,0.06,0.06759,-0.00759
2,1662,36973.3,CLOSE,0.065,0.05208,0.01292,0.065,0.05893,0.00607
2,1663,36994.6,CLOSE,0.07,0.04167,0.02833,0.07,0.04853,0.02147
2,1664,37016.7,CLOSE,0.075,0.03299,0.04201,0.075,0.03986,0.03514
2,1665,37037.3,CLOSE,0.08,0.02778,0.05222,0.08,0.03293,0.04707
2,1666,37057.4,CLOSE,0.085,0.02604,0.05896,0.085,0.02946,0.05554
2,1667,37079.5,CLOSE,0.09,0.03472,0.05528,0.09,0.02773,0.06227
2,1668,37099.9,CLOSE,0.095,0.03299,0.06201,0.095,0.02946,0.06554
2,1669,37119.9,CLOSE,0.1,0.03646,0.06354,0.1,0.03813,0.06187
2,1670,37142.1,CLOSE,0.105,0.04167,0.06333,0.105,0.04159,0.06341
2,1671,37161.9,CLOSE,0.11,0.04861,0.06139,0.11,0.04506,0.06494
2,1672,37182.2,CLOSE,0.115,0.05903,0.05597,0.115,0.04853,0.06647
2,1673,37203.3,CLOSE,0.12,0.06944,0.05056,0.12,0.06066,0.05934
2,1674,37225.5,CLOSE,0.125,0.07639,0.04861,0.125,0.06759,0.05741
2,1675,37248.3,CLOSE,0.13,0.08507,0.04493,0.13,0.07452,0.05548
2,1676,37266.8,CLOSE,0.135,0.09375,0.04125,0.135,0.08319,0.05181
2,1677,37286.4,CLOSE,0.14,0.10243,0.03757,0.14,0.08839,0.05161
2,1678,37307.0,CLOSE,0.145,0.11111,0.03389,0.145,0.10572,0.03928
2,1679,37329.3,CLOSE,0.15,0.11806,0.03194,0.15,0.11092,0.03908
2,1680,37349.5,CLOSE,0.155,0.125,0.03,0.155,0.11958,0.03542
2,1681,37370.3,CLOSE,0.16,0.13021,0.02979,0.16,0.12652,0.03348
2,1682,37391.0,CLOSE,0.165,0.13889,0.02611,0.165,0.13345,0.03155
2,1683,37412.3,CLOSE,0.17,0.14236,0.02764,0.17,0.13865,0.03135
2,1684,37431.9,CLOSE,0.175,0.14757,0.02743,0.175,0.14385,0.03115
2,1685,37453.2,CLOSE,0.18,0.15278,0.02722,0.18,0.14905,0.03095
2,1686,37475.1,CLOSE,0.185,0.15625,0.02875,0.185,0.15425,0.03075
2,1687,37495.4,CLOSE,0.19,0.15972,0.03028,0.19,0.15945,0.03055
2,1688,37515.1,CLOSE,0.195,0.16146,0.03354,0.195,0.16291,0.03209
2,1689,37535.9,CLOSE,0.2,0.16493,0.03507,0.2,0.17331,0.02669
2,1690,37556.9,CLOSE,0.205,0.17361,0.03139,0.205,0.17158,0.03342
2,1691,37577.8,CLOSE,0.21,0.17188,0.03813,0.21,0.17504,0.03496
2,1692,37597.6,CLOSE,0.215,0.17535,0.03965,0.215,0.17851,0.03649
2,1693,37618.7,CLOSE,0.22,0.17882,0.04118,0.22,0.18198,0.03802
2,1694,37641.4,CLOSE,0.225,0.18403,0.04097,0.225,0.18718,0.03782
2,1695,37664.1,CLOSE,0.23,0.19097,0.03903,0.23,0.19064,0.03936
2,1696,37684.9,CLOSE,0.235,0.19618,0.03882,0.235,0.19931,0.03569
2,1697,37705.1,CLOSE,0.24,0.20139,0.03861,0.24,0.20451,0.03549
2,1698,37725.2,CLOSE,0.245,0.2066,0.0384,0.245,0.20624,0.03876
2,1699,37744.5,CLOSE,0.25,0.21354,0.03646,0.25,0.20971,0.04029
2,1700,37765.9,CLOSE,0.255,0.21701,0.03799,0.255,0.21837,0.03663
2,1701,37787.9,CLOSE,0.26,0.22396,0.03604,0.26,0.22184,0.03816
2,1702,37808.7,CLOSE,0.265,0.22917,0.03583,0.265,0.2305,0.0345
2,1703,37829.9,CLOSE,0.27,0.23611,0.03389,0.27,0.23224,0.03776
2,1704,37850.3,CLOSE,0.275,0.24306,0.03194,0.275,0.23744,0.03756
2,1705,37869.4,CLOSE,0.28,0.24653,0.03347,0.28,0.24263,0.03737
2,1706,37891.2,CLOSE,0.285,0.25174,0.03326,0.285,0.25303,0.03197
2,1707,37911.0,CLOSE,0.29,0.25694,0.03306,0.29,0.25823,0.03177
2,1708,37931.9,CLOSE,0.295,0.2691,0.0259,0.295,0.25997,0.03503
2,1709,37954.3,CLOSE,0.3,0.26562,0.03438,0.3,0.2617,0.0383
2,1710,37975.3,CLOSE,0.305,0.27604,0.02896,0.305,0.2721,0.0329
2,1711,37995.3,CLOSE,0.31,0.27951,0.03049,0.31,0.2721,0.0379
2,1712,38015.3,CLOSE,0.315,0.28299,0.03201,0.315,0.2773,0.0377
2,1713,38036.4,CLOSE,0.32,0.29167,0.02833,0.32,0.2825,0.0375
2,1714,38057.7,CLOSE,0.325,0.2934,0.0316,0.325,0.28596,0.03904
2,1715,38079.4,CLOSE,0.33,0.30035,0.02965,0.33,0.29116,0.03884
2,1716,38098.7,CLOSE,0.335,0.30382,0.03118,0.335,0.29636,0.03864
2,1717,38119.4,CLOSE,0.34,0.30903,0.03097,0.34,0.30156,0.03844
2,1718,38141.7,CLOSE,0.345,0.31424,0.03076,0.345,0.31196,0.03304
2,1719,38162.0,CLOSE,0.35,0.31076,0.03924,0.35,0.31716,0.03284
2,1720,38184.0,CLOSE,0.355,0.32292,0.03208,0.355,0.31716,0.03784
2,1721,38205.2,CLOSE,0.36,0.32812,0.03188,0.36,0.32062,0.03938
2,1722,38225.0,CLOSE,0.365,0.33681,0.02819,0.365,0.32236,0.04264
2,1723,38245.3,CLOSE,0.37,0.33854,0.03146,0.37,0.32582,0.04418
2,1724,38267.2,CLOSE,0.375,0.34375,0.03125,0.375,0.33102,0.04398
2,1725,38286.7,CLOSE,0.38,0.34722,0.03278,0.38,0.33969,0.04031
2,1726,38306.8,CLOSE,0.385,0.35069,0.03431,0.385,0.34489,0.04011
2,1727,38327.3,CLOSE,0.39,0.3559,0.0341,0.39,0.35009,0.03991
2,1728,38348.8,CLOSE,0.395,0.35764,0.03736,0.395,0.35702,0.03798
2,1729,38371.2,CLOSE,0.4,0.35938,0.04063,0.4,0.36915,0.03085
2,1730,38390.4,CLOSE,0.405,0.36806,0.03694,0.405,0.36915,0.03585
2,1731,38412.1,CLOSE,0.41,0.36979,0.04021,0.41,0.38302,0.02698
2,1732,38431.7,CLOSE,0.415,0.37847,0.03653,0.415,0.38128,0.03372
2,1733,38452.5,CLOSE,0.42,0.38368,0.03632,0.42,0.39168,0.02832
2,1734,38475.5,CLOSE,0.425,0.39062,0.03438,0.425,0.41248,0.01252
2,1735,38495.2,CLOSE,0.43,0.39583,0.03417,0.43,0.39861,0.03139
2,1736,38516.0,CLOSE,0.435,0.40278,0.03222,0.435,0.40208,0.03292
2,1737,38536.8,CLOSE,0.44,0.40799,0.03201,0.44,0.40555,0.03445
2,1738,38556.7,CLOSE,0.445,0.41319,0.03181,0.445,0.41248,0.03252
2,1739,38578.5,CLOSE,0.45,0.42361,0.02639,0.45,0.41768,0.03232
2,1740,38598.9,CLOSE,0.455,0.42361,0.03139,0.455,0.42288,0.03212
2,1741,38620.8,CLOSE,0.46,0.42708,0.03292,0.46,0.42634,0.03366
2,1742,38639.4,CLOSE,0.465,0.43576,0.02924,0.465,0.43154,0.03346
2,1743,38663.2,CLOSE,0.47,0.44271,0.02729,0.47,0.43674,0.03326
2,1744,38684.3,CLOSE,0.475,0.44618,0.02882,0.475,0.44194,0.03306
2,1745,38704.3,CLOSE,0.48,0.45312,0.02688,0.48,0.44887,0.03113
2,1746,38724.9,CLOSE,0.485,0.45833,0.02667,0.485,0.45234,0.03266
2,1747,38745.8,CLOSE,0.49,0.46354,0.02646,0.49,0.45754,0.03246
2,1748,38765.9,CLOSE,0.495,0.46875,0.02625,0.495,0.46274,0.03226
2,1749,38786.1,CLOSE,0.5,0.47222,0.02778,0.5,0.4662,0.0338
2,1750,38806.8,CLOSE,0.505,0.47743,0.02757,0.505,0.4714,0.0336
2,1751,38829.3,CLOSE,0.51,0.48264,0.02736,0.51,0.47487,0.03513
2,1752,38849.5,CLOSE,0.515,0.48438,0.03063,0.515,0.47834,0.03666
2,1753,38870.5,CLOSE,0.52,0.48785,0.03215,0.52,0.4818,0.0382
2,1754,38891.7,CLOSE,0.525,0.50521,0.01979,0.525,0.48873,0.03627
2,1755,38911.3,CLOSE,0.53,0.50694,0.02306,0.53,0.49913,0.03087
2,1756,38932.7,CLOSE,0.535,0.51042,0.02458,0.535,0.50953,0.02547
2,1757,38953.5,CLOSE,0.54,0.51562,0.02438,0.54,0.513,0.027
2,1758,38973.4,CLOSE,0.545,0.52604,0.01896,0.545,0.52166,0.02334
2,1759,38994.5,CLOSE,0.55,0.52778,0.02222,0.55,0.5234,0.0266
2,1760,39016.6,CLOSE,0.555,0.53299,0.02201,0.555,0.52686,0.02814
2,1761,39037.2,CLOSE,0.56,0.53299,0.02701,0.56,0.53033,0.02967
2,1762,39058.8,CLOSE,0.565,0.53646,0.02854,0.565,0.53206,0.03294
2,1763,39078.9,CLOSE,0.57,0.53819,0.03181,0.57,0.53899,0.03101
2,1764,39099.8,CLOSE,0.575,0.54167,0.03333,0.575,0.53899,0.03601
2,1765,39121.1,CLOSE,0.58,0.54514,0.03486,0.58,0.54419,0.03581
2,1766,39141.6,CLOSE,0.585,0.54861,0.03639,0.585,0.54939,0.03561
2,1767,39162.1,CLOSE,0.59,0.55208,0.03792,0.59,0.56326,0.02674
2,1768,39184.4,CLOSE,0.595,0.55903,0.03597,0.595,0.55979,0.03521
2,1769,39204.9,CLOSE,0.6,0.56597,0.03403,0.6,0.56672,0.03328
2,1770,39225.3,CLOSE,0.605,0.57465,0.03035,0.605,0.57019,0.03481
2,1771,39245.0,CLOSE,0.61,0.5816,0.0284,0.61,0.57886,0.03114
2,1772,39266.1,CLOSE,0.615,0.5816,0.0334,0.615,0.58232,0.03268
2,1773,39287.3,CLOSE,0.62,0.58681,0.03319,0.62,0.58752,0.03248
2,1774,39308.6,CLOSE,0.625,0.59375,0.03125,0.625,0.59272,0.03228
2,1775,39329.4,CLOSE,0.63,0.59896,0.03104,0.63,0.59792,0.03208
2,1776,39349.6,CLOSE,0.635,0.60243,0.03257,0.635,0.60139,0.03361
2,1777,39370.5,CLOSE,0.64,0.61111,0.02889,0.64,0.60832,0.03168
2,1778,39392.0,CLOSE,0.645,0.61285,0.03215,0.645,0.61872,0.02628
2,1779,39412.5,CLOSE,0.65,0.61979,0.03021,0.65,0.62218,0.02782
2,1780,39431.8,CLOSE,0.655,0.62674,0.02826,0.655,0.62565,0.02935
2,1781,39452.8,CLOSE,0.66,0.63194,0.02806,0.66,0.62912,0.03088
2,1782,39473.6,CLOSE,0.665,0.63715,0.02785,0.665,0.64125,0.02375
2,1783,39496.9,CLOSE,0.67,0.64583,0.02417,0.67,0.64471,0.02529
2,1784,39517.7,CLOSE,0.675,0.64583,0.02917,0.675,0.64645,0.02855
2,1785,39536.3,CLOSE,0.68,0.65278,0.02722,0.68,0.64991,0.03009
2,1786,39556.2,CLOSE,0.685,0.65799,0.02701,0.685,0.65338,0.03162
2,1787,39581.4,CLOSE,0.69,0.66667,0.02333,0.69,0.66551,0.02449
2,1788,39600.8,CLOSE,0.695,0.6684,0.0266,0.695,0.66378,0.03122
2,1789,39621.9,CLOSE,0.7,0.67708,0.02292,0.7,0.66724,0.03276
2,1790,39642.7,CLOSE,0.705,0.67708,0.02792,0.705,0.67071,0.03429
2,1791,39662.7,CLOSE,0.71,0.68924,0.02076,0.71,0.68284,0.02716
2,1792,39682.4,CLOSE,0.715,0.69271,0.02229,0.715,0.67764,0.03736
2,1793,39704.1,CLOSE,0.72,0.69271,0.02729,0.72,0.69324,0.02676
2,1794,39724.2,CLOSE,0.725,0.69618,0.02882,0.725,0.69151,0.03349
2,1795,39744.7,CLOSE,0.73,0.70139,0.02861,0.73,0.69497,0.03503
2,1796,39766.7,CLOSE,0.735,0.70486,0.03014,0.735,0.70017,0.03483
2,1797,39787.1,CLOSE,0.74,0.70833,0.03167,0.74,0.70364,0.03636
2,1798,39807.3,CLOSE,0.745,0.71181,0.03319,0.745,0.70884,0.03616
2,1799,39827.6,CLOSE,0.75,0.71875,0.03125,0.75,0.71404,0.03596
2,1800,39850.3,CLOSE,0.755,0.72396,0.03104,0.755,0.7175,0.0375
2,1801,39871.2,CLOSE,0.76,0.72222,0.03778,0.76,0.7227,0.0373
2,1802,39892.0,CLOSE,0.765,0.7309,0.0341,0.765,0.7279,0.0371
2,1803,39912.4,CLOSE,0.77,0.74306,0.02694,0.77,0.73137,0.03863
2,1804,39931.9,CLOSE,0.775,0.74479,0.03021,0.775,0.7383,0.0367
2,1805,39952.2,CLOSE,0.78,0.75174,0.02826,0.78,0.7435,0.0365
2,1806,39974.2,CLOSE,0.785,0.75174,0.03326,0.785,0.74697,0.03803
2,1807,39996.4,CLOSE,0.79,0.75694,0.03306,0.79,0.75563,0.03437
2,1808,40016.7,CLOSE,0.795,0.76736,0.02764,0.795,0.76083,0.03417
2,1809,40038.5,CLOSE,0.8,0.77431,0.02569,0.8,0.77123,0.02877
2,1810,40058.7,CLOSE,0.805,0.77604,0.02896,0.805,0.77296,0.03204
2,1811,40078.4,CLOSE,0.81,0.77778,0.03222,0.81,0.77816,0.03184
2,1812,40102.0,CLOSE,0.815,0.78299,0.03201,0.815,0.79029,0.02471
2,1813,40121.4,CLOSE,0.82,0.79688,0.02313,0.82,0.78856,0.03144
2,1814,40143.8,CLOSE,0.825,0.79688,0.02813,0.825,0.79376,0.03124
2,1815,40162.8,CLOSE,0.83,0.80208,0.02792,0.83,0.80243,0.02757
2,1816,40183.3,CLOSE,0.835,0.80729,0.02771,0.835,0.80589,0.02911
2,1817,40204.9,CLOSE,0.84,0.8125,0.0275,0.84,0.81109,0.02891
2,1818,40223.7,CLOSE,0.845,0.81597,0.02903,0.845,0.81456,0.03044
2,1819,40244.5,CLOSE,0.85,0.82639,0.02361,0.85,0.81629,0.03371
2,1820,40266.3,CLOSE,0.855,0.82292,0.03208,0.855,0.82149,0.03351
2,1821,40287.7,CLOSE,0.86,0.83333,0.02667,0.86,0.82496,0.03504
2,1822,40307.6,CLOSE,0.865,0.83333,0.03167,0.865,0.84229,0.02271
2,1823,40328.3,CLOSE,0.87,0.83854,0.03146,0.87,0.83362,0.03638
2,1824,40349.1,CLOSE,0.875,0.84201,0.03299,0.875,0.83882,0.03618
2,1825,40371.3,CLOSE,0.88,0.84896,0.03104,0.88,0.84575,0.03425
2,1826,40390.4,CLOSE,0.885,0.85069,0.03431,0.885,0.85095,0.03405
2,1827,40410.9,CLOSE,0.89,0.86458,0.02542,0.89,0.86135,0.02865
2,1828,40433.3,CLOSE,0.895,0.86111,0.03389,0.895,0.86308,0.03192
2,1829,40455.7,CLOSE,0.9,0.86806,0.03194,0.9,0.86482,0.03518
2,1830,40475.4,CLOSE,0.905,0.87674,0.02826,0.905,0.87868,0.02632
2,1831,40493.8,CLOSE,0.91,0.87847,0.03153,0.91,0.88042,0.02958
2,1832,40515.9,CLOSE,0.915,0.89062,0.02438,0.915,0.88388,0.03112
2,1833,40538.4,CLOSE,0.92,0.88715,0.03285,0.92,0.89081,0.02919
2,1834,40559.8,CLOSE,0.925,0.89931,0.02569,0.925,0.89601,0.02899
2,1835,40579.3,CLOSE,0.93,0.89931,0.03069,0.93,0.90468,0.02532
2,1836,40600.3,CLOSE,0.935,0.90799,0.02701,0.935,0.90641,0.02859
2,1837,40621.2,CLOSE,0.94,0.90799,0.03201,0.94,0.91334,0.02666
2,1838,40642.2,CLOSE,0.945,0.91493,0.03007,0.945,0.91508,0.02992
2,1839,40662.8,CLOSE,0.95,0.9184,0.0316,0.95,0.92028,0.02972
2,1840,40682.0,CLOSE,0.955,0.92535,0.02965,0.955,0.93068,0.02432
2,1841,40704.3,CLOSE,0.96,0.92535,0.03465,0.96,0.92894,0.03106
2,1842,40724.4,CLOSE,0.965,0.93403,0.03097,0.965,0.93414,0.03086
2,1843,40744.4,CLOSE,0.97,0.94271,0.02729,0.97,0.93761,0.03239
2,1844,40766.3,CLOSE,0.975,0.94271,0.03229,0.975,0.94281,0.03219
2,1845,40788.7,CLOSE,0.98,0.94618,0.03382,0.98,0.94627,0.03373
2,1846,40807.9,CLOSE,0.985,0.94965,0.03535,0.985,0.94974,0.03526
2,1847,40827.7,CLOSE,0.99,0.95312,0.03688,0.99,0.95667,0.03333
2,1848,40850.0,CLOSE,0.995,0.96007,0.03493,0.995,0.96014,0.03486
2,1849,40869.4,CLOSE,1.0,0.96354,0.03646,1.0,0.96534,0.03466
2,1850,40875.1,HOLD_CLOSED,1.0,0.96354,0.03646,1.0,0.97227,0.02773
2,1851,40897.7,HOLD_CLOSED,1.0,0.96528,0.03472,1.0,0.97747,0.02253
2,1852,40917.5,HOLD_CLOSED,1.0,0.96875,0.03125,1.0,0.9792,0.0208
2,1853,40939.2,HOLD_CLOSED,1.0,0.97222,0.02778,1.0,0.97747,0.02253
2,1854,40960.4,HOLD_CLOSED,1.0,0.97222,0.02778,1.0,0.98267,0.01733
2,1855,40981.4,HOLD_CLOSED,1.0,0.9809,0.0191,1.0,0.9844,0.0156
2,1856,41002.4,HOLD_CLOSED,1.0,0.97396,0.02604,1.0,0.9844,0.0156
2,1857,41022.8,HOLD_CLOSED,1.0,0.97396,0.02604,1.0,0.9844,0.0156
2,1858,41043.7,HOLD_CLOSED,1.0,0.97396,0.02604,1.0,0.9844,0.0156
2,1859,41065.1,HOLD_CLOSED,1.0,0.9809,0.0191,1.0,0.9844,0.0156
2,1860,41085.6,HOLD_CLOSED,1.0,0.97743,0.02257,1.0,0.9844,0.0156
2,1861,41104.5,HOLD_CLOSED,1.0,0.97917,0.02083,1.0,0.9844,0.0156
2,1862,41127.3,HOLD_CLOSED,1.0,0.97396,0.02604,1.0,0.98614,0.01386
2,1863,41148.0,HOLD_CLOSED,1.0,0.9809,0.0191,1.0,0.9844,0.0156
2,1864,41168.3,HOLD_CLOSED,1.0,0.97222,0.02778,1.0,0.97747,0.02253
2,1865,41188.8,HOLD_CLOSED,1.0,0.97569,0.02431,1.0,0.9844,0.0156
2,1866,41208.8,HOLD_CLOSED,1.0,0.97396,0.02604,1.0,0.98267,0.01733
2,1867,41232.5,HOLD_CLOSED,1.0,0.97396,0.02604,1.0,0.9844,0.0156
2,1868,41252.5,HOLD_CLOSED,1.0,0.97222,0.02778,1.0,0.98614,0.01386
2,1869,41273.0,HOLD_CLOSED,1.0,0.98438,0.01562,1.0,0.99133,0.00867
2,1870,41292.6,HOLD_CLOSED,1.0,0.97743,0.02257,1.0,0.98267,0.01733
2,1871,41315.6,HOLD_CLOSED,1.0,0.97917,0.02083,1.0,0.9844,0.0156
2,1872,41334.3,HOLD_CLOSED,1.0,0.98264,0.01736,1.0,0.98787,0.01213
2,1873,41357.1,HOLD_CLOSED,1.0,0.98264,0.01736,1.0,0.98614,0.01386
2,1874,41379.0,HOLD_CLOSED,1.0,0.98438,0.01562,1.0,0.98614,0.01386
2,1875,41398.7,HOLD_CLOSED,1.0,0.99132,0.00868,1.0,0.9844,0.0156
2,1876,41420.9,HOLD_CLOSED,1.0,0.98958,0.01042,1.0,0.98614,0.01386
2,1877,41440.4,HOLD_CLOSED,1.0,0.99132,0.00868,1.0,0.98787,0.01213
2,1878,41460.8,HOLD_CLOSED,1.0,0.99306,0.00694,1.0,0.9896,0.0104
2,1879,41480.8,HOLD_CLOSED,1.0,0.99306,0.00694,1.0,0.99133,0.00867
2,1880,41501.0,HOLD_CLOSED,1.0,0.99479,0.00521,1.0,0.99307,0.00693
2,1881,41522.6,HOLD_CLOSED,1.0,0.99479,0.00521,1.0,0.99307,0.00693
2,1882,41542.9,HOLD_CLOSED,1.0,0.99306,0.00694,1.0,0.9948,0.0052
2,1883,41565.0,HOLD_CLOSED,1.0,0.99479,0.00521,1.0,0.9948,0.0052
2,1884,41586.1,HOLD_CLOSED,1.0,0.99306,0.00694,1.0,0.99307,0.00693
2,1885,41606.4,HOLD_CLOSED,1.0,0.99306,0.00694,1.0,0.9948,0.0052
2,1886,41626.2,HOLD_CLOSED,1.0,0.99479,0.00521,1.0,0.9948,0.0052
2,1887,41646.4,HOLD_CLOSED,1.0,0.99479,0.00521,1.0,0.9948,0.0052
2,1888,41667.5,HOLD_CLOSED,1.0,0.99132,0.00868,1.0,0.9948,0.0052
2,1889,41689.0,HOLD_CLOSED,1.0,0.99306,0.00694,1.0,0.99653,0.00347
2,1890,41711.5,HOLD_CLOSED,1.0,0.99479,0.00521,1.0,0.99307,0.00693
2,1891,41732.0,HOLD_CLOSED,1.0,0.99479,0.00521,1.0,0.99307,0.00693
2,1892,41751.2,HOLD_CLOSED,1.0,0.99479,0.00521,1.0,0.9948,0.0052
2,1893,41773.4,HOLD_CLOSED,1.0,0.99132,0.00868,1.0,0.99307,0.00693
2,1894,41794.3,HOLD_CLOSED,1.0,0.99306,0.00694,1.0,0.9948,0.0052
2,1895,41814.6,HOLD_CLOSED,1.0,0.99479,0.00521,1.0,0.99307,0.00693
2,1896,41837.5,HOLD_CLOSED,1.0,0.99826,0.00174,1.0,0.99307,0.00693
2,1897,41857.2,HOLD_CLOSED,1.0,0.99306,0.00694,1.0,0.99307,0.00693
2,1898,41876.9,HOLD_CLOSED,1.0,0.99306,0.00694,1.0,0.99307,0.00693
2,1899,41897.4,HOLD_CLOSED,1.0,0.99479,0.00521,1.0,0.9948,0.0052
2,1900,41918.8,HOLD_CLOSED,1.0,0.99306,0.00694,1.0,0.9948,0.0052
2,1901,41939.5,HOLD_CLOSED,1.0,0.99306,0.00694,1.0,0.99307,0.00693
2,1902,41959.9,HOLD_CLOSED,1.0,0.99479,0.00521,1.0,0.9948,0.0052
2,1903,41980.8,HOLD_CLOSED,1.0,0.99306,0.00694,1.0,0.9948,0.0052
2,1904,42002.3,HOLD_CLOSED,1.0,0.99479,0.00521,1.0,0.99307,0.00693
2,1905,42022.2,HOLD_CLOSED,1.0,0.99306,0.00694,1.0,0.99307,0.00693
2,1906,42044.0,HOLD_CLOSED,1.0,0.99306,0.00694,1.0,0.99307,0.00693
2,1907,42063.5,HOLD_CLOSED,1.0,0.99306,0.00694,1.0,0.99307,0.00693
2,1908,42083.7,HOLD_CLOSED,1.0,0.99479,0.00521,1.0,0.99307,0.00693
2,1909,42106.7,HOLD_CLOSED,1.0,0.99479,0.00521,1.0,0.99653,0.00347
2,1910,42127.3,OPEN,0.995,0.99479,0.00021,0.995,0.9948,0.0002
2,1911,42148.6,OPEN,0.99,0.99479,-0.00479,0.99,0.99133,-0.00133
2,1912,42169.8,OPEN,0.985,0.99479,-0.00979,0.985,0.9948,-0.0098
2,1913,42190.7,OPEN,0.98,0.99132,-0.01132,0.98,0.9948,-0.0148
2,1914,42210.9,OPEN,0.975,0.99132,-0.01632,0.975,0.99307,-0.01807
2,1915,42231.7,OPEN,0.97,0.99479,-0.02479,0.97,0.99133,-0.02133
2,1916,42253.3,OPEN,0.965,0.99479,-0.02979,0.965,0.99307,-0.02807
2,1917,42273.2,OPEN,0.96,0.99653,-0.03653,0.96,0.9948,-0.0348
2,1918,42295.3,OPEN,0.955,0.99306,-0.03806,0.955,0.99307,-0.03807
2,1919,42317.5,OPEN,0.95,0.99306,-0.04306,0.95,0.9948,-0.0448
2,1920,42336.5,OPEN,0.945,0.99479,-0.04979,0.945,0.99307,-0.04807
2,1921,42356.7,OPEN,0.94,0.99306,-0.05306,0.94,0.99133,-0.05133
2,1922,42378.7,OPEN,0.935,1.0,-0.065,0.935,0.99307,-0.05807
2,1923,42399.6,OPEN,0.93,0.99479,-0.06479,0.93,1.0,-0.07
2,1924,42420.7,OPEN,0.925,0.98785,-0.06285,0.925,0.99133,-0.06633
2,1925,42440.8,OPEN,0.92,0.98785,-0.06785,0.92,0.98787,-0.06787
2,1926,42460.9,OPEN,0.915,0.97917,-0.06417,0.915,0.9844,-0.0694
2,1927,42481.4,OPEN,0.91,0.98438,-0.07438,0.91,0.97747,-0.06747
2,1928,42503.1,OPEN,0.905,0.97743,-0.07243,0.905,0.974,-0.069
2,1929,42522.6,OPEN,0.9,0.97049,-0.07049,0.9,0.96707,-0.06707
2,1930,42544.8,OPEN,0.895,0.96181,-0.06681,0.895,0.96187,-0.06687
2,1931,42565.2,OPEN,0.89,0.9566,-0.0666,0.89,0.96187,-0.07187
2,1932,42585.7,OPEN,0.885,0.94618,-0.06118,0.885,0.95667,-0.07167
2,1933,42608.0,OPEN,0.88,0.94097,-0.06097,0.88,0.95494,-0.07494
2,1934,42626.8,OPEN,0.875,0.93229,-0.05729,0.875,0.94454,-0.06954
2,1935,42647.9,OPEN,0.87,0.92882,-0.05882,0.87,0.93241,-0.06241
2,1936,42670.3,OPEN,0.865,0.92014,-0.05514,0.865,0.92201,-0.05701
2,1937,42690.4,OPEN,0.86,0.91319,-0.05319,0.86,0.91508,-0.05508
2,1938,42712.0,OPEN,0.855,0.90625,-0.05125,0.855,0.90641,-0.05141
2,1939,42731.2,OPEN,0.85,0.90104,-0.05104,0.85,0.89948,-0.04948
2,1940,42753.8,OPEN,0.845,0.89757,-0.05257,0.845,0.89255,-0.04755
2,1941,42773.9,OPEN,0.84,0.89062,-0.05063,0.84,0.88735,-0.04735
2,1942,42796.1,OPEN,0.835,0.88715,-0.05215,0.835,0.87868,-0.04368
2,1943,42816.3,OPEN,0.83,0.88194,-0.05194,0.83,0.87522,-0.04522
2,1944,42836.7,OPEN,0.825,0.88194,-0.05694,0.825,0.87348,-0.04848
2,1945,42857.5,OPEN,0.82,0.87847,-0.05847,0.82,0.87002,-0.05002
2,1946,42875.9,OPEN,0.815,0.87847,-0.06347,0.815,0.86828,-0.05328
2,1947,42897.3,OPEN,0.81,0.87847,-0.06847,0.81,0.86482,-0.05482
2,1948,42918.2,OPEN,0.805,0.87326,-0.06826,0.805,0.86482,-0.05982
2,1949,42940.6,OPEN,0.8,0.87153,-0.07153,0.8,0.86308,-0.06308
2,1950,42961.8,OPEN,0.795,0.86806,-0.07306,0.795,0.86308,-0.06808
2,1951,42983.1,OPEN,0.79,0.86632,-0.07632,0.79,0.85962,-0.06962
2,1952,43003.8,OPEN,0.785,0.86285,-0.07785,0.785,0.85615,-0.07115
2,1953,43023.0,OPEN,0.78,0.86111,-0.08111,0.78,0.85269,-0.07269
2,1954,43044.5,OPEN,0.775,0.85417,-0.07917,0.775,0.84749,-0.07249
2,1955,43064.9,OPEN,0.77,0.84549,-0.07549,0.77,0.84055,-0.07055
2,1956,43087.1,OPEN,0.765,0.84375,-0.07875,0.765,0.83362,-0.06862
2,1957,43106.8,OPEN,0.76,0.83333,-0.07333,0.76,0.82669,-0.06669
2,1958,43128.4,OPEN,0.755,0.82465,-0.06965,0.755,0.82322,-0.06822
2,1959,43148.4,OPEN,0.75,0.81597,-0.06597,0.75,0.81282,-0.06282
2,1960,43168.5,OPEN,0.745,0.80903,-0.06403,0.745,0.80589,-0.06089
2,1961,43192.5,OPEN,0.74,0.79861,-0.05861,0.74,0.79896,-0.05896
2,1962,43212.3,OPEN,0.735,0.7934,-0.0584,0.735,0.79549,-0.06049
2,1963,43231.7,OPEN,0.73,0.78646,-0.05646,0.73,0.78856,-0.05856
2,1964,43252.4,OPEN,0.725,0.77951,-0.05451,0.725,0.78336,-0.05836
2,1965,43274.3,OPEN,0.72,0.77257,-0.05257,0.72,0.77296,-0.05296
2,1966,43293.9,OPEN,0.715,0.76562,-0.05063,0.715,0.76776,-0.05276
2,1967,43315.6,OPEN,0.71,0.76215,-0.05215,0.71,0.76083,-0.05083
2,1968,43336.2,OPEN,0.705,0.75868,-0.05368,0.705,0.75737,-0.05237
2,1969,43357.2,OPEN,0.7,0.75347,-0.05347,0.7,0.75217,-0.05217
2,1970,43378.7,OPEN,0.695,0.75,-0.055,0.695,0.74523,-0.05023
2,1971,43399.0,OPEN,0.69,0.74479,-0.05479,0.69,0.7435,-0.0535
2,1972,43420.1,OPEN,0.685,0.74306,-0.05806,0.685,0.74177,-0.05677
2,1973,43438.7,OPEN,0.68,0.73958,-0.05958,0.68,0.7383,-0.0583
2,1974,43459.3,OPEN,0.675,0.73611,-0.06111,0.675,0.7383,-0.0633
2,1975,43480.7,OPEN,0.67,0.73611,-0.06611,0.67,0.73137,-0.06137
2,1976,43502.0,OPEN,0.665,0.72917,-0.06417,0.665,0.72964,-0.06464
2,1977,43524.7,OPEN,0.66,0.72396,-0.06396,0.66,0.7279,-0.0679
2,1978,43544.9,OPEN,0.655,0.72049,-0.06549,0.655,0.72097,-0.06597
2,1979,43565.8,OPEN,0.65,0.71354,-0.06354,0.65,0.71577,-0.06577
2,1980,43586.5,OPEN,0.645,0.70833,-0.06333,0.645,0.70884,-0.06384
2,1981,43608.0,OPEN,0.64,0.70312,-0.06313,0.64,0.70191,-0.06191
2,1982,43628.1,OPEN,0.635,0.69792,-0.06292,0.635,0.69844,-0.06344
2,1983,43650.4,OPEN,0.63,0.69444,-0.06444,0.63,0.69497,-0.06497
2,1984,43668.6,OPEN,0.625,0.6875,-0.0625,0.625,0.68631,-0.06131
2,1985,43691.2,OPEN,0.62,0.68056,-0.06056,0.62,0.67764,-0.05764
2,1986,43710.6,OPEN,0.615,0.67535,-0.06035,0.615,0.67071,-0.05571
2,1987,43732.1,OPEN,0.61,0.6684,-0.0584,0.61,0.66551,-0.05551
2,1988,43753.9,OPEN,0.605,0.66493,-0.05993,0.605,0.66031,-0.05531
2,1989,43772.8,OPEN,0.6,0.66319,-0.06319,0.6,0.65338,-0.05338
2,1990,43794.8,OPEN,0.595,0.65278,-0.05778,0.595,0.64645,-0.05145
2,1991,43814.4,OPEN,0.59,0.64583,-0.05583,0.59,0.64298,-0.05298
2,1992,43835.5,OPEN,0.585,0.64236,-0.05736,0.585,0.63605,-0.05105
2,1993,43857.0,OPEN,0.58,0.63889,-0.05889,0.58,0.63258,-0.05258
2,1994,43876.7,OPEN,0.575,0.63368,-0.05868,0.575,0.62738,-0.05238
2,1995,43898.2,OPEN,0.57,0.63021,-0.06021,0.57,0.62218,-0.05218
2,1996,43920.3,OPEN,0.565,0.62326,-0.05826,0.565,0.61525,-0.05025
2,1997,43940.6,OPEN,0.56,0.61979,-0.05979,0.56,0.61352,-0.05352
2,1998,43961.1,OPEN,0.555,0.61285,-0.05785,0.555,0.60832,-0.05332
2,1999,43982.1,OPEN,0.55,0.61111,-0.06111,0.55,0.60485,-0.05485
2,2000,44002.3,OPEN,0.545,0.6059,-0.0609,0.545,0.60139,-0.05639
2,2001,44024.7,OPEN,0.54,0.60243,-0.06243,0.54,0.59619,-0.05619
2,2002,44044.6,OPEN,0.535,0.60417,-0.06917,0.535,0.59099,-0.05599
2,2003,44065.0,OPEN,0.53,0.59028,-0.06028,0.53,0.59099,-0.06099
2,2004,44085.5,OPEN,0.525,0.58681,-0.06181,0.525,0.58579,-0.06079
2,2005,44106.8,OPEN,0.52,0.57986,-0.05986,0.52,0.57712,-0.05712
2,2006,44126.7,OPEN,0.515,0.57465,-0.05965,0.515,0.57192,-0.05692
2,2007,44148.8,OPEN,0.51,0.57118,-0.06118,0.51,0.56672,-0.05672
2,2008,44169.6,OPEN,0.505,0.56424,-0.05924,0.505,0.56153,-0.05653
2,2009,44189.6,OPEN,0.5,0.55903,-0.05903,0.5,0.55459,-0.05459
2,2010,44211.0,OPEN,0.495,0.55382,-0.05882,0.495,0.55113,-0.05613
2,2011,44231.9,OPEN,0.49,0.54688,-0.05688,0.49,0.54419,-0.05419
2,2012,44252.3,OPEN,0.485,0.5434,-0.0584,0.485,0.53899,-0.05399
2,2013,44274.5,OPEN,0.48,0.5434,-0.0634,0.48,0.5338,-0.0538
2,2014,44293.1,OPEN,0.475,0.53299,-0.05799,0.475,0.5286,-0.0536
2,2015,44314.5,OPEN,0.47,0.52951,-0.05951,0.47,0.52686,-0.05686
2,2016,44335.2,OPEN,0.465,0.5191,-0.0541,0.465,0.52166,-0.05666
2,2017,44356.6,OPEN,0.46,0.51215,-0.05215,0.46,0.51473,-0.05473
2,2018,44376.6,OPEN,0.455,0.50694,-0.05194,0.455,0.50433,-0.04933
2,2019,44398.1,OPEN,0.45,0.50694,-0.05694,0.45,0.4974,-0.0474
2,2020,44418.2,OPEN,0.445,0.49826,-0.05326,0.445,0.48873,-0.04373
2,2021,44440.4,OPEN,0.44,0.48611,-0.04611,0.44,0.487,-0.047
2,2022,44461.4,OPEN,0.435,0.48264,-0.04764,0.435,0.47834,-0.04334
2,2023,44482.9,OPEN,0.43,0.48264,-0.05264,0.43,0.47487,-0.04487
2,2024,44504.2,OPEN,0.425,0.47917,-0.05417,0.425,0.47834,-0.05334
2,2025,44522.8,OPEN,0.42,0.47917,-0.05917,0.42,0.4714,-0.0514
2,2026,44543.9,OPEN,0.415,0.47396,-0.05896,0.415,0.46794,-0.05294
2,2027,44567.9,OPEN,0.41,0.46701,-0.05701,0.41,0.46447,-0.05447
2,2028,44585.1,OPEN,0.405,0.46528,-0.06028,0.405,0.4662,-0.0612
2,2029,44608.7,OPEN,0.4,0.46007,-0.06007,0.4,0.46101,-0.06101
2,2030,44628.7,OPEN,0.395,0.45486,-0.05986,0.395,0.45061,-0.05561
2,2031,44649.1,OPEN,0.39,0.44965,-0.05965,0.39,0.44887,-0.05887
2,2032,44669.1,OPEN,0.385,0.44444,-0.05944,0.385,0.44021,-0.05521
2,2033,44691.7,OPEN,0.38,0.43924,-0.05924,0.38,0.43847,-0.05847
2,2034,44712.1,OPEN,0.375,0.43229,-0.05729,0.375,0.43154,-0.05654
2,2035,44731.9,OPEN,0.37,0.42882,-0.05882,0.37,0.42288,-0.05288
2,2036,44752.1,OPEN,0.365,0.42361,-0.05861,0.365,0.41941,-0.05441
2,2037,44773.1,OPEN,0.36,0.41667,-0.05667,0.36,0.41248,-0.05248
2,2038,44793.6,OPEN,0.355,0.41146,-0.05646,0.355,0.40728,-0.05228
2,2039,44815.6,OPEN,0.35,0.40625,-0.05625,0.35,0.40035,-0.05035
2,2040,44836.1,OPEN,0.345,0.40104,-0.05604,0.345,0.39688,-0.05188
2,2041,44856.8,OPEN,0.34,0.39757,-0.05757,0.34,0.38995,-0.04995
2,2042,44878.1,OPEN,0.335,0.39062,-0.05563,0.335,0.38475,-0.04975
2,2043,44899.4,OPEN,0.33,0.38542,-0.05542,0.33,0.37955,-0.04955
2,2044,44919.1,OPEN,0.325,0.38021,-0.05521,0.325,0.37608,-0.05108
2,2045,44940.4,OPEN,0.32,0.37674,-0.05674,0.32,0.37088,-0.05088
2,2046,44960.3,OPEN,0.315,0.36979,-0.05479,0.315,0.36568,-0.05068
2,2047,44982.4,OPEN,0.31,0.36458,-0.05458,0.31,0.36049,-0.05049
2,2048,45001.6,OPEN,0.305,0.35764,-0.05264,0.305,0.35529,-0.05029
2,2049,45023.3,OPEN,0.3,0.35417,-0.05417,0.3,0.35182,-0.05182
2,2050,45043.7,OPEN,0.295,0.34896,-0.05396,0.295,0.34662,-0.05162
2,2051,45066.8,OPEN,0.29,0.34201,-0.05201,0.29,0.34142,-0.05142
2,2052,45087.8,OPEN,0.285,0.33681,-0.05181,0.285,0.33622,-0.05122
2,2053,45106.7,OPEN,0.28,0.3316,-0.0516,0.28,0.33102,-0.05102
2,2054,45127.2,OPEN,0.275,0.32639,-0.05139,0.275,0.32756,-0.05256
2,2055,45148.8,OPEN,0.27,0.32118,-0.05118,0.27,0.32062,-0.05062
2,2056,45169.8,OPEN,0.265,0.31597,-0.05097,0.265,0.31889,-0.05389
2,2057,45190.5,OPEN,0.26,0.31076,-0.05076,0.26,0.31023,-0.05023
2,2058,45212.3,OPEN,0.255,0.30729,-0.05229,0.255,0.30503,-0.05003
2,2059,45231.3,OPEN,0.25,0.30208,-0.05208,0.25,0.30156,-0.05156
2,2060,45252.0,OPEN,0.245,0.29688,-0.05188,0.245,0.29463,-0.04963
2,2061,45273.0,OPEN,0.24,0.29167,-0.05167,0.24,0.29116,-0.05116
2,2062,45293.9,OPEN,0.235,0.28646,-0.05146,0.235,0.28596,-0.05096
2,2063,45314.2,OPEN,0.23,0.28299,-0.05299,0.23,0.28423,-0.05423
2,2064,45336.6,OPEN,0.225,0.27604,-0.05104,0.225,0.2773,-0.0523
2,2065,45356.0,OPEN,0.22,0.27778,-0.05778,0.22,0.27036,-0.05036
2,2066,45378.0,OPEN,0.215,0.27083,-0.05583,0.215,0.26516,-0.05016
2,2067,45399.2,OPEN,0.21,0.26389,-0.05389,0.21,0.25997,-0.04997
2,2068,45420.0,OPEN,0.205,0.25868,-0.05368,0.205,0.25477,-0.04977
2,2069,45439.8,OPEN,0.2,0.25521,-0.05521,0.2,0.24957,-0.04957
2,2070,45461.3,OPEN,0.195,0.25174,-0.05674,0.195,0.24437,-0.04937
2,2071,45481.7,OPEN,0.19,0.24306,-0.05306,0.19,0.2409,-0.0509
2,2072,45503.1,OPEN,0.185,0.23958,-0.05458,0.185,0.2357,-0.0507
2,2073,45525.7,OPEN,0.18,0.23785,-0.05785,0.18,0.22704,-0.04704
2,2074,45542.8,OPEN,0.175,0.23264,-0.05764,0.175,0.22184,-0.04684
2,2075,45565.4,OPEN,0.17,0.22396,-0.05396,0.17,0.21664,-0.04664
2,2076,45587.8,OPEN,0.165,0.21528,-0.05028,0.165,0.20971,-0.04471
2,2077,45607.3,OPEN,0.16,0.21181,-0.05181,0.16,0.20451,-0.04451
2,2078,45629.5,OPEN,0.155,0.2066,-0.0516,0.155,0.19931,-0.04431
2,2079,45650.5,OPEN,0.15,0.20139,-0.05139,0.15,0.19584,-0.04584
2,2080,45671.3,OPEN,0.145,0.19444,-0.04944,0.145,0.18718,-0.04218
2,2081,45689.7,OPEN,0.14,0.18924,-0.04924,0.14,0.18371,-0.04371
2,2082,45710.6,OPEN,0.135,0.18229,-0.04729,0.135,0.17851,-0.04351
2,2083,45732.5,OPEN,0.13,0.17708,-0.04708,0.13,0.17331,-0.04331
2,2084,45753.4,OPEN,0.125,0.17188,-0.04688,0.125,0.17158,-0.04658
2,2085,45773.7,OPEN,0.12,0.16667,-0.04667,0.12,0.16464,-0.04464
2,2086,45794.9,OPEN,0.115,0.16319,-0.04819,0.115,0.15945,-0.04445
2,2087,45814.1,OPEN,0.11,0.16146,-0.05146,0.11,0.15771,-0.04771
2,2088,45835.0,OPEN,0.105,0.15451,-0.04951,0.105,0.14905,-0.04405
2,2089,45856.8,OPEN,0.1,0.14757,-0.04757,0.1,0.14558,-0.04558
2,2090,45876.6,OPEN,0.095,0.1441,-0.0491,0.095,0.14385,-0.04885
2,2091,45899.3,OPEN,0.09,0.13889,-0.04889,0.09,0.14038,-0.05038
2,2092,45921.0,OPEN,0.085,0.13542,-0.05042,0.085,0.13518,-0.05018
2,2093,45940.7,OPEN,0.08,0.13889,-0.05889,0.08,0.12998,-0.04998
2,2094,45960.8,OPEN,0.075,0.13368,-0.05868,0.075,0.12478,-0.04978
2,2095,45981.0,OPEN,0.07,0.15451,-0.08451,0.07,0.11958,-0.04958
2,2096,46002.9,OPEN,0.065,0.11806,-0.05306,0.065,0.11612,-0.05112
2,2097,46026.8,OPEN,0.06,0.11285,-0.05285,0.06,0.10745,-0.04745
2,2098,46045.9,OPEN,0.055,0.11111,-0.05611,0.055,0.10225,-0.04725
2,2099,46066.6,OPEN,0.05,0.10069,-0.05069,0.05,0.09879,-0.04879
2,2100,46087.1,OPEN,0.045,0.09549,-0.05049,0.045,0.08839,-0.04339
2,2101,46108.8,OPEN,0.04,0.09028,-0.05028,0.04,0.08319,-0.04319
2,2102,46128.2,OPEN,0.035,0.08507,-0.05007,0.035,0.07972,-0.04472
2,2103,46150.1,OPEN,0.03,0.0816,-0.0516,0.03,0.07452,-0.04452
2,2104,46168.9,OPEN,0.025,0.07639,-0.05139,0.025,0.06759,-0.04259
2,2105,46190.6,OPEN,0.02,0.06771,-0.04771,0.02,0.06239,-0.04239
2,2106,46212.0,OPEN,0.015,0.06944,-0.05444,0.015,0.05719,-0.04219
2,2107,46232.1,OPEN,0.01,0.06076,-0.05076,0.01,0.05199,-0.04199
2,2108,46252.2,OPEN,0.005,0.05382,-0.04882,0.005,0.04853,-0.04353
2,2109,46274.1,OPEN,0.0,0.04861,-0.04861,0.0,0.05026,-0.05026
2,2110,46280.6,HOLD_OPEN,0.0,0.04861,-0.04861,0.0,0.04159,-0.04159
2,2111,46302.6,HOLD_OPEN,0.0,0.04167,-0.04167,0.0,0.03813,-0.03813
2,2112,46322.4,HOLD_OPEN,0.0,0.03472,-0.03472,0.0,0.03466,-0.03466
2,2113,46344.6,HOLD_OPEN,0.0,0.03299,-0.03299,0.0,0.02946,-0.02946
2,2114,46364.5,HOLD_OPEN,0.0,0.02951,-0.02951,0.0,0.02426,-0.02426
2,2115,46385.5,HOLD_OPEN,0.0,0.02257,-0.02257,0.0,0.01906,-0.01906
2,2116,46407.6,HOLD_OPEN,0.0,0.0191,-0.0191,0.0,0.01386,-0.01386
2,2117,46428.4,HOLD_OPEN,0.0,0.01562,-0.01562,0.0,0.0104,-0.0104
2,2118,46449.5,HOLD_OPEN,0.0,0.01215,-0.01215,0.0,0.00693,-0.00693
2,2119,46469.2,HOLD_OPEN,0.0,0.01042,-0.01042,0.0,0.00347,-0.00347
2,2120,46491.4,HOLD_OPEN,0.0,0.00868,-0.00868,0.0,0.00173,-0.00173
2,2121,46511.8,HOLD_OPEN,0.0,0.00694,-0.00694,0.0,0.0,0.0
2,2122,46532.0,HOLD_OPEN,0.0,0.00868,-0.00868,0.0,0.0,0.0
2,2123,46552.2,HOLD_OPEN,0.0,0.00868,-0.00868,0.0,0.0,0.0
2,2124,46573.8,HOLD_OPEN,0.0,0.00694,-0.00694,0.0,0.0,0.0
2,2125,46595.2,HOLD_OPEN,0.0,0.00694,-0.00694,0.0,0.0,0.0
2,2126,46616.2,HOLD_OPEN,0.0,0.00694,-0.00694,0.0,0.0,0.0
2,2127,46635.6,HOLD_OPEN,0.0,0.00694,-0.00694,0.0,0.0,0.0
2,2128,46657.4,HOLD_OPEN,0.0,0.00694,-0.00694,0.0,0.0,0.0
2,2129,46678.5,HOLD_OPEN,0.0,0.00868,-0.00868,0.0,0.0,0.0
2,2130,46698.4,HOLD_OPEN,0.0,0.01042,-0.01042,0.0,0.0,0.0
2,2131,46718.7,HOLD_OPEN,0.0,0.00868,-0.00868,0.0,0.0,0.0
2,2132,46740.1,HOLD_OPEN,0.0,0.00694,-0.00694,0.0,0.0,0.0
2,2133,46762.3,HOLD_OPEN,0.0,0.00868,-0.00868,0.0,0.0,0.0
2,2134,46783.1,HOLD_OPEN,0.0,0.00694,-0.00694,0.0,0.0,0.0
2,2135,46804.6,HOLD_OPEN,0.0,0.00694,-0.00694,0.0,0.0,0.0
2,2136,46824.5,HOLD_OPEN,0.0,0.00694,-0.00694,0.0,0.0,0.0
2,2137,46846.2,HOLD_OPEN,0.0,0.00694,-0.00694,0.0,0.0,0.0
2,2138,46865.0,HOLD_OPEN,0.0,0.00694,-0.00694,0.0,0.0,0.0
2,2139,46885.8,HOLD_OPEN,0.0,0.00694,-0.00694,0.0,0.0,0.0
2,2140,46908.1,HOLD_OPEN,0.0,0.00694,-0.00694,0.0,0.0,0.0
2,2141,46927.9,HOLD_OPEN,0.0,0.00521,-0.00521,0.0,0.0,0.0
2,2142,46949.4,HOLD_OPEN,0.0,0.00694,-0.00694,0.0,0.0,0.0
2,2143,46970.0,HOLD_OPEN,0.0,0.00694,-0.00694,0.0,0.0,0.0
2,2144,46989.6,HOLD_OPEN,0.0,0.00694,-0.00694,0.0,0.0,0.0
2,2145,47009.9,HOLD_OPEN,0.0,0.00694,-0.00694,0.0,0.0,0.0
2,2146,47032.5,HOLD_OPEN,0.0,0.00694,-0.00694,0.0,0.0,0.0
2,2147,47053.2,HOLD_OPEN,0.0,0.00694,-0.00694,0.0,0.0,0.0
2,2148,47073.0,HOLD_OPEN,0.0,0.00694,-0.00694,0.0,0.0,0.0
2,2149,47093.7,HOLD_OPEN,0.0,0.00694,-0.00694,0.0,0.0,0.0
2,2150,47115.8,HOLD_OPEN,0.0,0.00694,-0.00694,0.0,0.0,0.0
2,2151,47136.9,HOLD_OPEN,0.0,0.00694,-0.00694,0.0,0.0,0.0
2,2152,47156.2,HOLD_OPEN,0.0,0.00521,-0.00521,0.0,0.0,0.0
2,2153,47179.5,HOLD_OPEN,0.0,0.00694,-0.00694,0.0,0.0,0.0
2,2154,47199.0,HOLD_OPEN,0.0,0.00694,-0.00694,0.0,0.0,0.0
2,2155,47219.6,HOLD_OPEN,0.0,0.00694,-0.00694,0.0,0.0,0.0
2,2156,47240.2,HOLD_OPEN,0.0,0.00694,-0.00694,0.0,0.0,0.0
2,2157,47263.5,HOLD_OPEN,0.0,0.00694,-0.00694,0.0,0.0,0.0
2,2158,47282.5,HOLD_OPEN,0.0,0.00694,-0.00694,0.0,0.0,0.0
2,2159,47303.8,HOLD_OPEN,0.0,0.00694,-0.00694,0.0,0.0,0.0
2,2160,47324.3,HOLD_OPEN,0.0,0.00694,-0.00694,0.0,0.0,0.0
2,2161,47346.2,HOLD_OPEN,0.0,0.00521,-0.00521,0.0,0.0,0.0
2,2162,47367.1,HOLD_OPEN,0.0,0.00694,-0.00694,0.0,0.0,0.0
2,2163,47387.4,HOLD_OPEN,0.0,0.00694,-0.00694,0.0,0.0,0.0
2,2164,47405.9,HOLD_OPEN,0.0,0.00694,-0.00694,0.0,0.0,0.0
2,2165,47429.1,HOLD_OPEN,0.0,0.00694,-0.00694,0.0,0.0,0.0
2,2166,47448.1,HOLD_OPEN,0.0,0.00521,-0.00521,0.0,0.0,0.0
2,2167,47470.7,HOLD_OPEN,0.0,0.00868,-0.00868,0.0,0.0,0.0
2,2168,47489.9,HOLD_OPEN,0.0,0.00694,-0.00694,0.0,0.0,0.0
2,2169,47511.5,HOLD_OPEN,0.0,0.00694,-0.00694,0.0,0.0,0.0
2,2170,47534.8,CLOSE_2,0.005,0.00694,-0.00194,0.005,0.0,0.005
2,2171,47552.7,CLOSE_2,0.01,0.00521,0.00479,0.01,0.0,0.01
2,2172,47574.4,CLOSE_2,0.015,0.00694,0.00806,0.015,0.0,0.015
2,2173,47596.2,CLOSE_2,0.02,0.00694,0.01306,0.02,0.0,0.02
2,2174,47616.6,CLOSE_2,0.025,0.00868,0.01632,0.025,0.0,0.025
2,2175,47636.9,CLOSE_2,0.03,0.00868,0.02132,0.03,0.0,0.03
2,2176,47660.3,CLOSE_2,0.035,0.00694,0.02806,0.035,0.0,0.035
2,2177,47681.6,CLOSE_2,0.04,0.00521,0.03479,0.04,0.0104,0.0296
2,2178,47701.1,CLOSE_2,0.045,0.00521,0.03979,0.045,0.0,0.045
2,2179,47722.0,CLOSE_2,0.05,0.00521,0.04479,0.05,0.00173,0.04827
2,2180,47742.6,CLOSE_2,0.055,0.00521,0.04979,0.055,0.0104,0.0446
2,2181,47764.9,CLOSE_2,0.06,0.00868,0.05132,0.06,0.0104,0.0496
2,2182,47785.4,CLOSE_2,0.065,0.01215,0.05285,0.065,0.01733,0.04767
2,2183,47804.8,CLOSE_2,0.07,0.0191,0.0509,0.07,0.02426,0.04574
2,2184,47825.0,CLOSE_2,0.075,0.02431,0.05069,0.075,0.0312,0.0438
2,2185,47846.0,CLOSE_2,0.08,0.03125,0.04875,0.08,0.03813,0.04187
2,2186,47867.4,CLOSE_2,0.085,0.04167,0.04333,0.085,0.04506,0.03994
2,2187,47888.3,CLOSE_2,0.09,0.05035,0.03965,0.09,0.05373,0.03627
2,2188,47909.2,CLOSE_2,0.095,0.0625,0.0325,0.095,0.06066,0.03434
2,2189,47929.1,CLOSE_2,0.1,0.06597,0.03403,0.1,0.06932,0.03068
2,2190,47951.6,CLOSE_2,0.105,0.07812,0.02688,0.105,0.07626,0.02874
2,2191,47971.3,CLOSE_2,0.11,0.0816,0.0284,0.11,0.08319,0.02681
2,2192,47992.4,CLOSE_2,0.115,0.09028,0.02472,0.115,0.08839,0.02661
2,2193,48011.8,CLOSE_2,0.12,0.09375,0.02625,0.12,0.09359,0.02641
2,2194,48032.5,CLOSE_2,0.125,0.09896,0.02604,0.125,0.09879,0.02621
2,2195,48055.1,CLOSE_2,0.13,0.10417,0.02583,0.13,0.10399,0.02601
2,2196,48076.0,CLOSE_2,0.135,0.10938,0.02563,0.135,0.10745,0.02755
2,2197,48097.7,CLOSE_2,0.14,0.11111,0.02889,0.14,0.11092,0.02908
2,2198,48117.4,CLOSE_2,0.145,0.11458,0.03042,0.145,0.11438,0.03062
2,2199,48137.3,CLOSE_2,0.15,0.11632,0.03368,0.15,0.11612,0.03388
2,2200,48159.5,CLOSE_2,0.155,0.11979,0.03521,0.155,0.11785,0.03715
2,2201,48181.1,CLOSE_2,0.16,0.12326,0.03674,0.16,0.12132,0.03868
2,2202,48200.5,CLOSE_2,0.165,0.12674,0.03826,0.165,0.12652,0.03848
2,2203,48221.4,CLOSE_2,0.17,0.13021,0.03979,0.17,0.12825,0.04175
2,2204,48242.8,CLOSE_2,0.175,0.13542,0.03958,0.175,0.12998,0.04502
2,2205,48262.5,CLOSE_2,0.18,0.13889,0.04111,0.18,0.14038,0.03962
2,2206,48283.5,CLOSE_2,0.185,0.14757,0.03743,0.185,0.14038,0.04462
2,2207,48304.7,CLOSE_2,0.19,0.14931,0.04069,0.19,0.14385,0.04615
2,2208,48323.8,CLOSE_2,0.195,0.15451,0.04049,0.195,0.14905,0.04595
2,2209,48346.1,CLOSE_2,0.2,0.16146,0.03854,0.2,0.15425,0.04575
2,2210,48365.5,CLOSE_2,0.205,0.16667,0.03833,0.205,0.15771,0.04729
2,2211,48387.3,CLOSE_2,0.21,0.17188,0.03813,0.21,0.16464,0.04536
2,2212,48409.5,CLOSE_2,0.215,0.1875,0.0275,0.215,0.16984,0.04516
2,2213,48429.8,CLOSE_2,0.22,0.19097,0.02903,0.22,0.17851,0.04149
2,2214,48450.2,CLOSE_2,0.225,0.19271,0.03229,0.225,0.18371,0.04129
2,2215,48470.4,CLOSE_2,0.23,0.19618,0.03382,0.23,0.18891,0.04109
2,2216,48492.2,CLOSE_2,0.235,0.20139,0.03361,0.235,0.19584,0.03916
2,2217,48513.3,CLOSE_2,0.24,0.20486,0.03514,0.24,0.20277,0.03723
2,2218,48534.9,CLOSE_2,0.245,0.21181,0.03319,0.245,0.20797,0.03703
2,2219,48552.9,CLOSE_2,0.25,0.2066,0.0434,0.25,0.2149,0.0351
2,2220,48573.7,CLOSE_2,0.255,0.22396,0.03104,0.255,0.2201,0.0349
2,2221,48596.7,CLOSE_2,0.26,0.22569,0.03431,0.26,0.22877,0.03123
2,2222,48617.0,CLOSE_2,0.265,0.22917,0.03583,0.265,0.23224,0.03276
2,2223,48640.5,CLOSE_2,0.27,0.23611,0.03389,0.27,0.2357,0.0343
2,2224,48659.2,CLOSE_2,0.275,0.24132,0.03368,0.275,0.2409,0.0341
2,2225,48679.0,CLOSE_2,0.28,0.24479,0.03521,0.28,0.24957,0.03043
2,2226,48700.1,CLOSE_2,0.285,0.25,0.035,0.285,0.2513,0.0337
2,2227,48720.3,CLOSE_2,0.29,0.25521,0.03479,0.29,0.25477,0.03523
2,2228,48741.4,CLOSE_2,0.295,0.26042,0.03458,0.295,0.26343,0.03157
2,2229,48764.1,CLOSE_2,0.3,0.26736,0.03264,0.3,0.26516,0.03484
2,2230,48783.5,CLOSE_2,0.305,0.27083,0.03417,0.305,0.27556,0.02944
2,2231,48804.7,CLOSE_2,0.31,0.27778,0.03222,0.31,0.27903,0.03097
2,2232,48826.3,CLOSE_2,0.315,0.28125,0.03375,0.315,0.27903,0.03597
2,2233,48846.8,CLOSE_2,0.32,0.28819,0.03181,0.32,0.2825,0.0375
2,2234,48866.2,CLOSE_2,0.325,0.29861,0.02639,0.325,0.28769,0.03731
2,2235,48886.8,CLOSE_2,0.33,0.29688,0.03313,0.33,0.29289,0.03711
2,2236,48907.6,CLOSE_2,0.335,0.30382,0.03118,0.335,0.29636,0.03864
2,2237,48929.0,CLOSE_2,0.34,0.3125,0.0275,0.34,0.30156,0.03844
2,2238,48950.1,CLOSE_2,0.345,0.31076,0.03424,0.345,0.30503,0.03997
2,2239,48970.1,CLOSE_2,0.35,0.31771,0.03229,0.35,0.30849,0.04151
2,2240,48990.6,CLOSE_2,0.355,0.32292,0.03208,0.355,0.31196,0.04304
2,2241,49010.8,CLOSE_2,0.36,0.32639,0.03361,0.36,0.31196,0.04804
2,2242,49032.8,CLOSE_2,0.365,0.32986,0.03514,0.365,0.31889,0.04611
2,2243,49055.2,CLOSE_2,0.37,0.33333,0.03667,0.37,0.32582,0.04418
2,2244,49075.5,CLOSE_2,0.375,0.33507,0.03993,0.375,0.33102,0.04398
2,2245,49096.6,CLOSE_2,0.38,0.33681,0.04319,0.38,0.33969,0.04031
2,2246,49118.6,CLOSE_2,0.385,0.34896,0.03604,0.385,0.35182,0.03318
2,2247,49139.5,CLOSE_2,0.39,0.3559,0.0341,0.39,0.35355,0.03645
2,2248,49159.1,CLOSE_2,0.395,0.35938,0.03563,0.395,0.36395,0.03105
2,2249,49181.2,CLOSE_2,0.4,0.36632,0.03368,0.4,0.36742,0.03258
2,2250,49200.2,CLOSE_2,0.405,0.375,0.03,0.405,0.37435,0.03065
2,2251,49220.5,CLOSE_2,0.41,0.37847,0.03153,0.41,0.38128,0.02872
2,2252,49241.7,CLOSE_2,0.415,0.38194,0.03306,0.415,0.38821,0.02679
2,2253,49263.4,CLOSE_2,0.42,0.39062,0.02938,0.42,0.39341,0.02659
2,2254,49283.6,CLOSE_2,0.425,0.39583,0.02917,0.425,0.39861,0.02639
2,2255,49304.7,CLOSE_2,0.43,0.40278,0.02722,0.43,0.40208,0.02792
2,2256,49325.7,CLOSE_2,0.435,0.40799,0.02701,0.435,0.40555,0.02945
2,2257,49345.2,CLOSE_2,0.44,0.41146,0.02854,0.44,0.40901,0.03099
2,2258,49365.2,CLOSE_2,0.445,0.41667,0.02833,0.445,0.41421,0.03079
2,2259,49388.0,CLOSE_2,0.45,0.42188,0.02813,0.45,0.41594,0.03406
2,2260,49407.4,CLOSE_2,0.455,0.42361,0.03139,0.455,0.42288,0.03212
2,2261,49429.4,CLOSE_2,0.46,0.43056,0.02944,0.46,0.42461,0.03539
2,2262,49449.9,CLOSE_2,0.465,0.43576,0.02924,0.465,0.43154,0.03346
2,2263,49471.8,CLOSE_2,0.47,0.44097,0.02903,0.47,0.43501,0.03499
2,2264,49491.6,CLOSE_2,0.475,0.44444,0.03056,0.475,0.44021,0.03479
2,2265,49514.7,CLOSE_2,0.48,0.45312,0.02688,0.48,0.44541,0.03459
2,2266,49534.5,CLOSE_2,0.485,0.45486,0.03014,0.485,0.45061,0.03439
2,2267,49553.9,CLOSE_2,0.49,0.45833,0.03167,0.49,0.45754,0.03246
2,2268,49574.1,CLOSE_2,0.495,0.46528,0.02972,0.495,0.46101,0.03399
2,2269,49595.6,CLOSE_2,0.5,0.47396,0.02604,0.5,0.46794,0.03206
2,2270,49618.1,CLOSE_2,0.505,0.47569,0.02931,0.505,0.47314,0.03186
2,2271,49638.1,CLOSE_2,0.51,0.4809,0.0291,0.51,0.4818,0.0282
2,2272,49659.3,CLOSE_2,0.515,0.48785,0.02715,0.515,0.48007,0.03493
2,2273,49680.0,CLOSE_2,0.52,0.48958,0.03042,0.52,0.49567,0.02433
2,2274,49700.8,CLOSE_2,0.525,0.50521,0.01979,0.525,0.50087,0.02413
2,2275,49720.1,CLOSE_2,0.53,0.50868,0.02132,0.53,0.5078,0.0222
2,2276,49740.9,CLOSE_2,0.535,0.51736,0.01764,0.535,0.51473,0.02027
2,2277,49762.5,CLOSE_2,0.54,0.52604,0.01396,0.54,0.5234,0.0166
2,2278,49783.6,CLOSE_2,0.545,0.52951,0.01549,0.545,0.52513,0.01987
2,2279,49805.3,CLOSE_2,0.55,0.53125,0.01875,0.55,0.52686,0.02314
2,2280,49825.2,CLOSE_2,0.555,0.53472,0.02028,0.555,0.5286,0.0264
2,2281,49846.1,CLOSE_2,0.56,0.53646,0.02354,0.56,0.5338,0.0262
2,2282,49866.2,CLOSE_2,0.565,0.53646,0.02854,0.565,0.53033,0.03467
2,2283,49886.4,CLOSE_2,0.57,0.53819,0.03181,0.57,0.5338,0.0362
2,2284,49907.5,CLOSE_2,0.575,0.54167,0.03333,0.575,0.53553,0.03947
2,2285,49928.6,CLOSE_2,0.58,0.54514,0.03486,0.58,0.54073,0.03927
2,2286,49950.8,CLOSE_2,0.585,0.54688,0.03813,0.585,0.54419,0.04081
2,2287,49971.7,CLOSE_2,0.59,0.55382,0.03618,0.59,0.54766,0.04234
2,2288,49991.6,CLOSE_2,0.595,0.55556,0.03944,0.595,0.55286,0.04214
2,2289,50011.8,CLOSE_2,0.6,0.5625,0.0375,0.6,0.55806,0.04194
2,2290,50034.7,CLOSE_2,0.605,0.57292,0.03208,0.605,0.56153,0.04347
2,2291,50055.2,CLOSE_2,0.61,0.5816,0.0284,0.61,0.56846,0.04154
2,2292,50076.9,CLOSE_2,0.615,0.57812,0.03688,0.615,0.57886,0.03614
2,2293,50096.4,CLOSE_2,0.62,0.58507,0.03493,0.62,0.58059,0.03941
2,2294,50117.9,CLOSE_2,0.625,0.59375,0.03125,0.625,0.58752,0.03748
2,2295,50138.0,CLOSE_2,0.63,0.59896,0.03104,0.63,0.59445,0.03555
2,2296,50157.3,CLOSE_2,0.635,0.60243,0.03257,0.635,0.60139,0.03361
2,2297,50179.3,CLOSE_2,0.64,0.61632,0.02368,0.64,0.60485,0.03515
2,2298,50198.6,CLOSE_2,0.645,0.61458,0.03042,0.645,0.61005,0.03495
2,2299,50219.7,CLOSE_2,0.65,0.61806,0.03194,0.65,0.61698,0.03302
2,2300,50242.5,CLOSE_2,0.655,0.625,0.03,0.655,0.62565,0.02935
2,2301,50262.7,CLOSE_2,0.66,0.63021,0.02979,0.66,0.62738,0.03262
2,2302,50282.1,CLOSE_2,0.665,0.63542,0.02958,0.665,0.63258,0.03242
2,2303,50304.2,CLOSE_2,0.67,0.64062,0.02938,0.67,0.64125,0.02875
2,2304,50325.9,CLOSE_2,0.675,0.64583,0.02917,0.675,0.64298,0.03202
2,2305,50344.8,CLOSE_2,0.68,0.65104,0.02896,0.68,0.65165,0.02835
2,2306,50365.7,CLOSE_2,0.685,0.65799,0.02701,0.685,0.65165,0.03335
2,2307,50387.2,CLOSE_2,0.69,0.65972,0.03028,0.69,0.66031,0.02969
2,2308,50407.2,CLOSE_2,0.695,0.6684,0.0266,0.695,0.66378,0.03122
2,2309,50427.3,CLOSE_2,0.7,0.67014,0.02986,0.7,0.66898,0.03102
2,2310,50448.5,CLOSE_2,0.705,0.67535,0.02965,0.705,0.67418,0.03082
2,2311,50470.4,CLOSE_2,0.71,0.67882,0.03118,0.71,0.67764,0.03236
2,2312,50492.2,CLOSE_2,0.715,0.69097,0.02403,0.715,0.68111,0.03389
2,2313,50514.5,CLOSE_2,0.72,0.69618,0.02382,0.72,0.68804,0.03196
2,2314,50534.7,CLOSE_2,0.725,0.69618,0.02882,0.725,0.69151,0.03349
2,2315,50554.1,CLOSE_2,0.73,0.70833,0.02167,0.73,0.69671,0.03329
2,2316,50575.6,CLOSE_2,0.735,0.70486,0.03014,0.735,0.70191,0.03309
2,2317,50596.5,CLOSE_2,0.74,0.71181,0.02819,0.74,0.70537,0.03463
2,2318,50617.3,CLOSE_2,0.745,0.71701,0.02799,0.745,0.71057,0.03443
2,2319,50637.3,CLOSE_2,0.75,0.72049,0.02951,0.75,0.7175,0.0325
2,2320,50658.3,CLOSE_2,0.755,0.72569,0.02931,0.755,0.72617,0.02883
2,2321,50678.0,CLOSE_2,0.76,0.7309,0.0291,0.76,0.7279,0.0321
2,2322,50700.6,CLOSE_2,0.765,0.73611,0.02889,0.765,0.72964,0.03536
2,2323,50721.3,CLOSE_2,0.77,0.74132,0.02868,0.77,0.73657,0.03343
2,2324,50742.2,CLOSE_2,0.775,0.74653,0.02847,0.775,0.74003,0.03497
2,2325,50763.4,CLOSE_2,0.78,0.75,0.03,0.78,0.74523,0.03477
2,2326,50782.5,CLOSE_2,0.785,0.75347,0.03153,0.785,0.7487,0.0363
2,2327,50804.5,CLOSE_2,0.79,0.76562,0.02438,0.79,0.7591,0.0309
2,2328,50826.0,CLOSE_2,0.795,0.76215,0.03285,0.795,0.76083,0.03417
2,2329,50844.3,CLOSE_2,0.8,0.76736,0.03264,0.8,0.76603,0.03397
2,2330,50865.6,CLOSE_2,0.805,0.77257,0.03243,0.805,0.77643,0.02857
2,2331,50887.2,CLOSE_2,0.81,0.77778,0.03222,0.81,0.77643,0.03357
2,2332,50908.3,CLOSE_2,0.815,0.78646,0.02854,0.815,0.78163,0.03337
2,2333,50929.2,CLOSE_2,0.82,0.78993,0.03007,0.82,0.79376,0.02624
2,2334,50950.7,CLOSE_2,0.825,0.79514,0.02986,0.825,0.79376,0.03124
2,2335,50971.1,CLOSE_2,0.83,0.80035,0.02965,0.83,0.79723,0.03277
2,2336,50993.0,CLOSE_2,0.835,0.80208,0.03292,0.835,0.80416,0.03084
2,2337,51013.2,CLOSE_2,0.84,0.80903,0.03097,0.84,0.80936,0.03064
2,2338,51035.7,CLOSE_2,0.845,0.81771,0.02729,0.845,0.81456,0.03044
2,2339,51053.9,CLOSE_2,0.85,0.82292,0.02708,0.85,0.82322,0.02678
2,2340,51074.9,CLOSE_2,0.855,0.82639,0.02861,0.855,0.82322,0.03178
2,2341,51097.6,CLOSE_2,0.86,0.8316,0.0284,0.86,0.83189,0.02811
2,2342,51117.8,CLOSE_2,0.865,0.84201,0.02299,0.865,0.83016,0.03484
2,2343,51137.4,CLOSE_2,0.87,0.84201,0.02799,0.87,0.83709,0.03291
2,2344,51157.0,CLOSE_2,0.875,0.84722,0.02778,0.875,0.84402,0.03098
2,2345,51177.8,CLOSE_2,0.88,0.85417,0.02583,0.88,0.84575,0.03425
2,2346,51199.3,CLOSE_2,0.885,0.8559,0.0291,0.885,0.85269,0.03231
2,2347,51221.1,CLOSE_2,0.89,0.85938,0.03063,0.89,0.85615,0.03385
2,2348,51242.3,CLOSE_2,0.895,0.86632,0.02868,0.895,0.86308,0.03192
2,2349,51262.4,CLOSE_2,0.9,0.86806,0.03194,0.9,0.86828,0.03172
2,2350,51283.7,CLOSE_2,0.905,0.875,0.03,0.905,0.87002,0.03498
2,2351,51303.8,CLOSE_2,0.91,0.88194,0.02806,0.91,0.87868,0.03132
2,2352,51323.7,CLOSE_2,0.915,0.88542,0.02958,0.915,0.88562,0.02938
2,2353,51344.5,CLOSE_2,0.92,0.88889,0.03111,0.92,0.88562,0.03438
2,2354,51365.5,CLOSE_2,0.925,0.8941,0.0309,0.925,0.89081,0.03419
2,2355,51387.0,CLOSE_2,0.93,0.90451,0.02549,0.93,0.88215,0.04785
2,2356,51409.6,CLOSE_2,0.935,0.90104,0.03396,0.935,0.90815,0.02685
2,2357,51429.7,CLOSE_2,0.94,0.90799,0.03201,0.94,0.91334,0.02666
2,2358,51451.8,CLOSE_2,0.945,0.91667,0.02833,0.945,0.91334,0.03166
2,2359,51471.7,CLOSE_2,0.95,0.92535,0.02465,0.95,0.92374,0.02626
2,2360,51492.1,CLOSE_2,0.955,0.92361,0.03139,0.955,0.92721,0.02779
2,2361,51512.1,CLOSE_2,0.96,0.92708,0.03292,0.96,0.92894,0.03106
2,2362,51534.8,CLOSE_2,0.965,0.93924,0.02576,0.965,0.93588,0.02912
2,2363,51555.6,CLOSE_2,0.97,0.9375,0.0325,0.97,0.94107,0.02893
2,2364,51578.1,CLOSE_2,0.975,0.94444,0.03056,0.975,0.94627,0.02873
2,2365,51596.8,CLOSE_2,0.98,0.94965,0.03035,0.98,0.95321,0.02679
2,2366,51616.9,CLOSE_2,0.985,0.95312,0.03188,0.985,0.96014,0.02486
2,2367,51638.6,CLOSE_2,0.99,0.9566,0.0334,0.99,0.96187,0.02813
2,2368,51658.0,CLOSE_2,0.995,0.95833,0.03667,0.995,0.96707,0.02793
2,2369,51678.9,CLOSE_2,1.0,0.96528,0.03472,1.0,0.97054,0.02946
2,2370,51685.2,HOLD_2,1.0,0.96354,0.03646,1.0,0.974,0.026
2,2371,51707.6,HOLD_2,1.0,0.97049,0.02951,1.0,0.97747,0.02253
2,2372,51725.7,HOLD_2,1.0,0.97222,0.02778,1.0,0.98094,0.01906
2,2373,51746.9,HOLD_2,1.0,0.97396,0.02604,1.0,0.98614,0.01386
2,2374,51769.2,HOLD_2,1.0,0.97396,0.02604,1.0,0.98267,0.01733
2,2375,51791.7,HOLD_2,1.0,0.97569,0.02431,1.0,0.9792,0.0208
2,2376,51811.8,HOLD_2,1.0,0.97396,0.02604,1.0,0.98267,0.01733
2,2377,51834.3,HOLD_2,1.0,0.97396,0.02604,1.0,0.98267,0.01733
2,2378,51852.7,HOLD_2,1.0,0.97569,0.02431,1.0,0.98094,0.01906
2,2379,51874.7,HOLD_2,1.0,0.98611,0.01389,1.0,0.9896,0.0104
2,2380,51893.9,HOLD_2,1.0,0.98438,0.01562,1.0,0.98267,0.01733
2,2381,51916.0,HOLD_2,1.0,0.97569,0.02431,1.0,0.98094,0.01906
2,2382,51935.9,HOLD_2,1.0,0.97743,0.02257,1.0,0.98267,0.01733
2,2383,51958.6,HOLD_2,1.0,0.97569,0.02431,1.0,0.98267,0.01733
2,2384,51977.7,HOLD_2,1.0,0.97569,0.02431,1.0,0.98267,0.01733
2,2385,51997.8,HOLD_2,1.0,0.97743,0.02257,1.0,0.98094,0.01906
2,2386,52020.0,HOLD_2,1.0,0.97569,0.02431,1.0,0.9844,0.0156
2,2387,52040.3,HOLD_2,1.0,0.97569,0.02431,1.0,0.98267,0.01733
2,2388,52061.5,HOLD_2,1.0,0.97569,0.02431,1.0,0.98267,0.01733
2,2389,52082.9,HOLD_2,1.0,0.97569,0.02431,1.0,0.98267,0.01733
2,2390,52103.3,HOLD_2,1.0,0.97743,0.02257,1.0,0.98094,0.01906
2,2391,52124.2,HOLD_2,1.0,0.9809,0.0191,1.0,0.98614,0.01386
2,2392,52144.6,HOLD_2,1.0,0.98264,0.01736,1.0,0.98094,0.01906
2,2393,52166.2,HOLD_2,1.0,0.98438,0.01562,1.0,0.9844,0.0156
2,2394,52187.5,HOLD_2,1.0,0.98611,0.01389,1.0,0.98267,0.01733
2,2395,52209.5,HOLD_2,1.0,0.98611,0.01389,1.0,0.99133,0.00867
2,2396,52228.0,HOLD_2,1.0,0.98958,0.01042,1.0,0.99307,0.00693
2,2397,52249.5,HOLD_2,1.0,0.98958,0.01042,1.0,0.99133,0.00867
2,2398,52271.1,HOLD_2,1.0,1.0,0.0,1.0,0.9948,0.0052
2,2399,52292.9,HOLD_2,1.0,0.99653,0.00347,1.0,0.9948,0.0052
2,2400,52312.5,HOLD_2,1.0,0.99479,0.00521,1.0,0.9948,0.0052
2,2401,52333.2,HOLD_2,1.0,0.99306,0.00694,1.0,0.9948,0.0052
2,2402,52353.6,HOLD_2,1.0,0.99653,0.00347,1.0,0.99307,0.00693
2,2403,52374.2,HOLD_2,1.0,0.99653,0.00347,1.0,0.9948,0.0052
2,2404,52396.0,HOLD_2,1.0,0.99479,0.00521,1.0,0.9948,0.0052
2,2405,52416.0,HOLD_2,1.0,0.99306,0.00694,1.0,0.99307,0.00693
2,2406,52436.3,HOLD_2,1.0,0.99653,0.00347,1.0,0.99133,0.00867
2,2407,52458.0,HOLD_2,1.0,0.99653,0.00347,1.0,0.9948,0.0052
2,2408,52478.7,HOLD_2,1.0,0.99653,0.00347,1.0,0.9948,0.0052
2,2409,52499.0,HOLD_2,1.0,0.99306,0.00694,1.0,0.9948,0.0052
2,2410,52520.2,HOLD_2,1.0,0.99479,0.00521,1.0,0.9948,0.0052
2,2411,52540.1,HOLD_2,1.0,0.99479,0.00521,1.0,0.99307,0.00693
2,2412,52560.2,HOLD_2,1.0,0.99306,0.00694,1.0,0.9948,0.0052
2,2413,52582.9,HOLD_2,1.0,0.99479,0.00521,1.0,0.9948,0.0052
2,2414,52602.6,HOLD_2,1.0,0.99479,0.00521,1.0,0.99307,0.00693
2,2415,52624.4,HOLD_2,1.0,0.99479,0.00521,1.0,0.99307,0.00693
2,2416,52645.6,HOLD_2,1.0,0.99479,0.00521,1.0,0.9948,0.0052
2,2417,52665.0,HOLD_2,1.0,0.99306,0.00694,1.0,0.99133,0.00867
2,2418,52685.1,HOLD_2,1.0,0.99479,0.00521,1.0,0.99307,0.00693
2,2419,52707.5,HOLD_2,1.0,0.99306,0.00694,1.0,0.9948,0.0052
2,2420,52729.5,HOLD_2,1.0,0.99479,0.00521,1.0,0.9948,0.0052
2,2421,52749.4,HOLD_2,1.0,0.99653,0.00347,1.0,0.9948,0.0052
2,2422,52771.1,HOLD_2,1.0,0.99479,0.00521,1.0,0.9948,0.0052
2,2423,52791.7,HOLD_2,1.0,0.99653,0.00347,1.0,0.9948,0.0052
2,2424,52811.1,HOLD_2,1.0,0.99479,0.00521,1.0,0.99307,0.00693
2,2425,52832.4,HOLD_2,1.0,0.99306,0.00694,1.0,0.9948,0.0052
2,2426,52853.6,HOLD_2,1.0,0.99306,0.00694,1.0,0.9948,0.0052
2,2427,52872.9,HOLD_2,1.0,0.99826,0.00174,1.0,0.9948,0.0052
2,2428,52894.2,HOLD_2,1.0,0.99479,0.00521,1.0,0.99653,0.00347
2,2429,52915.5,HOLD_2,1.0,0.99479,0.00521,1.0,0.99307,0.00693
3,2430,53741.8,SETTLE,0.0,0.59028,-0.59028,0.0,0.57712,-0.57712
3,2431,53762.2,SETTLE,0.0,0.57465,-0.57465,0.0,0.56672,-0.56672
3,2432,53783.3,SETTLE,0.0,0.56424,-0.56424,0.0,0.55113,-0.55113
3,2433,53801.4,SETTLE,0.0,0.55208,-0.55208,0.0,0.53726,-0.53726
3,2434,53822.9,SETTLE,0.0,0.53993,-0.53993,0.0,0.5286,-0.5286
3,2435,53845.6,SETTLE,0.0,0.52604,-0.52604,0.0,0.51473,-0.51473
3,2436,53868.1,SETTLE,0.0,0.50694,-0.50694,0.0,0.4922,-0.4922
3,2437,53886.9,SETTLE,0.0,0.48611,-0.48611,0.0,0.47834,-0.47834
3,2438,53906.5,SETTLE,0.0,0.47569,-0.47569,0.0,0.46794,-0.46794
3,2439,53926.7,SETTLE,0.0,0.46354,-0.46354,0.0,0.45581,-0.45581
3,2440,53947.5,SETTLE,0.0,0.45139,-0.45139,0.0,0.44194,-0.44194
3,2441,53969.3,SETTLE,0.0,0.4375,-0.4375,0.0,0.43154,-0.43154
3,2442,53991.4,SETTLE,0.0,0.42535,-0.42535,0.0,0.41421,-0.41421
3,2443,54011.2,SETTLE,0.0,0.41319,-0.41319,0.0,0.40208,-0.40208
3,2444,54031.9,SETTLE,0.0,0.39931,-0.39931,0.0,0.38995,-0.38995
3,2445,54053.8,SETTLE,0.0,0.38889,-0.38889,0.0,0.37782,-0.37782
3,2446,54074.6,SETTLE,0.0,0.37847,-0.37847,0.0,0.36395,-0.36395
3,2447,54093.7,SETTLE,0.0,0.36458,-0.36458,0.0,0.35182,-0.35182
3,2448,54113.4,SETTLE,0.0,0.35243,-0.35243,0.0,0.34142,-0.34142
3,2449,54135.1,SETTLE,0.0,0.33854,-0.33854,0.0,0.32756,-0.32756
3,2450,54157.3,SETTLE,0.0,0.32639,-0.32639,0.0,0.31369,-0.31369
3,2451,54177.0,SETTLE,0.0,0.3125,-0.3125,0.0,0.30329,-0.30329
3,2452,54198.8,SETTLE,0.0,0.29861,-0.29861,0.0,0.29116,-0.29116
3,2453,54218.5,SETTLE,0.0,0.28646,-0.28646,0.0,0.27903,-0.27903
3,2454,54239.1,SETTLE,0.0,0.27083,-0.27083,0.0,0.26863,-0.26863
3,2455,54260.8,SETTLE,0.0,0.25868,-0.25868,0.0,0.2565,-0.2565
3,2456,54281.3,SETTLE,0.0,0.25174,-0.25174,0.0,0.24263,-0.24263
3,2457,54301.6,SETTLE,0.0,0.23611,-0.23611,0.0,0.23224,-0.23224
3,2458,54324.6,SETTLE,0.0,0.22396,-0.22396,0.0,0.2201,-0.2201
3,2459,54345.1,SETTLE,0.0,0.21007,-0.21007,0.0,0.20797,-0.20797
3,2460,54366.5,CLOSE,0.005,0.19792,-0.19292,0.005,0.19411,-0.18911
3,2461,54389.7,CLOSE,0.01,0.18229,-0.17229,0.01,0.17851,-0.16851
3,2462,54409.5,CLOSE,0.015,0.1684,-0.1534,0.015,0.16638,-0.15138
3,2463,54429.8,CLOSE,0.02,0.15451,-0.13451,0.02,0.15598,-0.13598
3,2464,54449.6,CLOSE,0.025,0.14062,-0.11563,0.025,0.14385,-0.11885
3,2465,54469.0,CLOSE,0.03,0.13021,-0.10021,0.03,0.13345,-0.10345
3,2466,54490.0,CLOSE,0.035,0.11632,-0.08132,0.035,0.11958,-0.08458
3,2467,54511.0,CLOSE,0.04,0.1059,-0.0659,0.04,0.10919,-0.06919
3,2468,54532.6,CLOSE,0.045,0.09201,-0.04701,0.045,0.09532,-0.05032
3,2469,54554.0,CLOSE,0.05,0.0816,-0.0316,0.05,0.08319,-0.03319
3,2470,54575.5,CLOSE,0.055,0.06944,-0.01444,0.055,0.07279,-0.01779
3,2471,54597.0,CLOSE,0.06,0.05903,0.00097,0.06,0.06066,-0.00066
3,2472,54615.6,CLOSE,0.065,0.04861,0.01639,0.065,0.05373,0.01127
3,2473,54636.5,CLOSE,0.07,0.03993,0.03007,0.07,0.04506,0.02494
3,2474,54658.1,CLOSE,0.075,0.03299,0.04201,0.075,0.03986,0.03514
3,2475,54680.2,CLOSE,0.08,0.03472,0.04528,0.08,0.0312,0.0488
3,2476,54699.8,CLOSE,0.085,0.02778,0.05722,0.085,0.04159,0.04341
3,2477,54720.4,CLOSE,0.09,0.03125,0.05875,0.09,0.0364,0.0536
3,2478,54742.2,CLOSE,0.095,0.02778,0.06722,0.095,0.02946,0.06554
3,2479,54762.0,CLOSE,0.1,0.03472,0.06528,0.1,0.0312,0.0688
3,2480,54784.0,CLOSE,0.105,0.0434,0.0616,0.105,0.04159,0.06341
3,2481,54805.6,CLOSE,0.11,0.05556,0.05444,0.11,0.04159,0.06841
3,2482,54825.5,CLOSE,0.115,0.0625,0.0525,0.115,0.04853,0.06647
3,2483,54846.2,CLOSE,0.12,0.06944,0.05056,0.12,0.05546,0.06454
3,2484,54867.1,CLOSE,0.125,0.0816,0.0434,0.125,0.06412,0.06088
3,2485,54889.5,CLOSE,0.13,0.09028,0.03972,0.13,0.07279,0.05721
3,2486,54909.4,CLOSE,0.135,0.09549,0.03951,0.135,0.07972,0.05528
3,2487,54930.9,CLOSE,0.14,0.10417,0.03583,0.14,0.08839,0.05161
3,2488,54949.3,CLOSE,0.145,0.11285,0.03215,0.145,0.09879,0.04621
3,2489,54970.0,CLOSE,0.15,0.11632,0.03368,0.15,0.11092,0.03908
3,2490,54991.8,CLOSE,0.155,0.12326,0.03174,0.155,0.11612,0.03888
3,2491,55013.8,CLOSE,0.16,0.13021,0.02979,0.16,0.12478,0.03522
3,2492,55034.3,CLOSE,0.165,0.13542,0.02958,0.165,0.13172,0.03328
3,2493,55053.5,CLOSE,0.17,0.13889,0.03111,0.17,0.14038,0.02962
3,2494,55075.4,CLOSE,0.175,0.1441,0.0309,0.175,0.14385,0.03115
3,2495,55094.9,CLOSE,0.18,0.14757,0.03243,0.18,0.15251,0.02749
3,2496,55116.3,CLOSE,0.185,0.15278,0.03222,0.185,0.15598,0.02902
3,2497,55139.2,CLOSE,0.19,0.15799,0.03201,0.19,0.16118,0.02882
3,2498,55158.2,CLOSE,0.195,0.16146,0.03354,0.195,0.16464,0.03036
3,2499,55178.6,CLOSE,0.2,0.16667,0.03333,0.2,0.16984,0.03016
3,2500,55200.7,CLOSE,0.205,0.17014,0.03486,0.205,0.17331,0.03169
3,2501,55220.8,CLOSE,0.21,0.17361,0.03639,0.21,0.17678,0.03322
3,2502,55242.3,CLOSE,0.215,0.17882,0.03618,0.215,0.18198,0.03302
3,2503,55264.8,CLOSE,0.22,0.18403,0.03597,0.22,0.18544,0.03456
3,2504,55283.6,CLOSE,0.225,0.19097,0.03403,0.225,0.19237,0.03263
3,2505,55305.1,CLOSE,0.23,0.19618,0.03382,0.23,0.19237,0.03763
3,2506,55324.3,CLOSE,0.235,0.19965,0.03535,0.235,0.20104,0.03396
3,2507,55346.7,CLOSE,0.24,0.20486,0.03514,0.24,0.20104,0.03896
3,2508,55368.0,CLOSE,0.245,0.21007,0.03493,0.245,0.20797,0.03703
3,2509,55388.2,CLOSE,0.25,0.22049,0.02951,0.25,0.21664,0.03336
3,2510,55407.4,CLOSE,0.255,0.22569,0.02931,0.255,0.2149,0.0401
3,2511,55429.7,CLOSE,0.26,0.22569,0.03431,0.26,0.2201,0.0399
3,2512,55450.0,CLOSE,0.265,0.22917,0.03583,0.265,0.2253,0.0397
3,2513,55470.2,CLOSE,0.27,0.23438,0.03563,0.27,0.23224,0.03776
3,2514,55490.9,CLOSE,0.275,0.23958,0.03542,0.275,0.2357,0.0393
3,2515,55511.6,CLOSE,0.28,0.24306,0.03694,0.28,0.23917,0.04083
3,2516,55532.5,CLOSE,0.285,0.24826,0.03674,0.285,0.24437,0.04063
3,2517,55554.9,CLOSE,0.29,0.25521,0.03479,0.29,0.24957,0.04043
3,2518,55575.0,CLOSE,0.295,0.26042,0.03458,0.295,0.2565,0.0385
3,2519,55594.6,CLOSE,0.3,0.27083,0.02917,0.3,0.25997,0.04003
3,2520,55615.4,CLOSE,0.305,0.27431,0.03069,0.305,0.2669,0.0381
3,2521,55638.1,CLOSE,0.31,0.27778,0.03222,0.31,0.2721,0.0379
3,2522,55657.6,CLOSE,0.315,0.28299,0.03201,0.315,0.27556,0.03944
3,2523,55678.6,CLOSE,0.32,0.28819,0.03181,0.32,0.2825,0.0375
3,2524,55701.2,CLOSE,0.325,0.29514,0.02986,0.325,0.28769,0.03731
3,2525,55721.7,CLOSE,0.33,0.30035,0.02965,0.33,0.29463,0.03537
3,2526,55743.7,CLOSE,0.335,0.30729,0.02771,0.335,0.29983,0.03517
3,2527,55762.4,CLOSE,0.34,0.31076,0.02924,0.34,0.30503,0.03497
3,2528,55784.3,CLOSE,0.345,0.31597,0.02903,0.345,0.31023,0.03477
3,2529,55805.1,CLOSE,0.35,0.32118,0.02882,0.35,0.31369,0.03631
3,2530,55825.7,CLOSE,0.355,0.32639,0.02861,0.355,0.32062,0.03438
3,2531,55845.2,CLOSE,0.36,0.3316,0.0284,0.36,0.32236,0.03764
3,2532,55865.3,CLOSE,0.365,0.33681,0.02819,0.365,0.32409,0.04091
3,2533,55886.6,CLOSE,0.37,0.34375,0.02625,0.37,0.33102,0.03898
3,2534,55907.1,CLOSE,0.375,0.34722,0.02778,0.375,0.33276,0.04224
3,2535,55928.5,CLOSE,0.38,0.35069,0.02931,0.38,0.33795,0.04205
3,2536,55948.8,CLOSE,0.385,0.35417,0.03083,0.385,0.34315,0.04185
3,2537,55970.7,CLOSE,0.39,0.3559,0.0341,0.39,0.35009,0.03991
3,2538,55991.7,CLOSE,0.395,0.36111,0.03389,0.395,0.35702,0.03798
3,2539,56014.1,CLOSE,0.4,0.36458,0.03542,0.4,0.36568,0.03432
3,2540,56034.2,CLOSE,0.405,0.36632,0.03868,0.405,0.36915,0.03585
3,2541,56054.5,CLOSE,0.41,0.36979,0.04021,0.41,0.37608,0.03392
3,2542,56076.1,CLOSE,0.415,0.375,0.04,0.415,0.38128,0.03372
3,2543,56094.8,CLOSE,0.42,0.38021,0.03979,0.42,0.38821,0.03179
3,2544,56117.1,CLOSE,0.425,0.38542,0.03958,0.425,0.39688,0.02812
3,2545,56136.9,CLOSE,0.43,0.3941,0.0359,0.43,0.40035,0.02965
3,2546,56158.5,CLOSE,0.435,0.39931,0.03569,0.435,0.40381,0.03119
3,2547,56179.1,CLOSE,0.44,0.40625,0.03375,0.44,0.41075,0.02925
3,2548,56201.9,CLOSE,0.445,0.41319,0.03181,0.445,0.41594,0.02906
3,2549,56221.5,CLOSE,0.45,0.4184,0.0316,0.45,0.42288,0.02712
3,2550,56241.2,CLOSE,0.455,0.42535,0.02965,0.455,0.42634,0.02866
3,2551,56264.1,CLOSE,0.46,0.43229,0.02771,0.46,0.43501,0.02499
3,2552,56284.5,CLOSE,0.465,0.4375,0.0275,0.465,0.44021,0.02479
3,2553,56304.9,CLOSE,0.47,0.44792,0.02208,0.47,0.43847,0.03153
3,2554,56325.5,CLOSE,0.475,0.44792,0.02708,0.475,0.44887,0.02613
3,2555,56346.5,CLOSE,0.48,0.45486,0.02514,0.48,0.44887,0.03113
3,2556,56366.2,CLOSE,0.485,0.46007,0.02493,0.485,0.45754,0.02746
3,2557,56386.8,CLOSE,0.49,0.46354,0.02646,0.49,0.46101,0.02899
3,2558,56407.4,CLOSE,0.495,0.46875,0.02625,0.495,0.46101,0.03399
3,2559,56427.8,CLOSE,0.5,0.47396,0.02604,0.5,0.46447,0.03553
3,2560,56449.8,CLOSE,0.505,0.47743,0.02757,0.505,0.4714,0.0336
3,2561,56471.3,CLOSE,0.51,0.48264,0.02736,0.51,0.47314,0.03686
3,2562,56491.5,CLOSE,0.515,0.48438,0.03063,0.515,0.4766,0.0384
3,2563,56513.5,CLOSE,0.52,0.48785,0.03215,0.52,0.47834,0.04166
3,2564,56534.2,CLOSE,0.525,0.5,0.025,0.525,0.48527,0.03973
3,2565,56555.1,CLOSE,0.53,0.50694,0.02306,0.53,0.4974,0.0326
3,2566,56575.6,CLOSE,0.535,0.51215,0.02285,0.535,0.50433,0.03067
3,2567,56595.3,CLOSE,0.54,0.5191,0.0209,0.54,0.50953,0.03047
3,2568,56615.7,CLOSE,0.545,0.52778,0.01722,0.545,0.52166,0.02334
3,2569,56640.1,CLOSE,0.55,0.53125,0.01875,0.55,0.5234,0.0266
3,2570,56660.8,CLOSE,0.555,0.53299,0.02201,0.555,0.5286,0.0264
3,2571,56680.5,CLOSE,0.56,0.53646,0.02354,0.56,0.53553,0.02447
3,2572,56700.6,CLOSE,0.565,0.53819,0.02681,0.565,0.53553,0.02947
3,2573,56720.9,CLOSE,0.57,0.5434,0.0266,0.57,0.53899,0.03101
3,2574,56741.8,CLOSE,0.575,0.55382,0.02118,0.575,0.54246,0.03254
3,2575,56763.8,CLOSE,0.58,0.55729,0.02271,0.58,0.54593,0.03407
3,2576,56784.5,CLOSE,0.585,0.55903,0.02597,0.585,0.55113,0.03387
3,2577,56804.9,CLOSE,0.59,0.55556,0.03444,0.59,0.55459,0.03541
3,2578,56824.5,CLOSE,0.595,0.56076,0.03424,0.595,0.56499,0.03001
3,2579,56844.4,CLOSE,0.6,0.56597,0.03403,0.6,0.56672,0.03328
3,2580,56865.3,CLOSE,0.605,0.56944,0.03556,0.605,0.57192,0.03308
3,2581,56888.2,CLOSE,0.61,0.57639,0.03361,0.61,0.57366,0.03634
3,2582,56909.1,CLOSE,0.615,0.57986,0.03514,0.615,0.57539,0.03961
3,2583,56929.0,CLOSE,0.62,0.59028,0.02972,0.62,0.58059,0.03941
3,2584,56949.6,CLOSE,0.625,0.58681,0.03819,0.625,0.58579,0.03921
3,2585,56969.8,CLOSE,0.63,0.59549,0.03451,0.63,0.58925,0.04075
3,2586,56992.8,CLOSE,0.635,0.60243,0.03257,0.635,0.59619,0.03881
3,2587,57012.6,CLOSE,0.64,0.60764,0.03236,0.64,0.60139,0.03861
3,2588,57032.1,CLOSE,0.645,0.61111,0.03389,0.645,0.61179,0.03321
3,2589,57053.7,CLOSE,0.65,0.61632,0.03368,0.65,0.61352,0.03648
3,2590,57076.1,CLOSE,0.655,0.62153,0.03347,0.655,0.61872,0.03628
3,2591,57098.0,CLOSE,0.66,0.63021,0.02979,0.66,0.62565,0.03435
3,2592,57118.5,CLOSE,0.665,0.63542,0.02958,0.665,0.63258,0.03242
3,2593,57138.3,CLOSE,0.67,0.64236,0.02764,0.67,0.63605,0.03395
3,2594,57158.6,CLOSE,0.675,0.65104,0.02396,0.675,0.64298,0.03202
3,2595,57179.1,CLOSE,0.68,0.65278,0.02722,0.68,0.64818,0.03182
3,2596,57200.3,CLOSE,0.685,0.65799,0.02701,0.685,0.65511,0.02989
3,2597,57222.1,CLOSE,0.69,0.66667,0.02333,0.69,0.65858,0.03142
3,2598,57243.5,CLOSE,0.695,0.67014,0.02486,0.695,0.66551,0.02949
3,2599,57264.1,CLOSE,0.7,0.67188,0.02813,0.7,0.66898,0.03102
3,2600,57283.9,CLOSE,0.705,0.68056,0.02444,0.705,0.67418,0.03082
3,2601,57305.1,CLOSE,0.71,0.68403,0.02597,0.71,0.67764,0.03236
3,2602,57325.1,CLOSE,0.715,0.6875,0.0275,0.715,0.68111,0.03389
3,2603,57346.3,CLOSE,0.72,0.69271,0.02729,0.72,0.68631,0.03369
3,2604,57367.4,CLOSE,0.725,0.69792,0.02708,0.725,0.69151,0.03349
3,2605,57387.7,CLOSE,0.73,0.70833,0.02167,0.73,0.69671,0.03329
3,2606,57408.1,CLOSE,0.735,0.70833,0.02667,0.735,0.70017,0.03483
3,2607,57428.4,CLOSE,0.74,0.71007,0.02993,0.74,0.70711,0.03289
3,2608,57450.2,CLOSE,0.745,0.71354,0.03146,0.745,0.70884,0.03616
3,2609,57470.7,CLOSE,0.75,0.71701,0.03299,0.75,0.71924,0.03076
3,2610,57490.8,CLOSE,0.755,0.71354,0.04146,0.755,0.71924,0.03576
3,2611,57513.2,CLOSE,0.76,0.72743,0.03257,0.76,0.72097,0.03903
3,2612,57532.6,CLOSE,0.765,0.73264,0.03236,0.765,0.72617,0.03883
3,2613,57554.1,CLOSE,0.77,0.73785,0.03215,0.77,0.73137,0.03863
3,2614,57575.6,CLOSE,0.775,0.74826,0.02674,0.775,0.74697,0.02803
3,2615,57597.3,CLOSE,0.78,0.75,0.03,0.78,0.74523,0.03477
3,2616,57617.5,CLOSE,0.785,0.75521,0.02979,0.785,0.75043,0.03457
3,2617,57638.5,CLOSE,0.79,0.75868,0.03132,0.79,0.7539,0.0361
3,2618,57658.2,CLOSE,0.795,0.76042,0.03458,0.795,0.7591,0.0359
3,2619,57679.1,CLOSE,0.8,0.7691,0.0309,0.8,0.76603,0.03397
3,2620,57701.7,CLOSE,0.805,0.77431,0.03069,0.805,0.77123,0.03377
3,2621,57720.4,CLOSE,0.81,0.78125,0.02875,0.81,0.78336,0.02664
3,2622,57741.1,CLOSE,0.815,0.78646,0.02854,0.815,0.78163,0.03337
3,2623,57762.7,CLOSE,0.82,0.79167,0.02833,0.82,0.78856,0.03144
3,2624,57784.1,CLOSE,0.825,0.79688,0.02813,0.825,0.79549,0.02951
3,2625,57803.2,CLOSE,0.83,0.80382,0.02618,0.83,0.79896,0.03104
3,2626,57824.2,CLOSE,0.835,0.80556,0.02944,0.835,0.80416,0.03084
3,2627,57845.9,CLOSE,0.84,0.80903,0.03097,0.84,0.80936,0.03064
3,2628,57866.0,CLOSE,0.845,0.8125,0.0325,0.845,0.81282,0.03218
3,2629,57888.2,CLOSE,0.85,0.81944,0.03056,0.85,0.81802,0.03198
3,2630,57908.7,CLOSE,0.855,0.82465,0.03035,0.855,0.82149,0.03351
3,2631,57930.1,CLOSE,0.86,0.82639,0.03361,0.86,0.83189,0.02811
3,2632,57950.2,CLOSE,0.865,0.83333,0.03167,0.865,0.83536,0.02964
3,2633,57969.7,CLOSE,0.87,0.84201,0.02799,0.87,0.83709,0.03291
3,2634,57991.6,CLOSE,0.875,0.84549,0.02951,0.875,0.84229,0.03271
3,2635,58013.3,CLOSE,0.88,0.84722,0.03278,0.88,0.84749,0.03251
3,2636,58034.5,CLOSE,0.885,0.85243,0.03257,0.885,0.85269,0.03231
3,2637,58056.4,CLOSE,0.89,0.85764,0.03236,0.89,0.85789,0.03211
3,2638,58076.2,CLOSE,0.895,0.86111,0.03389,0.895,0.86655,0.02845
3,2639,58095.5,CLOSE,0.9,0.86632,0.03368,0.9,0.87002,0.02998
3,2640,58116.2,CLOSE,0.905,0.88021,0.02479,0.905,0.87522,0.02978
3,2641,58139.4,CLOSE,0.91,0.87847,0.03153,0.91,0.88215,0.02785
3,2642,58160.1,CLOSE,0.915,0.88715,0.02785,0.915,0.89081,0.02419
3,2643,58180.7,CLOSE,0.92,0.88889,0.03111,0.92,0.89428,0.02572
3,2644,58199.3,CLOSE,0.925,0.89931,0.02569,0.925,0.90295,0.02205
3,2645,58220.5,CLOSE,0.93,0.89757,0.03243,0.93,0.90641,0.02359
3,2646,58242.2,CLOSE,0.935,0.90451,0.03049,0.935,0.90641,0.02859
3,2647,58262.7,CLOSE,0.94,0.90799,0.03201,0.94,0.91161,0.02839
3,2648,58282.7,CLOSE,0.945,0.91146,0.03354,0.945,0.91681,0.02819
3,2649,58303.1,CLOSE,0.95,0.9184,0.0316,0.95,0.91854,0.03146
3,2650,58323.6,CLOSE,0.955,0.91667,0.03833,0.955,0.92201,0.03299
3,2651,58344.8,CLOSE,0.96,0.92882,0.03118,0.96,0.93068,0.02932
3,2652,58366.3,CLOSE,0.965,0.93229,0.03271,0.965,0.93761,0.02739
3,2653,58388.4,CLOSE,0.97,0.93403,0.03597,0.97,0.93588,0.03412
3,2654,58409.0,CLOSE,0.975,0.94097,0.03403,0.975,0.93934,0.03566
3,2655,58428.5,CLOSE,0.98,0.94618,0.03382,0.98,0.94801,0.03199
3,2656,58449.0,CLOSE,0.985,0.95139,0.03361,0.985,0.95147,0.03353
3,2657,58471.0,CLOSE,0.99,0.95312,0.03688,0.99,0.95841,0.03159
3,2658,58492.3,CLOSE,0.995,0.96007,0.03493,0.995,0.9636,0.0314
3,2659,58512.0,CLOSE,1.0,0.96701,0.03299,1.0,0.97574,0.02426
3,2660,58517.7,HOLD_CLOSED,1.0,0.96528,0.03472,1.0,0.97227,0.02773
3,2661,58539.1,HOLD_CLOSED,1.0,0.97222,0.02778,1.0,0.974,0.026
3,2662,58559.4,HOLD_CLOSED,1.0,0.97222,0.02778,1.0,0.98094,0.01906
3,2663,58580.5,HOLD_CLOSED,1.0,0.97569,0.02431,1.0,0.9844,0.0156
3,2664,58603.2,HOLD_CLOSED,1.0,0.97569,0.02431,1.0,0.98787,0.01213
3,2665,58623.4,HOLD_CLOSED,1.0,0.97743,0.02257,1.0,0.98787,0.01213
3,2666,58644.3,HOLD_CLOSED,1.0,0.97743,0.02257,1.0,0.98614,0.01386
3,2667,58663.5,HOLD_CLOSED,1.0,0.97569,0.02431,1.0,0.98787,0.01213
3,2668,58684.8,HOLD_CLOSED,1.0,0.97743,0.02257,1.0,0.98787,0.01213
3,2669,58707.3,HOLD_CLOSED,1.0,0.97743,0.02257,1.0,0.98614,0.01386
3,2670,58725.9,HOLD_CLOSED,1.0,0.97743,0.02257,1.0,0.98614,0.01386
3,2671,58747.6,HOLD_CLOSED,1.0,0.97569,0.02431,1.0,0.98787,0.01213
3,2672,58768.8,HOLD_CLOSED,1.0,0.97743,0.02257,1.0,0.98614,0.01386
3,2673,58790.3,HOLD_CLOSED,1.0,0.97569,0.02431,1.0,0.98614,0.01386
3,2674,58812.1,HOLD_CLOSED,1.0,0.97569,0.02431,1.0,0.98614,0.01386
3,2675,58831.7,HOLD_CLOSED,1.0,0.97743,0.02257,1.0,0.9844,0.0156
3,2676,58852.5,HOLD_CLOSED,1.0,0.97743,0.02257,1.0,0.98614,0.01386
3,2677,58872.5,HOLD_CLOSED,1.0,0.98958,0.01042,1.0,0.98614,0.01386
3,2678,58892.4,HOLD_CLOSED,1.0,0.97743,0.02257,1.0,0.98614,0.01386
3,2679,58914.1,HOLD_CLOSED,1.0,0.97222,0.02778,1.0,0.98614,0.01386
3,2680,58937.6,HOLD_CLOSED,1.0,0.9809,0.0191,1.0,0.9896,0.0104
3,2681,58958.4,HOLD_CLOSED,1.0,0.98264,0.01736,1.0,0.98614,0.01386
3,2682,58976.3,HOLD_CLOSED,1.0,0.9809,0.0191,1.0,0.98787,0.01213
3,2683,58997.2,HOLD_CLOSED,1.0,1.0,0.0,1.0,0.98787,0.01213
3,2684,59019.7,HOLD_CLOSED,1.0,0.98958,0.01042,1.0,0.98787,0.01213
3,2685,59040.2,HOLD_CLOSED,1.0,0.98785,0.01215,1.0,0.9896,0.0104
3,2686,59061.1,HOLD_CLOSED,1.0,0.98958,0.01042,1.0,0.99133,0.00867
3,2687,59082.3,HOLD_CLOSED,1.0,0.99306,0.00694,1.0,0.99307,0.00693
3,2688,59102.4,HOLD_CLOSED,1.0,0.99479,0.00521,1.0,0.9948,0.0052
3,2689,59123.0,HOLD_CLOSED,1.0,0.99306,0.00694,1.0,0.9948,0.0052
3,2690,59144.2,HOLD_CLOSED,1.0,0.99306,0.00694,1.0,0.99653,0.00347
3,2691,59165.1,HOLD_CLOSED,1.0,0.99479,0.00521,1.0,0.9948,0.0052
3,2692,59186.3,HOLD_CLOSED,1.0,0.99306,0.00694,1.0,0.9948,0.0052
3,2693,59207.3,HOLD_CLOSED,1.0,0.99306,0.00694,1.0,0.99307,0.00693
3,2694,59227.8,HOLD_CLOSED,1.0,0.99306,0.00694,1.0,0.99307,0.00693
3,2695,59246.8,HOLD_CLOSED,1.0,0.99479,0.00521,1.0,0.9948,0.0052
3,2696,59268.5,HOLD_CLOSED,1.0,0.99479,0.00521,1.0,0.99307,0.00693
3,2697,59290.4,HOLD_CLOSED,1.0,0.99479,0.00521,1.0,0.9948,0.0052
3,2698,59309.8,HOLD_CLOSED,1.0,0.99306,0.00694,1.0,0.99307,0.00693
3,2699,59331.2,HOLD_CLOSED,1.0,0.99479,0.00521,1.0,0.9948,0.0052
3,2700,59352.7,HOLD_CLOSED,1.0,0.99306,0.00694,1.0,0.99307,0.00693
3,2701,59374.3,HOLD_CLOSED,1.0,0.99479,0.00521,1.0,0.99133,0.00867
3,2702,59395.2,HOLD_CLOSED,1.0,0.99306,0.00694,1.0,0.99307,0.00693
3,2703,59414.6,HOLD_CLOSED,1.0,0.99306,0.00694,1.0,0.9948,0.0052
3,2704,59435.6,HOLD_CLOSED,1.0,0.99132,0.00868,1.0,0.99307,0.00693
3,2705,59456.1,HOLD_CLOSED,1.0,0.99306,0.00694,1.0,0.99307,0.00693
3,2706,59477.0,HOLD_CLOSED,1.0,0.99132,0.00868,1.0,0.99307,0.00693
3,2707,59496.0,HOLD_CLOSED,1.0,0.99306,0.00694,1.0,0.9948,0.0052
3,2708,59517.1,HOLD_CLOSED,1.0,0.99479,0.00521,1.0,0.99307,0.00693
3,2709,59538.0,HOLD_CLOSED,1.0,0.99306,0.00694,1.0,0.9948,0.0052
3,2710,59558.8,HOLD_CLOSED,1.0,0.99132,0.00868,1.0,0.99653,0.00347
3,2711,59579.3,HOLD_CLOSED,1.0,0.99306,0.00694,1.0,0.9948,0.0052
3,2712,59599.0,HOLD_CLOSED,1.0,0.99306,0.00694,1.0,0.99307,0.00693
3,2713,59619.9,HOLD_CLOSED,1.0,0.99479,0.00521,1.0,0.9948,0.0052
3,2714,59641.7,HOLD_CLOSED,1.0,0.99306,0.00694,1.0,0.99133,0.00867
3,2715,59662.8,HOLD_CLOSED,1.0,0.99479,0.00521,1.0,0.99307,0.00693
3,2716,59683.4,HOLD_CLOSED,1.0,0.99306,0.00694,1.0,0.9948,0.0052
3,2717,59704.1,HOLD_CLOSED,1.0,0.99479,0.00521,1.0,0.9948,0.0052
3,2718,59725.7,HOLD_CLOSED,1.0,0.99479,0.00521,1.0,0.99307,0.00693
3,2719,59746.7,HOLD_CLOSED,1.0,0.99306,0.00694,1.0,0.99307,0.00693
3,2720,59769.1,OPEN,0.995,0.99132,0.00368,0.995,0.9948,0.0002
3,2721,59790.4,OPEN,0.99,0.99132,-0.00132,0.99,0.99307,-0.00307
3,2722,59810.5,OPEN,0.985,0.99306,-0.00806,0.985,0.99307,-0.00807
3,2723,59832.4,OPEN,0.98,0.99479,-0.01479,0.98,0.99307,-0.01307
3,2724,59853.8,OPEN,0.975,0.99479,-0.01979,0.975,0.9948,-0.0198
3,2725,59877.1,OPEN,0.97,0.99479,-0.02479,0.97,0.99307,-0.02307
3,2726,59896.3,OPEN,0.965,0.99306,-0.02806,0.965,0.99307,-0.02807
3,2727,59917.0,OPEN,0.96,0.99132,-0.03132,0.96,0.99307,-0.03307
3,2728,59935.9,OPEN,0.955,0.99653,-0.04153,0.955,0.99307,-0.03807
3,2729,59957.3,OPEN,0.95,0.99132,-0.04132,0.95,0.9948,-0.0448
3,2730,59978.0,OPEN,0.945,0.99306,-0.04806,0.945,0.99307,-0.04807
3,2731,60000.0,OPEN,0.94,0.99306,-0.05306,0.94,0.99307,-0.05307
3,2732,60020.5,OPEN,0.935,0.99479,-0.05979,0.935,0.99307,-0.05807
3,2733,60041.4,OPEN,0.93,0.99306,-0.06306,0.93,0.99307,-0.06307
3,2734,60060.2,OPEN,0.925,0.99132,-0.06632,0.925,0.99133,-0.06633
3,2735,60081.1,OPEN,0.92,0.98785,-0.06785,0.92,0.98787,-0.06787
3,2736,60103.2,OPEN,0.915,0.98264,-0.06764,0.915,0.98267,-0.06767
3,2737,60125.5,OPEN,0.91,0.97917,-0.06917,0.91,0.97227,-0.06227
3,2738,60145.7,OPEN,0.905,0.97222,-0.06722,0.905,0.97227,-0.06727
3,2739,60165.6,OPEN,0.9,0.97222,-0.07222,0.9,0.97054,-0.07054
3,2740,60187.0,OPEN,0.895,0.96181,-0.06681,0.895,0.96534,-0.07034
3,2741,60208.6,OPEN,0.89,0.95486,-0.06486,0.89,0.96187,-0.07187
3,2742,60229.2,OPEN,0.885,0.94792,-0.06292,0.885,0.96014,-0.07514
3,2743,60248.9,OPEN,0.88,0.93403,-0.05403,0.88,0.95147,-0.07147
3,2744,60269.4,OPEN,0.875,0.92708,-0.05208,0.875,0.93761,-0.06261
3,2745,60290.7,OPEN,0.87,0.92361,-0.05361,0.87,0.92894,-0.05894
3,2746,60311.7,OPEN,0.865,0.91493,-0.04993,0.865,0.92721,-0.06221
3,2747,60332.9,OPEN,0.86,0.90972,-0.04972,0.86,0.91161,-0.05161
3,2748,60352.2,OPEN,0.855,0.90278,-0.04778,0.855,0.90468,-0.04968
3,2749,60373.4,OPEN,0.85,0.90104,-0.05104,0.85,0.89601,-0.04601
3,2750,60394.1,OPEN,0.845,0.8941,-0.0491,0.845,0.88735,-0.04235
3,2751,60414.7,OPEN,0.84,0.89236,-0.05236,0.84,0.88388,-0.04388
3,2752,60435.9,OPEN,0.835,0.89062,-0.05563,0.835,0.87868,-0.04368
3,2753,60457.0,OPEN,0.83,0.88715,-0.05715,0.83,0.87175,-0.04175
3,2754,60479.2,OPEN,0.825,0.88715,-0.06215,0.825,0.87002,-0.04502
3,2755,60500.4,OPEN,0.82,0.88889,-0.06889,0.82,0.86655,-0.04655
3,2756,60521.8,OPEN,0.815,0.88542,-0.07042,0.815,0.86308,-0.04808
3,2757,60540.2,OPEN,0.81,0.88021,-0.07021,0.81,0.86308,-0.05308
3,2758,60562.6,OPEN,0.805,0.87674,-0.07174,0.805,0.86135,-0.05635
3,2759,60582.3,OPEN,0.8,0.87326,-0.07326,0.8,0.85962,-0.05962
3,2760,60602.8,OPEN,0.795,0.86979,-0.07479,0.795,0.86135,-0.06635
3,2761,60625.4,OPEN,0.79,0.87153,-0.08153,0.79,0.85962,-0.06962
3,2762,60645.2,OPEN,0.785,0.86806,-0.08306,0.785,0.85789,-0.07289
3,2763,60667.0,OPEN,0.78,0.85938,-0.07938,0.78,0.85269,-0.07269
3,2764,60688.3,OPEN,0.775,0.85764,-0.08264,0.775,0.84922,-0.07422
3,2765,60706.6,OPEN,0.77,0.84549,-0.07549,0.77,0.84402,-0.07402
3,2766,60727.4,OPEN,0.765,0.84375,-0.07875,0.765,0.83709,-0.07209
3,2767,60749.5,OPEN,0.76,0.82986,-0.06986,0.76,0.82842,-0.06842
3,2768,60771.0,OPEN,0.755,0.82292,-0.06792,0.755,0.82149,-0.06649
3,2769,60792.6,OPEN,0.75,0.8125,-0.0625,0.75,0.81802,-0.06802
3,2770,60813.1,OPEN,0.745,0.80382,-0.05882,0.745,0.81109,-0.06609
3,2771,60833.2,OPEN,0.74,0.79688,-0.05688,0.74,0.80069,-0.06069
3,2772,60853.6,OPEN,0.735,0.78993,-0.05493,0.735,0.79723,-0.06223
3,2773,60873.9,OPEN,0.73,0.78299,-0.05299,0.73,0.78856,-0.05856
3,2774,60894.4,OPEN,0.725,0.77604,-0.05104,0.725,0.78163,-0.05663
3,2775,60916.9,OPEN,0.72,0.77257,-0.05257,0.72,0.7747,-0.0547
3,2776,60937.8,OPEN,0.715,0.7691,-0.0541,0.715,0.76603,-0.05103
3,2777,60957.1,OPEN,0.71,0.76562,-0.05563,0.71,0.76776,-0.05776
3,2778,60977.5,OPEN,0.705,0.76042,-0.05542,0.705,0.75737,-0.05237
3,2779,60999.0,OPEN,0.7,0.75694,-0.05694,0.7,0.7539,-0.0539
3,2780,61020.6,OPEN,0.695,0.75521,-0.06021,0.695,0.74697,-0.05197
3,2781,61039.0,OPEN,0.69,0.75174,-0.06174,0.69,0.74523,-0.05523
3,2782,61060.9,OPEN,0.685,0.74826,-0.06326,0.685,0.7383,-0.0533
3,2783,61081.7,OPEN,0.68,0.74306,-0.06306,0.68,0.7331,-0.0531
3,2784,61102.3,OPEN,0.675,0.73958,-0.06458,0.675,0.73137,-0.05637
3,2785,61125.4,OPEN,0.67,0.73438,-0.06438,0.67,0.72617,-0.05617
3,2786,61145.9,OPEN,0.665,0.72917,-0.06417,0.665,0.7227,-0.0577
3,2787,61167.1,OPEN,0.66,0.72569,-0.06569,0.66,0.7175,-0.0575
3,2788,61188.3,OPEN,0.655,0.71875,-0.06375,0.655,0.71231,-0.05731
3,2789,61206.7,OPEN,0.65,0.71181,-0.06181,0.65,0.70884,-0.05884
3,2790,61231.1,OPEN,0.645,0.71181,-0.06681,0.645,0.70191,-0.05691
3,2791,61251.0,OPEN,0.64,0.70312,-0.06313,0.64,0.70017,-0.06017
3,2792,61271.8,OPEN,0.635,0.69618,-0.06118,0.635,0.69151,-0.05651
3,2793,61292.5,OPEN,0.63,0.68924,-0.05924,0.63,0.68631,-0.05631
3,2794,61313.0,OPEN,0.625,0.68403,-0.05903,0.625,0.67764,-0.05264
3,2795,61332.2,OPEN,0.62,0.67882,-0.05882,0.62,0.67591,-0.05591
3,2796,61352.1,OPEN,0.615,0.67361,-0.05861,0.615,0.67071,-0.05571
3,2797,61374.0,OPEN,0.61,0.66667,-0.05667,0.61,0.66551,-0.05551
3,2798,61395.7,OPEN,0.605,0.66146,-0.05646,0.605,0.65858,-0.05358
3,2799,61416.6,OPEN,0.6,0.65799,-0.05799,0.6,0.65338,-0.05338
3,2800,61436.4,OPEN,0.595,0.65278,-0.05778,0.595,0.64818,-0.05318
3,2801,61457.6,OPEN,0.59,0.64757,-0.05757,0.59,0.64471,-0.05471
3,2802,61479.1,OPEN,0.585,0.6441,-0.0591,0.585,0.64125,-0.05625
3,2803,61506.4,OPEN,0.58,0.63889,-0.05889,0.58,0.63951,-0.05951
3,2804,61519.0,OPEN,0.575,0.63542,-0.06042,0.575,0.63085,-0.05585
3,2805,61539.7,OPEN,0.57,0.63194,-0.06194,0.57,0.62392,-0.05392
3,2806,61560.7,OPEN,0.565,0.62847,-0.06347,0.565,0.61525,-0.05025
3,2807,61582.1,OPEN,0.56,0.62153,-0.06153,0.56,0.61352,-0.05352
3,2808,61604.2,OPEN,0.555,0.61632,-0.06132,0.555,0.61005,-0.05505
3,2809,61624.7,OPEN,0.55,0.61111,-0.06111,0.55,0.60312,-0.05312
3,2810,61644.0,OPEN,0.545,0.61632,-0.07132,0.545,0.59965,-0.05465
3,2811,61665.2,OPEN,0.54,0.60417,-0.06417,0.54,0.59792,-0.05792
3,2812,61688.1,OPEN,0.535,0.59549,-0.06049,0.535,0.59272,-0.05772
3,2813,61707.6,OPEN,0.53,0.58854,-0.05854,0.53,0.58406,-0.05406
3,2814,61728.3,OPEN,0.525,0.58507,-0.06007,0.525,0.58406,-0.05906
3,2815,61750.6,OPEN,0.52,0.57812,-0.05813,0.52,0.57366,-0.05366
3,2816,61770.4,OPEN,0.515,0.57292,-0.05792,0.515,0.56846,-0.05346
3,2817,61792.1,OPEN,0.51,0.57292,-0.06292,0.51,0.56499,-0.05499
3,2818,61813.0,OPEN,0.505,0.5625,-0.0575,0.505,0.55979,-0.05479
3,2819,61833.0,OPEN,0.5,0.55729,-0.05729,0.5,0.55459,-0.05459
3,2820,61853.8,OPEN,0.495,0.55208,-0.05708,0.495,0.54766,-0.05266
3,2821,61874.9,OPEN,0.49,0.55208,-0.06208,0.49,0.54419,-0.05419
3,2822,61894.4,OPEN,0.485,0.54861,-0.06361,0.485,0.53899,-0.05399
3,2823,61916.4,OPEN,0.48,0.53819,-0.05819,0.48,0.53553,-0.05553
3,2824,61937.4,OPEN,0.475,0.53472,-0.05972,0.475,0.53206,-0.05706
3,2825,61957.9,OPEN,0.47,0.53125,-0.06125,0.47,0.53033,-0.06033
3,2826,61979.1,OPEN,0.465,0.52257,-0.05757,0.465,0.5234,-0.0584
3,2827,62000.1,OPEN,0.46,0.51389,-0.05389,0.46,0.513,-0.053
3,2828,62019.3,OPEN,0.455,0.50521,-0.05021,0.455,0.50433,-0.04933
3,2829,62039.4,OPEN,0.45,0.49826,-0.04826,0.45,0.49567,-0.04567
3,2830,62060.7,OPEN,0.445,0.49132,-0.04632,0.445,0.48527,-0.04027
3,2831,62082.4,OPEN,0.44,0.48611,-0.04611,0.44,0.48007,-0.04007
3,2832,62104.9,OPEN,0.435,0.48264,-0.04764,0.435,0.47834,-0.04334
3,2833,62123.4,OPEN,0.43,0.4809,-0.0509,0.43,0.47487,-0.04487
3,2834,62145.9,OPEN,0.425,0.47743,-0.05243,0.425,0.4714,-0.0464
3,2835,62165.8,OPEN,0.42,0.47396,-0.05396,0.42,0.46794,-0.04794
3,2836,62186.9,OPEN,0.415,0.47049,-0.05549,0.415,0.46447,-0.04947
3,2837,62210.0,OPEN,0.41,0.46875,-0.05875,0.41,0.46274,-0.05274
3,2838,62229.7,OPEN,0.405,0.46701,-0.06201,0.405,0.45927,-0.05427
3,2839,62252.0,OPEN,0.4,0.46181,-0.06181,0.4,0.45234,-0.05234
3,2840,62271.9,OPEN,0.395,0.45833,-0.06333,0.395,0.45061,-0.05561
3,2841,62290.4,OPEN,0.39,0.44965,-0.05965,0.39,0.44714,-0.05714
3,2842,62311.4,OPEN,0.385,0.44444,-0.05944,0.385,0.44194,-0.05694
3,2843,62333.5,OPEN,0.38,0.43924,-0.05924,0.38,0.43674,-0.05674
3,2844,62353.6,OPEN,0.375,0.44097,-0.06597,0.375,0.43154,-0.05654
3,2845,62374.5,OPEN,0.37,0.43576,-0.06576,0.37,0.42808,-0.05808
3,2846,62393.8,OPEN,0.365,0.42535,-0.06035,0.365,0.42808,-0.06308
3,2847,62416.6,OPEN,0.36,0.42014,-0.06014,0.36,0.41594,-0.05594
3,2848,62435.3,OPEN,0.355,0.41493,-0.05993,0.355,0.41248,-0.05748
3,2849,62456.3,OPEN,0.35,0.40972,-0.05972,0.35,0.40901,-0.05901
3,2850,62478.3,OPEN,0.345,0.40104,-0.05604,0.345,0.40035,-0.05535
3,2851,62498.6,OPEN,0.34,0.39931,-0.05931,0.34,0.39341,-0.05341
3,2852,62519.0,OPEN,0.335,0.3941,-0.0591,0.335,0.39168,-0.05668
3,2853,62539.9,OPEN,0.33,0.39062,-0.06063,0.33,0.38302,-0.05302
3,2854,62561.6,OPEN,0.325,0.38021,-0.05521,0.325,0.37608,-0.05108
3,2855,62583.1,OPEN,0.32,0.375,-0.055,0.32,0.37435,-0.05435
3,2856,62603.3,OPEN,0.315,0.36979,-0.05479,0.315,0.36568,-0.05068
3,2857,62625.1,OPEN,0.31,0.36285,-0.05285,0.31,0.35875,-0.04875
3,2858,62647.2,OPEN,0.305,0.35764,-0.05264,0.305,0.35529,-0.05029
3,2859,62666.9,OPEN,0.3,0.35069,-0.05069,0.3,0.34835,-0.04835
3,2860,62688.7,OPEN,0.295,0.34549,-0.05049,0.295,0.34662,-0.05162
3,2861,62709.4,OPEN,0.29,0.34896,-0.05896,0.29,0.33622,-0.04622
3,2862,62727.5,OPEN,0.285,0.33507,-0.05007,0.285,0.33276,-0.04776
3,2863,62749.2,OPEN,0.28,0.3316,-0.0516,0.28,0.33102,-0.05102
3,2864,62770.0,OPEN,0.275,0.32465,-0.04965,0.275,0.32236,-0.04736
3,2865,62790.6,OPEN,0.27,0.32118,-0.05118,0.27,0.31889,-0.04889
3,2866,62810.9,OPEN,0.265,0.31597,-0.05097,0.265,0.31542,-0.05042
3,2867,62832.8,OPEN,0.26,0.31076,-0.05076,0.26,0.30849,-0.04849
3,2868,62852.5,OPEN,0.255,0.30556,-0.05056,0.255,0.29289,-0.03789
3,2869,62873.1,OPEN,0.25,0.30208,-0.05208,0.25,0.30329,-0.05329
3,2870,62893.9,OPEN,0.245,0.29688,-0.05188,0.245,0.29983,-0.05483
3,2871,62915.6,OPEN,0.24,0.2934,-0.0534,0.24,0.28943,-0.04943
3,2872,62935.9,OPEN,0.235,0.28819,-0.05319,0.235,0.28769,-0.05269
3,2873,62956.6,OPEN,0.23,0.28299,-0.05299,0.23,0.2825,-0.0525
3,2874,62979.1,OPEN,0.225,0.28472,-0.05972,0.225,0.27556,-0.05056
3,2875,62999.1,OPEN,0.22,0.27951,-0.05951,0.22,0.27036,-0.05036
3,2876,63019.0,OPEN,0.215,0.26736,-0.05236,0.215,0.26516,-0.05016
3,2877,63041.3,OPEN,0.21,0.26215,-0.05215,0.21,0.25997,-0.04997
3,2878,63061.9,OPEN,0.205,0.25868,-0.05368,0.205,0.25823,-0.05323
3,2879,63082.3,OPEN,0.2,0.25347,-0.05347,0.2,0.24957,-0.04957
3,2880,63104.3,OPEN,0.195,0.24653,-0.05153,0.195,0.24437,-0.04937
3,2881,63125.6,OPEN,0.19,0.24306,-0.05306,0.19,0.24263,-0.05263
3,2882,63146.7,OPEN,0.185,0.23785,-0.05285,0.185,0.23397,-0.04897
3,2883,63167.4,OPEN,0.18,0.23264,-0.05264,0.18,0.22877,-0.04877
3,2884,63187.1,OPEN,0.175,0.22743,-0.05243,0.175,0.22704,-0.05204
3,2885,63207.8,OPEN,0.17,0.22222,-0.05222,0.17,0.21837,-0.04837
3,2886,63228.4,OPEN,0.165,0.21701,-0.05201,0.165,0.21317,-0.04817
3,2887,63248.3,OPEN,0.16,0.21007,-0.05007,0.16,0.20797,-0.04797
3,2888,63270.0,OPEN,0.155,0.20486,-0.04986,0.155,0.20277,-0.04777
3,2889,63291.9,OPEN,0.15,0.19965,-0.04965,0.15,0.20104,-0.05104
3,2890,63312.8,OPEN,0.145,0.20139,-0.05639,0.145,0.19064,-0.04564
3,2891,63331.8,OPEN,0.14,0.19097,-0.05097,0.14,0.18891,-0.04891
3,2892,63352.7,OPEN,0.135,0.18924,-0.05424,0.135,0.18024,-0.04524
3,2893,63373.6,OPEN,0.13,0.17882,-0.04882,0.13,0.17678,-0.04678
3,2894,63394.3,OPEN,0.125,0.17361,-0.04861,0.125,0.17158,-0.04658
3,2895,63416.9,OPEN,0.12,0.1684,-0.0484,0.12,0.16464,-0.04464
3,2896,63437.1,OPEN,0.115,0.16319,-0.04819,0.115,0.16118,-0.04618
3,2897,63456.7,OPEN,0.11,0.15799,-0.04799,0.11,0.15771,-0.04771
3,2898,63477.3,OPEN,0.105,0.15451,-0.04951,0.105,0.15251,-0.04751
3,2899,63498.3,OPEN,0.1,0.14931,-0.04931,0.1,0.14731,-0.04731
3,2900,63519.6,OPEN,0.095,0.15278,-0.05778,0.095,0.14385,-0.04885
3,2901,63541.3,OPEN,0.09,0.13889,-0.04889,0.09,0.13865,-0.04865
3,2902,63561.0,OPEN,0.085,0.13542,-0.05042,0.085,0.13345,-0.04845
3,2903,63581.4,OPEN,0.08,0.13368,-0.05368,0.08,0.13172,-0.05172
3,2904,63604.8,OPEN,0.075,0.125,-0.05,0.075,0.12305,-0.04805
3,2905,63625.7,OPEN,0.07,0.11979,-0.04979,0.07,0.11785,-0.04785
3,2906,63645.6,OPEN,0.065,0.11458,-0.04958,0.065,0.11265,-0.04765
3,2907,63666.2,OPEN,0.06,0.11111,-0.05111,0.06,0.10745,-0.04745
3,2908,63686.1,OPEN,0.055,0.1059,-0.0509,0.055,0.10052,-0.04552
3,2909,63707.3,OPEN,0.05,0.10069,-0.05069,0.05,0.09705,-0.04705
3,2910,63729.1,OPEN,0.045,0.09375,-0.04875,0.045,0.08839,-0.04339
3,2911,63750.0,OPEN,0.04,0.09549,-0.05549,0.04,0.08319,-0.04319
3,2912,63768.7,OPEN,0.035,0.08507,-0.05007,0.035,0.07972,-0.04472
3,2913,63790.0,OPEN,0.03,0.08507,-0.05507,0.03,0.07452,-0.04452
3,2914,63812.0,OPEN,0.025,0.07465,-0.04965,0.025,0.06932,-0.04432
3,2915,63832.1,OPEN,0.02,0.06944,-0.04944,0.02,0.06412,-0.04412
3,2916,63854.3,OPEN,0.015,0.06424,-0.04924,0.015,0.05719,-0.04219
3,2917,63874.0,OPEN,0.01,0.05903,-0.04903,0.01,0.06066,-0.05066
3,2918,63893.8,OPEN,0.005,0.05382,-0.04882,0.005,0.05199,-0.04699
3,2919,63915.5,OPEN,0.0,0.05382,-0.05382,0.0,0.04679,-0.04679
3,2920,63921.9,HOLD_OPEN,0.0,0.04688,-0.04688,0.0,0.05546,-0.05546
3,2921,63940.8,HOLD_OPEN,0.0,0.0434,-0.0434,0.0,0.04506,-0.04506
3,2922,63963.8,HOLD_OPEN,0.0,0.03646,-0.03646,0.0,0.04333,-0.04333
3,2923,63986.6,HOLD_OPEN,0.0,0.03125,-0.03125,0.0,0.02946,-0.02946
3,2924,64006.3,HOLD_OPEN,0.0,0.02778,-0.02778,0.0,0.026,-0.026
3,2925,64027.6,HOLD_OPEN,0.0,0.02083,-0.02083,0.0,0.02426,-0.02426
3,2926,64048.6,HOLD_OPEN,0.0,0.02083,-0.02083,0.0,0.0156,-0.0156
3,2927,64069.6,HOLD_OPEN,0.0,0.01389,-0.01389,0.0,0.0104,-0.0104
3,2928,64089.4,HOLD_OPEN,0.0,0.01215,-0.01215,0.0,0.00693,-0.00693
3,2929,64108.6,HOLD_OPEN,0.0,0.01042,-0.01042,0.0,0.00347,-0.00347
3,2930,64129.8,HOLD_OPEN,0.0,0.00868,-0.00868,0.0,0.00173,-0.00173
3,2931,64152.4,HOLD_OPEN,0.0,0.00694,-0.00694,0.0,0.0,0.0
3,2932,64172.8,HOLD_OPEN,0.0,0.00694,-0.00694,0.0,0.0,0.0
3,2933,64194.0,HOLD_OPEN,0.0,0.00868,-0.00868,0.0,0.0,0.0
3,2934,64212.4,HOLD_OPEN,0.0,0.00694,-0.00694,0.0,0.0,0.0
3,2935,64234.2,HOLD_OPEN,0.0,0.00694,-0.00694,0.0,0.0,0.0
3,2936,64255.6,HOLD_OPEN,0.0,0.00694,-0.00694,0.0,0.0,0.0
3,2937,64278.0,HOLD_OPEN,0.0,0.00694,-0.00694,0.0,0.0,0.0
3,2938,64299.1,HOLD_OPEN,0.0,0.00694,-0.00694,0.0,0.0,0.0
3,2939,64319.1,HOLD_OPEN,0.0,0.00694,-0.00694,0.0,0.0,0.0
3,2940,64337.6,HOLD_OPEN,0.0,0.00694,-0.00694,0.0,0.0,0.0
3,2941,64359.4,HOLD_OPEN,0.0,0.01042,-0.01042,0.0,0.0,0.0
3,2942,64381.9,HOLD_OPEN,0.0,0.00694,-0.00694,0.0,0.0,0.0
3,2943,64402.2,HOLD_OPEN,0.0,0.00868,-0.00868,0.0,0.0,0.0
3,2944,64424.3,HOLD_OPEN,0.0,0.00868,-0.00868,0.0,0.0,0.0
3,2945,64444.1,HOLD_OPEN,0.0,0.00694,-0.00694,0.0,0.0,0.0
3,2946,64466.2,HOLD_OPEN,0.0,0.00694,-0.00694,0.0,0.0,0.0
3,2947,64484.4,HOLD_OPEN,0.0,0.00694,-0.00694,0.0,0.0,0.0
3,2948,64504.1,HOLD_OPEN,0.0,0.00868,-0.00868,0.0,0.0,0.0
3,2949,64526.3,HOLD_OPEN,0.0,0.00868,-0.00868,0.0,0.0,0.0
3,2950,64548.2,HOLD_OPEN,0.0,0.00694,-0.00694,0.0,0.0,0.0
3,2951,64568.0,HOLD_OPEN,0.0,0.00694,-0.00694,0.0,0.0,0.0
3,2952,64589.6,HOLD_OPEN,0.0,0.00694,-0.00694,0.0,0.0,0.0
3,2953,64610.5,HOLD_OPEN,0.0,0.00521,-0.00521,0.0,0.0,0.0
3,2954,64630.0,HOLD_OPEN,0.0,0.00694,-0.00694,0.0,0.0,0.0
3,2955,64650.3,HOLD_OPEN,0.0,0.00521,-0.00521,0.0,0.0,0.0
3,2956,64673.2,HOLD_OPEN,0.0,0.00521,-0.00521,0.0,0.0,0.0
3,2957,64693.8,HOLD_OPEN,0.0,0.00694,-0.00694,0.0,0.0,0.0
3,2958,64713.5,HOLD_OPEN,0.0,0.00694,-0.00694,0.0,0.0,0.0
3,2959,64734.9,HOLD_OPEN,0.0,0.00694,-0.00694,0.0,0.0,0.0
3,2960,64756.2,HOLD_OPEN,0.0,0.00694,-0.00694,0.0,0.0,0.0
3,2961,64776.4,HOLD_OPEN,0.0,0.00694,-0.00694,0.0,0.0,0.0
3,2962,64797.2,HOLD_OPEN,0.0,0.00868,-0.00868,0.0,0.0,0.0
3,2963,64817.6,HOLD_OPEN,0.0,0.00694,-0.00694,0.0,0.0,0.0
3,2964,64838.7,HOLD_OPEN,0.0,0.00521,-0.00521,0.0,0.0,0.0
3,2965,64859.9,HOLD_OPEN,0.0,0.00694,-0.00694,0.0,0.0,0.0
3,2966,64883.1,HOLD_OPEN,0.0,0.00521,-0.00521,0.0,0.0,0.0
3,2967,64902.5,HOLD_OPEN,0.0,0.00694,-0.00694,0.0,0.0,0.0
3,2968,64924.1,HOLD_OPEN,0.0,0.00521,-0.00521,0.0,0.0,0.0
3,2969,64944.5,HOLD_OPEN,0.0,0.00694,-0.00694,0.0,0.0,0.0
3,2970,64964.1,HOLD_OPEN,0.0,0.00521,-0.00521,0.0,0.0,0.0
3,2971,64986.6,HOLD_OPEN,0.0,0.00694,-0.00694,0.0,0.0,0.0
3,2972,65005.0,HOLD_OPEN,0.0,0.00694,-0.00694,0.0,0.0,0.0
3,2973,65027.3,HOLD_OPEN,0.0,0.00521,-0.00521,0.0,0.0,0.0
3,2974,65047.1,HOLD_OPEN,0.0,0.00694,-0.00694,0.0,0.0,0.0
3,2975,65067.5,HOLD_OPEN,0.0,0.00521,-0.00521,0.0,0.0,0.0
3,2976,65090.0,HOLD_OPEN,0.0,0.00694,-0.00694,0.0,0.0,0.0
3,2977,65110.1,HOLD_OPEN,0.0,0.00694,-0.00694,0.0,0.0,0.0
3,2978,65131.3,HOLD_OPEN,0.0,0.00694,-0.00694,0.0,0.0,0.0
3,2979,65151.7,HOLD_OPEN,0.0,0.00521,-0.00521,0.0,0.0,0.0
3,2980,65175.1,CLOSE_2,0.005,0.00521,-0.00021,0.005,0.0,0.005
3,2981,65195.5,CLOSE_2,0.01,0.00521,0.00479,0.01,0.0,0.01
3,2982,65215.6,CLOSE_2,0.015,0.00694,0.00806,0.015,0.0,0.015
3,2983,65235.7,CLOSE_2,0.02,0.00521,0.01479,0.02,0.0,0.02
3,2984,65257.5,CLOSE_2,0.025,0.00694,0.01806,0.025,0.0,0.025
3,2985,65280.6,CLOSE_2,0.03,0.00694,0.02306,0.03,0.0,0.03
3,2986,65301.2,CLOSE_2,0.035,0.00521,0.02979,0.035,0.00693,0.02807
3,2987,65320.9,CLOSE_2,0.04,0.00521,0.03479,0.04,0.0,0.04
3,2988,65341.9,CLOSE_2,0.045,0.00521,0.03979,0.045,0.0,0.045
3,2989,65363.9,CLOSE_2,0.05,0.00694,0.04306,0.05,0.0,0.05
3,2990,65384.3,CLOSE_2,0.055,0.00694,0.04806,0.055,0.00347,0.05153
3,2991,65402.7,CLOSE_2,0.06,0.01389,0.04611,0.06,0.00693,0.05307
3,2992,65423.8,CLOSE_2,0.065,0.01042,0.05458,0.065,0.01213,0.05287
3,2993,65447.0,CLOSE_2,0.07,0.01562,0.05437,0.07,0.01906,0.05094
3,2994,65467.2,CLOSE_2,0.075,0.02257,0.05243,0.075,0.026,0.049
3,2995,65487.3,CLOSE_2,0.08,0.02951,0.05049,0.08,0.03293,0.04707
3,2996,65507.8,CLOSE_2,0.085,0.03819,0.04681,0.085,0.04159,0.04341
3,2997,65527.4,CLOSE_2,0.09,0.04861,0.04139,0.09,0.04679,0.04321
3,2998,65548.1,CLOSE_2,0.095,0.05729,0.03771,0.095,0.05546,0.03954
3,2999,65570.4,CLOSE_2,0.1,0.06597,0.03403,0.1,0.06066,0.03934
3,3000,65590.6,CLOSE_2,0.105,0.07639,0.02861,0.105,0.06759,0.03741
3,3001,65609.8,CLOSE_2,0.11,0.08507,0.02493,0.11,0.07452,0.03548
3,3002,65632.0,CLOSE_2,0.115,0.09201,0.02299,0.115,0.08492,0.03008
3,3003,65652.6,CLOSE_2,0.12,0.09896,0.02104,0.12,0.08839,0.03161
3,3004,65673.7,CLOSE_2,0.125,0.10243,0.02257,0.125,0.09705,0.02795
3,3005,65697.6,CLOSE_2,0.13,0.10938,0.02063,0.13,0.10572,0.02428
3,3006,65717.5,CLOSE_2,0.135,0.11285,0.02215,0.135,0.11265,0.02235
3,3007,65738.5,CLOSE_2,0.14,0.11632,0.02368,0.14,0.11785,0.02215
3,3008,65760.0,CLOSE_2,0.145,0.11979,0.02521,0.145,0.12478,0.02022
3,3009,65778.7,CLOSE_2,0.15,0.12326,0.02674,0.15,0.12825,0.02175
3,3010,65800.3,CLOSE_2,0.155,0.125,0.03,0.155,0.12998,0.02502
3,3011,65821.9,CLOSE_2,0.16,0.12674,0.03326,0.16,0.13345,0.02655
3,3012,65840.4,CLOSE_2,0.165,0.12847,0.03653,0.165,0.13518,0.02982
3,3013,65862.1,CLOSE_2,0.17,0.13021,0.03979,0.17,0.13865,0.03135
3,3014,65883.6,CLOSE_2,0.175,0.13368,0.04132,0.175,0.14038,0.03462
3,3015,65903.6,CLOSE_2,0.18,0.13715,0.04285,0.18,0.14038,0.03962
3,3016,65924.5,CLOSE_2,0.185,0.14236,0.04264,0.185,0.14211,0.04289
3,3017,65946.1,CLOSE_2,0.19,0.14583,0.04417,0.19,0.14385,0.04615
3,3018,65965.7,CLOSE_2,0.195,0.15278,0.04222,0.195,0.14731,0.04769
3,3019,65986.4,CLOSE_2,0.2,0.15799,0.04201,0.2,0.14905,0.05095
3,3020,66006.9,CLOSE_2,0.205,0.16319,0.04181,0.205,0.15425,0.05075
3,3021,66029.6,CLOSE_2,0.21,0.17014,0.03986,0.21,0.15945,0.05055
3,3022,66048.1,CLOSE_2,0.215,0.17535,0.03965,0.215,0.16118,0.05382
3,3023,66069.6,CLOSE_2,0.22,0.18229,0.03771,0.22,0.17331,0.04669
3,3024,66090.6,CLOSE_2,0.225,0.19097,0.03403,0.225,0.18371,0.04129
3,3025,66113.1,CLOSE_2,0.23,0.19618,0.03382,0.23,0.18891,0.04109
3,3026,66132.3,CLOSE_2,0.235,0.19965,0.03535,0.235,0.19757,0.03743
3,3027,66153.1,CLOSE_2,0.24,0.2066,0.0334,0.24,0.20277,0.03723
3,3028,66174.6,CLOSE_2,0.245,0.21354,0.03146,0.245,0.20971,0.03529
3,3029,66194.5,CLOSE_2,0.25,0.21701,0.03299,0.25,0.21664,0.03336
3,3030,66217.3,CLOSE_2,0.255,0.22396,0.03104,0.255,0.22357,0.03143
3,3031,66238.2,CLOSE_2,0.26,0.22743,0.03257,0.26,0.22877,0.03123
3,3032,66257.5,CLOSE_2,0.265,0.23438,0.03063,0.265,0.2357,0.0293
3,3033,66280.3,CLOSE_2,0.27,0.23958,0.03042,0.27,0.2409,0.0291
3,3034,66300.2,CLOSE_2,0.275,0.24479,0.03021,0.275,0.24783,0.02717
3,3035,66321.5,CLOSE_2,0.28,0.24826,0.03174,0.28,0.2513,0.0287
3,3036,66342.0,CLOSE_2,0.285,0.25521,0.02979,0.285,0.2565,0.0285
3,3037,66361.2,CLOSE_2,0.29,0.26042,0.02958,0.29,0.26343,0.02657
3,3038,66382.1,CLOSE_2,0.295,0.26389,0.03111,0.295,0.26516,0.02984
3,3039,66402.7,CLOSE_2,0.3,0.2691,0.0309,0.3,0.26863,0.03137
3,3040,66423.3,CLOSE_2,0.305,0.27257,0.03243,0.305,0.2721,0.0329
3,3041,66444.7,CLOSE_2,0.31,0.27951,0.03049,0.31,0.27556,0.03444
3,3042,66467.4,CLOSE_2,0.315,0.28299,0.03201,0.315,0.2773,0.0377
3,3043,66488.2,CLOSE_2,0.32,0.28993,0.03007,0.32,0.28076,0.03924
3,3044,66508.2,CLOSE_2,0.325,0.2934,0.0316,0.325,0.28423,0.04077
3,3045,66528.6,CLOSE_2,0.33,0.29861,0.03139,0.33,0.28769,0.04231
3,3046,66549.6,CLOSE_2,0.335,0.30208,0.03292,0.335,0.29463,0.04037
3,3047,66570.2,CLOSE_2,0.34,0.30729,0.03271,0.34,0.29636,0.04364
3,3048,66591.7,CLOSE_2,0.345,0.31076,0.03424,0.345,0.30329,0.04171
3,3049,66611.5,CLOSE_2,0.35,0.31597,0.03403,0.35,0.30503,0.04497
3,3050,66632.3,CLOSE_2,0.355,0.32812,0.02688,0.355,0.31196,0.04304
3,3051,66655.4,CLOSE_2,0.36,0.32639,0.03361,0.36,0.31542,0.04458
3,3052,66676.8,CLOSE_2,0.365,0.32986,0.03514,0.365,0.31542,0.04958
3,3053,66695.6,CLOSE_2,0.37,0.34028,0.02972,0.37,0.32062,0.04938
3,3054,66715.4,CLOSE_2,0.375,0.33854,0.03646,0.375,0.32756,0.04744
3,3055,66736.7,CLOSE_2,0.38,0.34028,0.03972,0.38,0.33622,0.04378
3,3056,66758.8,CLOSE_2,0.385,0.34375,0.04125,0.385,0.34315,0.04185
3,3057,66780.6,CLOSE_2,0.39,0.35417,0.03583,0.39,0.35355,0.03645
3,3058,66800.7,CLOSE_2,0.395,0.36285,0.03215,0.395,0.36395,0.03105
3,3059,66820.2,CLOSE_2,0.4,0.36285,0.03715,0.4,0.36568,0.03432
3,3060,66840.5,CLOSE_2,0.405,0.36979,0.03521,0.405,0.37435,0.03065
3,3061,66861.5,CLOSE_2,0.41,0.37674,0.03326,0.41,0.37955,0.03045
3,3062,66883.7,CLOSE_2,0.415,0.38368,0.03132,0.415,0.38648,0.02852
3,3063,66904.4,CLOSE_2,0.42,0.39583,0.02417,0.42,0.39168,0.02832
3,3064,66925.3,CLOSE_2,0.425,0.39583,0.02917,0.425,0.39688,0.02812
3,3065,66944.4,CLOSE_2,0.43,0.40104,0.02896,0.43,0.40208,0.02792
3,3066,66967.9,CLOSE_2,0.435,0.40799,0.02701,0.435,0.40555,0.02945
3,3067,66987.4,CLOSE_2,0.44,0.41146,0.02854,0.44,0.40901,0.03099
3,3068,67007.9,CLOSE_2,0.445,0.41667,0.02833,0.445,0.41768,0.02732
3,3069,67027.9,CLOSE_2,0.45,0.42014,0.02986,0.45,0.42114,0.02886
3,3070,67049.5,CLOSE_2,0.455,0.42708,0.02792,0.455,0.42114,0.03386
3,3071,67071.7,CLOSE_2,0.46,0.43056,0.02944,0.46,0.42981,0.03019
3,3072,67091.0,CLOSE_2,0.465,0.43576,0.02924,0.465,0.43154,0.03346
3,3073,67110.7,CLOSE_2,0.47,0.44097,0.02903,0.47,0.43328,0.03672
3,3074,67131.5,CLOSE_2,0.475,0.44618,0.02882,0.475,0.43847,0.03653
3,3075,67155.4,CLOSE_2,0.48,0.45139,0.02861,0.48,0.44367,0.03633
3,3076,67176.0,CLOSE_2,0.485,0.46181,0.02319,0.485,0.45061,0.03439
3,3077,67197.1,CLOSE_2,0.49,0.46181,0.02819,0.49,0.45581,0.03419
3,3078,67217.2,CLOSE_2,0.495,0.46701,0.02799,0.495,0.46101,0.03399
3,3079,67238.1,CLOSE_2,0.5,0.47222,0.02778,0.5,0.4662,0.0338
3,3080,67257.5,CLOSE_2,0.505,0.47743,0.02757,0.505,0.46967,0.03533
3,3081,67278.8,CLOSE_2,0.51,0.48264,0.02736,0.51,0.47487,0.03513
3,3082,67299.3,CLOSE_2,0.515,0.48611,0.02889,0.515,0.48527,0.02973
3,3083,67321.3,CLOSE_2,0.52,0.49653,0.02347,0.52,0.48354,0.03646
3,3084,67341.2,CLOSE_2,0.525,0.50521,0.01979,0.525,0.49393,0.03107
3,3085,67361.3,CLOSE_2,0.53,0.50868,0.02132,0.53,0.50087,0.02913
3,3086,67382.1,CLOSE_2,0.535,0.51389,0.02111,0.535,0.50953,0.02547
3,3087,67403.4,CLOSE_2,0.54,0.52604,0.01396,0.54,0.51993,0.02007
3,3088,67423.8,CLOSE_2,0.545,0.53125,0.01375,0.545,0.5234,0.0216
3,3089,67444.0,CLOSE_2,0.55,0.53299,0.01701,0.55,0.52686,0.02314
3,3090,67466.1,CLOSE_2,0.555,0.53472,0.02028,0.555,0.5286,0.0264
3,3091,67488.1,CLOSE_2,0.56,0.53646,0.02354,0.56,0.5338,0.0262
3,3092,67508.1,CLOSE_2,0.565,0.53646,0.02854,0.565,0.53553,0.02947
3,3093,67529.7,CLOSE_2,0.57,0.53993,0.03007,0.57,0.54073,0.02927
3,3094,67550.8,CLOSE_2,0.575,0.5434,0.0316,0.575,0.54246,0.03254
3,3095,67571.5,CLOSE_2,0.58,0.5434,0.0366,0.58,0.54593,0.03407
3,3096,67593.3,CLOSE_2,0.585,0.5625,0.0225,0.585,0.55806,0.02694
3,3097,67611.5,CLOSE_2,0.59,0.55382,0.03618,0.59,0.55979,0.03021
3,3098,67633.5,CLOSE_2,0.595,0.55729,0.03771,0.595,0.55979,0.03521
3,3099,67654.6,CLOSE_2,0.6,0.56424,0.03576,0.6,0.56846,0.03154
3,3100,67674.9,CLOSE_2,0.605,0.56944,0.03556,0.605,0.57712,0.02788
3,3101,67695.8,CLOSE_2,0.61,0.57639,0.03361,0.61,0.57539,0.03461
3,3102,67716.2,CLOSE_2,0.615,0.5816,0.0334,0.615,0.58232,0.03268
3,3103,67736.8,CLOSE_2,0.62,0.58854,0.03146,0.62,0.59099,0.02901
3,3104,67758.0,CLOSE_2,0.625,0.59375,0.03125,0.625,0.59272,0.03228
3,3105,67779.4,CLOSE_2,0.63,0.60243,0.02757,0.63,0.59965,0.03035
3,3106,67799.1,CLOSE_2,0.635,0.60417,0.03083,0.635,0.60485,0.03015
3,3107,67820.5,CLOSE_2,0.64,0.60764,0.03236,0.64,0.60659,0.03341
3,3108,67840.3,CLOSE_2,0.645,0.61458,0.03042,0.645,0.61005,0.03495
3,3109,67863.0,CLOSE_2,0.65,0.62153,0.02847,0.65,0.61872,0.03128
3,3110,67882.9,CLOSE_2,0.655,0.625,0.03,0.655,0.62045,0.03455
3,3111,67903.5,CLOSE_2,0.66,0.63021,0.02979,0.66,0.62392,0.03608
3,3112,67925.1,CLOSE_2,0.665,0.63542,0.02958,0.665,0.63085,0.03415
3,3113,67946.0,CLOSE_2,0.67,0.64062,0.02938,0.67,0.63605,0.03395
3,3114,67966.9,CLOSE_2,0.675,0.64931,0.02569,0.675,0.63951,0.03549
3,3115,67986.1,CLOSE_2,0.68,0.65104,0.02896,0.68,0.64471,0.03529
3,3116,68006.6,CLOSE_2,0.685,0.65625,0.02875,0.685,0.64991,0.03509
3,3117,68028.2,CLOSE_2,0.69,0.65972,0.03028,0.69,0.65858,0.03142
3,3118,68050.6,CLOSE_2,0.695,0.66667,0.02833,0.695,0.66031,0.03469
3,3119,68069.9,CLOSE_2,0.7,0.6684,0.0316,0.7,0.66724,0.03276
3,3120,68090.3,CLOSE_2,0.705,0.67535,0.02965,0.705,0.67071,0.03429
3,3121,68113.6,CLOSE_2,0.71,0.68229,0.02771,0.71,0.67764,0.03236
3,3122,68133.6,CLOSE_2,0.715,0.69097,0.02403,0.715,0.67938,0.03562
3,3123,68156.2,CLOSE_2,0.72,0.69618,0.02382,0.72,0.68458,0.03542
3,3124,68174.7,CLOSE_2,0.725,0.69792,0.02708,0.725,0.69671,0.02829
3,3125,68195.4,CLOSE_2,0.73,0.70833,0.02167,0.73,0.69671,0.03329
3,3126,68216.2,CLOSE_2,0.735,0.7066,0.0284,0.735,0.70191,0.03309
3,3127,68237.4,CLOSE_2,0.74,0.71181,0.02819,0.74,0.70711,0.03289
3,3128,68257.5,CLOSE_2,0.745,0.71701,0.02799,0.745,0.7175,0.0275
3,3129,68277.8,CLOSE_2,0.75,0.72222,0.02778,0.75,0.71577,0.03423
3,3130,68299.6,CLOSE_2,0.755,0.72569,0.02931,0.755,0.72097,0.03403
3,3131,68319.3,CLOSE_2,0.76,0.7309,0.0291,0.76,0.72617,0.03383
3,3132,68340.7,CLOSE_2,0.765,0.73611,0.02889,0.765,0.7383,0.0267
3,3133,68363.1,CLOSE_2,0.77,0.73958,0.03042,0.77,0.73657,0.03343
3,3134,68382.0,CLOSE_2,0.775,0.74479,0.03021,0.775,0.74177,0.03323
3,3135,68402.8,CLOSE_2,0.78,0.74826,0.03174,0.78,0.74523,0.03477
3,3136,68425.5,CLOSE_2,0.785,0.75868,0.02632,0.785,0.7487,0.0363
3,3137,68443.8,CLOSE_2,0.79,0.75694,0.03306,0.79,0.75563,0.03437
3,3138,68465.2,CLOSE_2,0.795,0.76389,0.03111,0.795,0.7591,0.0359
3,3139,68486.7,CLOSE_2,0.8,0.7691,0.0309,0.8,0.7643,0.0357
3,3140,68507.5,CLOSE_2,0.805,0.77257,0.03243,0.805,0.77123,0.03377
3,3141,68528.4,CLOSE_2,0.81,0.77778,0.03222,0.81,0.77643,0.03357
3,3142,68549.4,CLOSE_2,0.815,0.78472,0.03028,0.815,0.7799,0.0351
3,3143,68569.8,CLOSE_2,0.82,0.78993,0.03007,0.82,0.7851,0.0349
3,3144,68593.4,CLOSE_2,0.825,0.79688,0.02813,0.825,0.78856,0.03644
3,3145,68613.2,CLOSE_2,0.83,0.80382,0.02618,0.83,0.79549,0.03451
3,3146,68632.9,CLOSE_2,0.835,0.80729,0.02771,0.835,0.80243,0.03257
3,3147,68654.3,CLOSE_2,0.84,0.81076,0.02924,0.84,0.80936,0.03064
3,3148,68674.0,CLOSE_2,0.845,0.81597,0.02903,0.845,0.80763,0.03737
3,3149,68695.6,CLOSE_2,0.85,0.82118,0.02882,0.85,0.81802,0.03198
3,3150,68715.2,CLOSE_2,0.855,0.82812,0.02688,0.855,0.82322,0.03178
3,3151,68736.4,CLOSE_2,0.86,0.8316,0.0284,0.86,0.82842,0.03158
3,3152,68757.4,CLOSE_2,0.865,0.83333,0.03167,0.865,0.83709,0.02791
3,3153,68779.0,CLOSE_2,0.87,0.84201,0.02799,0.87,0.83882,0.03118
3,3154,68799.0,CLOSE_2,0.875,0.84375,0.03125,0.875,0.84229,0.03271
3,3155,68820.4,CLOSE_2,0.88,0.85417,0.02583,0.88,0.84749,0.03251
3,3156,68841.0,CLOSE_2,0.885,0.8559,0.0291,0.885,0.85095,0.03405
3,3157,68860.6,CLOSE_2,0.89,0.86285,0.02715,0.89,0.85615,0.03385
3,3158,68881.4,CLOSE_2,0.895,0.86458,0.03042,0.895,0.86135,0.03365
3,3159,68902.9,CLOSE_2,0.9,0.86632,0.03368,0.9,0.86655,0.03345
3,3160,68925.0,CLOSE_2,0.905,0.87326,0.03174,0.905,0.87175,0.03325
3,3161,68945.4,CLOSE_2,0.91,0.87847,0.03153,0.91,0.87522,0.03478
3,3162,68966.6,CLOSE_2,0.915,0.88194,0.03306,0.915,0.88042,0.03458
3,3163,68987.9,CLOSE_2,0.92,0.89236,0.02764,0.92,0.88562,0.03438
3,3164,69010.0,CLOSE_2,0.925,0.89062,0.03438,0.925,0.89255,0.03245
3,3165,69030.2,CLOSE_2,0.93,0.89583,0.03417,0.93,0.89948,0.03052
3,3166,69051.2,CLOSE_2,0.935,0.90104,0.03396,0.935,0.90815,0.02685
3,3167,69070.8,CLOSE_2,0.94,0.90625,0.03375,0.94,0.90815,0.03185
3,3168,69090.4,CLOSE_2,0.945,0.91319,0.03181,0.945,0.91681,0.02819
3,3169,69111.8,CLOSE_2,0.95,0.9184,0.0316,0.95,0.92201,0.02799
3,3170,69133.4,CLOSE_2,0.955,0.92361,0.03139,0.955,0.93068,0.02432
3,3171,69154.4,CLOSE_2,0.96,0.92708,0.03292,0.96,0.93414,0.02586
3,3172,69175.2,CLOSE_2,0.965,0.93576,0.02924,0.965,0.93934,0.02566
3,3173,69195.8,CLOSE_2,0.97,0.9375,0.0325,0.97,0.94454,0.02546
3,3174,69216.9,CLOSE_2,0.975,0.94271,0.03229,0.975,0.95494,0.02006
3,3175,69236.0,CLOSE_2,0.98,0.94444,0.03556,0.98,0.95321,0.02679
3,3176,69256.7,CLOSE_2,0.985,0.95139,0.03361,0.985,0.95841,0.02659
3,3177,69279.3,CLOSE_2,0.99,0.95312,0.03688,0.99,0.9636,0.0264
3,3178,69299.6,CLOSE_2,0.995,0.95833,0.03667,0.995,0.96534,0.02966
3,3179,69321.2,CLOSE_2,1.0,0.96181,0.03819,1.0,0.9688,0.0312
3,3180,69327.5,HOLD_2,1.0,0.97222,0.02778,1.0,0.97227,0.02773
3,3181,69348.9,HOLD_2,1.0,0.96701,0.03299,1.0,0.97227,0.02773
3,3182,69369.6,HOLD_2,1.0,0.97049,0.02951,1.0,0.98094,0.01906
3,3183,69391.0,HOLD_2,1.0,0.97222,0.02778,1.0,0.9792,0.0208
3,3184,69411.3,HOLD_2,1.0,0.97222,0.02778,1.0,0.98267,0.01733
3,3185,69432.5,HOLD_2,1.0,0.97569,0.02431,1.0,0.98267,0.01733
3,3186,69454.3,HOLD_2,1.0,0.97569,0.02431,1.0,0.9844,0.0156
3,3187,69475.2,HOLD_2,1.0,0.97569,0.02431,1.0,0.9792,0.0208
3,3188,69495.7,HOLD_2,1.0,0.97569,0.02431,1.0,0.9844,0.0156
3,3189,69517.1,HOLD_2,1.0,0.97743,0.02257,1.0,0.98267,0.01733
3,3190,69536.8,HOLD_2,1.0,0.97569,0.02431,1.0,0.9844,0.0156
3,3191,69556.4,HOLD_2,1.0,0.97743,0.02257,1.0,0.98614,0.01386
3,3192,69577.6,HOLD_2,1.0,0.97569,0.02431,1.0,0.98267,0.01733
3,3193,69597.4,HOLD_2,1.0,0.98611,0.01389,1.0,0.98094,0.01906
3,3194,69617.9,HOLD_2,1.0,0.97569,0.02431,1.0,0.98267,0.01733
3,3195,69638.9,HOLD_2,1.0,0.97743,0.02257,1.0,0.98787,0.01213
3,3196,69660.6,HOLD_2,1.0,0.98264,0.01736,1.0,0.98267,0.01733
3,3197,69682.6,HOLD_2,1.0,0.97743,0.02257,1.0,0.98094,0.01906
3,3198,69704.4,HOLD_2,1.0,0.98785,0.01215,1.0,0.98094,0.01906
3,3199,69724.9,HOLD_2,1.0,0.97743,0.02257,1.0,0.98094,0.01906
3,3200,69743.9,HOLD_2,1.0,0.9809,0.0191,1.0,0.98267,0.01733
3,3201,69765.2,HOLD_2,1.0,0.9809,0.0191,1.0,0.98267,0.01733
3,3202,69788.6,HOLD_2,1.0,0.9809,0.0191,1.0,0.98267,0.01733
3,3203,69808.2,HOLD_2,1.0,0.98438,0.01562,1.0,0.98094,0.01906
3,3204,69828.2,HOLD_2,1.0,0.98785,0.01215,1.0,0.98094,0.01906
3,3205,69850.0,HOLD_2,1.0,0.98785,0.01215,1.0,0.98267,0.01733
3,3206,69869.3,HOLD_2,1.0,0.99132,0.00868,1.0,0.9844,0.0156
3,3207,69890.7,HOLD_2,1.0,1.0,0.0,1.0,0.9844,0.0156
3,3208,69913.9,HOLD_2,1.0,0.99653,0.00347,1.0,0.9896,0.0104
3,3209,69933.1,HOLD_2,1.0,0.99479,0.00521,1.0,0.9948,0.0052
3,3210,69953.3,HOLD_2,1.0,0.99306,0.00694,1.0,0.99307,0.00693
3,3211,69975.3,HOLD_2,1.0,0.99306,0.00694,1.0,0.9948,0.0052
3,3212,69994.7,HOLD_2,1.0,0.99479,0.00521,1.0,0.9948,0.0052
3,3213,70016.0,HOLD_2,1.0,0.99653,0.00347,1.0,0.99307,0.00693
3,3214,70037.3,HOLD_2,1.0,0.99479,0.00521,1.0,0.9948,0.0052
3,3215,70057.6,HOLD_2,1.0,0.99479,0.00521,1.0,0.9948,0.0052
3,3216,70078.5,HOLD_2,1.0,0.99479,0.00521,1.0,0.9948,0.0052
3,3217,70099.0,HOLD_2,1.0,0.99479,0.00521,1.0,0.99653,0.00347
3,3218,70119.7,HOLD_2,1.0,0.99306,0.00694,1.0,0.9948,0.0052
3,3219,70142.2,HOLD_2,1.0,0.99479,0.00521,1.0,0.9948,0.0052
3,3220,70163.2,HOLD_2,1.0,0.99306,0.00694,1.0,0.99307,0.00693
3,3221,70182.5,HOLD_2,1.0,0.99479,0.00521,1.0,0.99307,0.00693
3,3222,70203.0,HOLD_2,1.0,0.99132,0.00868,1.0,0.9948,0.0052
3,3223,70225.7,HOLD_2,1.0,0.99306,0.00694,1.0,0.9948,0.0052
3,3224,70246.7,HOLD_2,1.0,0.99479,0.00521,1.0,0.99653,0.00347
3,3225,70264.9,HOLD_2,1.0,0.99306,0.00694,1.0,0.99307,0.00693
3,3226,70288.9,HOLD_2,1.0,0.99479,0.00521,1.0,0.9948,0.0052
3,3227,70308.3,HOLD_2,1.0,0.99306,0.00694,1.0,0.9948,0.0052
3,3228,70329.7,HOLD_2,1.0,0.99132,0.00868,1.0,0.9948,0.0052
3,3229,70350.3,HOLD_2,1.0,0.99306,0.00694,1.0,0.9948,0.0052
3,3230,70370.1,HOLD_2,1.0,0.99132,0.00868,1.0,0.9948,0.0052
3,3231,70390.9,HOLD_2,1.0,0.99306,0.00694,1.0,0.9948,0.0052
3,3232,70412.6,HOLD_2,1.0,0.99306,0.00694,1.0,0.99307,0.00693
3,3233,70433.0,HOLD_2,1.0,0.99479,0.00521,1.0,0.9948,0.0052
3,3234,70454.3,HOLD_2,1.0,0.99306,0.00694,1.0,0.99307,0.00693
3,3235,70475.3,HOLD_2,1.0,0.99479,0.00521,1.0,0.9948,0.0052
3,3236,70495.2,HOLD_2,1.0,0.99306,0.00694,1.0,0.9948,0.0052
3,3237,70516.5,HOLD_2,1.0,0.99479,0.00521,1.0,0.99133,0.00867
3,3238,70537.9,HOLD_2,1.0,0.99479,0.00521,1.0,0.99133,0.00867
3,3239,70557.4,HOLD_2,1.0,0.99306,0.00694,1.0,0.99307,0.00693
4,3240,71382.4,SETTLE,0.0,0.58507,-0.58507,0.0,0.57019,-0.57019
4,3241,71404.0,SETTLE,0.0,0.56944,-0.56944,0.0,0.55979,-0.55979
4,3242,71425.9,SETTLE,0.0,0.55903,-0.55903,0.0,0.54419,-0.54419
4,3243,71445.5,SETTLE,0.0,0.5434,-0.5434,0.0,0.53206,-0.53206
4,3244,71465.1,SETTLE,0.0,0.53472,-0.53472,0.0,0.52166,-0.52166
4,3245,71485.4,SETTLE,0.0,0.51736,-0.51736,0.0,0.50087,-0.50087
4,3246,71506.8,SETTLE,0.0,0.49479,-0.49479,0.0,0.48007,-0.48007
4,3247,71528.8,SETTLE,0.0,0.48438,-0.48438,0.0,0.46967,-0.46967
4,3248,71548.8,SETTLE,0.0,0.47049,-0.47049,0.0,0.46101,-0.46101
4,3249,71568.1,SETTLE,0.0,0.45486,-0.45486,0.0,0.44714,-0.44714
4,3250,71589.0,SETTLE,0.0,0.44618,-0.44618,0.0,0.43501,-0.43501
4,3251,71611.5,SETTLE,0.0,0.43229,-0.43229,0.0,0.42114,-0.42114
4,3252,71630.1,SETTLE,0.0,0.42361,-0.42361,0.0,0.40728,-0.40728
4,3253,71652.3,SETTLE,0.0,0.40799,-0.40799,0.0,0.39341,-0.39341
4,3254,71673.1,SETTLE,0.0,0.39583,-0.39583,0.0,0.38128,-0.38128
4,3255,71693.0,SETTLE,0.0,0.38368,-0.38368,0.0,0.36915,-0.36915
4,3256,71713.6,SETTLE,0.0,0.37153,-0.37153,0.0,0.35529,-0.35529
4,3257,71733.6,SETTLE,0.0,0.35938,-0.35938,0.0,0.34315,-0.34315
4,3258,71755.5,SETTLE,0.0,0.34549,-0.34549,0.0,0.33102,-0.33102
4,3259,71777.2,SETTLE,0.0,0.33333,-0.33333,0.0,0.32062,-0.32062
4,3260,71800.6,SETTLE,0.0,0.31771,-0.31771,0.0,0.30503,-0.30503
4,3261,71819.9,SETTLE,0.0,0.30556,-0.30556,0.0,0.29463,-0.29463
4,3262,71839.1,SETTLE,0.0,0.29688,-0.29688,0.0,0.2825,-0.2825
4,3263,71861.2,SETTLE,0.0,0.27951,-0.27951,0.0,0.27036,-0.27036
4,3264,71883.0,SETTLE,0.0,0.26562,-0.26562,0.0,0.25823,-0.25823
4,3265,71903.5,SETTLE,0.0,0.25174,-0.25174,0.0,0.2461,-0.2461
4,3266,71925.6,SETTLE,0.0,0.24132,-0.24132,0.0,0.23397,-0.23397
4,3267,71945.8,SETTLE,0.0,0.22917,-0.22917,0.0,0.22184,-0.22184
4,3268,71966.2,SETTLE,0.0,0.21528,-0.21528,0.0,0.20797,-0.20797
4,3269,71987.2,SETTLE,0.0,0.20312,-0.20312,0.0,0.19584,-0.19584
4,3270,72009.2,CLOSE,0.005,0.18924,-0.18424,0.005,0.18024,-0.17524
4,3271,72029.5,CLOSE,0.01,0.17535,-0.16535,0.01,0.16984,-0.15984
4,3272,72050.0,CLOSE,0.015,0.16146,-0.14646,0.015,0.15771,-0.14271
4,3273,72075.3,CLOSE,0.02,0.1441,-0.1241,0.02,0.14385,-0.12385
4,3274,72094.7,CLOSE,0.025,0.13368,-0.10868,0.025,0.13172,-0.10672
4,3275,72116.6,CLOSE,0.03,0.12153,-0.09153,0.03,0.11958,-0.08958
4,3276,72138.0,CLOSE,0.035,0.10938,-0.07437,0.035,0.10745,-0.07245
4,3277,72157.9,CLOSE,0.04,0.09722,-0.05722,0.04,0.09532,-0.05532
4,3278,72179.3,CLOSE,0.045,0.08507,-0.04007,0.045,0.08319,-0.03819
4,3279,72204.4,CLOSE,0.05,0.07118,-0.02118,0.05,0.07106,-0.02106
4,3280,72216.2,CLOSE,0.055,0.06597,-0.01097,0.055,0.06239,-0.00739
4,3281,72235.7,CLOSE,0.06,0.05208,0.00792,0.06,0.05719,0.00281
4,3282,72256.4,CLOSE,0.065,0.0434,0.0216,0.065,0.04679,0.01821
4,3283,72280.3,CLOSE,0.07,0.03299,0.03701,0.07,0.03813,0.03187
4,3284,72299.0,CLOSE,0.075,0.03646,0.03854,0.075,0.03293,0.04207
4,3285,72319.1,CLOSE,0.08,0.02951,0.05049,0.08,0.02773,0.05227
4,3286,72339.7,CLOSE,0.085,0.03299,0.05201,0.085,0.026,0.059
4,3287,72361.5,CLOSE,0.09,0.02778,0.06222,0.09,0.03293,0.05707
4,3288,72380.3,CLOSE,0.095,0.03472,0.06028,0.095,0.02946,0.06554
4,3289,72402.3,CLOSE,0.1,0.03819,0.06181,0.1,0.03466,0.06534
4,3290,72423.7,CLOSE,0.105,0.04514,0.05986,0.105,0.03986,0.06514
4,3291,72443.6,CLOSE,0.11,0.05382,0.05618,0.11,0.04506,0.06494
4,3292,72464.8,CLOSE,0.115,0.06076,0.05424,0.115,0.05373,0.06127
4,3293,72485.9,CLOSE,0.12,0.06944,0.05056,0.12,0.06066,0.05934
4,3294,72505.4,CLOSE,0.125,0.07812,0.04688,0.125,0.06759,0.05741
4,3295,72530.8,CLOSE,0.13,0.08854,0.04146,0.13,0.07799,0.05201
4,3296,72547.6,CLOSE,0.135,0.09375,0.04125,0.135,0.08839,0.04661
4,3297,72568.7,CLOSE,0.14,0.10243,0.03757,0.14,0.09185,0.04815
4,3298,72589.4,CLOSE,0.145,0.10938,0.03563,0.145,0.10225,0.04275
4,3299,72610.9,CLOSE,0.15,0.11632,0.03368,0.15,0.10919,0.04081
4,3300,72630.9,CLOSE,0.155,0.12153,0.03347,0.155,0.11785,0.03715
4,3301,72652.2,CLOSE,0.16,0.12847,0.03153,0.16,0.12478,0.03522
4,3302,72672.7,CLOSE,0.165,0.13194,0.03306,0.165,0.12998,0.03502
4,3303,72692.7,CLOSE,0.17,0.13715,0.03285,0.17,0.13692,0.03308
4,3304,72713.4,CLOSE,0.175,0.14236,0.03264,0.175,0.14211,0.03289
4,3305,72734.8,CLOSE,0.18,0.14757,0.03243,0.18,0.14558,0.03442
4,3306,72756.4,CLOSE,0.185,0.15278,0.03222,0.185,0.14905,0.03595
4,3307,72777.5,CLOSE,0.19,0.16493,0.02507,0.19,0.15598,0.03402
4,3308,72797.3,CLOSE,0.195,0.16319,0.03181,0.195,0.15771,0.03729
4,3309,72819.0,CLOSE,0.2,0.17535,0.02465,0.2,0.16811,0.03189
4,3310,72840.7,CLOSE,0.205,0.17361,0.03139,0.205,0.16291,0.04209
4,3311,72861.4,CLOSE,0.21,0.17882,0.03118,0.21,0.16638,0.04362
4,3312,72881.8,CLOSE,0.215,0.18403,0.03097,0.215,0.17158,0.04342
4,3313,72902.9,CLOSE,0.22,0.1875,0.0325,0.22,0.17504,0.04496
4,3314,72922.8,CLOSE,0.225,0.19444,0.03056,0.225,0.18024,0.04476
4,3315,72943.9,CLOSE,0.23,0.20139,0.02861,0.23,0.18371,0.04629
4,3316,72964.6,CLOSE,0.235,0.20139,0.03361,0.235,0.19064,0.04436
4,3317,72986.2,CLOSE,0.24,0.20486,0.03514,0.24,0.19584,0.04416
4,3318,73006.2,CLOSE,0.245,0.21007,0.03493,0.245,0.20104,0.04396
4,3319,73027.1,CLOSE,0.25,0.21354,0.03646,0.25,0.20797,0.04203
4,3320,73049.3,CLOSE,0.255,0.22396,0.03104,0.255,0.21144,0.04356
4,3321,73068.5,CLOSE,0.26,0.22049,0.03951,0.26,0.21837,0.04163
4,3322,73089.9,CLOSE,0.265,0.22569,0.03931,0.265,0.2253,0.0397
4,3323,73111.3,CLOSE,0.27,0.23438,0.03563,0.27,0.22877,0.04123
4,3324,73131.7,CLOSE,0.275,0.23611,0.03889,0.275,0.2357,0.0393
4,3325,73152.4,CLOSE,0.28,0.24132,0.03868,0.28,0.2409,0.0391
4,3326,73173.4,CLOSE,0.285,0.24653,0.03847,0.285,0.2461,0.0389
4,3327,73194.2,CLOSE,0.29,0.25174,0.03826,0.29,0.25477,0.03523
4,3328,73215.4,CLOSE,0.295,0.26042,0.03458,0.295,0.2565,0.0385
4,3329,73236.7,CLOSE,0.3,0.26389,0.03611,0.3,0.2617,0.0383
4,3330,73257.6,CLOSE,0.305,0.2691,0.0359,0.305,0.26863,0.03637
4,3331,73277.9,CLOSE,0.31,0.27604,0.03396,0.31,0.27903,0.03097
4,3332,73300.0,CLOSE,0.315,0.28472,0.03028,0.315,0.27903,0.03597
4,3333,73320.1,CLOSE,0.32,0.28993,0.03007,0.32,0.28596,0.03404
4,3334,73340.6,CLOSE,0.325,0.29688,0.02813,0.325,0.29116,0.03384
4,3335,73362.7,CLOSE,0.33,0.30208,0.02792,0.33,0.29636,0.03364
4,3336,73383.5,CLOSE,0.335,0.30903,0.02597,0.335,0.30156,0.03344
4,3337,73404.3,CLOSE,0.34,0.31771,0.02229,0.34,0.30676,0.03324
4,3338,73424.7,CLOSE,0.345,0.31771,0.02729,0.345,0.31023,0.03477
4,3339,73444.4,CLOSE,0.35,0.32292,0.02708,0.35,0.31716,0.03284
4,3340,73465.1,CLOSE,0.355,0.32812,0.02688,0.355,0.32062,0.03438
4,3341,73486.8,CLOSE,0.36,0.3316,0.0284,0.36,0.32409,0.03591
4,3342,73507.5,CLOSE,0.365,0.34375,0.02125,0.365,0.32409,0.04091
4,3343,73528.3,CLOSE,0.37,0.34375,0.02625,0.37,0.32582,0.04418
4,3344,73549.3,CLOSE,0.375,0.34375,0.03125,0.375,0.33102,0.04398
4,3345,73570.0,CLOSE,0.38,0.34722,0.03278,0.38,0.33622,0.04378
4,3346,73590.3,CLOSE,0.385,0.35243,0.03257,0.385,0.34315,0.04185
4,3347,73611.5,CLOSE,0.39,0.35938,0.03063,0.39,0.34835,0.04165
4,3348,73633.2,CLOSE,0.395,0.36285,0.03215,0.395,0.35529,0.03971
4,3349,73652.9,CLOSE,0.4,0.36632,0.03368,0.4,0.36222,0.03778
4,3350,73674.2,CLOSE,0.405,0.36806,0.03694,0.405,0.36915,0.03585
4,3351,73694.5,CLOSE,0.41,0.375,0.035,0.41,0.37955,0.03045
4,3352,73714.8,CLOSE,0.415,0.37847,0.03653,0.415,0.38302,0.03198
4,3353,73738.8,CLOSE,0.42,0.38194,0.03806,0.42,0.38995,0.03005
4,3354,73757.4,CLOSE,0.425,0.38542,0.03958,0.425,0.39515,0.02985
4,3355,73778.2,CLOSE,0.43,0.39236,0.03764,0.43,0.40035,0.02965
4,3356,73800.0,CLOSE,0.435,0.40278,0.03222,0.435,0.40901,0.02599
4,3357,73821.5,CLOSE,0.44,0.40451,0.03549,0.44,0.41421,0.02579
4,3358,73842.4,CLOSE,0.445,0.41667,0.02833,0.445,0.41768,0.02732
4,3359,73863.9,CLOSE,0.45,0.4184,0.0316,0.45,0.42461,0.02539
4,3360,73883.5,CLOSE,0.455,0.42361,0.03139,0.455,0.42808,0.02692
4,3361,73904.9,CLOSE,0.46,0.43229,0.02771,0.46,0.43154,0.02846
4,3362,73924.9,CLOSE,0.465,0.4375,0.0275,0.465,0.43501,0.02999
4,3363,73945.5,CLOSE,0.47,0.44097,0.02903,0.47,0.43847,0.03153
4,3364,73966.6,CLOSE,0.475,0.45139,0.02361,0.475,0.44194,0.03306
4,3365,73987.7,CLOSE,0.48,0.45486,0.02514,0.48,0.44541,0.03459
4,3366,74008.3,CLOSE,0.485,0.4566,0.0284,0.485,0.45061,0.03439
4,3367,74029.5,CLOSE,0.49,0.46354,0.02646,0.49,0.45234,0.03766
4,3368,74050.5,CLOSE,0.495,0.46875,0.02625,0.495,0.45754,0.03746
4,3369,74071.3,CLOSE,0.5,0.47222,0.02778,0.5,0.46101,0.03899
4,3370,74091.1,CLOSE,0.505,0.47743,0.02757,0.505,0.4662,0.0388
4,3371,74110.9,CLOSE,0.51,0.48264,0.02736,0.51,0.46967,0.04033
4,3372,74131.8,CLOSE,0.515,0.49132,0.02368,0.515,0.48527,0.02973
4,3373,74152.0,CLOSE,0.52,0.49306,0.02694,0.52,0.487,0.033
4,3374,74172.2,CLOSE,0.525,0.5,0.025,0.525,0.48873,0.03627
4,3375,74194.5,CLOSE,0.53,0.50868,0.02132,0.53,0.49913,0.03087
4,3376,74215.4,CLOSE,0.535,0.51215,0.02285,0.535,0.50953,0.02547
4,3377,74237.6,CLOSE,0.54,0.52083,0.01917,0.54,0.5182,0.0218
4,3378,74258.3,CLOSE,0.545,0.53125,0.01375,0.545,0.52513,0.01987
4,3379,74280.7,CLOSE,0.55,0.53299,0.01701,0.55,0.53033,0.01967
4,3380,74301.9,CLOSE,0.555,0.53299,0.02201,0.555,0.53899,0.01601
4,3381,74321.9,CLOSE,0.56,0.53472,0.02528,0.56,0.53726,0.02274
4,3382,74343.0,CLOSE,0.565,0.53472,0.03028,0.565,0.54073,0.02427
4,3383,74363.3,CLOSE,0.57,0.54688,0.02313,0.57,0.54419,0.02581
4,3384,74383.7,CLOSE,0.575,0.54514,0.02986,0.575,0.54766,0.02734
4,3385,74404.7,CLOSE,0.58,0.54688,0.03313,0.58,0.54939,0.03061
4,3386,74425.4,CLOSE,0.585,0.54861,0.03639,0.585,0.55113,0.03387
4,3387,74446.7,CLOSE,0.59,0.55382,0.03618,0.59,0.55459,0.03541
4,3388,74467.0,CLOSE,0.595,0.55729,0.03771,0.595,0.55806,0.03694
4,3389,74487.1,CLOSE,0.6,0.55903,0.04097,0.6,0.56326,0.03674
4,3390,74508.6,CLOSE,0.605,0.56771,0.03729,0.605,0.56672,0.03828
4,3391,74529.9,CLOSE,0.61,0.57986,0.03014,0.61,0.57886,0.03114
4,3392,74550.1,CLOSE,0.615,0.5816,0.0334,0.615,0.58059,0.03441
4,3393,74571.1,CLOSE,0.62,0.58507,0.03493,0.62,0.58059,0.03941
4,3394,74592.2,CLOSE,0.625,0.58854,0.03646,0.625,0.58406,0.04094
4,3395,74612.7,CLOSE,0.63,0.59549,0.03451,0.63,0.58925,0.04075
4,3396,74635.1,CLOSE,0.635,0.60243,0.03257,0.635,0.59445,0.04055
4,3397,74654.4,CLOSE,0.64,0.60764,0.03236,0.64,0.60485,0.03515
4,3398,74676.9,CLOSE,0.645,0.61285,0.03215,0.645,0.60659,0.03841
4,3399,74696.3,CLOSE,0.65,0.61806,0.03194,0.65,0.61352,0.03648
4,3400,74718.7,CLOSE,0.655,0.63021,0.02479,0.655,0.61872,0.03628
4,3401,74739.1,CLOSE,0.66,0.63021,0.02979,0.66,0.63258,0.02742
4,3402,74759.9,CLOSE,0.665,0.63889,0.02611,0.665,0.63605,0.02895
4,3403,74777.6,CLOSE,0.67,0.64236,0.02764,0.67,0.63951,0.03049
4,3404,74799.3,CLOSE,0.675,0.64931,0.02569,0.675,0.64645,0.02855
4,3405,74819.6,CLOSE,0.68,0.65278,0.02722,0.68,0.65165,0.02835
4,3406,74838.8,CLOSE,0.685,0.65799,0.02701,0.685,0.65338,0.03162
4,3407,74859.5,CLOSE,0.69,0.66319,0.02681,0.69,0.66031,0.02969
4,3408,74880.1,CLOSE,0.695,0.67361,0.02139,0.695,0.66551,0.02949
4,3409,74901.2,CLOSE,0.7,0.67882,0.02118,0.7,0.66898,0.03102
4,3410,74921.7,CLOSE,0.705,0.67708,0.02792,0.705,0.67071,0.03429
4,3411,74942.5,CLOSE,0.71,0.68229,0.02771,0.71,0.67764,0.03236
4,3412,74963.7,CLOSE,0.715,0.6875,0.0275,0.715,0.67764,0.03736
4,3413,74990.3,CLOSE,0.72,0.69097,0.02903,0.72,0.68458,0.03542
4,3414,75011.3,CLOSE,0.725,0.69444,0.03056,0.725,0.68804,0.03696
4,3415,75032.2,CLOSE,0.73,0.70312,0.02688,0.73,0.69497,0.03503
4,3416,75053.3,CLOSE,0.735,0.70486,0.03014,0.735,0.69844,0.03656
4,3417,75074.3,CLOSE,0.74,0.70833,0.03167,0.74,0.70364,0.03636
4,3418,75089.5,CLOSE,0.745,0.71354,0.03146,0.745,0.71057,0.03443
4,3419,75109.3,CLOSE,0.75,0.71701,0.03299,0.75,0.71924,0.03076
4,3420,75130.6,CLOSE,0.755,0.72396,0.03104,0.755,0.71924,0.03576
4,3421,75150.9,CLOSE,0.76,0.72743,0.03257,0.76,0.72444,0.03556
4,3422,75173.0,CLOSE,0.765,0.73958,0.02542,0.765,0.73657,0.02843
4,3423,75197.5,CLOSE,0.77,0.74479,0.02521,0.77,0.7331,0.0369
4,3424,75217.7,CLOSE,0.775,0.74479,0.03021,0.775,0.74003,0.03497
4,3425,75238.5,CLOSE,0.78,0.75,0.03,0.78,0.74523,0.03477
4,3426,75258.5,CLOSE,0.785,0.75521,0.02979,0.785,0.75043,0.03457
4,3427,75277.7,CLOSE,0.79,0.75868,0.03132,0.79,0.7539,0.0361
4,3428,75299.0,CLOSE,0.795,0.76215,0.03285,0.795,0.76256,0.03244
4,3429,75319.0,CLOSE,0.8,0.77083,0.02917,0.8,0.76603,0.03397
4,3430,75339.4,CLOSE,0.805,0.77431,0.03069,0.805,0.77123,0.03377
4,3431,75360.2,CLOSE,0.81,0.78472,0.02528,0.81,0.77643,0.03357
4,3432,75381.7,CLOSE,0.815,0.78472,0.03028,0.815,0.78163,0.03337
4,3433,75402.9,CLOSE,0.82,0.7934,0.0266,0.82,0.78336,0.03664
4,3434,75422.8,CLOSE,0.825,0.79861,0.02639,0.825,0.79203,0.03297
4,3435,75442.5,CLOSE,0.83,0.79688,0.03313,0.83,0.79723,0.03277
4,3436,75463.4,CLOSE,0.835,0.80729,0.02771,0.835,0.79896,0.03604
4,3437,75485.8,CLOSE,0.84,0.80729,0.03271,0.84,0.80416,0.03584
4,3438,75506.5,CLOSE,0.845,0.81424,0.03076,0.845,0.81109,0.03391
4,3439,75527.4,CLOSE,0.85,0.81771,0.03229,0.85,0.82149,0.02851
4,3440,75548.3,CLOSE,0.855,0.82465,0.03035,0.855,0.81976,0.03524
4,3441,75569.9,CLOSE,0.86,0.83333,0.02667,0.86,0.82496,0.03504
4,3442,75592.2,CLOSE,0.865,0.83333,0.03167,0.865,0.83189,0.03311
4,3443,75614.1,CLOSE,0.87,0.84375,0.02625,0.87,0.83536,0.03464
4,3444,75637.0,CLOSE,0.875,0.84375,0.03125,0.875,0.84055,0.03445
4,3445,75653.9,CLOSE,0.88,0.84896,0.03104,0.88,0.84749,0.03251
4,3446,75676.3,CLOSE,0.885,0.85417,0.03083,0.885,0.85095,0.03405
4,3447,75696.6,CLOSE,0.89,0.85938,0.03063,0.89,0.85615,0.03385
4,3448,75716.7,CLOSE,0.895,0.86458,0.03042,0.895,0.86828,0.02672
4,3449,75739.4,CLOSE,0.9,0.875,0.025,0.9,0.86828,0.03172
4,3450,75759.6,CLOSE,0.905,0.875,0.03,0.905,0.87695,0.02805
4,3451,75779.9,CLOSE,0.91,0.88021,0.02979,0.91,0.88908,0.02092
4,3452,75799.0,CLOSE,0.915,0.88368,0.03132,0.915,0.88388,0.03112
4,3453,75820.0,CLOSE,0.92,0.88715,0.03285,0.92,0.88908,0.03092
4,3454,75840.9,CLOSE,0.925,0.89236,0.03264,0.925,0.89255,0.03245
4,3455,75861.0,CLOSE,0.93,0.89583,0.03417,0.93,0.89948,0.03052
4,3456,75882.0,CLOSE,0.935,0.90799,0.02701,0.935,0.90468,0.03032
4,3457,75904.8,CLOSE,0.94,0.90625,0.03375,0.94,0.90988,0.03012
4,3458,75923.5,CLOSE,0.945,0.90972,0.03528,0.945,0.91334,0.03166
4,3459,75944.0,CLOSE,0.95,0.91493,0.03507,0.95,0.91854,0.03146
4,3460,75966.3,CLOSE,0.955,0.9184,0.0366,0.955,0.92374,0.03126
4,3461,75987.9,CLOSE,0.96,0.92535,0.03465,0.96,0.93934,0.02066
4,3462,76008.9,CLOSE,0.965,0.92882,0.03618,0.965,0.93761,0.02739
4,3463,76028.8,CLOSE,0.97,0.93576,0.03424,0.97,0.94281,0.02719
4,3464,76049.8,CLOSE,0.975,0.94792,0.02708,0.975,0.94801,0.02699
4,3465,76071.4,CLOSE,0.98,0.95139,0.02861,0.98,0.95841,0.02159
4,3466,76091.9,CLOSE,0.985,0.94792,0.03708,0.985,0.96534,0.01966
4,3467,76113.1,CLOSE,0.99,0.9566,0.0334,0.99,0.96187,0.02813
4,3468,76133.0,CLOSE,0.995,0.96181,0.03319,0.995,0.9688,0.0262
4,3469,76156.2,CLOSE,1.0,0.96875,0.03125,1.0,0.97227,0.02773
4,3470,76162.9,HOLD_CLOSED,1.0,0.96701,0.03299,1.0,0.974,0.026
4,3471,76183.8,HOLD_CLOSED,1.0,0.97049,0.02951,1.0,0.9792,0.0208
4,3472,76205.1,HOLD_CLOSED,1.0,0.97917,0.02083,1.0,0.98094,0.01906
4,3473,76226.6,HOLD_CLOSED,1.0,0.97569,0.02431,1.0,0.9844,0.0156
4,3474,76245.6,HOLD_CLOSED,1.0,0.9809,0.0191,1.0,0.98614,0.01386
4,3475,76266.5,HOLD_CLOSED,1.0,0.97917,0.02083,1.0,0.9844,0.0156
4,3476,76288.8,HOLD_CLOSED,1.0,0.9809,0.0191,1.0,0.98267,0.01733
4,3477,76310.7,HOLD_CLOSED,1.0,0.97743,0.02257,1.0,0.98787,0.01213
4,3478,76329.7,HOLD_CLOSED,1.0,0.98611,0.01389,1.0,0.98787,0.01213
4,3479,76348.9,HOLD_CLOSED,1.0,0.97743,0.02257,1.0,0.98614,0.01386
4,3480,76371.0,HOLD_CLOSED,1.0,0.98438,0.01562,1.0,0.98614,0.01386
4,3481,76392.5,HOLD_CLOSED,1.0,0.98264,0.01736,1.0,0.9844,0.0156
4,3482,76413.5,HOLD_CLOSED,1.0,0.98438,0.01562,1.0,0.98614,0.01386
4,3483,76434.5,HOLD_CLOSED,1.0,0.97743,0.02257,1.0,0.9896,0.0104
4,3484,76455.1,HOLD_CLOSED,1.0,0.97917,0.02083,1.0,0.98614,0.01386
4,3485,76477.1,HOLD_CLOSED,1.0,0.98611,0.01389,1.0,0.98614,0.01386
4,3486,76497.3,HOLD_CLOSED,1.0,0.97917,0.02083,1.0,0.9844,0.0156
4,3487,76517.6,HOLD_CLOSED,1.0,0.97917,0.02083,1.0,0.98614,0.01386
4,3488,76537.4,HOLD_CLOSED,1.0,0.98611,0.01389,1.0,0.98614,0.01386
4,3489,76559.0,HOLD_CLOSED,1.0,0.9809,0.0191,1.0,0.9844,0.0156
4,3490,76581.5,HOLD_CLOSED,1.0,0.98958,0.01042,1.0,0.9844,0.0156
4,3491,76599.4,HOLD_CLOSED,1.0,0.98264,0.01736,1.0,0.9844,0.0156
4,3492,76620.5,HOLD_CLOSED,1.0,0.97396,0.02604,1.0,0.9844,0.0156
4,3493,76643.8,HOLD_CLOSED,1.0,0.98611,0.01389,1.0,0.99307,0.00693
4,3494,76664.0,HOLD_CLOSED,1.0,0.98611,0.01389,1.0,0.98614,0.01386
4,3495,76684.5,HOLD_CLOSED,1.0,0.99479,0.00521,1.0,0.98614,0.01386
4,3496,76706.0,HOLD_CLOSED,1.0,0.98958,0.01042,1.0,0.98614,0.01386
4,3497,76724.6,HOLD_CLOSED,1.0,0.99132,0.00868,1.0,0.9896,0.0104
4,3498,76746.0,HOLD_CLOSED,1.0,0.99306,0.00694,1.0,0.99827,0.00173
4,3499,76767.0,HOLD_CLOSED,1.0,0.99479,0.00521,1.0,1.0,0.0
4,3500,76787.3,HOLD_CLOSED,1.0,0.99479,0.00521,1.0,0.9948,0.0052
4,3501,76808.6,HOLD_CLOSED,1.0,0.99479,0.00521,1.0,0.9948,0.0052
4,3502,76831.2,HOLD_CLOSED,1.0,0.99479,0.00521,1.0,0.99307,0.00693
4,3503,76853.1,HOLD_CLOSED,1.0,0.99479,0.00521,1.0,0.9948,0.0052
4,3504,76871.0,HOLD_CLOSED,1.0,0.99306,0.00694,1.0,0.99307,0.00693
4,3505,76894.4,HOLD_CLOSED,1.0,0.99479,0.00521,1.0,0.99133,0.00867
4,3506,76913.3,HOLD_CLOSED,1.0,0.99306,0.00694,1.0,0.99653,0.00347
4,3507,76933.9,HOLD_CLOSED,1.0,0.99653,0.00347,1.0,0.99307,0.00693
4,3508,76954.9,HOLD_CLOSED,1.0,0.99306,0.00694,1.0,0.99307,0.00693
4,3509,76976.2,HOLD_CLOSED,1.0,0.99306,0.00694,1.0,0.99307,0.00693
4,3510,76996.7,HOLD_CLOSED,1.0,0.99479,0.00521,1.0,0.99307,0.00693
4,3511,77018.5,HOLD_CLOSED,1.0,0.99479,0.00521,1.0,0.9948,0.0052
4,3512,77039.0,HOLD_CLOSED,1.0,0.99132,0.00868,1.0,0.99307,0.00693
4,3513,77058.7,HOLD_CLOSED,1.0,0.99306,0.00694,1.0,0.99307,0.00693
4,3514,77080.2,HOLD_CLOSED,1.0,0.99479,0.00521,1.0,0.9948,0.0052
4,3515,77101.3,HOLD_CLOSED,1.0,0.99479,0.00521,1.0,0.9948,0.0052
4,3516,77120.9,HOLD_CLOSED,1.0,0.99479,0.00521,1.0,0.9948,0.0052
4,3517,77143.0,HOLD_CLOSED,1.0,0.99479,0.00521,1.0,0.99307,0.00693
4,3518,77162.4,HOLD_CLOSED,1.0,0.99306,0.00694,1.0,0.9948,0.0052
4,3519,77182.9,HOLD_CLOSED,1.0,0.99306,0.00694,1.0,0.9948,0.0052
4,3520,77204.2,HOLD_CLOSED,1.0,0.99132,0.00868,1.0,0.99307,0.00693
4,3521,77225.0,HOLD_CLOSED,1.0,0.99132,0.00868,1.0,0.9948,0.0052
4,3522,77248.0,HOLD_CLOSED,1.0,0.99306,0.00694,1.0,0.99307,0.00693
4,3523,77268.5,HOLD_CLOSED,1.0,0.99306,0.00694,1.0,0.9948,0.0052
4,3524,77287.4,HOLD_CLOSED,1.0,0.99479,0.00521,1.0,0.9948,0.0052
4,3525,77310.2,HOLD_CLOSED,1.0,0.99306,0.00694,1.0,0.9948,0.0052
4,3526,77328.7,HOLD_CLOSED,1.0,0.99132,0.00868,1.0,0.9948,0.0052
4,3527,77351.0,HOLD_CLOSED,1.0,0.99306,0.00694,1.0,0.9948,0.0052
4,3528,77371.6,HOLD_CLOSED,1.0,0.99132,0.00868,1.0,0.99307,0.00693
4,3529,77391.7,HOLD_CLOSED,1.0,0.99479,0.00521,1.0,0.9948,0.0052
4,3530,77414.4,OPEN,0.995,0.99479,0.00021,0.995,0.99653,-0.00153
4,3531,77434.9,OPEN,0.99,0.99306,-0.00306,0.99,0.99653,-0.00653
4,3532,77456.6,OPEN,0.985,0.99306,-0.00806,0.985,0.9948,-0.0098
4,3533,77477.6,OPEN,0.98,0.99306,-0.01306,0.98,0.9948,-0.0148
4,3534,77497.1,OPEN,0.975,0.99306,-0.01806,0.975,0.9948,-0.0198
4,3535,77518.8,OPEN,0.97,0.99479,-0.02479,0.97,0.9948,-0.0248
4,3536,77540.6,OPEN,0.965,0.99132,-0.02632,0.965,0.99653,-0.03153
4,3537,77561.1,OPEN,0.96,0.99479,-0.03479,0.96,0.99307,-0.03307
4,3538,77582.1,OPEN,0.955,0.99479,-0.03979,0.955,0.99307,-0.03807
4,3539,77602.6,OPEN,0.95,0.99306,-0.04306,0.95,0.99307,-0.04307
4,3540,77623.6,OPEN,0.945,0.99479,-0.04979,0.945,0.9948,-0.0498
4,3541,77644.9,OPEN,0.94,0.99306,-0.05306,0.94,0.99307,-0.05307
4,3542,77664.9,OPEN,0.935,0.98438,-0.04938,0.935,0.9948,-0.0598
4,3543,77685.8,OPEN,0.93,0.99826,-0.06826,0.93,0.99307,-0.06307
4,3544,77707.6,OPEN,0.925,0.98958,-0.06458,0.925,0.99307,-0.06807
4,3545,77727.2,OPEN,0.92,0.98611,-0.06611,0.92,0.99133,-0.07133
4,3546,77747.7,OPEN,0.915,0.9809,-0.0659,0.915,0.9844,-0.0694
4,3547,77768.8,OPEN,0.91,0.98264,-0.07264,0.91,0.97574,-0.06574
4,3548,77790.7,OPEN,0.905,0.97222,-0.06722,0.905,0.97574,-0.07074
4,3549,77810.4,OPEN,0.9,0.96875,-0.06875,0.9,0.96534,-0.06534
4,3550,77832.2,OPEN,0.895,0.95833,-0.06333,0.895,0.96187,-0.06687
4,3551,77852.9,OPEN,0.89,0.95139,-0.06139,0.89,0.95841,-0.06841
4,3552,77875.3,OPEN,0.885,0.94444,-0.05944,0.885,0.95667,-0.07167
4,3553,77893.4,OPEN,0.88,0.93924,-0.05924,0.88,0.95147,-0.07147
4,3554,77914.1,OPEN,0.875,0.92361,-0.04861,0.875,0.94281,-0.06781
4,3555,77935.3,OPEN,0.87,0.92188,-0.05188,0.87,0.93588,-0.06588
4,3556,77955.9,OPEN,0.865,0.91493,-0.04993,0.865,0.92548,-0.06048
4,3557,77977.1,OPEN,0.86,0.90972,-0.04972,0.86,0.91681,-0.05681
4,3558,77997.6,OPEN,0.855,0.90625,-0.05125,0.855,0.90988,-0.05488
4,3559,78019.7,OPEN,0.85,0.90278,-0.05278,0.85,0.90295,-0.05295
4,3560,78038.8,OPEN,0.845,0.89931,-0.05431,0.845,0.89601,-0.05101
4,3561,78059.8,OPEN,0.84,0.89583,-0.05583,0.84,0.89255,-0.05255
4,3562,78081.7,OPEN,0.835,0.8941,-0.0591,0.835,0.88562,-0.05062
4,3563,78102.5,OPEN,0.83,0.88715,-0.05715,0.83,0.88388,-0.05388
4,3564,78123.9,OPEN,0.825,0.88715,-0.06215,0.825,0.87868,-0.05368
4,3565,78145.1,OPEN,0.82,0.88542,-0.06542,0.82,0.87695,-0.05695
4,3566,78165.0,OPEN,0.815,0.89062,-0.07563,0.815,0.87348,-0.05848
4,3567,78186.1,OPEN,0.81,0.87847,-0.06847,0.81,0.87175,-0.06175
4,3568,78206.3,OPEN,0.805,0.87674,-0.07174,0.805,0.87002,-0.06502
4,3569,78228.1,OPEN,0.8,0.87153,-0.07153,0.8,0.86135,-0.06135
4,3570,78248.9,OPEN,0.795,0.86632,-0.07132,0.795,0.86482,-0.06982
4,3571,78270.3,OPEN,0.79,0.86632,-0.07632,0.79,0.85269,-0.06269
4,3572,78291.5,OPEN,0.785,0.86285,-0.07785,0.785,0.84749,-0.06249
4,3573,78311.0,OPEN,0.78,0.86111,-0.08111,0.78,0.84229,-0.06229
4,3574,78330.6,OPEN,0.775,0.84896,-0.07396,0.775,0.83536,-0.06036
4,3575,78351.2,OPEN,0.77,0.84028,-0.07028,0.77,0.82842,-0.05842
4,3576,78371.6,OPEN,0.765,0.83507,-0.07007,0.765,0.82496,-0.05996
4,3577,78392.9,OPEN,0.76,0.82639,-0.06639,0.76,0.82149,-0.06149
4,3578,78416.0,OPEN,0.755,0.82292,-0.06792,0.755,0.81282,-0.05782
4,3579,78435.2,OPEN,0.75,0.8125,-0.0625,0.75,0.81109,-0.06109
4,3580,78456.7,OPEN,0.745,0.80382,-0.05882,0.745,0.80589,-0.06089
4,3581,78477.2,OPEN,0.74,0.79688,-0.05688,0.74,0.80069,-0.06069
4,3582,78498.1,OPEN,0.735,0.79167,-0.05667,0.735,0.79376,-0.05876
4,3583,78519.6,OPEN,0.73,0.78472,-0.05472,0.73,0.78856,-0.05856
4,3584,78538.2,OPEN,0.725,0.78125,-0.05625,0.725,0.7851,-0.0601
4,3585,78559.6,OPEN,0.72,0.77778,-0.05778,0.72,0.7799,-0.0599
4,3586,78580.7,OPEN,0.715,0.77083,-0.05583,0.715,0.7747,-0.0597
4,3587,78603.0,OPEN,0.71,0.76736,-0.05736,0.71,0.76776,-0.05776
4,3588,78622.0,OPEN,0.705,0.76562,-0.06063,0.705,0.76256,-0.05756
4,3589,78644.5,OPEN,0.7,0.76215,-0.06215,0.7,0.75737,-0.05737
4,3590,78662.7,OPEN,0.695,0.76042,-0.06542,0.695,0.75217,-0.05717
4,3591,78684.8,OPEN,0.69,0.75347,-0.06347,0.69,0.74523,-0.05523
4,3592,78705.5,OPEN,0.685,0.75,-0.065,0.685,0.74177,-0.05677
4,3593,78726.7,OPEN,0.68,0.74653,-0.06653,0.68,0.73484,-0.05484
4,3594,78747.8,OPEN,0.675,0.74132,-0.06632,0.675,0.73484,-0.05984
4,3595,78770.2,OPEN,0.67,0.73611,-0.06611,0.67,0.72617,-0.05617
4,3596,78791.0,OPEN,0.665,0.7309,-0.0659,0.665,0.7227,-0.0577
4,3597,78810.0,OPEN,0.66,0.72569,-0.06569,0.66,0.7175,-0.0575
4,3598,78830.8,OPEN,0.655,0.72743,-0.07243,0.655,0.71404,-0.05904
4,3599,78852.4,OPEN,0.65,0.71354,-0.06354,0.65,0.70884,-0.05884
4,3600,78874.0,OPEN,0.645,0.7066,-0.0616,0.645,0.70191,-0.05691
4,3601,78894.7,OPEN,0.64,0.70312,-0.06313,0.64,0.69844,-0.05844
4,3602,78915.2,OPEN,0.635,0.69792,-0.06292,0.635,0.69324,-0.05824
4,3603,78934.9,OPEN,0.63,0.6875,-0.0575,0.63,0.68804,-0.05804
4,3604,78957.0,OPEN,0.625,0.68403,-0.05903,0.625,0.68111,-0.05611
4,3605,78976.2,OPEN,0.62,0.67882,-0.05882,0.62,0.67764,-0.05764
4,3606,78996.7,OPEN,0.615,0.67535,-0.06035,0.615,0.67244,-0.05744
4,3607,79020.1,OPEN,0.61,0.6684,-0.0584,0.61,0.66724,-0.05724
4,3608,79039.8,OPEN,0.605,0.66319,-0.05819,0.605,0.66551,-0.06051
4,3609,79060.9,OPEN,0.6,0.66319,-0.06319,0.6,0.65511,-0.05511
4,3610,79083.1,OPEN,0.595,0.65278,-0.05778,0.595,0.64991,-0.05491
4,3611,79101.5,OPEN,0.59,0.65104,-0.06104,0.59,0.64471,-0.05471
4,3612,79122.3,OPEN,0.585,0.6441,-0.0591,0.585,0.64125,-0.05625
4,3613,79143.9,OPEN,0.58,0.63889,-0.05889,0.58,0.63605,-0.05605
4,3614,79165.6,OPEN,0.575,0.63542,-0.06042,0.575,0.63085,-0.05585
4,3615,79185.8,OPEN,0.57,0.62847,-0.05847,0.57,0.62218,-0.05218
4,3616,79208.0,OPEN,0.565,0.625,-0.06,0.565,0.61698,-0.05198
4,3617,79229.1,OPEN,0.56,0.61806,-0.05806,0.56,0.61179,-0.05179
4,3618,79248.2,OPEN,0.555,0.61458,-0.05958,0.555,0.60485,-0.04985
4,3619,79270.4,OPEN,0.55,0.6059,-0.0559,0.55,0.60312,-0.05312
4,3620,79290.6,OPEN,0.545,0.60243,-0.05743,0.545,0.59792,-0.05292
4,3621,79310.4,OPEN,0.54,0.59896,-0.05896,0.54,0.59099,-0.05099
4,3622,79332.8,OPEN,0.535,0.59722,-0.06222,0.535,0.58752,-0.05252
4,3623,79352.1,OPEN,0.53,0.59028,-0.06028,0.53,0.58406,-0.05406
4,3624,79374.4,OPEN,0.525,0.5816,-0.0566,0.525,0.57886,-0.05386
4,3625,79394.2,OPEN,0.52,0.57812,-0.05813,0.52,0.57539,-0.05539
4,3626,79414.9,OPEN,0.515,0.57292,-0.05792,0.515,0.57019,-0.05519
4,3627,79436.7,OPEN,0.51,0.56771,-0.05771,0.51,0.56499,-0.05499
4,3628,79457.1,OPEN,0.505,0.56424,-0.05924,0.505,0.56153,-0.05653
4,3629,79477.7,OPEN,0.5,0.55903,-0.05903,0.5,0.55459,-0.05459
4,3630,79498.3,OPEN,0.495,0.55556,-0.06056,0.495,0.54939,-0.05439
4,3631,79518.8,OPEN,0.49,0.54861,-0.05861,0.49,0.55113,-0.06113
4,3632,79541.2,OPEN,0.485,0.54514,-0.06014,0.485,0.54073,-0.05573
4,3633,79561.7,OPEN,0.48,0.53993,-0.05993,0.48,0.53553,-0.05553
4,3634,79582.8,OPEN,0.475,0.53472,-0.05972,0.475,0.53206,-0.05706
4,3635,79602.8,OPEN,0.47,0.53125,-0.06125,0.47,0.5286,-0.0586
4,3636,79621.5,OPEN,0.465,0.52431,-0.05931,0.465,0.5286,-0.0636
4,3637,79644.4,OPEN,0.46,0.51042,-0.05042,0.46,0.51473,-0.05473
4,3638,79664.8,OPEN,0.455,0.50521,-0.05021,0.455,0.50607,-0.05107
4,3639,79686.0,OPEN,0.45,0.49479,-0.04479,0.45,0.4974,-0.0474
4,3640,79706.4,OPEN,0.445,0.49132,-0.04632,0.445,0.48527,-0.04027
4,3641,79727.0,OPEN,0.44,0.48785,-0.04785,0.44,0.48007,-0.04007
4,3642,79747.6,OPEN,0.435,0.48264,-0.04764,0.435,0.47834,-0.04334
4,3643,79770.1,OPEN,0.43,0.4809,-0.0509,0.43,0.47487,-0.04487
4,3644,79789.5,OPEN,0.425,0.47569,-0.05069,0.425,0.46967,-0.04467
4,3645,79810.9,OPEN,0.42,0.47396,-0.05396,0.42,0.4662,-0.0462
4,3646,79830.8,OPEN,0.415,0.47222,-0.05722,0.415,0.4714,-0.0564
4,3647,79852.3,OPEN,0.41,0.46701,-0.05701,0.41,0.46101,-0.05101
4,3648,79872.9,OPEN,0.405,0.46875,-0.06375,0.405,0.45754,-0.05254
4,3649,79894.5,OPEN,0.4,0.46007,-0.06007,0.4,0.45581,-0.05581
4,3650,79913.7,OPEN,0.395,0.4566,-0.0616,0.395,0.44887,-0.05387
4,3651,79935.2,OPEN,0.39,0.45312,-0.06313,0.39,0.44541,-0.05541
4,3652,79957.4,OPEN,0.385,0.44618,-0.06118,0.385,0.44021,-0.05521
4,3653,79978.0,OPEN,0.38,0.44097,-0.06097,0.38,0.43674,-0.05674
4,3654,80000.7,OPEN,0.375,0.43576,-0.06076,0.375,0.43154,-0.05654
4,3655,80019.8,OPEN,0.37,0.4375,-0.0675,0.37,0.42634,-0.05634
4,3656,80038.7,OPEN,0.365,0.42361,-0.05861,0.365,0.41941,-0.05441
4,3657,80059.5,OPEN,0.36,0.42014,-0.06014,0.36,0.41421,-0.05421
4,3658,80080.5,OPEN,0.355,0.41667,-0.06167,0.355,0.40901,-0.05401
4,3659,80103.4,OPEN,0.35,0.40799,-0.05799,0.35,0.40208,-0.05208
4,3660,80122.3,OPEN,0.345,0.40104,-0.05604,0.345,0.39688,-0.05188
4,3661,80144.0,OPEN,0.34,0.39757,-0.05757,0.34,0.39168,-0.05168
4,3662,80163.5,OPEN,0.335,0.39062,-0.05563,0.335,0.38821,-0.05321
4,3663,80186.4,OPEN,0.33,0.38368,-0.05368,0.33,0.37955,-0.04955
4,3664,80207.0,OPEN,0.325,0.37847,-0.05347,0.325,0.37435,-0.04935
4,3665,80228.0,OPEN,0.32,0.37326,-0.05326,0.32,0.36742,-0.04742
4,3666,80248.0,OPEN,0.315,0.36632,-0.05132,0.315,0.36395,-0.04895
4,3667,80270.3,OPEN,0.31,0.36111,-0.05111,0.31,0.35702,-0.04702
4,3668,80290.6,OPEN,0.305,0.3559,-0.0509,0.305,0.34835,-0.04335
4,3669,80309.5,OPEN,0.3,0.35069,-0.05069,0.3,0.35182,-0.05182
4,3670,80330.1,OPEN,0.295,0.34549,-0.05049,0.295,0.34315,-0.04815
4,3671,80351.4,OPEN,0.29,0.34028,-0.05028,0.29,0.34142,-0.05142
4,3672,80373.2,OPEN,0.285,0.33507,-0.05007,0.285,0.33449,-0.04949
4,3673,80392.8,OPEN,0.28,0.3316,-0.0516,0.28,0.33102,-0.05102
4,3674,80413.3,OPEN,0.275,0.32812,-0.05313,0.275,0.32929,-0.05429
4,3675,80434.2,OPEN,0.27,0.31424,-0.04424,0.27,0.32062,-0.05062
4,3676,80456.2,OPEN,0.265,0.31944,-0.05444,0.265,0.31716,-0.05216
4,3677,80476.1,OPEN,0.26,0.3125,-0.0525,0.26,0.31196,-0.05196
4,3678,80498.2,OPEN,0.255,0.31424,-0.05924,0.255,0.30676,-0.05176
4,3679,80519.4,OPEN,0.25,0.30382,-0.05382,0.25,0.30156,-0.05156
4,3680,80540.6,OPEN,0.245,0.29688,-0.05188,0.245,0.29809,-0.05309
4,3681,80561.1,OPEN,0.24,0.2934,-0.0534,0.24,0.29463,-0.05463
4,3682,80582.7,OPEN,0.235,0.28993,-0.05493,0.235,0.28943,-0.05443
4,3683,80603.6,OPEN,0.23,0.28299,-0.05299,0.23,0.28076,-0.05076
4,3684,80625.5,OPEN,0.225,0.27778,-0.05278,0.225,0.27556,-0.05056
4,3685,80644.5,OPEN,0.22,0.27257,-0.05257,0.22,0.27036,-0.05036
4,3686,80666.2,OPEN,0.215,0.26736,-0.05236,0.215,0.26863,-0.05363
4,3687,80685.0,OPEN,0.21,0.26215,-0.05215,0.21,0.26343,-0.05343
4,3688,80708.7,OPEN,0.205,0.25521,-0.05021,0.205,0.2565,-0.0515
4,3689,80727.5,OPEN,0.2,0.25,-0.05,0.2,0.2461,-0.0461
4,3690,80747.5,OPEN,0.195,0.24653,-0.05153,0.195,0.24263,-0.04763
4,3691,80768.9,OPEN,0.19,0.24132,-0.05132,0.19,0.23917,-0.04917
4,3692,80790.2,OPEN,0.185,0.23958,-0.05458,0.185,0.23397,-0.04897
4,3693,80809.8,OPEN,0.18,0.23611,-0.05611,0.18,0.23224,-0.05224
4,3694,80830.8,OPEN,0.175,0.22917,-0.05417,0.175,0.22357,-0.04857
4,3695,80851.9,OPEN,0.17,0.22396,-0.05396,0.17,0.22184,-0.05184
4,3696,80872.6,OPEN,0.165,0.21701,-0.05201,0.165,0.2149,-0.0499
4,3697,80895.9,OPEN,0.16,0.21181,-0.05181,0.16,0.20971,-0.04971
4,3698,80913.7,OPEN,0.155,0.21354,-0.05854,0.155,0.20277,-0.04777
4,3699,80934.6,OPEN,0.15,0.20312,-0.05313,0.15,0.19757,-0.04757
4,3700,80957.9,OPEN,0.145,0.19618,-0.05118,0.145,0.19237,-0.04737
4,3701,80978.5,OPEN,0.14,0.19271,-0.05271,0.14,0.18718,-0.04718
4,3702,81001.4,OPEN,0.135,0.18924,-0.05424,0.135,0.18024,-0.04524
4,3703,81018.8,OPEN,0.13,0.18229,-0.05229,0.13,0.17678,-0.04678
4,3704,81039.8,OPEN,0.125,0.17535,-0.05035,0.125,0.17158,-0.04658
4,3705,81061.5,OPEN,0.12,0.1684,-0.0484,0.12,0.16638,-0.04638
4,3706,81082.1,OPEN,0.115,0.16146,-0.04646,0.115,0.16464,-0.04964
4,3707,81102.0,OPEN,0.11,0.15625,-0.04625,0.11,0.15598,-0.04598
4,3708,81125.4,OPEN,0.105,0.15104,-0.04604,0.105,0.14905,-0.04405
4,3709,81147.4,OPEN,0.1,0.14583,-0.04583,0.1,0.14731,-0.04731
4,3710,81167.1,OPEN,0.095,0.1441,-0.0491,0.095,0.14385,-0.04885
4,3711,81185.7,OPEN,0.09,0.13715,-0.04715,0.09,0.13518,-0.04518
4,3712,81205.7,OPEN,0.085,0.13194,-0.04694,0.085,0.13172,-0.04672
4,3713,81226.9,OPEN,0.08,0.12847,-0.04847,0.08,0.12478,-0.04478
4,3714,81248.3,OPEN,0.075,0.125,-0.05,0.075,0.12132,-0.04632
4,3715,81270.3,OPEN,0.07,0.12153,-0.05153,0.07,0.11612,-0.04612
4,3716,81290.7,OPEN,0.065,0.11632,-0.05132,0.065,0.11092,-0.04592
4,3717,81309.9,OPEN,0.06,0.11979,-0.05979,0.06,0.10572,-0.04572
4,3718,81331.1,OPEN,0.055,0.11285,-0.05785,0.055,0.10052,-0.04552
4,3719,81351.1,OPEN,0.05,0.10243,-0.05243,0.05,0.09532,-0.04532
4,3720,81373.7,OPEN,0.045,0.09549,-0.05049,0.045,0.09012,-0.04512
4,3721,81394.3,OPEN,0.04,0.09201,-0.05201,0.04,0.08492,-0.04492
4,3722,81415.0,OPEN,0.035,0.08681,-0.05181,0.035,0.08146,-0.04646
4,3723,81435.9,OPEN,0.03,0.08681,-0.05681,0.03,0.07452,-0.04452
4,3724,81457.1,OPEN,0.025,0.07639,-0.05139,0.025,0.07106,-0.04606
4,3725,81478.4,OPEN,0.02,0.07118,-0.05118,0.02,0.06932,-0.04932
4,3726,81500.2,OPEN,0.015,0.0625,-0.0475,0.015,0.06066,-0.04566
4,3727,81520.0,OPEN,0.01,0.05729,-0.04729,0.01,0.05719,-0.04719
4,3728,81541.3,OPEN,0.005,0.04688,-0.04188,0.005,0.05199,-0.04699
4,3729,81561.3,OPEN,0.0,0.05382,-0.05382,0.0,0.04679,-0.04679
4,3730,81566.5,HOLD_OPEN,0.0,0.04688,-0.04688,0.0,0.04506,-0.04506
4,3731,81587.5,HOLD_OPEN,0.0,0.03993,-0.03993,0.0,0.04159,-0.04159
4,3732,81608.4,HOLD_OPEN,0.0,0.04167,-0.04167,0.0,0.0364,-0.0364
4,3733,81630.6,HOLD_OPEN,0.0,0.02951,-0.02951,0.0,0.02946,-0.02946
4,3734,81652.5,HOLD_OPEN,0.0,0.03299,-0.03299,0.0,0.02253,-0.02253
4,3735,81673.4,HOLD_OPEN,0.0,0.0191,-0.0191,0.0,0.01906,-0.01906
4,3736,81693.3,HOLD_OPEN,0.0,0.01562,-0.01562,0.0,0.01386,-0.01386
4,3737,81713.0,HOLD_OPEN,0.0,0.01389,-0.01389,0.0,0.00867,-0.00867
4,3738,81736.6,HOLD_OPEN,0.0,0.01042,-0.01042,0.0,0.0052,-0.0052
4,3739,81757.2,HOLD_OPEN,0.0,0.00868,-0.00868,0.0,0.0052,-0.0052
4,3740,81776.2,HOLD_OPEN,0.0,0.00868,-0.00868,0.0,0.0,0.0
4,3741,81796.5,HOLD_OPEN,0.0,0.00694,-0.00694,0.0,0.0,0.0
4,3742,81819.4,HOLD_OPEN,0.0,0.00694,-0.00694,0.0,0.0,0.0
4,3743,81839.3,HOLD_OPEN,0.0,0.00694,-0.00694,0.0,0.0,0.0
4,3744,81861.1,HOLD_OPEN,0.0,0.00694,-0.00694,0.0,0.0,0.0
4,3745,81882.6,HOLD_OPEN,0.0,0.00694,-0.00694,0.0,0.0,0.0
4,3746,81903.2,HOLD_OPEN,0.0,0.00868,-0.00868,0.0,0.0,0.0
4,3747,81923.8,HOLD_OPEN,0.0,0.00694,-0.00694,0.0,0.0,0.0
4,3748,81944.2,HOLD_OPEN,0.0,0.00694,-0.00694,0.0,0.0,0.0
4,3749,81965.9,HOLD_OPEN,0.0,0.00694,-0.00694,0.0,0.0,0.0
4,3750,81985.6,HOLD_OPEN,0.0,0.00694,-0.00694,0.0,0.0,0.0
4,3751,82006.7,HOLD_OPEN,0.0,0.00694,-0.00694,0.0,0.0,0.0
4,3752,82028.0,HOLD_OPEN,0.0,0.00694,-0.00694,0.0,0.0,0.0
4,3753,82047.3,HOLD_OPEN,0.0,0.00694,-0.00694,0.0,0.0,0.0
4,3754,82067.5,HOLD_OPEN,0.0,0.00868,-0.00868,0.0,0.0,0.0
4,3755,82090.7,HOLD_OPEN,0.0,0.00521,-0.00521,0.0,0.0,0.0
4,3756,82109.2,HOLD_OPEN,0.0,0.00694,-0.00694,0.0,0.0,0.0
4,3757,82130.3,HOLD_OPEN,0.0,0.00694,-0.00694,0.0,0.0,0.0
4,3758,82153.3,HOLD_OPEN,0.0,0.00694,-0.00694,0.0,0.0,0.0
4,3759,82174.2,HOLD_OPEN,0.0,0.00347,-0.00347,0.0,0.0,0.0
4,3760,82193.1,HOLD_OPEN,0.0,0.00694,-0.00694,0.0,0.0,0.0
4,3761,82215.7,HOLD_OPEN,0.0,0.00521,-0.00521,0.0,0.0,0.0
4,3762,82235.9,HOLD_OPEN,0.0,0.00521,-0.00521,0.0,0.0,0.0
4,3763,82256.9,HOLD_OPEN,0.0,0.00521,-0.00521,0.0,0.0,0.0
4,3764,82278.3,HOLD_OPEN,0.0,0.00521,-0.00521,0.0,0.0,0.0
4,3765,82298.9,HOLD_OPEN,0.0,0.00521,-0.00521,0.0,0.0,0.0
4,3766,82319.0,HOLD_OPEN,0.0,0.00521,-0.00521,0.0,0.0,0.0
4,3767,82338.6,HOLD_OPEN,0.0,0.00521,-0.00521,0.0,0.0,0.0
4,3768,82361.4,HOLD_OPEN,0.0,0.00521,-0.00521,0.0,0.0,0.0
4,3769,82381.2,HOLD_OPEN,0.0,0.00521,-0.00521,0.0,0.0,0.0
4,3770,82402.6,HOLD_OPEN,0.0,0.00521,-0.00521,0.0,0.0,0.0
4,3771,82423.8,HOLD_OPEN,0.0,0.00521,-0.00521,0.0,0.0,0.0
4,3772,82443.9,HOLD_OPEN,0.0,0.00521,-0.00521,0.0,0.0,0.0
4,3773,82464.7,HOLD_OPEN,0.0,0.00521,-0.00521,0.0,0.0,0.0
4,3774,82482.7,HOLD_OPEN,0.0,0.00521,-0.00521,0.0,0.0,0.0
4,3775,82503.6,HOLD_OPEN,0.0,0.00521,-0.00521,0.0,0.0,0.0
4,3776,82524.3,HOLD_OPEN,0.0,0.00521,-0.00521,0.0,0.0,0.0
4,3777,82545.0,HOLD_OPEN,0.0,0.00521,-0.00521,0.0,0.0,0.0
4,3778,82565.9,HOLD_OPEN,0.0,0.00521,-0.00521,0.0,0.0,0.0
4,3779,82587.3,HOLD_OPEN,0.0,0.00868,-0.00868,0.0,0.0,0.0
4,3780,82608.2,HOLD_OPEN,0.0,0.00521,-0.00521,0.0,0.0,0.0
4,3781,82629.1,HOLD_OPEN,0.0,0.00521,-0.00521,0.0,0.0,0.0
4,3782,82651.1,HOLD_OPEN,0.0,0.00521,-0.00521,0.0,0.0,0.0
4,3783,82672.2,HOLD_OPEN,0.0,0.00521,-0.00521,0.0,0.0,0.0
4,3784,82692.2,HOLD_OPEN,0.0,0.00521,-0.00521,0.0,0.0,0.0
4,3785,82712.1,HOLD_OPEN,0.0,0.00521,-0.00521,0.0,0.0,0.0
4,3786,82733.0,HOLD_OPEN,0.0,0.00521,-0.00521,0.0,0.0,0.0
4,3787,82753.6,HOLD_OPEN,0.0,0.00521,-0.00521,0.0,0.0,0.0
4,3788,82774.0,HOLD_OPEN,0.0,0.00521,-0.00521,0.0,0.0,0.0
4,3789,82794.6,HOLD_OPEN,0.0,0.00521,-0.00521,0.0,0.0,0.0
4,3790,82817.5,CLOSE_2,0.005,0.00521,-0.00021,0.005,0.0,0.005
4,3791,82839.1,CLOSE_2,0.01,0.00521,0.00479,0.01,0.0,0.01
4,3792,82859.0,CLOSE_2,0.015,0.00521,0.00979,0.015,0.0,0.015
4,3793,82880.0,CLOSE_2,0.02,0.00521,0.01479,0.02,0.0,0.02
4,3794,82900.8,CLOSE_2,0.025,0.00521,0.01979,0.025,0.0,0.025
4,3795,82921.1,CLOSE_2,0.03,0.00521,0.02479,0.03,0.0,0.03
4,3796,82941.8,CLOSE_2,0.035,0.00521,0.02979,0.035,0.0,0.035
4,3797,82962.8,CLOSE_2,0.04,0.00521,0.03479,0.04,0.0,0.04
4,3798,82983.2,CLOSE_2,0.045,0.00521,0.03979,0.045,0.0,0.045
4,3799,83004.3,CLOSE_2,0.05,0.00521,0.04479,0.05,0.0052,0.0448
4,3800,83025.4,CLOSE_2,0.055,0.00521,0.04979,0.055,0.0052,0.0498
4,3801,83046.0,CLOSE_2,0.06,0.00347,0.05653,0.06,0.0,0.06
4,3802,83066.6,CLOSE_2,0.065,0.00347,0.06153,0.065,0.0052,0.0598
4,3803,83088.1,CLOSE_2,0.07,0.01389,0.05611,0.07,0.01906,0.05094
4,3804,83108.6,CLOSE_2,0.075,0.01736,0.05764,0.075,0.02253,0.05247
4,3805,83129.9,CLOSE_2,0.08,0.02951,0.05049,0.08,0.02773,0.05227
4,3806,83150.7,CLOSE_2,0.085,0.03819,0.04681,0.085,0.03466,0.05034
4,3807,83172.5,CLOSE_2,0.09,0.04688,0.04313,0.09,0.04333,0.04667
4,3808,83193.1,CLOSE_2,0.095,0.05382,0.04118,0.095,0.05199,0.04301
4,3809,83214.4,CLOSE_2,0.1,0.0625,0.0375,0.1,0.05893,0.04107
4,3810,83234.3,CLOSE_2,0.105,0.07118,0.03382,0.105,0.06586,0.03914
4,3811,83254.3,CLOSE_2,0.11,0.07986,0.03014,0.11,0.07452,0.03548
4,3812,83274.8,CLOSE_2,0.115,0.08854,0.02646,0.115,0.08146,0.03354
4,3813,83299.9,CLOSE_2,0.12,0.09722,0.02278,0.12,0.09012,0.02988
4,3814,83317.2,CLOSE_2,0.125,0.10243,0.02257,0.125,0.09705,0.02795
4,3815,83338.7,CLOSE_2,0.13,0.10764,0.02236,0.13,0.10745,0.02255
4,3816,83359.8,CLOSE_2,0.135,0.11458,0.02042,0.135,0.11438,0.02062
4,3817,83379.3,CLOSE_2,0.14,0.11632,0.02368,0.14,0.11958,0.02042
4,3818,83399.7,CLOSE_2,0.145,0.11979,0.02521,0.145,0.12478,0.02022
4,3819,83420.2,CLOSE_2,0.15,0.125,0.025,0.15,0.12998,0.02002
4,3820,83441.8,CLOSE_2,0.155,0.12674,0.02826,0.155,0.13345,0.02155
4,3821,83463.6,CLOSE_2,0.16,0.12847,0.03153,0.16,0.13692,0.02308
4,3822,83483.9,CLOSE_2,0.165,0.13021,0.03479,0.165,0.14038,0.02462
4,3823,83504.7,CLOSE_2,0.17,0.13194,0.03806,0.17,0.14211,0.02789
4,3824,83525.2,CLOSE_2,0.175,0.13542,0.03958,0.175,0.14385,0.03115
4,3825,83546.4,CLOSE_2,0.18,0.13715,0.04285,0.18,0.14558,0.03442
4,3826,83566.7,CLOSE_2,0.185,0.14062,0.04438,0.185,0.14558,0.03942
4,3827,83588.3,CLOSE_2,0.19,0.14757,0.04243,0.19,0.14731,0.04269
4,3828,83609.6,CLOSE_2,0.195,0.15451,0.04049,0.195,0.14905,0.04595
4,3829,83629.6,CLOSE_2,0.2,0.15799,0.04201,0.2,0.15251,0.04749
4,3830,83650.4,CLOSE_2,0.205,0.16493,0.04007,0.205,0.15598,0.04902
4,3831,83672.4,CLOSE_2,0.21,0.17014,0.03986,0.21,0.15945,0.05055
4,3832,83693.8,CLOSE_2,0.215,0.17708,0.03792,0.215,0.16464,0.05036
4,3833,83716.5,CLOSE_2,0.22,0.18403,0.03597,0.22,0.16984,0.05016
4,3834,83735.3,CLOSE_2,0.225,0.19097,0.03403,0.225,0.17678,0.04822
4,3835,83754.7,CLOSE_2,0.23,0.19618,0.03382,0.23,0.18371,0.04629
4,3836,83775.0,CLOSE_2,0.235,0.20139,0.03361,0.235,0.18891,0.04609
4,3837,83796.7,CLOSE_2,0.24,0.2066,0.0334,0.24,0.19757,0.04243
4,3838,83820.0,CLOSE_2,0.245,0.21354,0.03146,0.245,0.20451,0.04049
4,3839,83837.7,CLOSE_2,0.25,0.21701,0.03299,0.25,0.21144,0.03856
4,3840,83858.0,CLOSE_2,0.255,0.22396,0.03104,0.255,0.21664,0.03836
4,3841,83886.4,CLOSE_2,0.26,0.22917,0.03083,0.26,0.2253,0.0347
4,3842,83904.1,CLOSE_2,0.265,0.23785,0.02715,0.265,0.22877,0.03623
4,3843,83928.3,CLOSE_2,0.27,0.23785,0.03215,0.27,0.23397,0.03603
4,3844,83951.8,CLOSE_2,0.275,0.24306,0.03194,0.275,0.2409,0.0341
4,3845,83962.7,CLOSE_2,0.28,0.24826,0.03174,0.28,0.24437,0.03563
4,3846,83983.8,CLOSE_2,0.285,0.25174,0.03326,0.285,0.24957,0.03543
4,3847,84004.4,CLOSE_2,0.29,0.25694,0.03306,0.29,0.25477,0.03523
4,3848,84025.2,CLOSE_2,0.295,0.26042,0.03458,0.295,0.25823,0.03677
4,3849,84046.1,CLOSE_2,0.3,0.26562,0.03438,0.3,0.26516,0.03484
4,3850,84066.7,CLOSE_2,0.305,0.27604,0.02896,0.305,0.26863,0.03637
4,3851,84087.7,CLOSE_2,0.31,0.27951,0.03049,0.31,0.27383,0.03617
4,3852,84108.9,CLOSE_2,0.315,0.28125,0.03375,0.315,0.28423,0.03077
4,3853,84129.7,CLOSE_2,0.32,0.28646,0.03354,0.32,0.28423,0.03577
4,3854,84151.1,CLOSE_2,0.325,0.29167,0.03333,0.325,0.28769,0.03731
4,3855,84172.8,CLOSE_2,0.33,0.29688,0.03313,0.33,0.29289,0.03711
4,3856,84195.6,CLOSE_2,0.335,0.30382,0.03118,0.335,0.29809,0.03691
4,3857,84214.6,CLOSE_2,0.34,0.30903,0.03097,0.34,0.30329,0.03671
4,3858,84234.6,CLOSE_2,0.345,0.31424,0.03076,0.345,0.31196,0.03304
4,3859,84255.9,CLOSE_2,0.35,0.32465,0.02535,0.35,0.31196,0.03804
4,3860,84276.3,CLOSE_2,0.355,0.32292,0.03208,0.355,0.31369,0.04131
4,3861,84297.2,CLOSE_2,0.36,0.32986,0.03014,0.36,0.31542,0.04458
4,3862,84317.8,CLOSE_2,0.365,0.33681,0.02819,0.365,0.31716,0.04784
4,3863,84338.8,CLOSE_2,0.37,0.33854,0.03146,0.37,0.32582,0.04418
4,3864,84360.3,CLOSE_2,0.375,0.34201,0.03299,0.375,0.33102,0.04398
4,3865,84380.4,CLOSE_2,0.38,0.34549,0.03451,0.38,0.33795,0.04205
4,3866,84400.1,CLOSE_2,0.385,0.34722,0.03778,0.385,0.34489,0.04011
4,3867,84420.5,CLOSE_2,0.39,0.34896,0.04104,0.39,0.35182,0.03818
4,3868,84441.3,CLOSE_2,0.395,0.35417,0.04083,0.395,0.35875,0.03625
4,3869,84463.2,CLOSE_2,0.4,0.36111,0.03889,0.4,0.36568,0.03432
4,3870,84483.9,CLOSE_2,0.405,0.36632,0.03868,0.405,0.37088,0.03412
4,3871,84505.5,CLOSE_2,0.41,0.375,0.035,0.41,0.37782,0.03218
4,3872,84526.1,CLOSE_2,0.415,0.38194,0.03306,0.415,0.38648,0.02852
4,3873,84548.6,CLOSE_2,0.42,0.39062,0.02938,0.42,0.39341,0.02659
4,3874,84569.1,CLOSE_2,0.425,0.39931,0.02569,0.425,0.40035,0.02465
4,3875,84591.4,CLOSE_2,0.43,0.40104,0.02896,0.43,0.40035,0.02965
4,3876,84612.8,CLOSE_2,0.435,0.40625,0.02875,0.435,0.40381,0.03119
4,3877,84633.2,CLOSE_2,0.44,0.41319,0.02681,0.44,0.41075,0.02925
4,3878,84652.4,CLOSE_2,0.445,0.4184,0.0266,0.445,0.41594,0.02906
4,3879,84674.0,CLOSE_2,0.45,0.42361,0.02639,0.45,0.41941,0.03059
4,3880,84695.1,CLOSE_2,0.455,0.42882,0.02618,0.455,0.42461,0.03039
4,3881,84714.4,CLOSE_2,0.46,0.4375,0.0225,0.46,0.42981,0.03019
4,3882,84736.7,CLOSE_2,0.465,0.4375,0.0275,0.465,0.43328,0.03172
4,3883,84757.8,CLOSE_2,0.47,0.44618,0.02382,0.47,0.43847,0.03153
4,3884,84777.6,CLOSE_2,0.475,0.44792,0.02708,0.475,0.44714,0.02786
4,3885,84799.8,CLOSE_2,0.48,0.45312,0.02688,0.48,0.44887,0.03113
4,3886,84819.6,CLOSE_2,0.485,0.45833,0.02667,0.485,0.45407,0.03093
4,3887,84839.7,CLOSE_2,0.49,0.46181,0.02819,0.49,0.45754,0.03246
4,3888,84861.4,CLOSE_2,0.495,0.47569,0.01931,0.495,0.45927,0.03573
4,3889,84883.5,CLOSE_2,0.5,0.4809,0.0191,0.5,0.46447,0.03553
4,3890,84903.2,CLOSE_2,0.505,0.47569,0.02931,0.505,0.46794,0.03706
4,3891,84922.7,CLOSE_2,0.51,0.4809,0.0291,0.51,0.4714,0.0386
4,3892,84942.9,CLOSE_2,0.515,0.48438,0.03063,0.515,0.4766,0.0384
4,3893,84964.0,CLOSE_2,0.52,0.48785,0.03215,0.52,0.47834,0.04166
4,3894,84985.4,CLOSE_2,0.525,0.49653,0.02847,0.525,0.48354,0.04146
4,3895,85005.4,CLOSE_2,0.53,0.50521,0.02479,0.53,0.49567,0.03433
4,3896,85026.2,CLOSE_2,0.535,0.51042,0.02458,0.535,0.50433,0.03067
4,3897,85048.6,CLOSE_2,0.54,0.51389,0.02611,0.54,0.51473,0.02527
4,3898,85070.5,CLOSE_2,0.545,0.52604,0.01896,0.545,0.5234,0.0216
4,3899,85090.6,CLOSE_2,0.55,0.53125,0.01875,0.55,0.52513,0.02487
4,3900,85112.1,CLOSE_2,0.555,0.53299,0.02201,0.555,0.53206,0.02294
4,3901,85134.3,CLOSE_2,0.56,0.53646,0.02354,0.56,0.5338,0.0262
4,3902,85152.2,CLOSE_2,0.565,0.53819,0.02681,0.565,0.53553,0.02947
4,3903,85172.7,CLOSE_2,0.57,0.53993,0.03007,0.57,0.53899,0.03101
4,3904,85192.4,CLOSE_2,0.575,0.54167,0.03333,0.575,0.54419,0.03081
4,3905,85214.1,CLOSE_2,0.58,0.54688,0.03313,0.58,0.54593,0.03407
4,3906,85236.0,CLOSE_2,0.585,0.55208,0.03292,0.585,0.55459,0.03041
4,3907,85256.1,CLOSE_2,0.59,0.5625,0.0275,0.59,0.56153,0.02847
4,3908,85278.1,CLOSE_2,0.595,0.55903,0.03597,0.595,0.56326,0.03174
4,3909,85298.9,CLOSE_2,0.6,0.56944,0.03056,0.6,0.56326,0.03674
4,3910,85319.6,CLOSE_2,0.605,0.57292,0.03208,0.605,0.56846,0.03654
4,3911,85338.9,CLOSE_2,0.61,0.57465,0.03535,0.61,0.57192,0.03808
4,3912,85359.7,CLOSE_2,0.615,0.57986,0.03514,0.615,0.57886,0.03614
4,3913,85380.6,CLOSE_2,0.62,0.58681,0.03319,0.62,0.58232,0.03768
4,3914,85399.9,CLOSE_2,0.625,0.59722,0.02778,0.625,0.58579,0.03921
4,3915,85421.4,CLOSE_2,0.63,0.59722,0.03278,0.63,0.59445,0.03555
4,3916,85442.5,CLOSE_2,0.635,0.6059,0.0291,0.635,0.59792,0.03708
4,3917,85463.7,CLOSE_2,0.64,0.61111,0.02889,0.64,0.60832,0.03168
4,3918,85486.4,CLOSE_2,0.645,0.61806,0.02694,0.645,0.61352,0.03148
4,3919,85506.8,CLOSE_2,0.65,0.61979,0.03021,0.65,0.61005,0.03995
4,3920,85527.2,CLOSE_2,0.655,0.62847,0.02653,0.655,0.61872,0.03628
4,3921,85548.4,CLOSE_2,0.66,0.63021,0.02979,0.66,0.62218,0.03782
4,3922,85569.1,CLOSE_2,0.665,0.63368,0.03132,0.665,0.63085,0.03415
4,3923,85590.8,CLOSE_2,0.67,0.6441,0.0259,0.67,0.63778,0.03222
4,3924,85612.0,CLOSE_2,0.675,0.64583,0.02917,0.675,0.64125,0.03375
4,3925,85631.6,CLOSE_2,0.68,0.65104,0.02896,0.68,0.64818,0.03182
4,3926,85652.7,CLOSE_2,0.685,0.65799,0.02701,0.685,0.65338,0.03162
4,3927,85674.1,CLOSE_2,0.69,0.66146,0.02854,0.69,0.66378,0.02622
4,3928,85695.1,CLOSE_2,0.695,0.6684,0.0266,0.695,0.66378,0.03122
4,3929,85714.7,CLOSE_2,0.7,0.67361,0.02639,0.7,0.66898,0.03102
4,3930,85735.5,CLOSE_2,0.705,0.68403,0.02097,0.705,0.67244,0.03256
4,3931,85757.6,CLOSE_2,0.71,0.68924,0.02076,0.71,0.67938,0.03062
4,3932,85777.1,CLOSE_2,0.715,0.68924,0.02576,0.715,0.68631,0.02869
4,3933,85797.1,CLOSE_2,0.72,0.69271,0.02729,0.72,0.68804,0.03196
4,3934,85819.5,CLOSE_2,0.725,0.69965,0.02535,0.725,0.68977,0.03523
4,3935,85838.5,CLOSE_2,0.73,0.70139,0.02861,0.73,0.69497,0.03503
4,3936,85859.6,CLOSE_2,0.735,0.70486,0.03014,0.735,0.69844,0.03656
4,3937,85880.0,CLOSE_2,0.74,0.71007,0.02993,0.74,0.70364,0.03636
4,3938,85902.3,CLOSE_2,0.745,0.71181,0.03319,0.745,0.70711,0.03789
4,3939,85923.7,CLOSE_2,0.75,0.71875,0.03125,0.75,0.71404,0.03596
4,3940,85944.2,CLOSE_2,0.755,0.72222,0.03278,0.755,0.71577,0.03923
4,3941,85964.3,CLOSE_2,0.76,0.73438,0.02563,0.76,0.7227,0.0373
4,3942,85985.2,CLOSE_2,0.765,0.73611,0.02889,0.765,0.72617,0.03883
4,3943,86007.5,CLOSE_2,0.77,0.73785,0.03215,0.77,0.73657,0.03343
4,3944,86026.8,CLOSE_2,0.775,0.74479,0.03021,0.775,0.7435,0.0315
4,3945,86049.3,CLOSE_2,0.78,0.74826,0.03174,0.78,0.7435,0.0365
4,3946,86069.1,CLOSE_2,0.785,0.75347,0.03153,0.785,0.7487,0.0363
4,3947,86090.1,CLOSE_2,0.79,0.75868,0.03132,0.79,0.75217,0.03783
4,3948,86110.3,CLOSE_2,0.795,0.76562,0.02938,0.795,0.75737,0.03763
4,3949,86131.3,CLOSE_2,0.8,0.77083,0.02917,0.8,0.76603,0.03397
4,3950,86152.4,CLOSE_2,0.805,0.77778,0.02722,0.805,0.7695,0.0355
4,3951,86173.6,CLOSE_2,0.81,0.78125,0.02875,0.81,0.77643,0.03357
4,3952,86195.0,CLOSE_2,0.815,0.79167,0.02333,0.815,0.78163,0.03337
4,3953,86213.6,CLOSE_2,0.82,0.78993,0.03007,0.82,0.78683,0.03317
4,3954,86234.5,CLOSE_2,0.825,0.79514,0.02986,0.825,0.79203,0.03297
4,3955,86256.2,CLOSE_2,0.83,0.80208,0.02792,0.83,0.79723,0.03277
4,3956,86277.4,CLOSE_2,0.835,0.80556,0.02944,0.835,0.80243,0.03257
4,3957,86298.0,CLOSE_2,0.84,0.81076,0.02924,0.84,0.80763,0.03237
4,3958,86319.6,CLOSE_2,0.845,0.81424,0.03076,0.845,0.81456,0.03044
4,3959,86340.2,CLOSE_2,0.85,0.82292,0.02708,0.85,0.81629,0.03371
4,3960,86359.7,CLOSE_2,0.855,0.82292,0.03208,0.855,0.82496,0.03004
4,3961,86381.2,CLOSE_2,0.86,0.82812,0.03188,0.86,0.82496,0.03504
4,3962,86402.4,CLOSE_2,0.865,0.83333,0.03167,0.865,0.83709,0.02791
4,3963,86422.4,CLOSE_2,0.87,0.84375,0.02625,0.87,0.84402,0.02598
4,3964,86443.2,CLOSE_2,0.875,0.84201,0.03299,0.875,0.84749,0.02751
4,3965,86465.5,CLOSE_2,0.88,0.85417,0.02583,0.88,0.85095,0.02905
4,3966,86484.7,CLOSE_2,0.885,0.85243,0.03257,0.885,0.85962,0.02538
4,3967,86506.4,CLOSE_2,0.89,0.85938,0.03063,0.89,0.86308,0.02692
4,3968,86527.0,CLOSE_2,0.895,0.86458,0.03042,0.895,0.86828,0.02672
4,3969,86549.0,CLOSE_2,0.9,0.86979,0.03021,0.9,0.87175,0.02825
4,3970,86569.8,CLOSE_2,0.905,0.87847,0.02653,0.905,0.88042,0.02458
4,3971,86589.6,CLOSE_2,0.91,0.87847,0.03153,0.91,0.88215,0.02785
4,3972,86611.0,CLOSE_2,0.915,0.88715,0.02785,0.915,0.88735,0.02765
4,3973,86632.7,CLOSE_2,0.92,0.88889,0.03111,0.92,0.89255,0.02745
4,3974,86652.5,CLOSE_2,0.925,0.89236,0.03264,0.925,0.90468,0.02032
4,3975,86673.2,CLOSE_2,0.93,0.89931,0.03069,0.93,0.90641,0.02359
4,3976,86695.1,CLOSE_2,0.935,0.90451,0.03049,0.935,0.90815,0.02685
4,3977,86714.1,CLOSE_2,0.94,0.90972,0.03028,0.94,0.90988,0.03012
4,3978,86734.8,CLOSE_2,0.945,0.91319,0.03181,0.945,0.91681,0.02819
4,3979,86755.5,CLOSE_2,0.95,0.92014,0.02986,0.95,0.92201,0.02799
4,3980,86776.3,CLOSE_2,0.955,0.92535,0.02965,0.955,0.92201,0.03299
4,3981,86796.9,CLOSE_2,0.96,0.93056,0.02944,0.96,0.92721,0.03279
4,3982,86819.9,CLOSE_2,0.965,0.93403,0.03097,0.965,0.93588,0.02912
4,3983,86840.3,CLOSE_2,0.97,0.93924,0.03076,0.97,0.93588,0.03412
4,3984,86861.7,CLOSE_2,0.975,0.94271,0.03229,0.975,0.94107,0.03393
4,3985,86883.5,CLOSE_2,0.98,0.95486,0.02514,0.98,0.94974,0.03026
4,3986,86901.6,CLOSE_2,0.985,0.95139,0.03361,0.985,0.95321,0.03179
4,3987,86921.6,CLOSE_2,0.99,0.95312,0.03688,0.99,0.96534,0.02466
4,3988,86944.4,CLOSE_2,0.995,0.96007,0.03493,0.995,0.9636,0.0314
4,3989,86965.2,CLOSE_2,1.0,0.96528,0.03472,1.0,0.96707,0.03293
4,3990,86972.0,HOLD_2,1.0,0.96528,0.03472,1.0,0.97747,0.02253
4,3991,86991.5,HOLD_2,1.0,0.96875,0.03125,1.0,0.974,0.026
4,3992,87012.2,HOLD_2,1.0,0.97049,0.02951,1.0,0.9792,0.0208
4,3993,87033.7,HOLD_2,1.0,0.97396,0.02604,1.0,0.98267,0.01733
4,3994,87056.1,HOLD_2,1.0,0.97396,0.02604,1.0,0.98787,0.01213
4,3995,87076.6,HOLD_2,1.0,0.97569,0.02431,1.0,0.98787,0.01213
4,3996,87097.7,HOLD_2,1.0,0.97743,0.02257,1.0,0.98614,0.01386
4,3997,87117.9,HOLD_2,1.0,0.97743,0.02257,1.0,0.98787,0.01213
4,3998,87138.2,HOLD_2,1.0,0.97569,0.02431,1.0,0.98614,0.01386
4,3999,87160.6,HOLD_2,1.0,0.97569,0.02431,1.0,0.98787,0.01213
4,4000,87180.5,HOLD_2,1.0,0.98611,0.01389,1.0,0.98787,0.01213
4,4001,87203.4,HOLD_2,1.0,0.97743,0.02257,1.0,0.98614,0.01386
4,4002,87221.1,HOLD_2,1.0,0.98438,0.01562,1.0,0.98614,0.01386
4,4003,87242.6,HOLD_2,1.0,0.97743,0.02257,1.0,0.98787,0.01213
4,4004,87265.0,HOLD_2,1.0,0.97569,0.02431,1.0,0.98614,0.01386
4,4005,87286.4,HOLD_2,1.0,0.97917,0.02083,1.0,0.98614,0.01386
4,4006,87306.1,HOLD_2,1.0,0.97743,0.02257,1.0,0.98787,0.01213
4,4007,87328.1,HOLD_2,1.0,0.97743,0.02257,1.0,0.9792,0.0208
4,4008,87346.6,HOLD_2,1.0,0.97743,0.02257,1.0,0.98614,0.01386
4,4009,87369.1,HOLD_2,1.0,0.97569,0.02431,1.0,0.98787,0.01213
4,4010,87390.3,HOLD_2,1.0,0.97743,0.02257,1.0,0.98787,0.01213
4,4011,87410.9,HOLD_2,1.0,0.97917,0.02083,1.0,0.9896,0.0104
4,4012,87431.1,HOLD_2,1.0,0.97569,0.02431,1.0,0.98787,0.01213
4,4013,87453.6,HOLD_2,1.0,0.97743,0.02257,1.0,0.99133,0.00867
4,4014,87473.0,HOLD_2,1.0,0.97743,0.02257,1.0,0.9896,0.0104
4,4015,87493.2,HOLD_2,1.0,1.0,0.0,1.0,0.99827,0.00173
4,4016,87513.6,HOLD_2,1.0,0.98264,0.01736,1.0,0.99133,0.00867
4,4017,87536.5,HOLD_2,1.0,0.98264,0.01736,1.0,0.99133,0.00867
4,4018,87556.3,HOLD_2,1.0,0.98438,0.01562,1.0,0.99307,0.00693
4,4019,87577.4,HOLD_2,1.0,0.98611,0.01389,1.0,0.99307,0.00693
4,4020,87598.6,HOLD_2,1.0,0.98785,0.01215,1.0,0.9948,0.0052
4,4021,87617.7,HOLD_2,1.0,0.99132,0.00868,1.0,0.99307,0.00693
4,4022,87638.5,HOLD_2,1.0,0.99132,0.00868,1.0,0.99307,0.00693
4,4023,87661.4,HOLD_2,1.0,0.99479,0.00521,1.0,0.99307,0.00693
4,4024,87681.8,HOLD_2,1.0,0.99653,0.00347,1.0,0.99307,0.00693
4,4025,87703.3,HOLD_2,1.0,0.99306,0.00694,1.0,0.9948,0.0052
4,4026,87722.8,HOLD_2,1.0,0.99306,0.00694,1.0,0.99133,0.00867
4,4027,87742.6,HOLD_2,1.0,0.99306,0.00694,1.0,0.99133,0.00867
4,4028,87762.6,HOLD_2,1.0,0.99479,0.00521,1.0,0.99307,0.00693
4,4029,87786.9,HOLD_2,1.0,0.99653,0.00347,1.0,0.9948,0.0052
4,4030,87805.9,HOLD_2,1.0,0.99653,0.00347,1.0,0.9948,0.0052
4,4031,87827.5,HOLD_2,1.0,0.99306,0.00694,1.0,0.99307,0.00693
4,4032,87848.2,HOLD_2,1.0,0.99479,0.00521,1.0,0.99653,0.00347
4,4033,87869.8,HOLD_2,1.0,0.99306,0.00694,1.0,0.99307,0.00693
4,4034,87889.5,HOLD_2,1.0,0.99306,0.00694,1.0,0.99307,0.00693
4,4035,87909.0,HOLD_2,1.0,0.99479,0.00521,1.0,0.9948,0.0052
4,4036,87931.4,HOLD_2,1.0,0.99479,0.00521,1.0,0.9948,0.0052
4,4037,87951.1,HOLD_2,1.0,0.99479,0.00521,1.0,0.99307,0.00693
4,4038,87971.1,HOLD_2,1.0,0.99306,0.00694,1.0,0.99307,0.00693
4,4039,87994.0,HOLD_2,1.0,0.99306,0.00694,1.0,0.9948,0.0052
4,4040,88014.1,HOLD_2,1.0,0.99132,0.00868,1.0,0.99133,0.00867
4,4041,88034.8,HOLD_2,1.0,0.99479,0.00521,1.0,0.99307,0.00693
4,4042,88055.5,HOLD_2,1.0,0.99479,0.00521,1.0,0.99307,0.00693
4,4043,88077.5,HOLD_2,1.0,0.99132,0.00868,1.0,0.9948,0.0052
4,4044,88096.0,HOLD_2,1.0,0.99479,0.00521,1.0,0.99133,0.00867
4,4045,88117.2,HOLD_2,1.0,0.99653,0.00347,1.0,0.99307,0.00693
4,4046,88140.6,HOLD_2,1.0,0.99132,0.00868,1.0,0.99133,0.00867
4,4047,88161.3,HOLD_2,1.0,0.99306,0.00694,1.0,0.99307,0.00693
4,4048,88181.1,HOLD_2,1.0,0.99479,0.00521,1.0,0.99133,0.00867
4,4049,88202.8,HOLD_2,1.0,0.99306,0.00694,1.0,0.99133,0.00867
