cycle,step,t_ms,phase,servo6_q_target,servo6_q_measured,servo6_q_delta,servo7_q_target,servo7_q_measured,servo7_q_delta,servo8_q_target,servo8_q_measured,servo8_q_delta,servo9_q_target,servo9_q_measured,servo9_q_delta
0,0,816.2,SETTLE,0.0,0.0,0.0,0.0,0.0,0.0,0.0,0.0,0.0,0.0,0.0,0.0
0,1,833.8,SETTLE,0.0,0.0,0.0,0.0,0.0,0.0,0.0,0.0,0.0,0.0,0.0,0.0
0,2,853.5,SETTLE,0.0,0.0,0.0,0.0,0.0,0.0,0.0,0.00017,-0.00017,0.0,0.0,0.0
0,3,875.0,SETTLE,0.0,0.0,0.0,0.0,0.0,0.0,0.0,0.0,0.0,0.0,0.0,0.0
0,4,895.6,SETTLE,0.0,0.0,0.0,0.0,0.0,0.0,0.0,0.0,0.0,0.0,0.0,0.0
0,5,915.7,SETTLE,0.0,0.0,0.0,0.0,0.0,0.0,0.0,0.0,0.0,0.0,0.0,0.0
0,6,937.0,SETTLE,0.0,0.0,0.0,0.0,0.0,0.0,0.0,0.0,0.0,0.0,0.0,0.0
0,7,956.9,SETTLE,0.0,0.0,0.0,0.0,0.0,0.0,0.0,0.0,0.0,0.0,0.0,0.0
0,8,978.8,SETTLE,0.0,0.0,0.0,0.0,0.0,0.0,0.0,0.00017,-0.00017,0.0,0.0,0.0
0,9,999.4,SETTLE,0.0,0.0,0.0,0.0,0.0,0.0,0.0,0.0,0.0,0.0,0.0,0.0
0,10,1019.9,SETTLE,0.0,0.0,0.0,0.0,0.0,0.0,0.0,0.0,0.0,0.0,0.0,0.0
0,11,1042.2,SETTLE,0.0,0.0,0.0,0.0,0.0,0.0,0.0,0.0,0.0,0.0,0.0,0.0
0,12,1062.4,SETTLE,0.0,0.0,0.0,0.0,0.0,0.0,0.0,0.0,0.0,0.0,0.0,0.0
0,13,1082.1,SETTLE,0.0,0.0,0.0,0.0,0.0,0.0,0.0,0.00017,-0.00017,0.0,0.0,0.0
0,14,1104.1,SETTLE,0.0,0.0,0.0,0.0,0.0,0.0,0.0,0.00017,-0.00017,0.0,0.0,0.0
0,15,1124.3,SETTLE,0.0,0.0,0.0,0.0,0.0,0.0,0.0,0.0,0.0,0.0,0.0,0.0
0,16,1145.1,SETTLE,0.0,0.0,0.0,0.0,0.0,0.0,0.0,0.0,0.0,0.0,0.0,0.0
0,17,1165.5,SETTLE,0.0,0.0,0.0,0.0,0.0,0.0,0.0,0.0,0.0,0.0,0.0,0.0
0,18,1184.9,SETTLE,0.0,0.0,0.0,0.0,0.0,0.0,0.0,0.00017,-0.00017,0.0,0.0,0.0
0,19,1205.5,SETTLE,0.0,0.0,0.0,0.0,0.0,0.0,0.0,0.0,0.0,0.0,0.0,0.0
0,20,1226.9,SETTLE,0.0,0.0,0.0,0.0,0.0,0.0,0.0,0.00017,-0.00017,0.0,0.0,0.0
0,21,1248.2,SETTLE,0.0,0.0,0.0,0.0,0.0,0.0,0.0,0.0,0.0,0.0,0.0,0.0
0,22,1269.9,SETTLE,0.0,0.0,0.0,0.0,0.0,0.0,0.0,0.0,0.0,0.0,0.0,0.0
0,23,1291.5,SETTLE,0.0,0.0,0.0,0.0,0.0,0.0,0.0,0.00017,-0.00017,0.0,0.0,0.0
0,24,1311.8,SETTLE,0.0,0.0,0.0,0.0,0.0,0.0,0.0,0.00017,-0.00017,0.0,0.0,0.0
0,25,1332.6,SETTLE,0.0,0.0,0.0,0.0,0.0,0.0,0.0,0.0,0.0,0.0,0.0,0.0
0,26,1353.3,SETTLE,0.0,0.0,0.0,0.0,0.0,0.0,0.0,0.00192,-0.00192,0.0,0.0,0.0
0,27,1373.7,SETTLE,0.0,0.0,0.0,0.0,0.0,0.0,0.0,0.00017,-0.00017,0.0,0.0,0.0
0,28,1395.0,SETTLE,0.0,0.0,0.0,0.0,0.0,0.0,0.0,0.00017,-0.00017,0.0,0.0,0.0
0,29,1415.9,SETTLE,0.0,0.0,0.0,0.0,0.0,0.0,0.0,0.00017,-0.00017,0.0,0.0,0.0
0,30,1459.4,CLOSE,0.005,0.0,0.005,0.005,0.0,0.005,0.005,0.00017,0.00483,0.005,0.0,0.005
0,31,1480.2,CLOSE,0.01,0.0,0.01,0.01,0.0,0.01,0.01,0.00017,0.00983,0.01,0.0,0.01
0,32,1500.3,CLOSE,0.015,0.0,0.015,0.015,0.0,0.015,0.015,0.00017,0.01483,0.015,0.0,0.015
0,33,1519.6,CLOSE,0.02,0.0,0.02,0.02,0.0,0.02,0.02,0.0,0.02,0.02,0.0,0.02
0,34,1541.8,CLOSE,0.025,0.0,0.025,0.025,0.0,0.025,0.025,0.00017,0.02483,0.025,0.0,0.025
0,35,1562.4,CLOSE,0.03,0.0,0.03,0.03,0.0,0.03,0.03,0.00017,0.02983,0.03,0.0,0.03
0,36,1581.7,CLOSE,0.035,0.0,0.035,0.035,0.0,0.035,0.035,0.0,0.035,0.035,0.0,0.035
0,37,1603.1,CLOSE,0.04,0.0,0.04,0.04,0.0,0.04,0.04,0.0054,0.0346,0.04,0.00387,0.03613
0,38,1624.1,CLOSE,0.045,0.0,0.045,0.045,0.00349,0.04151,0.045,0.0,0.045,0.045,0.0,0.045
0,39,1646.0,CLOSE,0.05,0.00175,0.04825,0.05,0.0,0.05,0.05,0.00192,0.04808,0.05,0.00387,0.04613
0,40,1666.4,CLOSE,0.055,0.01222,0.04278,0.055,0.0,0.055,0.055,0.01062,0.04438,0.055,0.01547,0.03953
0,41,1687.4,CLOSE,0.06,0.01047,0.04953,0.06,0.0,0.06,0.06,0.01585,0.04415,0.06,0.01161,0.04839
0,42,1708.2,CLOSE,0.065,0.0192,0.0458,0.065,0.00017,0.06483,0.065,0.02107,0.04393,0.065,0.01741,0.04759
0,43,1729.5,CLOSE,0.07,0.02443,0.04557,0.07,0.00847,0.06153,0.07,0.02455,0.04545,0.07,0.02321,0.04679
0,44,1750.3,CLOSE,0.075,0.02792,0.04708,0.075,0.01677,0.05823,0.075,0.03152,0.04348,0.075,0.02901,0.04599
0,45,1768.9,CLOSE,0.08,0.02792,0.05208,0.08,0.02009,0.05991,0.08,0.03848,0.04152,0.08,0.03482,0.04518
0,46,1789.1,CLOSE,0.085,0.04014,0.04486,0.085,0.03171,0.05329,0.085,0.04545,0.03955,0.085,0.05029,0.03471
0,47,1809.7,CLOSE,0.09,0.04712,0.04288,0.09,0.04001,0.04999,0.09,0.05241,0.03759,0.09,0.05029,0.03971
0,48,1831.6,CLOSE,0.095,0.06108,0.03392,0.095,0.04499,0.05001,0.095,0.05938,0.03562,0.095,0.05609,0.03891
0,49,1853.4,CLOSE,0.1,0.07155,0.02845,0.1,0.05662,0.04338,0.1,0.06808,0.03192,0.1,0.06383,0.03617
0,50,1874.8,CLOSE,0.105,0.08377,0.02123,0.105,0.06492,0.04008,0.105,0.07505,0.02995,0.105,0.0677,0.0373
0,51,1896.2,CLOSE,0.11,0.09075,0.01925,0.11,0.07322,0.03678,0.11,0.0855,0.0245,0.11,0.0735,0.0365
0,52,1917.5,CLOSE,0.115,0.09773,0.01727,0.115,0.07654,0.03846,0.115,0.09072,0.02428,0.115,0.07737,0.03763
0,53,1936.6,CLOSE,0.12,0.10122,0.01878,0.12,0.08982,0.03018,0.12,0.09594,0.02406,0.12,0.08511,0.03489
0,54,1958.4,CLOSE,0.125,0.10646,0.01854,0.125,0.09314,0.03186,0.125,0.10987,0.01513,0.125,0.08897,0.03603
0,55,1977.2,CLOSE,0.13,0.10995,0.02005,0.13,0.09646,0.03354,0.13,0.10987,0.02013,0.13,0.09284,0.03716
0,56,1997.8,CLOSE,0.135,0.11518,0.01982,0.135,0.1031,0.0319,0.135,0.11684,0.01816,0.135,0.09671,0.03829
0,57,2018.5,CLOSE,0.14,0.11344,0.02656,0.14,0.10975,0.03025,0.14,0.12032,0.01968,0.14,0.10058,0.03942
0,58,2039.1,CLOSE,0.145,0.11518,0.02982,0.145,0.11473,0.03027,0.145,0.1238,0.0212,0.145,0.10445,0.04055
0,59,2060.5,CLOSE,0.15,0.11693,0.03307,0.15,0.11805,0.03195,0.15,0.12729,0.02271,0.15,0.10832,0.04168
0,60,2082.1,CLOSE,0.155,0.11693,0.03807,0.155,0.12303,0.03197,0.155,0.12903,0.02597,0.155,0.11992,0.03508
0,61,2102.1,CLOSE,0.16,0.12042,0.03958,0.16,0.12469,0.03531,0.16,0.13251,0.02749,0.16,0.11605,0.04395
0,62,2122.5,CLOSE,0.165,0.12216,0.04284,0.165,0.12635,0.03865,0.165,0.13251,0.03249,0.165,0.12573,0.03927
0,63,2144.5,CLOSE,0.17,0.12565,0.04435,0.17,0.12967,0.04033,0.17,0.13425,0.03575,0.17,0.12573,0.04427
0,64,2164.7,CLOSE,0.175,0.1274,0.0476,0.175,0.13797,0.03703,0.175,0.13599,0.03901,0.175,0.13346,0.04154
0,65,2186.8,CLOSE,0.18,0.12914,0.05086,0.18,0.13797,0.04203,0.18,0.13773,0.04227,0.18,0.1354,0.0446
0,66,2207.3,CLOSE,0.185,0.13787,0.04713,0.185,0.14295,0.04205,0.185,0.1447,0.0403,0.185,0.14313,0.04187
0,67,2228.2,CLOSE,0.19,0.13962,0.05038,0.19,0.14461,0.04539,0.19,0.14122,0.04878,0.19,0.147,0.043
0,68,2250.4,CLOSE,0.195,0.13962,0.05538,0.195,0.14959,0.04541,0.195,0.14818,0.04682,0.195,0.15667,0.03833
0,69,2270.9,CLOSE,0.2,0.1466,0.0534,0.2,0.15291,0.04709,0.2,0.14992,0.05008,0.2,0.15861,0.04139
0,70,2289.8,CLOSE,0.205,0.15532,0.04968,0.205,0.16288,0.04212,0.205,0.1534,0.0516,0.205,0.16248,0.04252
0,71,2312.0,CLOSE,0.21,0.16405,0.04595,0.21,0.16122,0.04878,0.21,0.16385,0.04615,0.21,0.17215,0.03785
0,72,2330.5,CLOSE,0.215,0.17452,0.04048,0.215,0.1662,0.0488,0.215,0.16733,0.04767,0.215,0.17988,0.03512
0,73,2352.2,CLOSE,0.22,0.1815,0.0385,0.22,0.17284,0.04716,0.22,0.1743,0.0457,0.22,0.18375,0.03625
0,74,2374.0,CLOSE,0.225,0.18499,0.04001,0.225,0.18114,0.04386,0.225,0.18126,0.04374,0.225,0.18375,0.04125
0,75,2396.0,CLOSE,0.23,0.19372,0.03628,0.23,0.1828,0.0472,0.23,0.18823,0.04177,0.23,0.18569,0.04431
0,76,2417.1,CLOSE,0.235,0.20244,0.03256,0.235,0.18612,0.04888,0.235,0.19694,0.03806,0.235,0.18956,0.04544
0,77,2436.2,CLOSE,0.24,0.20419,0.03581,0.24,0.19276,0.04724,0.24,0.20216,0.03784,0.24,0.19923,0.04077
0,78,2456.7,CLOSE,0.245,0.20942,0.03558,0.245,0.1994,0.0456,0.245,0.20738,0.03762,0.245,0.20696,0.03804
0,79,2478.1,CLOSE,0.25,0.21466,0.03534,0.25,0.20438,0.04562,0.25,0.21435,0.03565,0.25,0.21277,0.03723
0,80,2499.5,CLOSE,0.255,0.22513,0.02987,0.255,0.21102,0.04398,0.255,0.21783,0.03717,0.255,0.22244,0.03256
0,81,2519.9,CLOSE,0.26,0.22862,0.03138,0.26,0.21601,0.04399,0.26,0.22131,0.03869,0.26,0.23211,0.02789
0,82,2539.8,CLOSE,0.265,0.23037,0.03463,0.265,0.22431,0.04069,0.265,0.22305,0.04195,0.265,0.23791,0.02709
0,83,2561.0,CLOSE,0.27,0.23211,0.03789,0.27,0.23261,0.03739,0.27,0.23002,0.03998,0.27,0.24565,0.02435
0,84,2581.4,CLOSE,0.275,0.2356,0.0394,0.275,0.23925,0.03575,0.275,0.23176,0.04324,0.275,0.24952,0.02548
0,85,2603.9,CLOSE,0.28,0.24084,0.03916,0.28,0.24423,0.03577,0.28,0.23873,0.04127,0.28,0.25338,0.02662
0,86,2625.8,CLOSE,0.285,0.24956,0.03544,0.285,0.25419,0.03081,0.285,0.24743,0.03757,0.285,0.25532,0.02968
0,87,2645.6,CLOSE,0.29,0.25305,0.03695,0.29,0.25751,0.03249,0.29,0.2544,0.0356,0.29,0.25532,0.03468
0,88,2666.6,CLOSE,0.295,0.25305,0.04195,0.295,0.26083,0.03417,0.295,0.25962,0.03538,0.295,0.25725,0.03775
0,89,2685.7,CLOSE,0.3,0.25829,0.04171,0.3,0.26415,0.03585,0.3,0.25962,0.04038,0.3,0.26306,0.03694
0,90,2706.7,CLOSE,0.305,0.26178,0.04322,0.305,0.27412,0.03088,0.305,0.27007,0.03493,0.305,0.26112,0.04388
0,91,2729.8,CLOSE,0.31,0.26876,0.04124,0.31,0.27246,0.03754,0.31,0.27529,0.03471,0.31,0.27079,0.03921
0,92,2750.6,CLOSE,0.315,0.274,0.041,0.315,0.28408,0.03092,0.315,0.27529,0.03971,0.315,0.26499,0.05001
0,93,2771.7,CLOSE,0.32,0.28098,0.03902,0.32,0.28408,0.03592,0.32,0.284,0.036,0.32,0.27273,0.04727
0,94,2791.6,CLOSE,0.325,0.28796,0.03704,0.325,0.29404,0.03096,0.325,0.28748,0.03752,0.325,0.28627,0.03873
0,95,2813.7,CLOSE,0.33,0.29319,0.03681,0.33,0.30068,0.02932,0.33,0.2927,0.0373,0.33,0.27853,0.05147
0,96,2831.6,CLOSE,0.335,0.29843,0.03657,0.335,0.29902,0.03598,0.335,0.29619,0.03881,0.335,0.2824,0.0526
0,97,2853.7,CLOSE,0.34,0.30366,0.03634,0.34,0.30566,0.03434,0.34,0.30141,0.03859,0.34,0.29014,0.04986
0,98,2877.0,CLOSE,0.345,0.3089,0.0361,0.345,0.3123,0.0327,0.345,0.30489,0.04011,0.345,0.294,0.051
0,99,2896.6,CLOSE,0.35,0.31239,0.03761,0.35,0.31562,0.03438,0.35,0.31534,0.03466,0.35,0.30174,0.04826
0,100,2915.8,CLOSE,0.355,0.31763,0.03737,0.355,0.3206,0.0344,0.355,0.31534,0.03966,0.355,0.30754,0.04746
0,101,2935.9,CLOSE,0.36,0.32286,0.03714,0.36,0.32559,0.03441,0.36,0.31882,0.04118,0.36,0.31528,0.04472
0,102,2956.2,CLOSE,0.365,0.32635,0.03865,0.365,0.33389,0.03111,0.365,0.32405,0.04095,0.365,0.32108,0.04392
0,103,2977.7,CLOSE,0.37,0.33159,0.03841,0.37,0.33721,0.03279,0.37,0.32927,0.04073,0.37,0.32689,0.04311
0,104,2999.1,CLOSE,0.375,0.33508,0.03992,0.375,0.34717,0.02783,0.375,0.33798,0.03702,0.375,0.33656,0.03844
0,105,3019.5,CLOSE,0.38,0.34031,0.03969,0.38,0.35713,0.02287,0.38,0.34146,0.03854,0.38,0.34236,0.03764
0,106,3041.4,CLOSE,0.385,0.34555,0.03945,0.385,0.35215,0.03285,0.385,0.3432,0.0418,0.385,0.34236,0.04264
0,107,3061.5,CLOSE,0.39,0.34904,0.04096,0.39,0.35713,0.03287,0.39,0.34842,0.04158,0.39,0.34816,0.04184
0,108,3080.6,CLOSE,0.395,0.35253,0.04247,0.395,0.36543,0.02957,0.395,0.35365,0.04135,0.395,0.3617,0.0333
0,109,3101.9,CLOSE,0.4,0.35951,0.04049,0.4,0.37041,0.02959,0.4,0.35887,0.04113,0.4,0.35783,0.04217
0,110,3123.5,CLOSE,0.405,0.36475,0.04025,0.405,0.37539,0.02961,0.405,0.3641,0.0409,0.405,0.36364,0.04136
0,111,3145.5,CLOSE,0.41,0.36824,0.04176,0.41,0.38038,0.02962,0.41,0.36932,0.04068,0.41,0.36364,0.04636
0,112,3166.7,CLOSE,0.415,0.37347,0.04153,0.415,0.3837,0.0313,0.415,0.37977,0.03523,0.415,0.3675,0.0475
0,113,3187.8,CLOSE,0.42,0.37871,0.04129,0.42,0.38702,0.03298,0.42,0.37977,0.04023,0.42,0.38104,0.03896
0,114,3208.2,CLOSE,0.425,0.38394,0.04106,0.425,0.39366,0.03134,0.425,0.38499,0.04001,0.425,0.37524,0.04976
0,115,3228.3,CLOSE,0.43,0.38743,0.04257,0.43,0.39864,0.03136,0.43,0.38847,0.04153,0.43,0.37911,0.05089
0,116,3248.6,CLOSE,0.435,0.39442,0.04058,0.435,0.40528,0.02972,0.435,0.3937,0.0413,0.435,0.39265,0.04235
0,117,3269.1,CLOSE,0.44,0.39965,0.04035,0.44,0.4086,0.0314,0.44,0.39892,0.04108,0.44,0.39458,0.04542
0,118,3289.9,CLOSE,0.445,0.40489,0.04011,0.445,0.41524,0.02976,0.445,0.40414,0.04086,0.445,0.39072,0.05428
0,119,3311.9,CLOSE,0.45,0.41187,0.03813,0.45,0.4169,0.0331,0.45,0.40763,0.04237,0.45,0.39652,0.05348
0,120,3333.3,CLOSE,0.455,0.41361,0.04139,0.455,0.42188,0.03312,0.455,0.41285,0.04215,0.455,0.40232,0.05268
0,121,3355.4,CLOSE,0.46,0.41885,0.04115,0.46,0.42852,0.03148,0.46,0.41807,0.04193,0.46,0.40812,0.05188
0,122,3375.9,CLOSE,0.465,0.42234,0.04266,0.465,0.4335,0.0315,0.465,0.42156,0.04344,0.465,0.41393,0.05107
0,123,3394.8,CLOSE,0.47,0.42757,0.04243,0.47,0.44015,0.02985,0.47,0.42504,0.04496,0.47,0.41973,0.05027
0,124,3414.9,CLOSE,0.475,0.43106,0.04394,0.475,0.44347,0.03153,0.475,0.43026,0.04474,0.475,0.42747,0.04753
0,125,3434.9,CLOSE,0.48,0.4363,0.0437,0.48,0.44845,0.03155,0.48,0.43375,0.04625,0.48,0.43133,0.04867
0,126,3456.0,CLOSE,0.485,0.45201,0.03299,0.485,0.45509,0.02991,0.485,0.43897,0.04603,0.485,0.4352,0.0498
0,127,3477.1,CLOSE,0.49,0.45201,0.03799,0.49,0.46007,0.02993,0.49,0.44245,0.04755,0.49,0.44874,0.04126
0,128,3498.1,CLOSE,0.495,0.45201,0.04299,0.495,0.46671,0.02829,0.495,0.45116,0.04384,0.495,0.44874,0.04626
0,129,3520.6,CLOSE,0.5,0.45724,0.04276,0.5,0.47501,0.02499,0.5,0.46335,0.03665,0.5,0.45648,0.04352
0,130,3541.8,CLOSE,0.505,0.46248,0.04252,0.5,0.48331,0.01669,0.505,0.45986,0.04514,0.5,0.46035,0.03965
0,131,3562.2,CLOSE,0.51,0.46597,0.04403,0.5,0.48996,0.01004,0.51,0.46509,0.04491,0.5,0.47002,0.02998
0,132,3581.4,CLOSE,0.515,0.47295,0.04205,0.5,0.4966,0.0034,0.515,0.47031,0.04469,0.5,0.47389,0.02611
0,133,3601.7,CLOSE,0.52,0.47818,0.04182,0.5,0.50158,-0.00158,0.52,0.47554,0.04446,0.5,0.47776,0.02224
0,134,3622.6,CLOSE,0.525,0.48517,0.03983,0.5,0.50656,-0.00656,0.525,0.47902,0.04598,0.5,0.48356,0.01644
0,135,3643.6,CLOSE,0.53,0.49389,0.03611,0.5,0.5132,-0.0132,0.53,0.48424,0.04576,0.5,0.4913,0.0087
0,136,3665.7,CLOSE,0.535,0.49913,0.03587,0.5,0.51984,-0.01984,0.535,0.49295,0.04205,0.5,0.4913,0.0087
0,137,3686.3,CLOSE,0.54,0.50611,0.03389,0.5,0.51818,-0.01818,0.54,0.50165,0.03835,0.5,0.4971,0.0029
0,138,3706.8,CLOSE,0.545,0.51134,0.03366,0.5,0.51818,-0.01818,0.545,0.5121,0.0329,0.5,0.4971,0.0029
0,139,3728.9,CLOSE,0.55,0.51658,0.03342,0.5,0.51818,-0.01818,0.55,0.51907,0.03093,0.5,0.49903,0.00097
0,140,3751.3,CLOSE,0.555,0.5288,0.0262,0.5,0.51818,-0.01818,0.555,0.52603,0.02897,0.5,0.50097,-0.00097
0,141,3770.5,CLOSE,0.56,0.53403,0.02597,0.5,0.51984,-0.01984,0.56,0.52951,0.03049,0.5,0.50097,-0.00097
0,142,3791.1,CLOSE,0.565,0.53578,0.02922,0.5,0.51818,-0.01818,0.565,0.53126,0.03374,0.5,0.49903,0.00097
0,143,3811.7,CLOSE,0.57,0.53927,0.03073,0.5,0.51984,-0.01984,0.57,0.533,0.037,0.5,0.49903,0.00097
0,144,3832.6,CLOSE,0.575,0.53927,0.03573,0.5,0.51818,-0.01818,0.575,0.53648,0.03852,0.5,0.50097,-0.00097
0,145,3854.8,CLOSE,0.58,0.54276,0.03724,0.5,0.51818,-0.01818,0.58,0.53822,0.04178,0.5,0.49903,0.00097
0,146,3875.4,CLOSE,0.585,0.53927,0.04573,0.5,0.51818,-0.01818,0.585,0.53996,0.04504,0.5,0.49903,0.00097
0,147,3896.1,CLOSE,0.59,0.5445,0.0455,0.5,0.51984,-0.01984,0.59,0.54519,0.04481,0.5,0.50097,-0.00097
0,148,3916.4,CLOSE,0.595,0.54799,0.04701,0.5,0.52316,-0.02316,0.595,0.54693,0.04807,0.5,0.50097,-0.00097
0,149,3938.3,CLOSE,0.6,0.55148,0.04852,0.5,0.51818,-0.01818,0.6,0.55389,0.04611,0.5,0.5029,-0.0029
0,150,3958.1,CLOSE,0.605,0.55672,0.04828,0.5,0.51984,-0.01984,0.605,0.55563,0.04937,0.5,0.50097,-0.00097
0,151,3977.4,CLOSE,0.61,0.56021,0.04979,0.5,0.51984,-0.01984,0.61,0.5626,0.0474,0.5,0.50097,-0.00097
0,152,3999.9,CLOSE,0.615,0.5637,0.0513,0.5,0.5215,-0.0215,0.615,0.5713,0.0437,0.5,0.49903,0.00097
0,153,4019.9,CLOSE,0.62,0.56719,0.05281,0.5,0.5215,-0.0215,0.62,0.56956,0.05044,0.5,0.49903,0.00097
0,154,4040.8,CLOSE,0.625,0.57941,0.04559,0.5,0.51984,-0.01984,0.625,0.58001,0.04499,0.5,0.50097,-0.00097
0,155,4063.3,CLOSE,0.63,0.58639,0.04361,0.5,0.51984,-0.01984,0.63,0.58001,0.04999,0.5,0.5029,-0.0029
0,156,4082.7,CLOSE,0.635,0.58988,0.04512,0.5,0.51818,-0.01818,0.635,0.58523,0.04977,0.5,0.49903,0.00097
0,157,4102.5,CLOSE,0.64,0.59162,0.04838,0.5,0.51984,-0.01984,0.64,0.59046,0.04954,0.5,0.49903,0.00097
0,158,4123.8,CLOSE,0.645,0.59686,0.04814,0.5,0.51984,-0.01984,0.645,0.59568,0.04932,0.5,0.50097,-0.00097
0,159,4146.8,CLOSE,0.65,0.60209,0.04791,0.5,0.51984,-0.01984,0.65,0.60265,0.04735,0.5,0.49903,0.00097
0,160,4165.3,CLOSE,0.655,0.61082,0.04418,0.5,0.51818,-0.01818,0.655,0.60613,0.04887,0.5,0.50097,-0.00097
0,161,4186.4,CLOSE,0.66,0.61431,0.04569,0.5,0.5215,-0.0215,0.66,0.62354,0.03646,0.5,0.50097,-0.00097
0,162,4206.6,CLOSE,0.665,0.61955,0.04545,0.5,0.51984,-0.01984,0.665,0.62006,0.04494,0.5,0.50097,-0.00097
0,163,4227.6,CLOSE,0.67,0.62304,0.04696,0.5,0.51984,-0.01984,0.67,0.62702,0.04298,0.5,0.49903,0.00097
0,164,4249.8,CLOSE,0.675,0.62827,0.04673,0.5,0.51984,-0.01984,0.675,0.63051,0.04449,0.5,0.49903,0.00097
0,165,4271.3,CLOSE,0.68,0.63874,0.04126,0.5,0.51984,-0.01984,0.68,0.63747,0.04253,0.5,0.50097,-0.00097
0,166,4292.9,CLOSE,0.685,0.64049,0.04451,0.5,0.51984,-0.01984,0.685,0.64095,0.04405,0.5,0.50097,-0.00097
0,167,4313.2,CLOSE,0.69,0.64572,0.04428,0.5,0.51818,-0.01818,0.69,0.64618,0.04382,0.5,0.49903,0.00097
0,168,4332.4,CLOSE,0.695,0.64921,0.04579,0.5,0.51984,-0.01984,0.695,0.64966,0.04534,0.5,0.50484,-0.00484
0,169,4352.9,CLOSE,0.7,0.65271,0.04729,0.5,0.51984,-0.01984,0.7,0.65488,0.04512,0.5,0.50097,-0.00097
0,170,4373.0,CLOSE,0.705,0.65794,0.04706,0.5,0.51984,-0.01984,0.705,0.65837,0.04663,0.5,0.50097,-0.00097
0,171,4393.8,CLOSE,0.71,0.66318,0.04682,0.5,0.5215,-0.0215,0.71,0.66359,0.04641,0.5,0.49903,0.00097
0,172,4414.5,CLOSE,0.715,0.66667,0.04833,0.5,0.51984,-0.01984,0.715,0.66881,0.04619,0.5,0.50097,-0.00097
0,173,4435.1,CLOSE,0.72,0.6719,0.0481,0.5,0.51984,-0.01984,0.72,0.67404,0.04596,0.5,0.50097,-0.00097
0,174,4455.4,CLOSE,0.725,0.67714,0.04786,0.5,0.51984,-0.01984,0.725,0.67926,0.04574,0.5,0.50097,-0.00097
0,175,4476.4,CLOSE,0.73,0.68063,0.04937,0.5,0.51984,-0.01984,0.73,0.68274,0.04726,0.5,0.50097,-0.00097
0,176,4497.5,CLOSE,0.735,0.69284,0.04216,0.5,0.51984,-0.01984,0.735,0.68971,0.04529,0.5,0.50097,-0.00097
0,177,4517.6,CLOSE,0.74,0.69983,0.04017,0.5,0.51984,-0.01984,0.74,0.70016,0.03984,0.5,0.50097,-0.00097
0,178,4538.8,CLOSE,0.745,0.70332,0.04168,0.5,0.51984,-0.01984,0.745,0.7019,0.0431,0.5,0.50097,-0.00097
0,179,4560.8,CLOSE,0.75,0.70506,0.04494,0.5,0.51818,-0.01818,0.75,0.70538,0.04462,0.5,0.50097,-0.00097
0,180,4580.5,CLOSE,0.755,0.70855,0.04645,0.5,0.51984,-0.01984,0.755,0.71409,0.04091,0.5,0.50097,-0.00097
0,181,4601.4,CLOSE,0.76,0.71379,0.04621,0.5,0.51984,-0.01984,0.76,0.71757,0.04243,0.5,0.50484,-0.00484
0,182,4623.5,CLOSE,0.765,0.71902,0.04598,0.5,0.51984,-0.01984,0.765,0.71931,0.04569,0.5,0.49903,0.00097
0,183,4646.2,CLOSE,0.77,0.72426,0.04574,0.5,0.51984,-0.01984,0.77,0.72453,0.04547,0.5,0.50097,-0.00097
0,184,4665.7,CLOSE,0.775,0.72949,0.04551,0.5,0.51984,-0.01984,0.775,0.72802,0.04698,0.5,0.50097,-0.00097
0,185,4686.5,CLOSE,0.78,0.73647,0.04353,0.5,0.51984,-0.01984,0.78,0.7315,0.0485,0.5,0.50097,-0.00097
0,186,4706.6,CLOSE,0.785,0.73822,0.04678,0.5,0.51984,-0.01984,0.785,0.74369,0.04131,0.5,0.50097,-0.00097
0,187,4729.9,CLOSE,0.79,0.74695,0.04305,0.5,0.51984,-0.01984,0.79,0.74195,0.04805,0.5,0.50097,-0.00097
0,188,4751.1,CLOSE,0.795,0.74869,0.04631,0.5,0.51984,-0.01984,0.795,0.75065,0.04435,0.5,0.50097,-0.00097
0,189,4770.5,CLOSE,0.8,0.75393,0.04607,0.5,0.51984,-0.01984,0.8,0.75065,0.04935,0.5,0.49903,0.00097
0,190,4791.5,CLOSE,0.805,0.75916,0.04584,0.5,0.51984,-0.01984,0.805,0.75588,0.04912,0.5,0.50097,-0.00097
0,191,4812.4,CLOSE,0.81,0.76265,0.04735,0.5,0.51984,-0.01984,0.81,0.76284,0.04716,0.5,0.50097,-0.00097
0,192,4833.1,CLOSE,0.815,0.76789,0.04711,0.5,0.5215,-0.0215,0.815,0.76807,0.04693,0.5,0.50097,-0.00097
0,193,4853.4,CLOSE,0.82,0.77138,0.04862,0.5,0.5215,-0.0215,0.82,0.77155,0.04845,0.5,0.49903,0.00097
0,194,4875.5,CLOSE,0.825,0.77836,0.04664,0.5,0.51984,-0.01984,0.825,0.77677,0.04823,0.5,0.50097,-0.00097
0,195,4895.2,CLOSE,0.83,0.78534,0.04466,0.5,0.51984,-0.01984,0.83,0.7907,0.0393,0.5,0.49903,0.00097
0,196,4915.2,CLOSE,0.835,0.78883,0.04617,0.5,0.51984,-0.01984,0.835,0.79244,0.04256,0.5,0.50097,-0.00097
0,197,4935.2,CLOSE,0.84,0.78709,0.05291,0.5,0.51984,-0.01984,0.84,0.79593,0.04407,0.5,0.50097,-0.00097
0,198,4956.5,CLOSE,0.845,0.80628,0.03872,0.5,0.51984,-0.01984,0.845,0.80463,0.04037,0.5,0.50097,-0.00097
0,199,4977.7,CLOSE,0.85,0.80454,0.04546,0.5,0.51818,-0.01818,0.85,0.80637,0.04363,0.5,0.50097,-0.00097
0,200,4998.3,CLOSE,0.855,0.80977,0.04523,0.5,0.51984,-0.01984,0.855,0.8116,0.0434,0.5,0.50097,-0.00097
0,201,5019.1,CLOSE,0.86,0.81501,0.04499,0.5,0.51984,-0.01984,0.86,0.81508,0.04492,0.5,0.50097,-0.00097
0,202,5039.9,CLOSE,0.865,0.82024,0.04476,0.5,0.51984,-0.01984,0.865,0.81856,0.04644,0.5,0.50097,-0.00097
0,203,5061.4,CLOSE,0.87,0.82548,0.04452,0.5,0.51984,-0.01984,0.87,0.82553,0.04447,0.5,0.50097,-0.00097
0,204,5081.3,CLOSE,0.875,0.83072,0.04428,0.5,0.51818,-0.01818,0.875,0.82901,0.04599,0.5,0.50097,-0.00097
0,205,5101.7,CLOSE,0.88,0.83595,0.04405,0.5,0.5215,-0.0215,0.88,0.83597,0.04403,0.5,0.50097,-0.00097
0,206,5124.0,CLOSE,0.885,0.84119,0.04381,0.5,0.51984,-0.01984,0.885,0.8412,0.0438,0.5,0.50097,-0.00097
0,207,5144.9,CLOSE,0.89,0.84293,0.04707,0.5,0.51984,-0.01984,0.89,0.84468,0.04532,0.5,0.49903,0.00097
0,208,5165.5,CLOSE,0.895,0.84991,0.04509,0.5,0.51984,-0.01984,0.895,0.8499,0.0451,0.5,0.50097,-0.00097
0,209,5185.7,CLOSE,0.9,0.8534,0.0466,0.5,0.51984,-0.01984,0.9,0.85339,0.04661,0.5,0.49903,0.00097
0,210,5207.0,CLOSE,0.905,0.85864,0.04636,0.5,0.51984,-0.01984,0.905,0.86035,0.04465,0.5,0.50097,-0.00097
0,211,5227.5,CLOSE,0.91,0.87086,0.03914,0.5,0.51984,-0.01984,0.91,0.8708,0.0392,0.5,0.50097,-0.00097
0,212,5249.8,CLOSE,0.915,0.86911,0.04589,0.5,0.51984,-0.01984,0.915,0.86906,0.04594,0.5,0.50484,-0.00484
0,213,5272.1,CLOSE,0.92,0.88307,0.03693,0.5,0.51984,-0.01984,0.92,0.87602,0.04398,0.5,0.5029,-0.0029
0,214,5291.7,CLOSE,0.925,0.88482,0.04018,0.5,0.51984,-0.01984,0.925,0.87776,0.04724,0.5,0.50097,-0.00097
0,215,5312.6,CLOSE,0.93,0.88831,0.04169,0.5,0.51984,-0.01984,0.93,0.88647,0.04353,0.5,0.50097,-0.00097
0,216,5333.3,CLOSE,0.935,0.8918,0.0432,0.5,0.5215,-0.0215,0.935,0.88995,0.04505,0.5,0.49903,0.00097
0,217,5353.9,CLOSE,0.94,0.88831,0.05169,0.5,0.5215,-0.0215,0.94,0.89169,0.04831,0.5,0.50097,-0.00097
0,218,5374.8,CLOSE,0.945,0.89354,0.05146,0.5,0.51984,-0.01984,0.945,0.89866,0.04634,0.5,0.50097,-0.00097
0,219,5396.1,CLOSE,0.95,0.89878,0.05122,0.5,0.51818,-0.01818,0.95,0.90737,0.04263,0.5,0.50097,-0.00097
0,220,5414.7,CLOSE,0.955,0.90052,0.05448,0.5,0.51984,-0.01984,0.955,0.90911,0.04589,0.5,0.50097,-0.00097
0,221,5435.7,CLOSE,0.96,0.9075,0.0525,0.5,0.51984,-0.01984,0.96,0.91259,0.04741,0.5,0.50097,-0.00097
0,222,5456.7,CLOSE,0.965,0.91099,0.05401,0.5,0.51984,-0.01984,0.965,0.91955,0.04545,0.5,0.49903,0.00097
0,223,5477.9,CLOSE,0.97,0.91449,0.05551,0.5,0.52316,-0.02316,0.97,0.92304,0.04696,0.5,0.50097,-0.00097
0,224,5498.9,CLOSE,0.975,0.93019,0.04481,0.5,0.51818,-0.01818,0.975,0.92826,0.04674,0.5,0.50097,-0.00097
0,225,5520.4,CLOSE,0.98,0.92845,0.05155,0.5,0.51984,-0.01984,0.98,0.93174,0.04826,0.5,0.50097,-0.00097
0,226,5539.9,CLOSE,0.985,0.94241,0.04259,0.5,0.5215,-0.0215,0.985,0.93697,0.04803,0.5,0.50097,-0.00097
0,227,5559.9,CLOSE,0.99,0.93717,0.05283,0.5,0.51984,-0.01984,0.99,0.94219,0.04781,0.5,0.50097,-0.00097
0,228,5580.6,CLOSE,0.995,0.94939,0.04561,0.5,0.51984,-0.01984,0.995,0.94741,0.04759,0.5,0.50097,-0.00097
0,229,5602.9,CLOSE,1.0,0.94764,0.05236,0.5,0.51984,-0.01984,1.0,0.9509,0.0491,0.5,0.50097,-0.00097
0,230,5608.0,HOLD_CLOSED,1.0,0.94939,0.05061,0.5,0.51984,-0.01984,1.0,0.95264,0.04736,0.5,0.50097,-0.00097
0,231,5629.7,HOLD_CLOSED,1.0,0.95462,0.04538,0.5,0.51984,-0.01984,1.0,0.96134,0.03866,0.5,0.50097,-0.00097
0,232,5651.7,HOLD_CLOSED,1.0,0.9651,0.0349,0.5,0.51984,-0.01984,1.0,0.96309,0.03691,0.5,0.50097,-0.00097
0,233,5672.7,HOLD_CLOSED,1.0,0.9651,0.0349,0.5,0.51984,-0.01984,1.0,0.96831,0.03169,0.5,0.50097,-0.00097
0,234,5693.2,HOLD_CLOSED,1.0,0.96684,0.03316,0.5,0.51984,-0.01984,1.0,0.97353,0.02647,0.5,0.50097,-0.00097
0,235,5714.8,HOLD_CLOSED,1.0,0.97033,0.02967,0.5,0.51984,-0.01984,1.0,0.97702,0.02298,0.5,0.50097,-0.00097
0,236,5734.9,HOLD_CLOSED,1.0,0.97557,0.02443,0.5,0.51984,-0.01984,1.0,0.98224,0.01776,0.5,0.50097,-0.00097
0,237,5756.1,HOLD_CLOSED,1.0,0.98429,0.01571,0.5,0.51984,-0.01984,1.0,0.98398,0.01602,0.5,0.50097,-0.00097
0,238,5775.6,HOLD_CLOSED,1.0,0.97906,0.02094,0.5,0.51984,-0.01984,1.0,0.98224,0.01776,0.5,0.50097,-0.00097
0,239,5796.4,HOLD_CLOSED,1.0,0.98255,0.01745,0.5,0.5215,-0.0215,1.0,0.98398,0.01602,0.5,0.50484,-0.00484
0,240,5817.2,HOLD_CLOSED,1.0,0.9808,0.0192,0.5,0.51984,-0.01984,1.0,0.98398,0.01602,0.5,0.50097,-0.00097
0,241,5839.8,HOLD_CLOSED,1.0,0.97906,0.02094,0.5,0.5215,-0.0215,1.0,0.98398,0.01602,0.5,0.50097,-0.00097
0,242,5860.8,HOLD_CLOSED,1.0,0.97906,0.02094,0.5,0.51984,-0.01984,1.0,0.98572,0.01428,0.5,0.50097,-0.00097
0,243,5880.5,HOLD_CLOSED,1.0,0.97906,0.02094,0.5,0.51984,-0.01984,1.0,0.99443,0.00557,0.5,0.50097,-0.00097
0,244,5899.8,HOLD_CLOSED,1.0,0.9808,0.0192,0.5,0.51984,-0.01984,1.0,0.98224,0.01776,0.5,0.49903,0.00097
0,245,5921.4,HOLD_CLOSED,1.0,0.97731,0.02269,0.5,0.51984,-0.01984,1.0,0.98398,0.01602,0.5,0.50097,-0.00097
0,246,5942.8,HOLD_CLOSED,1.0,0.97557,0.02443,0.5,0.51984,-0.01984,1.0,0.98398,0.01602,0.5,0.50097,-0.00097
0,247,5963.9,HOLD_CLOSED,1.0,0.9808,0.0192,0.5,0.51984,-0.01984,1.0,0.98572,0.01428,0.5,0.50097,-0.00097
0,248,5986.3,HOLD_CLOSED,1.0,0.98255,0.01745,0.5,0.51984,-0.01984,1.0,0.98572,0.01428,0.5,0.50097,-0.00097
0,249,6006.5,HOLD_CLOSED,1.0,0.98778,0.01222,0.5,0.52316,-0.02316,1.0,0.98398,0.01602,0.5,0.50097,-0.00097
0,250,6027.4,HOLD_CLOSED,1.0,0.9808,0.0192,0.5,0.51984,-0.01984,1.0,0.98572,0.01428,0.5,0.49903,0.00097
0,251,6048.8,HOLD_CLOSED,1.0,0.9808,0.0192,0.5,0.51984,-0.01984,1.0,0.98224,0.01776,0.5,0.50097,-0.00097
0,252,6069.2,HOLD_CLOSED,1.0,0.9808,0.0192,0.5,0.51984,-0.01984,1.0,0.98398,0.01602,0.5,0.5029,-0.0029
0,253,6089.6,HOLD_CLOSED,1.0,0.9808,0.0192,0.5,0.51984,-0.01984,1.0,0.99617,0.00383,0.5,0.50097,-0.00097
0,254,6109.9,HOLD_CLOSED,1.0,0.98255,0.01745,0.5,0.51984,-0.01984,1.0,0.98572,0.01428,0.5,0.50097,-0.00097
0,255,6130.9,HOLD_CLOSED,1.0,0.98255,0.01745,0.5,0.51984,-0.01984,1.0,0.99443,0.00557,0.5,0.49903,0.00097
0,256,6151.9,HOLD_CLOSED,1.0,0.98778,0.01222,0.5,0.51984,-0.01984,1.0,0.98224,0.01776,0.5,0.50097,-0.00097
0,257,6173.7,HOLD_CLOSED,1.0,0.9808,0.0192,0.5,0.51984,-0.01984,1.0,0.99443,0.00557,0.5,0.50097,-0.00097
0,258,6193.7,HOLD_CLOSED,1.0,0.99127,0.00873,0.5,0.51984,-0.01984,1.0,0.99269,0.00731,0.5,0.49903,0.00097
0,259,6215.1,HOLD_CLOSED,1.0,0.9808,0.0192,0.5,0.51984,-0.01984,1.0,0.9892,0.0108,0.5,0.50097,-0.00097
0,260,6237.2,HOLD_CLOSED,1.0,0.99127,0.00873,0.5,0.51984,-0.01984,1.0,0.99617,0.00383,0.5,0.49903,0.00097
0,261,6256.4,HOLD_CLOSED,1.0,0.98429,0.01571,0.5,0.51984,-0.01984,1.0,0.99443,0.00557,0.5,0.50097,-0.00097
0,262,6277.2,HOLD_CLOSED,1.0,0.98604,0.01396,0.5,0.51984,-0.01984,1.0,1.0,0.0,0.5,0.50097,-0.00097
0,263,6298.2,HOLD_CLOSED,1.0,0.98778,0.01222,0.5,0.5215,-0.0215,1.0,0.99965,0.00035,0.5,0.50097,-0.00097
0,264,6316.7,HOLD_CLOSED,1.0,1.0,0.0,0.5,0.5215,-0.0215,1.0,0.99791,0.00209,0.5,0.50097,-0.00097
0,265,6338.4,HOLD_CLOSED,1.0,1.0,0.0,0.5,0.51984,-0.01984,1.0,1.0,0.0,0.5,0.50097,-0.00097
0,266,6362.2,HOLD_CLOSED,1.0,0.98778,0.01222,0.5,0.51984,-0.01984,1.0,0.99965,0.00035,0.5,0.50097,-0.00097
0,267,6379.5,HOLD_CLOSED,1.0,1.0,0.0,0.5,0.52316,-0.02316,1.0,0.99965,0.00035,0.5,0.5029,-0.0029
0,268,6401.2,HOLD_CLOSED,1.0,1.0,0.0,0.5,0.51984,-0.01984,1.0,0.99791,0.00209,0.5,0.50097,-0.00097
0,269,6422.1,HOLD_CLOSED,1.0,1.0,0.0,0.5,0.51818,-0.01818,1.0,1.0,0.0,0.5,0.50097,-0.00097
0,270,6442.7,HOLD_CLOSED,1.0,0.99825,0.00175,0.5,0.51984,-0.01984,1.0,0.99791,0.00209,0.5,0.50097,-0.00097
0,271,6465.0,HOLD_CLOSED,1.0,0.99651,0.00349,0.5,0.51984,-0.01984,1.0,1.0,0.0,0.5,0.50097,-0.00097
0,272,6487.4,HOLD_CLOSED,1.0,1.0,0.0,0.5,0.51984,-0.01984,1.0,0.99791,0.00209,0.5,0.49903,0.00097
0,273,6506.1,HOLD_CLOSED,1.0,1.0,0.0,0.5,0.51984,-0.01984,1.0,0.99965,0.00035,0.5,0.5029,-0.0029
0,274,6528.2,HOLD_CLOSED,1.0,1.0,0.0,0.5,0.51984,-0.01984,1.0,1.0,0.0,0.5,0.50097,-0.00097
0,275,6548.8,HOLD_CLOSED,1.0,1.0,0.0,0.5,0.51984,-0.01984,1.0,1.0,0.0,0.5,0.50097,-0.00097
0,276,6569.9,HOLD_CLOSED,1.0,0.99825,0.00175,0.5,0.51984,-0.01984,1.0,0.99965,0.00035,0.5,0.49903,0.00097
0,277,6591.3,HOLD_CLOSED,1.0,1.0,0.0,0.5,0.51984,-0.01984,1.0,0.99965,0.00035,0.5,0.50097,-0.00097
0,278,6610.2,HOLD_CLOSED,1.0,0.99825,0.00175,0.5,0.51984,-0.01984,1.0,0.99965,0.00035,0.5,0.50097,-0.00097
0,279,6630.3,HOLD_CLOSED,1.0,0.99825,0.00175,0.5,0.51984,-0.01984,1.0,0.99791,0.00209,0.5,0.50097,-0.00097
0,280,6651.1,HOLD_CLOSED,1.0,0.99825,0.00175,0.5,0.51984,-0.01984,1.0,0.99965,0.00035,0.5,0.50097,-0.00097
0,281,6671.7,HOLD_CLOSED,1.0,0.99825,0.00175,0.5,0.5215,-0.0215,1.0,0.99965,0.00035,0.5,0.50097,-0.00097
0,282,6693.1,HOLD_CLOSED,1.0,0.99825,0.00175,0.5,0.51984,-0.01984,1.0,0.99965,0.00035,0.5,0.50097,-0.00097
0,283,6714.2,HOLD_CLOSED,1.0,0.99825,0.00175,0.5,0.51984,-0.01984,1.0,0.99965,0.00035,0.5,0.50097,-0.00097
0,284,6736.8,HOLD_CLOSED,1.0,1.0,0.0,0.5,0.5215,-0.0215,1.0,0.99791,0.00209,0.5,0.50097,-0.00097
0,285,6755.1,HOLD_CLOSED,1.0,1.0,0.0,0.5,0.51984,-0.01984,1.0,0.99965,0.00035,0.5,0.50097,-0.00097
0,286,6774.6,HOLD_CLOSED,1.0,0.99476,0.00524,0.5,0.51984,-0.01984,1.0,0.99965,0.00035,0.5,0.50097,-0.00097
0,287,6797.7,HOLD_CLOSED,1.0,0.99825,0.00175,0.5,0.51984,-0.01984,1.0,0.99965,0.00035,0.5,0.50097,-0.00097
0,288,6816.7,HOLD_CLOSED,1.0,0.99651,0.00349,0.5,0.51984,-0.01984,1.0,0.99791,0.00209,0.5,0.50097,-0.00097
0,289,6837.1,HOLD_CLOSED,1.0,1.0,0.0,0.5,0.52482,-0.02482,1.0,0.99965,0.00035,0.5,0.50097,-0.00097
0,290,6879.8,OPEN,0.995,1.0,-0.005,0.495,0.51984,-0.02484,0.995,0.99791,-0.00291,0.495,0.5029,-0.0079
0,291,6900.4,OPEN,0.99,0.99825,-0.00825,0.49,0.5215,-0.0315,0.99,0.99617,-0.00617,0.49,0.50097,-0.01097
0,292,6921.7,OPEN,0.985,0.99825,-0.01325,0.485,0.51984,-0.03484,0.985,0.99965,-0.01465,0.485,0.50097,-0.01597
0,293,6943.1,OPEN,0.98,0.99825,-0.01825,0.48,0.51984,-0.03984,0.98,0.99965,-0.01965,0.48,0.50097,-0.02097
0,294,6963.2,OPEN,0.975,1.0,-0.025,0.475,0.51984,-0.04484,0.975,0.99965,-0.02465,0.475,0.50097,-0.02597
0,295,6984.4,OPEN,0.97,0.99825,-0.02825,0.47,0.51984,-0.04984,0.97,0.99965,-0.02965,0.47,0.50097,-0.03097
0,296,7006.1,OPEN,0.965,1.0,-0.035,0.465,0.51818,-0.05318,0.965,0.99965,-0.03465,0.465,0.50097,-0.03597
0,297,7026.7,OPEN,0.96,1.0,-0.04,0.46,0.52482,-0.06482,0.96,0.99965,-0.03965,0.46,0.50097,-0.04097
0,298,7049.2,OPEN,0.955,0.99651,-0.04151,0.455,0.51984,-0.06484,0.955,0.99965,-0.04465,0.455,0.50097,-0.04597
0,299,7069.5,OPEN,0.95,0.99476,-0.04476,0.45,0.51818,-0.06818,0.95,0.99617,-0.04617,0.45,0.50097,-0.05097
0,300,7089.8,OPEN,0.945,0.99651,-0.05151,0.445,0.51818,-0.07318,0.945,0.99443,-0.04943,0.445,0.50097,-0.05597
0,301,7110.6,OPEN,0.94,0.99127,-0.05127,0.44,0.51818,-0.07818,0.94,0.9892,-0.0492,0.44,0.50097,-0.06097
0,302,7130.3,OPEN,0.935,0.98604,-0.05104,0.435,0.51984,-0.08484,0.935,0.99095,-0.05595,0.435,0.50097,-0.06597
0,303,7152.0,OPEN,0.93,0.9808,-0.0508,0.43,0.50324,-0.07324,0.93,0.97876,-0.04876,0.43,0.50097,-0.07097
0,304,7174.4,OPEN,0.925,0.97731,-0.05231,0.425,0.49494,-0.06994,0.925,0.97527,-0.05027,0.425,0.49516,-0.07016
0,305,7194.3,OPEN,0.92,0.97033,-0.05033,0.42,0.48497,-0.06497,0.92,0.97179,-0.05179,0.42,0.4913,-0.0713
0,306,7215.3,OPEN,0.915,0.96335,-0.04835,0.415,0.47169,-0.05669,0.915,0.97353,-0.05853,0.415,0.47776,-0.06276
0,307,7236.1,OPEN,0.91,0.95637,-0.04637,0.41,0.46173,-0.05173,0.91,0.96831,-0.05831,0.41,0.46809,-0.05809
0,308,7255.4,OPEN,0.905,0.94764,-0.04264,0.405,0.45675,-0.05175,0.905,0.95786,-0.05286,0.405,0.46422,-0.05922
0,309,7274.9,OPEN,0.9,0.94066,-0.04066,0.4,0.45011,-0.05011,0.9,0.9509,-0.0509,0.4,0.45068,-0.05068
0,310,7296.6,OPEN,0.895,0.93543,-0.04043,0.395,0.44845,-0.05345,0.895,0.94045,-0.04545,0.395,0.44487,-0.04987
0,311,7317.3,OPEN,0.89,0.93019,-0.04019,0.39,0.43849,-0.04849,0.89,0.93871,-0.04871,0.39,0.43133,-0.04133
0,312,7338.7,OPEN,0.885,0.91798,-0.03298,0.385,0.43184,-0.04684,0.885,0.91955,-0.03455,0.385,0.42553,-0.04053
0,313,7358.8,OPEN,0.88,0.91274,-0.03274,0.38,0.42686,-0.04686,0.88,0.91433,-0.03433,0.38,0.41586,-0.03586
0,314,7378.9,OPEN,0.875,0.90401,-0.02901,0.375,0.42022,-0.04522,0.875,0.90911,-0.03411,0.375,0.40619,-0.03119
0,315,7401.0,OPEN,0.87,0.89878,-0.02878,0.37,0.41856,-0.04856,0.87,0.9004,-0.0304,0.37,0.40039,-0.03039
0,316,7423.1,OPEN,0.865,0.89354,-0.02854,0.365,0.4086,-0.0436,0.865,0.89169,-0.02669,0.365,0.39265,-0.02765
0,317,7442.7,OPEN,0.86,0.89005,-0.03005,0.36,0.40362,-0.04362,0.86,0.88647,-0.02647,0.36,0.38878,-0.02878
0,318,7463.1,OPEN,0.855,0.88656,-0.03156,0.355,0.4003,-0.0453,0.855,0.88299,-0.02799,0.355,0.38491,-0.02991
0,319,7484.8,OPEN,0.85,0.88482,-0.03482,0.35,0.39864,-0.04864,0.85,0.87602,-0.02602,0.35,0.38104,-0.03104
0,320,7505.3,OPEN,0.845,0.88307,-0.03807,0.345,0.39532,-0.05032,0.845,0.87428,-0.02928,0.345,0.38298,-0.03798
0,321,7525.4,OPEN,0.84,0.88133,-0.04133,0.34,0.39366,-0.05366,0.84,0.8708,-0.0308,0.34,0.37331,-0.03331
0,322,7546.6,OPEN,0.835,0.87784,-0.04284,0.335,0.392,-0.057,0.835,0.8708,-0.0358,0.335,0.38685,-0.05185
0,323,7567.2,OPEN,0.83,0.87784,-0.04784,0.33,0.39698,-0.06698,0.83,0.86906,-0.03906,0.33,0.38104,-0.05104
0,324,7588.5,OPEN,0.825,0.87435,-0.04935,0.325,0.39532,-0.07032,0.825,0.86732,-0.04232,0.325,0.38298,-0.05798
0,325,7610.1,OPEN,0.82,0.8726,-0.0526,0.32,0.3837,-0.0637,0.82,0.86383,-0.04383,0.32,0.37718,-0.05718
0,326,7632.1,OPEN,0.815,0.87435,-0.05935,0.315,0.37871,-0.06371,0.815,0.86383,-0.04883,0.315,0.37911,-0.06411
0,327,7652.7,OPEN,0.81,0.86387,-0.05387,0.31,0.37373,-0.06373,0.81,0.86383,-0.05383,0.31,0.36944,-0.05944
0,328,7672.9,OPEN,0.805,0.85689,-0.05189,0.305,0.36875,-0.06375,0.805,0.85513,-0.05013,0.305,0.3675,-0.0625
0,329,7692.2,OPEN,0.8,0.85166,-0.05166,0.3,0.36211,-0.06211,0.8,0.85339,-0.05339,0.3,0.36557,-0.06557
0,330,7712.6,OPEN,0.795,0.84817,-0.05317,0.295,0.35381,-0.05881,0.795,0.84642,-0.05142,0.295,0.3617,-0.0667
0,331,7734.3,OPEN,0.79,0.84642,-0.05642,0.29,0.36211,-0.07211,0.79,0.8412,-0.0512,0.29,0.3501,-0.0601
0,332,7757.3,OPEN,0.785,0.84468,-0.05968,0.285,0.35049,-0.06549,0.785,0.83075,-0.04575,0.285,0.34236,-0.05736
0,333,7777.8,OPEN,0.78,0.83246,-0.05246,0.28,0.34385,-0.06385,0.78,0.82901,-0.04901,0.28,0.33269,-0.05269
0,334,7798.6,OPEN,0.775,0.82897,-0.05397,0.275,0.33389,-0.05889,0.775,0.82204,-0.04704,0.275,0.32689,-0.05189
0,335,7818.2,OPEN,0.77,0.82548,-0.05548,0.27,0.32891,-0.05891,0.77,0.81682,-0.04682,0.27,0.32302,-0.05302
0,336,7838.3,OPEN,0.765,0.81675,-0.05175,0.265,0.32226,-0.05726,0.765,0.8116,-0.0466,0.265,0.31721,-0.05221
0,337,7859.4,OPEN,0.76,0.81501,-0.05501,0.26,0.32226,-0.06226,0.76,0.80811,-0.04811,0.26,0.30948,-0.04948
0,338,7881.7,OPEN,0.755,0.80279,-0.04779,0.255,0.3123,-0.0573,0.755,0.79767,-0.04267,0.255,0.30174,-0.04674
0,339,7903.2,OPEN,0.75,0.79756,-0.04756,0.25,0.30732,-0.05732,0.75,0.7907,-0.0407,0.25,0.294,-0.044
0,340,7921.4,OPEN,0.745,0.78883,-0.04383,0.245,0.304,-0.059,0.745,0.78548,-0.04048,0.245,0.294,-0.049
0,341,7943.6,OPEN,0.74,0.78185,-0.04185,0.24,0.29736,-0.05736,0.74,0.77851,-0.03851,0.24,0.28433,-0.04433
0,342,7964.3,OPEN,0.735,0.78185,-0.04685,0.235,0.29404,-0.05904,0.735,0.77329,-0.03829,0.235,0.27853,-0.04353
0,343,7985.5,OPEN,0.73,0.77312,-0.04312,0.23,0.28574,-0.05574,0.73,0.76981,-0.03981,0.23,0.27273,-0.04273
0,344,8005.5,OPEN,0.725,0.77487,-0.04987,0.225,0.28076,-0.05576,0.725,0.76284,-0.03784,0.225,0.26692,-0.04192
0,345,8027.4,OPEN,0.72,0.7644,-0.0444,0.22,0.27578,-0.05578,0.72,0.75936,-0.03936,0.22,0.26306,-0.04306
0,346,8046.3,OPEN,0.715,0.75742,-0.04242,0.215,0.2708,-0.0558,0.715,0.75239,-0.03739,0.215,0.25919,-0.04419
0,347,8068.0,OPEN,0.71,0.75393,-0.04393,0.21,0.26581,-0.05581,0.71,0.74891,-0.03891,0.21,0.25532,-0.04532
0,348,8090.3,OPEN,0.705,0.74695,-0.04195,0.205,0.26581,-0.06081,0.705,0.74543,-0.04043,0.205,0.25145,-0.04645
0,349,8110.5,OPEN,0.7,0.74346,-0.04346,0.2,0.26083,-0.06083,0.7,0.74021,-0.04021,0.2,0.24758,-0.04758
0,350,8130.5,OPEN,0.695,0.74171,-0.04671,0.195,0.25585,-0.06085,0.695,0.73672,-0.04172,0.195,0.24178,-0.04678
0,351,8150.6,OPEN,0.69,0.73473,-0.04473,0.19,0.23759,-0.04759,0.69,0.7315,-0.0415,0.19,0.23598,-0.04598
0,352,8173.0,OPEN,0.685,0.72775,-0.04275,0.185,0.23593,-0.05093,0.685,0.72802,-0.04302,0.185,0.22824,-0.04324
0,353,8192.4,OPEN,0.68,0.72949,-0.04949,0.18,0.22597,-0.04597,0.68,0.72453,-0.04453,0.18,0.2205,-0.0405
0,354,8213.8,OPEN,0.675,0.71902,-0.04402,0.175,0.22099,-0.04599,0.675,0.72453,-0.04953,0.175,0.21277,-0.03777
0,355,8235.3,OPEN,0.67,0.72077,-0.05077,0.17,0.21435,-0.04435,0.67,0.71583,-0.04583,0.17,0.20696,-0.03696
0,356,8256.1,OPEN,0.665,0.7103,-0.0453,0.165,0.21435,-0.04935,0.665,0.70886,-0.04386,0.165,0.20116,-0.03616
0,357,8276.0,OPEN,0.66,0.70681,-0.04681,0.16,0.20604,-0.04604,0.66,0.70364,-0.04364,0.16,0.19923,-0.03923
0,358,8297.7,OPEN,0.655,0.70157,-0.04657,0.155,0.20272,-0.04772,0.655,0.70016,-0.04516,0.155,0.19536,-0.04036
0,359,8320.7,OPEN,0.65,0.70332,-0.05332,0.15,0.1994,-0.0494,0.65,0.68797,-0.03797,0.15,0.18956,-0.03956
0,360,8341.4,OPEN,0.645,0.69284,-0.04784,0.145,0.19442,-0.04942,0.645,0.68449,-0.03949,0.145,0.18762,-0.04262
0,361,8360.6,OPEN,0.64,0.68935,-0.04935,0.14,0.1911,-0.0511,0.64,0.67926,-0.03926,0.14,0.18956,-0.04956
0,362,8382.1,OPEN,0.635,0.67888,-0.04388,0.135,0.18778,-0.05278,0.635,0.67404,-0.03904,0.135,0.18182,-0.04682
0,363,8400.7,OPEN,0.63,0.67365,-0.04365,0.13,0.1828,-0.0528,0.63,0.66881,-0.03881,0.13,0.18182,-0.05182
0,364,8422.0,OPEN,0.625,0.66841,-0.04341,0.125,0.18446,-0.05946,0.625,0.66533,-0.04033,0.125,0.17602,-0.05102
0,365,8442.6,OPEN,0.62,0.66492,-0.04492,0.12,0.18114,-0.06114,0.62,0.66185,-0.04185,0.12,0.17215,-0.05215
0,366,8463.7,OPEN,0.615,0.66143,-0.04643,0.115,0.16952,-0.05452,0.615,0.65488,-0.03988,0.115,0.16828,-0.05328
0,367,8484.4,OPEN,0.61,0.6562,-0.0462,0.11,0.1662,-0.0562,0.61,0.6514,-0.0414,0.11,0.16248,-0.05248
0,368,8506.9,OPEN,0.605,0.6562,-0.0512,0.105,0.15956,-0.05456,0.605,0.64444,-0.03944,0.105,0.15861,-0.05361
0,369,8527.5,OPEN,0.6,0.65271,-0.05271,0.1,0.15623,-0.05623,0.6,0.6427,-0.0427,0.1,0.15474,-0.05474
0,370,8548.5,OPEN,0.595,0.64572,-0.05072,0.095,0.15125,-0.05625,0.595,0.63573,-0.04073,0.095,0.14894,-0.05394
0,371,8567.3,OPEN,0.59,0.64398,-0.05398,0.09,0.14627,-0.05627,0.59,0.63399,-0.04399,0.09,0.14507,-0.05507
0,372,8587.8,OPEN,0.585,0.64049,-0.05549,0.085,0.14129,-0.05629,0.585,0.63573,-0.05073,0.085,0.14313,-0.05813
0,373,8609.5,OPEN,0.58,0.62827,-0.04827,0.08,0.13631,-0.05631,0.58,0.63051,-0.05051,0.08,0.1354,-0.0554
0,374,8629.2,OPEN,0.575,0.62129,-0.04629,0.075,0.13133,-0.05633,0.575,0.61658,-0.04158,0.075,0.1354,-0.0604
0,375,8650.2,OPEN,0.57,0.61606,-0.04606,0.07,0.12967,-0.05967,0.57,0.62006,-0.05006,0.07,0.12379,-0.05379
0,376,8671.4,OPEN,0.565,0.61606,-0.05106,0.065,0.11639,-0.05139,0.565,0.61135,-0.04635,0.065,0.11799,-0.05299
0,377,8692.3,OPEN,0.56,0.60733,-0.04733,0.06,0.11141,-0.05141,0.56,0.59916,-0.03916,0.06,0.11605,-0.05605
0,378,8715.5,OPEN,0.555,0.60209,-0.04709,0.055,0.10477,-0.04977,0.555,0.59568,-0.04068,0.055,0.10638,-0.05138
0,379,8736.0,OPEN,0.55,0.59686,-0.04686,0.05,0.09812,-0.04812,0.55,0.59046,-0.04046,0.05,0.09478,-0.04478
0,380,8755.2,OPEN,0.545,0.59337,-0.04837,0.045,0.09148,-0.04648,0.545,0.58523,-0.04023,0.045,0.09478,-0.04978
0,381,8775.6,OPEN,0.54,0.58639,-0.04639,0.04,0.08982,-0.04982,0.54,0.57827,-0.03827,0.04,0.08317,-0.04317
0,382,8797.5,OPEN,0.535,0.58639,-0.05139,0.035,0.08152,-0.04652,0.535,0.57827,-0.04327,0.035,0.07737,-0.04237
0,383,8819.8,OPEN,0.53,0.57592,-0.04592,0.03,0.07488,-0.04488,0.53,0.56782,-0.03782,0.03,0.07157,-0.04157
0,384,8839.7,OPEN,0.525,0.57243,-0.04743,0.025,0.07488,-0.04988,0.525,0.5626,-0.0376,0.025,0.07544,-0.05044
0,385,8858.8,OPEN,0.52,0.56719,-0.04719,0.02,0.06492,-0.04492,0.52,0.55912,-0.03912,0.02,0.0619,-0.0419
0,386,8881.4,OPEN,0.515,0.56021,-0.04521,0.015,0.05994,-0.04494,0.515,0.55389,-0.03889,0.015,0.0619,-0.0469
0,387,8903.0,OPEN,0.51,0.56195,-0.05195,0.01,0.05496,-0.04496,0.51,0.55041,-0.04041,0.01,0.05222,-0.04222
0,388,8921.8,OPEN,0.505,0.55148,-0.04648,0.005,0.04998,-0.04498,0.505,0.54693,-0.04193,0.005,0.04836,-0.04336
0,389,8943.2,OPEN,0.5,0.54625,-0.04625,0.0,0.04499,-0.04499,0.5,0.54344,-0.04344,0.0,0.04255,-0.04255
0,390,8963.0,OPEN,0.495,0.54625,-0.05125,0.0,0.04499,-0.04499,0.495,0.53648,-0.04148,0.0,0.04255,-0.04255
0,391,8984.1,OPEN,0.49,0.53752,-0.04752,0.0,0.03503,-0.03503,0.49,0.53474,-0.04474,0.0,0.03288,-0.03288
0,392,9005.2,OPEN,0.485,0.53403,-0.04903,0.0,0.03171,-0.03171,0.485,0.52951,-0.04451,0.0,0.02708,-0.02708
0,393,9025.8,OPEN,0.48,0.52531,-0.04531,0.0,0.02673,-0.02673,0.48,0.52777,-0.04777,0.0,0.02708,-0.02708
0,394,9048.4,OPEN,0.475,0.51483,-0.03983,0.0,0.01677,-0.01677,0.475,0.52081,-0.04581,0.0,0.01934,-0.01934
0,395,9069.3,OPEN,0.47,0.5096,-0.0396,0.0,0.01345,-0.01345,0.47,0.51733,-0.04733,0.0,0.01547,-0.01547
0,396,9090.2,OPEN,0.465,0.50785,-0.04285,0.0,0.00847,-0.00847,0.465,0.50514,-0.04014,0.0,0.00967,-0.00967
0,397,9109.6,OPEN,0.46,0.50087,-0.04087,0.0,0.00515,-0.00515,0.46,0.49817,-0.03817,0.0,0.0058,-0.0058
0,398,9133.6,OPEN,0.455,0.4904,-0.0354,0.0,0.00349,-0.00349,0.455,0.48772,-0.03272,0.0,0.00387,-0.00387
0,399,9152.4,OPEN,0.45,0.48691,-0.03691,0.0,0.00183,-0.00183,0.45,0.48076,-0.03076,0.0,0.00193,-0.00193
0,400,9173.9,OPEN,0.445,0.48866,-0.04366,0.0,0.00017,-0.00017,0.445,0.47902,-0.03402,0.0,0.0,0.0
0,401,9192.7,OPEN,0.44,0.48691,-0.04691,0.0,0.00017,-0.00017,0.44,0.48076,-0.04076,0.0,0.0,0.0
0,402,9213.2,OPEN,0.435,0.47993,-0.04493,0.0,0.00017,-0.00017,0.435,0.47554,-0.04054,0.0,0.0,0.0
0,403,9234.5,OPEN,0.43,0.47644,-0.04644,0.0,0.00183,-0.00183,0.43,0.46683,-0.03683,0.0,0.0,0.0
0,404,9255.3,OPEN,0.425,0.46946,-0.04446,0.0,0.00017,-0.00017,0.425,0.46683,-0.04183,0.0,0.0,0.0
0,405,9278.7,OPEN,0.42,0.46771,-0.04771,0.0,0.00017,-0.00017,0.42,0.45986,-0.03986,0.0,0.0,0.0
0,406,9299.3,OPEN,0.415,0.46248,-0.04748,0.0,0.00183,-0.00183,0.415,0.45812,-0.04312,0.0,0.0,0.0
0,407,9319.0,OPEN,0.41,0.45899,-0.04899,0.0,0.00183,-0.00183,0.41,0.4529,-0.0429,0.0,0.0,0.0
0,408,9338.4,OPEN,0.405,0.46073,-0.05573,0.0,0.00017,-0.00017,0.405,0.4529,-0.0479,0.0,0.0,0.0
0,409,9359.4,OPEN,0.4,0.45724,-0.05724,0.0,0.00017,-0.00017,0.4,0.44419,-0.04419,0.0,0.0,0.0
0,410,9381.5,OPEN,0.395,0.44503,-0.05003,0.0,0.00017,-0.00017,0.395,0.44071,-0.04571,0.0,0.0,0.0
0,411,9402.9,OPEN,0.39,0.43805,-0.04805,0.0,0.00017,-0.00017,0.39,0.43549,-0.04549,0.0,0.0,0.0
0,412,9422.4,OPEN,0.385,0.43455,-0.04955,0.0,0.00017,-0.00017,0.385,0.432,-0.047,0.0,0.0,0.0
0,413,9443.5,OPEN,0.38,0.43106,-0.05106,0.0,0.00017,-0.00017,0.38,0.42678,-0.04678,0.0,0.0,0.0
0,414,9464.8,OPEN,0.375,0.42583,-0.05083,0.0,0.00183,-0.00183,0.375,0.41807,-0.04307,0.0,0.0,0.0
0,415,9483.9,OPEN,0.37,0.42757,-0.05757,0.0,0.00017,-0.00017,0.37,0.41459,-0.04459,0.0,0.0,0.0
0,416,9504.9,OPEN,0.365,0.4171,-0.0521,0.0,0.00017,-0.00017,0.365,0.41459,-0.04959,0.0,0.0,0.0
0,417,9525.3,OPEN,0.36,0.40838,-0.04838,0.0,0.00017,-0.00017,0.36,0.40763,-0.04763,0.0,0.0,0.0
0,418,9546.5,OPEN,0.355,0.40489,-0.04989,0.0,0.00017,-0.00017,0.355,0.39718,-0.04218,0.0,0.0,0.0
0,419,9568.5,OPEN,0.35,0.39791,-0.04791,0.0,0.00017,-0.00017,0.35,0.39544,-0.04544,0.0,0.0,0.0
0,420,9590.1,OPEN,0.345,0.39267,-0.04767,0.0,0.00349,-0.00349,0.345,0.38499,-0.03999,0.0,0.0,0.0
0,421,9610.6,OPEN,0.34,0.38569,-0.04569,0.0,0.00017,-0.00017,0.34,0.37977,-0.03977,0.0,0.00193,-0.00193
0,422,9630.8,OPEN,0.335,0.3822,-0.0472,0.0,0.00017,-0.00017,0.335,0.37454,-0.03954,0.0,0.0,0.0
0,423,9651.7,OPEN,0.33,0.37522,-0.04522,0.0,0.00017,-0.00017,0.33,0.36932,-0.03932,0.0,0.0,0.0
0,424,9675.1,OPEN,0.325,0.36998,-0.04498,0.0,0.00017,-0.00017,0.325,0.36235,-0.03735,0.0,0.0,0.0
0,425,9693.1,OPEN,0.32,0.36475,-0.04475,0.0,0.00017,-0.00017,0.32,0.35887,-0.03887,0.0,0.0,0.0
0,426,9715.1,OPEN,0.315,0.36126,-0.04626,0.0,0.00017,-0.00017,0.315,0.35365,-0.03865,0.0,0.0,0.0
0,427,9736.8,OPEN,0.31,0.35253,-0.04253,0.0,0.00017,-0.00017,0.31,0.34842,-0.03842,0.0,0.0,0.0
0,428,9756.1,OPEN,0.305,0.34729,-0.04229,0.0,0.00017,-0.00017,0.305,0.3432,-0.0382,0.0,0.0,0.0
0,429,9775.8,OPEN,0.3,0.3438,-0.0438,0.0,0.00017,-0.00017,0.3,0.34494,-0.04494,0.0,0.0,0.0
0,430,9797.5,OPEN,0.295,0.33857,-0.04357,0.0,0.00349,-0.00349,0.295,0.33624,-0.04124,0.0,0.0,0.0
0,431,9818.8,OPEN,0.29,0.34031,-0.05031,0.0,0.00017,-0.00017,0.29,0.33101,-0.04101,0.0,0.0,0.0
0,432,9839.3,OPEN,0.285,0.33333,-0.04833,0.0,0.00017,-0.00017,0.285,0.32927,-0.04427,0.0,0.0,0.0
0,433,9861.1,OPEN,0.28,0.32984,-0.04984,0.0,0.00017,-0.00017,0.28,0.32405,-0.04405,0.0,0.0,0.0
0,434,9882.3,OPEN,0.275,0.32112,-0.04612,0.0,0.00017,-0.00017,0.275,0.31882,-0.04382,0.0,0.0,0.0
0,435,9902.7,OPEN,0.27,0.31414,-0.04414,0.0,0.00183,-0.00183,0.27,0.31534,-0.04534,0.0,0.0,0.0
0,436,9923.2,OPEN,0.265,0.31065,-0.04565,0.0,0.00349,-0.00349,0.265,0.31186,-0.04686,0.0,0.0,0.0
0,437,9943.5,OPEN,0.26,0.30716,-0.04716,0.0,0.00017,-0.00017,0.26,0.30663,-0.04663,0.0,0.0,0.0
0,438,9964.3,OPEN,0.255,0.30192,-0.04692,0.0,0.00017,-0.00017,0.255,0.30141,-0.04641,0.0,0.0,0.0
0,439,9984.9,OPEN,0.25,0.29668,-0.04668,0.0,0.00017,-0.00017,0.25,0.29619,-0.04619,0.0,0.0,0.0
0,440,10004.6,OPEN,0.245,0.29145,-0.04645,0.0,0.00017,-0.00017,0.245,0.29096,-0.04596,0.0,0.0,0.0
0,441,10025.0,OPEN,0.24,0.28621,-0.04621,0.0,0.00017,-0.00017,0.24,0.28574,-0.04574,0.0,0.0,0.0
0,442,10046.3,OPEN,0.235,0.28098,-0.04598,0.0,0.00017,-0.00017,0.235,0.28748,-0.05248,0.0,0.0,0.0
0,443,10066.7,OPEN,0.23,0.27574,-0.04574,0.0,0.00017,-0.00017,0.23,0.27007,-0.04007,0.0,0.0,0.0
0,444,10088.5,OPEN,0.225,0.27574,-0.05074,0.0,0.00017,-0.00017,0.225,0.26833,-0.04333,0.0,0.0,0.0
0,445,10110.7,OPEN,0.22,0.26527,-0.04527,0.0,0.00017,-0.00017,0.22,0.26136,-0.04136,0.0,0.0,0.0
0,446,10131.8,OPEN,0.215,0.26353,-0.04853,0.0,0.00349,-0.00349,0.215,0.2544,-0.0394,0.0,0.0,0.0
0,447,10152.2,OPEN,0.21,0.25829,-0.04829,0.0,0.00017,-0.00017,0.21,0.25091,-0.04091,0.0,0.0,0.0
0,448,10173.6,OPEN,0.205,0.24956,-0.04456,0.0,0.00183,-0.00183,0.205,0.24569,-0.04069,0.0,0.0,0.0
0,449,10192.9,OPEN,0.2,0.24433,-0.04433,0.0,0.00017,-0.00017,0.2,0.24047,-0.04047,0.0,0.0,0.0
0,450,10215.0,OPEN,0.195,0.23909,-0.04409,0.0,0.00017,-0.00017,0.195,0.23524,-0.04024,0.0,0.0,0.0
0,451,10234.8,OPEN,0.19,0.2356,-0.0456,0.0,0.00017,-0.00017,0.19,0.2335,-0.0435,0.0,0.0,0.0
0,452,10256.3,OPEN,0.185,0.23037,-0.04537,0.0,0.00017,-0.00017,0.185,0.22654,-0.04154,0.0,0.0,0.0
0,453,10276.2,OPEN,0.18,0.22688,-0.04688,0.0,0.00017,-0.00017,0.18,0.22131,-0.04131,0.0,0.00193,-0.00193
0,454,10296.9,OPEN,0.175,0.22164,-0.04664,0.0,0.00017,-0.00017,0.175,0.21957,-0.04457,0.0,0.0,0.0
0,455,10318.2,OPEN,0.17,0.2164,-0.0464,0.0,0.00017,-0.00017,0.17,0.21087,-0.04087,0.0,0.0,0.0
0,456,10339.5,OPEN,0.165,0.2164,-0.0514,0.0,0.00017,-0.00017,0.165,0.20564,-0.04064,0.0,0.0,0.0
0,457,10360.7,OPEN,0.16,0.20593,-0.04593,0.0,0.00017,-0.00017,0.16,0.20042,-0.04042,0.0,0.0,0.0
0,458,10381.6,OPEN,0.155,0.20244,-0.04744,0.0,0.00017,-0.00017,0.155,0.19694,-0.04194,0.0,0.0,0.0
0,459,10401.9,OPEN,0.15,0.19721,-0.04721,0.0,0.00017,-0.00017,0.15,0.18997,-0.03997,0.0,0.0,0.0
0,460,10421.9,OPEN,0.145,0.19197,-0.04697,0.0,0.00017,-0.00017,0.145,0.18649,-0.04149,0.0,0.0,0.0
0,461,10442.3,OPEN,0.14,0.18499,-0.04499,0.0,0.00017,-0.00017,0.14,0.18126,-0.04126,0.0,0.0,0.0
0,462,10463.1,OPEN,0.135,0.17976,-0.04476,0.0,0.00017,-0.00017,0.135,0.17604,-0.04104,0.0,0.0,0.0
0,463,10485.8,OPEN,0.13,0.17452,-0.04452,0.0,0.00017,-0.00017,0.13,0.17082,-0.04082,0.0,0.0,0.0
0,464,10507.1,OPEN,0.125,0.16928,-0.04428,0.0,0.00017,-0.00017,0.125,0.16733,-0.04233,0.0,0.00193,-0.00193
0,465,10527.3,OPEN,0.12,0.1623,-0.0423,0.0,0.00017,-0.00017,0.12,0.16037,-0.04037,0.0,0.0,0.0
0,466,10548.5,OPEN,0.115,0.15881,-0.04381,0.0,0.00017,-0.00017,0.115,0.15515,-0.04015,0.0,0.00193,-0.00193
0,467,10569.3,OPEN,0.11,0.15358,-0.04358,0.0,0.00017,-0.00017,0.11,0.14992,-0.03992,0.0,0.0,0.0
0,468,10588.2,OPEN,0.105,0.14834,-0.04334,0.0,0.00017,-0.00017,0.105,0.1447,-0.0397,0.0,0.0,0.0
0,469,10609.0,OPEN,0.1,0.14311,-0.04311,0.0,0.00017,-0.00017,0.1,0.14122,-0.04122,0.0,0.00193,-0.00193
0,470,10630.4,OPEN,0.095,0.13787,-0.04287,0.0,0.00017,-0.00017,0.095,0.13599,-0.04099,0.0,0.0,0.0
0,471,10651.2,OPEN,0.09,0.13264,-0.04264,0.0,0.00183,-0.00183,0.09,0.13077,-0.04077,0.0,0.0,0.0
0,472,10671.9,OPEN,0.085,0.13264,-0.04764,0.0,0.00017,-0.00017,0.085,0.12729,-0.04229,0.0,0.0,0.0
0,473,10694.9,OPEN,0.08,0.12391,-0.04391,0.0,0.00017,-0.00017,0.08,0.12032,-0.04032,0.0,0.0,0.0
0,474,10716.1,OPEN,0.075,0.12042,-0.04542,0.0,0.00017,-0.00017,0.075,0.1151,-0.0401,0.0,0.0,0.0
0,475,10736.8,OPEN,0.07,0.11344,-0.04344,0.0,0.00017,-0.00017,0.07,0.10987,-0.03987,0.0,0.0,0.0
0,476,10756.2,OPEN,0.065,0.10995,-0.04495,0.0,0.00017,-0.00017,0.065,0.10639,-0.04139,0.0,0.0,0.0
0,477,10778.4,OPEN,0.06,0.10471,-0.04471,0.0,0.00017,-0.00017,0.06,0.09943,-0.03943,0.0,0.0,0.0
0,478,10797.5,OPEN,0.055,0.10122,-0.04622,0.0,0.00017,-0.00017,0.055,0.0942,-0.0392,0.0,0.0,0.0
0,479,10817.7,OPEN,0.05,0.09599,-0.04599,0.0,0.00017,-0.00017,0.05,0.08898,-0.03898,0.0,0.0,0.0
0,480,10838.0,OPEN,0.045,0.09075,-0.04575,0.0,0.00017,-0.00017,0.045,0.0855,-0.0405,0.0,0.00193,-0.00193
0,481,10859.4,OPEN,0.04,0.08726,-0.04726,0.0,0.00017,-0.00017,0.04,0.08201,-0.04201,0.0,0.0,0.0
0,482,10880.1,OPEN,0.035,0.08202,-0.04702,0.0,0.00017,-0.00017,0.035,0.07505,-0.04005,0.0,0.00193,-0.00193
0,483,10902.2,OPEN,0.03,0.07679,-0.04679,0.0,0.00017,-0.00017,0.03,0.07679,-0.04679,0.0,0.0,0.0
0,484,10924.2,OPEN,0.025,0.07504,-0.05004,0.0,0.00017,-0.00017,0.025,0.06982,-0.04482,0.0,0.0,0.0
0,485,10943.5,OPEN,0.02,0.06457,-0.04457,0.0,0.00017,-0.00017,0.02,0.06634,-0.04634,0.0,0.0,0.0
0,486,10964.1,OPEN,0.015,0.07155,-0.05655,0.0,0.00017,-0.00017,0.015,0.05938,-0.04438,0.0,0.0,0.0
0,487,10984.2,OPEN,0.01,0.06457,-0.05457,0.0,0.00349,-0.00349,0.01,0.05589,-0.04589,0.0,0.0,0.0
0,488,11006.3,OPEN,0.005,0.05934,-0.05434,0.0,0.00017,-0.00017,0.005,0.04719,-0.04219,0.0,0.0,0.0
0,489,11026.9,OPEN,0.0,0.04887,-0.04887,0.0,0.00017,-0.00017,0.0,0.04371,-0.04371,0.0,0.0,0.0
0,490,11034.1,HOLD_OPEN,0.0,0.04538,-0.04538,0.0,0.00017,-0.00017,0.0,0.04371,-0.04371,0.0,0.00193,-0.00193
0,491,11055.9,HOLD_OPEN,0.0,0.04014,-0.04014,0.0,0.00017,-0.00017,0.0,0.03848,-0.03848,0.0,0.0,0.0
0,492,11076.0,HOLD_OPEN,0.0,0.03316,-0.03316,0.0,0.00017,-0.00017,0.0,0.02978,-0.02978,0.0,0.0,0.0
0,493,11097.0,HOLD_OPEN,0.0,0.02792,-0.02792,0.0,0.00183,-0.00183,0.0,0.02455,-0.02455,0.0,0.0,0.0
0,494,11116.9,HOLD_OPEN,0.0,0.02269,-0.02269,0.0,0.00017,-0.00017,0.0,0.01933,-0.01933,0.0,0.0,0.0
0,495,11136.9,HOLD_OPEN,0.0,0.0192,-0.0192,0.0,0.00349,-0.00349,0.0,0.0141,-0.0141,0.0,0.0,0.0
0,496,11157.9,HOLD_OPEN,0.0,0.01571,-0.01571,0.0,0.00017,-0.00017,0.0,0.01062,-0.01062,0.0,0.0,0.0
0,497,11178.9,HOLD_OPEN,0.0,0.01222,-0.01222,0.0,0.00017,-0.00017,0.0,0.00714,-0.00714,0.0,0.0,0.0
0,498,11200.0,HOLD_OPEN,0.0,0.00873,-0.00873,0.0,0.00017,-0.00017,0.0,0.00366,-0.00366,0.0,0.0,0.0
0,499,11223.2,HOLD_OPEN,0.0,0.00698,-0.00698,0.0,0.00017,-0.00017,0.0,0.00192,-0.00192,0.0,0.0,0.0
0,500,11243.3,HOLD_OPEN,0.0,0.00698,-0.00698,0.0,0.00017,-0.00017,0.0,0.00017,-0.00017,0.0,0.0,0.0
0,501,11264.6,HOLD_OPEN,0.0,0.00698,-0.00698,0.0,0.00017,-0.00017,0.0,0.00017,-0.00017,0.0,0.0,0.0
0,502,11285.1,HOLD_OPEN,0.0,0.00524,-0.00524,0.0,0.00017,-0.00017,0.0,0.00017,-0.00017,0.0,0.0,0.0
0,503,11305.2,HOLD_OPEN,0.0,0.00524,-0.00524,0.0,0.00017,-0.00017,0.0,0.00017,-0.00017,0.0,0.0,0.0
0,504,11326.1,HOLD_OPEN,0.0,0.00524,-0.00524,0.0,0.00017,-0.00017,0.0,0.00017,-0.00017,0.0,0.0,0.0
0,505,11346.8,HOLD_OPEN,0.0,0.00698,-0.00698,0.0,0.00017,-0.00017,0.0,0.00017,-0.00017,0.0,0.0,0.0
0,506,11366.5,HOLD_OPEN,0.0,0.00524,-0.00524,0.0,0.00017,-0.00017,0.0,0.00017,-0.00017,0.0,0.0,0.0
0,507,11388.7,HOLD_OPEN,0.0,0.00524,-0.00524,0.0,0.00017,-0.00017,0.0,0.00017,-0.00017,0.0,0.0,0.0
0,508,11409.7,HOLD_OPEN,0.0,0.00524,-0.00524,0.0,0.00017,-0.00017,0.0,0.00017,-0.00017,0.0,0.0,0.0
0,509,11431.3,HOLD_OPEN,0.0,0.00524,-0.00524,0.0,0.00017,-0.00017,0.0,0.00017,-0.00017,0.0,0.0,0.0
0,510,11451.2,HOLD_OPEN,0.0,0.00698,-0.00698,0.0,0.00017,-0.00017,0.0,0.00017,-0.00017,0.0,0.0,0.0
0,511,11470.2,HOLD_OPEN,0.0,0.00698,-0.00698,0.0,0.00017,-0.00017,0.0,0.00017,-0.00017,0.0,0.0,0.0
0,512,11492.8,HOLD_OPEN,0.0,0.00698,-0.00698,0.0,0.00017,-0.00017,0.0,0.00017,-0.00017,0.0,0.0,0.0
0,513,11511.8,HOLD_OPEN,0.0,0.00873,-0.00873,0.0,0.00017,-0.00017,0.0,0.00017,-0.00017,0.0,0.0,0.0
0,514,11533.1,HOLD_OPEN,0.0,0.00698,-0.00698,0.0,0.00017,-0.00017,0.0,0.00017,-0.00017,0.0,0.00193,-0.00193
0,515,11555.5,HOLD_OPEN,0.0,0.00349,-0.00349,0.0,0.00017,-0.00017,0.0,0.00017,-0.00017,0.0,0.0,0.0
0,516,11577.1,HOLD_OPEN,0.0,0.00524,-0.00524,0.0,0.00017,-0.00017,0.0,0.00017,-0.00017,0.0,0.0,0.0
0,517,11597.4,HOLD_OPEN,0.0,0.00524,-0.00524,0.0,0.00017,-0.00017,0.0,0.00017,-0.00017,0.0,0.0,0.0
0,518,11618.3,HOLD_OPEN,0.0,0.00349,-0.00349,0.0,0.00017,-0.00017,0.0,0.00017,-0.00017,0.0,0.00193,-0.00193
0,519,11636.6,HOLD_OPEN,0.0,0.00349,-0.00349,0.0,0.00017,-0.00017,0.0,0.00017,-0.00017,0.0,0.0,0.0
0,520,11657.9,HOLD_OPEN,0.0,0.00349,-0.00349,0.0,0.00017,-0.00017,0.0,0.00017,-0.00017,0.0,0.0,0.0
0,521,11678.4,HOLD_OPEN,0.0,0.00524,-0.00524,0.0,0.00017,-0.00017,0.0,0.00017,-0.00017,0.0,0.0,0.0
0,522,11700.3,HOLD_OPEN,0.0,0.00349,-0.00349,0.0,0.00017,-0.00017,0.0,0.00017,-0.00017,0.0,0.0,0.0
0,523,11722.2,HOLD_OPEN,0.0,0.00349,-0.00349,0.0,0.00017,-0.00017,0.0,0.00017,-0.00017,0.0,0.0,0.0
0,524,11743.8,HOLD_OPEN,0.0,0.00349,-0.00349,0.0,0.00017,-0.00017,0.0,0.00017,-0.00017,0.0,0.0,0.0
0,525,11764.5,HOLD_OPEN,0.0,0.00524,-0.00524,0.0,0.00017,-0.00017,0.0,0.00017,-0.00017,0.0,0.00193,-0.00193
0,526,11784.4,HOLD_OPEN,0.0,0.00349,-0.00349,0.0,0.00017,-0.00017,0.0,0.00017,-0.00017,0.0,0.0,0.0
0,527,11804.7,HOLD_OPEN,0.0,0.00349,-0.00349,0.0,0.00017,-0.00017,0.0,0.00017,-0.00017,0.0,0.0,0.0
0,528,11826.5,HOLD_OPEN,0.0,0.00349,-0.00349,0.0,0.00017,-0.00017,0.0,0.00017,-0.00017,0.0,0.0,0.0
0,529,11847.9,HOLD_OPEN,0.0,0.00349,-0.00349,0.0,0.00017,-0.00017,0.0,0.00017,-0.00017,0.0,0.0,0.0
0,530,11867.8,HOLD_OPEN,0.0,0.00349,-0.00349,0.0,0.00017,-0.00017,0.0,0.00017,-0.00017,0.0,0.0,0.0
0,531,11886.7,HOLD_OPEN,0.0,0.00349,-0.00349,0.0,0.00017,-0.00017,0.0,0.00017,-0.00017,0.0,0.0,0.0
0,532,11909.5,HOLD_OPEN,0.0,0.00349,-0.00349,0.0,0.00017,-0.00017,0.0,0.00017,-0.00017,0.0,0.0,0.0
0,533,11930.4,HOLD_OPEN,0.0,0.00349,-0.00349,0.0,0.00017,-0.00017,0.0,0.00017,-0.00017,0.0,0.0,0.0
0,534,11952.2,HOLD_OPEN,0.0,0.00349,-0.00349,0.0,0.00017,-0.00017,0.0,0.00017,-0.00017,0.0,0.0,0.0
0,535,11973.5,HOLD_OPEN,0.0,0.00349,-0.00349,0.0,0.00017,-0.00017,0.0,0.00192,-0.00192,0.0,0.0,0.0
0,536,11992.3,HOLD_OPEN,0.0,0.00349,-0.00349,0.0,0.00017,-0.00017,0.0,0.00017,-0.00017,0.0,0.0,0.0
0,537,12014.2,HOLD_OPEN,0.0,0.00349,-0.00349,0.0,0.00017,-0.00017,0.0,0.00017,-0.00017,0.0,0.0,0.0
0,538,12034.9,HOLD_OPEN,0.0,0.00349,-0.00349,0.0,0.00017,-0.00017,0.0,0.00017,-0.00017,0.0,0.0,0.0
0,539,12055.0,HOLD_OPEN,0.0,0.00349,-0.00349,0.0,0.00017,-0.00017,0.0,0.00017,-0.00017,0.0,0.0,0.0
0,540,12075.7,HOLD_OPEN,0.0,0.00349,-0.00349,0.0,0.00017,-0.00017,0.0,0.00017,-0.00017,0.0,0.0,0.0
0,541,12096.6,HOLD_OPEN,0.0,0.00349,-0.00349,0.0,0.00017,-0.00017,0.0,0.00017,-0.00017,0.0,0.0,0.0
0,542,12117.9,HOLD_OPEN,0.0,0.00349,-0.00349,0.0,0.00017,-0.00017,0.0,0.00192,-0.00192,0.0,0.0,0.0
0,543,12138.7,HOLD_OPEN,0.0,0.00349,-0.00349,0.0,0.00017,-0.00017,0.0,0.00192,-0.00192,0.0,0.0,0.0
0,544,12159.5,HOLD_OPEN,0.0,0.00349,-0.00349,0.0,0.00017,-0.00017,0.0,0.00017,-0.00017,0.0,0.0,0.0
0,545,12178.7,HOLD_OPEN,0.0,0.00349,-0.00349,0.0,0.00017,-0.00017,0.0,0.00017,-0.00017,0.0,0.0,0.0
0,546,12199.5,HOLD_OPEN,0.0,0.00349,-0.00349,0.0,0.00017,-0.00017,0.0,0.00017,-0.00017,0.0,0.0,0.0
0,547,12219.7,HOLD_OPEN,0.0,0.00349,-0.00349,0.0,0.00017,-0.00017,0.0,0.00017,-0.00017,0.0,0.0,0.0
0,548,12240.9,HOLD_OPEN,0.0,0.00349,-0.00349,0.0,0.00017,-0.00017,0.0,0.00017,-0.00017,0.0,0.0,0.0
0,549,12264.0,HOLD_OPEN,0.0,0.00349,-0.00349,0.0,0.00183,-0.00183,0.0,0.00017,-0.00017,0.0,0.0,0.0
0,550,12306.4,CLOSE_2,0.005,0.00349,0.00151,0.005,0.00017,0.00483,0.005,0.00017,0.00483,0.005,0.0,0.005
0,551,12326.8,CLOSE_2,0.01,0.00349,0.00651,0.01,0.00017,0.00983,0.01,0.00192,0.00808,0.01,0.0,0.01
0,552,12347.4,CLOSE_2,0.015,0.00349,0.01151,0.015,0.00017,0.01483,0.015,0.00017,0.01483,0.015,0.0,0.015
0,553,12368.0,CLOSE_2,0.02,0.00349,0.01651,0.02,0.00017,0.01983,0.02,0.00017,0.01983,0.02,0.0,0.02
0,554,12389.0,CLOSE_2,0.025,0.00349,0.02151,0.025,0.00017,0.02483,0.025,0.00017,0.02483,0.025,0.0,0.025
0,555,12408.2,CLOSE_2,0.03,0.00349,0.02651,0.03,0.00017,0.02983,0.03,0.00017,0.02983,0.03,0.0,0.03
0,556,12428.9,CLOSE_2,0.035,0.00349,0.03151,0.035,0.00017,0.03483,0.035,0.00017,0.03483,0.035,0.0,0.035
0,557,12452.5,CLOSE_2,0.04,0.00349,0.03651,0.04,0.00017,0.03983,0.04,0.00017,0.03983,0.04,0.0,0.04
0,558,12473.1,CLOSE_2,0.045,0.00349,0.04151,0.045,0.00017,0.04483,0.045,0.00366,0.04134,0.045,0.0058,0.0392
0,559,12492.6,CLOSE_2,0.05,0.00524,0.04476,0.05,0.00847,0.04153,0.05,0.00017,0.04983,0.05,0.0,0.05
0,560,12514.7,CLOSE_2,0.055,0.00349,0.05151,0.055,0.00515,0.04985,0.055,0.00192,0.05308,0.055,0.0,0.055
0,561,12534.4,CLOSE_2,0.06,0.00524,0.05476,0.06,0.00515,0.05485,0.06,0.0054,0.0546,0.06,0.00387,0.05613
0,562,12555.2,CLOSE_2,0.065,0.01222,0.05278,0.065,0.00017,0.06483,0.065,0.0141,0.0509,0.065,0.00774,0.05726
0,563,12575.6,CLOSE_2,0.07,0.01571,0.05429,0.07,0.00515,0.06485,0.07,0.01759,0.05241,0.07,0.01547,0.05453
0,564,12597.5,CLOSE_2,0.075,0.02792,0.04708,0.075,0.00681,0.06819,0.075,0.02455,0.05045,0.075,0.02321,0.05179
0,565,12618.7,CLOSE_2,0.08,0.03316,0.04684,0.08,0.01013,0.06987,0.08,0.03326,0.04674,0.08,0.02515,0.05485
0,566,12639.2,CLOSE_2,0.085,0.04014,0.04486,0.085,0.01677,0.06823,0.085,0.04371,0.04129,0.085,0.03675,0.04825
0,567,12659.1,CLOSE_2,0.09,0.04538,0.04462,0.09,0.02341,0.06659,0.09,0.04719,0.04281,0.09,0.04642,0.04358
0,568,12678.1,CLOSE_2,0.095,0.05585,0.03915,0.095,0.03669,0.05831,0.095,0.05415,0.04085,0.095,0.05416,0.04084
0,569,12699.5,CLOSE_2,0.1,0.06457,0.03543,0.1,0.04167,0.05833,0.1,0.06112,0.03888,0.1,0.06383,0.03617
0,570,12720.6,CLOSE_2,0.105,0.07155,0.03345,0.105,0.04998,0.05502,0.105,0.07157,0.03343,0.105,0.06963,0.03537
0,571,12742.9,CLOSE_2,0.11,0.08028,0.02972,0.11,0.0616,0.0484,0.11,0.07853,0.03147,0.11,0.0793,0.0307
0,572,12764.0,CLOSE_2,0.115,0.08726,0.02774,0.115,0.06658,0.04842,0.115,0.0855,0.0295,0.115,0.08704,0.02796
0,573,12784.7,CLOSE_2,0.12,0.09424,0.02576,0.12,0.0782,0.0418,0.12,0.09246,0.02754,0.12,0.09284,0.02716
0,574,12805.8,CLOSE_2,0.125,0.09948,0.02552,0.125,0.08484,0.04016,0.125,0.09943,0.02557,0.125,0.09865,0.02635
0,575,12826.4,CLOSE_2,0.13,0.10471,0.02529,0.13,0.08816,0.04184,0.13,0.10639,0.02361,0.13,0.10445,0.02555
0,576,12846.0,CLOSE_2,0.135,0.1082,0.0268,0.135,0.0948,0.0402,0.135,0.11161,0.02339,0.135,0.10445,0.03055
0,577,12868.0,CLOSE_2,0.14,0.11344,0.02656,0.14,0.1031,0.0369,0.14,0.1151,0.0249,0.14,0.10638,0.03362
0,578,12887.9,CLOSE_2,0.145,0.11518,0.02982,0.145,0.10975,0.03525,0.145,0.11684,0.02816,0.145,0.10832,0.03668
0,579,12909.7,CLOSE_2,0.15,0.11867,0.03133,0.15,0.11473,0.03527,0.15,0.12032,0.02968,0.15,0.11219,0.03781
0,580,12929.9,CLOSE_2,0.155,0.12042,0.03458,0.155,0.12137,0.03363,0.155,0.1238,0.0312,0.155,0.10832,0.04668
0,581,12951.0,CLOSE_2,0.16,0.12216,0.03784,0.16,0.12801,0.03199,0.16,0.12729,0.03271,0.16,0.11412,0.04588
0,582,12972.9,CLOSE_2,0.165,0.12391,0.04109,0.165,0.13631,0.02869,0.165,0.1238,0.0412,0.165,0.11025,0.05475
0,583,12993.5,CLOSE_2,0.17,0.12565,0.04435,0.17,0.14461,0.02539,0.17,0.12554,0.04446,0.17,0.11412,0.05588
0,584,13013.8,CLOSE_2,0.175,0.13089,0.04411,0.175,0.14295,0.03205,0.175,0.12554,0.04946,0.175,0.11992,0.05508
0,585,13035.2,CLOSE_2,0.18,0.13264,0.04736,0.18,0.14793,0.03207,0.18,0.12729,0.05271,0.18,0.12766,0.05234
0,586,13053.4,CLOSE_2,0.185,0.13613,0.04887,0.185,0.15291,0.03209,0.185,0.13077,0.05423,0.185,0.12379,0.06121
0,587,13075.0,CLOSE_2,0.19,0.14136,0.04864,0.19,0.15623,0.03377,0.19,0.13251,0.05749,0.19,0.13153,0.05847
0,588,13097.0,CLOSE_2,0.195,0.1466,0.0484,0.195,0.16454,0.03046,0.195,0.13599,0.05901,0.195,0.1354,0.0596
0,589,13118.3,CLOSE_2,0.2,0.15358,0.04642,0.2,0.1662,0.0338,0.2,0.1447,0.0553,0.2,0.1412,0.0588
0,590,13137.3,CLOSE_2,0.205,0.16579,0.03921,0.205,0.16952,0.03548,0.205,0.15166,0.05334,0.205,0.15087,0.05413
0,591,13158.1,CLOSE_2,0.21,0.17103,0.03897,0.21,0.1745,0.0355,0.21,0.15863,0.05137,0.21,0.1528,0.0572
0,592,13177.9,CLOSE_2,0.215,0.17103,0.04397,0.215,0.18114,0.03386,0.215,0.16037,0.05463,0.215,0.16441,0.05059
0,593,13199.4,CLOSE_2,0.22,0.17801,0.04199,0.22,0.18612,0.03388,0.22,0.17082,0.04918,0.22,0.16441,0.05559
0,594,13221.0,CLOSE_2,0.225,0.19197,0.03303,0.225,0.19774,0.02726,0.225,0.18126,0.04374,0.225,0.17795,0.04705
0,595,13242.9,CLOSE_2,0.23,0.19197,0.03803,0.23,0.19774,0.03226,0.23,0.18475,0.04525,0.23,0.17795,0.05205
0,596,13263.7,CLOSE_2,0.235,0.19721,0.03779,0.235,0.20272,0.03228,0.235,0.19345,0.04155,0.235,0.18569,0.04931
0,597,13282.5,CLOSE_2,0.24,0.20419,0.03581,0.24,0.21268,0.02732,0.24,0.20042,0.03958,0.24,0.19149,0.04851
0,598,13304.6,CLOSE_2,0.245,0.20942,0.03558,0.245,0.21601,0.02899,0.245,0.20912,0.03588,0.245,0.19342,0.05158
0,599,13325.4,CLOSE_2,0.25,0.21815,0.03185,0.25,0.22431,0.02569,0.25,0.21261,0.03739,0.25,0.20309,0.04691
0,600,13346.9,CLOSE_2,0.255,0.2199,0.0351,0.255,0.23593,0.01907,0.255,0.21957,0.03543,0.255,0.21083,0.04417
0,601,13367.3,CLOSE_2,0.26,0.22339,0.03661,0.26,0.24257,0.01743,0.26,0.2248,0.0352,0.26,0.21857,0.04143
0,602,13389.5,CLOSE_2,0.265,0.22688,0.03812,0.265,0.24755,0.01745,0.265,0.23002,0.03498,0.265,0.22631,0.03869
0,603,13409.1,CLOSE_2,0.27,0.22862,0.04138,0.27,0.25253,0.01747,0.27,0.23524,0.03476,0.27,0.23598,0.03402
0,604,13431.1,CLOSE_2,0.275,0.23037,0.04463,0.275,0.25917,0.01583,0.275,0.23873,0.03627,0.275,0.24371,0.03129
0,605,13452.1,CLOSE_2,0.28,0.23211,0.04789,0.28,0.26249,0.01751,0.28,0.24395,0.03605,0.28,0.25145,0.02855
0,606,13471.0,CLOSE_2,0.285,0.23909,0.04591,0.285,0.26913,0.01587,0.285,0.25091,0.03409,0.285,0.25338,0.03162
0,607,13492.4,CLOSE_2,0.29,0.24258,0.04742,0.29,0.2708,0.0192,0.29,0.2544,0.0356,0.29,0.25725,0.03275
0,608,13514.4,CLOSE_2,0.295,0.24956,0.04544,0.295,0.27578,0.01922,0.295,0.2544,0.0406,0.295,0.26112,0.03388
0,609,13535.0,CLOSE_2,0.3,0.26003,0.03997,0.3,0.28076,0.01924,0.3,0.25614,0.04386,0.3,0.26306,0.03694
0,610,13555.4,CLOSE_2,0.305,0.26003,0.04497,0.305,0.28574,0.01926,0.305,0.25788,0.04712,0.305,0.26499,0.04001
0,611,13576.2,CLOSE_2,0.31,0.26527,0.04473,0.31,0.29238,0.01762,0.31,0.26136,0.04864,0.31,0.26692,0.04308
0,612,13598.0,CLOSE_2,0.315,0.27051,0.04449,0.315,0.29736,0.01764,0.315,0.26484,0.05016,0.315,0.26886,0.04614
0,613,13618.2,CLOSE_2,0.32,0.27749,0.04251,0.32,0.30068,0.01932,0.32,0.27181,0.04819,0.32,0.27466,0.04534
0,614,13639.2,CLOSE_2,0.325,0.28447,0.04053,0.325,0.30566,0.01934,0.325,0.27703,0.04797,0.325,0.27853,0.04647
0,615,13657.8,CLOSE_2,0.33,0.2897,0.0403,0.33,0.3123,0.0177,0.33,0.28226,0.04774,0.33,0.2824,0.0476
0,616,13680.9,CLOSE_2,0.335,0.29668,0.03832,0.335,0.31562,0.01938,0.335,0.2927,0.0423,0.335,0.28627,0.04873
0,617,13702.2,CLOSE_2,0.34,0.30366,0.03634,0.34,0.3206,0.0194,0.34,0.29967,0.04033,0.34,0.29014,0.04986
0,618,13722.7,CLOSE_2,0.345,0.31065,0.03435,0.345,0.32392,0.02108,0.345,0.30315,0.04185,0.345,0.29787,0.04713
0,619,13743.6,CLOSE_2,0.35,0.31239,0.03761,0.35,0.33057,0.01943,0.35,0.30838,0.04162,0.35,0.30174,0.04826
0,620,13764.3,CLOSE_2,0.355,0.31937,0.03563,0.355,0.33555,0.01945,0.355,0.31534,0.03966,0.355,0.31335,0.04165
0,621,13782.4,CLOSE_2,0.36,0.32461,0.03539,0.36,0.33887,0.02113,0.36,0.32056,0.03944,0.36,0.31915,0.04085
0,622,13804.1,CLOSE_2,0.365,0.3281,0.0369,0.365,0.34385,0.02115,0.365,0.32579,0.03921,0.365,0.32689,0.03811
0,623,13824.7,CLOSE_2,0.37,0.33333,0.03667,0.37,0.34883,0.02117,0.37,0.33275,0.03725,0.37,0.33075,0.03925
0,624,13846.3,CLOSE_2,0.375,0.3281,0.0469,0.375,0.36211,0.01289,0.375,0.33972,0.03528,0.375,0.33075,0.04425
0,625,13866.4,CLOSE_2,0.38,0.34206,0.03794,0.38,0.36045,0.01955,0.38,0.34494,0.03506,0.38,0.33462,0.04538
0,626,13887.9,CLOSE_2,0.385,0.34729,0.03771,0.385,0.36377,0.02123,0.385,0.34842,0.03658,0.385,0.34429,0.04071
0,627,13909.0,CLOSE_2,0.39,0.35253,0.03747,0.39,0.36875,0.02125,0.39,0.35365,0.03635,0.39,0.3501,0.0399
0,628,13928.9,CLOSE_2,0.395,0.35428,0.04072,0.395,0.37207,0.02293,0.395,0.35887,0.03613,0.395,0.35203,0.04297
0,629,13951.7,CLOSE_2,0.4,0.35951,0.04049,0.4,0.37705,0.02295,0.4,0.3641,0.0359,0.4,0.3559,0.0441
0,630,13972.2,CLOSE_2,0.405,0.363,0.042,0.405,0.38204,0.02296,0.405,0.36758,0.03742,0.405,0.3617,0.0433
0,631,13993.2,CLOSE_2,0.41,0.36824,0.04176,0.41,0.38702,0.02298,0.41,0.37628,0.03372,0.41,0.36364,0.04636
0,632,14013.8,CLOSE_2,0.415,0.37347,0.04153,0.415,0.392,0.023,0.415,0.3728,0.0422,0.415,0.37137,0.04363
0,633,14035.3,CLOSE_2,0.42,0.3822,0.0378,0.42,0.40196,0.01804,0.42,0.37977,0.04023,0.42,0.37331,0.04669
0,634,14055.4,CLOSE_2,0.425,0.38569,0.03931,0.425,0.40528,0.01972,0.425,0.38325,0.04175,0.425,0.37331,0.05169
0,635,14076.3,CLOSE_2,0.43,0.38569,0.04431,0.43,0.40694,0.02306,0.43,0.38847,0.04153,0.43,0.37718,0.05282
0,636,14096.7,CLOSE_2,0.435,0.39092,0.04408,0.435,0.41192,0.02308,0.435,0.39196,0.04304,0.435,0.38104,0.05396
0,637,14118.6,CLOSE_2,0.44,0.39791,0.04209,0.44,0.41856,0.02144,0.44,0.39892,0.04108,0.44,0.38491,0.05509
0,638,14139.2,CLOSE_2,0.445,0.4014,0.0436,0.445,0.4252,0.0198,0.445,0.4024,0.0426,0.445,0.39072,0.05428
0,639,14159.8,CLOSE_2,0.45,0.40838,0.04162,0.45,0.43184,0.01816,0.45,0.40589,0.04411,0.45,0.39652,0.05348
0,640,14181.0,CLOSE_2,0.455,0.41361,0.04139,0.455,0.43683,0.01817,0.455,0.41111,0.04389,0.455,0.40426,0.05074
0,641,14201.5,CLOSE_2,0.46,0.4171,0.0429,0.46,0.44845,0.01155,0.46,0.41807,0.04193,0.46,0.41006,0.04994
0,642,14221.2,CLOSE_2,0.465,0.42408,0.04092,0.465,0.45343,0.01157,0.465,0.42504,0.03996,0.465,0.42166,0.04334
0,643,14241.6,CLOSE_2,0.47,0.42757,0.04243,0.47,0.46339,0.00661,0.47,0.42852,0.04148,0.47,0.42553,0.04447
0,644,14263.3,CLOSE_2,0.475,0.43455,0.04045,0.475,0.46007,0.01493,0.475,0.43897,0.03603,0.475,0.4294,0.0456
0,645,14285.3,CLOSE_2,0.48,0.43979,0.04021,0.48,0.47169,0.00831,0.48,0.44419,0.03581,0.48,0.4352,0.0448
0,646,14306.5,CLOSE_2,0.485,0.44328,0.04172,0.485,0.47667,0.00833,0.485,0.44419,0.04081,0.485,0.44681,0.03819
0,647,14327.2,CLOSE_2,0.49,0.45026,0.03974,0.49,0.48497,0.00503,0.49,0.45116,0.03884,0.49,0.44874,0.04126
0,648,14347.8,CLOSE_2,0.495,0.45724,0.03776,0.495,0.49162,0.00338,0.495,0.45638,0.03862,0.495,0.45455,0.04045
0,649,14369.4,CLOSE_2,0.5,0.46073,0.03927,0.5,0.4966,0.0034,0.5,0.46161,0.03839,0.5,0.45841,0.04159
0,650,14389.5,CLOSE_2,0.505,0.46597,0.03903,0.5,0.49992,8e-05,0.505,0.46509,0.03991,0.5,0.46422,0.03578
0,651,14408.7,CLOSE_2,0.51,0.47295,0.03705,0.5,0.50324,-0.00324,0.51,0.46857,0.04143,0.5,0.47002,0.02998
0,652,14429.6,CLOSE_2,0.515,0.47644,0.03856,0.5,0.50324,-0.00324,0.515,0.47379,0.04121,0.5,0.47389,0.02611
0,653,14450.3,CLOSE_2,0.52,0.47818,0.04182,0.5,0.50324,-0.00324,0.52,0.47554,0.04446,0.5,0.47969,0.02031
0,654,14471.2,CLOSE_2,0.525,0.48342,0.04158,0.5,0.50324,-0.00324,0.525,0.47728,0.04772,0.5,0.48356,0.01644
0,655,14493.0,CLOSE_2,0.53,0.49215,0.03785,0.5,0.50988,-0.00988,0.53,0.4825,0.0475,0.5,0.48936,0.01064
0,656,14514.3,CLOSE_2,0.535,0.4904,0.0446,0.5,0.5049,-0.0049,0.535,0.49643,0.03857,0.5,0.49323,0.00677
0,657,14535.0,CLOSE_2,0.54,0.49913,0.04087,0.5,0.5049,-0.0049,0.54,0.49991,0.04009,0.5,0.49516,0.00484
0,658,14554.5,CLOSE_2,0.545,0.5096,0.0354,0.5,0.5049,-0.0049,0.545,0.50688,0.03812,0.5,0.4971,0.0029
0,659,14574.8,CLOSE_2,0.55,0.51309,0.03691,0.5,0.5049,-0.0049,0.55,0.51384,0.03616,0.5,0.49903,0.00097
0,660,14595.9,CLOSE_2,0.555,0.51832,0.03668,0.5,0.5049,-0.0049,0.555,0.52255,0.03245,0.5,0.49903,0.00097
0,661,14617.5,CLOSE_2,0.56,0.53229,0.02771,0.5,0.5049,-0.0049,0.56,0.52603,0.03397,0.5,0.49903,0.00097
0,662,14638.0,CLOSE_2,0.565,0.53578,0.02922,0.5,0.5049,-0.0049,0.565,0.52951,0.03549,0.5,0.49903,0.00097
0,663,14658.7,CLOSE_2,0.57,0.53752,0.03248,0.5,0.50324,-0.00324,0.57,0.53474,0.03526,0.5,0.49903,0.00097
0,664,14679.2,CLOSE_2,0.575,0.54276,0.03224,0.5,0.5049,-0.0049,0.575,0.53474,0.04026,0.5,0.49903,0.00097
0,665,14699.7,CLOSE_2,0.58,0.54276,0.03724,0.5,0.49992,8e-05,0.58,0.53822,0.04178,0.5,0.50097,-0.00097
0,666,14720.6,CLOSE_2,0.585,0.55323,0.03177,0.5,0.51154,-0.01154,0.585,0.5417,0.0433,0.5,0.49903,0.00097
0,667,14743.2,CLOSE_2,0.59,0.55497,0.03503,0.5,0.50988,-0.00988,0.59,0.54519,0.04481,0.5,0.49903,0.00097
0,668,14763.8,CLOSE_2,0.595,0.55323,0.04177,0.5,0.5132,-0.0132,0.595,0.55215,0.04285,0.5,0.49903,0.00097
0,669,14785.3,CLOSE_2,0.6,0.56195,0.03805,0.5,0.51486,-0.01486,0.6,0.55563,0.04437,0.5,0.49903,0.00097
0,670,14806.4,CLOSE_2,0.605,0.56195,0.04305,0.5,0.5132,-0.0132,0.605,0.56086,0.04414,0.5,0.49903,0.00097
0,671,14825.7,CLOSE_2,0.61,0.5637,0.0463,0.5,0.51486,-0.01486,0.61,0.5626,0.0474,0.5,0.49903,0.00097
0,672,14846.4,CLOSE_2,0.615,0.56894,0.04606,0.5,0.51486,-0.01486,0.615,0.56782,0.04718,0.5,0.49903,0.00097
0,673,14866.4,CLOSE_2,0.62,0.57243,0.04757,0.5,0.51652,-0.01652,0.62,0.5713,0.0487,0.5,0.49903,0.00097
0,674,14887.9,CLOSE_2,0.625,0.58813,0.03687,0.5,0.51652,-0.01652,0.625,0.58523,0.03977,0.5,0.49903,0.00097
0,675,14908.4,CLOSE_2,0.63,0.58464,0.04536,0.5,0.51486,-0.01486,0.63,0.58349,0.04651,0.5,0.49903,0.00097
0,676,14928.9,CLOSE_2,0.635,0.58988,0.04512,0.5,0.51486,-0.01486,0.635,0.59046,0.04454,0.5,0.49903,0.00097
0,677,14949.4,CLOSE_2,0.64,0.59686,0.04314,0.5,0.51486,-0.01486,0.64,0.59568,0.04432,0.5,0.50097,-0.00097
0,678,14970.1,CLOSE_2,0.645,0.60035,0.04465,0.5,0.51486,-0.01486,0.645,0.59742,0.04758,0.5,0.49903,0.00097
0,679,14991.6,CLOSE_2,0.65,0.60209,0.04791,0.5,0.51818,-0.01818,0.65,0.59916,0.05084,0.5,0.49903,0.00097
0,680,15012.8,CLOSE_2,0.655,0.60908,0.04592,0.5,0.51486,-0.01486,0.655,0.60613,0.04887,0.5,0.4971,0.0029
0,681,15033.9,CLOSE_2,0.66,0.61257,0.04743,0.5,0.51486,-0.01486,0.66,0.61135,0.04865,0.5,0.49903,0.00097
0,682,15053.9,CLOSE_2,0.665,0.6178,0.0472,0.5,0.51486,-0.01486,0.665,0.61658,0.04842,0.5,0.5029,-0.0029
0,683,15074.1,CLOSE_2,0.67,0.62304,0.04696,0.5,0.51486,-0.01486,0.67,0.6218,0.0482,0.5,0.49903,0.00097
0,684,15095.2,CLOSE_2,0.675,0.62827,0.04673,0.5,0.51486,-0.01486,0.675,0.62702,0.04798,0.5,0.49903,0.00097
0,685,15117.3,CLOSE_2,0.68,0.63351,0.04649,0.5,0.51486,-0.01486,0.68,0.63747,0.04253,0.5,0.49903,0.00097
0,686,15137.5,CLOSE_2,0.685,0.64572,0.03928,0.5,0.51486,-0.01486,0.685,0.64095,0.04405,0.5,0.49903,0.00097
0,687,15157.6,CLOSE_2,0.69,0.64572,0.04428,0.5,0.51652,-0.01652,0.69,0.64792,0.04208,0.5,0.49903,0.00097
0,688,15178.6,CLOSE_2,0.695,0.65096,0.04404,0.5,0.51486,-0.01486,0.695,0.65663,0.03837,0.5,0.49903,0.00097
0,689,15200.8,CLOSE_2,0.7,0.6562,0.0438,0.5,0.51486,-0.01486,0.7,0.65663,0.04337,0.5,0.5029,-0.0029
0,690,15222.6,CLOSE_2,0.705,0.66143,0.04357,0.5,0.51486,-0.01486,0.705,0.66359,0.04141,0.5,0.49903,0.00097
0,691,15242.6,CLOSE_2,0.71,0.66841,0.04159,0.5,0.51486,-0.01486,0.71,0.67056,0.03944,0.5,0.49903,0.00097
0,692,15264.5,CLOSE_2,0.715,0.67365,0.04135,0.5,0.51652,-0.01652,0.715,0.67404,0.04096,0.5,0.50097,-0.00097
0,693,15285.9,CLOSE_2,0.72,0.67714,0.04286,0.5,0.51486,-0.01486,0.72,0.67926,0.04074,0.5,0.50097,-0.00097
0,694,15307.5,CLOSE_2,0.725,0.69284,0.03216,0.5,0.51652,-0.01652,0.725,0.68623,0.03877,0.5,0.49903,0.00097
0,695,15327.6,CLOSE_2,0.73,0.6911,0.0389,0.5,0.51486,-0.01486,0.73,0.69493,0.03507,0.5,0.50097,-0.00097
0,696,15348.7,CLOSE_2,0.735,0.69284,0.04216,0.5,0.51486,-0.01486,0.735,0.69319,0.04181,0.5,0.50097,-0.00097
0,697,15369.2,CLOSE_2,0.74,0.69983,0.04017,0.5,0.51486,-0.01486,0.74,0.69842,0.04158,0.5,0.49903,0.00097
0,698,15389.8,CLOSE_2,0.745,0.70332,0.04168,0.5,0.51486,-0.01486,0.745,0.70016,0.04484,0.5,0.49903,0.00097
0,699,15408.8,CLOSE_2,0.75,0.70681,0.04319,0.5,0.51652,-0.01652,0.75,0.70364,0.04636,0.5,0.50097,-0.00097
0,700,15429.4,CLOSE_2,0.755,0.7103,0.0447,0.5,0.51818,-0.01818,0.755,0.7106,0.0444,0.5,0.50097,-0.00097
0,701,15449.9,CLOSE_2,0.76,0.71728,0.04272,0.5,0.51652,-0.01652,0.76,0.71409,0.04591,0.5,0.49903,0.00097
0,702,15471.4,CLOSE_2,0.765,0.72077,0.04423,0.5,0.51652,-0.01652,0.765,0.71583,0.04917,0.5,0.5029,-0.0029
0,703,15491.6,CLOSE_2,0.77,0.72949,0.04051,0.5,0.51486,-0.01486,0.77,0.72105,0.04895,0.5,0.50097,-0.00097
0,704,15511.7,CLOSE_2,0.775,0.73124,0.04376,0.5,0.51486,-0.01486,0.775,0.7315,0.0435,0.5,0.50097,-0.00097
0,705,15532.2,CLOSE_2,0.78,0.73298,0.04702,0.5,0.51486,-0.01486,0.78,0.72628,0.05372,0.5,0.49903,0.00097
0,706,15552.9,CLOSE_2,0.785,0.73647,0.04853,0.5,0.51652,-0.01652,0.785,0.74195,0.04305,0.5,0.49903,0.00097
0,707,15573.3,CLOSE_2,0.79,0.74346,0.04654,0.5,0.51486,-0.01486,0.79,0.74543,0.04457,0.5,0.49903,0.00097
0,708,15594.8,CLOSE_2,0.795,0.7452,0.0498,0.5,0.51486,-0.01486,0.795,0.74717,0.04783,0.5,0.50097,-0.00097
0,709,15615.6,CLOSE_2,0.8,0.75218,0.04782,0.5,0.51652,-0.01652,0.8,0.75414,0.04586,0.5,0.50097,-0.00097
0,710,15636.7,CLOSE_2,0.805,0.75742,0.04758,0.5,0.51652,-0.01652,0.805,0.75936,0.04564,0.5,0.49903,0.00097
0,711,15657.9,CLOSE_2,0.81,0.77312,0.03688,0.5,0.51652,-0.01652,0.81,0.76284,0.04716,0.5,0.50097,-0.00097
0,712,15677.7,CLOSE_2,0.815,0.77487,0.04013,0.5,0.51486,-0.01486,0.815,0.76807,0.04693,0.5,0.49903,0.00097
0,713,15698.8,CLOSE_2,0.82,0.77836,0.04164,0.5,0.51486,-0.01486,0.82,0.77677,0.04323,0.5,0.49903,0.00097
0,714,15719.9,CLOSE_2,0.825,0.78534,0.03966,0.5,0.51486,-0.01486,0.825,0.77851,0.04649,0.5,0.49903,0.00097
0,715,15740.2,CLOSE_2,0.83,0.79058,0.03942,0.5,0.51652,-0.01652,0.83,0.78548,0.04452,0.5,0.49903,0.00097
0,716,15761.6,CLOSE_2,0.835,0.79058,0.04442,0.5,0.51486,-0.01486,0.835,0.7907,0.0443,0.5,0.49903,0.00097
0,717,15782.9,CLOSE_2,0.84,0.79581,0.04419,0.5,0.51652,-0.01652,0.84,0.80115,0.03885,0.5,0.50097,-0.00097
0,718,15804.1,CLOSE_2,0.845,0.80105,0.04395,0.5,0.51486,-0.01486,0.845,0.80115,0.04385,0.5,0.50097,-0.00097
0,719,15824.0,CLOSE_2,0.85,0.80628,0.04372,0.5,0.51486,-0.01486,0.85,0.80986,0.04014,0.5,0.50097,-0.00097
0,720,15845.3,CLOSE_2,0.855,0.80977,0.04523,0.5,0.51486,-0.01486,0.855,0.80986,0.04514,0.5,0.49903,0.00097
0,721,15865.6,CLOSE_2,0.86,0.81501,0.04499,0.5,0.51486,-0.01486,0.86,0.81334,0.04666,0.5,0.49903,0.00097
0,722,15886.2,CLOSE_2,0.865,0.8185,0.0465,0.5,0.51652,-0.01652,0.865,0.81682,0.04818,0.5,0.50097,-0.00097
0,723,15907.4,CLOSE_2,0.87,0.82373,0.04627,0.5,0.51486,-0.01486,0.87,0.82204,0.04796,0.5,0.50097,-0.00097
0,724,15928.0,CLOSE_2,0.875,0.82897,0.04603,0.5,0.51652,-0.01652,0.875,0.82553,0.04947,0.5,0.50097,-0.00097
0,725,15948.3,CLOSE_2,0.88,0.83421,0.04579,0.5,0.51652,-0.01652,0.88,0.82901,0.05099,0.5,0.50097,-0.00097
0,726,15969.5,CLOSE_2,0.885,0.83595,0.04905,0.5,0.51486,-0.01486,0.885,0.8412,0.0438,0.5,0.50097,-0.00097
0,727,15990.2,CLOSE_2,0.89,0.84817,0.04183,0.5,0.51486,-0.01486,0.89,0.84468,0.04532,0.5,0.50097,-0.00097
0,728,16010.9,CLOSE_2,0.895,0.85166,0.04334,0.5,0.51652,-0.01652,0.895,0.84468,0.05032,0.5,0.50097,-0.00097
0,729,16031.3,CLOSE_2,0.9,0.85515,0.04485,0.5,0.51486,-0.01486,0.9,0.85165,0.04835,0.5,0.50484,-0.00484
0,730,16052.0,CLOSE_2,0.905,0.85515,0.04985,0.5,0.51652,-0.01652,0.905,0.85513,0.04987,0.5,0.50097,-0.00097
0,731,16072.8,CLOSE_2,0.91,0.86213,0.04787,0.5,0.51652,-0.01652,0.91,0.86209,0.04791,0.5,0.50097,-0.00097
0,732,16094.0,CLOSE_2,0.915,0.86387,0.05113,0.5,0.51652,-0.01652,0.915,0.86732,0.04768,0.5,0.50097,-0.00097
0,733,16114.2,CLOSE_2,0.92,0.87784,0.04216,0.5,0.51486,-0.01486,0.92,0.8708,0.0492,0.5,0.50097,-0.00097
0,734,16135.9,CLOSE_2,0.925,0.87784,0.04716,0.5,0.51486,-0.01486,0.925,0.88125,0.04375,0.5,0.50097,-0.00097
0,735,16156.8,CLOSE_2,0.93,0.88133,0.04867,0.5,0.51652,-0.01652,0.93,0.88473,0.04527,0.5,0.50097,-0.00097
0,736,16177.8,CLOSE_2,0.935,0.89354,0.04146,0.5,0.5132,-0.0132,0.935,0.89169,0.04331,0.5,0.50097,-0.00097
0,737,16199.4,CLOSE_2,0.94,0.89529,0.04471,0.5,0.51486,-0.01486,0.94,0.89692,0.04308,0.5,0.49903,0.00097
0,738,16220.2,CLOSE_2,0.945,0.89703,0.04797,0.5,0.51652,-0.01652,0.945,0.90214,0.04286,0.5,0.49903,0.00097
0,739,16240.5,CLOSE_2,0.95,0.90227,0.04773,0.5,0.51652,-0.01652,0.95,0.90737,0.04263,0.5,0.50097,-0.00097
0,740,16262.2,CLOSE_2,0.955,0.9075,0.0475,0.5,0.51652,-0.01652,0.955,0.91433,0.04067,0.5,0.50097,-0.00097
0,741,16283.0,CLOSE_2,0.96,0.91274,0.04726,0.5,0.51486,-0.01486,0.96,0.91955,0.04045,0.5,0.50097,-0.00097
0,742,16304.1,CLOSE_2,0.965,0.91798,0.04702,0.5,0.51652,-0.01652,0.965,0.92304,0.04196,0.5,0.50097,-0.00097
0,743,16324.2,CLOSE_2,0.97,0.91972,0.05028,0.5,0.51652,-0.01652,0.97,0.92478,0.04522,0.5,0.50097,-0.00097
0,744,16345.1,CLOSE_2,0.975,0.92496,0.05004,0.5,0.51652,-0.01652,0.975,0.93,0.045,0.5,0.50097,-0.00097
0,745,16365.4,CLOSE_2,0.98,0.93019,0.04981,0.5,0.51486,-0.01486,0.98,0.93348,0.04652,0.5,0.50097,-0.00097
0,746,16386.7,CLOSE_2,0.985,0.94066,0.04434,0.5,0.51652,-0.01652,0.985,0.93871,0.04629,0.5,0.50097,-0.00097
0,747,16406.8,CLOSE_2,0.99,0.93892,0.05108,0.5,0.51486,-0.01486,0.99,0.93871,0.05129,0.5,0.49903,0.00097
0,748,16428.3,CLOSE_2,0.995,0.94939,0.04561,0.5,0.51486,-0.01486,0.995,0.94567,0.04933,0.5,0.50097,-0.00097
0,749,16451.8,CLOSE_2,1.0,0.94939,0.05061,0.5,0.51652,-0.01652,1.0,0.96134,0.03866,0.5,0.50097,-0.00097
0,750,16458.8,HOLD_2,1.0,0.94764,0.05236,0.5,0.51652,-0.01652,1.0,0.95264,0.04736,0.5,0.49903,0.00097
0,751,16480.4,HOLD_2,1.0,0.95986,0.04014,0.5,0.51652,-0.01652,1.0,0.96483,0.03517,0.5,0.50484,-0.00484
0,752,16502.7,HOLD_2,1.0,0.96684,0.03316,0.5,0.51652,-0.01652,1.0,0.96831,0.03169,0.5,0.49903,0.00097
0,753,16520.2,HOLD_2,1.0,0.96161,0.03839,0.5,0.51818,-0.01818,1.0,0.96657,0.03343,0.5,0.50097,-0.00097
0,754,16541.8,HOLD_2,1.0,0.97208,0.02792,0.5,0.51486,-0.01486,1.0,0.97353,0.02647,0.5,0.49903,0.00097
0,755,16561.8,HOLD_2,1.0,0.97382,0.02618,0.5,0.51652,-0.01652,1.0,0.97876,0.02124,0.5,0.50097,-0.00097
0,756,16582.3,HOLD_2,1.0,0.97208,0.02792,0.5,0.51652,-0.01652,1.0,0.9805,0.0195,0.5,0.50097,-0.00097
0,757,16603.4,HOLD_2,1.0,0.97731,0.02269,0.5,0.51652,-0.01652,1.0,0.9892,0.0108,0.5,0.50097,-0.00097
0,758,16623.6,HOLD_2,1.0,0.97906,0.02094,0.5,0.51652,-0.01652,1.0,0.98572,0.01428,0.5,0.50097,-0.00097
0,759,16645.3,HOLD_2,1.0,0.9808,0.0192,0.5,0.51486,-0.01486,1.0,0.98572,0.01428,0.5,0.50097,-0.00097
0,760,16665.1,HOLD_2,1.0,0.9808,0.0192,0.5,0.51486,-0.01486,1.0,0.98572,0.01428,0.5,0.50097,-0.00097
0,761,16686.5,HOLD_2,1.0,0.9808,0.0192,0.5,0.51652,-0.01652,1.0,0.98746,0.01254,0.5,0.50097,-0.00097
0,762,16707.5,HOLD_2,1.0,0.97906,0.02094,0.5,0.51652,-0.01652,1.0,0.9892,0.0108,0.5,0.50097,-0.00097
0,763,16728.5,HOLD_2,1.0,0.9808,0.0192,0.5,0.51652,-0.01652,1.0,0.98746,0.01254,0.5,0.50097,-0.00097
0,764,16748.9,HOLD_2,1.0,0.97906,0.02094,0.5,0.51652,-0.01652,1.0,0.99443,0.00557,0.5,0.50097,-0.00097
0,765,16769.9,HOLD_2,1.0,0.9808,0.0192,0.5,0.51818,-0.01818,1.0,0.9892,0.0108,0.5,0.50097,-0.00097
0,766,16790.9,HOLD_2,1.0,0.9808,0.0192,0.5,0.51486,-0.01486,1.0,0.98746,0.01254,0.5,0.50097,-0.00097
0,767,16811.8,HOLD_2,1.0,0.9808,0.0192,0.5,0.51652,-0.01652,1.0,0.98746,0.01254,0.5,0.50097,-0.00097
0,768,16834.6,HOLD_2,1.0,0.98255,0.01745,0.5,0.51652,-0.01652,1.0,0.98746,0.01254,0.5,0.50097,-0.00097
0,769,16855.1,HOLD_2,1.0,0.98255,0.01745,0.5,0.51652,-0.01652,1.0,0.98746,0.01254,0.5,0.49903,0.00097
0,770,16876.4,HOLD_2,1.0,0.9808,0.0192,0.5,0.51818,-0.01818,1.0,0.98746,0.01254,0.5,0.50097,-0.00097
0,771,16897.0,HOLD_2,1.0,0.98778,0.01222,0.5,0.51652,-0.01652,1.0,0.98746,0.01254,0.5,0.50097,-0.00097
0,772,16917.1,HOLD_2,1.0,0.9808,0.0192,0.5,0.51818,-0.01818,1.0,0.98746,0.01254,0.5,0.50097,-0.00097
0,773,16938.7,HOLD_2,1.0,0.98953,0.01047,0.5,0.51652,-0.01652,1.0,0.98746,0.01254,0.5,0.50097,-0.00097
0,774,16959.0,HOLD_2,1.0,0.99127,0.00873,0.5,0.51818,-0.01818,1.0,0.9892,0.0108,0.5,0.50097,-0.00097
0,775,16980.4,HOLD_2,1.0,0.9808,0.0192,0.5,0.51652,-0.01652,1.0,0.99269,0.00731,0.5,0.50484,-0.00484
0,776,17001.1,HOLD_2,1.0,0.9808,0.0192,0.5,0.51486,-0.01486,1.0,0.99791,0.00209,0.5,0.50097,-0.00097
0,777,17020.4,HOLD_2,1.0,0.98255,0.01745,0.5,0.51652,-0.01652,1.0,0.99095,0.00905,0.5,0.50097,-0.00097
0,778,17042.0,HOLD_2,1.0,0.97557,0.02443,0.5,0.51652,-0.01652,1.0,0.99269,0.00731,0.5,0.49903,0.00097
0,779,17062.0,HOLD_2,1.0,0.98953,0.01047,0.5,0.51486,-0.01486,1.0,0.99443,0.00557,0.5,0.50097,-0.00097
0,780,17085.2,HOLD_2,1.0,0.98778,0.01222,0.5,0.51486,-0.01486,1.0,0.99443,0.00557,0.5,0.50097,-0.00097
0,781,17105.0,HOLD_2,1.0,0.99127,0.00873,0.5,0.51652,-0.01652,1.0,0.99791,0.00209,0.5,0.50097,-0.00097
0,782,17126.0,HOLD_2,1.0,1.0,0.0,0.5,0.51652,-0.01652,1.0,0.99791,0.00209,0.5,0.50097,-0.00097
0,783,17146.9,HOLD_2,1.0,0.99476,0.00524,0.5,0.51652,-0.01652,1.0,0.99791,0.00209,0.5,0.50097,-0.00097
0,784,17167.6,HOLD_2,1.0,0.99476,0.00524,0.5,0.51652,-0.01652,1.0,0.99965,0.00035,0.5,0.50484,-0.00484
0,785,17188.3,HOLD_2,1.0,0.99825,0.00175,0.5,0.51652,-0.01652,1.0,0.99965,0.00035,0.5,0.50097,-0.00097
0,786,17209.2,HOLD_2,1.0,0.99825,0.00175,0.5,0.51652,-0.01652,1.0,0.99965,0.00035,0.5,0.5029,-0.0029
0,787,17230.1,HOLD_2,1.0,0.99825,0.00175,0.5,0.51486,-0.01486,1.0,0.99965,0.00035,0.5,0.50097,-0.00097
0,788,17250.9,HOLD_2,1.0,0.99825,0.00175,0.5,0.51818,-0.01818,1.0,0.99965,0.00035,0.5,0.50097,-0.00097
0,789,17272.1,HOLD_2,1.0,1.0,0.0,0.5,0.51818,-0.01818,1.0,0.99965,0.00035,0.5,0.50097,-0.00097
0,790,17292.3,HOLD_2,1.0,1.0,0.0,0.5,0.51652,-0.01652,1.0,0.99965,0.00035,0.5,0.50097,-0.00097
0,791,17311.3,HOLD_2,1.0,1.0,0.0,0.5,0.51486,-0.01486,1.0,0.99965,0.00035,0.5,0.50097,-0.00097
0,792,17333.6,HOLD_2,1.0,1.0,0.0,0.5,0.51818,-0.01818,1.0,1.0,0.0,0.5,0.50097,-0.00097
0,793,17355.4,HOLD_2,1.0,1.0,0.0,0.5,0.51652,-0.01652,1.0,0.99965,0.00035,0.5,0.50097,-0.00097
0,794,17374.6,HOLD_2,1.0,1.0,0.0,0.5,0.51652,-0.01652,1.0,0.99965,0.00035,0.5,0.50097,-0.00097
0,795,17395.8,HOLD_2,1.0,0.99825,0.00175,0.5,0.51652,-0.01652,1.0,0.99791,0.00209,0.5,0.50097,-0.00097
0,796,17416.1,HOLD_2,1.0,1.0,0.0,0.5,0.51486,-0.01486,1.0,0.99965,0.00035,0.5,0.50097,-0.00097
0,797,17436.6,HOLD_2,1.0,1.0,0.0,0.5,0.51486,-0.01486,1.0,0.99791,0.00209,0.5,0.5029,-0.0029
0,798,17457.8,HOLD_2,1.0,1.0,0.0,0.5,0.51652,-0.01652,1.0,0.99791,0.00209,0.5,0.50097,-0.00097
0,799,17479.3,HOLD_2,1.0,1.0,0.0,0.5,0.51486,-0.01486,1.0,1.0,0.0,0.5,0.5029,-0.0029
0,800,17502.0,HOLD_2,1.0,0.99825,0.00175,0.5,0.51486,-0.01486,1.0,0.99965,0.00035,0.5,0.50097,-0.00097
0,801,17522.2,HOLD_2,1.0,0.99825,0.00175,0.5,0.51652,-0.01652,1.0,0.99965,0.00035,0.5,0.50484,-0.00484
0,802,17543.2,HOLD_2,1.0,1.0,0.0,0.5,0.51652,-0.01652,1.0,0.99965,0.00035,0.5,0.50097,-0.00097
0,803,17563.8,HOLD_2,1.0,0.99825,0.00175,0.5,0.51486,-0.01486,1.0,1.0,0.0,0.5,0.50097,-0.00097
0,804,17583.8,HOLD_2,1.0,1.0,0.0,0.5,0.51652,-0.01652,1.0,1.0,0.0,0.5,0.50097,-0.00097
0,805,17604.1,HOLD_2,1.0,1.0,0.0,0.5,0.51652,-0.01652,1.0,1.0,0.0,0.5,0.50097,-0.00097
0,806,17624.2,HOLD_2,1.0,1.0,0.0,0.5,0.51652,-0.01652,1.0,1.0,0.0,0.5,0.50097,-0.00097
0,807,17645.7,HOLD_2,1.0,1.0,0.0,0.5,0.51486,-0.01486,1.0,1.0,0.0,0.5,0.50097,-0.00097
0,808,17667.5,HOLD_2,1.0,1.0,0.0,0.5,0.51652,-0.01652,1.0,0.99965,0.00035,0.5,0.50097,-0.00097
0,809,17688.0,HOLD_2,1.0,0.99825,0.00175,0.5,0.51652,-0.01652,1.0,0.99965,0.00035,0.5,0.50097,-0.00097
1,810,18510.6,SETTLE,0.0,0.60908,-0.60908,0.0,0.16952,-0.16952,0.0,0.58698,-0.58698,0.0,0.09284,-0.09284
1,811,18532.3,SETTLE,0.0,0.59511,-0.59511,0.0,0.15789,-0.15789,0.0,0.57305,-0.57305,0.0,0.07737,-0.07737
1,812,18552.6,SETTLE,0.0,0.58639,-0.58639,0.0,0.14793,-0.14793,0.0,0.55912,-0.55912,0.0,0.0677,-0.0677
1,813,18573.0,SETTLE,0.0,0.57592,-0.57592,0.0,0.13797,-0.13797,0.0,0.54867,-0.54867,0.0,0.05803,-0.05803
1,814,18592.9,SETTLE,0.0,0.56195,-0.56195,0.0,0.12801,-0.12801,0.0,0.53822,-0.53822,0.0,0.05029,-0.05029
1,815,18614.8,SETTLE,0.0,0.54974,-0.54974,0.0,0.11805,-0.11805,0.0,0.52777,-0.52777,0.0,0.03868,-0.03868
1,816,18637.5,SETTLE,0.0,0.53927,-0.53927,0.0,0.10643,-0.10643,0.0,0.50862,-0.50862,0.0,0.02321,-0.02321
1,817,18656.6,SETTLE,0.0,0.51658,-0.51658,0.0,0.09646,-0.09646,0.0,0.48598,-0.48598,0.0,0.01934,-0.01934
1,818,18677.4,SETTLE,0.0,0.49913,-0.49913,0.0,0.08484,-0.08484,0.0,0.47728,-0.47728,0.0,0.0058,-0.0058
1,819,18698.9,SETTLE,0.0,0.48866,-0.48866,0.0,0.07322,-0.07322,0.0,0.46683,-0.46683,0.0,0.0,0.0
1,820,18719.5,SETTLE,0.0,0.47469,-0.47469,0.0,0.06492,-0.06492,0.0,0.45638,-0.45638,0.0,0.0,0.0
1,821,18741.2,SETTLE,0.0,0.46248,-0.46248,0.0,0.05994,-0.05994,0.0,0.44071,-0.44071,0.0,0.0,0.0
1,822,18761.4,SETTLE,0.0,0.45026,-0.45026,0.0,0.04831,-0.04831,0.0,0.42678,-0.42678,0.0,0.0,0.0
1,823,18782.7,SETTLE,0.0,0.43805,-0.43805,0.0,0.04001,-0.04001,0.0,0.41459,-0.41459,0.0,0.0,0.0
1,824,18800.5,SETTLE,0.0,0.42583,-0.42583,0.0,0.03171,-0.03171,0.0,0.40414,-0.40414,0.0,0.0,0.0
1,825,18822.1,SETTLE,0.0,0.41361,-0.41361,0.0,0.02341,-0.02341,0.0,0.39196,-0.39196,0.0,0.0,0.0
1,826,18842.0,SETTLE,0.0,0.40314,-0.40314,0.0,0.01345,-0.01345,0.0,0.37977,-0.37977,0.0,0.0,0.0
1,827,18863.4,SETTLE,0.0,0.39092,-0.39092,0.0,0.00515,-0.00515,0.0,0.36584,-0.36584,0.0,0.0,0.0
1,828,18884.4,SETTLE,0.0,0.37871,-0.37871,0.0,0.00349,-0.00349,0.0,0.35365,-0.35365,0.0,0.0,0.0
1,829,18907.7,SETTLE,0.0,0.36649,-0.36649,0.0,0.0,0.0,0.0,0.33972,-0.33972,0.0,0.0,0.0
1,830,18928.2,SETTLE,0.0,0.35253,-0.35253,0.0,0.0,0.0,0.0,0.32753,-0.32753,0.0,0.0,0.0
1,831,18949.0,SETTLE,0.0,0.34031,-0.34031,0.0,0.0,0.0,0.0,0.31534,-0.31534,0.0,0.0,0.0
1,832,18970.1,SETTLE,0.0,0.32635,-0.32635,0.0,0.0,0.0,0.0,0.30315,-0.30315,0.0,0.0,0.0
1,833,18990.5,SETTLE,0.0,0.31588,-0.31588,0.0,0.0,0.0,0.0,0.2927,-0.2927,0.0,0.0,0.0
1,834,19011.5,SETTLE,0.0,0.30192,-0.30192,0.0,0.0,0.0,0.0,0.28226,-0.28226,0.0,0.0,0.0
1,835,19031.9,SETTLE,0.0,0.2897,-0.2897,0.0,0.0,0.0,0.0,0.27007,-0.27007,0.0,0.0,0.0
1,836,19053.2,SETTLE,0.0,0.27574,-0.27574,0.0,0.0,0.0,0.0,0.25962,-0.25962,0.0,0.0,0.0
1,837,19073.4,SETTLE,0.0,0.26353,-0.26353,0.0,0.0,0.0,0.0,0.24743,-0.24743,0.0,0.0,0.0
1,838,19092.5,SETTLE,0.0,0.25131,-0.25131,0.0,0.0,0.0,0.0,0.23698,-0.23698,0.0,0.0,0.0
1,839,19113.6,SETTLE,0.0,0.24084,-0.24084,0.0,0.0,0.0,0.0,0.2248,-0.2248,0.0,0.0,0.0
1,840,19157.2,CLOSE,0.005,0.21466,-0.20966,0.005,0.0,0.005,0.005,0.19868,-0.19368,0.005,0.00387,0.00113
1,841,19178.2,CLOSE,0.01,0.20244,-0.19244,0.01,0.0,0.01,0.01,0.18475,-0.17475,0.01,0.00387,0.00613
1,842,19198.7,CLOSE,0.015,0.19023,-0.17523,0.015,0.0,0.015,0.015,0.17256,-0.15756,0.015,0.00387,0.01113
1,843,19219.1,CLOSE,0.02,0.17801,-0.15801,0.02,0.0,0.02,0.02,0.16037,-0.14037,0.02,0.00387,0.01613
1,844,19240.9,CLOSE,0.025,0.16056,-0.13556,0.025,0.0,0.025,0.025,0.14818,-0.12318,0.025,0.00387,0.02113
1,845,19261.4,CLOSE,0.03,0.14834,-0.11834,0.03,0.0,0.03,0.03,0.13773,-0.10773,0.03,0.00387,0.02613
1,846,19282.6,CLOSE,0.035,0.13438,-0.09938,0.035,0.0,0.035,0.035,0.12729,-0.09229,0.035,0.00387,0.03113
1,847,19304.3,CLOSE,0.04,0.12216,-0.08216,0.04,0.0,0.04,0.04,0.11336,-0.07336,0.04,0.01161,0.02839
1,848,19323.6,CLOSE,0.045,0.11344,-0.06844,0.045,0.0,0.045,0.045,0.10291,-0.05791,0.045,0.00387,0.04113
1,849,19343.5,CLOSE,0.05,0.10297,-0.05297,0.05,0.0,0.05,0.05,0.08898,-0.03898,0.05,0.0058,0.0442
1,850,19364.2,CLOSE,0.055,0.0925,-0.0375,0.055,0.0,0.055,0.055,0.08027,-0.02527,0.055,0.0058,0.0492
1,851,19387.2,CLOSE,0.06,0.08551,-0.02551,0.06,0.0,0.06,0.06,0.07157,-0.01157,0.06,0.00967,0.05033
1,852,19407.9,CLOSE,0.065,0.06283,0.00217,0.065,0.00183,0.06317,0.065,0.06112,0.00388,0.065,0.01354,0.05146
1,853,19428.4,CLOSE,0.07,0.06108,0.00892,0.07,0.00847,0.06153,0.07,0.05415,0.01585,0.07,0.01547,0.05453
1,854,19449.9,CLOSE,0.075,0.0541,0.0209,0.075,0.01677,0.05823,0.075,0.04719,0.02781,0.075,0.02128,0.05372
1,855,19470.6,CLOSE,0.08,0.04887,0.03113,0.08,0.02341,0.05659,0.08,0.04196,0.03804,0.08,0.02708,0.05292
1,856,19490.9,CLOSE,0.085,0.04363,0.04137,0.085,0.03171,0.05329,0.085,0.03848,0.04652,0.085,0.03288,0.05212
1,857,19511.6,CLOSE,0.09,0.04188,0.04812,0.09,0.04167,0.04833,0.09,0.04371,0.04629,0.09,0.03868,0.05132
1,858,19531.7,CLOSE,0.095,0.05061,0.04439,0.095,0.04831,0.04669,0.095,0.035,0.06,0.095,0.04449,0.05051
1,859,19551.8,CLOSE,0.1,0.03665,0.06335,0.1,0.05496,0.04504,0.1,0.03848,0.06152,0.1,0.05222,0.04778
1,860,19573.3,CLOSE,0.105,0.04538,0.05962,0.105,0.06326,0.04174,0.105,0.03848,0.06652,0.105,0.05803,0.04697
1,861,19593.1,CLOSE,0.11,0.04887,0.06113,0.11,0.07156,0.03844,0.11,0.04196,0.06804,0.11,0.06383,0.04617
1,862,19615.4,CLOSE,0.115,0.05236,0.06264,0.115,0.08152,0.03348,0.115,0.04893,0.06607,0.115,0.0677,0.0473
1,863,19636.6,CLOSE,0.12,0.06283,0.05717,0.12,0.09148,0.02852,0.12,0.05589,0.06411,0.12,0.0735,0.0465
1,864,19657.4,CLOSE,0.125,0.06806,0.05694,0.125,0.09978,0.02522,0.125,0.05764,0.06736,0.125,0.07544,0.04956
1,865,19678.9,CLOSE,0.13,0.07679,0.05321,0.13,0.1031,0.0269,0.13,0.06982,0.06018,0.13,0.08317,0.04683
1,866,19698.0,CLOSE,0.135,0.08377,0.05123,0.135,0.10975,0.02525,0.135,0.07853,0.05647,0.135,0.08704,0.04796
1,867,19718.0,CLOSE,0.14,0.09599,0.04401,0.14,0.11473,0.02527,0.14,0.0855,0.0545,0.14,0.09478,0.04522
1,868,19739.2,CLOSE,0.145,0.09773,0.04727,0.145,0.12469,0.02031,0.145,0.0942,0.0508,0.145,0.09671,0.04829
1,869,19760.2,CLOSE,0.15,0.10471,0.04529,0.15,0.12801,0.02199,0.15,0.10639,0.04361,0.15,0.10251,0.04749
1,870,19782.9,CLOSE,0.155,0.11169,0.04331,0.155,0.13631,0.01869,0.155,0.11684,0.03816,0.155,0.10832,0.04668
1,871,19803.8,CLOSE,0.16,0.11867,0.04133,0.16,0.13963,0.02037,0.16,0.12032,0.03968,0.16,0.11025,0.04975
1,872,19823.8,CLOSE,0.165,0.12391,0.04109,0.165,0.14461,0.02039,0.165,0.12729,0.03771,0.165,0.11605,0.04895
1,873,19843.4,CLOSE,0.17,0.13089,0.03911,0.17,0.14959,0.02041,0.17,0.13773,0.03227,0.17,0.11992,0.05008
1,874,19864.7,CLOSE,0.175,0.13613,0.03887,0.175,0.15125,0.02375,0.175,0.13947,0.03553,0.175,0.12379,0.05121
1,875,19885.0,CLOSE,0.18,0.14485,0.03515,0.18,0.15457,0.02543,0.18,0.14644,0.03356,0.18,0.12959,0.05041
1,876,19906.2,CLOSE,0.185,0.14834,0.03666,0.185,0.15623,0.02877,0.185,0.15166,0.03334,0.185,0.13346,0.05154
1,877,19927.2,CLOSE,0.19,0.15532,0.03468,0.19,0.15623,0.03377,0.19,0.15863,0.03137,0.19,0.12959,0.06041
1,878,19949.7,CLOSE,0.195,0.15707,0.03793,0.195,0.1662,0.0288,0.195,0.16211,0.03289,0.195,0.14313,0.05187
1,879,19968.4,CLOSE,0.2,0.16405,0.03595,0.2,0.15956,0.04044,0.2,0.16733,0.03267,0.2,0.15474,0.04526
1,880,19990.1,CLOSE,0.205,0.16928,0.03572,0.205,0.16122,0.04378,0.205,0.17256,0.03244,0.205,0.15474,0.05026
1,881,20012.4,CLOSE,0.21,0.17627,0.03373,0.21,0.16454,0.04546,0.21,0.17778,0.03222,0.21,0.16248,0.04752
1,882,20031.6,CLOSE,0.215,0.18674,0.02826,0.215,0.16786,0.04714,0.215,0.18126,0.03374,0.215,0.16828,0.04672
1,883,20053.3,CLOSE,0.22,0.18499,0.03501,0.22,0.17782,0.04218,0.22,0.18475,0.03525,0.22,0.17021,0.04979
1,884,20074.4,CLOSE,0.225,0.19023,0.03477,0.225,0.18114,0.04386,0.225,0.18997,0.03503,0.225,0.17602,0.04898
1,885,20095.9,CLOSE,0.23,0.19372,0.03628,0.23,0.18114,0.04886,0.23,0.19345,0.03655,0.23,0.17988,0.05012
1,886,20117.3,CLOSE,0.235,0.2007,0.0343,0.235,0.18612,0.04888,0.235,0.19694,0.03806,0.235,0.18762,0.04738
1,887,20136.8,CLOSE,0.24,0.20244,0.03756,0.24,0.19608,0.04392,0.24,0.20042,0.03958,0.24,0.18762,0.05238
1,888,20158.3,CLOSE,0.245,0.20593,0.03907,0.245,0.19608,0.04892,0.245,0.20912,0.03588,0.245,0.19923,0.04577
1,889,20177.4,CLOSE,0.25,0.20768,0.04232,0.25,0.2077,0.0423,0.25,0.20738,0.04262,0.25,0.19923,0.05077
1,890,20198.1,CLOSE,0.255,0.21291,0.04209,0.255,0.21102,0.04398,0.255,0.21087,0.04413,0.255,0.20503,0.04997
1,891,20218.2,CLOSE,0.26,0.21815,0.04185,0.26,0.21767,0.04233,0.26,0.21609,0.04391,0.26,0.21083,0.04917
1,892,20241.4,CLOSE,0.265,0.22513,0.03987,0.265,0.22265,0.04235,0.265,0.22131,0.04369,0.265,0.22244,0.04256
1,893,20261.8,CLOSE,0.27,0.22862,0.04138,0.27,0.23095,0.03905,0.27,0.22654,0.04346,0.27,0.23211,0.03789
1,894,20283.7,CLOSE,0.275,0.23386,0.04114,0.275,0.23759,0.03741,0.275,0.23176,0.04324,0.275,0.23791,0.03709
1,895,20304.3,CLOSE,0.28,0.23909,0.04091,0.28,0.24755,0.03245,0.28,0.23873,0.04127,0.28,0.24758,0.03242
1,896,20322.5,CLOSE,0.285,0.24258,0.04242,0.285,0.25419,0.03081,0.285,0.24047,0.04453,0.285,0.25338,0.03162
1,897,20343.1,CLOSE,0.29,0.24782,0.04218,0.29,0.25751,0.03249,0.29,0.24569,0.04431,0.29,0.25725,0.03275
1,898,20364.0,CLOSE,0.295,0.25305,0.04195,0.295,0.26249,0.03251,0.295,0.25091,0.04409,0.295,0.25919,0.03581
1,899,20384.0,CLOSE,0.3,0.25829,0.04171,0.3,0.26747,0.03253,0.3,0.25614,0.04386,0.3,0.26306,0.03694
1,900,20405.7,CLOSE,0.305,0.26353,0.04147,0.305,0.27246,0.03254,0.305,0.2631,0.0419,0.305,0.26692,0.03808
1,901,20426.6,CLOSE,0.31,0.26527,0.04473,0.31,0.27744,0.03256,0.31,0.27529,0.03471,0.31,0.27079,0.03921
1,902,20449.3,CLOSE,0.315,0.26876,0.04624,0.315,0.28242,0.03258,0.315,0.27877,0.03623,0.315,0.27466,0.04034
1,903,20470.7,CLOSE,0.32,0.274,0.046,0.32,0.28906,0.03094,0.32,0.27877,0.04123,0.32,0.27853,0.04147
1,904,20490.6,CLOSE,0.325,0.29145,0.03355,0.325,0.29404,0.03096,0.325,0.28052,0.04448,0.325,0.28046,0.04454
1,905,20512.6,CLOSE,0.33,0.28621,0.04379,0.33,0.30068,0.02932,0.33,0.28226,0.04774,0.33,0.28627,0.04373
1,906,20532.2,CLOSE,0.335,0.29319,0.04181,0.335,0.304,0.031,0.335,0.28574,0.04926,0.335,0.29014,0.04486
1,907,20553.7,CLOSE,0.34,0.29843,0.04157,0.34,0.3123,0.0277,0.34,0.2927,0.0473,0.34,0.29594,0.04406
1,908,20574.3,CLOSE,0.345,0.30541,0.03959,0.345,0.31396,0.03104,0.345,0.29967,0.04533,0.345,0.30368,0.04132
1,909,20595.0,CLOSE,0.35,0.31065,0.03935,0.35,0.3123,0.0377,0.35,0.30489,0.04511,0.35,0.31141,0.03859
1,910,20616.3,CLOSE,0.355,0.31588,0.03912,0.355,0.32226,0.03274,0.355,0.31012,0.04488,0.355,0.30948,0.04552
1,911,20638.0,CLOSE,0.36,0.32112,0.03888,0.36,0.33223,0.02777,0.36,0.31882,0.04118,0.36,0.32302,0.03698
1,912,20657.2,CLOSE,0.365,0.3281,0.0369,0.365,0.33223,0.03277,0.365,0.32405,0.04095,0.365,0.32302,0.04198
1,913,20677.3,CLOSE,0.37,0.33333,0.03667,0.37,0.33721,0.03279,0.37,0.33101,0.03899,0.37,0.33269,0.03731
1,914,20699.4,CLOSE,0.375,0.34031,0.03469,0.375,0.34717,0.02783,0.375,0.33972,0.03528,0.375,0.32302,0.05198
1,915,20721.6,CLOSE,0.38,0.3438,0.0362,0.38,0.35215,0.02785,0.38,0.3432,0.0368,0.38,0.33462,0.04538
1,916,20741.3,CLOSE,0.385,0.34729,0.03771,0.385,0.35381,0.03119,0.385,0.35365,0.03135,0.385,0.34043,0.04457
1,917,20761.6,CLOSE,0.39,0.35253,0.03747,0.39,0.36045,0.02955,0.39,0.35539,0.03461,0.39,0.3501,0.0399
1,918,20782.2,CLOSE,0.395,0.35777,0.03723,0.395,0.36709,0.02791,0.395,0.36584,0.02916,0.395,0.35203,0.04297
1,919,20801.9,CLOSE,0.4,0.36126,0.03874,0.4,0.37041,0.02959,0.4,0.36932,0.03068,0.4,0.35397,0.04603
1,920,20822.0,CLOSE,0.405,0.36649,0.03851,0.405,0.37539,0.02961,0.405,0.36932,0.03568,0.405,0.3617,0.0433
1,921,20843.0,CLOSE,0.41,0.37871,0.03129,0.41,0.38038,0.02962,0.41,0.37803,0.03197,0.41,0.36557,0.04443
1,922,20864.1,CLOSE,0.415,0.37522,0.03978,0.415,0.38536,0.02964,0.415,0.37803,0.03697,0.415,0.3675,0.0475
1,923,20885.2,CLOSE,0.42,0.3822,0.0378,0.42,0.38868,0.03132,0.42,0.38499,0.03501,0.42,0.37137,0.04863
1,924,20907.8,CLOSE,0.425,0.38743,0.03757,0.425,0.39532,0.02968,0.425,0.38847,0.03653,0.425,0.37331,0.05169
1,925,20930.2,CLOSE,0.43,0.39791,0.03209,0.43,0.4003,0.0297,0.43,0.39892,0.03108,0.43,0.37911,0.05089
1,926,20948.5,CLOSE,0.435,0.39616,0.03884,0.435,0.40694,0.02806,0.435,0.39892,0.03608,0.435,0.38298,0.05202
1,927,20968.8,CLOSE,0.44,0.4014,0.0386,0.44,0.41192,0.02808,0.44,0.4024,0.0376,0.44,0.39458,0.04542
1,928,20988.9,CLOSE,0.445,0.40489,0.04011,0.445,0.4169,0.0281,0.445,0.40763,0.03737,0.445,0.39458,0.05042
1,929,21010.1,CLOSE,0.45,0.41012,0.03988,0.45,0.42188,0.02812,0.45,0.41111,0.03889,0.45,0.39845,0.05155
1,930,21031.8,CLOSE,0.455,0.41536,0.03964,0.455,0.4252,0.0298,0.455,0.41807,0.03693,0.455,0.40619,0.04881
1,931,21052.8,CLOSE,0.46,0.42059,0.03941,0.46,0.4335,0.0265,0.46,0.41982,0.04018,0.46,0.41393,0.04607
1,932,21073.3,CLOSE,0.465,0.42408,0.04092,0.465,0.43849,0.02651,0.465,0.4233,0.0417,0.465,0.41973,0.04527
1,933,21094.3,CLOSE,0.47,0.42932,0.04068,0.47,0.44347,0.02653,0.47,0.42678,0.04322,0.47,0.4236,0.0464
1,934,21115.5,CLOSE,0.475,0.43281,0.04219,0.475,0.44845,0.02655,0.475,0.432,0.043,0.475,0.4294,0.0456
1,935,21134.9,CLOSE,0.48,0.43805,0.04195,0.48,0.45343,0.02657,0.48,0.43549,0.04451,0.48,0.43907,0.04093
1,936,21156.2,CLOSE,0.485,0.44677,0.03823,0.485,0.45841,0.02659,0.485,0.44071,0.04429,0.485,0.44101,0.04399
1,937,21176.0,CLOSE,0.49,0.44677,0.04323,0.49,0.46173,0.02827,0.49,0.44593,0.04407,0.49,0.44874,0.04126
1,938,21197.5,CLOSE,0.495,0.45201,0.04299,0.495,0.46671,0.02829,0.495,0.45116,0.04384,0.495,0.45068,0.04432
1,939,21219.9,CLOSE,0.5,0.45724,0.04276,0.5,0.47833,0.02167,0.5,0.45638,0.04362,0.5,0.46035,0.03965
1,940,21240.9,CLOSE,0.505,0.46248,0.04252,0.5,0.48331,0.01669,0.505,0.46161,0.04339,0.5,0.46228,0.03772
1,941,21261.8,CLOSE,0.51,0.46771,0.04229,0.5,0.4966,0.0034,0.51,0.47205,0.03795,0.5,0.47195,0.02805
1,942,21282.7,CLOSE,0.515,0.47295,0.04205,0.5,0.49826,0.00174,0.515,0.47554,0.03946,0.5,0.47389,0.02611
1,943,21301.7,CLOSE,0.52,0.47818,0.04182,0.5,0.50158,-0.00158,0.52,0.47554,0.04446,0.5,0.47969,0.02031
1,944,21322.9,CLOSE,0.525,0.48342,0.04158,0.5,0.5049,-0.0049,0.525,0.48076,0.04424,0.5,0.48356,0.01644
1,945,21343.6,CLOSE,0.53,0.48866,0.04134,0.5,0.50988,-0.00988,0.53,0.48772,0.04228,0.5,0.48743,0.01257
1,946,21364.1,CLOSE,0.535,0.49215,0.04285,0.5,0.51154,-0.01154,0.535,0.50165,0.03335,0.5,0.48936,0.01064
1,947,21385.3,CLOSE,0.54,0.50436,0.03564,0.5,0.51486,-0.01486,0.54,0.5034,0.0366,0.5,0.49516,0.00484
1,948,21406.6,CLOSE,0.545,0.51134,0.03366,0.5,0.51652,-0.01652,0.545,0.51384,0.03116,0.5,0.4971,0.0029
1,949,21427.4,CLOSE,0.55,0.51658,0.03342,0.5,0.51652,-0.01652,0.55,0.52081,0.02919,0.5,0.49903,0.00097
1,950,21448.4,CLOSE,0.555,0.53054,0.02446,0.5,0.51652,-0.01652,0.555,0.52603,0.02897,0.5,0.50097,-0.00097
1,951,21471.5,CLOSE,0.56,0.53403,0.02597,0.5,0.51652,-0.01652,0.56,0.52951,0.03049,0.5,0.50097,-0.00097
1,952,21492.0,CLOSE,0.565,0.53752,0.02748,0.5,0.51652,-0.01652,0.565,0.53126,0.03374,0.5,0.49903,0.00097
1,953,21512.7,CLOSE,0.57,0.54101,0.02899,0.5,0.51652,-0.01652,0.57,0.533,0.037,0.5,0.49903,0.00097
1,954,21531.7,CLOSE,0.575,0.54101,0.03399,0.5,0.51486,-0.01486,0.575,0.53474,0.04026,0.5,0.49903,0.00097
1,955,21552.2,CLOSE,0.58,0.5445,0.0355,0.5,0.51652,-0.01652,0.58,0.533,0.047,0.5,0.50097,-0.00097
1,956,21573.8,CLOSE,0.585,0.54799,0.03701,0.5,0.51652,-0.01652,0.585,0.53996,0.04504,0.5,0.50097,-0.00097
1,957,21594.2,CLOSE,0.59,0.54799,0.04201,0.5,0.51652,-0.01652,0.59,0.54519,0.04481,0.5,0.49903,0.00097
1,958,21616.2,CLOSE,0.595,0.55148,0.04352,0.5,0.51652,-0.01652,0.595,0.55389,0.04111,0.5,0.50097,-0.00097
1,959,21637.2,CLOSE,0.6,0.55497,0.04503,0.5,0.51652,-0.01652,0.6,0.55215,0.04785,0.5,0.50097,-0.00097
1,960,21659.1,CLOSE,0.605,0.55846,0.04654,0.5,0.51652,-0.01652,0.605,0.56086,0.04414,0.5,0.50097,-0.00097
1,961,21675.5,CLOSE,0.61,0.56195,0.04805,0.5,0.51652,-0.01652,0.61,0.55912,0.05088,0.5,0.50097,-0.00097
1,962,21697.1,CLOSE,0.615,0.56719,0.04781,0.5,0.51652,-0.01652,0.615,0.56956,0.04544,0.5,0.50484,-0.00484
1,963,21719.4,CLOSE,0.62,0.57243,0.04757,0.5,0.51818,-0.01818,0.62,0.5713,0.0487,0.5,0.50097,-0.00097
1,964,21739.8,CLOSE,0.625,0.57592,0.04908,0.5,0.51652,-0.01652,0.625,0.57827,0.04673,0.5,0.49903,0.00097
1,965,21761.1,CLOSE,0.63,0.5829,0.0471,0.5,0.51652,-0.01652,0.63,0.58872,0.04128,0.5,0.50097,-0.00097
1,966,21782.5,CLOSE,0.635,0.59162,0.04338,0.5,0.51652,-0.01652,0.635,0.59046,0.04454,0.5,0.50097,-0.00097
1,967,21804.2,CLOSE,0.64,0.59337,0.04663,0.5,0.51652,-0.01652,0.64,0.60091,0.03909,0.5,0.50097,-0.00097
1,968,21823.5,CLOSE,0.645,0.60384,0.04116,0.5,0.51652,-0.01652,0.645,0.60091,0.04409,0.5,0.50097,-0.00097
1,969,21843.8,CLOSE,0.65,0.60384,0.04616,0.5,0.51652,-0.01652,0.65,0.60787,0.04213,0.5,0.50097,-0.00097
1,970,21865.9,CLOSE,0.655,0.60908,0.04592,0.5,0.51818,-0.01818,0.655,0.61309,0.04191,0.5,0.50097,-0.00097
1,971,21885.9,CLOSE,0.66,0.61606,0.04394,0.5,0.51818,-0.01818,0.66,0.61658,0.04342,0.5,0.50097,-0.00097
1,972,21907.4,CLOSE,0.665,0.6178,0.0472,0.5,0.51652,-0.01652,0.665,0.6218,0.0432,0.5,0.50097,-0.00097
1,973,21929.1,CLOSE,0.67,0.63002,0.03998,0.5,0.51818,-0.01818,0.67,0.62877,0.04123,0.5,0.50097,-0.00097
1,974,21949.7,CLOSE,0.675,0.63002,0.04498,0.5,0.51818,-0.01818,0.675,0.63225,0.04275,0.5,0.50097,-0.00097
1,975,21970.8,CLOSE,0.68,0.63525,0.04475,0.5,0.51652,-0.01652,0.68,0.64444,0.03556,0.5,0.5029,-0.0029
1,976,21991.7,CLOSE,0.685,0.64223,0.04277,0.5,0.51652,-0.01652,0.685,0.6427,0.0423,0.5,0.49903,0.00097
1,977,22012.0,CLOSE,0.69,0.65271,0.03729,0.5,0.51486,-0.01486,0.69,0.64792,0.04208,0.5,0.50097,-0.00097
1,978,22032.1,CLOSE,0.695,0.64921,0.04579,0.5,0.51652,-0.01652,0.695,0.65314,0.04186,0.5,0.49903,0.00097
1,979,22054.3,CLOSE,0.7,0.6562,0.0438,0.5,0.51652,-0.01652,0.7,0.66359,0.03641,0.5,0.50097,-0.00097
1,980,22074.7,CLOSE,0.705,0.66492,0.04008,0.5,0.51652,-0.01652,0.705,0.66881,0.03619,0.5,0.49903,0.00097
1,981,22095.4,CLOSE,0.71,0.66492,0.04508,0.5,0.51818,-0.01818,0.71,0.66533,0.04467,0.5,0.50097,-0.00097
1,982,22116.4,CLOSE,0.715,0.67016,0.04484,0.5,0.51652,-0.01652,0.715,0.67404,0.04096,0.5,0.50097,-0.00097
1,983,22136.5,CLOSE,0.72,0.67539,0.04461,0.5,0.51652,-0.01652,0.72,0.68274,0.03726,0.5,0.50097,-0.00097
1,984,22157.0,CLOSE,0.725,0.67888,0.04612,0.5,0.51652,-0.01652,0.725,0.68274,0.04226,0.5,0.50097,-0.00097
1,985,22176.9,CLOSE,0.73,0.68586,0.04414,0.5,0.51652,-0.01652,0.73,0.68797,0.04203,0.5,0.50097,-0.00097
1,986,22197.0,CLOSE,0.735,0.68935,0.04565,0.5,0.51652,-0.01652,0.735,0.68971,0.04529,0.5,0.50097,-0.00097
1,987,22217.9,CLOSE,0.74,0.69634,0.04366,0.5,0.51652,-0.01652,0.74,0.69319,0.04681,0.5,0.50097,-0.00097
1,988,22239.0,CLOSE,0.745,0.70855,0.03645,0.5,0.51818,-0.01818,0.745,0.70016,0.04484,0.5,0.50097,-0.00097
1,989,22262.1,CLOSE,0.75,0.70681,0.04319,0.5,0.51652,-0.01652,0.75,0.70538,0.04462,0.5,0.49903,0.00097
1,990,22281.4,CLOSE,0.755,0.71728,0.03772,0.5,0.51652,-0.01652,0.755,0.7106,0.0444,0.5,0.49903,0.00097
1,991,22302.4,CLOSE,0.76,0.71902,0.04098,0.5,0.51652,-0.01652,0.76,0.71409,0.04591,0.5,0.49903,0.00097
1,992,22323.2,CLOSE,0.765,0.72077,0.04423,0.5,0.51652,-0.01652,0.765,0.72105,0.04395,0.5,0.5029,-0.0029
1,993,22344.4,CLOSE,0.77,0.72775,0.04225,0.5,0.51652,-0.01652,0.77,0.72453,0.04547,0.5,0.50097,-0.00097
1,994,22364.8,CLOSE,0.775,0.73298,0.04202,0.5,0.51652,-0.01652,0.775,0.72976,0.04524,0.5,0.50097,-0.00097
1,995,22385.5,CLOSE,0.78,0.73647,0.04353,0.5,0.51652,-0.01652,0.78,0.73498,0.04502,0.5,0.50484,-0.00484
1,996,22408.6,CLOSE,0.785,0.74171,0.04329,0.5,0.51652,-0.01652,0.785,0.73846,0.04654,0.5,0.50097,-0.00097
1,997,22427.0,CLOSE,0.79,0.74869,0.04131,0.5,0.51652,-0.01652,0.79,0.74195,0.04805,0.5,0.50484,-0.00484
1,998,22448.4,CLOSE,0.795,0.75044,0.04456,0.5,0.51818,-0.01818,0.795,0.74891,0.04609,0.5,0.50097,-0.00097
1,999,22468.7,CLOSE,0.8,0.76091,0.03909,0.5,0.51652,-0.01652,0.8,0.75414,0.04586,0.5,0.5029,-0.0029
1,1000,22490.0,CLOSE,0.805,0.76091,0.04409,0.5,0.51652,-0.01652,0.805,0.7611,0.0439,0.5,0.50097,-0.00097
1,1001,22511.0,CLOSE,0.81,0.7644,0.0456,0.5,0.51818,-0.01818,0.81,0.7611,0.0489,0.5,0.50097,-0.00097
1,1002,22532.2,CLOSE,0.815,0.76789,0.04711,0.5,0.51652,-0.01652,0.815,0.77329,0.04171,0.5,0.50097,-0.00097
1,1003,22552.2,CLOSE,0.82,0.77312,0.04688,0.5,0.51652,-0.01652,0.82,0.77155,0.04845,0.5,0.50097,-0.00097
1,1004,22574.9,CLOSE,0.825,0.78534,0.03966,0.5,0.51652,-0.01652,0.825,0.782,0.043,0.5,0.50097,-0.00097
1,1005,22595.4,CLOSE,0.83,0.78185,0.04815,0.5,0.51652,-0.01652,0.83,0.78374,0.04626,0.5,0.50097,-0.00097
1,1006,22615.2,CLOSE,0.835,0.78709,0.04791,0.5,0.51818,-0.01818,0.835,0.78896,0.04604,0.5,0.50484,-0.00484
1,1007,22635.3,CLOSE,0.84,0.79756,0.04244,0.5,0.51818,-0.01818,0.84,0.79767,0.04233,0.5,0.49903,0.00097
1,1008,22657.3,CLOSE,0.845,0.80279,0.04221,0.5,0.51984,-0.01984,0.845,0.80289,0.04211,0.5,0.50097,-0.00097
1,1009,22678.4,CLOSE,0.85,0.80454,0.04546,0.5,0.51652,-0.01652,0.85,0.80289,0.04711,0.5,0.50097,-0.00097
1,1010,22698.0,CLOSE,0.855,0.80977,0.04523,0.5,0.51818,-0.01818,0.855,0.80811,0.04689,0.5,0.50097,-0.00097
1,1011,22717.9,CLOSE,0.86,0.81501,0.04499,0.5,0.51652,-0.01652,0.86,0.81334,0.04666,0.5,0.50097,-0.00097
1,1012,22739.4,CLOSE,0.865,0.82199,0.04301,0.5,0.51652,-0.01652,0.865,0.81856,0.04644,0.5,0.50097,-0.00097
1,1013,22762.2,CLOSE,0.87,0.82548,0.04452,0.5,0.51652,-0.01652,0.87,0.82379,0.04621,0.5,0.50097,-0.00097
1,1014,22783.0,CLOSE,0.875,0.83072,0.04428,0.5,0.51652,-0.01652,0.875,0.82727,0.04773,0.5,0.50097,-0.00097
1,1015,22803.0,CLOSE,0.88,0.83595,0.04405,0.5,0.51652,-0.01652,0.88,0.83249,0.04751,0.5,0.50097,-0.00097
1,1016,22823.8,CLOSE,0.885,0.84119,0.04381,0.5,0.51818,-0.01818,0.885,0.84468,0.04032,0.5,0.50097,-0.00097
1,1017,22843.7,CLOSE,0.89,0.84468,0.04532,0.5,0.51652,-0.01652,0.89,0.84294,0.04706,0.5,0.5029,-0.0029
1,1018,22864.5,CLOSE,0.895,0.84991,0.04509,0.5,0.51818,-0.01818,0.895,0.8499,0.0451,0.5,0.50097,-0.00097
1,1019,22886.9,CLOSE,0.9,0.85166,0.04834,0.5,0.51818,-0.01818,0.9,0.85513,0.04487,0.5,0.5029,-0.0029
1,1020,22908.0,CLOSE,0.905,0.85689,0.04811,0.5,0.51652,-0.01652,0.905,0.85861,0.04639,0.5,0.5029,-0.0029
1,1021,22928.8,CLOSE,0.91,0.86213,0.04787,0.5,0.51652,-0.01652,0.91,0.86383,0.04617,0.5,0.50097,-0.00097
1,1022,22949.7,CLOSE,0.915,0.87435,0.04065,0.5,0.51818,-0.01818,0.915,0.86732,0.04768,0.5,0.50097,-0.00097
1,1023,22970.7,CLOSE,0.92,0.8726,0.0474,0.5,0.51818,-0.01818,0.92,0.87254,0.04746,0.5,0.50097,-0.00097
1,1024,22992.0,CLOSE,0.925,0.87784,0.04716,0.5,0.51818,-0.01818,0.925,0.88299,0.04201,0.5,0.50097,-0.00097
1,1025,23012.5,CLOSE,0.93,0.87958,0.05042,0.5,0.51652,-0.01652,0.93,0.88125,0.04875,0.5,0.50097,-0.00097
1,1026,23030.9,CLOSE,0.935,0.89005,0.04495,0.5,0.51818,-0.01818,0.935,0.89169,0.04331,0.5,0.50097,-0.00097
1,1027,23051.5,CLOSE,0.94,0.8918,0.0482,0.5,0.51818,-0.01818,0.94,0.89518,0.04482,0.5,0.50097,-0.00097
1,1028,23072.1,CLOSE,0.945,0.89529,0.04971,0.5,0.51652,-0.01652,0.945,0.90214,0.04286,0.5,0.50097,-0.00097
1,1029,23093.3,CLOSE,0.95,0.89878,0.05122,0.5,0.51652,-0.01652,0.95,0.90562,0.04438,0.5,0.50097,-0.00097
1,1030,23116.2,CLOSE,0.955,0.91274,0.04226,0.5,0.51652,-0.01652,0.955,0.91085,0.04415,0.5,0.50097,-0.00097
1,1031,23136.7,CLOSE,0.96,0.91623,0.04377,0.5,0.51818,-0.01818,0.96,0.91781,0.04219,0.5,0.50484,-0.00484
1,1032,23157.4,CLOSE,0.965,0.91623,0.04877,0.5,0.51652,-0.01652,0.965,0.92478,0.04022,0.5,0.5029,-0.0029
1,1033,23176.8,CLOSE,0.97,0.91798,0.05202,0.5,0.51652,-0.01652,0.97,0.93174,0.03826,0.5,0.50097,-0.00097
1,1034,23197.3,CLOSE,0.975,0.92496,0.05004,0.5,0.51818,-0.01818,0.975,0.93697,0.03803,0.5,0.50097,-0.00097
1,1035,23217.9,CLOSE,0.98,0.92845,0.05155,0.5,0.51818,-0.01818,0.98,0.94219,0.03781,0.5,0.5029,-0.0029
1,1036,23241.1,CLOSE,0.985,0.93717,0.04783,0.5,0.51818,-0.01818,0.985,0.94393,0.04107,0.5,0.50097,-0.00097
1,1037,23261.9,CLOSE,0.99,0.94066,0.04934,0.5,0.51818,-0.01818,0.99,0.9509,0.0391,0.5,0.50097,-0.00097
1,1038,23281.9,CLOSE,0.995,0.94415,0.05085,0.5,0.51652,-0.01652,0.995,0.9509,0.0441,0.5,0.50097,-0.00097
1,1039,23301.0,CLOSE,1.0,0.94939,0.05061,0.5,0.51818,-0.01818,1.0,0.96134,0.03866,0.5,0.50097,-0.00097
1,1040,23305.0,HOLD_CLOSED,1.0,0.95113,0.04887,0.5,0.51818,-0.01818,1.0,0.95612,0.04388,0.5,0.49903,0.00097
1,1041,23327.6,HOLD_CLOSED,1.0,0.95637,0.04363,0.5,0.51652,-0.01652,1.0,0.9596,0.0404,0.5,0.50097,-0.00097
1,1042,23349.1,HOLD_CLOSED,1.0,0.95986,0.04014,0.5,0.51818,-0.01818,1.0,0.96483,0.03517,0.5,0.50097,-0.00097
1,1043,23370.0,HOLD_CLOSED,1.0,0.96161,0.03839,0.5,0.51818,-0.01818,1.0,0.97353,0.02647,0.5,0.5029,-0.0029
1,1044,23391.8,HOLD_CLOSED,1.0,0.97208,0.02792,0.5,0.51652,-0.01652,1.0,0.97179,0.02821,0.5,0.50097,-0.00097
1,1045,23411.1,HOLD_CLOSED,1.0,0.97033,0.02967,0.5,0.51652,-0.01652,1.0,0.97527,0.02473,0.5,0.50097,-0.00097
1,1046,23431.5,HOLD_CLOSED,1.0,0.97906,0.02094,0.5,0.51652,-0.01652,1.0,0.9805,0.0195,0.5,0.50097,-0.00097
1,1047,23451.8,HOLD_CLOSED,1.0,0.97382,0.02618,0.5,0.51652,-0.01652,1.0,0.97876,0.02124,0.5,0.50097,-0.00097
1,1048,23473.9,HOLD_CLOSED,1.0,0.98429,0.01571,0.5,0.5215,-0.0215,1.0,0.98398,0.01602,0.5,0.50097,-0.00097
1,1049,23495.7,HOLD_CLOSED,1.0,0.97906,0.02094,0.5,0.51652,-0.01652,1.0,0.98398,0.01602,0.5,0.5029,-0.0029
1,1050,23516.6,HOLD_CLOSED,1.0,0.98778,0.01222,0.5,0.51818,-0.01818,1.0,0.98572,0.01428,0.5,0.5029,-0.0029
1,1051,23536.7,HOLD_CLOSED,1.0,0.97906,0.02094,0.5,0.51818,-0.01818,1.0,0.98398,0.01602,0.5,0.50097,-0.00097
1,1052,23556.6,HOLD_CLOSED,1.0,0.9808,0.0192,0.5,0.51818,-0.01818,1.0,0.99095,0.00905,0.5,0.49903,0.00097
1,1053,23578.2,HOLD_CLOSED,1.0,0.97906,0.02094,0.5,0.51652,-0.01652,1.0,0.98398,0.01602,0.5,0.50097,-0.00097
1,1054,23601.0,HOLD_CLOSED,1.0,0.9808,0.0192,0.5,0.51818,-0.01818,1.0,0.98572,0.01428,0.5,0.50097,-0.00097
1,1055,23620.0,HOLD_CLOSED,1.0,0.9808,0.0192,0.5,0.51818,-0.01818,1.0,0.98572,0.01428,0.5,0.50097,-0.00097
1,1056,23641.0,HOLD_CLOSED,1.0,0.97731,0.02269,0.5,0.51652,-0.01652,1.0,0.99617,0.00383,0.5,0.50097,-0.00097
1,1057,23662.6,HOLD_CLOSED,1.0,0.98778,0.01222,0.5,0.51818,-0.01818,1.0,0.98572,0.01428,0.5,0.50097,-0.00097
1,1058,23683.5,HOLD_CLOSED,1.0,0.9808,0.0192,0.5,0.51984,-0.01984,1.0,0.98572,0.01428,0.5,0.50097,-0.00097
1,1059,23703.4,HOLD_CLOSED,1.0,0.9808,0.0192,0.5,0.51818,-0.01818,1.0,0.98398,0.01602,0.5,0.50097,-0.00097
1,1060,23725.2,HOLD_CLOSED,1.0,0.98429,0.01571,0.5,0.51818,-0.01818,1.0,0.98572,0.01428,0.5,0.50097,-0.00097
1,1061,23746.8,HOLD_CLOSED,1.0,0.97906,0.02094,0.5,0.51818,-0.01818,1.0,0.98746,0.01254,0.5,0.50097,-0.00097
1,1062,23766.0,HOLD_CLOSED,1.0,0.97906,0.02094,0.5,0.51818,-0.01818,1.0,0.98398,0.01602,0.5,0.50097,-0.00097
1,1063,23788.6,HOLD_CLOSED,1.0,0.98778,0.01222,0.5,0.51652,-0.01652,1.0,0.98572,0.01428,0.5,0.50097,-0.00097
1,1064,23808.6,HOLD_CLOSED,1.0,0.98255,0.01745,0.5,0.51652,-0.01652,1.0,0.9892,0.0108,0.5,0.50097,-0.00097
1,1065,23829.7,HOLD_CLOSED,1.0,0.99127,0.00873,0.5,0.51652,-0.01652,1.0,0.98746,0.01254,0.5,0.50097,-0.00097
1,1066,23851.6,HOLD_CLOSED,1.0,0.98255,0.01745,0.5,0.51818,-0.01818,1.0,0.98572,0.01428,0.5,0.5029,-0.0029
1,1067,23870.4,HOLD_CLOSED,1.0,0.9808,0.0192,0.5,0.51818,-0.01818,1.0,0.98572,0.01428,0.5,0.50097,-0.00097
1,1068,23891.6,HOLD_CLOSED,1.0,0.98953,0.01047,0.5,0.51818,-0.01818,1.0,0.99269,0.00731,0.5,0.50097,-0.00097
1,1069,23912.9,HOLD_CLOSED,1.0,0.98953,0.01047,0.5,0.51486,-0.01486,1.0,0.98746,0.01254,0.5,0.5029,-0.0029
1,1070,23933.5,HOLD_CLOSED,1.0,0.99651,0.00349,0.5,0.51818,-0.01818,1.0,0.9892,0.0108,0.5,0.49903,0.00097
1,1071,23954.6,HOLD_CLOSED,1.0,1.0,0.0,0.5,0.51818,-0.01818,1.0,0.99443,0.00557,0.5,0.50097,-0.00097
1,1072,23975.1,HOLD_CLOSED,1.0,0.99651,0.00349,0.5,0.51818,-0.01818,1.0,0.99791,0.00209,0.5,0.5029,-0.0029
1,1073,23994.3,HOLD_CLOSED,1.0,1.0,0.0,0.5,0.51818,-0.01818,1.0,0.99791,0.00209,0.5,0.50097,-0.00097
1,1074,24014.9,HOLD_CLOSED,1.0,1.0,0.0,0.5,0.51652,-0.01652,1.0,0.99965,0.00035,0.5,0.5029,-0.0029
1,1075,24035.8,HOLD_CLOSED,1.0,1.0,0.0,0.5,0.51818,-0.01818,1.0,0.99965,0.00035,0.5,0.5029,-0.0029
1,1076,24055.6,HOLD_CLOSED,1.0,1.0,0.0,0.5,0.51486,-0.01486,1.0,0.99965,0.00035,0.5,0.50097,-0.00097
1,1077,24077.4,HOLD_CLOSED,1.0,1.0,0.0,0.5,0.51652,-0.01652,1.0,0.99965,0.00035,0.5,0.50097,-0.00097
1,1078,24098.0,HOLD_CLOSED,1.0,1.0,0.0,0.5,0.51818,-0.01818,1.0,0.99791,0.00209,0.5,0.50097,-0.00097
1,1079,24120.4,HOLD_CLOSED,1.0,1.0,0.0,0.5,0.51652,-0.01652,1.0,0.99965,0.00035,0.5,0.50097,-0.00097
1,1080,24141.6,HOLD_CLOSED,1.0,1.0,0.0,0.5,0.51818,-0.01818,1.0,1.0,0.0,0.5,0.5029,-0.0029
1,1081,24162.8,HOLD_CLOSED,1.0,1.0,0.0,0.5,0.51984,-0.01984,1.0,0.99965,0.00035,0.5,0.49903,0.00097
1,1082,24184.1,HOLD_CLOSED,1.0,1.0,0.0,0.5,0.51652,-0.01652,1.0,1.0,0.0,0.5,0.50097,-0.00097
1,1083,24203.0,HOLD_CLOSED,1.0,1.0,0.0,0.5,0.51652,-0.01652,1.0,0.99791,0.00209,0.5,0.50097,-0.00097
1,1084,24226.4,HOLD_CLOSED,1.0,1.0,0.0,0.5,0.51652,-0.01652,1.0,1.0,0.0,0.5,0.50097,-0.00097
1,1085,24246.2,HOLD_CLOSED,1.0,1.0,0.0,0.5,0.51818,-0.01818,1.0,1.0,0.0,0.5,0.50484,-0.00484
1,1086,24265.9,HOLD_CLOSED,1.0,1.0,0.0,0.5,0.51818,-0.01818,1.0,1.0,0.0,0.5,0.50097,-0.00097
1,1087,24288.3,HOLD_CLOSED,1.0,1.0,0.0,0.5,0.51818,-0.01818,1.0,0.99965,0.00035,0.5,0.5029,-0.0029
1,1088,24308.7,HOLD_CLOSED,1.0,1.0,0.0,0.5,0.51818,-0.01818,1.0,0.99965,0.00035,0.5,0.50484,-0.00484
1,1089,24329.5,HOLD_CLOSED,1.0,1.0,0.0,0.5,0.51652,-0.01652,1.0,0.99965,0.00035,0.5,0.50097,-0.00097
1,1090,24348.3,HOLD_CLOSED,1.0,1.0,0.0,0.5,0.51984,-0.01984,1.0,0.99791,0.00209,0.5,0.50097,-0.00097
1,1091,24368.4,HOLD_CLOSED,1.0,1.0,0.0,0.5,0.51818,-0.01818,1.0,1.0,0.0,0.5,0.50097,-0.00097
1,1092,24389.4,HOLD_CLOSED,1.0,1.0,0.0,0.5,0.51652,-0.01652,1.0,1.0,0.0,0.5,0.50097,-0.00097
1,1093,24411.8,HOLD_CLOSED,1.0,1.0,0.0,0.5,0.51818,-0.01818,1.0,0.99965,0.00035,0.5,0.50097,-0.00097
1,1094,24431.8,HOLD_CLOSED,1.0,1.0,0.0,0.5,0.51818,-0.01818,1.0,0.99965,0.00035,0.5,0.50097,-0.00097
1,1095,24451.6,HOLD_CLOSED,1.0,1.0,0.0,0.5,0.51652,-0.01652,1.0,0.99965,0.00035,0.5,0.50097,-0.00097
1,1096,24473.7,HOLD_CLOSED,1.0,1.0,0.0,0.5,0.51818,-0.01818,1.0,0.99965,0.00035,0.5,0.50097,-0.00097
1,1097,24495.6,HOLD_CLOSED,1.0,1.0,0.0,0.5,0.51984,-0.01984,1.0,0.99965,0.00035,0.5,0.50097,-0.00097
1,1098,24517.6,HOLD_CLOSED,1.0,1.0,0.0,0.5,0.51818,-0.01818,1.0,1.0,0.0,0.5,0.50097,-0.00097
1,1099,24537.6,HOLD_CLOSED,1.0,1.0,0.0,0.5,0.51652,-0.01652,1.0,0.99965,0.00035,0.5,0.49903,0.00097
1,1100,24580.6,OPEN,0.995,1.0,-0.005,0.495,0.51818,-0.02318,0.995,1.0,-0.005,0.495,0.50097,-0.00597
1,1101,24600.8,OPEN,0.99,1.0,-0.01,0.49,0.51818,-0.02818,0.99,0.99965,-0.00965,0.49,0.50097,-0.01097
1,1102,24623.1,OPEN,0.985,1.0,-0.015,0.485,0.51652,-0.03152,0.985,0.99791,-0.01291,0.485,0.50097,-0.01597
1,1103,24642.0,OPEN,0.98,1.0,-0.02,0.48,0.51818,-0.03818,0.98,0.99965,-0.01965,0.48,0.50097,-0.02097
1,1104,24663.1,OPEN,0.975,1.0,-0.025,0.475,0.51652,-0.04152,0.975,0.99791,-0.02291,0.475,0.50097,-0.02597
1,1105,24683.2,OPEN,0.97,1.0,-0.03,0.47,0.51818,-0.04818,0.97,0.99617,-0.02617,0.47,0.50097,-0.03097
1,1106,24702.7,OPEN,0.965,0.99825,-0.03325,0.465,0.51652,-0.05152,0.965,0.99965,-0.03465,0.465,0.50677,-0.04177
1,1107,24724.4,OPEN,0.96,1.0,-0.04,0.46,0.51652,-0.05652,0.96,0.99791,-0.03791,0.46,0.50097,-0.04097
1,1108,24745.2,OPEN,0.955,1.0,-0.045,0.455,0.52482,-0.06982,0.955,0.99791,-0.04291,0.455,0.50097,-0.04597
1,1109,24765.1,OPEN,0.95,0.99651,-0.04651,0.45,0.51984,-0.06984,0.95,1.0,-0.05,0.45,0.50097,-0.05097
1,1110,24788.2,OPEN,0.945,0.99476,-0.04976,0.445,0.51652,-0.07152,0.945,1.0,-0.055,0.445,0.50097,-0.05597
1,1111,24809.4,OPEN,0.94,0.99127,-0.05127,0.44,0.5215,-0.0815,0.94,0.99443,-0.05443,0.44,0.50097,-0.06097
1,1112,24829.2,OPEN,0.935,0.98604,-0.05104,0.435,0.51818,-0.08318,0.935,0.9892,-0.0542,0.435,0.5087,-0.0737
1,1113,24849.2,OPEN,0.93,0.97906,-0.04906,0.43,0.51154,-0.08154,0.93,0.98398,-0.05398,0.43,0.50097,-0.07097
1,1114,24870.3,OPEN,0.925,0.97208,-0.04708,0.425,0.5049,-0.0799,0.925,0.97876,-0.05376,0.425,0.4971,-0.0721
1,1115,24892.1,OPEN,0.92,0.97033,-0.05033,0.42,0.49162,-0.07162,0.92,0.97527,-0.05527,0.42,0.48162,-0.06162
1,1116,24912.7,OPEN,0.915,0.96335,-0.04835,0.415,0.47501,-0.06001,0.915,0.97353,-0.05853,0.415,0.47389,-0.05889
1,1117,24932.2,OPEN,0.91,0.95462,-0.04462,0.41,0.46671,-0.05671,0.91,0.97179,-0.06179,0.41,0.47002,-0.06002
1,1118,24953.6,OPEN,0.905,0.94241,-0.03741,0.405,0.46339,-0.05839,0.905,0.96831,-0.06331,0.405,0.45455,-0.04955
1,1119,24973.4,OPEN,0.9,0.93543,-0.03543,0.4,0.45343,-0.05343,0.9,0.96134,-0.06134,0.4,0.44487,-0.04487
1,1120,24993.4,OPEN,0.895,0.9267,-0.0317,0.395,0.44679,-0.05179,0.895,0.95786,-0.06286,0.395,0.44101,-0.04601
1,1121,25015.2,OPEN,0.89,0.91798,-0.02798,0.39,0.44015,-0.05015,0.89,0.94567,-0.05567,0.39,0.4352,-0.0452
1,1122,25036.2,OPEN,0.885,0.91449,-0.02949,0.385,0.4335,-0.0485,0.885,0.94219,-0.05719,0.385,0.42553,-0.04053
1,1123,25056.3,OPEN,0.88,0.9075,-0.0275,0.38,0.42686,-0.04686,0.88,0.9213,-0.0413,0.38,0.41779,-0.03779
1,1124,25076.6,OPEN,0.875,0.90401,-0.02901,0.375,0.42188,-0.04688,0.875,0.91433,-0.03933,0.375,0.41199,-0.03699
1,1125,25098.0,OPEN,0.87,0.90052,-0.03052,0.37,0.4169,-0.0469,0.87,0.91607,-0.04607,0.37,0.39845,-0.02845
1,1126,25119.2,OPEN,0.865,0.89529,-0.03029,0.365,0.4086,-0.0436,0.865,0.90737,-0.04237,0.365,0.39265,-0.02765
1,1127,25140.4,OPEN,0.86,0.8918,-0.0318,0.36,0.40528,-0.04528,0.86,0.90214,-0.04214,0.36,0.38685,-0.02685
1,1128,25161.7,OPEN,0.855,0.8918,-0.0368,0.355,0.39864,-0.04364,0.855,0.89344,-0.03844,0.355,0.38298,-0.02798
1,1129,25182.8,OPEN,0.85,0.88831,-0.03831,0.35,0.392,-0.042,0.85,0.88995,-0.03995,0.35,0.38298,-0.03298
1,1130,25203.8,OPEN,0.845,0.88656,-0.04156,0.345,0.392,-0.047,0.845,0.88125,-0.03625,0.345,0.37331,-0.02831
1,1131,25223.7,OPEN,0.84,0.88482,-0.04482,0.34,0.392,-0.052,0.84,0.87776,-0.03776,0.34,0.37331,-0.03331
1,1132,25247.1,OPEN,0.835,0.88482,-0.04982,0.335,0.39034,-0.05534,0.835,0.87254,-0.03754,0.335,0.37331,-0.03831
1,1133,25267.0,OPEN,0.83,0.87784,-0.04784,0.33,0.3837,-0.0537,0.83,0.86732,-0.03732,0.33,0.37137,-0.04137
1,1134,25285.7,OPEN,0.825,0.87435,-0.04935,0.325,0.37539,-0.05039,0.825,0.86383,-0.03883,0.325,0.36944,-0.04444
1,1135,25307.1,OPEN,0.82,0.86911,-0.04911,0.32,0.36875,-0.04875,0.82,0.85861,-0.03861,0.32,0.36944,-0.04944
1,1136,25328.3,OPEN,0.815,0.86562,-0.05062,0.315,0.36211,-0.04711,0.815,0.85513,-0.04013,0.315,0.3675,-0.0525
1,1137,25350.0,OPEN,0.81,0.85864,-0.04864,0.31,0.35547,-0.04547,0.81,0.84816,-0.03816,0.31,0.36557,-0.05557
1,1138,25370.0,OPEN,0.805,0.85689,-0.05189,0.305,0.35049,-0.04549,0.805,0.84468,-0.03968,0.305,0.35977,-0.05477
1,1139,25392.0,OPEN,0.8,0.8534,-0.0534,0.3,0.34385,-0.04385,0.8,0.8412,-0.0412,0.3,0.3559,-0.0559
1,1140,25412.7,OPEN,0.795,0.84817,-0.05317,0.295,0.33887,-0.04387,0.795,0.83772,-0.04272,0.295,0.35397,-0.05897
1,1141,25433.1,OPEN,0.79,0.84817,-0.05817,0.29,0.33721,-0.04721,0.79,0.83597,-0.04597,0.29,0.34816,-0.05816
1,1142,25452.0,OPEN,0.785,0.8377,-0.0527,0.285,0.33057,-0.04557,0.785,0.82727,-0.04227,0.285,0.34043,-0.05543
1,1143,25474.9,OPEN,0.78,0.83421,-0.05421,0.28,0.32891,-0.04891,0.78,0.82379,-0.04379,0.28,0.34043,-0.06043
1,1144,25496.2,OPEN,0.775,0.83246,-0.05746,0.275,0.31728,-0.04228,0.775,0.81682,-0.04182,0.275,0.32689,-0.05189
1,1145,25515.9,OPEN,0.77,0.82373,-0.05373,0.27,0.31894,-0.04894,0.77,0.8203,-0.0503,0.27,0.32108,-0.05108
1,1146,25535.9,OPEN,0.765,0.81675,-0.05175,0.265,0.30898,-0.04398,0.765,0.8116,-0.0466,0.265,0.31528,-0.05028
1,1147,25556.5,OPEN,0.76,0.80803,-0.04803,0.26,0.304,-0.044,0.76,0.80463,-0.04463,0.26,0.30948,-0.04948
1,1148,25577.9,OPEN,0.755,0.80105,-0.04605,0.255,0.304,-0.049,0.755,0.79941,-0.04441,0.255,0.30174,-0.04674
1,1149,25599.0,OPEN,0.75,0.79407,-0.04407,0.25,0.29238,-0.04238,0.75,0.79244,-0.04244,0.25,0.29787,-0.04787
1,1150,25621.7,OPEN,0.745,0.78709,-0.04209,0.245,0.2874,-0.0424,0.745,0.78896,-0.04396,0.245,0.29014,-0.04514
1,1151,25643.4,OPEN,0.74,0.78185,-0.04185,0.24,0.28242,-0.04242,0.74,0.782,-0.042,0.24,0.2824,-0.0424
1,1152,25663.4,OPEN,0.735,0.77661,-0.04161,0.235,0.27744,-0.04244,0.735,0.77503,-0.04003,0.235,0.27853,-0.04353
1,1153,25682.2,OPEN,0.73,0.77138,-0.04138,0.23,0.27246,-0.04246,0.73,0.77155,-0.04155,0.23,0.27853,-0.04853
1,1154,25704.9,OPEN,0.725,0.76614,-0.04114,0.225,0.26747,-0.04247,0.725,0.76632,-0.04132,0.225,0.26692,-0.04192
1,1155,25725.2,OPEN,0.72,0.76091,-0.04091,0.22,0.26249,-0.04249,0.72,0.76284,-0.04284,0.22,0.26306,-0.04306
1,1156,25745.6,OPEN,0.715,0.75916,-0.04416,0.215,0.25751,-0.04251,0.715,0.75414,-0.03914,0.215,0.26112,-0.04612
1,1157,25765.9,OPEN,0.71,0.75916,-0.04916,0.21,0.25087,-0.04087,0.71,0.75414,-0.04414,0.21,0.25725,-0.04725
1,1158,25785.5,OPEN,0.705,0.75044,-0.04544,0.205,0.24257,-0.03757,0.705,0.74717,-0.04217,0.205,0.24758,-0.04258
1,1159,25806.6,OPEN,0.7,0.74869,-0.04869,0.2,0.23427,-0.03427,0.7,0.74543,-0.04543,0.2,0.23985,-0.03985
1,1160,25826.9,OPEN,0.695,0.74171,-0.04671,0.195,0.22763,-0.03263,0.695,0.73672,-0.04172,0.195,0.23598,-0.04098
1,1161,25847.7,OPEN,0.69,0.73647,-0.04647,0.19,0.22265,-0.03265,0.69,0.73324,-0.04324,0.19,0.22824,-0.03824
1,1162,25870.3,OPEN,0.685,0.73124,-0.04624,0.185,0.22099,-0.03599,0.685,0.72802,-0.04302,0.185,0.2205,-0.0355
1,1163,25891.6,OPEN,0.68,0.726,-0.046,0.18,0.21767,-0.03767,0.68,0.72628,-0.04628,0.18,0.2147,-0.0347
1,1164,25912.8,OPEN,0.675,0.72251,-0.04751,0.175,0.21435,-0.03935,0.675,0.71931,-0.04431,0.175,0.2089,-0.0339
1,1165,25932.9,OPEN,0.67,0.71728,-0.04728,0.17,0.21268,-0.04268,0.67,0.71409,-0.04409,0.17,0.20503,-0.03503
1,1166,25952.9,OPEN,0.665,0.7103,-0.0453,0.165,0.21102,-0.04602,0.665,0.70886,-0.04386,0.165,0.20116,-0.03616
1,1167,25974.7,OPEN,0.66,0.70506,-0.04506,0.16,0.20604,-0.04604,0.66,0.70016,-0.04016,0.16,0.19729,-0.03729
1,1168,25994.7,OPEN,0.655,0.70681,-0.05181,0.155,0.20438,-0.04938,0.655,0.69842,-0.04342,0.155,0.19342,-0.03842
1,1169,26016.2,OPEN,0.65,0.70681,-0.05681,0.15,0.20272,-0.05272,0.65,0.69145,-0.04145,0.15,0.18956,-0.03956
1,1170,26038.2,OPEN,0.645,0.68935,-0.04435,0.145,0.20272,-0.05772,0.645,0.68274,-0.03774,0.145,0.18762,-0.04262
1,1171,26058.8,OPEN,0.64,0.68412,-0.04412,0.14,0.1994,-0.0594,0.64,0.67926,-0.03926,0.14,0.18375,-0.04375
1,1172,26080.3,OPEN,0.635,0.67714,-0.04214,0.135,0.18944,-0.05444,0.635,0.67578,-0.04078,0.135,0.18762,-0.05262
1,1173,26098.6,OPEN,0.63,0.67365,-0.04365,0.13,0.18612,-0.05612,0.63,0.66881,-0.03881,0.13,0.18182,-0.05182
1,1174,26120.6,OPEN,0.625,0.66841,-0.04341,0.125,0.18114,-0.05614,0.625,0.66359,-0.03859,0.125,0.17602,-0.05102
1,1175,26141.3,OPEN,0.62,0.66318,-0.04318,0.12,0.17616,-0.05616,0.62,0.66011,-0.04011,0.12,0.17021,-0.05021
1,1176,26162.5,OPEN,0.615,0.65969,-0.04469,0.115,0.17118,-0.05618,0.615,0.65314,-0.03814,0.115,0.16634,-0.05134
1,1177,26182.8,OPEN,0.61,0.65445,-0.04445,0.11,0.16454,-0.05454,0.61,0.6514,-0.0414,0.11,0.16248,-0.05248
1,1178,26202.4,OPEN,0.605,0.65096,-0.04596,0.105,0.16288,-0.05788,0.605,0.64966,-0.04466,0.105,0.16248,-0.05748
1,1179,26222.9,OPEN,0.6,0.64572,-0.04572,0.1,0.15623,-0.05623,0.6,0.6427,-0.0427,0.1,0.15861,-0.05861
1,1180,26243.5,OPEN,0.595,0.64223,-0.04723,0.095,0.15457,-0.05957,0.595,0.63747,-0.04247,0.095,0.14894,-0.05394
1,1181,26265.5,OPEN,0.59,0.64049,-0.05049,0.09,0.14959,-0.05959,0.59,0.63399,-0.04399,0.09,0.14507,-0.05507
1,1182,26285.8,OPEN,0.585,0.63176,-0.04676,0.085,0.14461,-0.05961,0.585,0.63051,-0.04551,0.085,0.13926,-0.05426
1,1183,26306.6,OPEN,0.58,0.62653,-0.04653,0.08,0.13963,-0.05963,0.58,0.62354,-0.04354,0.08,0.13346,-0.05346
1,1184,26327.0,OPEN,0.575,0.62304,-0.04804,0.075,0.13465,-0.05965,0.575,0.61832,-0.04332,0.075,0.12766,-0.05266
1,1185,26348.8,OPEN,0.57,0.61606,-0.04606,0.07,0.12801,-0.05801,0.57,0.61309,-0.04309,0.07,0.12186,-0.05186
1,1186,26369.9,OPEN,0.565,0.61257,-0.04757,0.065,0.11971,-0.05471,0.565,0.61135,-0.04635,0.065,0.11605,-0.05105
1,1187,26390.5,OPEN,0.56,0.60908,-0.04908,0.06,0.11307,-0.05307,0.56,0.60265,-0.04265,0.06,0.10832,-0.04832
1,1188,26410.8,OPEN,0.555,0.60384,-0.04884,0.055,0.10643,-0.05143,0.555,0.59742,-0.04242,0.055,0.10058,-0.04558
1,1189,26431.6,OPEN,0.55,0.59686,-0.04686,0.05,0.10144,-0.05144,0.55,0.59568,-0.04568,0.05,0.09478,-0.04478
1,1190,26452.3,OPEN,0.545,0.60035,-0.05535,0.045,0.0948,-0.0498,0.545,0.58698,-0.04198,0.045,0.08897,-0.04397
1,1191,26473.2,OPEN,0.54,0.59337,-0.05337,0.04,0.08816,-0.04816,0.54,0.58349,-0.04349,0.04,0.08124,-0.04124
1,1192,26494.3,OPEN,0.535,0.58115,-0.04615,0.035,0.08816,-0.05316,0.535,0.57653,-0.04153,0.035,0.07544,-0.04044
1,1193,26517.4,OPEN,0.53,0.57592,-0.04592,0.03,0.07488,-0.04488,0.53,0.5713,-0.0413,0.03,0.06963,-0.03963
1,1194,26536.9,OPEN,0.525,0.57068,-0.04568,0.025,0.0699,-0.0449,0.525,0.56608,-0.04108,0.025,0.0677,-0.0427
1,1195,26560.0,OPEN,0.52,0.56545,-0.04545,0.02,0.06326,-0.04326,0.52,0.56086,-0.04086,0.02,0.05803,-0.03803
1,1196,26580.2,OPEN,0.515,0.56021,-0.04521,0.015,0.06326,-0.04826,0.515,0.55563,-0.04063,0.015,0.05803,-0.04303
1,1197,26601.1,OPEN,0.51,0.55323,-0.04323,0.01,0.05662,-0.04662,0.51,0.54867,-0.03867,0.01,0.05222,-0.04222
1,1198,26622.1,OPEN,0.505,0.54799,-0.04299,0.005,0.0533,-0.0483,0.505,0.54519,-0.04019,0.005,0.04449,-0.03949
1,1199,26642.3,OPEN,0.5,0.54799,-0.04799,0.0,0.04665,-0.04665,0.5,0.53822,-0.03822,0.0,0.03868,-0.03868
1,1200,26663.4,OPEN,0.495,0.5445,-0.0495,0.0,0.03669,-0.03669,0.495,0.53996,-0.04496,0.0,0.03482,-0.03482
1,1201,26682.2,OPEN,0.49,0.54101,-0.05101,0.0,0.03171,-0.03171,0.49,0.53126,-0.04126,0.0,0.02901,-0.02901
1,1202,26702.6,OPEN,0.485,0.53229,-0.04729,0.0,0.02673,-0.02673,0.485,0.52777,-0.04277,0.0,0.02515,-0.02515
1,1203,26722.5,OPEN,0.48,0.52356,-0.04356,0.0,0.02175,-0.02175,0.48,0.53126,-0.05126,0.0,0.02128,-0.02128
1,1204,26743.8,OPEN,0.475,0.51832,-0.04332,0.0,0.01843,-0.01843,0.475,0.52081,-0.04581,0.0,0.01741,-0.01741
1,1205,26765.2,OPEN,0.47,0.5096,-0.0396,0.0,0.01345,-0.01345,0.47,0.50862,-0.03862,0.0,0.01161,-0.01161
1,1206,26785.7,OPEN,0.465,0.50436,-0.03936,0.0,0.01013,-0.01013,0.465,0.50165,-0.03665,0.0,0.00774,-0.00774
1,1207,26809.1,OPEN,0.46,0.49564,-0.03564,0.0,0.00681,-0.00681,0.46,0.49295,-0.03295,0.0,0.0058,-0.0058
1,1208,26829.7,OPEN,0.455,0.49215,-0.03715,0.0,0.00515,-0.00515,0.455,0.48598,-0.03098,0.0,0.00387,-0.00387
1,1209,26849.8,OPEN,0.45,0.48866,-0.03866,0.0,0.00349,-0.00349,0.45,0.4825,-0.0325,0.0,0.00193,-0.00193
1,1210,26871.8,OPEN,0.445,0.48517,-0.04017,0.0,0.00183,-0.00183,0.445,0.47902,-0.03402,0.0,0.0,0.0
1,1211,26891.8,OPEN,0.44,0.48517,-0.04517,0.0,0.00183,-0.00183,0.44,0.47902,-0.03902,0.0,0.0,0.0
1,1212,26910.8,OPEN,0.435,0.47644,-0.04144,0.0,0.00183,-0.00183,0.435,0.47379,-0.03879,0.0,0.0,0.0
1,1213,26931.8,OPEN,0.43,0.47644,-0.04644,0.0,0.00183,-0.00183,0.43,0.47031,-0.04031,0.0,0.0,0.0
1,1214,26954.8,OPEN,0.425,0.47469,-0.04969,0.0,0.00847,-0.00847,0.425,0.46857,-0.04357,0.0,0.0,0.0
1,1215,26976.1,OPEN,0.42,0.46946,-0.04946,0.0,0.00183,-0.00183,0.42,0.46335,-0.04335,0.0,0.0,0.0
1,1216,26994.6,OPEN,0.415,0.46422,-0.04922,0.0,0.00183,-0.00183,0.415,0.46509,-0.05009,0.0,0.0,0.0
1,1217,27017.3,OPEN,0.41,0.45899,-0.04899,0.0,0.00183,-0.00183,0.41,0.4529,-0.0429,0.0,0.0,0.0
1,1218,27037.9,OPEN,0.405,0.45375,-0.04875,0.0,0.00183,-0.00183,0.405,0.44768,-0.04268,0.0,0.0,0.0
1,1219,27058.2,OPEN,0.4,0.45026,-0.05026,0.0,0.00183,-0.00183,0.4,0.44419,-0.04419,0.0,0.0,0.0
1,1220,27081.1,OPEN,0.395,0.44328,-0.04828,0.0,0.00183,-0.00183,0.395,0.43897,-0.04397,0.0,0.0,0.0
1,1221,27101.9,OPEN,0.39,0.43805,-0.04805,0.0,0.00183,-0.00183,0.39,0.43375,-0.04375,0.0,0.0,0.0
1,1222,27122.3,OPEN,0.385,0.43281,-0.04781,0.0,0.00183,-0.00183,0.385,0.43026,-0.04526,0.0,0.0,0.0
1,1223,27143.5,OPEN,0.38,0.42757,-0.04757,0.0,0.00183,-0.00183,0.38,0.42504,-0.04504,0.0,0.0,0.0
1,1224,27163.4,OPEN,0.375,0.42408,-0.04908,0.0,0.00183,-0.00183,0.375,0.41982,-0.04482,0.0,0.0,0.0
1,1225,27184.0,OPEN,0.37,0.42408,-0.05408,0.0,0.00183,-0.00183,0.37,0.41459,-0.04459,0.0,0.00387,-0.00387
1,1226,27204.5,OPEN,0.365,0.4171,-0.0521,0.0,0.00183,-0.00183,0.365,0.40937,-0.04437,0.0,0.00387,-0.00387
1,1227,27225.5,OPEN,0.36,0.41187,-0.05187,0.0,0.00847,-0.00847,0.36,0.40589,-0.04589,0.0,0.0,0.0
1,1228,27246.4,OPEN,0.355,0.40663,-0.05163,0.0,0.01013,-0.01013,0.355,0.40066,-0.04566,0.0,0.00387,-0.00387
1,1229,27265.9,OPEN,0.35,0.39965,-0.04965,0.0,0.00183,-0.00183,0.35,0.39196,-0.04196,0.0,0.0,0.0
1,1230,27285.7,OPEN,0.345,0.39267,-0.04767,0.0,0.00017,-0.00017,0.345,0.38847,-0.04347,0.0,0.0,0.0
1,1231,27307.0,OPEN,0.34,0.38743,-0.04743,0.0,0.00017,-0.00017,0.34,0.38151,-0.04151,0.0,0.0,0.0
1,1232,27328.9,OPEN,0.335,0.3822,-0.0472,0.0,0.00017,-0.00017,0.335,0.38499,-0.04999,0.0,0.0,0.0
1,1233,27349.6,OPEN,0.33,0.37696,-0.04696,0.0,0.00017,-0.00017,0.33,0.37106,-0.04106,0.0,0.0,0.0
1,1234,27369.6,OPEN,0.325,0.37173,-0.04673,0.0,0.00017,-0.00017,0.325,0.36932,-0.04432,0.0,0.0,0.0
1,1235,27391.1,OPEN,0.32,0.36649,-0.04649,0.0,0.00017,-0.00017,0.32,0.36061,-0.04061,0.0,0.0,0.0
1,1236,27411.2,OPEN,0.315,0.35951,-0.04451,0.0,0.00017,-0.00017,0.315,0.36061,-0.04561,0.0,0.00193,-0.00193
1,1237,27432.7,OPEN,0.31,0.36126,-0.05126,0.0,0.00017,-0.00017,0.31,0.35017,-0.04017,0.0,0.0,0.0
1,1238,27453.3,OPEN,0.305,0.35253,-0.04753,0.0,0.0,0.0,0.305,0.34494,-0.03994,0.0,0.0,0.0
1,1239,27473.6,OPEN,0.3,0.3438,-0.0438,0.0,0.00017,-0.00017,0.3,0.34146,-0.04146,0.0,0.0,0.0
1,1240,27494.2,OPEN,0.295,0.33857,-0.04357,0.0,0.0,0.0,0.295,0.33449,-0.03949,0.0,0.0,0.0
1,1241,27517.4,OPEN,0.29,0.33508,-0.04508,0.0,0.00017,-0.00017,0.29,0.32927,-0.03927,0.0,0.0,0.0
1,1242,27536.9,OPEN,0.285,0.3281,-0.0431,0.0,0.00017,-0.00017,0.285,0.32579,-0.04079,0.0,0.0,0.0
1,1243,27559.5,OPEN,0.28,0.32286,-0.04286,0.0,0.00017,-0.00017,0.28,0.32056,-0.04056,0.0,0.0,0.0
1,1244,27581.7,OPEN,0.275,0.31937,-0.04437,0.0,0.00017,-0.00017,0.275,0.31708,-0.04208,0.0,0.0,0.0
1,1245,27600.4,OPEN,0.27,0.31414,-0.04414,0.0,0.00017,-0.00017,0.27,0.31186,-0.04186,0.0,0.0,0.0
1,1246,27621.0,OPEN,0.265,0.31065,-0.04565,0.0,0.00017,-0.00017,0.265,0.30663,-0.04163,0.0,0.0,0.0
1,1247,27642.1,OPEN,0.26,0.31414,-0.05414,0.0,0.00017,-0.00017,0.26,0.30663,-0.04663,0.0,0.0,0.0
1,1248,27662.5,OPEN,0.255,0.29843,-0.04343,0.0,0.0,0.0,0.255,0.29967,-0.04467,0.0,0.0,0.0
1,1249,27682.5,OPEN,0.25,0.29668,-0.04668,0.0,0.00017,-0.00017,0.25,0.29445,-0.04445,0.0,0.00193,-0.00193
1,1250,27703.1,OPEN,0.245,0.29145,-0.04645,0.0,0.00017,-0.00017,0.245,0.29096,-0.04596,0.0,0.0,0.0
1,1251,27723.2,OPEN,0.24,0.28621,-0.04621,0.0,0.00017,-0.00017,0.24,0.284,-0.044,0.0,0.0,0.0
1,1252,27745.9,OPEN,0.235,0.28098,-0.04598,0.0,0.00017,-0.00017,0.235,0.28052,-0.04552,0.0,0.0,0.0
1,1253,27768.0,OPEN,0.23,0.27574,-0.04574,0.0,0.00017,-0.00017,0.23,0.27529,-0.04529,0.0,0.0,0.0
1,1254,27785.6,OPEN,0.225,0.27225,-0.04725,0.0,0.00017,-0.00017,0.225,0.27007,-0.04507,0.0,0.0,0.0
1,1255,27806.5,OPEN,0.22,0.26527,-0.04527,0.0,0.00017,-0.00017,0.22,0.26833,-0.04833,0.0,0.0,0.0
1,1256,27827.8,OPEN,0.215,0.26003,-0.04503,0.0,0.0,0.0,0.215,0.25614,-0.04114,0.0,0.0,0.0
1,1257,27851.3,OPEN,0.21,0.26178,-0.05178,0.0,0.00017,-0.00017,0.21,0.25091,-0.04091,0.0,0.00193,-0.00193
1,1258,27869.3,OPEN,0.205,0.25131,-0.04631,0.0,0.00017,-0.00017,0.205,0.24917,-0.04417,0.0,0.0,0.0
1,1259,27891.4,OPEN,0.2,0.24607,-0.04607,0.0,0.00017,-0.00017,0.2,0.24395,-0.04395,0.0,0.0,0.0
1,1260,27914.5,OPEN,0.195,0.24084,-0.04584,0.0,0.0,0.0,0.195,0.23524,-0.04024,0.0,0.0,0.0
1,1261,27935.4,OPEN,0.19,0.2356,-0.0456,0.0,0.0,0.0,0.19,0.23002,-0.04002,0.0,0.0,0.0
1,1262,27952.2,OPEN,0.185,0.23037,-0.04537,0.0,0.00017,-0.00017,0.185,0.2248,-0.0398,0.0,0.0,0.0
1,1263,27974.2,OPEN,0.18,0.22862,-0.04862,0.0,0.0,0.0,0.18,0.2248,-0.0448,0.0,0.0,0.0
1,1264,27996.5,OPEN,0.175,0.22164,-0.04664,0.0,0.0,0.0,0.175,0.21435,-0.03935,0.0,0.0,0.0
1,1265,28017.9,OPEN,0.17,0.2164,-0.0464,0.0,0.00017,-0.00017,0.17,0.20912,-0.03912,0.0,0.0,0.0
1,1266,28038.5,OPEN,0.165,0.21117,-0.04617,0.0,0.00183,-0.00183,0.165,0.2039,-0.0389,0.0,0.00193,-0.00193
1,1267,28058.6,OPEN,0.16,0.20593,-0.04593,0.0,0.00017,-0.00017,0.16,0.20042,-0.04042,0.0,0.0,0.0
1,1268,28079.7,OPEN,0.155,0.20244,-0.04744,0.0,0.00183,-0.00183,0.155,0.20216,-0.04716,0.0,0.0,0.0
1,1269,28099.1,OPEN,0.15,0.19721,-0.04721,0.0,0.0,0.0,0.15,0.19171,-0.04171,0.0,0.0,0.0
1,1270,28120.5,OPEN,0.145,0.19546,-0.05046,0.0,0.00017,-0.00017,0.145,0.18649,-0.04149,0.0,0.0,0.0
1,1271,28141.3,OPEN,0.14,0.18499,-0.04499,0.0,0.0,0.0,0.14,0.18126,-0.04126,0.0,0.0,0.0
1,1272,28162.5,OPEN,0.135,0.1815,-0.0465,0.0,0.00017,-0.00017,0.135,0.17604,-0.04104,0.0,0.00193,-0.00193
1,1273,28181.9,OPEN,0.13,0.17627,-0.04627,0.0,0.00017,-0.00017,0.13,0.17256,-0.04256,0.0,0.0,0.0
1,1274,28201.9,OPEN,0.125,0.16928,-0.04428,0.0,0.00017,-0.00017,0.125,0.16733,-0.04233,0.0,0.0,0.0
1,1275,28223.1,OPEN,0.12,0.16405,-0.04405,0.0,0.0,0.0,0.12,0.16211,-0.04211,0.0,0.0,0.0
1,1276,28246.3,OPEN,0.115,0.16579,-0.05079,0.0,0.00183,-0.00183,0.115,0.16037,-0.04537,0.0,0.0,0.0
1,1277,28265.9,OPEN,0.11,0.15358,-0.04358,0.0,0.00017,-0.00017,0.11,0.15166,-0.04166,0.0,0.0,0.0
1,1278,28285.7,OPEN,0.105,0.14834,-0.04334,0.0,0.0,0.0,0.105,0.14644,-0.04144,0.0,0.0,0.0
1,1279,28306.8,OPEN,0.1,0.14311,-0.04311,0.0,0.00017,-0.00017,0.1,0.14122,-0.04122,0.0,0.0,0.0
1,1280,28326.9,OPEN,0.095,0.13787,-0.04287,0.0,0.0,0.0,0.095,0.13599,-0.04099,0.0,0.0,0.0
1,1281,28349.0,OPEN,0.09,0.13787,-0.04787,0.0,0.00017,-0.00017,0.09,0.13425,-0.04425,0.0,0.0,0.0
1,1282,28371.7,OPEN,0.085,0.13089,-0.04589,0.0,0.0,0.0,0.085,0.12903,-0.04403,0.0,0.0,0.0
1,1283,28392.6,OPEN,0.08,0.12565,-0.04565,0.0,0.0,0.0,0.08,0.12032,-0.04032,0.0,0.0,0.0
1,1284,28412.5,OPEN,0.075,0.12042,-0.04542,0.0,0.00183,-0.00183,0.075,0.12206,-0.04706,0.0,0.0,0.0
1,1285,28432.7,OPEN,0.07,0.12391,-0.05391,0.0,0.00183,-0.00183,0.07,0.10987,-0.03987,0.0,0.0,0.0
1,1286,28452.6,OPEN,0.065,0.11169,-0.04669,0.0,0.00017,-0.00017,0.065,0.10465,-0.03965,0.0,0.0,0.0
1,1287,28474.6,OPEN,0.06,0.10646,-0.04646,0.0,0.0,0.0,0.06,0.09768,-0.03768,0.0,0.0,0.0
1,1288,28495.4,OPEN,0.055,0.10122,-0.04622,0.0,0.0,0.0,0.055,0.09246,-0.03746,0.0,0.0,0.0
1,1289,28516.8,OPEN,0.05,0.09773,-0.04773,0.0,0.00183,-0.00183,0.05,0.08724,-0.03724,0.0,0.0,0.0
1,1290,28537.0,OPEN,0.045,0.0925,-0.0475,0.0,0.0,0.0,0.045,0.08375,-0.03875,0.0,0.00193,-0.00193
1,1291,28557.0,OPEN,0.04,0.08726,-0.04726,0.0,0.00017,-0.00017,0.04,0.07853,-0.03853,0.0,0.0,0.0
1,1292,28578.5,OPEN,0.035,0.08202,-0.04702,0.0,0.00017,-0.00017,0.035,0.07331,-0.03831,0.0,0.0,0.0
1,1293,28598.3,OPEN,0.03,0.08028,-0.05028,0.0,0.0,0.0,0.03,0.07157,-0.04157,0.0,0.0,0.0
1,1294,28619.5,OPEN,0.025,0.0733,-0.0483,0.0,0.0,0.0,0.025,0.07157,-0.04657,0.0,0.0,0.0
1,1295,28639.9,OPEN,0.02,0.06806,-0.04806,0.0,0.0,0.0,0.02,0.06982,-0.04982,0.0,0.0,0.0
1,1296,28661.1,OPEN,0.015,0.06457,-0.04957,0.0,0.00183,-0.00183,0.015,0.05589,-0.04089,0.0,0.0,0.0
1,1297,28681.5,OPEN,0.01,0.0541,-0.0441,0.0,0.0,0.0,0.01,0.05241,-0.04241,0.0,0.0,0.0
1,1298,28702.9,OPEN,0.005,0.0541,-0.0491,0.0,0.0,0.0,0.005,0.04719,-0.04219,0.0,0.0,0.0
1,1299,28723.7,OPEN,0.0,0.04887,-0.04887,0.0,0.0,0.0,0.0,0.04371,-0.04371,0.0,0.0,0.0
1,1300,28728.2,HOLD_OPEN,0.0,0.04712,-0.04712,0.0,0.0,0.0,0.0,0.04196,-0.04196,0.0,0.0,0.0
1,1301,28750.3,HOLD_OPEN,0.0,0.04887,-0.04887,0.0,0.0,0.0,0.0,0.04196,-0.04196,0.0,0.0,0.0
1,1302,28771.0,HOLD_OPEN,0.0,0.0349,-0.0349,0.0,0.0,0.0,0.0,0.03326,-0.03326,0.0,0.0,0.0
1,1303,28796.0,HOLD_OPEN,0.0,0.0349,-0.0349,0.0,0.0,0.0,0.0,0.03152,-0.03152,0.0,0.0,0.0
1,1304,28815.6,HOLD_OPEN,0.0,0.02443,-0.02443,0.0,0.0,0.0,0.0,0.02107,-0.02107,0.0,0.0,0.0
1,1305,28835.5,HOLD_OPEN,0.0,0.02094,-0.02094,0.0,0.0,0.0,0.0,0.01759,-0.01759,0.0,0.0,0.0
1,1306,28853.9,HOLD_OPEN,0.0,0.01745,-0.01745,0.0,0.0,0.0,0.0,0.01236,-0.01236,0.0,0.00387,-0.00387
1,1307,28877.1,HOLD_OPEN,0.0,0.01222,-0.01222,0.0,0.0,0.0,0.0,0.00888,-0.00888,0.0,0.0,0.0
1,1308,28897.4,HOLD_OPEN,0.0,0.01047,-0.01047,0.0,0.0,0.0,0.0,0.00714,-0.00714,0.0,0.0,0.0
1,1309,28918.7,HOLD_OPEN,0.0,0.00873,-0.00873,0.0,0.0,0.0,0.0,0.00192,-0.00192,0.0,0.0,0.0
1,1310,28940.6,HOLD_OPEN,0.0,0.00698,-0.00698,0.0,0.0,0.0,0.0,0.00017,-0.00017,0.0,0.0,0.0
1,1311,28960.3,HOLD_OPEN,0.0,0.00698,-0.00698,0.0,0.0,0.0,0.0,0.00192,-0.00192,0.0,0.0,0.0
1,1312,28980.6,HOLD_OPEN,0.0,0.00698,-0.00698,0.0,0.0,0.0,0.0,0.00017,-0.00017,0.0,0.0,0.0
1,1313,29001.2,HOLD_OPEN,0.0,0.00698,-0.00698,0.0,0.0,0.0,0.0,0.00192,-0.00192,0.0,0.0,0.0
1,1314,29022.2,HOLD_OPEN,0.0,0.01047,-0.01047,0.0,0.0,0.0,0.0,0.00017,-0.00017,0.0,0.0,0.0
1,1315,29044.5,HOLD_OPEN,0.0,0.00698,-0.00698,0.0,0.0,0.0,0.0,0.00017,-0.00017,0.0,0.0,0.0
1,1316,29066.3,HOLD_OPEN,0.0,0.00698,-0.00698,0.0,0.0,0.0,0.0,0.00017,-0.00017,0.0,0.0,0.0
1,1317,29084.7,HOLD_OPEN,0.0,0.00698,-0.00698,0.0,0.0,0.0,0.0,0.00017,-0.00017,0.0,0.00387,-0.00387
1,1318,29106.4,HOLD_OPEN,0.0,0.00698,-0.00698,0.0,0.0,0.0,0.0,0.00017,-0.00017,0.0,0.0,0.0
1,1319,29128.7,HOLD_OPEN,0.0,0.00698,-0.00698,0.0,0.0,0.0,0.0,0.00017,-0.00017,0.0,0.0,0.0
1,1320,29149.2,HOLD_OPEN,0.0,0.00698,-0.00698,0.0,0.0,0.0,0.0,0.00017,-0.00017,0.0,0.0,0.0
1,1321,29169.2,HOLD_OPEN,0.0,0.01222,-0.01222,0.0,0.0,0.0,0.0,0.00017,-0.00017,0.0,0.0,0.0
1,1322,29189.0,HOLD_OPEN,0.0,0.00698,-0.00698,0.0,0.0,0.0,0.0,0.00017,-0.00017,0.0,0.0,0.0
1,1323,29208.3,HOLD_OPEN,0.0,0.00698,-0.00698,0.0,0.0,0.0,0.0,0.00017,-0.00017,0.0,0.0,0.0
1,1324,29229.9,HOLD_OPEN,0.0,0.00698,-0.00698,0.0,0.0,0.0,0.0,0.00017,-0.00017,0.0,0.0,0.0
1,1325,29251.3,HOLD_OPEN,0.0,0.00698,-0.00698,0.0,0.0,0.0,0.0,0.00017,-0.00017,0.0,0.0,0.0
1,1326,29272.6,HOLD_OPEN,0.0,0.00524,-0.00524,0.0,0.0,0.0,0.0,0.00366,-0.00366,0.0,0.0,0.0
1,1327,29292.7,HOLD_OPEN,0.0,0.00349,-0.00349,0.0,0.0,0.0,0.0,0.00017,-0.00017,0.0,0.0,0.0
1,1328,29314.6,HOLD_OPEN,0.0,0.00524,-0.00524,0.0,0.0,0.0,0.0,0.00017,-0.00017,0.0,0.0,0.0
1,1329,29335.8,HOLD_OPEN,0.0,0.00524,-0.00524,0.0,0.0,0.0,0.0,0.00017,-0.00017,0.0,0.0,0.0
1,1330,29356.5,HOLD_OPEN,0.0,0.00524,-0.00524,0.0,0.0,0.0,0.0,0.00017,-0.00017,0.0,0.0,0.0
1,1331,29378.8,HOLD_OPEN,0.0,0.00349,-0.00349,0.0,0.0,0.0,0.0,0.00017,-0.00017,0.0,0.0,0.0
1,1332,29399.0,HOLD_OPEN,0.0,0.00524,-0.00524,0.0,0.0,0.0,0.0,0.00017,-0.00017,0.0,0.0,0.0
1,1333,29416.1,HOLD_OPEN,0.0,0.00524,-0.00524,0.0,0.0,0.0,0.0,0.00017,-0.00017,0.0,0.0,0.0
1,1334,29437.8,HOLD_OPEN,0.0,0.00524,-0.00524,0.0,0.0,0.0,0.0,0.00017,-0.00017,0.0,0.0,0.0
1,1335,29458.5,HOLD_OPEN,0.0,0.00524,-0.00524,0.0,0.0,0.0,0.0,0.00192,-0.00192,0.0,0.0,0.0
1,1336,29479.9,HOLD_OPEN,0.0,0.00524,-0.00524,0.0,0.0,0.0,0.0,0.00017,-0.00017,0.0,0.0,0.0
1,1337,29502.5,HOLD_OPEN,0.0,0.00524,-0.00524,0.0,0.0,0.0,0.0,0.00017,-0.00017,0.0,0.0,0.0
1,1338,29523.0,HOLD_OPEN,0.0,0.00349,-0.00349,0.0,0.0,0.0,0.0,0.00017,-0.00017,0.0,0.0,0.0
1,1339,29544.3,HOLD_OPEN,0.0,0.00524,-0.00524,0.0,0.0,0.0,0.0,0.00017,-0.00017,0.0,0.0,0.0
1,1340,29565.9,HOLD_OPEN,0.0,0.00349,-0.00349,0.0,0.0,0.0,0.0,0.00017,-0.00017,0.0,0.0,0.0
1,1341,29586.1,HOLD_OPEN,0.0,0.00524,-0.00524,0.0,0.0,0.0,0.0,0.00017,-0.00017,0.0,0.0,0.0
1,1342,29607.3,HOLD_OPEN,0.0,0.00349,-0.00349,0.0,0.0,0.0,0.0,0.00017,-0.00017,0.0,0.0,0.0
1,1343,29628.5,HOLD_OPEN,0.0,0.00349,-0.00349,0.0,0.0,0.0,0.0,0.00017,-0.00017,0.0,0.0,0.0
1,1344,29648.6,HOLD_OPEN,0.0,0.00524,-0.00524,0.0,0.0,0.0,0.0,0.00017,-0.00017,0.0,0.0,0.0
1,1345,29669.3,HOLD_OPEN,0.0,0.00524,-0.00524,0.0,0.0,0.0,0.0,0.00017,-0.00017,0.0,0.0,0.0
1,1346,29689.5,HOLD_OPEN,0.0,0.00349,-0.00349,0.0,0.0,0.0,0.0,0.00017,-0.00017,0.0,0.0,0.0
1,1347,29710.0,HOLD_OPEN,0.0,0.00349,-0.00349,0.0,0.0,0.0,0.0,0.00017,-0.00017,0.0,0.0,0.0
1,1348,29729.3,HOLD_OPEN,0.0,0.00349,-0.00349,0.0,0.0,0.0,0.0,0.00017,-0.00017,0.0,0.0,0.0
1,1349,29751.8,HOLD_OPEN,0.0,0.00349,-0.00349,0.0,0.0,0.0,0.0,0.00017,-0.00017,0.0,0.0,0.0
1,1350,29774.1,HOLD_OPEN,0.0,0.00524,-0.00524,0.0,0.0,0.0,0.0,0.00017,-0.00017,0.0,0.0,0.0
1,1351,29793.7,HOLD_OPEN,0.0,0.00524,-0.00524,0.0,0.0,0.0,0.0,0.00017,-0.00017,0.0,0.00193,-0.00193
1,1352,29813.0,HOLD_OPEN,0.0,0.00349,-0.00349,0.0,0.0,0.0,0.0,0.00017,-0.00017,0.0,0.00387,-0.00387
1,1353,29835.4,HOLD_OPEN,0.0,0.00349,-0.00349,0.0,0.0,0.0,0.0,0.00017,-0.00017,0.0,0.0,0.0
1,1354,29856.2,HOLD_OPEN,0.0,0.00524,-0.00524,0.0,0.0,0.0,0.0,0.00017,-0.00017,0.0,0.00387,-0.00387
1,1355,29877.6,HOLD_OPEN,0.0,0.00524,-0.00524,0.0,0.0,0.0,0.0,0.00192,-0.00192,0.0,0.0,0.0
1,1356,29898.2,HOLD_OPEN,0.0,0.00349,-0.00349,0.0,0.0,0.0,0.0,0.00017,-0.00017,0.0,0.0,0.0
1,1357,29919.6,HOLD_OPEN,0.0,0.00524,-0.00524,0.0,0.0,0.0,0.0,0.00017,-0.00017,0.0,0.0,0.0
1,1358,29940.8,HOLD_OPEN,0.0,0.00524,-0.00524,0.0,0.0,0.0,0.0,0.00017,-0.00017,0.0,0.00193,-0.00193
1,1359,29959.0,HOLD_OPEN,0.0,0.00349,-0.00349,0.0,0.0,0.0,0.0,0.00017,-0.00017,0.0,0.0,0.0
1,1360,30002.8,CLOSE_2,0.005,0.00349,0.00151,0.005,0.0,0.005,0.005,0.00017,0.00483,0.005,0.0,0.005
1,1361,30021.6,CLOSE_2,0.01,0.00524,0.00476,0.01,0.0,0.01,0.01,0.00017,0.00983,0.01,0.0,0.01
1,1362,30042.6,CLOSE_2,0.015,0.00524,0.00976,0.015,0.00183,0.01317,0.015,0.00017,0.01483,0.015,0.00193,0.01307
1,1363,30062.8,CLOSE_2,0.02,0.00698,0.01302,0.02,0.0,0.02,0.02,0.00017,0.01983,0.02,0.0,0.02
1,1364,30083.7,CLOSE_2,0.025,0.00524,0.01976,0.025,0.0,0.025,0.025,0.00017,0.02483,0.025,0.0,0.025
1,1365,30104.5,CLOSE_2,0.03,0.00524,0.02476,0.03,0.0,0.03,0.03,0.00192,0.02808,0.03,0.0,0.03
1,1366,30126.3,CLOSE_2,0.035,0.00524,0.02976,0.035,0.0,0.035,0.035,0.00017,0.03483,0.035,0.0,0.035
1,1367,30146.6,CLOSE_2,0.04,0.00349,0.03651,0.04,0.0,0.04,0.04,0.00017,0.03983,0.04,0.0,0.04
1,1368,30168.8,CLOSE_2,0.045,0.00349,0.04151,0.045,0.00847,0.03653,0.045,0.00192,0.04308,0.045,0.0,0.045
1,1369,30188.7,CLOSE_2,0.05,0.00349,0.04651,0.05,0.0,0.05,0.05,0.00017,0.04983,0.05,0.0058,0.0442
1,1370,30209.0,CLOSE_2,0.055,0.00349,0.05151,0.055,0.0,0.055,0.055,0.00192,0.05308,0.055,0.0058,0.0492
1,1371,30230.6,CLOSE_2,0.06,0.01222,0.04778,0.06,0.00847,0.05153,0.06,0.0054,0.0546,0.06,0.00193,0.05807
1,1372,30251.9,CLOSE_2,0.065,0.01396,0.05104,0.065,0.00017,0.06483,0.065,0.01236,0.05264,0.065,0.00193,0.06307
1,1373,30273.2,CLOSE_2,0.07,0.02094,0.04906,0.07,0.00515,0.06485,0.07,0.01933,0.05067,0.07,0.01354,0.05646
1,1374,30294.0,CLOSE_2,0.075,0.02792,0.04708,0.075,0.01345,0.06155,0.075,0.02803,0.04697,0.075,0.01934,0.05566
1,1375,30314.7,CLOSE_2,0.08,0.04188,0.03812,0.08,0.02507,0.05493,0.08,0.03326,0.04674,0.08,0.02515,0.05485
1,1376,30334.8,CLOSE_2,0.085,0.04538,0.03962,0.085,0.02673,0.05827,0.085,0.04022,0.04478,0.085,0.03288,0.05212
1,1377,30356.0,CLOSE_2,0.09,0.04887,0.04113,0.09,0.03835,0.05165,0.09,0.04719,0.04281,0.09,0.04255,0.04745
1,1378,30376.3,CLOSE_2,0.095,0.06981,0.02519,0.095,0.04665,0.04835,0.095,0.05589,0.03911,0.095,0.05029,0.04471
1,1379,30397.6,CLOSE_2,0.1,0.06981,0.03019,0.1,0.0533,0.0467,0.1,0.06286,0.03714,0.1,0.05803,0.04197
1,1380,30417.2,CLOSE_2,0.105,0.07853,0.02647,0.105,0.06492,0.04008,0.105,0.06982,0.03518,0.105,0.06576,0.03924
1,1381,30437.9,CLOSE_2,0.11,0.08202,0.02798,0.11,0.07156,0.03844,0.11,0.07853,0.03147,0.11,0.0735,0.0365
1,1382,30458.0,CLOSE_2,0.115,0.08726,0.02774,0.115,0.07986,0.03514,0.115,0.0855,0.0295,0.115,0.08124,0.03376
1,1383,30479.6,CLOSE_2,0.12,0.09948,0.02052,0.12,0.08484,0.03516,0.12,0.09246,0.02754,0.12,0.08897,0.03103
1,1384,30501.4,CLOSE_2,0.125,0.09948,0.02552,0.125,0.0948,0.0302,0.125,0.10117,0.02383,0.125,0.09671,0.02829
1,1385,30522.3,CLOSE_2,0.13,0.10297,0.02703,0.13,0.10144,0.02856,0.13,0.10639,0.02361,0.13,0.10058,0.02942
1,1386,30542.2,CLOSE_2,0.135,0.10646,0.02854,0.135,0.10809,0.02691,0.135,0.11161,0.02339,0.135,0.10445,0.03055
1,1387,30563.6,CLOSE_2,0.14,0.11169,0.02831,0.14,0.11473,0.02527,0.14,0.11684,0.02316,0.14,0.10832,0.03168
1,1388,30585.2,CLOSE_2,0.145,0.11344,0.03156,0.145,0.12303,0.02197,0.145,0.12032,0.02468,0.145,0.11025,0.03475
1,1389,30604.3,CLOSE_2,0.15,0.11693,0.03307,0.15,0.12967,0.02033,0.15,0.1238,0.0262,0.15,0.11412,0.03588
1,1390,30626.0,CLOSE_2,0.155,0.11867,0.03633,0.155,0.13465,0.02035,0.155,0.12729,0.02771,0.155,0.11605,0.03895
1,1391,30646.8,CLOSE_2,0.16,0.12216,0.03784,0.16,0.13963,0.02037,0.16,0.12903,0.03097,0.16,0.11799,0.04201
1,1392,30666.9,CLOSE_2,0.165,0.12391,0.04109,0.165,0.14295,0.02205,0.165,0.13599,0.02901,0.165,0.11992,0.04508
1,1393,30688.0,CLOSE_2,0.17,0.1274,0.0426,0.17,0.14461,0.02539,0.17,0.13251,0.03749,0.17,0.12766,0.04234
1,1394,30711.5,CLOSE_2,0.175,0.13089,0.04411,0.175,0.14627,0.02873,0.175,0.13425,0.04075,0.175,0.12573,0.04927
1,1395,30730.1,CLOSE_2,0.18,0.13438,0.04562,0.18,0.14627,0.03373,0.18,0.14122,0.03878,0.18,0.13153,0.04847
1,1396,30751.0,CLOSE_2,0.185,0.13962,0.04538,0.185,0.14793,0.03707,0.185,0.13773,0.04727,0.185,0.12959,0.05541
1,1397,30772.6,CLOSE_2,0.19,0.1466,0.0434,0.19,0.14793,0.04207,0.19,0.14122,0.04878,0.19,0.13153,0.05847
1,1398,30792.2,CLOSE_2,0.195,0.15009,0.04491,0.195,0.14959,0.04541,0.195,0.14644,0.04856,0.195,0.1412,0.0538
1,1399,30812.6,CLOSE_2,0.2,0.15707,0.04293,0.2,0.15291,0.04709,0.2,0.15166,0.04834,0.2,0.1412,0.0588
1,1400,30834.3,CLOSE_2,0.205,0.1623,0.0427,0.205,0.16122,0.04378,0.205,0.1534,0.0516,0.205,0.147,0.058
1,1401,30857.0,CLOSE_2,0.21,0.16754,0.04246,0.21,0.15789,0.05211,0.21,0.15689,0.05311,0.21,0.15474,0.05526
1,1402,30877.4,CLOSE_2,0.215,0.17277,0.04223,0.215,0.16454,0.05046,0.215,0.16908,0.04592,0.215,0.16441,0.05059
1,1403,30899.2,CLOSE_2,0.22,0.17976,0.04024,0.22,0.16952,0.05048,0.22,0.1743,0.0457,0.22,0.16828,0.05172
1,1404,30918.7,CLOSE_2,0.225,0.18499,0.04001,0.225,0.17118,0.05382,0.225,0.18301,0.04199,0.225,0.17021,0.05479
1,1405,30938.2,CLOSE_2,0.23,0.19197,0.03803,0.23,0.18114,0.04886,0.23,0.19345,0.03655,0.23,0.17988,0.05012
1,1406,30960.8,CLOSE_2,0.235,0.20244,0.03256,0.235,0.1911,0.0439,0.235,0.19519,0.03981,0.235,0.18182,0.05318
1,1407,30981.0,CLOSE_2,0.24,0.20768,0.03232,0.24,0.19276,0.04724,0.24,0.20042,0.03958,0.24,0.18762,0.05238
1,1408,31002.1,CLOSE_2,0.245,0.20768,0.03732,0.245,0.19774,0.04726,0.245,0.20738,0.03762,0.245,0.19342,0.05158
1,1409,31021.2,CLOSE_2,0.25,0.2164,0.0336,0.25,0.20936,0.04064,0.25,0.21261,0.03739,0.25,0.19729,0.05271
1,1410,31043.0,CLOSE_2,0.255,0.21815,0.03685,0.255,0.21268,0.04232,0.255,0.21783,0.03717,0.255,0.20696,0.04804
1,1411,31062.8,CLOSE_2,0.26,0.22164,0.03836,0.26,0.21767,0.04233,0.26,0.2248,0.0352,0.26,0.2147,0.0453
1,1412,31085.0,CLOSE_2,0.265,0.22688,0.03812,0.265,0.22763,0.03737,0.265,0.23002,0.03498,0.265,0.22437,0.04063
1,1413,31105.8,CLOSE_2,0.27,0.23211,0.03789,0.27,0.23427,0.03573,0.27,0.23524,0.03476,0.27,0.23404,0.03596
1,1414,31126.0,CLOSE_2,0.275,0.23735,0.03765,0.275,0.23925,0.03575,0.275,0.23873,0.03627,0.275,0.24178,0.03322
1,1415,31148.9,CLOSE_2,0.28,0.24433,0.03567,0.28,0.24921,0.03079,0.28,0.24569,0.03431,0.28,0.24952,0.03048
1,1416,31168.7,CLOSE_2,0.285,0.24607,0.03893,0.285,0.25419,0.03081,0.285,0.2544,0.0306,0.285,0.25919,0.02581
1,1417,31189.7,CLOSE_2,0.29,0.24956,0.04044,0.29,0.25917,0.03083,0.29,0.2544,0.0356,0.29,0.25919,0.03081
1,1418,31210.1,CLOSE_2,0.295,0.25131,0.04369,0.295,0.26249,0.03251,0.295,0.25788,0.03712,0.295,0.26112,0.03388
1,1419,31231.5,CLOSE_2,0.3,0.2548,0.0452,0.3,0.26747,0.03253,0.3,0.26136,0.03864,0.3,0.26886,0.03114
1,1420,31250.8,CLOSE_2,0.305,0.25654,0.04846,0.305,0.2708,0.0342,0.305,0.2631,0.0419,0.305,0.26886,0.03614
1,1421,31272.2,CLOSE_2,0.31,0.26178,0.04822,0.31,0.27578,0.03422,0.31,0.26659,0.04341,0.31,0.27466,0.03534
1,1422,31292.3,CLOSE_2,0.315,0.26527,0.04973,0.315,0.2791,0.0359,0.315,0.26833,0.04667,0.315,0.27466,0.04034
1,1423,31312.5,CLOSE_2,0.32,0.27225,0.04775,0.32,0.28408,0.03592,0.32,0.27181,0.04819,0.32,0.27853,0.04147
1,1424,31333.4,CLOSE_2,0.325,0.27923,0.04577,0.325,0.29072,0.03428,0.325,0.27355,0.05145,0.325,0.2882,0.0368
1,1425,31354.3,CLOSE_2,0.33,0.2897,0.0403,0.33,0.30234,0.02766,0.33,0.28052,0.04948,0.33,0.28627,0.04373
1,1426,31375.1,CLOSE_2,0.335,0.29494,0.04006,0.335,0.30234,0.03266,0.335,0.28574,0.04926,0.335,0.2882,0.0468
1,1427,31396.3,CLOSE_2,0.34,0.29843,0.04157,0.34,0.30732,0.03268,0.34,0.29096,0.04904,0.34,0.294,0.046
1,1428,31417.2,CLOSE_2,0.345,0.30541,0.03959,0.345,0.31396,0.03104,0.345,0.29793,0.04707,0.345,0.30368,0.04132
1,1429,31438.4,CLOSE_2,0.35,0.31065,0.03935,0.35,0.31728,0.03272,0.35,0.30315,0.04685,0.35,0.30368,0.04632
1,1430,31461.4,CLOSE_2,0.355,0.31763,0.03737,0.355,0.32226,0.03274,0.355,0.3136,0.0414,0.355,0.30754,0.04746
1,1431,31480.0,CLOSE_2,0.36,0.32461,0.03539,0.36,0.32725,0.03275,0.36,0.31882,0.04118,0.36,0.31335,0.04665
1,1432,31502.6,CLOSE_2,0.365,0.33508,0.02992,0.365,0.33887,0.02613,0.365,0.32231,0.04269,0.365,0.32882,0.03618
1,1433,31523.9,CLOSE_2,0.37,0.33508,0.03492,0.37,0.33887,0.03113,0.37,0.33275,0.03725,0.37,0.32689,0.04311
1,1434,31543.5,CLOSE_2,0.375,0.34031,0.03469,0.375,0.34551,0.02949,0.375,0.33449,0.04051,0.375,0.33075,0.04425
1,1435,31563.6,CLOSE_2,0.38,0.34555,0.03445,0.38,0.35049,0.02951,0.38,0.34146,0.03854,0.38,0.33656,0.04344
1,1436,31584.7,CLOSE_2,0.385,0.35079,0.03421,0.385,0.35547,0.02953,0.385,0.35017,0.03483,0.385,0.34623,0.03877
1,1437,31603.9,CLOSE_2,0.39,0.35777,0.03223,0.39,0.36543,0.02457,0.39,0.35539,0.03461,0.39,0.3501,0.0399
1,1438,31626.0,CLOSE_2,0.395,0.363,0.032,0.395,0.36543,0.02957,0.395,0.35887,0.03613,0.395,0.35397,0.04103
1,1439,31647.4,CLOSE_2,0.4,0.363,0.037,0.4,0.37041,0.02959,0.4,0.36235,0.03765,0.4,0.3559,0.0441
1,1440,31667.1,CLOSE_2,0.405,0.36998,0.03502,0.405,0.38204,0.02296,0.405,0.36932,0.03568,0.405,0.35977,0.04523
1,1441,31689.4,CLOSE_2,0.41,0.36998,0.04002,0.41,0.37871,0.03129,0.41,0.3728,0.0372,0.41,0.36364,0.04636
1,1442,31711.3,CLOSE_2,0.415,0.37347,0.04153,0.415,0.3837,0.0313,0.415,0.37977,0.03523,0.415,0.3675,0.0475
1,1443,31729.9,CLOSE_2,0.42,0.37871,0.04129,0.42,0.38702,0.03298,0.42,0.38151,0.03849,0.42,0.37331,0.04669
1,1444,31751.3,CLOSE_2,0.425,0.38394,0.04106,0.425,0.392,0.033,0.425,0.38499,0.04001,0.425,0.37331,0.05169
1,1445,31772.8,CLOSE_2,0.43,0.38743,0.04257,0.43,0.39698,0.03302,0.43,0.38847,0.04153,0.43,0.37911,0.05089
1,1446,31795.2,CLOSE_2,0.435,0.39092,0.04408,0.435,0.39864,0.03636,0.435,0.39544,0.03956,0.435,0.38104,0.05396
1,1447,31813.4,CLOSE_2,0.44,0.39616,0.04384,0.44,0.40694,0.03306,0.44,0.39718,0.04282,0.44,0.39072,0.04928
1,1448,31833.4,CLOSE_2,0.445,0.40489,0.04011,0.445,0.41192,0.03308,0.445,0.40589,0.03911,0.445,0.39458,0.05042
1,1449,31855.6,CLOSE_2,0.45,0.40663,0.04337,0.45,0.41856,0.03144,0.45,0.40763,0.04237,0.45,0.39652,0.05348
1,1450,31875.8,CLOSE_2,0.455,0.41187,0.04313,0.455,0.4252,0.0298,0.455,0.41459,0.04041,0.455,0.40812,0.04688
1,1451,31898.7,CLOSE_2,0.46,0.4171,0.0429,0.46,0.43018,0.02982,0.46,0.41807,0.04193,0.46,0.41006,0.04994
1,1452,31919.6,CLOSE_2,0.465,0.42408,0.04092,0.465,0.43683,0.02817,0.465,0.42504,0.03996,0.465,0.41779,0.04721
1,1453,31940.6,CLOSE_2,0.47,0.43281,0.03719,0.47,0.44845,0.02155,0.47,0.43549,0.03451,0.47,0.42747,0.04253
1,1454,31961.2,CLOSE_2,0.475,0.4363,0.0387,0.475,0.44845,0.02655,0.475,0.43375,0.04125,0.475,0.43327,0.04173
1,1455,31981.2,CLOSE_2,0.48,0.44328,0.03672,0.48,0.45675,0.02325,0.48,0.43897,0.04103,0.48,0.4352,0.0448
1,1456,32002.6,CLOSE_2,0.485,0.44852,0.03648,0.485,0.45841,0.02659,0.485,0.44942,0.03558,0.485,0.44294,0.04206
1,1457,32021.2,CLOSE_2,0.49,0.44852,0.04148,0.49,0.46505,0.02495,0.49,0.44942,0.04058,0.49,0.44874,0.04126
1,1458,32042.7,CLOSE_2,0.495,0.45375,0.04125,0.495,0.47335,0.02165,0.495,0.45638,0.03862,0.495,0.45648,0.03852
1,1459,32064.7,CLOSE_2,0.5,0.45899,0.04101,0.5,0.48165,0.01835,0.5,0.46335,0.03665,0.5,0.46035,0.03965
1,1460,32086.4,CLOSE_2,0.505,0.46597,0.03903,0.5,0.49162,0.00838,0.505,0.46509,0.03991,0.5,0.46615,0.03385
1,1461,32107.6,CLOSE_2,0.51,0.47993,0.03007,0.5,0.4966,0.0034,0.51,0.47031,0.03969,0.5,0.47195,0.02805
1,1462,32128.0,CLOSE_2,0.515,0.47469,0.04031,0.5,0.49992,8e-05,0.515,0.47379,0.04121,0.5,0.47582,0.02418
1,1463,32148.0,CLOSE_2,0.52,0.47818,0.04182,0.5,0.50324,-0.00324,0.52,0.47554,0.04446,0.5,0.47969,0.02031
1,1464,32169.1,CLOSE_2,0.525,0.47993,0.04507,0.5,0.50656,-0.00656,0.525,0.47902,0.04598,0.5,0.48356,0.01644
1,1465,32190.7,CLOSE_2,0.53,0.48866,0.04134,0.5,0.50988,-0.00988,0.53,0.4825,0.0475,0.5,0.48936,0.01064
1,1466,32210.8,CLOSE_2,0.535,0.49215,0.04285,0.5,0.5132,-0.0132,0.535,0.49121,0.04379,0.5,0.4913,0.0087
1,1467,32230.0,CLOSE_2,0.54,0.50436,0.03564,0.5,0.5132,-0.0132,0.54,0.49817,0.04183,0.5,0.49516,0.00484
1,1468,32250.2,CLOSE_2,0.545,0.51309,0.03191,0.5,0.5132,-0.0132,0.545,0.50514,0.03986,0.5,0.49516,0.00484
1,1469,32271.5,CLOSE_2,0.55,0.51483,0.03517,0.5,0.51154,-0.01154,0.55,0.51384,0.03616,0.5,0.4971,0.0029
1,1470,32292.7,CLOSE_2,0.555,0.51832,0.03668,0.5,0.5132,-0.0132,0.555,0.52255,0.03245,0.5,0.4971,0.0029
1,1471,32312.8,CLOSE_2,0.56,0.53403,0.02597,0.5,0.5132,-0.0132,0.56,0.52777,0.03223,0.5,0.49903,0.00097
1,1472,32335.7,CLOSE_2,0.565,0.53578,0.02922,0.5,0.5132,-0.0132,0.565,0.52951,0.03549,0.5,0.4971,0.0029
1,1473,32356.8,CLOSE_2,0.57,0.53752,0.03248,0.5,0.5132,-0.0132,0.57,0.53126,0.03874,0.5,0.4971,0.0029
1,1474,32378.2,CLOSE_2,0.575,0.54625,0.02875,0.5,0.51486,-0.01486,0.575,0.533,0.042,0.5,0.50097,-0.00097
1,1475,32399.8,CLOSE_2,0.58,0.5445,0.0355,0.5,0.5132,-0.0132,0.58,0.54344,0.03656,0.5,0.4971,0.0029
1,1476,32419.1,CLOSE_2,0.585,0.54625,0.03875,0.5,0.5132,-0.0132,0.585,0.53996,0.04504,0.5,0.49903,0.00097
1,1477,32437.2,CLOSE_2,0.59,0.55497,0.03503,0.5,0.5132,-0.0132,0.59,0.54519,0.04481,0.5,0.49903,0.00097
1,1478,32458.8,CLOSE_2,0.595,0.55323,0.04177,0.5,0.5132,-0.0132,0.595,0.54867,0.04633,0.5,0.4971,0.0029
1,1479,32481.0,CLOSE_2,0.6,0.55672,0.04328,0.5,0.5132,-0.0132,0.6,0.54867,0.05133,0.5,0.4971,0.0029
1,1480,32501.3,CLOSE_2,0.605,0.5637,0.0413,0.5,0.5132,-0.0132,0.605,0.56086,0.04414,0.5,0.4971,0.0029
1,1481,32525.9,CLOSE_2,0.61,0.56545,0.04455,0.5,0.5132,-0.0132,0.61,0.56956,0.04044,0.5,0.49903,0.00097
1,1482,32545.4,CLOSE_2,0.615,0.57068,0.04432,0.5,0.51486,-0.01486,0.615,0.56956,0.04544,0.5,0.49903,0.00097
1,1483,32564.8,CLOSE_2,0.62,0.57766,0.04234,0.5,0.5132,-0.0132,0.62,0.57479,0.04521,0.5,0.49903,0.00097
1,1484,32586.2,CLOSE_2,0.625,0.58639,0.03861,0.5,0.5132,-0.0132,0.625,0.58001,0.04499,0.5,0.49903,0.00097
1,1485,32607.5,CLOSE_2,0.63,0.58464,0.04536,0.5,0.51486,-0.01486,0.63,0.59046,0.03954,0.5,0.4971,0.0029
1,1486,32626.7,CLOSE_2,0.635,0.59162,0.04338,0.5,0.5132,-0.0132,0.635,0.5922,0.0428,0.5,0.49903,0.00097
1,1487,32647.2,CLOSE_2,0.64,0.59337,0.04663,0.5,0.5132,-0.0132,0.64,0.59568,0.04432,0.5,0.49903,0.00097
1,1488,32666.8,CLOSE_2,0.645,0.60035,0.04465,0.5,0.5132,-0.0132,0.645,0.60613,0.03887,0.5,0.4971,0.0029
1,1489,32688.8,CLOSE_2,0.65,0.60384,0.04616,0.5,0.51486,-0.01486,0.65,0.60613,0.04387,0.5,0.49903,0.00097
1,1490,32708.7,CLOSE_2,0.655,0.61431,0.04069,0.5,0.5132,-0.0132,0.655,0.60961,0.04539,0.5,0.49903,0.00097
1,1491,32729.3,CLOSE_2,0.66,0.6178,0.0422,0.5,0.5132,-0.0132,0.66,0.61484,0.04516,0.5,0.49903,0.00097
1,1492,32750.3,CLOSE_2,0.665,0.6178,0.0472,0.5,0.51486,-0.01486,0.665,0.62528,0.03972,0.5,0.49903,0.00097
1,1493,32771.9,CLOSE_2,0.67,0.63002,0.03998,0.5,0.5132,-0.0132,0.67,0.62354,0.04646,0.5,0.4971,0.0029
1,1494,32794.9,CLOSE_2,0.675,0.63002,0.04498,0.5,0.5132,-0.0132,0.675,0.62877,0.04623,0.5,0.4971,0.0029
1,1495,32816.0,CLOSE_2,0.68,0.63351,0.04649,0.5,0.51486,-0.01486,0.68,0.63399,0.04601,0.5,0.49903,0.00097
1,1496,32836.1,CLOSE_2,0.685,0.63874,0.04626,0.5,0.5132,-0.0132,0.685,0.64095,0.04405,0.5,0.49903,0.00097
1,1497,32855.3,CLOSE_2,0.69,0.64398,0.04602,0.5,0.51486,-0.01486,0.69,0.6427,0.0473,0.5,0.49903,0.00097
1,1498,32877.9,CLOSE_2,0.695,0.64921,0.04579,0.5,0.5132,-0.0132,0.695,0.64792,0.04708,0.5,0.49903,0.00097
1,1499,32899.4,CLOSE_2,0.7,0.6562,0.0438,0.5,0.5132,-0.0132,0.7,0.65314,0.04686,0.5,0.49903,0.00097
1,1500,32918.3,CLOSE_2,0.705,0.66143,0.04357,0.5,0.5132,-0.0132,0.705,0.65837,0.04663,0.5,0.50097,-0.00097
1,1501,32938.3,CLOSE_2,0.71,0.66492,0.04508,0.5,0.51486,-0.01486,0.71,0.66359,0.04641,0.5,0.49903,0.00097
1,1502,32959.7,CLOSE_2,0.715,0.6719,0.0431,0.5,0.5132,-0.0132,0.715,0.6723,0.0427,0.5,0.49903,0.00097
1,1503,32980.7,CLOSE_2,0.72,0.67714,0.04286,0.5,0.5132,-0.0132,0.72,0.67752,0.04248,0.5,0.4971,0.0029
1,1504,33001.0,CLOSE_2,0.725,0.68935,0.03565,0.5,0.5132,-0.0132,0.725,0.70712,0.01788,0.5,0.4971,0.0029
1,1505,33022.9,CLOSE_2,0.73,0.68761,0.04239,0.5,0.5132,-0.0132,0.73,0.68449,0.04551,0.5,0.49903,0.00097
1,1506,33045.6,CLOSE_2,0.735,0.69284,0.04216,0.5,0.51486,-0.01486,0.735,0.69145,0.04355,0.5,0.49903,0.00097
1,1507,33065.8,CLOSE_2,0.74,0.69983,0.04017,0.5,0.51652,-0.01652,0.74,0.69667,0.04333,0.5,0.49903,0.00097
1,1508,33086.9,CLOSE_2,0.745,0.70332,0.04168,0.5,0.5132,-0.0132,0.745,0.70364,0.04136,0.5,0.4971,0.0029
1,1509,33107.0,CLOSE_2,0.75,0.70855,0.04145,0.5,0.51486,-0.01486,0.75,0.70538,0.04462,0.5,0.50097,-0.00097
1,1510,33129.1,CLOSE_2,0.755,0.72077,0.03423,0.5,0.51486,-0.01486,0.755,0.7106,0.0444,0.5,0.49903,0.00097
1,1511,33150.0,CLOSE_2,0.76,0.71728,0.04272,0.5,0.51486,-0.01486,0.76,0.71583,0.04417,0.5,0.5029,-0.0029
1,1512,33168.2,CLOSE_2,0.765,0.72077,0.04423,0.5,0.5132,-0.0132,0.765,0.71931,0.04569,0.5,0.4971,0.0029
1,1513,33188.2,CLOSE_2,0.77,0.726,0.044,0.5,0.5132,-0.0132,0.77,0.72453,0.04547,0.5,0.49903,0.00097
1,1514,33209.1,CLOSE_2,0.775,0.73298,0.04202,0.5,0.51486,-0.01486,0.775,0.72802,0.04698,0.5,0.50097,-0.00097
1,1515,33231.8,CLOSE_2,0.78,0.73473,0.04527,0.5,0.51486,-0.01486,0.78,0.7315,0.0485,0.5,0.49903,0.00097
1,1516,33252.5,CLOSE_2,0.785,0.73822,0.04678,0.5,0.5132,-0.0132,0.785,0.73672,0.04828,0.5,0.4971,0.0029
1,1517,33273.0,CLOSE_2,0.79,0.74695,0.04305,0.5,0.5132,-0.0132,0.79,0.74195,0.04805,0.5,0.49903,0.00097
1,1518,33293.5,CLOSE_2,0.795,0.74869,0.04631,0.5,0.5132,-0.0132,0.795,0.75065,0.04435,0.5,0.49903,0.00097
1,1519,33314.1,CLOSE_2,0.8,0.75567,0.04433,0.5,0.5132,-0.0132,0.8,0.75239,0.04761,0.5,0.49903,0.00097
1,1520,33335.4,CLOSE_2,0.805,0.76614,0.03886,0.5,0.5132,-0.0132,0.805,0.75762,0.04738,0.5,0.4971,0.0029
1,1521,33357.5,CLOSE_2,0.81,0.76614,0.04386,0.5,0.51486,-0.01486,0.81,0.76458,0.04542,0.5,0.49903,0.00097
1,1522,33376.9,CLOSE_2,0.815,0.77312,0.04188,0.5,0.51818,-0.01818,0.815,0.76981,0.04519,0.5,0.49903,0.00097
1,1523,33398.3,CLOSE_2,0.82,0.77661,0.04339,0.5,0.51486,-0.01486,0.82,0.77329,0.04671,0.5,0.49903,0.00097
1,1524,33418.2,CLOSE_2,0.825,0.7801,0.0449,0.5,0.51486,-0.01486,0.825,0.77851,0.04649,0.5,0.4971,0.0029
1,1525,33438.6,CLOSE_2,0.83,0.79058,0.03942,0.5,0.51652,-0.01652,0.83,0.782,0.048,0.5,0.49903,0.00097
1,1526,33459.3,CLOSE_2,0.835,0.79756,0.03744,0.5,0.5132,-0.0132,0.835,0.79418,0.04082,0.5,0.4971,0.0029
1,1527,33483.4,CLOSE_2,0.84,0.79581,0.04419,0.5,0.51486,-0.01486,0.84,0.79418,0.04582,0.5,0.49903,0.00097
1,1528,33504.4,CLOSE_2,0.845,0.80279,0.04221,0.5,0.5132,-0.0132,0.845,0.80289,0.04211,0.5,0.49903,0.00097
1,1529,33524.6,CLOSE_2,0.85,0.80803,0.04197,0.5,0.51486,-0.01486,0.85,0.80811,0.04189,0.5,0.49903,0.00097
1,1530,33543.9,CLOSE_2,0.855,0.80977,0.04523,0.5,0.51486,-0.01486,0.855,0.80463,0.05037,0.5,0.49903,0.00097
1,1531,33566.1,CLOSE_2,0.86,0.82199,0.03801,0.5,0.51486,-0.01486,0.86,0.81856,0.04144,0.5,0.49903,0.00097
1,1532,33585.6,CLOSE_2,0.865,0.82024,0.04476,0.5,0.51486,-0.01486,0.865,0.81508,0.04992,0.5,0.49903,0.00097
1,1533,33609.8,CLOSE_2,0.87,0.82548,0.04452,0.5,0.51486,-0.01486,0.87,0.8203,0.0497,0.5,0.49903,0.00097
1,1534,33628.6,CLOSE_2,0.875,0.82897,0.04603,0.5,0.5132,-0.0132,0.875,0.82379,0.05121,0.5,0.49903,0.00097
1,1535,33648.1,CLOSE_2,0.88,0.83944,0.04056,0.5,0.5132,-0.0132,0.88,0.83597,0.04403,0.5,0.49903,0.00097
1,1536,33667.6,CLOSE_2,0.885,0.84468,0.04032,0.5,0.51486,-0.01486,0.885,0.83423,0.05077,0.5,0.49903,0.00097
1,1537,33688.3,CLOSE_2,0.89,0.84642,0.04358,0.5,0.51486,-0.01486,0.89,0.84642,0.04358,0.5,0.49903,0.00097
1,1538,33709.4,CLOSE_2,0.895,0.84817,0.04683,0.5,0.51486,-0.01486,0.895,0.85165,0.04335,0.5,0.49903,0.00097
1,1539,33729.7,CLOSE_2,0.9,0.84991,0.05009,0.5,0.51818,-0.01818,0.9,0.85513,0.04487,0.5,0.4971,0.0029
1,1540,33750.0,CLOSE_2,0.905,0.85515,0.04985,0.5,0.51652,-0.01652,0.905,0.85687,0.04813,0.5,0.49903,0.00097
1,1541,33770.8,CLOSE_2,0.91,0.86038,0.04962,0.5,0.51818,-0.01818,0.91,0.86035,0.04965,0.5,0.49903,0.00097
1,1542,33792.7,CLOSE_2,0.915,0.86736,0.04764,0.5,0.51486,-0.01486,0.915,0.86558,0.04942,0.5,0.49903,0.00097
1,1543,33814.9,CLOSE_2,0.92,0.87609,0.04391,0.5,0.51486,-0.01486,0.92,0.87428,0.04572,0.5,0.49903,0.00097
1,1544,33834.0,CLOSE_2,0.925,0.87784,0.04716,0.5,0.51486,-0.01486,0.925,0.87951,0.04549,0.5,0.49903,0.00097
1,1545,33854.1,CLOSE_2,0.93,0.87958,0.05042,0.5,0.5132,-0.0132,0.93,0.88125,0.04875,0.5,0.49903,0.00097
1,1546,33875.5,CLOSE_2,0.935,0.89005,0.04495,0.5,0.51486,-0.01486,0.935,0.88647,0.04853,0.5,0.49903,0.00097
1,1547,33896.3,CLOSE_2,0.94,0.89703,0.04297,0.5,0.5132,-0.0132,0.94,0.89169,0.04831,0.5,0.49903,0.00097
1,1548,33918.0,CLOSE_2,0.945,0.89529,0.04971,0.5,0.5132,-0.0132,0.945,0.89692,0.04808,0.5,0.49903,0.00097
1,1549,33938.7,CLOSE_2,0.95,0.90227,0.04773,0.5,0.5132,-0.0132,0.95,0.90388,0.04612,0.5,0.49903,0.00097
1,1550,33960.1,CLOSE_2,0.955,0.91274,0.04226,0.5,0.51486,-0.01486,0.955,0.90911,0.04589,0.5,0.49903,0.00097
1,1551,33980.2,CLOSE_2,0.96,0.91099,0.04901,0.5,0.51486,-0.01486,0.96,0.91607,0.04393,0.5,0.49903,0.00097
1,1552,34000.5,CLOSE_2,0.965,0.91623,0.04877,0.5,0.51486,-0.01486,0.965,0.9213,0.0437,0.5,0.49903,0.00097
1,1553,34022.6,CLOSE_2,0.97,0.91972,0.05028,0.5,0.5132,-0.0132,0.97,0.92652,0.04348,0.5,0.49903,0.00097
1,1554,34043.3,CLOSE_2,0.975,0.92321,0.05179,0.5,0.51486,-0.01486,0.975,0.93174,0.04326,0.5,0.49903,0.00097
1,1555,34064.2,CLOSE_2,0.98,0.93368,0.04632,0.5,0.5132,-0.0132,0.98,0.93871,0.04129,0.5,0.49903,0.00097
1,1556,34084.9,CLOSE_2,0.985,0.93543,0.04957,0.5,0.5132,-0.0132,0.985,0.94219,0.04281,0.5,0.49903,0.00097
1,1557,34105.8,CLOSE_2,0.99,0.93892,0.05108,0.5,0.51486,-0.01486,0.99,0.94567,0.04433,0.5,0.49903,0.00097
1,1558,34127.3,CLOSE_2,0.995,0.94415,0.05085,0.5,0.51486,-0.01486,0.995,0.94916,0.04584,0.5,0.49903,0.00097
1,1559,34148.9,CLOSE_2,1.0,0.94764,0.05236,0.5,0.51486,-0.01486,1.0,0.95786,0.04214,0.5,0.49903,0.00097
1,1560,34155.6,HOLD_2,1.0,0.95637,0.04363,0.5,0.5132,-0.0132,1.0,0.95264,0.04736,0.5,0.49903,0.00097
1,1561,34177.7,HOLD_2,1.0,0.95288,0.04712,0.5,0.51486,-0.01486,1.0,0.96657,0.03343,0.5,0.49903,0.00097
1,1562,34195.8,HOLD_2,1.0,0.9651,0.0349,0.5,0.51486,-0.01486,1.0,0.96309,0.03691,0.5,0.49903,0.00097
1,1563,34216.2,HOLD_2,1.0,0.96161,0.03839,0.5,0.51486,-0.01486,1.0,0.96657,0.03343,0.5,0.49903,0.00097
1,1564,34237.6,HOLD_2,1.0,0.97382,0.02618,0.5,0.5132,-0.0132,1.0,0.97179,0.02821,0.5,0.49903,0.00097
1,1565,34261.2,HOLD_2,1.0,0.97033,0.02967,0.5,0.51486,-0.01486,1.0,0.97702,0.02298,0.5,0.50097,-0.00097
1,1566,34281.6,HOLD_2,1.0,0.97382,0.02618,0.5,0.51486,-0.01486,1.0,0.9805,0.0195,0.5,0.49903,0.00097
1,1567,34301.5,HOLD_2,1.0,0.98255,0.01745,0.5,0.51486,-0.01486,1.0,0.98398,0.01602,0.5,0.49903,0.00097
1,1568,34322.0,HOLD_2,1.0,0.97731,0.02269,0.5,0.51486,-0.01486,1.0,0.98398,0.01602,0.5,0.4971,0.0029
1,1569,34343.8,HOLD_2,1.0,0.9808,0.0192,0.5,0.51486,-0.01486,1.0,0.98572,0.01428,0.5,0.49903,0.00097
1,1570,34365.1,HOLD_2,1.0,0.98255,0.01745,0.5,0.5132,-0.0132,1.0,0.98572,0.01428,0.5,0.49903,0.00097
1,1571,34386.2,HOLD_2,1.0,0.98778,0.01222,0.5,0.51486,-0.01486,1.0,0.99617,0.00383,0.5,0.49903,0.00097
1,1572,34406.4,HOLD_2,1.0,0.97906,0.02094,0.5,0.51818,-0.01818,1.0,0.98572,0.01428,0.5,0.50097,-0.00097
1,1573,34427.4,HOLD_2,1.0,0.9808,0.0192,0.5,0.51486,-0.01486,1.0,0.98746,0.01254,0.5,0.49903,0.00097
1,1574,34447.5,HOLD_2,1.0,0.9808,0.0192,0.5,0.51486,-0.01486,1.0,0.98572,0.01428,0.5,0.49903,0.00097
1,1575,34468.6,HOLD_2,1.0,0.9808,0.0192,0.5,0.51486,-0.01486,1.0,0.98746,0.01254,0.5,0.49903,0.00097
1,1576,34489.6,HOLD_2,1.0,0.98255,0.01745,0.5,0.51652,-0.01652,1.0,0.98746,0.01254,0.5,0.50097,-0.00097
1,1577,34508.9,HOLD_2,1.0,0.97382,0.02618,0.5,0.51486,-0.01486,1.0,0.9892,0.0108,0.5,0.50097,-0.00097
1,1578,34529.7,HOLD_2,1.0,0.9808,0.0192,0.5,0.51486,-0.01486,1.0,0.98746,0.01254,0.5,0.49903,0.00097
1,1579,34553.1,HOLD_2,1.0,0.97557,0.02443,0.5,0.5132,-0.0132,1.0,0.98746,0.01254,0.5,0.49903,0.00097
1,1580,34573.4,HOLD_2,1.0,0.9808,0.0192,0.5,0.51486,-0.01486,1.0,0.97702,0.02298,0.5,0.49903,0.00097
1,1581,34593.4,HOLD_2,1.0,0.97906,0.02094,0.5,0.51486,-0.01486,1.0,0.98746,0.01254,0.5,0.49903,0.00097
1,1582,34613.8,HOLD_2,1.0,0.9808,0.0192,0.5,0.51486,-0.01486,1.0,0.99791,0.00209,0.5,0.49903,0.00097
1,1583,34634.7,HOLD_2,1.0,0.9808,0.0192,0.5,0.51486,-0.01486,1.0,0.98746,0.01254,0.5,0.50097,-0.00097
1,1584,34655.7,HOLD_2,1.0,0.9808,0.0192,0.5,0.51486,-0.01486,1.0,0.98746,0.01254,0.5,0.49903,0.00097
1,1585,34675.6,HOLD_2,1.0,0.98255,0.01745,0.5,0.51486,-0.01486,1.0,0.9892,0.0108,0.5,0.49903,0.00097
1,1586,34695.8,HOLD_2,1.0,0.99127,0.00873,0.5,0.51486,-0.01486,1.0,0.98572,0.01428,0.5,0.50097,-0.00097
1,1587,34716.3,HOLD_2,1.0,0.98429,0.01571,0.5,0.5132,-0.0132,1.0,0.98398,0.01602,0.5,0.49903,0.00097
1,1588,34738.2,HOLD_2,1.0,0.98429,0.01571,0.5,0.51486,-0.01486,1.0,0.98572,0.01428,0.5,0.49903,0.00097
1,1589,34760.7,HOLD_2,1.0,0.98953,0.01047,0.5,0.5132,-0.0132,1.0,0.98572,0.01428,0.5,0.49903,0.00097
1,1590,34781.9,HOLD_2,1.0,0.99127,0.00873,0.5,0.51486,-0.01486,1.0,0.99095,0.00905,0.5,0.49903,0.00097
1,1591,34801.4,HOLD_2,1.0,0.99476,0.00524,0.5,0.51486,-0.01486,1.0,0.99269,0.00731,0.5,0.49903,0.00097
1,1592,34821.3,HOLD_2,1.0,0.99476,0.00524,0.5,0.51486,-0.01486,1.0,0.99443,0.00557,0.5,0.49903,0.00097
1,1593,34842.3,HOLD_2,1.0,0.99651,0.00349,0.5,0.5132,-0.0132,1.0,0.99965,0.00035,0.5,0.49903,0.00097
1,1594,34863.0,HOLD_2,1.0,1.0,0.0,0.5,0.51652,-0.01652,1.0,1.0,0.0,0.5,0.50097,-0.00097
1,1595,34884.6,HOLD_2,1.0,1.0,0.0,0.5,0.51486,-0.01486,1.0,0.99791,0.00209,0.5,0.49903,0.00097
1,1596,34906.3,HOLD_2,1.0,1.0,0.0,0.5,0.51486,-0.01486,1.0,0.99965,0.00035,0.5,0.49903,0.00097
1,1597,34927.0,HOLD_2,1.0,1.0,0.0,0.5,0.51652,-0.01652,1.0,0.99965,0.00035,0.5,0.49903,0.00097
1,1598,34947.7,HOLD_2,1.0,1.0,0.0,0.5,0.51486,-0.01486,1.0,0.99791,0.00209,0.5,0.49903,0.00097
1,1599,34967.2,HOLD_2,1.0,1.0,0.0,0.5,0.5132,-0.0132,1.0,0.99965,0.00035,0.5,0.49903,0.00097
1,1600,34990.9,HOLD_2,1.0,1.0,0.0,0.5,0.51486,-0.01486,1.0,0.99791,0.00209,0.5,0.50097,-0.00097
1,1601,35011.7,HOLD_2,1.0,1.0,0.0,0.5,0.51486,-0.01486,1.0,0.99791,0.00209,0.5,0.49903,0.00097
1,1602,35032.3,HOLD_2,1.0,1.0,0.0,0.5,0.51486,-0.01486,1.0,0.99791,0.00209,0.5,0.49903,0.00097
1,1603,35053.1,HOLD_2,1.0,1.0,0.0,0.5,0.51486,-0.01486,1.0,0.99791,0.00209,0.5,0.49903,0.00097
1,1604,35071.3,HOLD_2,1.0,1.0,0.0,0.5,0.51486,-0.01486,1.0,0.99791,0.00209,0.5,0.49903,0.00097
1,1605,35092.1,HOLD_2,1.0,1.0,0.0,0.5,0.51486,-0.01486,1.0,0.99791,0.00209,0.5,0.49903,0.00097
1,1606,35112.3,HOLD_2,1.0,1.0,0.0,0.5,0.51486,-0.01486,1.0,0.99965,0.00035,0.5,0.49903,0.00097
1,1607,35134.6,HOLD_2,1.0,1.0,0.0,0.5,0.5132,-0.0132,1.0,0.99965,0.00035,0.5,0.4971,0.0029
1,1608,35156.5,HOLD_2,1.0,1.0,0.0,0.5,0.5132,-0.0132,1.0,0.99791,0.00209,0.5,0.49903,0.00097
1,1609,35176.3,HOLD_2,1.0,1.0,0.0,0.5,0.51486,-0.01486,1.0,0.99791,0.00209,0.5,0.49903,0.00097
1,1610,35197.4,HOLD_2,1.0,1.0,0.0,0.5,0.51486,-0.01486,1.0,0.99791,0.00209,0.5,0.49903,0.00097
1,1611,35218.8,HOLD_2,1.0,1.0,0.0,0.5,0.51818,-0.01818,1.0,0.99791,0.00209,0.5,0.49903,0.00097
1,1612,35240.3,HOLD_2,1.0,1.0,0.0,0.5,0.51486,-0.01486,1.0,0.99791,0.00209,0.5,0.49903,0.00097
1,1613,35260.8,HOLD_2,1.0,1.0,0.0,0.5,0.51486,-0.01486,1.0,0.99617,0.00383,0.5,0.49903,0.00097
1,1614,35282.0,HOLD_2,1.0,1.0,0.0,0.5,0.51486,-0.01486,1.0,0.99965,0.00035,0.5,0.50097,-0.00097
1,1615,35302.3,HOLD_2,1.0,1.0,0.0,0.5,0.51486,-0.01486,1.0,0.99791,0.00209,0.5,0.49903,0.00097
1,1616,35322.3,HOLD_2,1.0,1.0,0.0,0.5,0.51652,-0.01652,1.0,0.99965,0.00035,0.5,0.49903,0.00097
1,1617,35342.3,HOLD_2,1.0,1.0,0.0,0.5,0.51486,-0.01486,1.0,0.99965,0.00035,0.5,0.49903,0.00097
1,1618,35362.5,HOLD_2,1.0,0.99825,0.00175,0.5,0.51486,-0.01486,1.0,0.99617,0.00383,0.5,0.50097,-0.00097
1,1619,35383.2,HOLD_2,1.0,1.0,0.0,0.5,0.51486,-0.01486,1.0,0.99791,0.00209,0.5,0.50097,-0.00097
2,1620,36209.8,SETTLE,0.0,0.60209,-0.60209,0.0,0.1662,-0.1662,0.0,0.58523,-0.58523,0.0,0.08124,-0.08124
2,1621,36229.8,SETTLE,0.0,0.59162,-0.59162,0.0,0.15789,-0.15789,0.0,0.57479,-0.57479,0.0,0.06963,-0.06963
2,1622,36251.6,SETTLE,0.0,0.57941,-0.57941,0.0,0.14627,-0.14627,0.0,0.56086,-0.56086,0.0,0.05416,-0.05416
2,1623,36272.4,SETTLE,0.0,0.56545,-0.56545,0.0,0.13797,-0.13797,0.0,0.54867,-0.54867,0.0,0.04642,-0.04642
2,1624,36291.9,SETTLE,0.0,0.55497,-0.55497,0.0,0.12801,-0.12801,0.0,0.53822,-0.53822,0.0,0.03482,-0.03482
2,1625,36314.4,SETTLE,0.0,0.5445,-0.5445,0.0,0.11639,-0.11639,0.0,0.52603,-0.52603,0.0,0.02321,-0.02321
2,1626,36334.3,SETTLE,0.0,0.5288,-0.5288,0.0,0.10643,-0.10643,0.0,0.51036,-0.51036,0.0,0.01547,-0.01547
2,1627,36353.1,SETTLE,0.0,0.51309,-0.51309,0.0,0.09646,-0.09646,0.0,0.49121,-0.49121,0.0,0.0058,-0.0058
2,1628,36377.0,SETTLE,0.0,0.48866,-0.48866,0.0,0.08484,-0.08484,0.0,0.47728,-0.47728,0.0,0.0,0.0
2,1629,36395.1,SETTLE,0.0,0.48342,-0.48342,0.0,0.0782,-0.0782,0.0,0.46683,-0.46683,0.0,0.0,0.0
2,1630,36414.7,SETTLE,0.0,0.46946,-0.46946,0.0,0.06658,-0.06658,0.0,0.45638,-0.45638,0.0,0.0,0.0
2,1631,36436.8,SETTLE,0.0,0.4555,-0.4555,0.0,0.05994,-0.05994,0.0,0.44245,-0.44245,0.0,0.0,0.0
2,1632,36457.5,SETTLE,0.0,0.44328,-0.44328,0.0,0.04665,-0.04665,0.0,0.43026,-0.43026,0.0,0.0,0.0
2,1633,36479.1,SETTLE,0.0,0.43106,-0.43106,0.0,0.03835,-0.03835,0.0,0.41633,-0.41633,0.0,0.0,0.0
2,1634,36500.8,SETTLE,0.0,0.41885,-0.41885,0.0,0.02839,-0.02839,0.0,0.4024,-0.4024,0.0,0.0,0.0
2,1635,36522.8,SETTLE,0.0,0.40663,-0.40663,0.0,0.02341,-0.02341,0.0,0.39021,-0.39021,0.0,0.0,0.0
2,1636,36542.8,SETTLE,0.0,0.39442,-0.39442,0.0,0.01179,-0.01179,0.0,0.37803,-0.37803,0.0,0.0,0.0
2,1637,36564.1,SETTLE,0.0,0.3822,-0.3822,0.0,0.00847,-0.00847,0.0,0.36584,-0.36584,0.0,0.0,0.0
2,1638,36585.4,SETTLE,0.0,0.36998,-0.36998,0.0,0.00017,-0.00017,0.0,0.35191,-0.35191,0.0,0.0,0.0
2,1639,36605.1,SETTLE,0.0,0.36126,-0.36126,0.0,0.0,0.0,0.0,0.33972,-0.33972,0.0,0.0,0.0
2,1640,36625.4,SETTLE,0.0,0.34555,-0.34555,0.0,0.0,0.0,0.0,0.32753,-0.32753,0.0,0.0,0.0
2,1641,36645.3,SETTLE,0.0,0.33508,-0.33508,0.0,0.0,0.0,0.0,0.31708,-0.31708,0.0,0.0,0.0
2,1642,36667.2,SETTLE,0.0,0.32112,-0.32112,0.0,0.0,0.0,0.0,0.30489,-0.30489,0.0,0.0,0.0
2,1643,36686.7,SETTLE,0.0,0.3089,-0.3089,0.0,0.0,0.0,0.0,0.29445,-0.29445,0.0,0.0,0.0
2,1644,36706.7,SETTLE,0.0,0.29668,-0.29668,0.0,0.0,0.0,0.0,0.28226,-0.28226,0.0,0.0,0.0
2,1645,36729.3,SETTLE,0.0,0.28447,-0.28447,0.0,0.0,0.0,0.0,0.27181,-0.27181,0.0,0.0,0.0
2,1646,36751.8,SETTLE,0.0,0.26876,-0.26876,0.0,0.0,0.0,0.0,0.25788,-0.25788,0.0,0.0,0.0
2,1647,36772.9,SETTLE,0.0,0.2548,-0.2548,0.0,0.0,0.0,0.0,0.24569,-0.24569,0.0,0.0,0.0
2,1648,36791.4,SETTLE,0.0,0.24607,-0.24607,0.0,0.0,0.0,0.0,0.2335,-0.2335,0.0,0.0,0.0
2,1649,36811.8,SETTLE,0.0,0.23211,-0.23211,0.0,0.0,0.0,0.0,0.22828,-0.22828,0.0,0.0,0.0
2,1650,36858.0,CLOSE,0.005,0.20593,-0.20093,0.005,0.0,0.005,0.005,0.19868,-0.19368,0.005,0.00193,0.00307
2,1651,36876.0,CLOSE,0.01,0.19721,-0.18721,0.01,0.0,0.01,0.01,0.18649,-0.17649,0.01,0.0058,0.0042
2,1652,36898.4,CLOSE,0.015,0.17976,-0.16476,0.015,0.0,0.015,0.015,0.17256,-0.15756,0.015,0.0058,0.0092
2,1653,36917.6,CLOSE,0.02,0.16754,-0.14754,0.02,0.0,0.02,0.02,0.16211,-0.14211,0.02,0.00387,0.01613
2,1654,36938.7,CLOSE,0.025,0.15532,-0.13032,0.025,0.0,0.025,0.025,0.14992,-0.12492,0.025,0.00387,0.02113
2,1655,36959.3,CLOSE,0.03,0.14136,-0.11136,0.03,0.0,0.03,0.03,0.13773,-0.10773,0.03,0.00387,0.02613
2,1656,36979.8,CLOSE,0.035,0.1274,-0.0924,0.035,0.0,0.035,0.035,0.12903,-0.09403,0.035,0.00387,0.03113
2,1657,37001.6,CLOSE,0.04,0.11518,-0.07518,0.04,0.0,0.04,0.04,0.11684,-0.07684,0.04,0.00387,0.03613
2,1658,37020.8,CLOSE,0.045,0.10646,-0.06146,0.045,0.0,0.045,0.045,0.10291,-0.05791,0.045,0.00387,0.04113
2,1659,37042.4,CLOSE,0.05,0.0925,-0.0425,0.05,0.0,0.05,0.05,0.09246,-0.04246,0.05,0.0058,0.0442
2,1660,37061.9,CLOSE,0.055,0.08202,-0.02702,0.055,0.0,0.055,0.055,0.08201,-0.02701,0.055,0.00774,0.04726
2,1661,37082.3,CLOSE,0.06,0.0733,-0.0133,0.06,0.0,0.06,0.06,0.07157,-0.01157,0.06,0.01161,0.04839
2,1662,37103.4,CLOSE,0.065,0.06632,-0.00132,0.065,0.0,0.065,0.065,0.06112,0.00388,0.065,0.01547,0.04953
2,1663,37124.7,CLOSE,0.07,0.0541,0.0159,0.07,0.00681,0.06319,0.07,0.05415,0.01585,0.07,0.01741,0.05259
2,1664,37147.7,CLOSE,0.075,0.04887,0.02613,0.075,0.01677,0.05823,0.075,0.04545,0.02955,0.075,0.02321,0.05179
2,1665,37168.9,CLOSE,0.08,0.04363,0.03637,0.08,0.02341,0.05659,0.08,0.04022,0.03978,0.08,0.02708,0.05292
2,1666,37187.8,CLOSE,0.085,0.04014,0.04486,0.085,0.03171,0.05329,0.085,0.03848,0.04652,0.085,0.03482,0.05018
2,1667,37208.6,CLOSE,0.09,0.04712,0.04288,0.09,0.04167,0.04833,0.09,0.04371,0.04629,0.09,0.04062,0.04938
2,1668,37229.2,CLOSE,0.095,0.03839,0.05661,0.095,0.04831,0.04669,0.095,0.04022,0.05478,0.095,0.04642,0.04858
2,1669,37250.1,CLOSE,0.1,0.04014,0.05986,0.1,0.0616,0.0384,0.1,0.03674,0.06326,0.1,0.05222,0.04778
2,1670,37271.2,CLOSE,0.105,0.04538,0.05962,0.105,0.06326,0.04174,0.105,0.04196,0.06304,0.105,0.0619,0.0431
2,1671,37292.3,CLOSE,0.11,0.05061,0.05939,0.11,0.07322,0.03678,0.11,0.04545,0.06455,0.11,0.0619,0.0481
2,1672,37312.7,CLOSE,0.115,0.05934,0.05566,0.115,0.07986,0.03514,0.115,0.05589,0.05911,0.115,0.07157,0.04343
2,1673,37335.1,CLOSE,0.12,0.06457,0.05543,0.12,0.09314,0.02686,0.12,0.05938,0.06062,0.12,0.0735,0.0465
2,1674,37355.8,CLOSE,0.125,0.07155,0.05345,0.125,0.09812,0.02688,0.125,0.06982,0.05518,0.125,0.0793,0.0457
2,1675,37377.3,CLOSE,0.13,0.07853,0.05147,0.13,0.10144,0.02856,0.13,0.07505,0.05495,0.13,0.08897,0.04103
2,1676,37398.5,CLOSE,0.135,0.09599,0.03901,0.135,0.10809,0.02691,0.135,0.08375,0.05125,0.135,0.09284,0.04216
2,1677,37418.8,CLOSE,0.14,0.0925,0.0475,0.14,0.11307,0.02693,0.14,0.09246,0.04754,0.14,0.09865,0.04135
2,1678,37439.7,CLOSE,0.145,0.10122,0.04378,0.145,0.11639,0.02861,0.145,0.10117,0.04383,0.145,0.10058,0.04442
2,1679,37460.3,CLOSE,0.15,0.1082,0.0418,0.15,0.11971,0.03029,0.15,0.10987,0.04013,0.15,0.10251,0.04749
2,1680,37480.1,CLOSE,0.155,0.11867,0.03633,0.155,0.12303,0.03197,0.155,0.11684,0.03816,0.155,0.11412,0.04088
2,1681,37499.4,CLOSE,0.16,0.11867,0.04133,0.16,0.12303,0.03697,0.16,0.1238,0.0362,0.16,0.11219,0.04781
2,1682,37520.3,CLOSE,0.165,0.12565,0.03935,0.165,0.12469,0.04031,0.165,0.13077,0.03423,0.165,0.11412,0.05088
2,1683,37541.3,CLOSE,0.17,0.13613,0.03387,0.17,0.13465,0.03535,0.17,0.13599,0.03401,0.17,0.13153,0.03847
2,1684,37562.6,CLOSE,0.175,0.13613,0.03887,0.175,0.13631,0.03869,0.175,0.14122,0.03378,0.175,0.12379,0.05121
2,1685,37582.9,CLOSE,0.18,0.14311,0.03689,0.18,0.13299,0.04701,0.18,0.14644,0.03356,0.18,0.12959,0.05041
2,1686,37604.4,CLOSE,0.185,0.15009,0.03491,0.185,0.13797,0.04703,0.185,0.15166,0.03334,0.185,0.13346,0.05154
2,1687,37625.9,CLOSE,0.19,0.15532,0.03468,0.19,0.14295,0.04705,0.19,0.15689,0.03311,0.19,0.13926,0.05074
2,1688,37646.2,CLOSE,0.195,0.15881,0.03619,0.195,0.14627,0.04873,0.195,0.16037,0.03463,0.195,0.14313,0.05187
2,1689,37668.4,CLOSE,0.2,0.16405,0.03595,0.2,0.15291,0.04709,0.2,0.16908,0.03092,0.2,0.14894,0.05106
2,1690,37687.4,CLOSE,0.205,0.16928,0.03572,0.205,0.16122,0.04378,0.205,0.16908,0.03592,0.205,0.1528,0.0522
2,1691,37708.1,CLOSE,0.21,0.17277,0.03723,0.21,0.16288,0.04712,0.21,0.1743,0.0357,0.21,0.15861,0.05139
2,1692,37729.9,CLOSE,0.215,0.18499,0.03001,0.215,0.16786,0.04714,0.215,0.17778,0.03722,0.215,0.16441,0.05059
2,1693,37749.5,CLOSE,0.22,0.18325,0.03675,0.22,0.1745,0.0455,0.22,0.18301,0.03699,0.22,0.17602,0.04398
2,1694,37770.3,CLOSE,0.225,0.18848,0.03652,0.225,0.17948,0.04552,0.225,0.18997,0.03503,0.225,0.17408,0.05092
2,1695,37791.7,CLOSE,0.23,0.19372,0.03628,0.23,0.18446,0.04554,0.23,0.19171,0.03829,0.23,0.18182,0.04818
2,1696,37812.8,CLOSE,0.235,0.19895,0.03605,0.235,0.1911,0.0439,0.235,0.19868,0.03632,0.235,0.19149,0.04351
2,1697,37834.5,CLOSE,0.24,0.20244,0.03756,0.24,0.19608,0.04392,0.24,0.20042,0.03958,0.24,0.18956,0.05044
2,1698,37855.2,CLOSE,0.245,0.20593,0.03907,0.245,0.20106,0.04394,0.245,0.20738,0.03762,0.245,0.19536,0.04964
2,1699,37875.3,CLOSE,0.25,0.2164,0.0336,0.25,0.20936,0.04064,0.25,0.20738,0.04262,0.25,0.20696,0.04304
2,1700,37896.5,CLOSE,0.255,0.21291,0.04209,0.255,0.21268,0.04232,0.255,0.21435,0.04065,0.255,0.20696,0.04804
2,1701,37916.6,CLOSE,0.26,0.21815,0.04185,0.26,0.21933,0.04067,0.26,0.21609,0.04391,0.26,0.2205,0.0395
2,1702,37937.5,CLOSE,0.265,0.22339,0.04161,0.265,0.22597,0.03903,0.265,0.22131,0.04369,0.265,0.22244,0.04256
2,1703,37958.2,CLOSE,0.27,0.23211,0.03789,0.27,0.23759,0.03241,0.27,0.22654,0.04346,0.27,0.23211,0.03789
2,1704,37979.6,CLOSE,0.275,0.23211,0.04289,0.275,0.24091,0.03409,0.275,0.23176,0.04324,0.275,0.23985,0.03515
2,1705,38002.4,CLOSE,0.28,0.23909,0.04091,0.28,0.24921,0.03079,0.28,0.23698,0.04302,0.28,0.24758,0.03242
2,1706,38021.5,CLOSE,0.285,0.24433,0.04067,0.285,0.25253,0.03247,0.285,0.24047,0.04453,0.285,0.25145,0.03355
2,1707,38041.7,CLOSE,0.29,0.24782,0.04218,0.29,0.25917,0.03083,0.29,0.24569,0.04431,0.29,0.25532,0.03468
2,1708,38062.3,CLOSE,0.295,0.25305,0.04195,0.295,0.26249,0.03251,0.295,0.25091,0.04409,0.295,0.25919,0.03581
2,1709,38085.2,CLOSE,0.3,0.25829,0.04171,0.3,0.26747,0.03253,0.3,0.25614,0.04386,0.3,0.26306,0.03694
2,1710,38106.5,CLOSE,0.305,0.26353,0.04147,0.305,0.2708,0.0342,0.305,0.26136,0.04364,0.305,0.26499,0.04001
2,1711,38126.6,CLOSE,0.31,0.26876,0.04124,0.31,0.27578,0.03422,0.31,0.26833,0.04167,0.31,0.27079,0.03921
2,1712,38148.1,CLOSE,0.315,0.27225,0.04275,0.315,0.28076,0.03424,0.315,0.27355,0.04145,0.315,0.27273,0.04227
2,1713,38169.3,CLOSE,0.32,0.27574,0.04426,0.32,0.28574,0.03426,0.32,0.28226,0.03774,0.32,0.27853,0.04147
2,1714,38187.7,CLOSE,0.325,0.27923,0.04577,0.325,0.29072,0.03428,0.325,0.28748,0.03752,0.325,0.28046,0.04454
2,1715,38208.5,CLOSE,0.33,0.28272,0.04728,0.33,0.2957,0.0343,0.33,0.28574,0.04426,0.33,0.28627,0.04373
2,1716,38233.8,CLOSE,0.335,0.2897,0.0453,0.335,0.30068,0.03432,0.335,0.28748,0.04752,0.335,0.294,0.041
2,1717,38252.8,CLOSE,0.34,0.29668,0.04332,0.34,0.30566,0.03434,0.34,0.28922,0.05078,0.34,0.29594,0.04406
2,1718,38272.5,CLOSE,0.345,0.30366,0.04134,0.345,0.31064,0.03436,0.345,0.29445,0.05055,0.345,0.30561,0.03939
2,1719,38293.6,CLOSE,0.35,0.31065,0.03935,0.35,0.31562,0.03438,0.35,0.29967,0.05033,0.35,0.30948,0.04052
2,1720,38312.7,CLOSE,0.355,0.31239,0.04261,0.355,0.31728,0.03772,0.355,0.30663,0.04837,0.355,0.30948,0.04552
2,1721,38333.5,CLOSE,0.36,0.31588,0.04412,0.36,0.32226,0.03774,0.36,0.31186,0.04814,0.36,0.31721,0.04279
2,1722,38354.9,CLOSE,0.365,0.32461,0.04039,0.365,0.32891,0.03609,0.365,0.31882,0.04618,0.365,0.32302,0.04198
2,1723,38375.5,CLOSE,0.37,0.33159,0.03841,0.37,0.33389,0.03611,0.37,0.32405,0.04595,0.37,0.32689,0.04311
2,1724,38397.5,CLOSE,0.375,0.34206,0.03294,0.375,0.33555,0.03945,0.375,0.33101,0.04399,0.375,0.33075,0.04425
2,1725,38418.2,CLOSE,0.38,0.3438,0.0362,0.38,0.34219,0.03781,0.38,0.33624,0.04376,0.38,0.33462,0.04538
2,1726,38436.6,CLOSE,0.385,0.34729,0.03771,0.385,0.34883,0.03617,0.385,0.34146,0.04354,0.385,0.34236,0.04264
2,1727,38457.7,CLOSE,0.39,0.35253,0.03747,0.39,0.35381,0.03619,0.39,0.34842,0.04158,0.39,0.3501,0.0399
2,1728,38478.2,CLOSE,0.395,0.35602,0.03898,0.395,0.36045,0.03455,0.395,0.35713,0.03787,0.395,0.35397,0.04103
2,1729,38499.7,CLOSE,0.4,0.36126,0.03874,0.4,0.37207,0.02793,0.4,0.35887,0.04113,0.4,0.3559,0.0441
2,1730,38520.7,CLOSE,0.405,0.36824,0.03676,0.405,0.37207,0.03293,0.405,0.36758,0.03742,0.405,0.36364,0.04136
2,1731,38543.3,CLOSE,0.41,0.37173,0.03827,0.41,0.37871,0.03129,0.41,0.36932,0.04068,0.41,0.36364,0.04636
2,1732,38563.8,CLOSE,0.415,0.37522,0.03978,0.415,0.3837,0.0313,0.415,0.37628,0.03872,0.415,0.37137,0.04363
2,1733,38585.0,CLOSE,0.42,0.38569,0.03431,0.42,0.38868,0.03132,0.42,0.38151,0.03849,0.42,0.37718,0.04282
2,1734,38606.0,CLOSE,0.425,0.39092,0.03408,0.425,0.39864,0.02636,0.425,0.38673,0.03827,0.425,0.38298,0.04202
2,1735,38624.9,CLOSE,0.43,0.39267,0.03733,0.43,0.4003,0.0297,0.43,0.39196,0.03804,0.43,0.39072,0.03928
2,1736,38645.0,CLOSE,0.435,0.39616,0.03884,0.435,0.40694,0.02806,0.435,0.39544,0.03956,0.435,0.38298,0.05202
2,1737,38666.6,CLOSE,0.44,0.40663,0.03337,0.44,0.41192,0.02808,0.44,0.4024,0.0376,0.44,0.39845,0.04155
2,1738,38689.1,CLOSE,0.445,0.40489,0.04011,0.445,0.4169,0.0281,0.445,0.40589,0.03911,0.445,0.39458,0.05042
2,1739,38710.9,CLOSE,0.45,0.41536,0.03464,0.45,0.42354,0.02646,0.45,0.41459,0.03541,0.45,0.40232,0.04768
2,1740,38729.1,CLOSE,0.455,0.41536,0.03964,0.455,0.43018,0.02482,0.455,0.41633,0.03867,0.455,0.40812,0.04688
2,1741,38749.9,CLOSE,0.46,0.42059,0.03941,0.46,0.43849,0.02151,0.46,0.41982,0.04018,0.46,0.41393,0.04607
2,1742,38772.0,CLOSE,0.465,0.42408,0.04092,0.465,0.44015,0.02485,0.465,0.42504,0.03996,0.465,0.42166,0.04334
2,1743,38791.5,CLOSE,0.47,0.42932,0.04068,0.47,0.44513,0.02487,0.47,0.42852,0.04148,0.47,0.4236,0.0464
2,1744,38812.6,CLOSE,0.475,0.43455,0.04045,0.475,0.45011,0.02489,0.475,0.43375,0.04125,0.475,0.4294,0.0456
2,1745,38836.3,CLOSE,0.48,0.43979,0.04021,0.48,0.45509,0.02491,0.48,0.43897,0.04103,0.48,0.4352,0.0448
2,1746,38856.2,CLOSE,0.485,0.44677,0.03823,0.485,0.46339,0.02161,0.485,0.44419,0.04081,0.485,0.44294,0.04206
2,1747,38875.7,CLOSE,0.49,0.44852,0.04148,0.49,0.46339,0.02661,0.49,0.44942,0.04058,0.49,0.44874,0.04126
2,1748,38896.0,CLOSE,0.495,0.45375,0.04125,0.495,0.47003,0.02497,0.495,0.4529,0.0421,0.495,0.45261,0.04239
2,1749,38916.6,CLOSE,0.5,0.45724,0.04276,0.5,0.48497,0.01503,0.5,0.45812,0.04188,0.5,0.45841,0.04159
2,1750,38937.2,CLOSE,0.505,0.46422,0.04078,0.5,0.48996,0.01004,0.505,0.46335,0.04165,0.5,0.46422,0.03578
2,1751,38957.7,CLOSE,0.51,0.46771,0.04229,0.5,0.4966,0.0034,0.51,0.46683,0.04317,0.5,0.47002,0.02998
2,1752,38978.2,CLOSE,0.515,0.47295,0.04205,0.5,0.50158,-0.00158,0.515,0.47205,0.04295,0.5,0.47389,0.02611
2,1753,38999.4,CLOSE,0.52,0.47818,0.04182,0.5,0.50324,-0.00324,0.52,0.47554,0.04446,0.5,0.48356,0.01644
2,1754,39020.8,CLOSE,0.525,0.48517,0.03983,0.5,0.50656,-0.00656,0.525,0.48076,0.04424,0.5,0.48356,0.01644
2,1755,39043.9,CLOSE,0.53,0.48866,0.04134,0.5,0.50988,-0.00988,0.53,0.48598,0.04402,0.5,0.48936,0.01064
2,1756,39063.4,CLOSE,0.535,0.49215,0.04285,0.5,0.5132,-0.0132,0.535,0.49469,0.04031,0.5,0.49516,0.00484
2,1757,39084.1,CLOSE,0.54,0.50611,0.03389,0.5,0.51486,-0.01486,0.54,0.50862,0.03138,0.5,0.4971,0.0029
2,1758,39106.9,CLOSE,0.545,0.51832,0.02668,0.5,0.51652,-0.01652,0.545,0.51558,0.02942,0.5,0.49903,0.00097
2,1759,39124.9,CLOSE,0.55,0.51658,0.03342,0.5,0.51652,-0.01652,0.55,0.51907,0.03093,0.5,0.50097,-0.00097
2,1760,39146.6,CLOSE,0.555,0.52531,0.02969,0.5,0.51652,-0.01652,0.555,0.52429,0.03071,0.5,0.50097,-0.00097
2,1761,39168.4,CLOSE,0.56,0.53403,0.02597,0.5,0.51652,-0.01652,0.56,0.52777,0.03223,0.5,0.50097,-0.00097
2,1762,39189.8,CLOSE,0.565,0.53578,0.02922,0.5,0.51652,-0.01652,0.565,0.533,0.032,0.5,0.50097,-0.00097
2,1763,39208.4,CLOSE,0.57,0.53752,0.03248,0.5,0.51652,-0.01652,0.57,0.533,0.037,0.5,0.50097,-0.00097
2,1764,39232.8,CLOSE,0.575,0.54101,0.03399,0.5,0.51652,-0.01652,0.575,0.53648,0.03852,0.5,0.50097,-0.00097
2,1765,39252.3,CLOSE,0.58,0.54625,0.03375,0.5,0.51652,-0.01652,0.58,0.53996,0.04004,0.5,0.50097,-0.00097
2,1766,39272.5,CLOSE,0.585,0.5445,0.0405,0.5,0.51486,-0.01486,0.585,0.5417,0.0433,0.5,0.50097,-0.00097
2,1767,39294.8,CLOSE,0.59,0.54799,0.04201,0.5,0.51652,-0.01652,0.59,0.54519,0.04481,0.5,0.50097,-0.00097
2,1768,39315.6,CLOSE,0.595,0.54974,0.04526,0.5,0.51652,-0.01652,0.595,0.54867,0.04633,0.5,0.50097,-0.00097
2,1769,39335.8,CLOSE,0.6,0.55497,0.04503,0.5,0.51652,-0.01652,0.6,0.55215,0.04785,0.5,0.49903,0.00097
2,1770,39354.6,CLOSE,0.605,0.56545,0.03955,0.5,0.51652,-0.01652,0.605,0.55737,0.04763,0.5,0.50097,-0.00097
2,1771,39378.6,CLOSE,0.61,0.5637,0.0463,0.5,0.51652,-0.01652,0.61,0.5626,0.0474,0.5,0.49903,0.00097
2,1772,39395.7,CLOSE,0.615,0.56719,0.04781,0.5,0.51652,-0.01652,0.615,0.57305,0.04195,0.5,0.50484,-0.00484
2,1773,39415.3,CLOSE,0.62,0.57068,0.04932,0.5,0.51652,-0.01652,0.62,0.57305,0.04695,0.5,0.50097,-0.00097
2,1774,39436.3,CLOSE,0.625,0.57766,0.04734,0.5,0.51652,-0.01652,0.625,0.58175,0.04325,0.5,0.49903,0.00097
2,1775,39456.6,CLOSE,0.63,0.58115,0.04885,0.5,0.51652,-0.01652,0.63,0.59046,0.03954,0.5,0.50097,-0.00097
2,1776,39477.9,CLOSE,0.635,0.58813,0.04687,0.5,0.51652,-0.01652,0.635,0.58698,0.04802,0.5,0.49903,0.00097
2,1777,39498.7,CLOSE,0.64,0.60035,0.03965,0.5,0.51652,-0.01652,0.64,0.59394,0.04606,0.5,0.5029,-0.0029
2,1778,39520.5,CLOSE,0.645,0.60035,0.04465,0.5,0.51652,-0.01652,0.645,0.60091,0.04409,0.5,0.50097,-0.00097
2,1779,39542.0,CLOSE,0.65,0.60908,0.04092,0.5,0.51652,-0.01652,0.65,0.60613,0.04387,0.5,0.50484,-0.00484
2,1780,39562.7,CLOSE,0.655,0.61082,0.04418,0.5,0.51652,-0.01652,0.655,0.61135,0.04365,0.5,0.50097,-0.00097
2,1781,39585.5,CLOSE,0.66,0.61606,0.04394,0.5,0.51652,-0.01652,0.66,0.61832,0.04168,0.5,0.50097,-0.00097
2,1782,39603.2,CLOSE,0.665,0.62129,0.04371,0.5,0.51818,-0.01818,0.665,0.62877,0.03623,0.5,0.50097,-0.00097
2,1783,39623.6,CLOSE,0.67,0.62478,0.04522,0.5,0.51818,-0.01818,0.67,0.62702,0.04298,0.5,0.50097,-0.00097
2,1784,39644.6,CLOSE,0.675,0.63002,0.04498,0.5,0.51818,-0.01818,0.675,0.63399,0.04101,0.5,0.50097,-0.00097
2,1785,39665.2,CLOSE,0.68,0.63525,0.04475,0.5,0.51652,-0.01652,0.68,0.63921,0.04079,0.5,0.50097,-0.00097
2,1786,39686.6,CLOSE,0.685,0.64223,0.04277,0.5,0.51652,-0.01652,0.685,0.6427,0.0423,0.5,0.50097,-0.00097
2,1787,39707.6,CLOSE,0.69,0.64747,0.04253,0.5,0.51652,-0.01652,0.69,0.64792,0.04208,0.5,0.5029,-0.0029
2,1788,39727.5,CLOSE,0.695,0.65271,0.04229,0.5,0.51818,-0.01818,0.695,0.6514,0.0436,0.5,0.50097,-0.00097
2,1789,39749.1,CLOSE,0.7,0.66143,0.03857,0.5,0.51818,-0.01818,0.7,0.65663,0.04337,0.5,0.5029,-0.0029
2,1790,39770.0,CLOSE,0.705,0.66318,0.04182,0.5,0.51818,-0.01818,0.705,0.66185,0.04315,0.5,0.50097,-0.00097
2,1791,39790.8,CLOSE,0.71,0.66667,0.04333,0.5,0.51652,-0.01652,0.71,0.66533,0.04467,0.5,0.50484,-0.00484
2,1792,39811.2,CLOSE,0.715,0.67016,0.04484,0.5,0.51652,-0.01652,0.715,0.66881,0.04619,0.5,0.50097,-0.00097
2,1793,39831.6,CLOSE,0.72,0.67539,0.04461,0.5,0.51818,-0.01818,0.72,0.6723,0.0477,0.5,0.49903,0.00097
2,1794,39852.5,CLOSE,0.725,0.68063,0.04437,0.5,0.51652,-0.01652,0.725,0.67752,0.04748,0.5,0.50097,-0.00097
2,1795,39873.0,CLOSE,0.73,0.68586,0.04414,0.5,0.51652,-0.01652,0.73,0.68274,0.04726,0.5,0.49903,0.00097
2,1796,39894.3,CLOSE,0.735,0.69459,0.04041,0.5,0.51818,-0.01818,0.735,0.68797,0.04703,0.5,0.50484,-0.00484
2,1797,39915.8,CLOSE,0.74,0.69808,0.04192,0.5,0.51818,-0.01818,0.74,0.7019,0.0381,0.5,0.50097,-0.00097
2,1798,39935.8,CLOSE,0.745,0.70332,0.04168,0.5,0.51652,-0.01652,0.745,0.70364,0.04136,0.5,0.5029,-0.0029
2,1799,39956.3,CLOSE,0.75,0.7103,0.0397,0.5,0.51652,-0.01652,0.75,0.70712,0.04288,0.5,0.50097,-0.00097
2,1800,39977.8,CLOSE,0.755,0.71204,0.04296,0.5,0.51652,-0.01652,0.755,0.71235,0.04265,0.5,0.5029,-0.0029
2,1801,39998.7,CLOSE,0.76,0.71553,0.04447,0.5,0.51652,-0.01652,0.76,0.71931,0.04069,0.5,0.50097,-0.00097
2,1802,40019.3,CLOSE,0.765,0.72077,0.04423,0.5,0.51652,-0.01652,0.765,0.72453,0.04047,0.5,0.5029,-0.0029
2,1803,40043.5,CLOSE,0.77,0.726,0.044,0.5,0.51652,-0.01652,0.77,0.72628,0.04372,0.5,0.5029,-0.0029
2,1804,40062.6,CLOSE,0.775,0.72949,0.04551,0.5,0.51652,-0.01652,0.775,0.73498,0.04002,0.5,0.50097,-0.00097
2,1805,40083.4,CLOSE,0.78,0.73647,0.04353,0.5,0.51652,-0.01652,0.78,0.74021,0.03979,0.5,0.50097,-0.00097
2,1806,40103.4,CLOSE,0.785,0.73997,0.04503,0.5,0.51652,-0.01652,0.785,0.74021,0.04479,0.5,0.50484,-0.00484
2,1807,40125.9,CLOSE,0.79,0.74346,0.04654,0.5,0.51652,-0.01652,0.79,0.74717,0.04283,0.5,0.50097,-0.00097
2,1808,40144.5,CLOSE,0.795,0.75044,0.04456,0.5,0.51652,-0.01652,0.795,0.75065,0.04435,0.5,0.50097,-0.00097
2,1809,40164.8,CLOSE,0.8,0.75393,0.04607,0.5,0.51652,-0.01652,0.8,0.75588,0.04412,0.5,0.50097,-0.00097
2,1810,40188.0,CLOSE,0.805,0.75916,0.04584,0.5,0.51652,-0.01652,0.805,0.75762,0.04738,0.5,0.5029,-0.0029
2,1811,40208.6,CLOSE,0.81,0.7644,0.0456,0.5,0.51652,-0.01652,0.81,0.76981,0.04019,0.5,0.50677,-0.00677
2,1812,40230.3,CLOSE,0.815,0.76789,0.04711,0.5,0.51652,-0.01652,0.815,0.76807,0.04693,0.5,0.50097,-0.00097
2,1813,40251.1,CLOSE,0.82,0.77661,0.04339,0.5,0.51818,-0.01818,0.82,0.77155,0.04845,0.5,0.50677,-0.00677
2,1814,40272.2,CLOSE,0.825,0.7801,0.0449,0.5,0.51818,-0.01818,0.825,0.77851,0.04649,0.5,0.50097,-0.00097
2,1815,40290.7,CLOSE,0.83,0.7836,0.0464,0.5,0.51984,-0.01984,0.83,0.78722,0.04278,0.5,0.50097,-0.00097
2,1816,40310.4,CLOSE,0.835,0.78709,0.04791,0.5,0.51652,-0.01652,0.835,0.782,0.053,0.5,0.50097,-0.00097
2,1817,40331.5,CLOSE,0.84,0.79058,0.04942,0.5,0.51818,-0.01818,0.84,0.79244,0.04756,0.5,0.50677,-0.00677
2,1818,40352.4,CLOSE,0.845,0.79756,0.04744,0.5,0.51984,-0.01984,0.845,0.79767,0.04733,0.5,0.50484,-0.00484
2,1819,40374.2,CLOSE,0.85,0.81326,0.03674,0.5,0.51818,-0.01818,0.85,0.80115,0.04885,0.5,0.50677,-0.00677
2,1820,40395.0,CLOSE,0.855,0.81501,0.03999,0.5,0.51818,-0.01818,0.855,0.80637,0.04863,0.5,0.5029,-0.0029
2,1821,40416.9,CLOSE,0.86,0.82199,0.03801,0.5,0.51652,-0.01652,0.86,0.8116,0.0484,0.5,0.5029,-0.0029
2,1822,40437.9,CLOSE,0.865,0.82373,0.04127,0.5,0.51652,-0.01652,0.865,0.81682,0.04818,0.5,0.50097,-0.00097
2,1823,40459.4,CLOSE,0.87,0.82373,0.04627,0.5,0.51652,-0.01652,0.87,0.81856,0.05144,0.5,0.50097,-0.00097
2,1824,40479.9,CLOSE,0.875,0.82897,0.04603,0.5,0.51818,-0.01818,0.875,0.82553,0.04947,0.5,0.50097,-0.00097
2,1825,40502.6,CLOSE,0.88,0.83595,0.04405,0.5,0.51652,-0.01652,0.88,0.83075,0.04925,0.5,0.50097,-0.00097
2,1826,40523.1,CLOSE,0.885,0.83944,0.04556,0.5,0.51652,-0.01652,0.885,0.83946,0.04554,0.5,0.50097,-0.00097
2,1827,40544.4,CLOSE,0.89,0.84293,0.04707,0.5,0.51818,-0.01818,0.89,0.8412,0.0488,0.5,0.5029,-0.0029
2,1828,40562.9,CLOSE,0.895,0.84991,0.04509,0.5,0.51818,-0.01818,0.895,0.84642,0.04858,0.5,0.50097,-0.00097
2,1829,40583.1,CLOSE,0.9,0.85166,0.04834,0.5,0.51652,-0.01652,0.9,0.8499,0.0501,0.5,0.50097,-0.00097
2,1830,40606.5,CLOSE,0.905,0.85689,0.04811,0.5,0.51486,-0.01486,0.905,0.85687,0.04813,0.5,0.50097,-0.00097
2,1831,40625.4,CLOSE,0.91,0.86213,0.04787,0.5,0.51818,-0.01818,0.91,0.86383,0.04617,0.5,0.50097,-0.00097
2,1832,40646.9,CLOSE,0.915,0.86736,0.04764,0.5,0.51652,-0.01652,0.915,0.86558,0.04942,0.5,0.50097,-0.00097
2,1833,40666.8,CLOSE,0.92,0.87784,0.04216,0.5,0.51818,-0.01818,0.92,0.87951,0.04049,0.5,0.50097,-0.00097
2,1834,40688.1,CLOSE,0.925,0.87435,0.05065,0.5,0.51652,-0.01652,0.925,0.87602,0.04898,0.5,0.5029,-0.0029
2,1835,40708.8,CLOSE,0.93,0.88307,0.04693,0.5,0.51984,-0.01984,0.93,0.88125,0.04875,0.5,0.5029,-0.0029
2,1836,40729.7,CLOSE,0.935,0.88482,0.05018,0.5,0.51652,-0.01652,0.935,0.88647,0.04853,0.5,0.50097,-0.00097
2,1837,40752.7,CLOSE,0.94,0.89354,0.04646,0.5,0.51652,-0.01652,0.94,0.89169,0.04831,0.5,0.50097,-0.00097
2,1838,40771.4,CLOSE,0.945,0.89529,0.04971,0.5,0.51818,-0.01818,0.945,0.89692,0.04808,0.5,0.50097,-0.00097
2,1839,40793.1,CLOSE,0.95,0.89878,0.05122,0.5,0.51652,-0.01652,0.95,0.9004,0.0496,0.5,0.50097,-0.00097
2,1840,40812.8,CLOSE,0.955,0.90576,0.04924,0.5,0.51652,-0.01652,0.955,0.90737,0.04763,0.5,0.50097,-0.00097
2,1841,40832.6,CLOSE,0.96,0.91099,0.04901,0.5,0.51818,-0.01818,0.96,0.91781,0.04219,0.5,0.5029,-0.0029
2,1842,40854.3,CLOSE,0.965,0.91798,0.04702,0.5,0.51818,-0.01818,0.965,0.91955,0.04545,0.5,0.5029,-0.0029
2,1843,40875.3,CLOSE,0.97,0.92845,0.04155,0.5,0.51818,-0.01818,0.97,0.93,0.04,0.5,0.5029,-0.0029
2,1844,40897.6,CLOSE,0.975,0.92496,0.05004,0.5,0.51818,-0.01818,0.975,0.92826,0.04674,0.5,0.5029,-0.0029
2,1845,40918.0,CLOSE,0.98,0.93194,0.04806,0.5,0.51818,-0.01818,0.98,0.93523,0.04477,0.5,0.50097,-0.00097
2,1846,40939.1,CLOSE,0.985,0.93717,0.04783,0.5,0.51818,-0.01818,0.985,0.93871,0.04629,0.5,0.50097,-0.00097
2,1847,40958.6,CLOSE,0.99,0.94066,0.04934,0.5,0.51652,-0.01652,0.99,0.94567,0.04433,0.5,0.50097,-0.00097
2,1848,40979.4,CLOSE,0.995,0.94764,0.04736,0.5,0.51818,-0.01818,0.995,0.94916,0.04584,0.5,0.50097,-0.00097
2,1849,40999.5,CLOSE,1.0,0.94939,0.05061,0.5,0.51818,-0.01818,1.0,0.95438,0.04562,0.5,0.5029,-0.0029
2,1850,41004.3,HOLD_CLOSED,1.0,0.95812,0.04188,0.5,0.51652,-0.01652,1.0,0.96657,0.03343,0.5,0.50097,-0.00097
2,1851,41028.0,HOLD_CLOSED,1.0,0.95637,0.04363,0.5,0.51818,-0.01818,1.0,0.96134,0.03866,0.5,0.5029,-0.0029
2,1852,41048.7,HOLD_CLOSED,1.0,0.96161,0.03839,0.5,0.51818,-0.01818,1.0,0.96483,0.03517,0.5,0.5029,-0.0029
2,1853,41070.0,HOLD_CLOSED,1.0,0.96335,0.03665,0.5,0.51486,-0.01486,1.0,0.96831,0.03169,0.5,0.50097,-0.00097
2,1854,41092.6,HOLD_CLOSED,1.0,0.96859,0.03141,0.5,0.51818,-0.01818,1.0,0.97353,0.02647,0.5,0.5029,-0.0029
2,1855,41111.3,HOLD_CLOSED,1.0,0.97382,0.02618,0.5,0.51818,-0.01818,1.0,0.97876,0.02124,0.5,0.5029,-0.0029
2,1856,41131.9,HOLD_CLOSED,1.0,0.97382,0.02618,0.5,0.51818,-0.01818,1.0,0.98746,0.01254,0.5,0.5029,-0.0029
2,1857,41151.6,HOLD_CLOSED,1.0,0.97731,0.02269,0.5,0.51818,-0.01818,1.0,0.98398,0.01602,0.5,0.50097,-0.00097
2,1858,41172.6,HOLD_CLOSED,1.0,0.97906,0.02094,0.5,0.51652,-0.01652,1.0,0.98572,0.01428,0.5,0.5029,-0.0029
2,1859,41193.8,HOLD_CLOSED,1.0,0.97906,0.02094,0.5,0.51652,-0.01652,1.0,0.98572,0.01428,0.5,0.50097,-0.00097
2,1860,41213.9,HOLD_CLOSED,1.0,0.98778,0.01222,0.5,0.51818,-0.01818,1.0,0.98572,0.01428,0.5,0.5029,-0.0029
2,1861,41234.5,HOLD_CLOSED,1.0,0.9808,0.0192,0.5,0.51818,-0.01818,1.0,0.98746,0.01254,0.5,0.50097,-0.00097
2,1862,41257.1,HOLD_CLOSED,1.0,0.9808,0.0192,0.5,0.51652,-0.01652,1.0,0.98572,0.01428,0.5,0.5029,-0.0029
2,1863,41276.7,HOLD_CLOSED,1.0,0.98255,0.01745,0.5,0.51652,-0.01652,1.0,0.98746,0.01254,0.5,0.50097,-0.00097
2,1864,41298.0,HOLD_CLOSED,1.0,0.9808,0.0192,0.5,0.51652,-0.01652,1.0,0.98572,0.01428,0.5,0.5029,-0.0029
2,1865,41319.2,HOLD_CLOSED,1.0,0.97906,0.02094,0.5,0.51818,-0.01818,1.0,0.99269,0.00731,0.5,0.50097,-0.00097
2,1866,41339.5,HOLD_CLOSED,1.0,0.98778,0.01222,0.5,0.51652,-0.01652,1.0,0.98746,0.01254,0.5,0.50097,-0.00097
2,1867,41362.0,HOLD_CLOSED,1.0,0.9808,0.0192,0.5,0.51652,-0.01652,1.0,0.98398,0.01602,0.5,0.50097,-0.00097
2,1868,41382.8,HOLD_CLOSED,1.0,0.9808,0.0192,0.5,0.51652,-0.01652,1.0,0.98572,0.01428,0.5,0.50097,-0.00097
2,1869,41402.9,HOLD_CLOSED,1.0,0.9808,0.0192,0.5,0.51652,-0.01652,1.0,0.98572,0.01428,0.5,0.50097,-0.00097
2,1870,41423.7,HOLD_CLOSED,1.0,0.9808,0.0192,0.5,0.51652,-0.01652,1.0,0.99269,0.00731,0.5,0.5029,-0.0029
2,1871,41442.1,HOLD_CLOSED,1.0,0.9808,0.0192,0.5,0.51652,-0.01652,1.0,0.98746,0.01254,0.5,0.50677,-0.00677
2,1872,41462.6,HOLD_CLOSED,1.0,0.99127,0.00873,0.5,0.51818,-0.01818,1.0,0.98572,0.01428,0.5,0.5029,-0.0029
2,1873,41486.0,HOLD_CLOSED,1.0,0.9808,0.0192,0.5,0.51652,-0.01652,1.0,0.98572,0.01428,0.5,0.50097,-0.00097
2,1874,41506.9,HOLD_CLOSED,1.0,0.9808,0.0192,0.5,0.51652,-0.01652,1.0,0.9892,0.0108,0.5,0.5029,-0.0029
2,1875,41529.3,HOLD_CLOSED,1.0,0.98604,0.01396,0.5,0.51818,-0.01818,1.0,0.98746,0.01254,0.5,0.50097,-0.00097
2,1876,41548.5,HOLD_CLOSED,1.0,0.9808,0.0192,0.5,0.5132,-0.0132,1.0,0.98572,0.01428,0.5,0.5029,-0.0029
2,1877,41568.0,HOLD_CLOSED,1.0,0.98255,0.01745,0.5,0.51818,-0.01818,1.0,0.98746,0.01254,0.5,0.5029,-0.0029
2,1878,41588.0,HOLD_CLOSED,1.0,0.9808,0.0192,0.5,0.51652,-0.01652,1.0,0.98746,0.01254,0.5,0.5029,-0.0029
2,1879,41609.3,HOLD_CLOSED,1.0,0.98953,0.01047,0.5,0.51652,-0.01652,1.0,0.9892,0.0108,0.5,0.5029,-0.0029
2,1880,41631.1,HOLD_CLOSED,1.0,0.98255,0.01745,0.5,0.51652,-0.01652,1.0,0.99095,0.00905,0.5,0.50097,-0.00097
2,1881,41652.3,HOLD_CLOSED,1.0,0.98255,0.01745,0.5,0.51818,-0.01818,1.0,0.99443,0.00557,0.5,0.5029,-0.0029
2,1882,41673.3,HOLD_CLOSED,1.0,0.98604,0.01396,0.5,0.51818,-0.01818,1.0,1.0,0.0,0.5,0.50097,-0.00097
2,1883,41694.2,HOLD_CLOSED,1.0,0.98778,0.01222,0.5,0.51652,-0.01652,1.0,0.99965,0.00035,0.5,0.5029,-0.0029
2,1884,41714.5,HOLD_CLOSED,1.0,0.99825,0.00175,0.5,0.51652,-0.01652,1.0,1.0,0.0,0.5,0.50097,-0.00097
2,1885,41734.5,HOLD_CLOSED,1.0,0.99127,0.00873,0.5,0.51652,-0.01652,1.0,0.99965,0.00035,0.5,0.50097,-0.00097
2,1886,41756.3,HOLD_CLOSED,1.0,0.99651,0.00349,0.5,0.51652,-0.01652,1.0,0.99965,0.00035,0.5,0.50097,-0.00097
2,1887,41777.0,HOLD_CLOSED,1.0,0.99651,0.00349,0.5,0.51652,-0.01652,1.0,1.0,0.0,0.5,0.5029,-0.0029
2,1888,41798.4,HOLD_CLOSED,1.0,1.0,0.0,0.5,0.51818,-0.01818,1.0,0.99791,0.00209,0.5,0.50097,-0.00097
2,1889,41818.1,HOLD_CLOSED,1.0,1.0,0.0,0.5,0.51818,-0.01818,1.0,1.0,0.0,0.5,0.50677,-0.00677
2,1890,41840.1,HOLD_CLOSED,1.0,1.0,0.0,0.5,0.51652,-0.01652,1.0,1.0,0.0,0.5,0.5029,-0.0029
2,1891,41860.8,HOLD_CLOSED,1.0,1.0,0.0,0.5,0.51984,-0.01984,1.0,1.0,0.0,0.5,0.50097,-0.00097
2,1892,41882.3,HOLD_CLOSED,1.0,1.0,0.0,0.5,0.51818,-0.01818,1.0,0.99965,0.00035,0.5,0.50097,-0.00097
2,1893,41904.4,HOLD_CLOSED,1.0,1.0,0.0,0.5,0.51818,-0.01818,1.0,0.99965,0.00035,0.5,0.50097,-0.00097
2,1894,41922.3,HOLD_CLOSED,1.0,1.0,0.0,0.5,0.51818,-0.01818,1.0,0.99965,0.00035,0.5,0.5029,-0.0029
2,1895,41944.8,HOLD_CLOSED,1.0,0.99825,0.00175,0.5,0.51652,-0.01652,1.0,0.99965,0.00035,0.5,0.5029,-0.0029
2,1896,41965.0,HOLD_CLOSED,1.0,1.0,0.0,0.5,0.51652,-0.01652,1.0,0.99965,0.00035,0.5,0.50097,-0.00097
2,1897,41987.6,HOLD_CLOSED,1.0,0.99825,0.00175,0.5,0.51652,-0.01652,1.0,0.99791,0.00209,0.5,0.50677,-0.00677
2,1898,42006.0,HOLD_CLOSED,1.0,1.0,0.0,0.5,0.51652,-0.01652,1.0,0.99965,0.00035,0.5,0.50097,-0.00097
2,1899,42026.2,HOLD_CLOSED,1.0,1.0,0.0,0.5,0.51652,-0.01652,1.0,0.99791,0.00209,0.5,0.50097,-0.00097
2,1900,42048.7,HOLD_CLOSED,1.0,1.0,0.0,0.5,0.51652,-0.01652,1.0,0.99965,0.00035,0.5,0.50097,-0.00097
2,1901,42068.8,HOLD_CLOSED,1.0,0.99825,0.00175,0.5,0.51818,-0.01818,1.0,0.99791,0.00209,0.5,0.50097,-0.00097
2,1902,42090.7,HOLD_CLOSED,1.0,1.0,0.0,0.5,0.51652,-0.01652,1.0,0.99965,0.00035,0.5,0.5029,-0.0029
2,1903,42111.6,HOLD_CLOSED,1.0,1.0,0.0,0.5,0.51818,-0.01818,1.0,0.99791,0.00209,0.5,0.5029,-0.0029
2,1904,42133.1,HOLD_CLOSED,1.0,1.0,0.0,0.5,0.51818,-0.01818,1.0,0.99965,0.00035,0.5,0.5029,-0.0029
2,1905,42152.7,HOLD_CLOSED,1.0,1.0,0.0,0.5,0.51818,-0.01818,1.0,1.0,0.0,0.5,0.5029,-0.0029
2,1906,42171.7,HOLD_CLOSED,1.0,1.0,0.0,0.5,0.51652,-0.01652,1.0,0.99965,0.00035,0.5,0.50097,-0.00097
2,1907,42193.2,HOLD_CLOSED,1.0,1.0,0.0,0.5,0.51818,-0.01818,1.0,0.99965,0.00035,0.5,0.50097,-0.00097
2,1908,42215.0,HOLD_CLOSED,1.0,1.0,0.0,0.5,0.51652,-0.01652,1.0,0.99791,0.00209,0.5,0.5029,-0.0029
2,1909,42236.8,HOLD_CLOSED,1.0,0.99825,0.00175,0.5,0.51818,-0.01818,1.0,1.0,0.0,0.5,0.5029,-0.0029
2,1910,42278.4,OPEN,0.995,1.0,-0.005,0.495,0.51818,-0.02318,0.995,0.99965,-0.00465,0.495,0.50677,-0.01177
2,1911,42299.7,OPEN,0.99,1.0,-0.01,0.49,0.51652,-0.02652,0.99,0.99965,-0.00965,0.49,0.5029,-0.0129
2,1912,42320.6,OPEN,0.985,1.0,-0.015,0.485,0.51652,-0.03152,0.985,1.0,-0.015,0.485,0.5029,-0.0179
2,1913,42340.2,OPEN,0.98,0.99825,-0.01825,0.48,0.51652,-0.03652,0.98,0.99791,-0.01791,0.48,0.50484,-0.02484
2,1914,42361.4,OPEN,0.975,0.99825,-0.02325,0.475,0.51818,-0.04318,0.975,0.99965,-0.02465,0.475,0.50097,-0.02597
2,1915,42383.6,OPEN,0.97,0.99825,-0.02825,0.47,0.51818,-0.04818,0.97,0.99965,-0.02965,0.47,0.5029,-0.0329
2,1916,42405.4,OPEN,0.965,1.0,-0.035,0.465,0.51652,-0.05152,0.965,0.99791,-0.03291,0.465,0.5029,-0.0379
2,1917,42423.1,OPEN,0.96,1.0,-0.04,0.46,0.51818,-0.05818,0.96,0.99965,-0.03965,0.46,0.50097,-0.04097
2,1918,42444.3,OPEN,0.955,0.99825,-0.04325,0.455,0.51652,-0.06152,0.955,0.99791,-0.04291,0.455,0.50677,-0.05177
2,1919,42465.2,OPEN,0.95,1.0,-0.05,0.45,0.51818,-0.06818,0.95,0.99791,-0.04791,0.45,0.5029,-0.0529
2,1920,42485.9,OPEN,0.945,0.99476,-0.04976,0.445,0.51652,-0.07152,0.945,0.99791,-0.05291,0.445,0.50097,-0.05597
2,1921,42508.6,OPEN,0.94,0.99127,-0.05127,0.44,0.51652,-0.07652,0.94,0.99095,-0.05095,0.44,0.5029,-0.0629
2,1922,42529.1,OPEN,0.935,0.98953,-0.05453,0.435,0.5132,-0.0782,0.935,0.98746,-0.05246,0.435,0.50097,-0.06597
2,1923,42549.3,OPEN,0.93,0.98604,-0.05604,0.43,0.5049,-0.0749,0.93,0.97876,-0.04876,0.43,0.50677,-0.07677
2,1924,42570.5,OPEN,0.925,0.9808,-0.0558,0.425,0.49826,-0.07326,0.925,0.97702,-0.05202,0.425,0.49323,-0.06823
2,1925,42591.1,OPEN,0.92,0.98429,-0.06429,0.42,0.48663,-0.06663,0.92,0.97876,-0.05876,0.42,0.48549,-0.06549
2,1926,42611.7,OPEN,0.915,0.97382,-0.05882,0.415,0.47003,-0.05503,0.915,0.97527,-0.06027,0.415,0.47582,-0.06082
2,1927,42632.6,OPEN,0.91,0.96335,-0.05335,0.41,0.46173,-0.05173,0.91,0.97353,-0.06353,0.41,0.46615,-0.05615
2,1928,42653.2,OPEN,0.905,0.95812,-0.05312,0.405,0.45675,-0.05175,0.905,0.96831,-0.06331,0.405,0.44681,-0.04181
2,1929,42673.4,OPEN,0.9,0.94939,-0.04939,0.4,0.44845,-0.04845,0.9,0.96309,-0.06309,0.4,0.44681,-0.04681
2,1930,42693.1,OPEN,0.895,0.94415,-0.04915,0.395,0.44347,-0.04847,0.895,0.95438,-0.05938,0.395,0.44294,-0.04794
2,1931,42714.2,OPEN,0.89,0.93543,-0.04543,0.39,0.43683,-0.04683,0.89,0.94567,-0.05567,0.39,0.43327,-0.04327
2,1932,42735.0,OPEN,0.885,0.92845,-0.04345,0.385,0.43184,-0.04684,0.885,0.93697,-0.05197,0.385,0.42553,-0.04053
2,1933,42755.2,OPEN,0.88,0.92147,-0.04147,0.38,0.4335,-0.0535,0.88,0.9213,-0.0413,0.38,0.41779,-0.03779
2,1934,42776.3,OPEN,0.875,0.91623,-0.04123,0.375,0.4252,-0.0502,0.875,0.91607,-0.04107,0.375,0.41199,-0.03699
2,1935,42797.4,OPEN,0.87,0.91099,-0.04099,0.37,0.41358,-0.04358,0.87,0.91433,-0.04433,0.37,0.40619,-0.03619
2,1936,42820.1,OPEN,0.865,0.9075,-0.0425,0.365,0.4086,-0.0436,0.865,0.90737,-0.04237,0.365,0.40426,-0.03926
2,1937,42838.7,OPEN,0.86,0.90576,-0.04576,0.36,0.40362,-0.04362,0.86,0.90214,-0.04214,0.36,0.38298,-0.02298
2,1938,42859.8,OPEN,0.855,0.89529,-0.04029,0.355,0.39698,-0.04198,0.855,0.89344,-0.03844,0.355,0.38685,-0.03185
2,1939,42880.0,OPEN,0.85,0.8918,-0.0418,0.35,0.39034,-0.04034,0.85,0.88821,-0.03821,0.35,0.38298,-0.03298
2,1940,42901.1,OPEN,0.845,0.88656,-0.04156,0.345,0.38536,-0.04036,0.845,0.88299,-0.03799,0.345,0.37718,-0.03218
2,1941,42923.2,OPEN,0.84,0.88831,-0.04831,0.34,0.38204,-0.04204,0.84,0.87602,-0.03602,0.34,0.37331,-0.03331
2,1942,42943.8,OPEN,0.835,0.87958,-0.04458,0.335,0.38038,-0.04538,0.835,0.87254,-0.03754,0.335,0.36944,-0.03444
2,1943,42963.9,OPEN,0.83,0.87086,-0.04086,0.33,0.37373,-0.04373,0.83,0.86906,-0.03906,0.33,0.36944,-0.03944
2,1944,42984.8,OPEN,0.825,0.87609,-0.05109,0.325,0.36709,-0.04209,0.825,0.86209,-0.03709,0.325,0.3617,-0.0367
2,1945,43005.8,OPEN,0.82,0.86911,-0.04911,0.32,0.36377,-0.04377,0.82,0.86035,-0.04035,0.32,0.3559,-0.0359
2,1946,43026.2,OPEN,0.815,0.86038,-0.04538,0.315,0.36045,-0.04545,0.815,0.86035,-0.04535,0.315,0.35397,-0.03897
2,1947,43047.1,OPEN,0.81,0.85515,-0.04515,0.31,0.35381,-0.04381,0.81,0.85165,-0.04165,0.31,0.34816,-0.03816
2,1948,43070.2,OPEN,0.805,0.8534,-0.0484,0.305,0.34883,-0.04383,0.805,0.84642,-0.04142,0.305,0.34236,-0.03736
2,1949,43090.4,OPEN,0.8,0.84817,-0.04817,0.3,0.34551,-0.04551,0.8,0.8412,-0.0412,0.3,0.33462,-0.03462
2,1950,43109.6,OPEN,0.795,0.84817,-0.05317,0.295,0.33555,-0.04055,0.795,0.83597,-0.04097,0.295,0.34043,-0.04543
2,1951,43131.0,OPEN,0.79,0.84119,-0.05119,0.29,0.33223,-0.04223,0.79,0.83597,-0.04597,0.29,0.32495,-0.03495
2,1952,43151.4,OPEN,0.785,0.84468,-0.05968,0.285,0.32559,-0.04059,0.785,0.82553,-0.04053,0.285,0.31915,-0.03415
2,1953,43173.0,OPEN,0.78,0.83595,-0.05595,0.28,0.31894,-0.03894,0.78,0.82379,-0.04379,0.28,0.31335,-0.03335
2,1954,43193.0,OPEN,0.775,0.83246,-0.05746,0.275,0.31562,-0.04062,0.775,0.8203,-0.0453,0.275,0.30754,-0.03254
2,1955,43214.2,OPEN,0.77,0.82199,-0.05199,0.27,0.31064,-0.04064,0.77,0.81682,-0.04682,0.27,0.30174,-0.03174
2,1956,43234.9,OPEN,0.765,0.81501,-0.05001,0.265,0.30566,-0.04066,0.765,0.80986,-0.04486,0.265,0.29594,-0.03094
2,1957,43256.0,OPEN,0.76,0.80977,-0.04977,0.26,0.304,-0.044,0.76,0.80986,-0.04986,0.26,0.29207,-0.03207
2,1958,43277.0,OPEN,0.755,0.80628,-0.05128,0.255,0.29404,-0.03904,0.755,0.79941,-0.04441,0.255,0.28433,-0.02933
2,1959,43299.3,OPEN,0.75,0.7993,-0.0493,0.25,0.28906,-0.03906,0.75,0.7907,-0.0407,0.25,0.28046,-0.03046
2,1960,43321.6,OPEN,0.745,0.78709,-0.04209,0.245,0.28242,-0.03742,0.745,0.78548,-0.04048,0.245,0.2766,-0.0316
2,1961,43341.8,OPEN,0.74,0.78185,-0.04185,0.24,0.28076,-0.04076,0.74,0.782,-0.042,0.24,0.27273,-0.03273
2,1962,43360.8,OPEN,0.735,0.77661,-0.04161,0.235,0.2708,-0.0358,0.735,0.78025,-0.04525,0.235,0.26886,-0.03386
2,1963,43382.1,OPEN,0.73,0.77138,-0.04138,0.23,0.26581,-0.03581,0.73,0.76981,-0.03981,0.23,0.26692,-0.03692
2,1964,43402.4,OPEN,0.725,0.76614,-0.04114,0.225,0.26083,-0.03583,0.725,0.76458,-0.03958,0.225,0.26692,-0.04192
2,1965,43422.7,OPEN,0.72,0.76265,-0.04265,0.22,0.25751,-0.03751,0.72,0.76284,-0.04284,0.22,0.26306,-0.04306
2,1966,43443.6,OPEN,0.715,0.75742,-0.04242,0.215,0.25751,-0.04251,0.715,0.75762,-0.04262,0.215,0.25919,-0.04419
2,1967,43463.5,OPEN,0.71,0.75393,-0.04393,0.21,0.25087,-0.04087,0.71,0.75239,-0.04239,0.21,0.25725,-0.04725
2,1968,43484.6,OPEN,0.705,0.75567,-0.05067,0.205,0.24257,-0.03757,0.705,0.74717,-0.04217,0.205,0.25145,-0.04645
2,1969,43505.8,OPEN,0.7,0.74346,-0.04346,0.2,0.23925,-0.03925,0.7,0.74195,-0.04195,0.2,0.24952,-0.04952
2,1970,43527.4,OPEN,0.695,0.74346,-0.04846,0.195,0.23427,-0.03927,0.695,0.73672,-0.04172,0.195,0.24371,-0.04871
2,1971,43547.5,OPEN,0.69,0.73473,-0.04473,0.19,0.23427,-0.04427,0.69,0.73324,-0.04324,0.19,0.23598,-0.04598
2,1972,43568.1,OPEN,0.685,0.73124,-0.04624,0.185,0.23427,-0.04927,0.685,0.72802,-0.04302,0.185,0.22824,-0.04324
2,1973,43589.3,OPEN,0.68,0.726,-0.046,0.18,0.23261,-0.05261,0.68,0.7315,-0.0515,0.18,0.22824,-0.04824
2,1974,43610.1,OPEN,0.675,0.71728,-0.04228,0.175,0.22929,-0.05429,0.675,0.71931,-0.04431,0.175,0.22244,-0.04744
2,1975,43633.3,OPEN,0.67,0.72077,-0.05077,0.17,0.22099,-0.05099,0.67,0.71409,-0.04409,0.17,0.20696,-0.03696
2,1976,43654.3,OPEN,0.665,0.71728,-0.05228,0.165,0.21767,-0.05267,0.665,0.70712,-0.04212,0.165,0.20309,-0.03809
2,1977,43672.7,OPEN,0.66,0.70506,-0.04506,0.16,0.22099,-0.06099,0.66,0.70712,-0.04712,0.16,0.19923,-0.03923
2,1978,43692.0,OPEN,0.655,0.70157,-0.04657,0.155,0.21102,-0.05602,0.655,0.70016,-0.04516,0.155,0.19536,-0.04036
2,1979,43713.6,OPEN,0.65,0.69634,-0.04634,0.15,0.20438,-0.05438,0.65,0.69319,-0.04319,0.15,0.18762,-0.03762
2,1980,43734.3,OPEN,0.645,0.6911,-0.0461,0.145,0.20106,-0.05606,0.645,0.68623,-0.04123,0.145,0.18569,-0.04069
2,1981,43755.5,OPEN,0.64,0.68412,-0.04412,0.14,0.1994,-0.0594,0.64,0.68274,-0.04274,0.14,0.18182,-0.04182
2,1982,43776.1,OPEN,0.635,0.68063,-0.04563,0.135,0.1911,-0.0561,0.635,0.67926,-0.04426,0.135,0.17988,-0.04488
2,1983,43798.1,OPEN,0.63,0.67539,-0.04539,0.13,0.18446,-0.05446,0.63,0.67404,-0.04404,0.13,0.18182,-0.05182
2,1984,43818.2,OPEN,0.625,0.66841,-0.04341,0.125,0.18446,-0.05946,0.625,0.66533,-0.04033,0.125,0.17215,-0.04715
2,1985,43839.8,OPEN,0.62,0.66318,-0.04318,0.12,0.1745,-0.0545,0.62,0.66185,-0.04185,0.12,0.16634,-0.04634
2,1986,43860.7,OPEN,0.615,0.65969,-0.04469,0.115,0.17284,-0.05784,0.615,0.65314,-0.03814,0.115,0.16248,-0.04748
2,1987,43881.3,OPEN,0.61,0.65445,-0.04445,0.11,0.16786,-0.05786,0.61,0.64966,-0.03966,0.11,0.15861,-0.04861
2,1988,43903.6,OPEN,0.605,0.64921,-0.04421,0.105,0.15789,-0.05289,0.605,0.64444,-0.03944,0.105,0.15474,-0.04974
2,1989,43923.7,OPEN,0.6,0.64398,-0.04398,0.1,0.15291,-0.05291,0.6,0.64095,-0.04095,0.1,0.15087,-0.05087
2,1990,43943.0,OPEN,0.595,0.64921,-0.05421,0.095,0.14959,-0.05459,0.595,0.63573,-0.04073,0.095,0.147,-0.052
2,1991,43965.7,OPEN,0.59,0.637,-0.047,0.09,0.14295,-0.05295,0.59,0.63225,-0.04225,0.09,0.1412,-0.0512
2,1992,43986.1,OPEN,0.585,0.63525,-0.05025,0.085,0.13797,-0.05297,0.585,0.62877,-0.04377,0.085,0.13733,-0.05233
2,1993,44006.6,OPEN,0.58,0.63176,-0.05176,0.08,0.13133,-0.05133,0.58,0.6218,-0.0418,0.08,0.13153,-0.05153
2,1994,44027.3,OPEN,0.575,0.62304,-0.04804,0.075,0.12801,-0.05301,0.575,0.61484,-0.03984,0.075,0.12766,-0.05266
2,1995,44047.8,OPEN,0.57,0.6178,-0.0478,0.07,0.12635,-0.05635,0.57,0.60961,-0.03961,0.07,0.12573,-0.05573
2,1996,44070.1,OPEN,0.565,0.61257,-0.04757,0.065,0.11805,-0.05305,0.565,0.60613,-0.04113,0.065,0.12186,-0.05686
2,1997,44090.8,OPEN,0.56,0.60733,-0.04733,0.06,0.11307,-0.05307,0.56,0.60091,-0.04091,0.06,0.10832,-0.04832
2,1998,44111.6,OPEN,0.555,0.60908,-0.05408,0.055,0.1031,-0.0481,0.555,0.59568,-0.04068,0.055,0.10058,-0.04558
2,1999,44130.3,OPEN,0.55,0.5986,-0.0486,0.05,0.09812,-0.04812,0.55,0.59394,-0.04394,0.05,0.09478,-0.04478
2,2000,44151.9,OPEN,0.545,0.59162,-0.04662,0.045,0.09148,-0.04648,0.545,0.58523,-0.04023,0.045,0.09284,-0.04784
2,2001,44172.6,OPEN,0.54,0.59337,-0.05337,0.04,0.08484,-0.04484,0.54,0.58175,-0.04175,0.04,0.08124,-0.04124
2,2002,44193.1,OPEN,0.535,0.58464,-0.04964,0.035,0.07986,-0.04486,0.535,0.57653,-0.04153,0.035,0.07544,-0.04044
2,2003,44214.7,OPEN,0.53,0.57941,-0.04941,0.03,0.07488,-0.04488,0.53,0.57305,-0.04305,0.03,0.06963,-0.03963
2,2004,44235.8,OPEN,0.525,0.57068,-0.04568,0.025,0.0699,-0.0449,0.525,0.56608,-0.04108,0.025,0.06383,-0.03883
2,2005,44256.4,OPEN,0.52,0.56545,-0.04545,0.02,0.06326,-0.04326,0.52,0.56086,-0.04086,0.02,0.05996,-0.03996
2,2006,44276.7,OPEN,0.515,0.56021,-0.04521,0.015,0.05828,-0.04328,0.515,0.55563,-0.04063,0.015,0.05996,-0.04496
2,2007,44300.9,OPEN,0.51,0.55497,-0.04497,0.01,0.0533,-0.0433,0.51,0.54867,-0.03867,0.01,0.05029,-0.04029
2,2008,44321.1,OPEN,0.505,0.54974,-0.04474,0.005,0.04998,-0.04498,0.505,0.54519,-0.04019,0.005,0.04642,-0.04142
2,2009,44340.7,OPEN,0.5,0.5445,-0.0445,0.0,0.04167,-0.04167,0.5,0.54344,-0.04344,0.0,0.03868,-0.03868
2,2010,44360.4,OPEN,0.495,0.54101,-0.04601,0.0,0.03669,-0.03669,0.495,0.53648,-0.04148,0.0,0.03482,-0.03482
2,2011,44381.2,OPEN,0.49,0.53752,-0.04752,0.0,0.03171,-0.03171,0.49,0.533,-0.043,0.0,0.03095,-0.03095
2,2012,44402.7,OPEN,0.485,0.53229,-0.04729,0.0,0.02673,-0.02673,0.485,0.52777,-0.04277,0.0,0.02515,-0.02515
2,2013,44423.8,OPEN,0.48,0.52007,-0.04007,0.0,0.02175,-0.02175,0.48,0.52603,-0.04603,0.0,0.02128,-0.02128
2,2014,44443.8,OPEN,0.475,0.51309,-0.03809,0.0,0.01843,-0.01843,0.475,0.52081,-0.04581,0.0,0.01741,-0.01741
2,2015,44463.7,OPEN,0.47,0.5096,-0.0396,0.0,0.01345,-0.01345,0.47,0.5121,-0.0421,0.0,0.01354,-0.01354
2,2016,44485.1,OPEN,0.465,0.50611,-0.04111,0.0,0.01013,-0.01013,0.465,0.50688,-0.04188,0.0,0.00967,-0.00967
2,2017,44507.7,OPEN,0.46,0.49564,-0.03564,0.0,0.00681,-0.00681,0.46,0.50165,-0.04165,0.0,0.0058,-0.0058
2,2018,44528.9,OPEN,0.455,0.48691,-0.03191,0.0,0.00515,-0.00515,0.455,0.48947,-0.03447,0.0,0.00387,-0.00387
2,2019,44549.2,OPEN,0.45,0.48866,-0.03866,0.0,0.00349,-0.00349,0.45,0.48424,-0.03424,0.0,0.00193,-0.00193
2,2020,44568.2,OPEN,0.445,0.48517,-0.04017,0.0,0.00349,-0.00349,0.445,0.47902,-0.03402,0.0,0.00193,-0.00193
2,2021,44588.7,OPEN,0.44,0.48342,-0.04342,0.0,0.00183,-0.00183,0.44,0.47728,-0.03728,0.0,0.0,0.0
2,2022,44609.7,OPEN,0.435,0.47993,-0.04493,0.0,0.00183,-0.00183,0.435,0.47379,-0.03879,0.0,0.0,0.0
2,2023,44630.9,OPEN,0.43,0.47295,-0.04295,0.0,0.00183,-0.00183,0.43,0.46857,-0.03857,0.0,0.0,0.0
2,2024,44650.9,OPEN,0.425,0.47295,-0.04795,0.0,0.00183,-0.00183,0.425,0.46509,-0.04009,0.0,0.00387,-0.00387
2,2025,44672.2,OPEN,0.42,0.47469,-0.05469,0.0,0.00183,-0.00183,0.42,0.46161,-0.04161,0.0,0.0,0.0
2,2026,44693.4,OPEN,0.415,0.46771,-0.05271,0.0,0.00183,-0.00183,0.415,0.45812,-0.04312,0.0,0.0,0.0
2,2027,44716.0,OPEN,0.41,0.45724,-0.04724,0.0,0.00183,-0.00183,0.41,0.45464,-0.04464,0.0,0.00387,-0.00387
2,2028,44736.4,OPEN,0.405,0.45201,-0.04701,0.0,0.00183,-0.00183,0.405,0.44768,-0.04268,0.0,0.0,0.0
2,2029,44755.6,OPEN,0.4,0.44852,-0.04852,0.0,0.00183,-0.00183,0.4,0.44245,-0.04245,0.0,0.0,0.0
2,2030,44778.1,OPEN,0.395,0.44154,-0.04654,0.0,0.00515,-0.00515,0.395,0.43549,-0.04049,0.0,0.0,0.0
2,2031,44799.3,OPEN,0.39,0.44154,-0.05154,0.0,0.00183,-0.00183,0.39,0.432,-0.042,0.0,0.0,0.0
2,2032,44820.1,OPEN,0.385,0.43805,-0.05305,0.0,0.00515,-0.00515,0.385,0.42678,-0.04178,0.0,0.0,0.0
2,2033,44841.1,OPEN,0.38,0.43106,-0.05106,0.0,0.00515,-0.00515,0.38,0.4233,-0.0433,0.0,0.0,0.0
2,2034,44860.9,OPEN,0.375,0.42757,-0.05257,0.0,0.00183,-0.00183,0.375,0.41807,-0.04307,0.0,0.0,0.0
2,2035,44880.9,OPEN,0.37,0.41885,-0.04885,0.0,0.00183,-0.00183,0.37,0.41285,-0.04285,0.0,0.0,0.0
2,2036,44901.5,OPEN,0.365,0.41361,-0.04861,0.0,0.00183,-0.00183,0.365,0.41285,-0.04785,0.0,0.0,0.0
2,2037,44922.1,OPEN,0.36,0.40838,-0.04838,0.0,0.00183,-0.00183,0.36,0.40589,-0.04589,0.0,0.0,0.0
2,2038,44943.3,OPEN,0.355,0.40314,-0.04814,0.0,0.00183,-0.00183,0.355,0.40589,-0.05089,0.0,0.00387,-0.00387
2,2039,44964.1,OPEN,0.35,0.40489,-0.05489,0.0,0.00183,-0.00183,0.35,0.3937,-0.0437,0.0,0.0,0.0
2,2040,44984.2,OPEN,0.345,0.38918,-0.04418,0.0,0.00183,-0.00183,0.345,0.39021,-0.04521,0.0,0.0,0.0
2,2041,45005.9,OPEN,0.34,0.38743,-0.04743,0.0,0.00183,-0.00183,0.34,0.38499,-0.04499,0.0,0.0,0.0
2,2042,45027.3,OPEN,0.335,0.38743,-0.05243,0.0,0.00183,-0.00183,0.335,0.37803,-0.04303,0.0,0.0,0.0
2,2043,45048.8,OPEN,0.33,0.37871,-0.04871,0.0,0.01179,-0.01179,0.33,0.37454,-0.04454,0.0,0.0,0.0
2,2044,45071.0,OPEN,0.325,0.36998,-0.04498,0.0,0.00183,-0.00183,0.325,0.36758,-0.04258,0.0,0.0,0.0
2,2045,45089.8,OPEN,0.32,0.36475,-0.04475,0.0,0.00017,-0.00017,0.32,0.36235,-0.04235,0.0,0.0,0.0
2,2046,45110.1,OPEN,0.315,0.36475,-0.04975,0.0,0.00017,-0.00017,0.315,0.35887,-0.04387,0.0,0.0,0.0
2,2047,45132.7,OPEN,0.31,0.35951,-0.04951,0.0,0.00183,-0.00183,0.31,0.35017,-0.04017,0.0,0.0,0.0
2,2048,45151.4,OPEN,0.305,0.35079,-0.04579,0.0,0.00183,-0.00183,0.305,0.34668,-0.04168,0.0,0.0,0.0
2,2049,45173.7,OPEN,0.3,0.34555,-0.04555,0.0,0.00017,-0.00017,0.3,0.33972,-0.03972,0.0,0.0,0.0
2,2050,45194.7,OPEN,0.295,0.33857,-0.04357,0.0,0.00017,-0.00017,0.295,0.33449,-0.03949,0.0,0.0,0.0
2,2051,45214.1,OPEN,0.29,0.33333,-0.04333,0.0,0.00017,-0.00017,0.29,0.32927,-0.03927,0.0,0.0,0.0
2,2052,45236.2,OPEN,0.285,0.32984,-0.04484,0.0,0.00017,-0.00017,0.285,0.32579,-0.04079,0.0,0.00193,-0.00193
2,2053,45257.0,OPEN,0.28,0.32461,-0.04461,0.0,0.00183,-0.00183,0.28,0.32056,-0.04056,0.0,0.0,0.0
2,2054,45277.6,OPEN,0.275,0.31937,-0.04437,0.0,0.00017,-0.00017,0.275,0.32056,-0.04556,0.0,0.0,0.0
2,2055,45299.4,OPEN,0.27,0.32112,-0.05112,0.0,0.00017,-0.00017,0.27,0.31186,-0.04186,0.0,0.0,0.0
2,2056,45321.2,OPEN,0.265,0.3089,-0.0439,0.0,0.00017,-0.00017,0.265,0.31186,-0.04686,0.0,0.0,0.0
2,2057,45340.4,OPEN,0.26,0.30541,-0.04541,0.0,0.00017,-0.00017,0.26,0.30315,-0.04315,0.0,0.0,0.0
2,2058,45360.4,OPEN,0.255,0.30716,-0.05216,0.0,0.00017,-0.00017,0.255,0.29967,-0.04467,0.0,0.0,0.0
2,2059,45383.5,OPEN,0.25,0.30192,-0.05192,0.0,0.00017,-0.00017,0.25,0.29445,-0.04445,0.0,0.0,0.0
2,2060,45402.0,OPEN,0.245,0.29145,-0.04645,0.0,0.00017,-0.00017,0.245,0.2927,-0.0477,0.0,0.0,0.0
2,2061,45422.4,OPEN,0.24,0.28621,-0.04621,0.0,0.00017,-0.00017,0.24,0.284,-0.044,0.0,0.00193,-0.00193
2,2062,45445.0,OPEN,0.235,0.28272,-0.04772,0.0,0.00017,-0.00017,0.235,0.27877,-0.04377,0.0,0.00193,-0.00193
2,2063,45466.5,OPEN,0.23,0.27574,-0.04574,0.0,0.00017,-0.00017,0.23,0.27529,-0.04529,0.0,0.0,0.0
2,2064,45485.8,OPEN,0.225,0.27051,-0.04551,0.0,0.00349,-0.00349,0.225,0.27007,-0.04507,0.0,0.0,0.0
2,2065,45506.9,OPEN,0.22,0.26702,-0.04702,0.0,0.00017,-0.00017,0.22,0.2631,-0.0431,0.0,0.0,0.0
2,2066,45526.8,OPEN,0.215,0.26178,-0.04678,0.0,0.00017,-0.00017,0.215,0.25962,-0.04462,0.0,0.0,0.0
2,2067,45547.3,OPEN,0.21,0.25654,-0.04654,0.0,0.00017,-0.00017,0.21,0.25266,-0.04266,0.0,0.0,0.0
2,2068,45567.9,OPEN,0.205,0.24956,-0.04456,0.0,0.00017,-0.00017,0.205,0.25266,-0.04766,0.0,0.0,0.0
2,2069,45590.5,OPEN,0.2,0.24782,-0.04782,0.0,0.00017,-0.00017,0.2,0.24221,-0.04221,0.0,0.0,0.0
2,2070,45609.7,OPEN,0.195,0.24258,-0.04758,0.0,0.00017,-0.00017,0.195,0.23698,-0.04198,0.0,0.0,0.0
2,2071,45631.7,OPEN,0.19,0.2356,-0.0456,0.0,0.00017,-0.00017,0.19,0.23176,-0.04176,0.0,0.0,0.0
2,2072,45652.8,OPEN,0.185,0.23037,-0.04537,0.0,0.00017,-0.00017,0.185,0.22654,-0.04154,0.0,0.0,0.0
2,2073,45673.2,OPEN,0.18,0.22688,-0.04688,0.0,0.00017,-0.00017,0.18,0.22131,-0.04131,0.0,0.0,0.0
2,2074,45697.4,OPEN,0.175,0.2199,-0.0449,0.0,0.00017,-0.00017,0.175,0.21609,-0.04109,0.0,0.00193,-0.00193
2,2075,45717.9,OPEN,0.17,0.21815,-0.04815,0.0,0.00017,-0.00017,0.17,0.21261,-0.04261,0.0,0.0,0.0
2,2076,45737.6,OPEN,0.165,0.20942,-0.04442,0.0,0.00017,-0.00017,0.165,0.20564,-0.04064,0.0,0.0,0.0
2,2077,45757.6,OPEN,0.16,0.21117,-0.05117,0.0,0.00017,-0.00017,0.16,0.20216,-0.04216,0.0,0.0,0.0
2,2078,45778.6,OPEN,0.155,0.2007,-0.0457,0.0,0.00017,-0.00017,0.155,0.19694,-0.04194,0.0,0.0,0.0
2,2079,45798.4,OPEN,0.15,0.2007,-0.0507,0.0,0.00017,-0.00017,0.15,0.19171,-0.04171,0.0,0.0,0.0
2,2080,45818.9,OPEN,0.145,0.19546,-0.05046,0.0,0.00017,-0.00017,0.145,0.18823,-0.04323,0.0,0.0,0.0
2,2081,45839.8,OPEN,0.14,0.18325,-0.04325,0.0,0.00017,-0.00017,0.14,0.17952,-0.03952,0.0,0.0,0.0
2,2082,45859.6,OPEN,0.135,0.17976,-0.04476,0.0,0.00017,-0.00017,0.135,0.17604,-0.04104,0.0,0.0,0.0
2,2083,45880.9,OPEN,0.13,0.17277,-0.04277,0.0,0.00017,-0.00017,0.13,0.17082,-0.04082,0.0,0.0,0.0
2,2084,45903.9,OPEN,0.125,0.16754,-0.04254,0.0,0.00017,-0.00017,0.125,0.16385,-0.03885,0.0,0.0,0.0
2,2085,45925.0,OPEN,0.12,0.1623,-0.0423,0.0,0.00017,-0.00017,0.12,0.15863,-0.03863,0.0,0.0,0.0
2,2086,45942.9,OPEN,0.115,0.15881,-0.04381,0.0,0.00349,-0.00349,0.115,0.15515,-0.04015,0.0,0.0,0.0
2,2087,45963.5,OPEN,0.11,0.15358,-0.04358,0.0,0.00017,-0.00017,0.11,0.15166,-0.04166,0.0,0.0,0.0
2,2088,45984.7,OPEN,0.105,0.15009,-0.04509,0.0,0.00017,-0.00017,0.105,0.14644,-0.04144,0.0,0.0,0.0
2,2089,46006.2,OPEN,0.1,0.14311,-0.04311,0.0,0.00017,-0.00017,0.1,0.14122,-0.04122,0.0,0.0,0.0
2,2090,46026.3,OPEN,0.095,0.13787,-0.04287,0.0,0.00017,-0.00017,0.095,0.13773,-0.04273,0.0,0.0,0.0
2,2091,46049.8,OPEN,0.09,0.13438,-0.04438,0.0,0.00017,-0.00017,0.09,0.13251,-0.04251,0.0,0.00193,-0.00193
2,2092,46068.7,OPEN,0.085,0.13089,-0.04589,0.0,0.00017,-0.00017,0.085,0.12903,-0.04403,0.0,0.0,0.0
2,2093,46090.5,OPEN,0.08,0.12565,-0.04565,0.0,0.00017,-0.00017,0.08,0.1238,-0.0438,0.0,0.0,0.0
2,2094,46110.6,OPEN,0.075,0.12042,-0.04542,0.0,0.00017,-0.00017,0.075,0.11858,-0.04358,0.0,0.0,0.0
2,2095,46130.8,OPEN,0.07,0.11693,-0.04693,0.0,0.00017,-0.00017,0.07,0.11336,-0.04336,0.0,0.0,0.0
2,2096,46152.5,OPEN,0.065,0.11169,-0.04669,0.0,0.00349,-0.00349,0.065,0.10813,-0.04313,0.0,0.0,0.0
2,2097,46172.9,OPEN,0.06,0.10646,-0.04646,0.0,0.00017,-0.00017,0.06,0.10291,-0.04291,0.0,0.0,0.0
2,2098,46194.6,OPEN,0.055,0.10122,-0.04622,0.0,0.00017,-0.00017,0.055,0.09943,-0.04443,0.0,0.0,0.0
2,2099,46215.5,OPEN,0.05,0.09599,-0.04599,0.0,0.00017,-0.00017,0.05,0.09072,-0.04072,0.0,0.00387,-0.00387
2,2100,46237.2,OPEN,0.045,0.09075,-0.04575,0.0,0.0,0.0,0.045,0.0855,-0.0405,0.0,0.0,0.0
2,2101,46259.6,OPEN,0.04,0.08726,-0.04726,0.0,0.0,0.0,0.04,0.08027,-0.04027,0.0,0.0,0.0
2,2102,46279.3,OPEN,0.035,0.08202,-0.04702,0.0,0.00017,-0.00017,0.035,0.07679,-0.04179,0.0,0.0,0.0
2,2103,46300.1,OPEN,0.03,0.07853,-0.04853,0.0,0.0,0.0,0.03,0.07157,-0.04157,0.0,0.0,0.0
2,2104,46320.4,OPEN,0.025,0.07504,-0.05004,0.0,0.00017,-0.00017,0.025,0.06634,-0.04134,0.0,0.0,0.0
2,2105,46341.5,OPEN,0.02,0.06806,-0.04806,0.0,0.00017,-0.00017,0.02,0.06112,-0.04112,0.0,0.0,0.0
2,2106,46361.7,OPEN,0.015,0.06283,-0.04783,0.0,0.00017,-0.00017,0.015,0.06286,-0.04786,0.0,0.0,0.0
2,2107,46382.5,OPEN,0.01,0.06283,-0.05283,0.0,0.00017,-0.00017,0.01,0.05241,-0.04241,0.0,0.0,0.0
2,2108,46402.5,OPEN,0.005,0.05236,-0.04736,0.0,0.00017,-0.00017,0.005,0.04719,-0.04219,0.0,0.0,0.0
2,2109,46422.4,OPEN,0.0,0.05236,-0.05236,0.0,0.00017,-0.00017,0.0,0.04893,-0.04893,0.0,0.0,0.0
2,2110,46426.7,HOLD_OPEN,0.0,0.04712,-0.04712,0.0,0.00017,-0.00017,0.0,0.04196,-0.04196,0.0,0.0,0.0
2,2111,46448.3,HOLD_OPEN,0.0,0.04188,-0.04188,0.0,0.00017,-0.00017,0.0,0.03848,-0.03848,0.0,0.0,0.0
2,2112,46470.2,HOLD_OPEN,0.0,0.0349,-0.0349,0.0,0.00017,-0.00017,0.0,0.03326,-0.03326,0.0,0.0,0.0
2,2113,46490.3,HOLD_OPEN,0.0,0.02967,-0.02967,0.0,0.0,0.0,0.0,0.03152,-0.03152,0.0,0.0,0.0
2,2114,46513.7,HOLD_OPEN,0.0,0.02443,-0.02443,0.0,0.0,0.0,0.0,0.02281,-0.02281,0.0,0.0,0.0
2,2115,46535.3,HOLD_OPEN,0.0,0.02094,-0.02094,0.0,0.00017,-0.00017,0.0,0.01759,-0.01759,0.0,0.00387,-0.00387
2,2116,46554.7,HOLD_OPEN,0.0,0.01571,-0.01571,0.0,0.00017,-0.00017,0.0,0.0141,-0.0141,0.0,0.0,0.0
2,2117,46575.5,HOLD_OPEN,0.0,0.01222,-0.01222,0.0,0.0,0.0,0.0,0.01062,-0.01062,0.0,0.0,0.0
2,2118,46596.8,HOLD_OPEN,0.0,0.01047,-0.01047,0.0,0.0,0.0,0.0,0.00714,-0.00714,0.0,0.0,0.0
2,2119,46618.3,HOLD_OPEN,0.0,0.00524,-0.00524,0.0,0.00017,-0.00017,0.0,0.00366,-0.00366,0.0,0.0,0.0
2,2120,46637.2,HOLD_OPEN,0.0,0.00698,-0.00698,0.0,0.00017,-0.00017,0.0,0.00192,-0.00192,0.0,0.0,0.0
2,2121,46657.4,HOLD_OPEN,0.0,0.00698,-0.00698,0.0,0.00017,-0.00017,0.0,0.00192,-0.00192,0.0,0.0,0.0
2,2122,46677.7,HOLD_OPEN,0.0,0.00698,-0.00698,0.0,0.00017,-0.00017,0.0,0.00017,-0.00017,0.0,0.0,0.0
2,2123,46698.1,HOLD_OPEN,0.0,0.00698,-0.00698,0.0,0.0,0.0,0.0,0.00192,-0.00192,0.0,0.0,0.0
2,2124,46719.7,HOLD_OPEN,0.0,0.00698,-0.00698,0.0,0.0,0.0,0.0,0.00192,-0.00192,0.0,0.0,0.0
2,2125,46741.0,HOLD_OPEN,0.0,0.00698,-0.00698,0.0,0.00017,-0.00017,0.0,0.00192,-0.00192,0.0,0.0,0.0
2,2126,46763.9,HOLD_OPEN,0.0,0.00698,-0.00698,0.0,0.0,0.0,0.0,0.00192,-0.00192,0.0,0.0,0.0
2,2127,46783.4,HOLD_OPEN,0.0,0.00698,-0.00698,0.0,0.00017,-0.00017,0.0,0.00192,-0.00192,0.0,0.0,0.0
2,2128,46806.3,HOLD_OPEN,0.0,0.00698,-0.00698,0.0,0.0,0.0,0.0,0.00192,-0.00192,0.0,0.0,0.0
2,2129,46826.2,HOLD_OPEN,0.0,0.00698,-0.00698,0.0,0.00017,-0.00017,0.0,0.00192,-0.00192,0.0,0.0,0.0
2,2130,46847.5,HOLD_OPEN,0.0,0.00698,-0.00698,0.0,0.0,0.0,0.0,0.00017,-0.00017,0.0,0.0,0.0
2,2131,46868.9,HOLD_OPEN,0.0,0.00698,-0.00698,0.0,0.0,0.0,0.0,0.00192,-0.00192,0.0,0.0,0.0
2,2132,46889.0,HOLD_OPEN,0.0,0.00698,-0.00698,0.0,0.00017,-0.00017,0.0,0.00192,-0.00192,0.0,0.00387,-0.00387
2,2133,46908.5,HOLD_OPEN,0.0,0.00698,-0.00698,0.0,0.00017,-0.00017,0.0,0.00192,-0.00192,0.0,0.0,0.0
2,2134,46931.1,HOLD_OPEN,0.0,0.00698,-0.00698,0.0,0.00017,-0.00017,0.0,0.00192,-0.00192,0.0,0.0,0.0
2,2135,46952.1,HOLD_OPEN,0.0,0.0,0.0,0.0,0.00017,-0.00017,0.0,0.00192,-0.00192,0.0,0.0,0.0
2,2136,46972.7,HOLD_OPEN,0.0,0.00698,-0.00698,0.0,0.00017,-0.00017,0.0,0.00192,-0.00192,0.0,0.0,0.0
2,2137,46992.8,HOLD_OPEN,0.0,0.00524,-0.00524,0.0,0.00017,-0.00017,0.0,0.00017,-0.00017,0.0,0.0,0.0
2,2138,47014.0,HOLD_OPEN,0.0,0.00524,-0.00524,0.0,0.00017,-0.00017,0.0,0.00017,-0.00017,0.0,0.0,0.0
2,2139,47034.0,HOLD_OPEN,0.0,0.00349,-0.00349,0.0,0.00017,-0.00017,0.0,0.00192,-0.00192,0.0,0.0,0.0
2,2140,47053.2,HOLD_OPEN,0.0,0.00349,-0.00349,0.0,0.00017,-0.00017,0.0,0.00192,-0.00192,0.0,0.0,0.0
2,2141,47076.5,HOLD_OPEN,0.0,0.00349,-0.00349,0.0,0.00017,-0.00017,0.0,0.00192,-0.00192,0.0,0.0,0.0
2,2142,47095.5,HOLD_OPEN,0.0,0.00349,-0.00349,0.0,0.00017,-0.00017,0.0,0.00192,-0.00192,0.0,0.0,0.0
2,2143,47116.7,HOLD_OPEN,0.0,0.00349,-0.00349,0.0,0.00183,-0.00183,0.0,0.00192,-0.00192,0.0,0.0,0.0
2,2144,47139.2,HOLD_OPEN,0.0,0.00349,-0.00349,0.0,0.00017,-0.00017,0.0,0.00192,-0.00192,0.0,0.0,0.0
2,2145,47158.0,HOLD_OPEN,0.0,0.00349,-0.00349,0.0,0.00017,-0.00017,0.0,0.00192,-0.00192,0.0,0.0,0.0
2,2146,47177.1,HOLD_OPEN,0.0,0.00349,-0.00349,0.0,0.0,0.0,0.0,0.00192,-0.00192,0.0,0.0,0.0
2,2147,47198.1,HOLD_OPEN,0.0,0.00175,-0.00175,0.0,0.00017,-0.00017,0.0,0.00192,-0.00192,0.0,0.0,0.0
2,2148,47218.9,HOLD_OPEN,0.0,0.00349,-0.00349,0.0,0.00183,-0.00183,0.0,0.00192,-0.00192,0.0,0.0,0.0
2,2149,47240.0,HOLD_OPEN,0.0,0.00349,-0.00349,0.0,0.00183,-0.00183,0.0,0.00192,-0.00192,0.0,0.0,0.0
2,2150,47262.4,HOLD_OPEN,0.0,0.00349,-0.00349,0.0,0.0,0.0,0.0,0.00192,-0.00192,0.0,0.0,0.0
2,2151,47284.8,HOLD_OPEN,0.0,0.00349,-0.00349,0.0,0.00017,-0.00017,0.0,0.00192,-0.00192,0.0,0.00387,-0.00387
2,2152,47305.7,HOLD_OPEN,0.0,0.00524,-0.00524,0.0,0.00017,-0.00017,0.0,0.00192,-0.00192,0.0,0.0,0.0
2,2153,47325.7,HOLD_OPEN,0.0,0.00349,-0.00349,0.0,0.00017,-0.00017,0.0,0.00192,-0.00192,0.0,0.0,0.0
2,2154,47347.9,HOLD_OPEN,0.0,0.00349,-0.00349,0.0,0.00017,-0.00017,0.0,0.00192,-0.00192,0.0,0.0,0.0
2,2155,47367.8,HOLD_OPEN,0.0,0.00349,-0.00349,0.0,0.0,0.0,0.0,0.00192,-0.00192,0.0,0.0,0.0
2,2156,47388.3,HOLD_OPEN,0.0,0.00349,-0.00349,0.0,0.0,0.0,0.0,0.00017,-0.00017,0.0,0.0,0.0
2,2157,47410.3,HOLD_OPEN,0.0,0.00349,-0.00349,0.0,0.00183,-0.00183,0.0,0.00192,-0.00192,0.0,0.0,0.0
2,2158,47428.8,HOLD_OPEN,0.0,0.00349,-0.00349,0.0,0.00017,-0.00017,0.0,0.00192,-0.00192,0.0,0.0,0.0
2,2159,47448.8,HOLD_OPEN,0.0,0.00349,-0.00349,0.0,0.0,0.0,0.0,0.00366,-0.00366,0.0,0.0,0.0
2,2160,47471.5,HOLD_OPEN,0.0,0.00349,-0.00349,0.0,0.0,0.0,0.0,0.00192,-0.00192,0.0,0.0,0.0
2,2161,47493.2,HOLD_OPEN,0.0,0.00349,-0.00349,0.0,0.00017,-0.00017,0.0,0.00017,-0.00017,0.0,0.0,0.0
2,2162,47513.6,HOLD_OPEN,0.0,0.00349,-0.00349,0.0,0.0,0.0,0.0,0.00192,-0.00192,0.0,0.0,0.0
2,2163,47533.9,HOLD_OPEN,0.0,0.00524,-0.00524,0.0,0.0,0.0,0.0,0.00017,-0.00017,0.0,0.0,0.0
2,2164,47555.8,HOLD_OPEN,0.0,0.00349,-0.00349,0.0,0.00017,-0.00017,0.0,0.00192,-0.00192,0.0,0.0,0.0
2,2165,47576.5,HOLD_OPEN,0.0,0.00349,-0.00349,0.0,0.00017,-0.00017,0.0,0.00017,-0.00017,0.0,0.0,0.0
2,2166,47596.8,HOLD_OPEN,0.0,0.00349,-0.00349,0.0,0.0,0.0,0.0,0.00017,-0.00017,0.0,0.0,0.0
2,2167,47618.2,HOLD_OPEN,0.0,0.00349,-0.00349,0.0,0.0,0.0,0.0,0.00192,-0.00192,0.0,0.0,0.0
2,2168,47636.9,HOLD_OPEN,0.0,0.00349,-0.00349,0.0,0.00017,-0.00017,0.0,0.00366,-0.00366,0.0,0.0,0.0
2,2169,47659.6,HOLD_OPEN,0.0,0.00349,-0.00349,0.0,0.0,0.0,0.0,0.00192,-0.00192,0.0,0.0,0.0
2,2170,47702.3,CLOSE_2,0.005,0.00524,-0.00024,0.005,0.0,0.005,0.005,0.00192,0.00308,0.005,0.0,0.005
2,2171,47722.4,CLOSE_2,0.01,0.00349,0.00651,0.01,0.00017,0.00983,0.01,0.00192,0.00808,0.01,0.0,0.01
2,2172,47740.4,CLOSE_2,0.015,0.00349,0.01151,0.015,0.0,0.015,0.015,0.00192,0.01308,0.015,0.0,0.015
2,2173,47761.2,CLOSE_2,0.02,0.00175,0.01825,0.02,0.00017,0.01983,0.02,0.00017,0.01983,0.02,0.0,0.02
2,2174,47783.0,CLOSE_2,0.025,0.00175,0.02325,0.025,0.00017,0.02483,0.025,0.00192,0.02308,0.025,0.0,0.025
2,2175,47804.4,CLOSE_2,0.03,0.00349,0.02651,0.03,0.00017,0.02983,0.03,0.00192,0.02808,0.03,0.0,0.03
2,2176,47826.5,CLOSE_2,0.035,0.00349,0.03151,0.035,0.00017,0.03483,0.035,0.00192,0.03308,0.035,0.0,0.035
2,2177,47845.0,CLOSE_2,0.04,0.00349,0.03651,0.04,0.01013,0.02987,0.04,0.01062,0.02938,0.04,0.0,0.04
2,2178,47865.7,CLOSE_2,0.045,0.00175,0.04325,0.045,0.00017,0.04483,0.045,0.00888,0.03612,0.045,0.0,0.045
2,2179,47887.1,CLOSE_2,0.05,0.00349,0.04651,0.05,0.0,0.05,0.05,0.00017,0.04983,0.05,0.0,0.05
2,2180,47909.0,CLOSE_2,0.055,0.00698,0.04802,0.055,0.0,0.055,0.055,0.0054,0.0496,0.055,0.0058,0.0492
2,2181,47930.5,CLOSE_2,0.06,0.00698,0.05302,0.06,0.0,0.06,0.06,0.0054,0.0546,0.06,0.00387,0.05613
2,2182,47952.0,CLOSE_2,0.065,0.0192,0.0458,0.065,0.00515,0.05985,0.065,0.01933,0.04567,0.065,0.0,0.065
2,2183,47972.5,CLOSE_2,0.07,0.01571,0.05429,0.07,0.00515,0.06485,0.07,0.02455,0.04545,0.07,0.0058,0.0642
2,2184,47991.9,CLOSE_2,0.075,0.02269,0.05231,0.075,0.01677,0.05823,0.075,0.02803,0.04697,0.075,0.01354,0.06146
2,2185,48013.0,CLOSE_2,0.08,0.03141,0.04859,0.08,0.01843,0.06157,0.08,0.035,0.045,0.08,0.01934,0.06066
2,2186,48035.0,CLOSE_2,0.085,0.04188,0.04312,0.085,0.03005,0.05495,0.085,0.04196,0.04304,0.085,0.02901,0.05599
2,2187,48055.0,CLOSE_2,0.09,0.04712,0.04288,0.09,0.03503,0.05497,0.09,0.04719,0.04281,0.09,0.03482,0.05518
2,2188,48074.1,CLOSE_2,0.095,0.0541,0.0409,0.095,0.04167,0.05333,0.095,0.05415,0.04085,0.095,0.04642,0.04858
2,2189,48094.4,CLOSE_2,0.1,0.06283,0.03717,0.1,0.04998,0.05002,0.1,0.06286,0.03714,0.1,0.05416,0.04584
2,2190,48115.6,CLOSE_2,0.105,0.06981,0.03519,0.105,0.05828,0.04672,0.105,0.06982,0.03518,0.105,0.0619,0.0431
2,2191,48136.7,CLOSE_2,0.11,0.07679,0.03321,0.11,0.06492,0.04508,0.11,0.08027,0.02973,0.11,0.07157,0.03843
2,2192,48159.3,CLOSE_2,0.115,0.08901,0.02599,0.115,0.07322,0.04178,0.115,0.08724,0.02776,0.115,0.08124,0.03376
2,2193,48180.4,CLOSE_2,0.12,0.09075,0.02925,0.12,0.07986,0.04014,0.12,0.0942,0.0258,0.12,0.08897,0.03103
2,2194,48198.7,CLOSE_2,0.125,0.09599,0.02901,0.125,0.0865,0.0385,0.125,0.09768,0.02732,0.125,0.09478,0.03022
2,2195,48220.6,CLOSE_2,0.13,0.10297,0.02703,0.13,0.09646,0.03354,0.13,0.10639,0.02361,0.13,0.10251,0.02749
2,2196,48240.1,CLOSE_2,0.135,0.10646,0.02854,0.135,0.1031,0.0319,0.135,0.11161,0.02339,0.135,0.10832,0.02668
2,2197,48260.9,CLOSE_2,0.14,0.11344,0.02656,0.14,0.10643,0.03357,0.14,0.11684,0.02316,0.14,0.11219,0.02781
2,2198,48282.5,CLOSE_2,0.145,0.11518,0.02982,0.145,0.11307,0.03193,0.145,0.12206,0.02294,0.145,0.11605,0.02895
2,2199,48304.8,CLOSE_2,0.15,0.11867,0.03133,0.15,0.11971,0.03029,0.15,0.12729,0.02271,0.15,0.11799,0.03201
2,2200,48326.2,CLOSE_2,0.155,0.12216,0.03284,0.155,0.12469,0.03031,0.155,0.12903,0.02597,0.155,0.12573,0.02927
2,2201,48346.3,CLOSE_2,0.16,0.12391,0.03609,0.16,0.13133,0.02867,0.16,0.13251,0.02749,0.16,0.11992,0.04008
2,2202,48368.1,CLOSE_2,0.165,0.1274,0.0376,0.165,0.13631,0.02869,0.165,0.13425,0.03075,0.165,0.12186,0.04314
2,2203,48389.5,CLOSE_2,0.17,0.13089,0.03911,0.17,0.14295,0.02705,0.17,0.13599,0.03401,0.17,0.13153,0.03847
2,2204,48409.8,CLOSE_2,0.175,0.13438,0.04062,0.175,0.14627,0.02873,0.175,0.13947,0.03553,0.175,0.12379,0.05121
2,2205,48429.2,CLOSE_2,0.18,0.13787,0.04213,0.18,0.15125,0.02875,0.18,0.14122,0.03878,0.18,0.13153,0.04847
2,2206,48449.9,CLOSE_2,0.185,0.14311,0.04189,0.185,0.15457,0.03043,0.185,0.14296,0.04204,0.185,0.1354,0.0496
2,2207,48470.2,CLOSE_2,0.19,0.14834,0.04166,0.19,0.16454,0.02546,0.19,0.1447,0.0453,0.19,0.13733,0.05267
2,2208,48491.6,CLOSE_2,0.195,0.15009,0.04491,0.195,0.17284,0.02216,0.195,0.14992,0.04508,0.195,0.14313,0.05187
2,2209,48513.4,CLOSE_2,0.2,0.16056,0.03944,0.2,0.1662,0.0338,0.2,0.1534,0.0466,0.2,0.147,0.053
2,2210,48532.8,CLOSE_2,0.205,0.1623,0.0427,0.205,0.17118,0.03382,0.205,0.15689,0.04811,0.205,0.147,0.058
2,2211,48553.6,CLOSE_2,0.21,0.16579,0.04421,0.21,0.17782,0.03218,0.21,0.16211,0.04789,0.21,0.15474,0.05526
2,2212,48574.6,CLOSE_2,0.215,0.17277,0.04223,0.215,0.1828,0.0322,0.215,0.16559,0.04941,0.215,0.15861,0.05639
2,2213,48596.6,CLOSE_2,0.22,0.17976,0.04024,0.22,0.1911,0.0289,0.22,0.17256,0.04744,0.22,0.16441,0.05559
2,2214,48617.7,CLOSE_2,0.225,0.19372,0.03128,0.225,0.19774,0.02726,0.225,0.17778,0.04722,0.225,0.17021,0.05479
2,2215,48637.8,CLOSE_2,0.23,0.19023,0.03977,0.23,0.1994,0.0306,0.23,0.18475,0.04525,0.23,0.17602,0.05398
2,2216,48657.5,CLOSE_2,0.235,0.19895,0.03605,0.235,0.21268,0.02232,0.235,0.18997,0.04503,0.235,0.18182,0.05318
2,2217,48679.1,CLOSE_2,0.24,0.20419,0.03581,0.24,0.21102,0.02898,0.24,0.19694,0.04306,0.24,0.18762,0.05238
2,2218,48701.3,CLOSE_2,0.245,0.20593,0.03907,0.245,0.21601,0.02899,0.245,0.20738,0.03762,0.245,0.19342,0.05158
2,2219,48720.7,CLOSE_2,0.25,0.21291,0.03709,0.25,0.22265,0.02735,0.25,0.21435,0.03565,0.25,0.20116,0.04884
2,2220,48742.0,CLOSE_2,0.255,0.2164,0.0386,0.255,0.23095,0.02405,0.255,0.21435,0.04065,0.255,0.20503,0.04997
2,2221,48761.7,CLOSE_2,0.26,0.22164,0.03836,0.26,0.23759,0.02241,0.26,0.21957,0.04043,0.26,0.2147,0.0453
2,2222,48784.7,CLOSE_2,0.265,0.22688,0.03812,0.265,0.24589,0.01911,0.265,0.23002,0.03498,0.265,0.22631,0.03869
2,2223,48805.0,CLOSE_2,0.27,0.23386,0.03614,0.27,0.25419,0.01581,0.27,0.23002,0.03998,0.27,0.23598,0.03402
2,2224,48824.4,CLOSE_2,0.275,0.23735,0.03765,0.275,0.25751,0.01749,0.275,0.23524,0.03976,0.275,0.24371,0.03129
2,2225,48846.6,CLOSE_2,0.28,0.24258,0.03742,0.28,0.26249,0.01751,0.28,0.24047,0.03953,0.28,0.25145,0.02855
2,2226,48868.4,CLOSE_2,0.285,0.24607,0.03893,0.285,0.27246,0.01254,0.285,0.24569,0.03931,0.285,0.25532,0.02968
2,2227,48889.1,CLOSE_2,0.29,0.24956,0.04044,0.29,0.2708,0.0192,0.29,0.25091,0.03909,0.29,0.25919,0.03081
2,2228,48910.3,CLOSE_2,0.295,0.25305,0.04195,0.295,0.27578,0.01922,0.295,0.25962,0.03538,0.295,0.26306,0.03194
2,2229,48930.1,CLOSE_2,0.3,0.2548,0.0452,0.3,0.2791,0.0209,0.3,0.25962,0.04038,0.3,0.26886,0.03114
2,2230,48950.5,CLOSE_2,0.305,0.26353,0.04147,0.305,0.28408,0.02092,0.305,0.2631,0.0419,0.305,0.26692,0.03808
2,2231,48970.3,CLOSE_2,0.31,0.26702,0.04298,0.31,0.2874,0.0226,0.31,0.26659,0.04341,0.31,0.27273,0.03727
2,2232,48991.8,CLOSE_2,0.315,0.26702,0.04798,0.315,0.29404,0.02096,0.315,0.27703,0.03797,0.315,0.27466,0.04034
2,2233,49012.6,CLOSE_2,0.32,0.27051,0.04949,0.32,0.29736,0.02264,0.32,0.27703,0.04297,0.32,0.2766,0.0434
2,2234,49034.7,CLOSE_2,0.325,0.28098,0.04402,0.325,0.30732,0.01768,0.325,0.27529,0.04971,0.325,0.28046,0.04454
2,2235,49055.3,CLOSE_2,0.33,0.28796,0.04204,0.33,0.30566,0.02434,0.33,0.27877,0.05123,0.33,0.28433,0.04567
2,2236,49073.8,CLOSE_2,0.335,0.29145,0.04355,0.335,0.30898,0.02602,0.335,0.284,0.051,0.335,0.29014,0.04486
2,2237,49095.5,CLOSE_2,0.34,0.30017,0.03983,0.34,0.31894,0.02106,0.34,0.28922,0.05078,0.34,0.294,0.046
2,2238,49115.5,CLOSE_2,0.345,0.30192,0.04308,0.345,0.31894,0.02606,0.345,0.29619,0.04881,0.345,0.29787,0.04713
2,2239,49137.4,CLOSE_2,0.35,0.31065,0.03935,0.35,0.32226,0.02774,0.35,0.30141,0.04859,0.35,0.30948,0.04052
2,2240,49159.7,CLOSE_2,0.355,0.31588,0.03912,0.355,0.32725,0.02775,0.355,0.30838,0.04662,0.355,0.30948,0.04552
2,2241,49178.4,CLOSE_2,0.36,0.32112,0.03888,0.36,0.33721,0.02279,0.36,0.31534,0.04466,0.36,0.31721,0.04279
2,2242,49199.3,CLOSE_2,0.365,0.3281,0.0369,0.365,0.33721,0.02779,0.365,0.32405,0.04095,0.365,0.32302,0.04198
2,2243,49220.4,CLOSE_2,0.37,0.33333,0.03667,0.37,0.34385,0.02615,0.37,0.33101,0.03899,0.37,0.32689,0.04311
2,2244,49240.8,CLOSE_2,0.375,0.34031,0.03469,0.375,0.34717,0.02783,0.375,0.33624,0.03876,0.375,0.33269,0.04231
2,2245,49261.1,CLOSE_2,0.38,0.3438,0.0362,0.38,0.36045,0.01955,0.38,0.3432,0.0368,0.38,0.33849,0.04151
2,2246,49284.3,CLOSE_2,0.385,0.34904,0.03596,0.385,0.36709,0.01791,0.385,0.35017,0.03483,0.385,0.34623,0.03877
2,2247,49304.9,CLOSE_2,0.39,0.35428,0.03572,0.39,0.36709,0.02291,0.39,0.35539,0.03461,0.39,0.3501,0.0399
2,2248,49325.6,CLOSE_2,0.395,0.35951,0.03549,0.395,0.37373,0.02127,0.395,0.36235,0.03265,0.395,0.35783,0.03717
2,2249,49346.8,CLOSE_2,0.4,0.36649,0.03351,0.4,0.38536,0.01464,0.4,0.36932,0.03068,0.4,0.35783,0.04217
2,2250,49367.0,CLOSE_2,0.405,0.36824,0.03676,0.405,0.39034,0.01466,0.405,0.37454,0.03046,0.405,0.3675,0.0375
2,2251,49387.2,CLOSE_2,0.41,0.37696,0.03304,0.41,0.39366,0.01634,0.41,0.37803,0.03197,0.41,0.3675,0.0425
2,2252,49408.2,CLOSE_2,0.415,0.37696,0.03804,0.415,0.39366,0.02134,0.415,0.38325,0.03175,0.415,0.36944,0.04556
2,2253,49429.8,CLOSE_2,0.42,0.3822,0.0378,0.42,0.39864,0.02136,0.42,0.38673,0.03327,0.42,0.37137,0.04863
2,2254,49451.7,CLOSE_2,0.425,0.38743,0.03757,0.425,0.40362,0.02138,0.425,0.39021,0.03479,0.425,0.37524,0.04976
2,2255,49472.4,CLOSE_2,0.43,0.4014,0.0286,0.43,0.41524,0.01476,0.43,0.39196,0.03804,0.43,0.38104,0.04896
2,2256,49492.0,CLOSE_2,0.435,0.39616,0.03884,0.435,0.41524,0.01976,0.435,0.39544,0.03956,0.435,0.38104,0.05396
2,2257,49513.4,CLOSE_2,0.44,0.39965,0.04035,0.44,0.42022,0.01978,0.44,0.40066,0.03934,0.44,0.38685,0.05315
2,2258,49532.2,CLOSE_2,0.445,0.40314,0.04186,0.445,0.4252,0.0198,0.445,0.40066,0.04434,0.445,0.39265,0.05235
2,2259,49553.7,CLOSE_2,0.45,0.41012,0.03988,0.45,0.43018,0.01982,0.45,0.40589,0.04411,0.45,0.40812,0.04188
2,2260,49574.9,CLOSE_2,0.455,0.41361,0.04139,0.455,0.43849,0.01651,0.455,0.40937,0.04563,0.455,0.40619,0.04881
2,2261,49596.2,CLOSE_2,0.46,0.41885,0.04115,0.46,0.44347,0.01653,0.46,0.41459,0.04541,0.46,0.41199,0.04801
2,2262,49617.1,CLOSE_2,0.465,0.42234,0.04266,0.465,0.44845,0.01655,0.465,0.41807,0.04693,0.465,0.41779,0.04721
2,2263,49637.1,CLOSE_2,0.47,0.42757,0.04243,0.47,0.45509,0.01491,0.47,0.4233,0.0467,0.47,0.42553,0.04447
2,2264,49657.6,CLOSE_2,0.475,0.43106,0.04394,0.475,0.46007,0.01493,0.475,0.432,0.043,0.475,0.43133,0.04367
2,2265,49677.8,CLOSE_2,0.48,0.43805,0.04195,0.48,0.46505,0.01495,0.48,0.432,0.048,0.48,0.4352,0.0448
2,2266,49698.9,CLOSE_2,0.485,0.44503,0.03997,0.485,0.48331,0.00169,0.485,0.44071,0.04429,0.485,0.44294,0.04206
2,2267,49721.6,CLOSE_2,0.49,0.45201,0.03799,0.49,0.48829,0.00171,0.49,0.44419,0.04581,0.49,0.45068,0.03932
2,2268,49740.6,CLOSE_2,0.495,0.45724,0.03776,0.495,0.4966,-0.0016,0.495,0.4529,0.0421,0.495,0.45648,0.03852
2,2269,49761.8,CLOSE_2,0.5,0.46597,0.03403,0.5,0.49992,8e-05,0.5,0.46161,0.03839,0.5,0.46035,0.03965
2,2270,49783.8,CLOSE_2,0.505,0.46422,0.04078,0.5,0.50158,-0.00158,0.505,0.46335,0.04165,0.5,0.46809,0.03191
2,2271,49804.2,CLOSE_2,0.51,0.47644,0.03356,0.5,0.5049,-0.0049,0.51,0.46857,0.04143,0.5,0.47195,0.02805
2,2272,49826.4,CLOSE_2,0.515,0.47644,0.03856,0.5,0.50822,-0.00822,0.515,0.47379,0.04121,0.5,0.47776,0.02224
2,2273,49847.6,CLOSE_2,0.52,0.48168,0.03832,0.5,0.51154,-0.01154,0.52,0.47902,0.04098,0.5,0.48356,0.01644
2,2274,49866.9,CLOSE_2,0.525,0.48866,0.03634,0.5,0.5132,-0.0132,0.525,0.48076,0.04424,0.5,0.48743,0.01257
2,2275,49889.2,CLOSE_2,0.53,0.49564,0.03436,0.5,0.5132,-0.0132,0.53,0.49469,0.03531,0.5,0.4913,0.0087
2,2276,49909.5,CLOSE_2,0.535,0.49564,0.03936,0.5,0.5132,-0.0132,0.535,0.5034,0.0316,0.5,0.49323,0.00677
2,2277,49929.7,CLOSE_2,0.54,0.50611,0.03389,0.5,0.5132,-0.0132,0.54,0.5034,0.0366,0.5,0.4971,0.0029
2,2278,49949.9,CLOSE_2,0.545,0.5096,0.0354,0.5,0.51486,-0.01486,0.545,0.5121,0.0329,0.5,0.49903,0.00097
2,2279,49972.6,CLOSE_2,0.55,0.51658,0.03342,0.5,0.5132,-0.0132,0.55,0.52081,0.02919,0.5,0.49903,0.00097
2,2280,49991.3,CLOSE_2,0.555,0.52356,0.03144,0.5,0.5132,-0.0132,0.555,0.52255,0.03245,0.5,0.49903,0.00097
2,2281,50011.7,CLOSE_2,0.56,0.53229,0.02771,0.5,0.5132,-0.0132,0.56,0.52603,0.03397,0.5,0.49903,0.00097
2,2282,50034.0,CLOSE_2,0.565,0.53403,0.03097,0.5,0.51154,-0.01154,0.565,0.52777,0.03723,0.5,0.49903,0.00097
2,2283,50053.9,CLOSE_2,0.57,0.53927,0.03073,0.5,0.5132,-0.0132,0.57,0.52777,0.04223,0.5,0.49903,0.00097
2,2284,50074.5,CLOSE_2,0.575,0.54101,0.03399,0.5,0.5132,-0.0132,0.575,0.53126,0.04374,0.5,0.50097,-0.00097
2,2285,50097.0,CLOSE_2,0.58,0.54276,0.03724,0.5,0.5132,-0.0132,0.58,0.5417,0.0383,0.5,0.49903,0.00097
2,2286,50118.1,CLOSE_2,0.585,0.5445,0.0405,0.5,0.5132,-0.0132,0.585,0.53648,0.04852,0.5,0.49903,0.00097
2,2287,50137.2,CLOSE_2,0.59,0.55323,0.03677,0.5,0.5132,-0.0132,0.59,0.54867,0.04133,0.5,0.49903,0.00097
2,2288,50158.9,CLOSE_2,0.595,0.55148,0.04352,0.5,0.5132,-0.0132,0.595,0.54519,0.04981,0.5,0.49903,0.00097
2,2289,50180.6,CLOSE_2,0.6,0.55672,0.04328,0.5,0.5132,-0.0132,0.6,0.55389,0.04611,0.5,0.49903,0.00097
2,2290,50201.4,CLOSE_2,0.605,0.5637,0.0413,0.5,0.5132,-0.0132,0.605,0.55563,0.04937,0.5,0.49903,0.00097
2,2291,50222.3,CLOSE_2,0.61,0.56545,0.04455,0.5,0.5132,-0.0132,0.61,0.56086,0.04914,0.5,0.49903,0.00097
2,2292,50242.8,CLOSE_2,0.615,0.57068,0.04432,0.5,0.51486,-0.01486,0.615,0.56608,0.04892,0.5,0.49903,0.00097
2,2293,50262.0,CLOSE_2,0.62,0.57941,0.04059,0.5,0.5132,-0.0132,0.62,0.57653,0.04347,0.5,0.49903,0.00097
2,2294,50285.2,CLOSE_2,0.625,0.58464,0.04036,0.5,0.5132,-0.0132,0.625,0.57827,0.04673,0.5,0.49903,0.00097
2,2295,50307.0,CLOSE_2,0.63,0.58988,0.04012,0.5,0.5132,-0.0132,0.63,0.58349,0.04651,0.5,0.49903,0.00097
2,2296,50325.3,CLOSE_2,0.635,0.58988,0.04512,0.5,0.5132,-0.0132,0.635,0.58698,0.04802,0.5,0.49903,0.00097
2,2297,50345.9,CLOSE_2,0.64,0.60209,0.03791,0.5,0.5132,-0.0132,0.64,0.5922,0.0478,0.5,0.50097,-0.00097
2,2298,50367.6,CLOSE_2,0.645,0.60035,0.04465,0.5,0.5132,-0.0132,0.645,0.60265,0.04235,0.5,0.49903,0.00097
2,2299,50387.5,CLOSE_2,0.65,0.60558,0.04442,0.5,0.5132,-0.0132,0.65,0.60091,0.04909,0.5,0.49903,0.00097
2,2300,50409.1,CLOSE_2,0.655,0.60908,0.04592,0.5,0.5132,-0.0132,0.655,0.60787,0.04713,0.5,0.49903,0.00097
2,2301,50428.3,CLOSE_2,0.66,0.61431,0.04569,0.5,0.51486,-0.01486,0.66,0.61832,0.04168,0.5,0.49903,0.00097
2,2302,50448.3,CLOSE_2,0.665,0.6178,0.0472,0.5,0.51486,-0.01486,0.665,0.62354,0.04146,0.5,0.50097,-0.00097
2,2303,50469.9,CLOSE_2,0.67,0.62478,0.04522,0.5,0.5132,-0.0132,0.67,0.62354,0.04646,0.5,0.49903,0.00097
2,2304,50490.2,CLOSE_2,0.675,0.637,0.038,0.5,0.51486,-0.01486,0.675,0.63051,0.04449,0.5,0.50097,-0.00097
2,2305,50512.6,CLOSE_2,0.68,0.63351,0.04649,0.5,0.51486,-0.01486,0.68,0.63573,0.04427,0.5,0.49903,0.00097
2,2306,50535.1,CLOSE_2,0.685,0.64398,0.04102,0.5,0.5132,-0.0132,0.685,0.6427,0.0423,0.5,0.49903,0.00097
2,2307,50555.5,CLOSE_2,0.69,0.64572,0.04428,0.5,0.5132,-0.0132,0.69,0.64792,0.04208,0.5,0.49903,0.00097
2,2308,50574.7,CLOSE_2,0.695,0.65096,0.04404,0.5,0.5132,-0.0132,0.695,0.65314,0.04186,0.5,0.50097,-0.00097
2,2309,50596.6,CLOSE_2,0.7,0.6562,0.0438,0.5,0.51486,-0.01486,0.7,0.65663,0.04337,0.5,0.50097,-0.00097
2,2310,50618.4,CLOSE_2,0.705,0.66143,0.04357,0.5,0.5132,-0.0132,0.705,0.66359,0.04141,0.5,0.49903,0.00097
2,2311,50637.4,CLOSE_2,0.71,0.66667,0.04333,0.5,0.5132,-0.0132,0.71,0.66881,0.04119,0.5,0.50097,-0.00097
2,2312,50658.0,CLOSE_2,0.715,0.67016,0.04484,0.5,0.51652,-0.01652,0.715,0.6723,0.0427,0.5,0.50097,-0.00097
2,2313,50678.3,CLOSE_2,0.72,0.67714,0.04286,0.5,0.5132,-0.0132,0.72,0.67578,0.04422,0.5,0.49903,0.00097
2,2314,50699.5,CLOSE_2,0.725,0.68237,0.04263,0.5,0.5132,-0.0132,0.725,0.67926,0.04574,0.5,0.49903,0.00097
2,2315,50720.7,CLOSE_2,0.73,0.68935,0.04065,0.5,0.51652,-0.01652,0.73,0.68449,0.04551,0.5,0.49903,0.00097
2,2316,50741.6,CLOSE_2,0.735,0.69459,0.04041,0.5,0.5132,-0.0132,0.735,0.68971,0.04529,0.5,0.50097,-0.00097
2,2317,50764.9,CLOSE_2,0.74,0.70681,0.03319,0.5,0.51486,-0.01486,0.74,0.69493,0.04507,0.5,0.50097,-0.00097
2,2318,50784.5,CLOSE_2,0.745,0.70506,0.03994,0.5,0.5132,-0.0132,0.745,0.69842,0.04658,0.5,0.50097,-0.00097
2,2319,50805.1,CLOSE_2,0.75,0.70855,0.04145,0.5,0.5132,-0.0132,0.75,0.70538,0.04462,0.5,0.49903,0.00097
2,2320,50825.0,CLOSE_2,0.755,0.71379,0.04121,0.5,0.5132,-0.0132,0.755,0.70712,0.04788,0.5,0.49903,0.00097
2,2321,50846.5,CLOSE_2,0.76,0.71902,0.04098,0.5,0.51486,-0.01486,0.76,0.71235,0.04765,0.5,0.49903,0.00097
2,2322,50866.4,CLOSE_2,0.765,0.72251,0.04249,0.5,0.5132,-0.0132,0.765,0.71409,0.05091,0.5,0.50097,-0.00097
2,2323,50887.0,CLOSE_2,0.77,0.72426,0.04574,0.5,0.5132,-0.0132,0.77,0.72105,0.04895,0.5,0.49903,0.00097
2,2324,50907.2,CLOSE_2,0.775,0.72949,0.04551,0.5,0.5132,-0.0132,0.775,0.72628,0.04872,0.5,0.49903,0.00097
2,2325,50929.5,CLOSE_2,0.78,0.73647,0.04353,0.5,0.5132,-0.0132,0.78,0.73324,0.04676,0.5,0.49903,0.00097
2,2326,50950.8,CLOSE_2,0.785,0.73997,0.04503,0.5,0.5132,-0.0132,0.785,0.73498,0.05002,0.5,0.49903,0.00097
2,2327,50970.5,CLOSE_2,0.79,0.74346,0.04654,0.5,0.51652,-0.01652,0.79,0.74369,0.04631,0.5,0.50097,-0.00097
2,2328,50991.1,CLOSE_2,0.795,0.74869,0.04631,0.5,0.5132,-0.0132,0.795,0.74543,0.04957,0.5,0.49903,0.00097
2,2329,51013.2,CLOSE_2,0.8,0.75393,0.04607,0.5,0.51486,-0.01486,0.8,0.75239,0.04761,0.5,0.49903,0.00097
2,2330,51033.7,CLOSE_2,0.805,0.75742,0.04758,0.5,0.5132,-0.0132,0.805,0.75065,0.05435,0.5,0.50097,-0.00097
2,2331,51055.4,CLOSE_2,0.81,0.7644,0.0456,0.5,0.5132,-0.0132,0.81,0.7611,0.0489,0.5,0.50097,-0.00097
2,2332,51075.3,CLOSE_2,0.815,0.77487,0.04013,0.5,0.5132,-0.0132,0.815,0.76632,0.04868,0.5,0.50097,-0.00097
2,2333,51095.1,CLOSE_2,0.82,0.77836,0.04164,0.5,0.51652,-0.01652,0.82,0.77329,0.04671,0.5,0.49903,0.00097
2,2334,51116.3,CLOSE_2,0.825,0.7801,0.0449,0.5,0.5132,-0.0132,0.825,0.78548,0.03952,0.5,0.50097,-0.00097
2,2335,51136.7,CLOSE_2,0.83,0.78534,0.04466,0.5,0.51486,-0.01486,0.83,0.7907,0.0393,0.5,0.49903,0.00097
2,2336,51157.3,CLOSE_2,0.835,0.78883,0.04617,0.5,0.51486,-0.01486,0.835,0.79593,0.03907,0.5,0.50097,-0.00097
2,2337,51178.5,CLOSE_2,0.84,0.7993,0.0407,0.5,0.51652,-0.01652,0.84,0.80289,0.03711,0.5,0.49903,0.00097
2,2338,51199.3,CLOSE_2,0.845,0.80105,0.04395,0.5,0.5132,-0.0132,0.845,0.80289,0.04211,0.5,0.49903,0.00097
2,2339,51220.7,CLOSE_2,0.85,0.80628,0.04372,0.5,0.51486,-0.01486,0.85,0.80986,0.04014,0.5,0.49903,0.00097
2,2340,51241.2,CLOSE_2,0.855,0.81152,0.04348,0.5,0.5132,-0.0132,0.855,0.81682,0.03818,0.5,0.50097,-0.00097
2,2341,51264.2,CLOSE_2,0.86,0.81501,0.04499,0.5,0.51486,-0.01486,0.86,0.81682,0.04318,0.5,0.50097,-0.00097
2,2342,51285.2,CLOSE_2,0.865,0.82199,0.04301,0.5,0.5132,-0.0132,0.865,0.82204,0.04296,0.5,0.50097,-0.00097
2,2343,51304.7,CLOSE_2,0.87,0.82548,0.04452,0.5,0.51486,-0.01486,0.87,0.82379,0.04621,0.5,0.49903,0.00097
2,2344,51326.4,CLOSE_2,0.875,0.83072,0.04428,0.5,0.51486,-0.01486,0.875,0.82901,0.04599,0.5,0.50097,-0.00097
2,2345,51347.3,CLOSE_2,0.88,0.83595,0.04405,0.5,0.5132,-0.0132,0.88,0.83423,0.04577,0.5,0.50097,-0.00097
2,2346,51368.2,CLOSE_2,0.885,0.8377,0.0473,0.5,0.51486,-0.01486,0.885,0.83597,0.04903,0.5,0.50097,-0.00097
2,2347,51388.7,CLOSE_2,0.89,0.84293,0.04707,0.5,0.51486,-0.01486,0.89,0.8412,0.0488,0.5,0.50097,-0.00097
2,2348,51409.5,CLOSE_2,0.895,0.84642,0.04858,0.5,0.51486,-0.01486,0.895,0.85165,0.04335,0.5,0.49903,0.00097
2,2349,51430.5,CLOSE_2,0.9,0.8534,0.0466,0.5,0.51486,-0.01486,0.9,0.85513,0.04487,0.5,0.50097,-0.00097
2,2350,51451.3,CLOSE_2,0.905,0.85689,0.04811,0.5,0.5132,-0.0132,0.905,0.85687,0.04813,0.5,0.50097,-0.00097
2,2351,51469.6,CLOSE_2,0.91,0.86387,0.04613,0.5,0.51818,-0.01818,0.91,0.85861,0.05139,0.5,0.50097,-0.00097
2,2352,51490.7,CLOSE_2,0.915,0.86562,0.04938,0.5,0.51486,-0.01486,0.915,0.86558,0.04942,0.5,0.50097,-0.00097
2,2353,51511.5,CLOSE_2,0.92,0.87784,0.04216,0.5,0.51486,-0.01486,0.92,0.87428,0.04572,0.5,0.49903,0.00097
2,2354,51533.0,CLOSE_2,0.925,0.87784,0.04716,0.5,0.51486,-0.01486,0.925,0.87776,0.04724,0.5,0.49903,0.00097
2,2355,51553.6,CLOSE_2,0.93,0.88133,0.04867,0.5,0.5132,-0.0132,0.93,0.88125,0.04875,0.5,0.50097,-0.00097
2,2356,51575.4,CLOSE_2,0.935,0.88656,0.04844,0.5,0.51486,-0.01486,0.935,0.88995,0.04505,0.5,0.49903,0.00097
2,2357,51595.7,CLOSE_2,0.94,0.8918,0.0482,0.5,0.5132,-0.0132,0.94,0.89692,0.04308,0.5,0.50097,-0.00097
2,2358,51617.9,CLOSE_2,0.945,0.89703,0.04797,0.5,0.51652,-0.01652,0.945,0.9004,0.0446,0.5,0.49903,0.00097
2,2359,51638.4,CLOSE_2,0.95,0.90227,0.04773,0.5,0.51486,-0.01486,0.95,0.90911,0.04089,0.5,0.50097,-0.00097
2,2360,51660.4,CLOSE_2,0.955,0.90401,0.05099,0.5,0.51486,-0.01486,0.955,0.91433,0.04067,0.5,0.50097,-0.00097
2,2361,51678.1,CLOSE_2,0.96,0.91099,0.04901,0.5,0.51486,-0.01486,0.96,0.91955,0.04045,0.5,0.50097,-0.00097
2,2362,51698.3,CLOSE_2,0.965,0.91798,0.04702,0.5,0.5132,-0.0132,0.965,0.90911,0.05589,0.5,0.49903,0.00097
2,2363,51721.6,CLOSE_2,0.97,0.9267,0.0433,0.5,0.51486,-0.01486,0.97,0.92826,0.04174,0.5,0.50097,-0.00097
2,2364,51742.3,CLOSE_2,0.975,0.93194,0.04306,0.5,0.5132,-0.0132,0.975,0.93,0.045,0.5,0.50097,-0.00097
2,2365,51764.6,CLOSE_2,0.98,0.93019,0.04981,0.5,0.51486,-0.01486,0.98,0.93871,0.04129,0.5,0.49903,0.00097
2,2366,51785.8,CLOSE_2,0.985,0.93543,0.04957,0.5,0.51486,-0.01486,0.985,0.94045,0.04455,0.5,0.49903,0.00097
2,2367,51805.0,CLOSE_2,0.99,0.93892,0.05108,0.5,0.51486,-0.01486,0.99,0.94393,0.04607,0.5,0.50097,-0.00097
2,2368,51825.9,CLOSE_2,0.995,0.94241,0.05259,0.5,0.5132,-0.0132,0.995,0.94916,0.04584,0.5,0.50097,-0.00097
2,2369,51846.8,CLOSE_2,1.0,0.9459,0.0541,0.5,0.5132,-0.0132,1.0,0.9509,0.0491,0.5,0.50097,-0.00097
2,2370,51853.2,HOLD_2,1.0,0.95288,0.04712,0.5,0.5132,-0.0132,1.0,0.95786,0.04214,0.5,0.50097,-0.00097
2,2371,51875.1,HOLD_2,1.0,0.95288,0.04712,0.5,0.51486,-0.01486,1.0,0.9596,0.0404,0.5,0.50484,-0.00484
2,2372,51895.6,HOLD_2,1.0,0.95812,0.04188,0.5,0.51486,-0.01486,1.0,0.9596,0.0404,0.5,0.50484,-0.00484
2,2373,51914.9,HOLD_2,1.0,0.96161,0.03839,0.5,0.51652,-0.01652,1.0,0.96657,0.03343,0.5,0.50097,-0.00097
2,2374,51935.7,HOLD_2,1.0,0.97382,0.02618,0.5,0.51486,-0.01486,1.0,0.97005,0.02995,0.5,0.50097,-0.00097
2,2375,51956.4,HOLD_2,1.0,0.97208,0.02792,0.5,0.51486,-0.01486,1.0,0.97353,0.02647,0.5,0.50097,-0.00097
2,2376,51977.7,HOLD_2,1.0,0.97382,0.02618,0.5,0.51652,-0.01652,1.0,0.9805,0.0195,0.5,0.49903,0.00097
2,2377,52001.4,HOLD_2,1.0,0.97731,0.02269,0.5,0.51486,-0.01486,1.0,0.98224,0.01776,0.5,0.49903,0.00097
2,2378,52019.5,HOLD_2,1.0,0.97906,0.02094,0.5,0.5132,-0.0132,1.0,0.98572,0.01428,0.5,0.49903,0.00097
2,2379,52041.5,HOLD_2,1.0,0.9808,0.0192,0.5,0.51486,-0.01486,1.0,0.98572,0.01428,0.5,0.50097,-0.00097
2,2380,52060.6,HOLD_2,1.0,0.98429,0.01571,0.5,0.5132,-0.0132,1.0,0.98746,0.01254,0.5,0.50097,-0.00097
2,2381,52081.5,HOLD_2,1.0,0.97906,0.02094,0.5,0.5132,-0.0132,1.0,0.98572,0.01428,0.5,0.49903,0.00097
2,2382,52103.3,HOLD_2,1.0,0.97906,0.02094,0.5,0.51486,-0.01486,1.0,0.99443,0.00557,0.5,0.50097,-0.00097
2,2383,52124.0,HOLD_2,1.0,0.97557,0.02443,0.5,0.51486,-0.01486,1.0,0.98572,0.01428,0.5,0.50097,-0.00097
2,2384,52145.9,HOLD_2,1.0,0.97906,0.02094,0.5,0.51486,-0.01486,1.0,0.98572,0.01428,0.5,0.50097,-0.00097
2,2385,52167.1,HOLD_2,1.0,0.9808,0.0192,0.5,0.5132,-0.0132,1.0,0.98746,0.01254,0.5,0.50097,-0.00097
2,2386,52187.6,HOLD_2,1.0,0.97906,0.02094,0.5,0.5132,-0.0132,1.0,0.98746,0.01254,0.5,0.49903,0.00097
2,2387,52207.1,HOLD_2,1.0,0.9808,0.0192,0.5,0.5132,-0.0132,1.0,0.98572,0.01428,0.5,0.49903,0.00097
2,2388,52227.5,HOLD_2,1.0,0.9808,0.0192,0.5,0.51486,-0.01486,1.0,0.98746,0.01254,0.5,0.50484,-0.00484
2,2389,52249.1,HOLD_2,1.0,0.97906,0.02094,0.5,0.51486,-0.01486,1.0,0.98572,0.01428,0.5,0.50097,-0.00097
2,2390,52270.2,HOLD_2,1.0,0.9808,0.0192,0.5,0.51818,-0.01818,1.0,0.98746,0.01254,0.5,0.50097,-0.00097
2,2391,52291.1,HOLD_2,1.0,0.97731,0.02269,0.5,0.51652,-0.01652,1.0,0.98746,0.01254,0.5,0.50097,-0.00097
2,2392,52312.6,HOLD_2,1.0,0.9808,0.0192,0.5,0.5132,-0.0132,1.0,0.98572,0.01428,0.5,0.50097,-0.00097
2,2393,52332.7,HOLD_2,1.0,0.9808,0.0192,0.5,0.51486,-0.01486,1.0,0.99443,0.00557,0.5,0.49903,0.00097
2,2394,52353.6,HOLD_2,1.0,0.98255,0.01745,0.5,0.51486,-0.01486,1.0,0.9892,0.0108,0.5,0.50097,-0.00097
2,2395,52375.6,HOLD_2,1.0,0.97731,0.02269,0.5,0.51486,-0.01486,1.0,0.98746,0.01254,0.5,0.50097,-0.00097
2,2396,52396.2,HOLD_2,1.0,0.9808,0.0192,0.5,0.51486,-0.01486,1.0,0.98572,0.01428,0.5,0.50097,-0.00097
2,2397,52416.8,HOLD_2,1.0,0.99127,0.00873,0.5,0.5132,-0.0132,1.0,0.98746,0.01254,0.5,0.50097,-0.00097
2,2398,52437.4,HOLD_2,1.0,0.9808,0.0192,0.5,0.5132,-0.0132,1.0,0.98746,0.01254,0.5,0.50097,-0.00097
2,2399,52458.5,HOLD_2,1.0,0.9808,0.0192,0.5,0.51486,-0.01486,1.0,0.99791,0.00209,0.5,0.50097,-0.00097
2,2400,52477.3,HOLD_2,1.0,0.98255,0.01745,0.5,0.51486,-0.01486,1.0,0.99443,0.00557,0.5,0.49903,0.00097
2,2401,52497.9,HOLD_2,1.0,0.98604,0.01396,0.5,0.5132,-0.0132,1.0,0.99617,0.00383,0.5,0.50097,-0.00097
2,2402,52518.4,HOLD_2,1.0,0.98255,0.01745,0.5,0.51486,-0.01486,1.0,0.99791,0.00209,0.5,0.50097,-0.00097
2,2403,52540.5,HOLD_2,1.0,0.98604,0.01396,0.5,0.51652,-0.01652,1.0,0.99965,0.00035,0.5,0.50097,-0.00097
2,2404,52561.3,HOLD_2,1.0,0.99476,0.00524,0.5,0.51486,-0.01486,1.0,0.99965,0.00035,0.5,0.50097,-0.00097
2,2405,52581.4,HOLD_2,1.0,0.99127,0.00873,0.5,0.51486,-0.01486,1.0,0.99965,0.00035,0.5,0.50097,-0.00097
2,2406,52603.1,HOLD_2,1.0,0.99302,0.00698,0.5,0.51486,-0.01486,1.0,0.99791,0.00209,0.5,0.50097,-0.00097
2,2407,52623.6,HOLD_2,1.0,0.99302,0.00698,0.5,0.51486,-0.01486,1.0,0.99965,0.00035,0.5,0.50097,-0.00097
2,2408,52646.0,HOLD_2,1.0,0.99825,0.00175,0.5,0.5132,-0.0132,1.0,0.99791,0.00209,0.5,0.50097,-0.00097
2,2409,52666.6,HOLD_2,1.0,1.0,0.0,0.5,0.5132,-0.0132,1.0,0.99965,0.00035,0.5,0.50097,-0.00097
2,2410,52687.3,HOLD_2,1.0,1.0,0.0,0.5,0.5132,-0.0132,1.0,1.0,0.0,0.5,0.50097,-0.00097
2,2411,52707.8,HOLD_2,1.0,0.99825,0.00175,0.5,0.51486,-0.01486,1.0,0.99791,0.00209,0.5,0.50097,-0.00097
2,2412,52729.3,HOLD_2,1.0,0.99651,0.00349,0.5,0.51486,-0.01486,1.0,0.99965,0.00035,0.5,0.50097,-0.00097
2,2413,52748.6,HOLD_2,1.0,1.0,0.0,0.5,0.51486,-0.01486,1.0,0.99965,0.00035,0.5,0.50097,-0.00097
2,2414,52769.9,HOLD_2,1.0,1.0,0.0,0.5,0.5132,-0.0132,1.0,0.99791,0.00209,0.5,0.50097,-0.00097
2,2415,52791.3,HOLD_2,1.0,1.0,0.0,0.5,0.51486,-0.01486,1.0,0.99965,0.00035,0.5,0.49903,0.00097
2,2416,52812.4,HOLD_2,1.0,0.99825,0.00175,0.5,0.51486,-0.01486,1.0,0.99791,0.00209,0.5,0.50097,-0.00097
2,2417,52833.7,HOLD_2,1.0,1.0,0.0,0.5,0.51486,-0.01486,1.0,1.0,0.0,0.5,0.5029,-0.0029
2,2418,52853.2,HOLD_2,1.0,0.99825,0.00175,0.5,0.5132,-0.0132,1.0,0.99791,0.00209,0.5,0.50097,-0.00097
2,2419,52872.5,HOLD_2,1.0,1.0,0.0,0.5,0.51486,-0.01486,1.0,0.99965,0.00035,0.5,0.50097,-0.00097
2,2420,52893.6,HOLD_2,1.0,0.99825,0.00175,0.5,0.51486,-0.01486,1.0,0.99965,0.00035,0.5,0.50097,-0.00097
2,2421,52915.1,HOLD_2,1.0,0.99825,0.00175,0.5,0.51486,-0.01486,1.0,0.99965,0.00035,0.5,0.50097,-0.00097
2,2422,52936.6,HOLD_2,1.0,0.99825,0.00175,0.5,0.51486,-0.01486,1.0,0.99965,0.00035,0.5,0.50097,-0.00097
2,2423,52958.9,HOLD_2,1.0,1.0,0.0,0.5,0.51486,-0.01486,1.0,0.99965,0.00035,0.5,0.50097,-0.00097
2,2424,52979.7,HOLD_2,1.0,0.99825,0.00175,0.5,0.51486,-0.01486,1.0,0.99965,0.00035,0.5,0.50097,-0.00097
2,2425,53000.4,HOLD_2,1.0,0.99825,0.00175,0.5,0.5132,-0.0132,1.0,0.99965,0.00035,0.5,0.50097,-0.00097
2,2426,53022.0,HOLD_2,1.0,1.0,0.0,0.5,0.51486,-0.01486,1.0,0.99965,0.00035,0.5,0.50097,-0.00097
2,2427,53042.0,HOLD_2,1.0,0.99825,0.00175,0.5,0.51486,-0.01486,1.0,0.99965,0.00035,0.5,0.49903,0.00097
2,2428,53062.6,HOLD_2,1.0,1.0,0.0,0.5,0.51486,-0.01486,1.0,0.99965,0.00035,0.5,0.50484,-0.00484
2,2429,53083.7,HOLD_2,1.0,0.99825,0.00175,0.5,0.51486,-0.01486,1.0,0.99965,0.00035,0.5,0.50097,-0.00097
