episode,step,shape,middle_contact_gt,middle_q_delta,middle_bit_0.02,middle_bit_0.03,middle_bit_0.04,middle_bit_0.05,middle_bit_0.06,middle_bit_0.08,middle_bit_0.1,index_contact_gt,index_q_delta,index_bit_0.02,index_bit_0.03,index_bit_0.04,index_bit_0.05,index_bit_0.06,index_bit_0.08,index_bit_0.1,servo6_q_target,servo6_q_delta,servo7_q_target,servo7_q_delta,servo8_q_target,servo8_q_delta,servo9_q_target,servo9_q_delta
0,0,sphere,0,0.00295,0,0,0,0,0,0,0,0,0.00295,0,0,0,0,0,0,0,0.005,0.00295,0.005,0.00295,0.005,0.00295,0.005,0.00295
0,1,sphere,0,0.0047,0,0,0,0,0,0,0,0,0.0047,0,0,0,0,0,0,0,0.01,0.00469,0.01,0.0047,0.01,0.00469,0.01,0.0047
0,2,sphere,0,0.00573,0,0,0,0,0,0,0,0,0.00573,0,0,0,0,0,0,0,0.015,0.00572,0.015,0.00573,0.015,0.00572,0.015,0.00573
0,3,sphere,0,0.00633,0,0,0,0,0,0,0,0,0.00633,0,0,0,0,0,0,0,0.02,0.00633,0.02,0.00633,0.02,0.00633,0.02,0.00633
0,4,sphere,0,0.00669,0,0,0,0,0,0,0,0,0.00669,0,0,0,0,0,0,0,0.025,0.00669,0.025,0.00669,0.025,0.00669,0.025,0.00669
0,5,sphere,0,0.0069,0,0,0,0,0,0,0,0,0.0069,0,0,0,0,0,0,0,0.03,0.0069,0.03,0.0069,0.03,0.0069,0.03,0.0069
0,6,sphere,0,0.00703,0,0,0,0,0,0,0,0,0.00703,0,0,0,0,0,0,0,0.035,0.00703,0.035,0.00703,0.035,0.00703,0.035,0.00703
0,7,sphere,0,0.0071,0,0,0,0,0,0,0,0,0.0071,0,0,0,0,0,0,0,0.04,0.0071,0.04,0.0071,0.04,0.0071,0.04,0.0071
0,8,sphere,0,0.00715,0,0,0,0,0,0,0,0,0.00715,0,0,0,0,0,0,0,0.045,0.00715,0.045,0.00715,0.045,0.00715,0.045,0.00715
0,9,sphere,0,0.00717,0,0,0,0,0,0,0,0,0.00717,0,0,0,0,0,0,0,0.05,0.00717,0.05,0.00717,0.05,0.00717,0.05,0.00717
0,10,sphere,0,0.00719,0,0,0,0,0,0,0,0,0.00719,0,0,0,0,0,0,0,0.055,0.00719,0.055,0.00719,0.055,0.00719,0.055,0.00719
0,11,sphere,0,0.0072,0,0,0,0,0,0,0,0,0.0072,0,0,0,0,0,0,0,0.06,0.0072,0.06,0.0072,0.06,0.0072,0.06,0.0072
0,12,sphere,0,0.0072,0,0,0,0,0,0,0,0,0.0072,0,0,0,0,0,0,0,0.065,0.0072,0.065,0.0072,0.065,0.0072,0.065,0.0072
0,13,sphere,0,0.00721,0,0,0,0,0,0,0,0,0.00721,0,0,0,0,0,0,0,0.07,0.00721,0.07,0.00721,0.07,0.00721,0.07,0.00721
0,14,sphere,0,0.00721,0,0,0,0,0,0,0,0,0.00721,0,0,0,0,0,0,0,0.075,0.00721,0.075,0.00721,0.075,0.00721,0.075,0.00721
0,15,sphere,0,0.00721,0,0,0,0,0,0,0,0,0.00721,0,0,0,0,0,0,0,0.08,0.00721,0.08,0.00721,0.08,0.00721,0.08,0.00721
0,16,sphere,0,0.00721,0,0,0,0,0,0,0,0,0.00721,0,0,0,0,0,0,0,0.085,0.00721,0.085,0.00721,0.085,0.00721,0.085,0.00721
0,17,sphere,0,0.00721,0,0,0,0,0,0,0,0,0.00721,0,0,0,0,0,0,0,0.09,0.00721,0.09,0.00721,0.09,0.00721,0.09,0.00721
0,18,sphere,0,0.00721,0,0,0,0,0,0,0,0,0.00721,0,0,0,0,0,0,0,0.095,0.00721,0.095,0.00721,0.095,0.00721,0.095,0.00721
0,19,sphere,0,0.00721,0,0,0,0,0,0,0,0,0.00721,0,0,0,0,0,0,0,0.1,0.00721,0.1,0.00721,0.1,0.00721,0.1,0.00721
0,20,sphere,0,0.00721,0,0,0,0,0,0,0,0,0.00721,0,0,0,0,0,0,0,0.105,0.00721,0.105,0.00721,0.105,0.00721,0.105,0.00721
0,21,sphere,0,0.00721,0,0,0,0,0,0,0,0,0.00721,0,0,0,0,0,0,0,0.11,0.00721,0.11,0.00721,0.11,0.00721,0.11,0.00721
0,22,sphere,0,0.00721,0,0,0,0,0,0,0,0,0.00721,0,0,0,0,0,0,0,0.115,0.00721,0.115,0.00721,0.115,0.00721,0.115,0.00721
0,23,sphere,0,0.00721,0,0,0,0,0,0,0,0,0.00721,0,0,0,0,0,0,0,0.12,0.00721,0.12,0.00721,0.12,0.00721,0.12,0.00721
0,24,sphere,0,0.00721,0,0,0,0,0,0,0,0,0.00721,0,0,0,0,0,0,0,0.125,0.00721,0.125,0.00721,0.125,0.00721,0.125,0.00721
0,25,sphere,0,0.00721,0,0,0,0,0,0,0,0,0.00721,0,0,0,0,0,0,0,0.13,0.00721,0.13,0.00721,0.13,0.00721,0.13,0.00721
0,26,sphere,0,0.00721,0,0,0,0,0,0,0,0,0.00721,0,0,0,0,0,0,0,0.135,0.00721,0.135,0.00721,0.135,0.00721,0.135,0.00721
0,27,sphere,0,0.00721,0,0,0,0,0,0,0,0,0.00721,0,0,0,0,0,0,0,0.14,0.00721,0.14,0.00721,0.14,0.00721,0.14,0.00721
0,28,sphere,0,0.00721,0,0,0,0,0,0,0,0,0.00721,0,0,0,0,0,0,0,0.145,0.00721,0.145,0.00721,0.145,0.00721,0.145,0.00721
0,29,sphere,0,0.00721,0,0,0,0,0,0,0,0,0.00721,0,0,0,0,0,0,0,0.15,0.00721,0.15,0.00721,0.15,0.00721,0.15,0.00721
0,30,sphere,0,0.00721,0,0,0,0,0,0,0,0,0.00721,0,0,0,0,0,0,0,0.155,0.00721,0.155,0.00721,0.155,0.00721,0.155,0.00721
0,31,sphere,0,0.00721,0,0,0,0,0,0,0,0,0.00721,0,0,0,0,0,0,0,0.16,0.00721,0.16,0.00721,0.16,0.00721,0.16,0.00721
0,32,sphere,0,0.00721,0,0,0,0,0,0,0,0,0.00721,0,0,0,0,0,0,0,0.165,0.00721,0.165,0.00721,0.165,0.00721,0.165,0.00721
0,33,sphere,0,0.00721,0,0,0,0,0,0,0,0,0.00721,0,0,0,0,0,0,0,0.17,0.00721,0.17,0.00721,0.17,0.00721,0.17,0.00721
0,34,sphere,0,0.00721,0,0,0,0,0,0,0,0,0.00721,0,0,0,0,0,0,0,0.175,0.00721,0.175,0.00721,0.175,0.00721,0.175,0.00721
0,35,sphere,0,0.00721,0,0,0,0,0,0,0,0,0.00721,0,0,0,0,0,0,0,0.18,0.00721,0.18,0.00721,0.18,0.00721,0.18,0.00721
0,36,sphere,0,0.00721,0,0,0,0,0,0,0,0,0.00721,0,0,0,0,0,0,0,0.185,0.00721,0.185,0.00721,0.185,0.00721,0.185,0.00721
0,37,sphere,0,0.00721,0,0,0,0,0,0,0,0,0.00721,0,0,0,0,0,0,0,0.19,0.00721,0.19,0.00721,0.19,0.00721,0.19,0.00721
0,38,sphere,0,0.00721,0,0,0,0,0,0,0,0,0.00721,0,0,0,0,0,0,0,0.195,0.00721,0.195,0.00721,0.195,0.00721,0.195,0.00721
0,39,sphere,0,0.00721,0,0,0,0,0,0,0,0,0.00721,0,0,0,0,0,0,0,0.2,0.00721,0.2,0.00721,0.2,0.00721,0.2,0.00721
0,40,sphere,0,0.00721,0,0,0,0,0,0,0,0,0.00721,0,0,0,0,0,0,0,0.205,0.00721,0.205,0.00721,0.205,0.00721,0.205,0.00721
0,41,sphere,0,0.00721,0,0,0,0,0,0,0,0,0.00721,0,0,0,0,0,0,0,0.21,0.00721,0.21,0.00721,0.21,0.00721,0.21,0.00721
0,42,sphere,0,0.00721,0,0,0,0,0,0,0,0,0.00721,0,0,0,0,0,0,0,0.215,0.00721,0.215,0.00721,0.215,0.00721,0.215,0.00721
0,43,sphere,0,0.00721,0,0,0,0,0,0,0,0,0.00721,0,0,0,0,0,0,0,0.22,0.00721,0.22,0.00721,0.22,0.00721,0.22,0.00721
0,44,sphere,0,0.00721,0,0,0,0,0,0,0,0,0.00721,0,0,0,0,0,0,0,0.225,0.00721,0.225,0.00721,0.225,0.00721,0.225,0.00721
0,45,sphere,0,0.00721,0,0,0,0,0,0,0,0,0.00721,0,0,0,0,0,0,0,0.23,0.00721,0.23,0.00721,0.23,0.00721,0.23,0.00721
0,46,sphere,0,0.00721,0,0,0,0,0,0,0,0,0.00721,0,0,0,0,0,0,0,0.235,0.00721,0.235,0.00721,0.235,0.00721,0.235,0.00721
0,47,sphere,0,0.00721,0,0,0,0,0,0,0,0,0.00721,0,0,0,0,0,0,0,0.24,0.00721,0.24,0.00721,0.24,0.00721,0.24,0.00721
0,48,sphere,0,0.00721,0,0,0,0,0,0,0,0,0.00721,0,0,0,0,0,0,0,0.245,0.00721,0.245,0.00721,0.245,0.00721,0.245,0.00721
0,49,sphere,0,0.00721,0,0,0,0,0,0,0,0,0.00721,0,0,0,0,0,0,0,0.25,0.00721,0.25,0.00721,0.25,0.00721,0.25,0.00721
0,50,sphere,0,0.00721,0,0,0,0,0,0,0,0,0.00721,0,0,0,0,0,0,0,0.255,0.00721,0.255,0.00721,0.255,0.00721,0.255,0.00721
0,51,sphere,0,0.00721,0,0,0,0,0,0,0,0,0.00721,0,0,0,0,0,0,0,0.26,0.00721,0.26,0.00721,0.26,0.00721,0.26,0.00721
0,52,sphere,0,0.00721,0,0,0,0,0,0,0,0,0.00721,0,0,0,0,0,0,0,0.265,0.00721,0.265,0.00721,0.265,0.00721,0.265,0.00721
0,53,sphere,0,0.00721,0,0,0,0,0,0,0,0,0.00721,0,0,0,0,0,0,0,0.27,0.00721,0.27,0.00721,0.27,0.00721,0.27,0.00721
0,54,sphere,0,0.00721,0,0,0,0,0,0,0,0,0.00721,0,0,0,0,0,0,0,0.275,0.00721,0.275,0.00721,0.275,0.00721,0.275,0.00721
0,55,sphere,0,0.00721,0,0,0,0,0,0,0,0,0.00721,0,0,0,0,0,0,0,0.28,0.00721,0.28,0.00721,0.28,0.00721,0.28,0.00721
0,56,sphere,0,0.00721,0,0,0,0,0,0,0,0,0.00721,0,0,0,0,0,0,0,0.285,0.00721,0.285,0.00721,0.285,0.00721,0.285,0.00721
0,57,sphere,0,0.00721,0,0,0,0,0,0,0,0,0.00721,0,0,0,0,0,0,0,0.29,0.00721,0.29,0.00721,0.29,0.00721,0.29,0.00721
0,58,sphere,0,0.00721,0,0,0,0,0,0,0,0,0.00721,0,0,0,0,0,0,0,0.295,0.00721,0.295,0.00721,0.295,0.00721,0.295,0.00721
0,59,sphere,0,0.00721,0,0,0,0,0,0,0,0,0.00721,0,0,0,0,0,0,0,0.3,0.00721,0.3,0.00721,0.3,0.00721,0.3,0.00721
0,60,sphere,0,0.00721,0,0,0,0,0,0,0,0,0.00721,0,0,0,0,0,0,0,0.305,0.00721,0.305,0.00721,0.305,0.00721,0.305,0.00721
0,61,sphere,0,0.00721,0,0,0,0,0,0,0,0,0.00721,0,0,0,0,0,0,0,0.31,0.00721,0.31,0.00721,0.31,0.00721,0.31,0.00721
0,62,sphere,0,0.00721,0,0,0,0,0,0,0,0,0.00721,0,0,0,0,0,0,0,0.315,0.00721,0.315,0.00721,0.315,0.00721,0.315,0.00721
0,63,sphere,0,0.00721,0,0,0,0,0,0,0,0,0.00721,0,0,0,0,0,0,0,0.32,0.00721,0.32,0.00721,0.32,0.00721,0.32,0.00721
0,64,sphere,0,0.00721,0,0,0,0,0,0,0,0,0.00721,0,0,0,0,0,0,0,0.325,0.00721,0.325,0.00721,0.325,0.00721,0.325,0.00721
0,65,sphere,0,0.00721,0,0,0,0,0,0,0,0,0.00721,0,0,0,0,0,0,0,0.33,0.00721,0.33,0.00721,0.33,0.00721,0.33,0.00721
0,66,sphere,0,0.00721,0,0,0,0,0,0,0,0,0.00721,0,0,0,0,0,0,0,0.335,0.00721,0.335,0.00721,0.335,0.00721,0.335,0.00721
0,67,sphere,0,0.00721,0,0,0,0,0,0,0,0,0.00721,0,0,0,0,0,0,0,0.34,0.00721,0.34,0.00721,0.34,0.00721,0.34,0.00721
0,68,sphere,0,0.00721,0,0,0,0,0,0,0,0,0.00721,0,0,0,0,0,0,0,0.345,0.00721,0.345,0.00721,0.345,0.00721,0.345,0.00721
0,69,sphere,0,0.00721,0,0,0,0,0,0,0,0,0.00721,0,0,0,0,0,0,0,0.35,0.00721,0.35,0.00721,0.35,0.00721,0.35,0.00721
0,70,sphere,0,0.00721,0,0,0,0,0,0,0,0,0.00721,0,0,0,0,0,0,0,0.355,0.00721,0.355,0.00721,0.355,0.00721,0.355,0.00721
0,71,sphere,0,0.00721,0,0,0,0,0,0,0,0,0.00721,0,0,0,0,0,0,0,0.36,0.00721,0.36,0.00721,0.36,0.00721,0.36,0.00721
0,72,sphere,0,0.00721,0,0,0,0,0,0,0,0,0.00721,0,0,0,0,0,0,0,0.365,0.00721,0.365,0.00721,0.365,0.00721,0.365,0.00721
0,73,sphere,0,0.00721,0,0,0,0,0,0,0,0,0.00721,0,0,0,0,0,0,0,0.37,0.00721,0.37,0.00721,0.37,0.00721,0.37,0.00721
0,74,sphere,0,0.00721,0,0,0,0,0,0,0,0,0.00721,0,0,0,0,0,0,0,0.375,0.00721,0.375,0.00721,0.375,0.00721,0.375,0.00721
0,75,sphere,0,0.00721,0,0,0,0,0,0,0,0,0.00721,0,0,0,0,0,0,0,0.38,0.00721,0.38,0.00721,0.38,0.00721,0.38,0.00721
0,76,sphere,0,0.00721,0,0,0,0,0,0,0,0,0.00721,0,0,0,0,0,0,0,0.385,0.00721,0.385,0.00721,0.385,0.00721,0.385,0.00721
0,77,sphere,0,0.00721,0,0,0,0,0,0,0,0,0.00721,0,0,0,0,0,0,0,0.39,0.00721,0.39,0.00721,0.39,0.00721,0.39,0.00721
0,78,sphere,0,0.00721,0,0,0,0,0,0,0,0,0.00721,0,0,0,0,0,0,0,0.395,0.00721,0.395,0.00721,0.395,0.00721,0.395,0.00721
0,79,sphere,0,0.00721,0,0,0,0,0,0,0,0,0.00721,0,0,0,0,0,0,0,0.4,0.00721,0.4,0.00721,0.4,0.00721,0.4,0.00721
0,80,sphere,0,0.00721,0,0,0,0,0,0,0,0,0.00721,0,0,0,0,0,0,0,0.405,0.00721,0.405,0.00721,0.405,0.00721,0.405,0.00721
0,81,sphere,0,0.00721,0,0,0,0,0,0,0,0,0.00721,0,0,0,0,0,0,0,0.41,0.00721,0.41,0.00721,0.41,0.00721,0.41,0.00721
0,82,sphere,0,0.00721,0,0,0,0,0,0,0,0,0.00721,0,0,0,0,0,0,0,0.415,0.00721,0.415,0.00721,0.415,0.00721,0.415,0.00721
0,83,sphere,0,0.00721,0,0,0,0,0,0,0,0,0.00721,0,0,0,0,0,0,0,0.42,0.00721,0.42,0.00721,0.42,0.00721,0.42,0.00721
0,84,sphere,0,0.00721,0,0,0,0,0,0,0,0,0.00721,0,0,0,0,0,0,0,0.425,0.00721,0.425,0.00721,0.425,0.00721,0.425,0.00721
0,85,sphere,0,0.00721,0,0,0,0,0,0,0,0,0.00721,0,0,0,0,0,0,0,0.43,0.00721,0.43,0.00721,0.43,0.00721,0.43,0.00721
0,86,sphere,0,0.00721,0,0,0,0,0,0,0,0,0.00721,0,0,0,0,0,0,0,0.435,0.00721,0.435,0.00721,0.435,0.00721,0.435,0.00721
0,87,sphere,0,0.00721,0,0,0,0,0,0,0,1,0.00721,0,0,0,0,0,0,0,0.44,0.00721,0.44,0.00721,0.44,0.00721,0.44,0.00721
0,88,sphere,0,0.00727,0,0,0,0,0,0,0,1,0.00992,0,0,0,0,0,0,0,0.445,0.00727,0.445,0.00722,0.445,0.00719,0.445,0.00992
0,89,sphere,0,0.00755,0,0,0,0,0,0,0,1,0.0159,0,0,0,0,0,0,0,0.45,0.00755,0.45,0.00696,0.45,0.00767,0.45,0.0159
0,90,sphere,0,0.00781,0,0,0,0,0,0,0,1,0.0225,1,0,0,0,0,0,0,0.455,0.00781,0.455,0.00662,0.455,0.00826,0.455,0.0225
0,91,sphere,0,0.00799,0,0,0,0,0,0,0,1,0.0305,1,1,0,0,0,0,0,0.46,0.00799,0.46,0.00641,0.46,0.00853,0.46,0.0305
0,92,sphere,0,0.00813,0,0,0,0,0,0,0,1,0.0398,1,1,0,0,0,0,0,0.465,0.00813,0.465,0.00623,0.465,0.00866,0.465,0.0398
0,93,sphere,1,0.00908,0,0,0,0,0,0,0,1,0.04972,1,1,1,0,0,0,0,0.47,0.00846,0.47,0.00908,0.47,0.00846,0.47,0.04972
0,94,sphere,1,0.01504,0,0,0,0,0,0,0,1,0.05901,1,1,1,1,0,0,0,0.475,0.00883,0.475,0.01504,0.475,0.00815,0.475,0.05901
0,95,sphere,1,0.02179,1,0,0,0,0,0,0,1,0.06842,1,1,1,1,1,0,0,0.48,0.00915,0.48,0.02179,0.48,0.00796,0.48,0.06842
0,96,sphere,1,0.0293,1,0,0,0,0,0,0,1,0.07789,1,1,1,1,1,0,0,0.485,0.00944,0.485,0.0293,0.485,0.00784,0.485,0.07789
0,97,sphere,1,0.03753,1,1,0,0,0,0,0,1,0.08738,1,1,1,1,1,1,0,0.49,0.00969,0.49,0.03753,0.49,0.00777,0.49,0.08738
0,98,sphere,1,0.0464,1,1,1,0,0,0,0,1,0.09687,1,1,1,1,1,1,0,0.495,0.00992,0.495,0.0464,0.495,0.00773,0.495,0.09687
0,99,sphere,1,0.05587,1,1,1,1,0,0,0,1,0.10637,1,1,1,1,1,1,1,0.5,0.01013,0.5,0.05587,0.5,0.00772,0.5,0.10637
0,100,sphere,1,0.0609,1,1,1,1,1,0,0,1,0.11087,1,1,1,1,1,1,1,0.505,0.01031,0.5,0.0609,0.505,0.00771,0.5,0.11087
0,101,sphere,1,0.06589,1,1,1,1,1,0,0,1,0.11538,1,1,1,1,1,1,1,0.51,0.01077,0.5,0.06589,0.51,0.00772,0.5,0.11538
0,102,sphere,1,0.06728,1,1,1,1,1,0,0,1,0.11974,1,1,1,1,1,1,1,0.515,0.01651,0.5,0.06728,0.515,0.00821,0.5,0.11974
0,103,sphere,1,0.07012,1,1,1,1,1,0,0,1,0.12451,1,1,1,1,1,1,1,0.52,0.01994,0.5,0.07012,0.52,0.00828,0.5,0.12451
0,104,sphere,1,0.07152,1,1,1,1,1,0,0,1,0.12937,1,1,1,1,1,1,1,0.525,0.02489,0.5,0.07152,0.525,0.00848,0.5,0.12937
0,105,sphere,1,0.07431,1,1,1,1,1,0,0,1,0.13451,1,1,1,1,1,1,1,0.53,0.02803,0.5,0.07431,0.53,0.00842,0.5,0.13451
0,106,sphere,1,0.07565,1,1,1,1,1,0,0,1,0.1397,1,1,1,1,1,1,1,0.535,0.03286,0.5,0.07565,0.535,0.00856,0.5,0.1397
0,107,sphere,1,0.07836,1,1,1,1,1,0,0,1,0.14513,1,1,1,1,1,1,1,0.54,0.03601,0.5,0.07836,0.54,0.00847,0.5,0.14513
0,108,sphere,1,0.07964,1,1,1,1,1,0,0,1,0.15059,1,1,1,1,1,1,1,0.545,0.04085,0.5,0.07964,0.545,0.00859,0.5,0.15059
0,109,sphere,1,0.0823,1,1,1,1,1,1,0,1,0.15629,1,1,1,1,1,1,1,0.55,0.04399,0.5,0.0823,0.55,0.00849,0.5,0.15629
0,110,sphere,1,0.08355,1,1,1,1,1,1,0,1,0.16199,1,1,1,1,1,1,1,0.555,0.04882,0.5,0.08355,0.555,0.00859,0.5,0.16199
0,111,sphere,1,0.0862,1,1,1,1,1,1,0,1,0.16792,1,1,1,1,1,1,1,0.56,0.05195,0.5,0.0862,0.56,0.00848,0.5,0.16792
0,112,sphere,1,0.08745,1,1,1,1,1,1,0,1,0.17385,1,1,1,1,1,1,1,0.565,0.05675,0.5,0.08745,0.565,0.00857,0.5,0.17385
0,113,sphere,1,0.0901,1,1,1,1,1,1,0,1,0.17999,1,1,1,1,1,1,1,0.57,0.05983,0.5,0.0901,0.57,0.00845,0.5,0.17999
0,114,sphere,1,0.09137,1,1,1,1,1,1,0,1,0.18612,1,1,1,1,1,1,1,0.575,0.06458,0.5,0.09137,0.575,0.00854,0.5,0.18612
0,115,sphere,1,0.09407,1,1,1,1,1,1,0,1,0.19245,1,1,1,1,1,1,1,0.58,0.0676,0.5,0.09407,0.58,0.00842,0.5,0.19245
0,116,sphere,1,0.09538,1,1,1,1,1,1,0,1,0.19877,1,1,1,1,1,1,1,0.585,0.07226,0.5,0.09538,0.585,0.0085,0.5,0.19877
0,117,sphere,1,0.09814,1,1,1,1,1,1,0,1,0.20529,1,1,1,1,1,1,1,0.59,0.07523,0.5,0.09814,0.59,0.00837,0.5,0.20529
0,118,sphere,1,0.09951,1,1,1,1,1,1,0,1,0.21178,1,1,1,1,1,1,1,0.595,0.07978,0.5,0.09951,0.595,0.00845,0.5,0.21178
0,119,sphere,1,0.10236,1,1,1,1,1,1,1,1,0.21846,1,1,1,1,1,1,1,0.6,0.08265,0.5,0.10236,0.6,0.00831,0.5,0.21846
0,120,sphere,1,0.10385,1,1,1,1,1,1,1,1,0.22512,1,1,1,1,1,1,1,0.605,0.08708,0.5,0.10385,0.605,0.00839,0.5,0.22512
0,121,sphere,1,0.10681,1,1,1,1,1,1,1,1,0.23195,1,1,1,1,1,1,1,0.61,0.08985,0.5,0.10681,0.61,0.00825,0.5,0.23195
0,122,sphere,1,0.10857,1,1,1,1,1,1,1,1,0.23877,1,1,1,1,1,1,1,0.615,0.0941,0.5,0.10857,0.615,0.00833,0.5,0.23877
0,123,sphere,1,0.11165,1,1,1,1,1,1,1,1,0.24575,1,1,1,1,1,1,1,0.62,0.09675,0.5,0.11165,0.62,0.00819,0.5,0.24575
0,124,sphere,1,0.11362,1,1,1,1,1,1,1,1,0.2527,1,1,1,1,1,1,1,0.625,0.10084,0.5,0.11362,0.625,0.00825,0.5,0.2527
0,125,sphere,1,0.11686,1,1,1,1,1,1,1,1,0.25983,1,1,1,1,1,1,1,0.63,0.10334,0.5,0.11686,0.63,0.00811,0.5,0.25983
0,126,sphere,1,0.11911,1,1,1,1,1,1,1,1,0.26692,1,1,1,1,1,1,1,0.635,0.10725,0.5,0.11911,0.635,0.00818,0.5,0.26692
0,127,sphere,1,0.12251,1,1,1,1,1,1,1,1,0.27418,1,1,1,1,1,1,1,0.64,0.10961,0.5,0.12251,0.64,0.00803,0.5,0.27418
0,128,sphere,1,0.12502,1,1,1,1,1,1,1,1,0.28016,1,1,1,1,1,1,1,0.645,0.11175,0.5,0.12502,0.645,0.00861,0.5,0.28016
0,129,sphere,1,0.12727,1,1,1,1,1,1,1,1,0.28612,1,1,1,1,1,1,1,0.65,0.11463,0.5,0.12727,0.65,0.00948,0.5,0.28612
1,0,sphere,0,0.00295,0,0,0,0,0,0,0,0,0.00295,0,0,0,0,0,0,0,0.005,0.00295,0.005,0.00295,0.005,0.00295,0.005,0.00295
1,1,sphere,0,0.0047,0,0,0,0,0,0,0,0,0.0047,0,0,0,0,0,0,0,0.01,0.00469,0.01,0.0047,0.01,0.00469,0.01,0.0047
1,2,sphere,0,0.00573,0,0,0,0,0,0,0,0,0.00573,0,0,0,0,0,0,0,0.015,0.00572,0.015,0.00573,0.015,0.00572,0.015,0.00573
1,3,sphere,0,0.00633,0,0,0,0,0,0,0,0,0.00633,0,0,0,0,0,0,0,0.02,0.00633,0.02,0.00633,0.02,0.00633,0.02,0.00633
1,4,sphere,0,0.00669,0,0,0,0,0,0,0,0,0.00669,0,0,0,0,0,0,0,0.025,0.00669,0.025,0.00669,0.025,0.00669,0.025,0.00669
1,5,sphere,0,0.0069,0,0,0,0,0,0,0,0,0.0069,0,0,0,0,0,0,0,0.03,0.0069,0.03,0.0069,0.03,0.0069,0.03,0.0069
1,6,sphere,0,0.00703,0,0,0,0,0,0,0,0,0.00703,0,0,0,0,0,0,0,0.035,0.00703,0.035,0.00703,0.035,0.00703,0.035,0.00703
1,7,sphere,0,0.0071,0,0,0,0,0,0,0,0,0.0071,0,0,0,0,0,0,0,0.04,0.0071,0.04,0.0071,0.04,0.0071,0.04,0.0071
1,8,sphere,0,0.00715,0,0,0,0,0,0,0,0,0.00715,0,0,0,0,0,0,0,0.045,0.00715,0.045,0.00715,0.045,0.00715,0.045,0.00715
1,9,sphere,0,0.00717,0,0,0,0,0,0,0,0,0.00717,0,0,0,0,0,0,0,0.05,0.00717,0.05,0.00717,0.05,0.00717,0.05,0.00717
1,10,sphere,0,0.00719,0,0,0,0,0,0,0,0,0.00719,0,0,0,0,0,0,0,0.055,0.00719,0.055,0.00719,0.055,0.00719,0.055,0.00719
1,11,sphere,0,0.0072,0,0,0,0,0,0,0,0,0.0072,0,0,0,0,0,0,0,0.06,0.0072,0.06,0.0072,0.06,0.0072,0.06,0.0072
1,12,sphere,0,0.0072,0,0,0,0,0,0,0,0,0.0072,0,0,0,0,0,0,0,0.065,0.0072,0.065,0.0072,0.065,0.0072,0.065,0.0072
1,13,sphere,0,0.00721,0,0,0,0,0,0,0,0,0.00721,0,0,0,0,0,0,0,0.07,0.00721,0.07,0.00721,0.07,0.00721,0.07,0.00721
1,14,sphere,0,0.00721,0,0,0,0,0,0,0,0,0.00721,0,0,0,0,0,0,0,0.075,0.00721,0.075,0.00721,0.075,0.00721,0.075,0.00721
1,15,sphere,0,0.00721,0,0,0,0,0,0,0,0,0.00721,0,0,0,0,0,0,0,0.08,0.00721,0.08,0.00721,0.08,0.00721,0.08,0.00721
1,16,sphere,0,0.00721,0,0,0,0,0,0,0,0,0.00721,0,0,0,0,0,0,0,0.085,0.00721,0.085,0.00721,0.085,0.00721,0.085,0.00721
1,17,sphere,0,0.00721,0,0,0,0,0,0,0,0,0.00721,0,0,0,0,0,0,0,0.09,0.00721,0.09,0.00721,0.09,0.00721,0.09,0.00721
1,18,sphere,0,0.00721,0,0,0,0,0,0,0,0,0.00721,0,0,0,0,0,0,0,0.095,0.00721,0.095,0.00721,0.095,0.00721,0.095,0.00721
1,19,sphere,0,0.00721,0,0,0,0,0,0,0,0,0.00721,0,0,0,0,0,0,0,0.1,0.00721,0.1,0.00721,0.1,0.00721,0.1,0.00721
1,20,sphere,0,0.00721,0,0,0,0,0,0,0,0,0.00721,0,0,0,0,0,0,0,0.105,0.00721,0.105,0.00721,0.105,0.00721,0.105,0.00721
1,21,sphere,0,0.00721,0,0,0,0,0,0,0,0,0.00721,0,0,0,0,0,0,0,0.11,0.00721,0.11,0.00721,0.11,0.00721,0.11,0.00721
1,22,sphere,0,0.00721,0,0,0,0,0,0,0,0,0.00721,0,0,0,0,0,0,0,0.115,0.00721,0.115,0.00721,0.115,0.00721,0.115,0.00721
1,23,sphere,0,0.00721,0,0,0,0,0,0,0,0,0.00721,0,0,0,0,0,0,0,0.12,0.00721,0.12,0.00721,0.12,0.00721,0.12,0.00721
1,24,sphere,0,0.00721,0,0,0,0,0,0,0,0,0.00721,0,0,0,0,0,0,0,0.125,0.00721,0.125,0.00721,0.125,0.00721,0.125,0.00721
1,25,sphere,0,0.00721,0,0,0,0,0,0,0,0,0.00721,0,0,0,0,0,0,0,0.13,0.00721,0.13,0.00721,0.13,0.00721,0.13,0.00721
1,26,sphere,0,0.00721,0,0,0,0,0,0,0,0,0.00721,0,0,0,0,0,0,0,0.135,0.00721,0.135,0.00721,0.135,0.00721,0.135,0.00721
1,27,sphere,0,0.00721,0,0,0,0,0,0,0,0,0.00721,0,0,0,0,0,0,0,0.14,0.00721,0.14,0.00721,0.14,0.00721,0.14,0.00721
1,28,sphere,0,0.00721,0,0,0,0,0,0,0,0,0.00721,0,0,0,0,0,0,0,0.145,0.00721,0.145,0.00721,0.145,0.00721,0.145,0.00721
1,29,sphere,0,0.00721,0,0,0,0,0,0,0,0,0.00721,0,0,0,0,0,0,0,0.15,0.00721,0.15,0.00721,0.15,0.00721,0.15,0.00721
1,30,sphere,0,0.00721,0,0,0,0,0,0,0,0,0.00721,0,0,0,0,0,0,0,0.155,0.00721,0.155,0.00721,0.155,0.00721,0.155,0.00721
1,31,sphere,0,0.00721,0,0,0,0,0,0,0,0,0.00721,0,0,0,0,0,0,0,0.16,0.00721,0.16,0.00721,0.16,0.00721,0.16,0.00721
1,32,sphere,0,0.00721,0,0,0,0,0,0,0,0,0.00721,0,0,0,0,0,0,0,0.165,0.00721,0.165,0.00721,0.165,0.00721,0.165,0.00721
1,33,sphere,0,0.00721,0,0,0,0,0,0,0,0,0.00721,0,0,0,0,0,0,0,0.17,0.00721,0.17,0.00721,0.17,0.00721,0.17,0.00721
1,34,sphere,0,0.00721,0,0,0,0,0,0,0,0,0.00721,0,0,0,0,0,0,0,0.175,0.00721,0.175,0.00721,0.175,0.00721,0.175,0.00721
1,35,sphere,0,0.00721,0,0,0,0,0,0,0,0,0.00721,0,0,0,0,0,0,0,0.18,0.00721,0.18,0.00721,0.18,0.00721,0.18,0.00721
1,36,sphere,0,0.00721,0,0,0,0,0,0,0,0,0.00721,0,0,0,0,0,0,0,0.185,0.00721,0.185,0.00721,0.185,0.00721,0.185,0.00721
1,37,sphere,0,0.00721,0,0,0,0,0,0,0,0,0.00721,0,0,0,0,0,0,0,0.19,0.00721,0.19,0.00721,0.19,0.00721,0.19,0.00721
1,38,sphere,0,0.00721,0,0,0,0,0,0,0,0,0.00721,0,0,0,0,0,0,0,0.195,0.00721,0.195,0.00721,0.195,0.00721,0.195,0.00721
1,39,sphere,0,0.00721,0,0,0,0,0,0,0,0,0.00721,0,0,0,0,0,0,0,0.2,0.00721,0.2,0.00721,0.2,0.00721,0.2,0.00721
1,40,sphere,0,0.00721,0,0,0,0,0,0,0,0,0.00721,0,0,0,0,0,0,0,0.205,0.00721,0.205,0.00721,0.205,0.00721,0.205,0.00721
1,41,sphere,0,0.00721,0,0,0,0,0,0,0,0,0.00721,0,0,0,0,0,0,0,0.21,0.00721,0.21,0.00721,0.21,0.00721,0.21,0.00721
1,42,sphere,0,0.00721,0,0,0,0,0,0,0,0,0.00721,0,0,0,0,0,0,0,0.215,0.00721,0.215,0.00721,0.215,0.00721,0.215,0.00721
1,43,sphere,0,0.00721,0,0,0,0,0,0,0,0,0.00721,0,0,0,0,0,0,0,0.22,0.00721,0.22,0.00721,0.22,0.00721,0.22,0.00721
1,44,sphere,0,0.00721,0,0,0,0,0,0,0,0,0.00721,0,0,0,0,0,0,0,0.225,0.00721,0.225,0.00721,0.225,0.00721,0.225,0.00721
1,45,sphere,0,0.00721,0,0,0,0,0,0,0,0,0.00721,0,0,0,0,0,0,0,0.23,0.00721,0.23,0.00721,0.23,0.00721,0.23,0.00721
1,46,sphere,0,0.00721,0,0,0,0,0,0,0,0,0.00721,0,0,0,0,0,0,0,0.235,0.00721,0.235,0.00721,0.235,0.00721,0.235,0.00721
1,47,sphere,0,0.00721,0,0,0,0,0,0,0,0,0.00721,0,0,0,0,0,0,0,0.24,0.00721,0.24,0.00721,0.24,0.00721,0.24,0.00721
1,48,sphere,0,0.00721,0,0,0,0,0,0,0,0,0.00721,0,0,0,0,0,0,0,0.245,0.00721,0.245,0.00721,0.245,0.00721,0.245,0.00721
1,49,sphere,0,0.00721,0,0,0,0,0,0,0,0,0.00721,0,0,0,0,0,0,0,0.25,0.00721,0.25,0.00721,0.25,0.00721,0.25,0.00721
1,50,sphere,0,0.00721,0,0,0,0,0,0,0,0,0.00721,0,0,0,0,0,0,0,0.255,0.00721,0.255,0.00721,0.255,0.00721,0.255,0.00721
1,51,sphere,0,0.00721,0,0,0,0,0,0,0,0,0.00721,0,0,0,0,0,0,0,0.26,0.00721,0.26,0.00721,0.26,0.00721,0.26,0.00721
1,52,sphere,0,0.00721,0,0,0,0,0,0,0,0,0.00721,0,0,0,0,0,0,0,0.265,0.00721,0.265,0.00721,0.265,0.00721,0.265,0.00721
1,53,sphere,0,0.00721,0,0,0,0,0,0,0,0,0.00721,0,0,0,0,0,0,0,0.27,0.00721,0.27,0.00721,0.27,0.00721,0.27,0.00721
1,54,sphere,0,0.00721,0,0,0,0,0,0,0,0,0.00721,0,0,0,0,0,0,0,0.275,0.00721,0.275,0.00721,0.275,0.00721,0.275,0.00721
1,55,sphere,0,0.00721,0,0,0,0,0,0,0,0,0.00721,0,0,0,0,0,0,0,0.28,0.00721,0.28,0.00721,0.28,0.00721,0.28,0.00721
1,56,sphere,0,0.00721,0,0,0,0,0,0,0,0,0.00721,0,0,0,0,0,0,0,0.285,0.00721,0.285,0.00721,0.285,0.00721,0.285,0.00721
1,57,sphere,0,0.00721,0,0,0,0,0,0,0,0,0.00721,0,0,0,0,0,0,0,0.29,0.00721,0.29,0.00721,0.29,0.00721,0.29,0.00721
1,58,sphere,0,0.00721,0,0,0,0,0,0,0,0,0.00721,0,0,0,0,0,0,0,0.295,0.00721,0.295,0.00721,0.295,0.00721,0.295,0.00721
1,59,sphere,0,0.00721,0,0,0,0,0,0,0,0,0.00721,0,0,0,0,0,0,0,0.3,0.00721,0.3,0.00721,0.3,0.00721,0.3,0.00721
1,60,sphere,0,0.00721,0,0,0,0,0,0,0,0,0.00721,0,0,0,0,0,0,0,0.305,0.00721,0.305,0.00721,0.305,0.00721,0.305,0.00721
1,61,sphere,0,0.00721,0,0,0,0,0,0,0,0,0.00721,0,0,0,0,0,0,0,0.31,0.00721,0.31,0.00721,0.31,0.00721,0.31,0.00721
1,62,sphere,0,0.00721,0,0,0,0,0,0,0,0,0.00721,0,0,0,0,0,0,0,0.315,0.00721,0.315,0.00721,0.315,0.00721,0.315,0.00721
1,63,sphere,0,0.00721,0,0,0,0,0,0,0,0,0.00721,0,0,0,0,0,0,0,0.32,0.00721,0.32,0.00721,0.32,0.00721,0.32,0.00721
1,64,sphere,0,0.00721,0,0,0,0,0,0,0,0,0.00721,0,0,0,0,0,0,0,0.325,0.00721,0.325,0.00721,0.325,0.00721,0.325,0.00721
1,65,sphere,0,0.00721,0,0,0,0,0,0,0,0,0.00721,0,0,0,0,0,0,0,0.33,0.00721,0.33,0.00721,0.33,0.00721,0.33,0.00721
1,66,sphere,0,0.00721,0,0,0,0,0,0,0,0,0.00721,0,0,0,0,0,0,0,0.335,0.00721,0.335,0.00721,0.335,0.00721,0.335,0.00721
1,67,sphere,0,0.00721,0,0,0,0,0,0,0,0,0.00721,0,0,0,0,0,0,0,0.34,0.00721,0.34,0.00721,0.34,0.00721,0.34,0.00721
1,68,sphere,0,0.00721,0,0,0,0,0,0,0,0,0.00721,0,0,0,0,0,0,0,0.345,0.00721,0.345,0.00721,0.345,0.00721,0.345,0.00721
1,69,sphere,0,0.00721,0,0,0,0,0,0,0,0,0.00721,0,0,0,0,0,0,0,0.35,0.00721,0.35,0.00721,0.35,0.00721,0.35,0.00721
1,70,sphere,0,0.00721,0,0,0,0,0,0,0,0,0.00721,0,0,0,0,0,0,0,0.355,0.00721,0.355,0.00721,0.355,0.00721,0.355,0.00721
1,71,sphere,0,0.00721,0,0,0,0,0,0,0,0,0.00721,0,0,0,0,0,0,0,0.36,0.00721,0.36,0.00721,0.36,0.00721,0.36,0.00721
1,72,sphere,0,0.00721,0,0,0,0,0,0,0,0,0.00721,0,0,0,0,0,0,0,0.365,0.00721,0.365,0.00721,0.365,0.00721,0.365,0.00721
1,73,sphere,0,0.00721,0,0,0,0,0,0,0,0,0.00721,0,0,0,0,0,0,0,0.37,0.00721,0.37,0.00721,0.37,0.00721,0.37,0.00721
1,74,sphere,0,0.00721,0,0,0,0,0,0,0,0,0.00721,0,0,0,0,0,0,0,0.375,0.00721,0.375,0.00721,0.375,0.00721,0.375,0.00721
1,75,sphere,0,0.00721,0,0,0,0,0,0,0,0,0.00721,0,0,0,0,0,0,0,0.38,0.00721,0.38,0.00721,0.38,0.00721,0.38,0.00721
1,76,sphere,0,0.00721,0,0,0,0,0,0,0,0,0.00721,0,0,0,0,0,0,0,0.385,0.00721,0.385,0.00721,0.385,0.00721,0.385,0.00721
1,77,sphere,0,0.00721,0,0,0,0,0,0,0,0,0.00721,0,0,0,0,0,0,0,0.39,0.00721,0.39,0.00721,0.39,0.00721,0.39,0.00721
1,78,sphere,0,0.00721,0,0,0,0,0,0,0,0,0.00721,0,0,0,0,0,0,0,0.395,0.00721,0.395,0.00721,0.395,0.00721,0.395,0.00721
1,79,sphere,0,0.00721,0,0,0,0,0,0,0,0,0.00721,0,0,0,0,0,0,0,0.4,0.00721,0.4,0.00721,0.4,0.00721,0.4,0.00721
1,80,sphere,0,0.00721,0,0,0,0,0,0,0,0,0.00721,0,0,0,0,0,0,0,0.405,0.00721,0.405,0.00721,0.405,0.00721,0.405,0.00721
1,81,sphere,0,0.00721,0,0,0,0,0,0,0,0,0.00721,0,0,0,0,0,0,0,0.41,0.00721,0.41,0.00721,0.41,0.00721,0.41,0.00721
1,82,sphere,0,0.00721,0,0,0,0,0,0,0,0,0.00721,0,0,0,0,0,0,0,0.415,0.00721,0.415,0.00721,0.415,0.00721,0.415,0.00721
1,83,sphere,0,0.00721,0,0,0,0,0,0,0,0,0.00721,0,0,0,0,0,0,0,0.42,0.00721,0.42,0.00721,0.42,0.00721,0.42,0.00721
1,84,sphere,0,0.00721,0,0,0,0,0,0,0,0,0.00721,0,0,0,0,0,0,0,0.425,0.00721,0.425,0.00721,0.425,0.00721,0.425,0.00721
1,85,sphere,0,0.00721,0,0,0,0,0,0,0,0,0.00721,0,0,0,0,0,0,0,0.43,0.00721,0.43,0.00721,0.43,0.00721,0.43,0.00721
1,86,sphere,0,0.00721,0,0,0,0,0,0,0,0,0.00721,0,0,0,0,0,0,0,0.435,0.00721,0.435,0.00721,0.435,0.00721,0.435,0.00721
1,87,sphere,0,0.00721,0,0,0,0,0,0,0,1,0.00721,0,0,0,0,0,0,0,0.44,0.00721,0.44,0.00721,0.44,0.00721,0.44,0.00721
1,88,sphere,0,0.00726,0,0,0,0,0,0,0,1,0.00998,0,0,0,0,0,0,0,0.445,0.00726,0.445,0.00723,0.445,0.00719,0.445,0.00998
1,89,sphere,0,0.00771,0,0,0,0,0,0,0,1,0.01532,0,0,0,0,0,0,0,0.45,0.00771,0.45,0.00659,0.45,0.00832,0.45,0.01532
1,90,sphere,0,0.00808,0,0,0,0,0,0,0,1,0.02234,1,0,0,0,0,0,0,0.455,0.00808,0.455,0.00605,0.455,0.00911,0.455,0.02234
1,91,sphere,0,0.00834,0,0,0,0,0,0,0,1,0.03128,1,1,0,0,0,0,0,0.46,0.00834,0.46,0.00569,0.46,0.00949,0.46,0.03128
1,92,sphere,0,0.0085,0,0,0,0,0,0,0,1,0.04017,1,1,1,0,0,0,0,0.465,0.0085,0.465,0.00548,0.465,0.01037,0.465,0.04017
1,93,sphere,1,0.00867,0,0,0,0,0,0,0,1,0.04834,1,1,1,0,0,0,0,0.47,0.0085,0.47,0.00867,0.47,0.01305,0.47,0.04834
1,94,sphere,1,0.0146,0,0,0,0,0,0,0,1,0.05985,1,1,1,1,0,0,0,0.475,0.00903,0.475,0.0146,0.475,0.01212,0.475,0.05985
1,95,sphere,1,0.02135,1,0,0,0,0,0,0,1,0.06957,1,1,1,1,1,0,0,0.48,0.00948,0.48,0.02135,0.48,0.01264,0.48,0.06957
1,96,sphere,1,0.02916,1,0,0,0,0,0,0,1,0.07896,1,1,1,1,1,0,0,0.485,0.00984,0.485,0.02916,0.485,0.0153,0.485,0.07896
1,97,sphere,1,0.03872,1,1,0,0,0,0,0,1,0.08694,1,1,1,1,1,1,0,0.49,0.00988,0.49,0.03872,0.49,0.01979,0.49,0.08694
1,98,sphere,1,0.04894,1,1,1,0,0,0,0,1,0.09609,1,1,1,1,1,1,0,0.495,0.00998,0.495,0.04894,0.495,0.02232,0.495,0.09609
1,99,sphere,1,0.06016,1,1,1,1,1,0,0,1,0.10354,1,1,1,1,1,1,1,0.5,0.01004,0.5,0.06016,0.5,0.02604,0.5,0.10354
1,100,sphere,1,0.06681,1,1,1,1,1,0,0,1,0.10761,1,1,1,1,1,1,1,0.505,0.01017,0.5,0.06681,0.505,0.02759,0.5,0.10761
1,101,sphere,1,0.07409,1,1,1,1,1,0,0,1,0.11029,1,1,1,1,1,1,1,0.51,0.01022,0.5,0.07409,0.51,0.03171,0.5,0.11029
1,102,sphere,1,0.07865,1,1,1,1,1,0,0,1,0.11429,1,1,1,1,1,1,1,0.515,0.01318,0.5,0.07865,0.515,0.03363,0.5,0.11429
1,103,sphere,1,0.08365,1,1,1,1,1,1,0,1,0.11725,1,1,1,1,1,1,1,0.52,0.016,0.5,0.08365,0.52,0.03745,0.5,0.11725
1,104,sphere,1,0.0872,1,1,1,1,1,1,0,1,0.1218,1,1,1,1,1,1,1,0.525,0.01999,0.5,0.0872,0.525,0.03972,0.5,0.1218
1,105,sphere,1,0.09245,1,1,1,1,1,1,0,1,0.12487,1,1,1,1,1,1,1,0.53,0.02224,0.5,0.09245,0.53,0.04355,0.5,0.12487
1,106,sphere,1,0.09602,1,1,1,1,1,1,0,1,0.12947,1,1,1,1,1,1,1,0.535,0.02627,0.5,0.09602,0.535,0.04579,0.5,0.12947
1,107,sphere,1,0.10125,1,1,1,1,1,1,1,1,0.13257,1,1,1,1,1,1,1,0.54,0.02869,0.5,0.10125,0.54,0.0496,0.5,0.13257
1,108,sphere,1,0.10473,1,1,1,1,1,1,1,1,0.1372,1,1,1,1,1,1,1,0.545,0.0329,0.5,0.10473,0.545,0.0518,0.5,0.1372
1,109,sphere,1,0.10992,1,1,1,1,1,1,1,1,0.1403,1,1,1,1,1,1,1,0.55,0.03541,0.5,0.10992,0.55,0.05559,0.5,0.1403
1,110,sphere,1,0.11336,1,1,1,1,1,1,1,1,0.14495,1,1,1,1,1,1,1,0.555,0.03968,0.5,0.11336,0.555,0.05772,0.5,0.14495
1,111,sphere,1,0.11853,1,1,1,1,1,1,1,1,0.14802,1,1,1,1,1,1,1,0.56,0.04221,0.5,0.11853,0.56,0.06145,0.5,0.14802
1,112,sphere,1,0.12195,1,1,1,1,1,1,1,1,0.15266,1,1,1,1,1,1,1,0.565,0.04649,0.5,0.12195,0.565,0.06351,0.5,0.15266
1,113,sphere,1,0.1271,1,1,1,1,1,1,1,1,0.15571,1,1,1,1,1,1,1,0.57,0.04904,0.5,0.1271,0.57,0.06716,0.5,0.15571
1,114,sphere,1,0.1305,1,1,1,1,1,1,1,1,0.16033,1,1,1,1,1,1,1,0.575,0.05333,0.5,0.1305,0.575,0.06914,0.5,0.16033
1,115,sphere,1,0.13564,1,1,1,1,1,1,1,1,0.16334,1,1,1,1,1,1,1,0.58,0.05588,0.5,0.13564,0.58,0.0727,0.5,0.16334
1,116,sphere,1,0.13901,1,1,1,1,1,1,1,1,0.16795,1,1,1,1,1,1,1,0.585,0.06017,0.5,0.13901,0.585,0.07458,0.5,0.16795
1,117,sphere,1,0.14414,1,1,1,1,1,1,1,1,0.17093,1,1,1,1,1,1,1,0.59,0.06272,0.5,0.14414,0.59,0.07804,0.5,0.17093
1,118,sphere,1,0.14748,1,1,1,1,1,1,1,1,0.17551,1,1,1,1,1,1,1,0.595,0.06698,0.5,0.14748,0.595,0.07986,0.5,0.17551
1,119,sphere,1,0.15257,1,1,1,1,1,1,1,1,0.17845,1,1,1,1,1,1,1,0.6,0.06952,0.5,0.15257,0.6,0.08328,0.5,0.17845
1,120,sphere,1,0.15587,1,1,1,1,1,1,1,1,0.18304,1,1,1,1,1,1,1,0.605,0.07379,0.5,0.15587,0.605,0.08508,0.5,0.18304
1,121,sphere,1,0.16091,1,1,1,1,1,1,1,1,0.18598,1,1,1,1,1,1,1,0.61,0.07634,0.5,0.16091,0.61,0.08849,0.5,0.18598
1,122,sphere,1,0.16415,1,1,1,1,1,1,1,1,0.1906,1,1,1,1,1,1,1,0.615,0.08063,0.5,0.16415,0.615,0.09029,0.5,0.1906
1,123,sphere,1,0.16915,1,1,1,1,1,1,1,1,0.19358,1,1,1,1,1,1,1,0.62,0.08319,0.5,0.16915,0.62,0.0937,0.5,0.19358
1,124,sphere,1,0.17234,1,1,1,1,1,1,1,1,0.19825,1,1,1,1,1,1,1,0.625,0.08751,0.5,0.17234,0.625,0.09552,0.5,0.19825
1,125,sphere,1,0.17731,1,1,1,1,1,1,1,1,0.20126,1,1,1,1,1,1,1,0.63,0.09009,0.5,0.17731,0.63,0.09893,0.5,0.20126
1,126,sphere,1,0.18045,1,1,1,1,1,1,1,1,0.20599,1,1,1,1,1,1,1,0.635,0.09442,0.5,0.18045,0.635,0.10076,0.5,0.20599
1,127,sphere,1,0.18538,1,1,1,1,1,1,1,1,0.20904,1,1,1,1,1,1,1,0.64,0.09703,0.5,0.18538,0.64,0.10418,0.5,0.20904
1,128,sphere,1,0.18848,1,1,1,1,1,1,1,1,0.21383,1,1,1,1,1,1,1,0.645,0.10138,0.5,0.18848,0.645,0.10603,0.5,0.21383
1,129,sphere,1,0.19338,1,1,1,1,1,1,1,1,0.21692,1,1,1,1,1,1,1,0.65,0.104,0.5,0.19338,0.65,0.10946,0.5,0.21692
2,0,sphere,0,0.00295,0,0,0,0,0,0,0,0,0.00295,0,0,0,0,0,0,0,0.005,0.00295,0.005,0.00295,0.005,0.00295,0.005,0.00295
2,1,sphere,0,0.0047,0,0,0,0,0,0,0,0,0.0047,0,0,0,0,0,0,0,0.01,0.00469,0.01,0.0047,0.01,0.00469,0.01,0.0047
2,2,sphere,0,0.00573,0,0,0,0,0,0,0,0,0.00573,0,0,0,0,0,0,0,0.015,0.00572,0.015,0.00573,0.015,0.00572,0.015,0.00573
2,3,sphere,0,0.00633,0,0,0,0,0,0,0,0,0.00633,0,0,0,0,0,0,0,0.02,0.00633,0.02,0.00633,0.02,0.00633,0.02,0.00633
2,4,sphere,0,0.00669,0,0,0,0,0,0,0,0,0.00669,0,0,0,0,0,0,0,0.025,0.00669,0.025,0.00669,0.025,0.00669,0.025,0.00669
2,5,sphere,0,0.0069,0,0,0,0,0,0,0,0,0.0069,0,0,0,0,0,0,0,0.03,0.0069,0.03,0.0069,0.03,0.0069,0.03,0.0069
2,6,sphere,0,0.00703,0,0,0,0,0,0,0,0,0.00703,0,0,0,0,0,0,0,0.035,0.00703,0.035,0.00703,0.035,0.00703,0.035,0.00703
2,7,sphere,0,0.0071,0,0,0,0,0,0,0,0,0.0071,0,0,0,0,0,0,0,0.04,0.0071,0.04,0.0071,0.04,0.0071,0.04,0.0071
2,8,sphere,0,0.00715,0,0,0,0,0,0,0,0,0.00715,0,0,0,0,0,0,0,0.045,0.00715,0.045,0.00715,0.045,0.00715,0.045,0.00715
2,9,sphere,0,0.00717,0,0,0,0,0,0,0,0,0.00717,0,0,0,0,0,0,0,0.05,0.00717,0.05,0.00717,0.05,0.00717,0.05,0.00717
2,10,sphere,0,0.00719,0,0,0,0,0,0,0,0,0.00719,0,0,0,0,0,0,0,0.055,0.00719,0.055,0.00719,0.055,0.00719,0.055,0.00719
2,11,sphere,0,0.0072,0,0,0,0,0,0,0,0,0.0072,0,0,0,0,0,0,0,0.06,0.0072,0.06,0.0072,0.06,0.0072,0.06,0.0072
2,12,sphere,0,0.0072,0,0,0,0,0,0,0,0,0.0072,0,0,0,0,0,0,0,0.065,0.0072,0.065,0.0072,0.065,0.0072,0.065,0.0072
2,13,sphere,0,0.00721,0,0,0,0,0,0,0,0,0.00721,0,0,0,0,0,0,0,0.07,0.00721,0.07,0.00721,0.07,0.00721,0.07,0.00721
2,14,sphere,0,0.00721,0,0,0,0,0,0,0,0,0.00721,0,0,0,0,0,0,0,0.075,0.00721,0.075,0.00721,0.075,0.00721,0.075,0.00721
2,15,sphere,0,0.00721,0,0,0,0,0,0,0,0,0.00721,0,0,0,0,0,0,0,0.08,0.00721,0.08,0.00721,0.08,0.00721,0.08,0.00721
2,16,sphere,0,0.00721,0,0,0,0,0,0,0,0,0.00721,0,0,0,0,0,0,0,0.085,0.00721,0.085,0.00721,0.085,0.00721,0.085,0.00721
2,17,sphere,0,0.00721,0,0,0,0,0,0,0,0,0.00721,0,0,0,0,0,0,0,0.09,0.00721,0.09,0.00721,0.09,0.00721,0.09,0.00721
2,18,sphere,0,0.00721,0,0,0,0,0,0,0,0,0.00721,0,0,0,0,0,0,0,0.095,0.00721,0.095,0.00721,0.095,0.00721,0.095,0.00721
2,19,sphere,0,0.00721,0,0,0,0,0,0,0,0,0.00721,0,0,0,0,0,0,0,0.1,0.00721,0.1,0.00721,0.1,0.00721,0.1,0.00721
2,20,sphere,0,0.00721,0,0,0,0,0,0,0,0,0.00721,0,0,0,0,0,0,0,0.105,0.00721,0.105,0.00721,0.105,0.00721,0.105,0.00721
2,21,sphere,0,0.00721,0,0,0,0,0,0,0,0,0.00721,0,0,0,0,0,0,0,0.11,0.00721,0.11,0.00721,0.11,0.00721,0.11,0.00721
2,22,sphere,0,0.00721,0,0,0,0,0,0,0,0,0.00721,0,0,0,0,0,0,0,0.115,0.00721,0.115,0.00721,0.115,0.00721,0.115,0.00721
2,23,sphere,0,0.00721,0,0,0,0,0,0,0,0,0.00721,0,0,0,0,0,0,0,0.12,0.00721,0.12,0.00721,0.12,0.00721,0.12,0.00721
2,24,sphere,0,0.00721,0,0,0,0,0,0,0,0,0.00721,0,0,0,0,0,0,0,0.125,0.00721,0.125,0.00721,0.125,0.00721,0.125,0.00721
2,25,sphere,0,0.00721,0,0,0,0,0,0,0,0,0.00721,0,0,0,0,0,0,0,0.13,0.00721,0.13,0.00721,0.13,0.00721,0.13,0.00721
2,26,sphere,0,0.00721,0,0,0,0,0,0,0,0,0.00721,0,0,0,0,0,0,0,0.135,0.00721,0.135,0.00721,0.135,0.00721,0.135,0.00721
2,27,sphere,0,0.00721,0,0,0,0,0,0,0,0,0.00721,0,0,0,0,0,0,0,0.14,0.00721,0.14,0.00721,0.14,0.00721,0.14,0.00721
2,28,sphere,0,0.00721,0,0,0,0,0,0,0,0,0.00721,0,0,0,0,0,0,0,0.145,0.00721,0.145,0.00721,0.145,0.00721,0.145,0.00721
2,29,sphere,0,0.00721,0,0,0,0,0,0,0,0,0.00721,0,0,0,0,0,0,0,0.15,0.00721,0.15,0.00721,0.15,0.00721,0.15,0.00721
2,30,sphere,0,0.00721,0,0,0,0,0,0,0,0,0.00721,0,0,0,0,0,0,0,0.155,0.00721,0.155,0.00721,0.155,0.00721,0.155,0.00721
2,31,sphere,0,0.00721,0,0,0,0,0,0,0,0,0.00721,0,0,0,0,0,0,0,0.16,0.00721,0.16,0.00721,0.16,0.00721,0.16,0.00721
2,32,sphere,0,0.00721,0,0,0,0,0,0,0,0,0.00721,0,0,0,0,0,0,0,0.165,0.00721,0.165,0.00721,0.165,0.00721,0.165,0.00721
2,33,sphere,0,0.00721,0,0,0,0,0,0,0,0,0.00721,0,0,0,0,0,0,0,0.17,0.00721,0.17,0.00721,0.17,0.00721,0.17,0.00721
2,34,sphere,0,0.00721,0,0,0,0,0,0,0,0,0.00721,0,0,0,0,0,0,0,0.175,0.00721,0.175,0.00721,0.175,0.00721,0.175,0.00721
2,35,sphere,0,0.00721,0,0,0,0,0,0,0,0,0.00721,0,0,0,0,0,0,0,0.18,0.00721,0.18,0.00721,0.18,0.00721,0.18,0.00721
2,36,sphere,0,0.00721,0,0,0,0,0,0,0,0,0.00721,0,0,0,0,0,0,0,0.185,0.00721,0.185,0.00721,0.185,0.00721,0.185,0.00721
2,37,sphere,0,0.00721,0,0,0,0,0,0,0,0,0.00721,0,0,0,0,0,0,0,0.19,0.00721,0.19,0.00721,0.19,0.00721,0.19,0.00721
2,38,sphere,0,0.00721,0,0,0,0,0,0,0,0,0.00721,0,0,0,0,0,0,0,0.195,0.00721,0.195,0.00721,0.195,0.00721,0.195,0.00721
2,39,sphere,0,0.00721,0,0,0,0,0,0,0,0,0.00721,0,0,0,0,0,0,0,0.2,0.00721,0.2,0.00721,0.2,0.00721,0.2,0.00721
2,40,sphere,0,0.00721,0,0,0,0,0,0,0,0,0.00721,0,0,0,0,0,0,0,0.205,0.00721,0.205,0.00721,0.205,0.00721,0.205,0.00721
2,41,sphere,0,0.00721,0,0,0,0,0,0,0,0,0.00721,0,0,0,0,0,0,0,0.21,0.00721,0.21,0.00721,0.21,0.00721,0.21,0.00721
2,42,sphere,0,0.00721,0,0,0,0,0,0,0,0,0.00721,0,0,0,0,0,0,0,0.215,0.00721,0.215,0.00721,0.215,0.00721,0.215,0.00721
2,43,sphere,0,0.00721,0,0,0,0,0,0,0,0,0.00721,0,0,0,0,0,0,0,0.22,0.00721,0.22,0.00721,0.22,0.00721,0.22,0.00721
2,44,sphere,0,0.00721,0,0,0,0,0,0,0,0,0.00721,0,0,0,0,0,0,0,0.225,0.00721,0.225,0.00721,0.225,0.00721,0.225,0.00721
2,45,sphere,0,0.00721,0,0,0,0,0,0,0,0,0.00721,0,0,0,0,0,0,0,0.23,0.00721,0.23,0.00721,0.23,0.00721,0.23,0.00721
2,46,sphere,0,0.00721,0,0,0,0,0,0,0,0,0.00721,0,0,0,0,0,0,0,0.235,0.00721,0.235,0.00721,0.235,0.00721,0.235,0.00721
2,47,sphere,0,0.00721,0,0,0,0,0,0,0,0,0.00721,0,0,0,0,0,0,0,0.24,0.00721,0.24,0.00721,0.24,0.00721,0.24,0.00721
2,48,sphere,0,0.00721,0,0,0,0,0,0,0,0,0.00721,0,0,0,0,0,0,0,0.245,0.00721,0.245,0.00721,0.245,0.00721,0.245,0.00721
2,49,sphere,0,0.00721,0,0,0,0,0,0,0,0,0.00721,0,0,0,0,0,0,0,0.25,0.00721,0.25,0.00721,0.25,0.00721,0.25,0.00721
2,50,sphere,0,0.00721,0,0,0,0,0,0,0,0,0.00721,0,0,0,0,0,0,0,0.255,0.00721,0.255,0.00721,0.255,0.00721,0.255,0.00721
2,51,sphere,0,0.00721,0,0,0,0,0,0,0,0,0.00721,0,0,0,0,0,0,0,0.26,0.00721,0.26,0.00721,0.26,0.00721,0.26,0.00721
2,52,sphere,0,0.00721,0,0,0,0,0,0,0,0,0.00721,0,0,0,0,0,0,0,0.265,0.00721,0.265,0.00721,0.265,0.00721,0.265,0.00721
2,53,sphere,0,0.00721,0,0,0,0,0,0,0,0,0.00721,0,0,0,0,0,0,0,0.27,0.00721,0.27,0.00721,0.27,0.00721,0.27,0.00721
2,54,sphere,0,0.00721,0,0,0,0,0,0,0,0,0.00721,0,0,0,0,0,0,0,0.275,0.00721,0.275,0.00721,0.275,0.00721,0.275,0.00721
2,55,sphere,0,0.00721,0,0,0,0,0,0,0,0,0.00721,0,0,0,0,0,0,0,0.28,0.00721,0.28,0.00721,0.28,0.00721,0.28,0.00721
2,56,sphere,0,0.00721,0,0,0,0,0,0,0,0,0.00721,0,0,0,0,0,0,0,0.285,0.00721,0.285,0.00721,0.285,0.00721,0.285,0.00721
2,57,sphere,0,0.00721,0,0,0,0,0,0,0,0,0.00721,0,0,0,0,0,0,0,0.29,0.00721,0.29,0.00721,0.29,0.00721,0.29,0.00721
2,58,sphere,0,0.00721,0,0,0,0,0,0,0,0,0.00721,0,0,0,0,0,0,0,0.295,0.00721,0.295,0.00721,0.295,0.00721,0.295,0.00721
2,59,sphere,0,0.00721,0,0,0,0,0,0,0,0,0.00721,0,0,0,0,0,0,0,0.3,0.00721,0.3,0.00721,0.3,0.00721,0.3,0.00721
2,60,sphere,0,0.00721,0,0,0,0,0,0,0,0,0.00721,0,0,0,0,0,0,0,0.305,0.00721,0.305,0.00721,0.305,0.00721,0.305,0.00721
2,61,sphere,0,0.00721,0,0,0,0,0,0,0,0,0.00721,0,0,0,0,0,0,0,0.31,0.00721,0.31,0.00721,0.31,0.00721,0.31,0.00721
2,62,sphere,0,0.00721,0,0,0,0,0,0,0,0,0.00721,0,0,0,0,0,0,0,0.315,0.00721,0.315,0.00721,0.315,0.00721,0.315,0.00721
2,63,sphere,0,0.00721,0,0,0,0,0,0,0,0,0.00721,0,0,0,0,0,0,0,0.32,0.00721,0.32,0.00721,0.32,0.00721,0.32,0.00721
2,64,sphere,0,0.00721,0,0,0,0,0,0,0,0,0.00721,0,0,0,0,0,0,0,0.325,0.00721,0.325,0.00721,0.325,0.00721,0.325,0.00721
2,65,sphere,0,0.00721,0,0,0,0,0,0,0,0,0.00721,0,0,0,0,0,0,0,0.33,0.00721,0.33,0.00721,0.33,0.00721,0.33,0.00721
2,66,sphere,0,0.00721,0,0,0,0,0,0,0,0,0.00721,0,0,0,0,0,0,0,0.335,0.00721,0.335,0.00721,0.335,0.00721,0.335,0.00721
2,67,sphere,0,0.00721,0,0,0,0,0,0,0,0,0.00721,0,0,0,0,0,0,0,0.34,0.00721,0.34,0.00721,0.34,0.00721,0.34,0.00721
2,68,sphere,0,0.00721,0,0,0,0,0,0,0,0,0.00721,0,0,0,0,0,0,0,0.345,0.00721,0.345,0.00721,0.345,0.00721,0.345,0.00721
2,69,sphere,0,0.00721,0,0,0,0,0,0,0,0,0.00721,0,0,0,0,0,0,0,0.35,0.00721,0.35,0.00721,0.35,0.00721,0.35,0.00721
2,70,sphere,0,0.00721,0,0,0,0,0,0,0,0,0.00721,0,0,0,0,0,0,0,0.355,0.00721,0.355,0.00721,0.355,0.00721,0.355,0.00721
2,71,sphere,0,0.00721,0,0,0,0,0,0,0,0,0.00721,0,0,0,0,0,0,0,0.36,0.00721,0.36,0.00721,0.36,0.00721,0.36,0.00721
2,72,sphere,0,0.00721,0,0,0,0,0,0,0,0,0.00721,0,0,0,0,0,0,0,0.365,0.00721,0.365,0.00721,0.365,0.00721,0.365,0.00721
2,73,sphere,0,0.00721,0,0,0,0,0,0,0,0,0.00721,0,0,0,0,0,0,0,0.37,0.00721,0.37,0.00721,0.37,0.00721,0.37,0.00721
2,74,sphere,0,0.00721,0,0,0,0,0,0,0,0,0.00721,0,0,0,0,0,0,0,0.375,0.00721,0.375,0.00721,0.375,0.00721,0.375,0.00721
2,75,sphere,0,0.00721,0,0,0,0,0,0,0,0,0.00721,0,0,0,0,0,0,0,0.38,0.00721,0.38,0.00721,0.38,0.00721,0.38,0.00721
2,76,sphere,0,0.00721,0,0,0,0,0,0,0,0,0.00721,0,0,0,0,0,0,0,0.385,0.00721,0.385,0.00721,0.385,0.00721,0.385,0.00721
2,77,sphere,0,0.00721,0,0,0,0,0,0,0,0,0.00721,0,0,0,0,0,0,0,0.39,0.00721,0.39,0.00721,0.39,0.00721,0.39,0.00721
2,78,sphere,0,0.00721,0,0,0,0,0,0,0,0,0.00721,0,0,0,0,0,0,0,0.395,0.00721,0.395,0.00721,0.395,0.00721,0.395,0.00721
2,79,sphere,0,0.00721,0,0,0,0,0,0,0,0,0.00721,0,0,0,0,0,0,0,0.4,0.00721,0.4,0.00721,0.4,0.00721,0.4,0.00721
2,80,sphere,0,0.00721,0,0,0,0,0,0,0,0,0.00721,0,0,0,0,0,0,0,0.405,0.00721,0.405,0.00721,0.405,0.00721,0.405,0.00721
2,81,sphere,0,0.00721,0,0,0,0,0,0,0,0,0.00721,0,0,0,0,0,0,0,0.41,0.00721,0.41,0.00721,0.41,0.00721,0.41,0.00721
2,82,sphere,0,0.00721,0,0,0,0,0,0,0,0,0.00721,0,0,0,0,0,0,0,0.415,0.00721,0.415,0.00721,0.415,0.00721,0.415,0.00721
2,83,sphere,0,0.00721,0,0,0,0,0,0,0,0,0.00721,0,0,0,0,0,0,0,0.42,0.00721,0.42,0.00721,0.42,0.00721,0.42,0.00721
2,84,sphere,0,0.00721,0,0,0,0,0,0,0,0,0.00721,0,0,0,0,0,0,0,0.425,0.00721,0.425,0.00721,0.425,0.00721,0.425,0.00721
2,85,sphere,0,0.00721,0,0,0,0,0,0,0,0,0.00721,0,0,0,0,0,0,0,0.43,0.00721,0.43,0.00721,0.43,0.00721,0.43,0.00721
2,86,sphere,0,0.00721,0,0,0,0,0,0,0,0,0.00721,0,0,0,0,0,0,0,0.435,0.00721,0.435,0.00721,0.435,0.00721,0.435,0.00721
2,87,sphere,0,0.00721,0,0,0,0,0,0,0,1,0.00721,0,0,0,0,0,0,0,0.44,0.00721,0.44,0.00721,0.44,0.00721,0.44,0.00721
2,88,sphere,0,0.00729,0,0,0,0,0,0,0,1,0.00987,0,0,0,0,0,0,0,0.445,0.00729,0.445,0.00717,0.445,0.0073,0.445,0.00987
2,89,sphere,0,0.00766,0,0,0,0,0,0,0,1,0.01554,0,0,0,0,0,0,0,0.45,0.00766,0.45,0.00671,0.45,0.00809,0.45,0.01554
2,90,sphere,0,0.00796,0,0,0,0,0,0,0,1,0.02283,1,0,0,0,0,0,0,0.455,0.00796,0.455,0.0063,0.455,0.00864,0.455,0.02283
2,91,sphere,0,0.00823,0,0,0,0,0,0,0,1,0.0311,1,1,0,0,0,0,0,0.46,0.00823,0.46,0.00591,0.46,0.0092,0.46,0.0311
2,92,sphere,0,0.00843,0,0,0,0,0,0,0,1,0.04043,1,1,1,0,0,0,0,0.465,0.00843,0.465,0.00561,0.465,0.00962,0.465,0.04043
2,93,sphere,1,0.00877,0,0,0,0,0,0,0,1,0.04936,1,1,1,0,0,0,0,0.47,0.00877,0.47,0.00832,0.47,0.011,0.47,0.04936
2,94,sphere,1,0.01403,0,0,0,0,0,0,0,1,0.06089,1,1,1,1,1,0,0,0.475,0.00959,0.475,0.01403,0.475,0.01034,0.475,0.06089
2,95,sphere,1,0.02061,1,0,0,0,0,0,0,1,0.07267,1,1,1,1,1,0,0,0.48,0.01021,0.48,0.02061,0.48,0.00991,0.48,0.07267
2,96,sphere,1,0.02814,1,0,0,0,0,0,0,1,0.08456,1,1,1,1,1,1,0,0.485,0.01075,0.485,0.02814,0.485,0.00965,0.485,0.08456
2,97,sphere,1,0.03655,1,1,0,0,0,0,0,1,0.0964,1,1,1,1,1,1,0,0.49,0.01121,0.49,0.03655,0.49,0.00954,0.49,0.0964
2,98,sphere,1,0.04171,1,1,1,0,0,0,0,1,0.10774,1,1,1,1,1,1,1,0.495,0.01605,0.495,0.04171,0.495,0.00988,0.495,0.10774
2,99,sphere,1,0.04798,1,1,1,0,0,0,0,1,0.11933,1,1,1,1,1,1,1,0.5,0.02018,0.5,0.04798,0.5,0.01007,0.5,0.11933
2,100,sphere,1,0.04807,1,1,1,0,0,0,0,1,0.12358,1,1,1,1,1,1,1,0.505,0.02598,0.5,0.04807,0.505,0.01291,0.5,0.12358
2,101,sphere,1,0.04961,1,1,1,0,0,0,0,1,0.12762,1,1,1,1,1,1,1,0.51,0.02982,0.5,0.04961,0.51,0.01589,0.5,0.12762
2,102,sphere,1,0.04996,1,1,1,0,0,0,0,1,0.12992,1,1,1,1,1,1,1,0.515,0.03534,0.5,0.04996,0.515,0.01986,0.5,0.12992
2,103,sphere,1,0.05181,1,1,1,1,0,0,0,1,0.13412,1,1,1,1,1,1,1,0.52,0.03919,0.5,0.05181,0.52,0.02206,0.5,0.13412
2,104,sphere,1,0.05216,1,1,1,1,0,0,0,1,0.13623,1,1,1,1,1,1,1,0.525,0.04511,0.5,0.05216,0.525,0.02598,0.5,0.13623
2,105,sphere,1,0.0541,1,1,1,1,0,0,0,1,0.1404,1,1,1,1,1,1,1,0.53,0.04905,0.5,0.0541,0.53,0.02819,0.5,0.1404
2,106,sphere,1,0.05503,1,1,1,1,0,0,0,1,0.14255,1,1,1,1,1,1,1,0.535,0.05503,0.5,0.05453,0.535,0.03206,0.5,0.14255
2,107,sphere,1,0.05898,1,1,1,1,0,0,0,1,0.14687,1,1,1,1,1,1,1,0.54,0.05898,0.5,0.05658,0.54,0.03422,0.5,0.14687
2,108,sphere,1,0.065,1,1,1,1,1,0,0,1,0.1491,1,1,1,1,1,1,1,0.545,0.065,0.5,0.05709,0.545,0.03807,0.5,0.1491
2,109,sphere,1,0.06898,1,1,1,1,1,0,0,1,0.15355,1,1,1,1,1,1,1,0.55,0.06898,0.5,0.05922,0.55,0.04022,0.5,0.15355
2,110,sphere,1,0.07505,1,1,1,1,1,0,0,1,0.15584,1,1,1,1,1,1,1,0.555,0.07505,0.5,0.05978,0.555,0.04414,0.5,0.15584
2,111,sphere,1,0.07904,1,1,1,1,1,0,0,1,0.16039,1,1,1,1,1,1,1,0.56,0.07904,0.5,0.06199,0.56,0.04628,0.5,0.16039
2,112,sphere,1,0.08514,1,1,1,1,1,1,0,1,0.16272,1,1,1,1,1,1,1,0.565,0.08514,0.5,0.0626,0.565,0.05023,0.5,0.16272
2,113,sphere,1,0.08914,1,1,1,1,1,1,0,1,0.16734,1,1,1,1,1,1,1,0.57,0.08914,0.5,0.06487,0.57,0.05236,0.5,0.16734
2,114,sphere,1,0.09527,1,1,1,1,1,1,0,1,0.16967,1,1,1,1,1,1,1,0.575,0.09527,0.5,0.06551,0.575,0.05629,0.5,0.16967
2,115,sphere,1,0.09929,1,1,1,1,1,1,0,1,0.1743,1,1,1,1,1,1,1,0.58,0.09929,0.5,0.06781,0.58,0.05842,0.5,0.1743
2,116,sphere,1,0.10546,1,1,1,1,1,1,1,1,0.17662,1,1,1,1,1,1,1,0.585,0.10546,0.5,0.06846,0.585,0.06237,0.5,0.17662
2,117,sphere,1,0.10949,1,1,1,1,1,1,1,1,0.18124,1,1,1,1,1,1,1,0.59,0.10949,0.5,0.07078,0.59,0.06452,0.5,0.18124
2,118,sphere,1,0.11566,1,1,1,1,1,1,1,1,0.18356,1,1,1,1,1,1,1,0.595,0.11566,0.5,0.07146,0.595,0.06849,0.5,0.18356
2,119,sphere,1,0.11969,1,1,1,1,1,1,1,1,0.18818,1,1,1,1,1,1,1,0.6,0.11969,0.5,0.07381,0.6,0.07065,0.5,0.18818
2,120,sphere,1,0.12587,1,1,1,1,1,1,1,1,0.19049,1,1,1,1,1,1,1,0.605,0.12587,0.5,0.07449,0.605,0.07464,0.5,0.19049
2,121,sphere,1,0.12989,1,1,1,1,1,1,1,1,0.19511,1,1,1,1,1,1,1,0.61,0.12989,0.5,0.07686,0.61,0.0768,0.5,0.19511
2,122,sphere,1,0.13605,1,1,1,1,1,1,1,1,0.19742,1,1,1,1,1,1,1,0.615,0.13605,0.5,0.07756,0.615,0.08079,0.5,0.19742
2,123,sphere,1,0.14006,1,1,1,1,1,1,1,1,0.20203,1,1,1,1,1,1,1,0.62,0.14006,0.5,0.07995,0.62,0.08296,0.5,0.20203
2,124,sphere,1,0.1462,1,1,1,1,1,1,1,1,0.20434,1,1,1,1,1,1,1,0.625,0.1462,0.5,0.08065,0.625,0.08696,0.5,0.20434
2,125,sphere,1,0.1502,1,1,1,1,1,1,1,1,0.20895,1,1,1,1,1,1,1,0.63,0.1502,0.5,0.08306,0.63,0.08914,0.5,0.20895
2,126,sphere,1,0.15634,1,1,1,1,1,1,1,1,0.21125,1,1,1,1,1,1,1,0.635,0.15634,0.5,0.08377,0.635,0.09314,0.5,0.21125
2,127,sphere,1,0.16032,1,1,1,1,1,1,1,1,0.21585,1,1,1,1,1,1,1,0.64,0.16032,0.5,0.08618,0.64,0.09533,0.5,0.21585
2,128,sphere,1,0.16644,1,1,1,1,1,1,1,1,0.21815,1,1,1,1,1,1,1,0.645,0.16644,0.5,0.0869,0.645,0.09933,0.5,0.21815
2,129,sphere,1,0.17041,1,1,1,1,1,1,1,1,0.22274,1,1,1,1,1,1,1,0.65,0.17041,0.5,0.08932,0.65,0.10153,0.5,0.22274
2,130,sphere,1,0.17652,1,1,1,1,1,1,1,1,0.22504,1,1,1,1,1,1,1,0.655,0.17652,0.5,0.09004,0.655,0.10554,0.5,0.22504
2,131,sphere,1,0.18048,1,1,1,1,1,1,1,1,0.22962,1,1,1,1,1,1,1,0.66,0.18048,0.5,0.09248,0.66,0.10774,0.5,0.22962
2,132,sphere,1,0.18657,1,1,1,1,1,1,1,1,0.2319,1,1,1,1,1,1,1,0.665,0.18657,0.5,0.0932,0.665,0.11177,0.5,0.2319
2,133,sphere,1,0.19052,1,1,1,1,1,1,1,1,0.23647,1,1,1,1,1,1,1,0.67,0.19052,0.5,0.09564,0.67,0.11398,0.5,0.23647
3,0,sphere,0,0.00295,0,0,0,0,0,0,0,0,0.00295,0,0,0,0,0,0,0,0.005,0.00295,0.005,0.00295,0.005,0.00295,0.005,0.00295
3,1,sphere,0,0.0047,0,0,0,0,0,0,0,0,0.0047,0,0,0,0,0,0,0,0.01,0.00469,0.01,0.0047,0.01,0.00469,0.01,0.0047
3,2,sphere,0,0.00573,0,0,0,0,0,0,0,0,0.00573,0,0,0,0,0,0,0,0.015,0.00572,0.015,0.00573,0.015,0.00572,0.015,0.00573
3,3,sphere,0,0.00633,0,0,0,0,0,0,0,0,0.00633,0,0,0,0,0,0,0,0.02,0.00633,0.02,0.00633,0.02,0.00633,0.02,0.00633
3,4,sphere,0,0.00669,0,0,0,0,0,0,0,0,0.00669,0,0,0,0,0,0,0,0.025,0.00669,0.025,0.00669,0.025,0.00669,0.025,0.00669
3,5,sphere,0,0.0069,0,0,0,0,0,0,0,0,0.0069,0,0,0,0,0,0,0,0.03,0.0069,0.03,0.0069,0.03,0.0069,0.03,0.0069
3,6,sphere,0,0.00703,0,0,0,0,0,0,0,0,0.00703,0,0,0,0,0,0,0,0.035,0.00703,0.035,0.00703,0.035,0.00703,0.035,0.00703
3,7,sphere,0,0.0071,0,0,0,0,0,0,0,0,0.0071,0,0,0,0,0,0,0,0.04,0.0071,0.04,0.0071,0.04,0.0071,0.04,0.0071
3,8,sphere,0,0.00715,0,0,0,0,0,0,0,0,0.00715,0,0,0,0,0,0,0,0.045,0.00715,0.045,0.00715,0.045,0.00715,0.045,0.00715
3,9,sphere,0,0.00717,0,0,0,0,0,0,0,0,0.00717,0,0,0,0,0,0,0,0.05,0.00717,0.05,0.00717,0.05,0.00717,0.05,0.00717
3,10,sphere,0,0.00719,0,0,0,0,0,0,0,0,0.00719,0,0,0,0,0,0,0,0.055,0.00719,0.055,0.00719,0.055,0.00719,0.055,0.00719
3,11,sphere,0,0.0072,0,0,0,0,0,0,0,0,0.0072,0,0,0,0,0,0,0,0.06,0.0072,0.06,0.0072,0.06,0.0072,0.06,0.0072
3,12,sphere,0,0.0072,0,0,0,0,0,0,0,0,0.0072,0,0,0,0,0,0,0,0.065,0.0072,0.065,0.0072,0.065,0.0072,0.065,0.0072
3,13,sphere,0,0.00721,0,0,0,0,0,0,0,0,0.00721,0,0,0,0,0,0,0,0.07,0.00721,0.07,0.00721,0.07,0.00721,0.07,0.00721
3,14,sphere,0,0.00721,0,0,0,0,0,0,0,0,0.00721,0,0,0,0,0,0,0,0.075,0.00721,0.075,0.00721,0.075,0.00721,0.075,0.00721
3,15,sphere,0,0.00721,0,0,0,0,0,0,0,0,0.00721,0,0,0,0,0,0,0,0.08,0.00721,0.08,0.00721,0.08,0.00721,0.08,0.00721
3,16,sphere,0,0.00721,0,0,0,0,0,0,0,0,0.00721,0,0,0,0,0,0,0,0.085,0.00721,0.085,0.00721,0.085,0.00721,0.085,0.00721
3,17,sphere,0,0.00721,0,0,0,0,0,0,0,0,0.00721,0,0,0,0,0,0,0,0.09,0.00721,0.09,0.00721,0.09,0.00721,0.09,0.00721
3,18,sphere,0,0.00721,0,0,0,0,0,0,0,0,0.00721,0,0,0,0,0,0,0,0.095,0.00721,0.095,0.00721,0.095,0.00721,0.095,0.00721
3,19,sphere,0,0.00721,0,0,0,0,0,0,0,0,0.00721,0,0,0,0,0,0,0,0.1,0.00721,0.1,0.00721,0.1,0.00721,0.1,0.00721
3,20,sphere,0,0.00721,0,0,0,0,0,0,0,0,0.00721,0,0,0,0,0,0,0,0.105,0.00721,0.105,0.00721,0.105,0.00721,0.105,0.00721
3,21,sphere,0,0.00721,0,0,0,0,0,0,0,0,0.00721,0,0,0,0,0,0,0,0.11,0.00721,0.11,0.00721,0.11,0.00721,0.11,0.00721
3,22,sphere,0,0.00721,0,0,0,0,0,0,0,0,0.00721,0,0,0,0,0,0,0,0.115,0.00721,0.115,0.00721,0.115,0.00721,0.115,0.00721
3,23,sphere,0,0.00721,0,0,0,0,0,0,0,0,0.00721,0,0,0,0,0,0,0,0.12,0.00721,0.12,0.00721,0.12,0.00721,0.12,0.00721
3,24,sphere,0,0.00721,0,0,0,0,0,0,0,0,0.00721,0,0,0,0,0,0,0,0.125,0.00721,0.125,0.00721,0.125,0.00721,0.125,0.00721
3,25,sphere,0,0.00721,0,0,0,0,0,0,0,0,0.00721,0,0,0,0,0,0,0,0.13,0.00721,0.13,0.00721,0.13,0.00721,0.13,0.00721
3,26,sphere,0,0.00721,0,0,0,0,0,0,0,0,0.00721,0,0,0,0,0,0,0,0.135,0.00721,0.135,0.00721,0.135,0.00721,0.135,0.00721
3,27,sphere,0,0.00721,0,0,0,0,0,0,0,0,0.00721,0,0,0,0,0,0,0,0.14,0.00721,0.14,0.00721,0.14,0.00721,0.14,0.00721
3,28,sphere,0,0.00721,0,0,0,0,0,0,0,0,0.00721,0,0,0,0,0,0,0,0.145,0.00721,0.145,0.00721,0.145,0.00721,0.145,0.00721
3,29,sphere,0,0.00721,0,0,0,0,0,0,0,0,0.00721,0,0,0,0,0,0,0,0.15,0.00721,0.15,0.00721,0.15,0.00721,0.15,0.00721
3,30,sphere,0,0.00721,0,0,0,0,0,0,0,0,0.00721,0,0,0,0,0,0,0,0.155,0.00721,0.155,0.00721,0.155,0.00721,0.155,0.00721
3,31,sphere,0,0.00721,0,0,0,0,0,0,0,0,0.00721,0,0,0,0,0,0,0,0.16,0.00721,0.16,0.00721,0.16,0.00721,0.16,0.00721
3,32,sphere,0,0.00721,0,0,0,0,0,0,0,0,0.00721,0,0,0,0,0,0,0,0.165,0.00721,0.165,0.00721,0.165,0.00721,0.165,0.00721
3,33,sphere,0,0.00721,0,0,0,0,0,0,0,0,0.00721,0,0,0,0,0,0,0,0.17,0.00721,0.17,0.00721,0.17,0.00721,0.17,0.00721
3,34,sphere,0,0.00721,0,0,0,0,0,0,0,0,0.00721,0,0,0,0,0,0,0,0.175,0.00721,0.175,0.00721,0.175,0.00721,0.175,0.00721
3,35,sphere,0,0.00721,0,0,0,0,0,0,0,0,0.00721,0,0,0,0,0,0,0,0.18,0.00721,0.18,0.00721,0.18,0.00721,0.18,0.00721
3,36,sphere,0,0.00721,0,0,0,0,0,0,0,0,0.00721,0,0,0,0,0,0,0,0.185,0.00721,0.185,0.00721,0.185,0.00721,0.185,0.00721
3,37,sphere,0,0.00721,0,0,0,0,0,0,0,0,0.00721,0,0,0,0,0,0,0,0.19,0.00721,0.19,0.00721,0.19,0.00721,0.19,0.00721
3,38,sphere,0,0.00721,0,0,0,0,0,0,0,0,0.00721,0,0,0,0,0,0,0,0.195,0.00721,0.195,0.00721,0.195,0.00721,0.195,0.00721
3,39,sphere,0,0.00721,0,0,0,0,0,0,0,0,0.00721,0,0,0,0,0,0,0,0.2,0.00721,0.2,0.00721,0.2,0.00721,0.2,0.00721
3,40,sphere,0,0.00721,0,0,0,0,0,0,0,0,0.00721,0,0,0,0,0,0,0,0.205,0.00721,0.205,0.00721,0.205,0.00721,0.205,0.00721
3,41,sphere,0,0.00721,0,0,0,0,0,0,0,0,0.00721,0,0,0,0,0,0,0,0.21,0.00721,0.21,0.00721,0.21,0.00721,0.21,0.00721
3,42,sphere,0,0.00721,0,0,0,0,0,0,0,0,0.00721,0,0,0,0,0,0,0,0.215,0.00721,0.215,0.00721,0.215,0.00721,0.215,0.00721
3,43,sphere,0,0.00721,0,0,0,0,0,0,0,0,0.00721,0,0,0,0,0,0,0,0.22,0.00721,0.22,0.00721,0.22,0.00721,0.22,0.00721
3,44,sphere,0,0.00721,0,0,0,0,0,0,0,0,0.00721,0,0,0,0,0,0,0,0.225,0.00721,0.225,0.00721,0.225,0.00721,0.225,0.00721
3,45,sphere,0,0.00721,0,0,0,0,0,0,0,0,0.00721,0,0,0,0,0,0,0,0.23,0.00721,0.23,0.00721,0.23,0.00721,0.23,0.00721
3,46,sphere,0,0.00721,0,0,0,0,0,0,0,0,0.00721,0,0,0,0,0,0,0,0.235,0.00721,0.235,0.00721,0.235,0.00721,0.235,0.00721
3,47,sphere,0,0.00721,0,0,0,0,0,0,0,0,0.00721,0,0,0,0,0,0,0,0.24,0.00721,0.24,0.00721,0.24,0.00721,0.24,0.00721
3,48,sphere,0,0.00721,0,0,0,0,0,0,0,0,0.00721,0,0,0,0,0,0,0,0.245,0.00721,0.245,0.00721,0.245,0.00721,0.245,0.00721
3,49,sphere,0,0.00721,0,0,0,0,0,0,0,0,0.00721,0,0,0,0,0,0,0,0.25,0.00721,0.25,0.00721,0.25,0.00721,0.25,0.00721
3,50,sphere,0,0.00721,0,0,0,0,0,0,0,0,0.00721,0,0,0,0,0,0,0,0.255,0.00721,0.255,0.00721,0.255,0.00721,0.255,0.00721
3,51,sphere,0,0.00721,0,0,0,0,0,0,0,0,0.00721,0,0,0,0,0,0,0,0.26,0.00721,0.26,0.00721,0.26,0.00721,0.26,0.00721
3,52,sphere,0,0.00721,0,0,0,0,0,0,0,0,0.00721,0,0,0,0,0,0,0,0.265,0.00721,0.265,0.00721,0.265,0.00721,0.265,0.00721
3,53,sphere,0,0.00721,0,0,0,0,0,0,0,0,0.00721,0,0,0,0,0,0,0,0.27,0.00721,0.27,0.00721,0.27,0.00721,0.27,0.00721
3,54,sphere,0,0.00721,0,0,0,0,0,0,0,0,0.00721,0,0,0,0,0,0,0,0.275,0.00721,0.275,0.00721,0.275,0.00721,0.275,0.00721
3,55,sphere,0,0.00721,0,0,0,0,0,0,0,0,0.00721,0,0,0,0,0,0,0,0.28,0.00721,0.28,0.00721,0.28,0.00721,0.28,0.00721
3,56,sphere,0,0.00721,0,0,0,0,0,0,0,0,0.00721,0,0,0,0,0,0,0,0.285,0.00721,0.285,0.00721,0.285,0.00721,0.285,0.00721
3,57,sphere,0,0.00721,0,0,0,0,0,0,0,0,0.00721,0,0,0,0,0,0,0,0.29,0.00721,0.29,0.00721,0.29,0.00721,0.29,0.00721
3,58,sphere,0,0.00721,0,0,0,0,0,0,0,0,0.00721,0,0,0,0,0,0,0,0.295,0.00721,0.295,0.00721,0.295,0.00721,0.295,0.00721
3,59,sphere,0,0.00721,0,0,0,0,0,0,0,0,0.00721,0,0,0,0,0,0,0,0.3,0.00721,0.3,0.00721,0.3,0.00721,0.3,0.00721
3,60,sphere,0,0.00721,0,0,0,0,0,0,0,0,0.00721,0,0,0,0,0,0,0,0.305,0.00721,0.305,0.00721,0.305,0.00721,0.305,0.00721
3,61,sphere,0,0.00721,0,0,0,0,0,0,0,0,0.00721,0,0,0,0,0,0,0,0.31,0.00721,0.31,0.00721,0.31,0.00721,0.31,0.00721
3,62,sphere,0,0.00721,0,0,0,0,0,0,0,0,0.00721,0,0,0,0,0,0,0,0.315,0.00721,0.315,0.00721,0.315,0.00721,0.315,0.00721
3,63,sphere,0,0.00721,0,0,0,0,0,0,0,0,0.00721,0,0,0,0,0,0,0,0.32,0.00721,0.32,0.00721,0.32,0.00721,0.32,0.00721
3,64,sphere,0,0.00721,0,0,0,0,0,0,0,0,0.00721,0,0,0,0,0,0,0,0.325,0.00721,0.325,0.00721,0.325,0.00721,0.325,0.00721
3,65,sphere,0,0.00721,0,0,0,0,0,0,0,0,0.00721,0,0,0,0,0,0,0,0.33,0.00721,0.33,0.00721,0.33,0.00721,0.33,0.00721
3,66,sphere,0,0.00721,0,0,0,0,0,0,0,0,0.00721,0,0,0,0,0,0,0,0.335,0.00721,0.335,0.00721,0.335,0.00721,0.335,0.00721
3,67,sphere,0,0.00721,0,0,0,0,0,0,0,0,0.00721,0,0,0,0,0,0,0,0.34,0.00721,0.34,0.00721,0.34,0.00721,0.34,0.00721
3,68,sphere,0,0.00721,0,0,0,0,0,0,0,0,0.00721,0,0,0,0,0,0,0,0.345,0.00721,0.345,0.00721,0.345,0.00721,0.345,0.00721
3,69,sphere,0,0.00721,0,0,0,0,0,0,0,0,0.00721,0,0,0,0,0,0,0,0.35,0.00721,0.35,0.00721,0.35,0.00721,0.35,0.00721
3,70,sphere,0,0.00721,0,0,0,0,0,0,0,0,0.00721,0,0,0,0,0,0,0,0.355,0.00721,0.355,0.00721,0.355,0.00721,0.355,0.00721
3,71,sphere,0,0.00721,0,0,0,0,0,0,0,0,0.00721,0,0,0,0,0,0,0,0.36,0.00721,0.36,0.00721,0.36,0.00721,0.36,0.00721
3,72,sphere,0,0.00721,0,0,0,0,0,0,0,0,0.00721,0,0,0,0,0,0,0,0.365,0.00721,0.365,0.00721,0.365,0.00721,0.365,0.00721
3,73,sphere,0,0.00721,0,0,0,0,0,0,0,0,0.00721,0,0,0,0,0,0,0,0.37,0.00721,0.37,0.00721,0.37,0.00721,0.37,0.00721
3,74,sphere,0,0.00721,0,0,0,0,0,0,0,0,0.00721,0,0,0,0,0,0,0,0.375,0.00721,0.375,0.00721,0.375,0.00721,0.375,0.00721
3,75,sphere,0,0.00721,0,0,0,0,0,0,0,0,0.00721,0,0,0,0,0,0,0,0.38,0.00721,0.38,0.00721,0.38,0.00721,0.38,0.00721
3,76,sphere,0,0.00721,0,0,0,0,0,0,0,0,0.00721,0,0,0,0,0,0,0,0.385,0.00721,0.385,0.00721,0.385,0.00721,0.385,0.00721
3,77,sphere,0,0.00721,0,0,0,0,0,0,0,0,0.00721,0,0,0,0,0,0,0,0.39,0.00721,0.39,0.00721,0.39,0.00721,0.39,0.00721
3,78,sphere,0,0.00721,0,0,0,0,0,0,0,0,0.00721,0,0,0,0,0,0,0,0.395,0.00721,0.395,0.00721,0.395,0.00721,0.395,0.00721
3,79,sphere,0,0.00721,0,0,0,0,0,0,0,0,0.00721,0,0,0,0,0,0,0,0.4,0.00721,0.4,0.00721,0.4,0.00721,0.4,0.00721
3,80,sphere,0,0.00721,0,0,0,0,0,0,0,0,0.00721,0,0,0,0,0,0,0,0.405,0.00721,0.405,0.00721,0.405,0.00721,0.405,0.00721
3,81,sphere,0,0.00721,0,0,0,0,0,0,0,0,0.00721,0,0,0,0,0,0,0,0.41,0.00721,0.41,0.00721,0.41,0.00721,0.41,0.00721
3,82,sphere,0,0.00721,0,0,0,0,0,0,0,0,0.00721,0,0,0,0,0,0,0,0.415,0.00721,0.415,0.00721,0.415,0.00721,0.415,0.00721
3,83,sphere,0,0.00721,0,0,0,0,0,0,0,0,0.00721,0,0,0,0,0,0,0,0.42,0.00721,0.42,0.00721,0.42,0.00721,0.42,0.00721
3,84,sphere,0,0.00721,0,0,0,0,0,0,0,0,0.00721,0,0,0,0,0,0,0,0.425,0.00721,0.425,0.00721,0.425,0.00721,0.425,0.00721
3,85,sphere,0,0.00721,0,0,0,0,0,0,0,0,0.00721,0,0,0,0,0,0,0,0.43,0.00721,0.43,0.00721,0.43,0.00721,0.43,0.00721
3,86,sphere,0,0.00721,0,0,0,0,0,0,0,0,0.00721,0,0,0,0,0,0,0,0.435,0.00721,0.435,0.00721,0.435,0.00721,0.435,0.00721
3,87,sphere,0,0.00721,0,0,0,0,0,0,0,1,0.00721,0,0,0,0,0,0,0,0.44,0.00721,0.44,0.00721,0.44,0.00721,0.44,0.00721
3,88,sphere,0,0.00727,0,0,0,0,0,0,0,1,0.00998,0,0,0,0,0,0,0,0.445,0.00727,0.445,0.00722,0.445,0.00719,0.445,0.00998
3,89,sphere,0,0.00758,0,0,0,0,0,0,0,1,0.0159,0,0,0,0,0,0,0,0.45,0.00758,0.45,0.00689,0.45,0.00777,0.45,0.0159
3,90,sphere,0,0.00785,0,0,0,0,0,0,0,1,0.02247,1,0,0,0,0,0,0,0.455,0.00785,0.455,0.00653,0.455,0.00841,0.455,0.02247
3,91,sphere,0,0.00805,0,0,0,0,0,0,0,1,0.03062,1,1,0,0,0,0,0,0.46,0.00805,0.46,0.00627,0.46,0.00873,0.46,0.03062
3,92,sphere,0,0.0082,0,0,0,0,0,0,0,1,0.04028,1,1,1,0,0,0,0,0.465,0.0082,0.465,0.00609,0.465,0.00883,0.465,0.04028
3,93,sphere,1,0.00926,0,0,0,0,0,0,0,1,0.05087,1,1,1,1,0,0,0,0.47,0.00829,0.47,0.00926,0.47,0.00877,0.47,0.05087
3,94,sphere,1,0.01546,0,0,0,0,0,0,0,1,0.06204,1,1,1,1,1,0,0,0.475,0.00835,0.475,0.01546,0.475,0.00861,0.475,0.06204
3,95,sphere,1,0.0216,1,0,0,0,0,0,0,1,0.0729,1,1,1,1,1,0,0,0.48,0.00879,0.48,0.0216,0.48,0.00832,0.48,0.0729
3,96,sphere,1,0.02831,1,0,0,0,0,0,0,1,0.083,1,1,1,1,1,1,0,0.485,0.0093,0.485,0.02831,0.485,0.0082,0.485,0.083
3,97,sphere,1,0.03585,1,1,0,0,0,0,0,1,0.09311,1,1,1,1,1,1,0,0.49,0.00972,0.49,0.03585,0.49,0.00814,0.49,0.09311
3,98,sphere,1,0.04415,1,1,1,0,0,0,0,1,0.10305,1,1,1,1,1,1,1,0.495,0.01006,0.495,0.04415,0.495,0.00813,0.495,0.10305
3,99,sphere,1,0.05319,1,1,1,1,0,0,0,1,0.11299,1,1,1,1,1,1,1,0.5,0.01035,0.5,0.05319,0.5,0.00813,0.5,0.11299
3,100,sphere,1,0.05791,1,1,1,1,0,0,0,1,0.11797,1,1,1,1,1,1,1,0.505,0.0106,0.5,0.05791,0.505,0.00815,0.5,0.11797
3,101,sphere,1,0.06114,1,1,1,1,1,0,0,1,0.12298,1,1,1,1,1,1,1,0.51,0.01242,0.5,0.06114,0.51,0.00824,0.5,0.12298
3,102,sphere,1,0.06236,1,1,1,1,1,0,0,1,0.12796,1,1,1,1,1,1,1,0.515,0.01826,0.5,0.06236,0.515,0.00873,0.5,0.12796
3,103,sphere,1,0.06502,1,1,1,1,1,0,0,1,0.13332,1,1,1,1,1,1,1,0.52,0.02197,0.5,0.06502,0.52,0.00883,0.5,0.13332
3,104,sphere,1,0.06619,1,1,1,1,1,0,0,1,0.13881,1,1,1,1,1,1,1,0.525,0.0274,0.5,0.06619,0.525,0.00907,0.5,0.13881
3,105,sphere,1,0.06873,1,1,1,1,1,0,0,1,0.1446,1,1,1,1,1,1,1,0.53,0.03104,0.5,0.06873,0.53,0.00904,0.5,0.1446
3,106,sphere,1,0.06978,1,1,1,1,1,0,0,1,0.15047,1,1,1,1,1,1,1,0.535,0.03648,0.5,0.06978,0.535,0.00921,0.5,0.15047
3,107,sphere,1,0.07219,1,1,1,1,1,0,0,1,0.15662,1,1,1,1,1,1,1,0.54,0.04018,0.5,0.07219,0.54,0.00913,0.5,0.15662
3,108,sphere,1,0.07315,1,1,1,1,1,0,0,1,0.16281,1,1,1,1,1,1,1,0.545,0.04568,0.5,0.07315,0.545,0.00927,0.5,0.16281
3,109,sphere,1,0.07548,1,1,1,1,1,0,0,1,0.16925,1,1,1,1,1,1,1,0.55,0.0494,0.5,0.07548,0.55,0.00917,0.5,0.16925
3,110,sphere,1,0.07637,1,1,1,1,1,0,0,1,0.17572,1,1,1,1,1,1,1,0.555,0.05494,0.5,0.07637,0.555,0.00929,0.5,0.17572
3,111,sphere,1,0.07865,1,1,1,1,1,0,0,1,0.18242,1,1,1,1,1,1,1,0.56,0.05867,0.5,0.07865,0.56,0.00918,0.5,0.18242
3,112,sphere,1,0.07951,1,1,1,1,1,0,0,1,0.18913,1,1,1,1,1,1,1,0.565,0.0642,0.5,0.07951,0.565,0.00928,0.5,0.18913
3,113,sphere,1,0.08177,1,1,1,1,1,1,0,1,0.19605,1,1,1,1,1,1,1,0.57,0.06792,0.5,0.08177,0.57,0.00916,0.5,0.19605
3,114,sphere,1,0.08263,1,1,1,1,1,1,0,1,0.20298,1,1,1,1,1,1,1,0.575,0.07342,0.5,0.08263,0.575,0.00926,0.5,0.20298
3,115,sphere,1,0.08488,1,1,1,1,1,1,0,1,0.21009,1,1,1,1,1,1,1,0.58,0.07712,0.5,0.08488,0.58,0.00913,0.5,0.21009
3,116,sphere,1,0.08634,1,1,1,1,1,1,0,1,0.21566,1,1,1,1,1,1,1,0.585,0.08161,0.5,0.08634,0.585,0.01078,0.5,0.21566
3,117,sphere,1,0.09052,1,1,1,1,1,1,0,1,0.21963,1,1,1,1,1,1,1,0.59,0.08268,0.5,0.09052,0.59,0.0132,0.5,0.21963
3,118,sphere,1,0.09315,1,1,1,1,1,1,0,1,0.22544,1,1,1,1,1,1,1,0.595,0.08675,0.5,0.09315,0.595,0.01445,0.5,0.22544
3,119,sphere,1,0.09742,1,1,1,1,1,1,0,1,0.2295,1,1,1,1,1,1,1,0.6,0.08869,0.5,0.09742,0.6,0.01782,0.5,0.2295
3,120,sphere,1,0.10036,1,1,1,1,1,1,1,1,0.23322,1,1,1,1,1,1,1,0.605,0.09207,0.5,0.10036,0.605,0.02131,0.5,0.23322
3,121,sphere,1,0.10402,1,1,1,1,1,1,1,1,0.23915,1,1,1,1,1,1,1,0.61,0.09607,0.5,0.10402,0.61,0.0221,0.5,0.23915
3,122,sphere,1,0.10579,1,1,1,1,1,1,1,1,0.24755,1,1,1,1,1,1,1,0.615,0.10196,0.5,0.10579,0.615,0.02091,0.5,0.24755
3,123,sphere,1,0.11039,1,1,1,1,1,1,1,1,0.24963,1,1,1,1,1,1,1,0.62,0.10325,0.5,0.11039,0.62,0.0266,0.5,0.24963
3,124,sphere,1,0.11241,1,1,1,1,1,1,1,1,0.25361,1,1,1,1,1,1,1,0.625,0.1082,0.5,0.11241,0.625,0.03005,0.5,0.25361
3,125,sphere,1,0.1161,1,1,1,1,1,1,1,1,0.2555,1,1,1,1,1,1,1,0.63,0.1116,0.5,0.1161,0.63,0.03527,0.5,0.2555
3,126,sphere,1,0.11802,1,1,1,1,1,1,1,1,0.25959,1,1,1,1,1,1,1,0.635,0.11719,0.5,0.11802,0.635,0.03848,0.5,0.25959
3,127,sphere,1,0.12172,1,1,1,1,1,1,1,1,0.26161,1,1,1,1,1,1,1,0.64,0.12082,0.5,0.12172,0.64,0.04347,0.5,0.26161
3,128,sphere,1,0.12667,1,1,1,1,1,1,1,1,0.26579,1,1,1,1,1,1,1,0.645,0.12667,0.5,0.12359,0.645,0.04652,0.5,0.26579
3,129,sphere,1,0.13051,1,1,1,1,1,1,1,1,0.26987,1,1,1,1,1,1,1,0.65,0.13051,0.5,0.12752,0.65,0.04929,0.5,0.26987
4,0,sphere,0,0.00295,0,0,0,0,0,0,0,0,0.00295,0,0,0,0,0,0,0,0.005,0.00295,0.005,0.00295,0.005,0.00295,0.005,0.00295
4,1,sphere,0,0.0047,0,0,0,0,0,0,0,0,0.0047,0,0,0,0,0,0,0,0.01,0.00469,0.01,0.0047,0.01,0.00469,0.01,0.0047
4,2,sphere,0,0.00573,0,0,0,0,0,0,0,0,0.00573,0,0,0,0,0,0,0,0.015,0.00572,0.015,0.00573,0.015,0.00572,0.015,0.00573
4,3,sphere,0,0.00633,0,0,0,0,0,0,0,0,0.00633,0,0,0,0,0,0,0,0.02,0.00633,0.02,0.00633,0.02,0.00633,0.02,0.00633
4,4,sphere,0,0.00669,0,0,0,0,0,0,0,0,0.00669,0,0,0,0,0,0,0,0.025,0.00669,0.025,0.00669,0.025,0.00669,0.025,0.00669
4,5,sphere,0,0.0069,0,0,0,0,0,0,0,0,0.0069,0,0,0,0,0,0,0,0.03,0.0069,0.03,0.0069,0.03,0.0069,0.03,0.0069
4,6,sphere,0,0.00703,0,0,0,0,0,0,0,0,0.00703,0,0,0,0,0,0,0,0.035,0.00703,0.035,0.00703,0.035,0.00703,0.035,0.00703
4,7,sphere,0,0.0071,0,0,0,0,0,0,0,0,0.0071,0,0,0,0,0,0,0,0.04,0.0071,0.04,0.0071,0.04,0.0071,0.04,0.0071
4,8,sphere,0,0.00715,0,0,0,0,0,0,0,0,0.00715,0,0,0,0,0,0,0,0.045,0.00715,0.045,0.00715,0.045,0.00715,0.045,0.00715
4,9,sphere,0,0.00717,0,0,0,0,0,0,0,0,0.00717,0,0,0,0,0,0,0,0.05,0.00717,0.05,0.00717,0.05,0.00717,0.05,0.00717
4,10,sphere,0,0.00719,0,0,0,0,0,0,0,0,0.00719,0,0,0,0,0,0,0,0.055,0.00719,0.055,0.00719,0.055,0.00719,0.055,0.00719
4,11,sphere,0,0.0072,0,0,0,0,0,0,0,0,0.0072,0,0,0,0,0,0,0,0.06,0.0072,0.06,0.0072,0.06,0.0072,0.06,0.0072
4,12,sphere,0,0.0072,0,0,0,0,0,0,0,0,0.0072,0,0,0,0,0,0,0,0.065,0.0072,0.065,0.0072,0.065,0.0072,0.065,0.0072
4,13,sphere,0,0.00721,0,0,0,0,0,0,0,0,0.00721,0,0,0,0,0,0,0,0.07,0.00721,0.07,0.00721,0.07,0.00721,0.07,0.00721
4,14,sphere,0,0.00721,0,0,0,0,0,0,0,0,0.00721,0,0,0,0,0,0,0,0.075,0.00721,0.075,0.00721,0.075,0.00721,0.075,0.00721
4,15,sphere,0,0.00721,0,0,0,0,0,0,0,0,0.00721,0,0,0,0,0,0,0,0.08,0.00721,0.08,0.00721,0.08,0.00721,0.08,0.00721
4,16,sphere,0,0.00721,0,0,0,0,0,0,0,0,0.00721,0,0,0,0,0,0,0,0.085,0.00721,0.085,0.00721,0.085,0.00721,0.085,0.00721
4,17,sphere,0,0.00721,0,0,0,0,0,0,0,0,0.00721,0,0,0,0,0,0,0,0.09,0.00721,0.09,0.00721,0.09,0.00721,0.09,0.00721
4,18,sphere,0,0.00721,0,0,0,0,0,0,0,0,0.00721,0,0,0,0,0,0,0,0.095,0.00721,0.095,0.00721,0.095,0.00721,0.095,0.00721
4,19,sphere,0,0.00721,0,0,0,0,0,0,0,0,0.00721,0,0,0,0,0,0,0,0.1,0.00721,0.1,0.00721,0.1,0.00721,0.1,0.00721
4,20,sphere,0,0.00721,0,0,0,0,0,0,0,0,0.00721,0,0,0,0,0,0,0,0.105,0.00721,0.105,0.00721,0.105,0.00721,0.105,0.00721
4,21,sphere,0,0.00721,0,0,0,0,0,0,0,0,0.00721,0,0,0,0,0,0,0,0.11,0.00721,0.11,0.00721,0.11,0.00721,0.11,0.00721
4,22,sphere,0,0.00721,0,0,0,0,0,0,0,0,0.00721,0,0,0,0,0,0,0,0.115,0.00721,0.115,0.00721,0.115,0.00721,0.115,0.00721
4,23,sphere,0,0.00721,0,0,0,0,0,0,0,0,0.00721,0,0,0,0,0,0,0,0.12,0.00721,0.12,0.00721,0.12,0.00721,0.12,0.00721
4,24,sphere,0,0.00721,0,0,0,0,0,0,0,0,0.00721,0,0,0,0,0,0,0,0.125,0.00721,0.125,0.00721,0.125,0.00721,0.125,0.00721
4,25,sphere,0,0.00721,0,0,0,0,0,0,0,0,0.00721,0,0,0,0,0,0,0,0.13,0.00721,0.13,0.00721,0.13,0.00721,0.13,0.00721
4,26,sphere,0,0.00721,0,0,0,0,0,0,0,0,0.00721,0,0,0,0,0,0,0,0.135,0.00721,0.135,0.00721,0.135,0.00721,0.135,0.00721
4,27,sphere,0,0.00721,0,0,0,0,0,0,0,0,0.00721,0,0,0,0,0,0,0,0.14,0.00721,0.14,0.00721,0.14,0.00721,0.14,0.00721
4,28,sphere,0,0.00721,0,0,0,0,0,0,0,0,0.00721,0,0,0,0,0,0,0,0.145,0.00721,0.145,0.00721,0.145,0.00721,0.145,0.00721
4,29,sphere,0,0.00721,0,0,0,0,0,0,0,0,0.00721,0,0,0,0,0,0,0,0.15,0.00721,0.15,0.00721,0.15,0.00721,0.15,0.00721
4,30,sphere,0,0.00721,0,0,0,0,0,0,0,0,0.00721,0,0,0,0,0,0,0,0.155,0.00721,0.155,0.00721,0.155,0.00721,0.155,0.00721
4,31,sphere,0,0.00721,0,0,0,0,0,0,0,0,0.00721,0,0,0,0,0,0,0,0.16,0.00721,0.16,0.00721,0.16,0.00721,0.16,0.00721
4,32,sphere,0,0.00721,0,0,0,0,0,0,0,0,0.00721,0,0,0,0,0,0,0,0.165,0.00721,0.165,0.00721,0.165,0.00721,0.165,0.00721
4,33,sphere,0,0.00721,0,0,0,0,0,0,0,0,0.00721,0,0,0,0,0,0,0,0.17,0.00721,0.17,0.00721,0.17,0.00721,0.17,0.00721
4,34,sphere,0,0.00721,0,0,0,0,0,0,0,0,0.00721,0,0,0,0,0,0,0,0.175,0.00721,0.175,0.00721,0.175,0.00721,0.175,0.00721
4,35,sphere,0,0.00721,0,0,0,0,0,0,0,0,0.00721,0,0,0,0,0,0,0,0.18,0.00721,0.18,0.00721,0.18,0.00721,0.18,0.00721
4,36,sphere,0,0.00721,0,0,0,0,0,0,0,0,0.00721,0,0,0,0,0,0,0,0.185,0.00721,0.185,0.00721,0.185,0.00721,0.185,0.00721
4,37,sphere,0,0.00721,0,0,0,0,0,0,0,0,0.00721,0,0,0,0,0,0,0,0.19,0.00721,0.19,0.00721,0.19,0.00721,0.19,0.00721
4,38,sphere,0,0.00721,0,0,0,0,0,0,0,0,0.00721,0,0,0,0,0,0,0,0.195,0.00721,0.195,0.00721,0.195,0.00721,0.195,0.00721
4,39,sphere,0,0.00721,0,0,0,0,0,0,0,0,0.00721,0,0,0,0,0,0,0,0.2,0.00721,0.2,0.00721,0.2,0.00721,0.2,0.00721
4,40,sphere,0,0.00721,0,0,0,0,0,0,0,0,0.00721,0,0,0,0,0,0,0,0.205,0.00721,0.205,0.00721,0.205,0.00721,0.205,0.00721
4,41,sphere,0,0.00721,0,0,0,0,0,0,0,0,0.00721,0,0,0,0,0,0,0,0.21,0.00721,0.21,0.00721,0.21,0.00721,0.21,0.00721
4,42,sphere,0,0.00721,0,0,0,0,0,0,0,0,0.00721,0,0,0,0,0,0,0,0.215,0.00721,0.215,0.00721,0.215,0.00721,0.215,0.00721
4,43,sphere,0,0.00721,0,0,0,0,0,0,0,0,0.00721,0,0,0,0,0,0,0,0.22,0.00721,0.22,0.00721,0.22,0.00721,0.22,0.00721
4,44,sphere,0,0.00721,0,0,0,0,0,0,0,0,0.00721,0,0,0,0,0,0,0,0.225,0.00721,0.225,0.00721,0.225,0.00721,0.225,0.00721
4,45,sphere,0,0.00721,0,0,0,0,0,0,0,0,0.00721,0,0,0,0,0,0,0,0.23,0.00721,0.23,0.00721,0.23,0.00721,0.23,0.00721
4,46,sphere,0,0.00721,0,0,0,0,0,0,0,0,0.00721,0,0,0,0,0,0,0,0.235,0.00721,0.235,0.00721,0.235,0.00721,0.235,0.00721
4,47,sphere,0,0.00721,0,0,0,0,0,0,0,0,0.00721,0,0,0,0,0,0,0,0.24,0.00721,0.24,0.00721,0.24,0.00721,0.24,0.00721
4,48,sphere,0,0.00721,0,0,0,0,0,0,0,0,0.00721,0,0,0,0,0,0,0,0.245,0.00721,0.245,0.00721,0.245,0.00721,0.245,0.00721
4,49,sphere,0,0.00721,0,0,0,0,0,0,0,0,0.00721,0,0,0,0,0,0,0,0.25,0.00721,0.25,0.00721,0.25,0.00721,0.25,0.00721
4,50,sphere,0,0.00721,0,0,0,0,0,0,0,0,0.00721,0,0,0,0,0,0,0,0.255,0.00721,0.255,0.00721,0.255,0.00721,0.255,0.00721
4,51,sphere,0,0.00721,0,0,0,0,0,0,0,0,0.00721,0,0,0,0,0,0,0,0.26,0.00721,0.26,0.00721,0.26,0.00721,0.26,0.00721
4,52,sphere,0,0.00721,0,0,0,0,0,0,0,0,0.00721,0,0,0,0,0,0,0,0.265,0.00721,0.265,0.00721,0.265,0.00721,0.265,0.00721
4,53,sphere,0,0.00721,0,0,0,0,0,0,0,0,0.00721,0,0,0,0,0,0,0,0.27,0.00721,0.27,0.00721,0.27,0.00721,0.27,0.00721
4,54,sphere,0,0.00721,0,0,0,0,0,0,0,0,0.00721,0,0,0,0,0,0,0,0.275,0.00721,0.275,0.00721,0.275,0.00721,0.275,0.00721
4,55,sphere,0,0.00721,0,0,0,0,0,0,0,0,0.00721,0,0,0,0,0,0,0,0.28,0.00721,0.28,0.00721,0.28,0.00721,0.28,0.00721
4,56,sphere,0,0.00721,0,0,0,0,0,0,0,0,0.00721,0,0,0,0,0,0,0,0.285,0.00721,0.285,0.00721,0.285,0.00721,0.285,0.00721
4,57,sphere,0,0.00721,0,0,0,0,0,0,0,0,0.00721,0,0,0,0,0,0,0,0.29,0.00721,0.29,0.00721,0.29,0.00721,0.29,0.00721
4,58,sphere,0,0.00721,0,0,0,0,0,0,0,0,0.00721,0,0,0,0,0,0,0,0.295,0.00721,0.295,0.00721,0.295,0.00721,0.295,0.00721
4,59,sphere,0,0.00721,0,0,0,0,0,0,0,0,0.00721,0,0,0,0,0,0,0,0.3,0.00721,0.3,0.00721,0.3,0.00721,0.3,0.00721
4,60,sphere,0,0.00721,0,0,0,0,0,0,0,0,0.00721,0,0,0,0,0,0,0,0.305,0.00721,0.305,0.00721,0.305,0.00721,0.305,0.00721
4,61,sphere,0,0.00721,0,0,0,0,0,0,0,0,0.00721,0,0,0,0,0,0,0,0.31,0.00721,0.31,0.00721,0.31,0.00721,0.31,0.00721
4,62,sphere,0,0.00721,0,0,0,0,0,0,0,0,0.00721,0,0,0,0,0,0,0,0.315,0.00721,0.315,0.00721,0.315,0.00721,0.315,0.00721
4,63,sphere,0,0.00721,0,0,0,0,0,0,0,0,0.00721,0,0,0,0,0,0,0,0.32,0.00721,0.32,0.00721,0.32,0.00721,0.32,0.00721
4,64,sphere,0,0.00721,0,0,0,0,0,0,0,0,0.00721,0,0,0,0,0,0,0,0.325,0.00721,0.325,0.00721,0.325,0.00721,0.325,0.00721
4,65,sphere,0,0.00721,0,0,0,0,0,0,0,0,0.00721,0,0,0,0,0,0,0,0.33,0.00721,0.33,0.00721,0.33,0.00721,0.33,0.00721
4,66,sphere,0,0.00721,0,0,0,0,0,0,0,0,0.00721,0,0,0,0,0,0,0,0.335,0.00721,0.335,0.00721,0.335,0.00721,0.335,0.00721
4,67,sphere,0,0.00721,0,0,0,0,0,0,0,0,0.00721,0,0,0,0,0,0,0,0.34,0.00721,0.34,0.00721,0.34,0.00721,0.34,0.00721
4,68,sphere,0,0.00721,0,0,0,0,0,0,0,0,0.00721,0,0,0,0,0,0,0,0.345,0.00721,0.345,0.00721,0.345,0.00721,0.345,0.00721
4,69,sphere,0,0.00721,0,0,0,0,0,0,0,0,0.00721,0,0,0,0,0,0,0,0.35,0.00721,0.35,0.00721,0.35,0.00721,0.35,0.00721
4,70,sphere,0,0.00721,0,0,0,0,0,0,0,0,0.00721,0,0,0,0,0,0,0,0.355,0.00721,0.355,0.00721,0.355,0.00721,0.355,0.00721
4,71,sphere,0,0.00721,0,0,0,0,0,0,0,0,0.00721,0,0,0,0,0,0,0,0.36,0.00721,0.36,0.00721,0.36,0.00721,0.36,0.00721
4,72,sphere,0,0.00721,0,0,0,0,0,0,0,0,0.00721,0,0,0,0,0,0,0,0.365,0.00721,0.365,0.00721,0.365,0.00721,0.365,0.00721
4,73,sphere,0,0.00721,0,0,0,0,0,0,0,0,0.00721,0,0,0,0,0,0,0,0.37,0.00721,0.37,0.00721,0.37,0.00721,0.37,0.00721
4,74,sphere,0,0.00721,0,0,0,0,0,0,0,0,0.00721,0,0,0,0,0,0,0,0.375,0.00721,0.375,0.00721,0.375,0.00721,0.375,0.00721
4,75,sphere,0,0.00721,0,0,0,0,0,0,0,0,0.00721,0,0,0,0,0,0,0,0.38,0.00721,0.38,0.00721,0.38,0.00721,0.38,0.00721
4,76,sphere,0,0.00721,0,0,0,0,0,0,0,0,0.00721,0,0,0,0,0,0,0,0.385,0.00721,0.385,0.00721,0.385,0.00721,0.385,0.00721
4,77,sphere,0,0.00721,0,0,0,0,0,0,0,0,0.00721,0,0,0,0,0,0,0,0.39,0.00721,0.39,0.00721,0.39,0.00721,0.39,0.00721
4,78,sphere,0,0.00721,0,0,0,0,0,0,0,0,0.00721,0,0,0,0,0,0,0,0.395,0.00721,0.395,0.00721,0.395,0.00721,0.395,0.00721
4,79,sphere,0,0.00721,0,0,0,0,0,0,0,0,0.00721,0,0,0,0,0,0,0,0.4,0.00721,0.4,0.00721,0.4,0.00721,0.4,0.00721
4,80,sphere,0,0.00721,0,0,0,0,0,0,0,0,0.00721,0,0,0,0,0,0,0,0.405,0.00721,0.405,0.00721,0.405,0.00721,0.405,0.00721
4,81,sphere,0,0.00721,0,0,0,0,0,0,0,0,0.00721,0,0,0,0,0,0,0,0.41,0.00721,0.41,0.00721,0.41,0.00721,0.41,0.00721
4,82,sphere,0,0.00721,0,0,0,0,0,0,0,0,0.00721,0,0,0,0,0,0,0,0.415,0.00721,0.415,0.00721,0.415,0.00721,0.415,0.00721
4,83,sphere,0,0.00721,0,0,0,0,0,0,0,0,0.00721,0,0,0,0,0,0,0,0.42,0.00721,0.42,0.00721,0.42,0.00721,0.42,0.00721
4,84,sphere,0,0.00721,0,0,0,0,0,0,0,0,0.00721,0,0,0,0,0,0,0,0.425,0.00721,0.425,0.00721,0.425,0.00721,0.425,0.00721
4,85,sphere,0,0.00721,0,0,0,0,0,0,0,0,0.00721,0,0,0,0,0,0,0,0.43,0.00721,0.43,0.00721,0.43,0.00721,0.43,0.00721
4,86,sphere,0,0.00721,0,0,0,0,0,0,0,0,0.00721,0,0,0,0,0,0,0,0.435,0.00721,0.435,0.00721,0.435,0.00721,0.435,0.00721
4,87,sphere,0,0.00721,0,0,0,0,0,0,0,1,0.00721,0,0,0,0,0,0,0,0.44,0.00721,0.44,0.00721,0.44,0.00721,0.44,0.00721
4,88,sphere,0,0.0073,0,0,0,0,0,0,0,1,0.01003,0,0,0,0,0,0,0,0.445,0.00723,0.445,0.0073,0.445,0.00708,0.445,0.01003
4,89,sphere,0,0.0077,0,0,0,0,0,0,0,1,0.01545,0,0,0,0,0,0,0,0.45,0.0077,0.45,0.0066,0.45,0.00825,0.45,0.01545
4,90,sphere,0,0.0081,0,0,0,0,0,0,0,1,0.02261,1,0,0,0,0,0,0,0.455,0.0081,0.455,0.006,0.455,0.00911,0.455,0.02261
4,91,sphere,0,0.00841,0,0,0,0,0,0,0,1,0.02989,1,0,0,0,0,0,0,0.46,0.00841,0.46,0.00552,0.46,0.01046,0.46,0.02989
4,92,sphere,0,0.00816,0,0,0,0,0,0,0,1,0.03572,1,1,0,0,0,0,0,0.465,0.00816,0.465,0.00601,0.465,0.01542,0.465,0.03572
4,93,sphere,1,0.00847,0,0,0,0,0,0,0,1,0.04287,1,1,1,0,0,0,0,0.47,0.00845,0.47,0.00847,0.47,0.01815,0.47,0.04287
4,94,sphere,1,0.01461,0,0,0,0,0,0,0,1,0.05028,1,1,1,1,0,0,0,0.475,0.00911,0.475,0.01461,0.475,0.02102,0.475,0.05028
4,95,sphere,1,0.02156,1,0,0,0,0,0,0,1,0.05639,1,1,1,1,0,0,0,0.48,0.00963,0.48,0.02156,0.48,0.02529,0.48,0.05639
4,96,sphere,1,0.02961,1,0,0,0,0,0,0,1,0.06385,1,1,1,1,1,0,0,0.485,0.01004,0.485,0.02961,0.485,0.02848,0.485,0.06385
4,97,sphere,1,0.03861,1,1,0,0,0,0,0,1,0.06978,1,1,1,1,1,0,0,0.49,0.0104,0.49,0.03861,0.49,0.03338,0.49,0.06978
4,98,sphere,1,0.04845,1,1,1,0,0,0,0,1,0.07722,1,1,1,1,1,0,0,0.495,0.01071,0.495,0.04845,0.495,0.0367,0.495,0.07722
4,99,sphere,1,0.05902,1,1,1,1,0,0,0,1,0.08317,1,1,1,1,1,1,0,0.5,0.01102,0.5,0.05902,0.5,0.04181,0.5,0.08317
4,100,sphere,1,0.06393,1,1,1,1,1,0,0,1,0.08556,1,1,1,1,1,1,0,0.505,0.01221,0.5,0.06393,0.505,0.04519,0.5,0.08556
4,101,sphere,1,0.06554,1,1,1,1,1,0,0,1,0.08631,1,1,1,1,1,1,0,0.51,0.01772,0.5,0.06554,0.51,0.0505,0.5,0.08631
4,102,sphere,1,0.06892,1,1,1,1,1,0,0,1,0.08876,1,1,1,1,1,1,0,0.515,0.02129,0.5,0.06892,0.515,0.05395,0.5,0.08876
4,103,sphere,1,0.07069,1,1,1,1,1,0,0,1,0.08992,1,1,1,1,1,1,0,0.52,0.02662,0.5,0.07069,0.52,0.05922,0.5,0.08992
4,104,sphere,1,0.07417,1,1,1,1,1,0,0,1,0.0926,1,1,1,1,1,1,0,0.525,0.02998,0.5,0.07417,0.525,0.06267,0.5,0.0926
4,105,sphere,1,0.07601,1,1,1,1,1,0,0,1,0.09384,1,1,1,1,1,1,0,0.53,0.03509,0.5,0.07601,0.53,0.06792,0.5,0.09384
4,106,sphere,1,0.07954,1,1,1,1,1,0,0,1,0.09656,1,1,1,1,1,1,0,0.535,0.03832,0.5,0.07954,0.535,0.07136,0.5,0.09656
4,107,sphere,1,0.08144,1,1,1,1,1,1,0,1,0.09782,1,1,1,1,1,1,0,0.54,0.04325,0.5,0.08144,0.54,0.07658,0.5,0.09782
4,108,sphere,1,0.085,1,1,1,1,1,1,0,1,0.10056,1,1,1,1,1,1,1,0.545,0.04639,0.5,0.085,0.545,0.07999,0.5,0.10056
4,109,sphere,1,0.08693,1,1,1,1,1,1,0,1,0.10182,1,1,1,1,1,1,1,0.55,0.05125,0.5,0.08693,0.55,0.08519,0.5,0.10182
4,110,sphere,1,0.09051,1,1,1,1,1,1,0,1,0.10456,1,1,1,1,1,1,1,0.555,0.05435,0.5,0.09051,0.555,0.08858,0.5,0.10456
4,111,sphere,1,0.09244,1,1,1,1,1,1,0,1,0.10583,1,1,1,1,1,1,1,0.56,0.05918,0.5,0.09244,0.56,0.09377,0.5,0.10583
4,112,sphere,1,0.09604,1,1,1,1,1,1,0,1,0.10858,1,1,1,1,1,1,1,0.565,0.06227,0.5,0.09604,0.565,0.09714,0.5,0.10858
4,113,sphere,1,0.09798,1,1,1,1,1,1,0,1,0.10985,1,1,1,1,1,1,1,0.57,0.06708,0.5,0.09798,0.57,0.10232,0.5,0.10985
4,114,sphere,1,0.10158,1,1,1,1,1,1,1,1,0.11261,1,1,1,1,1,1,1,0.575,0.07016,0.5,0.10158,0.575,0.10569,0.5,0.11261
4,115,sphere,1,0.10353,1,1,1,1,1,1,1,1,0.11388,1,1,1,1,1,1,1,0.58,0.07496,0.5,0.10353,0.58,0.11085,0.5,0.11388
4,116,sphere,1,0.10714,1,1,1,1,1,1,1,1,0.11665,1,1,1,1,1,1,1,0.585,0.07802,0.5,0.10714,0.585,0.11421,0.5,0.11665
4,117,sphere,1,0.10908,1,1,1,1,1,1,1,1,0.11937,1,1,1,1,1,1,1,0.59,0.08281,0.5,0.10908,0.59,0.11937,0.5,0.11792
4,118,sphere,1,0.1127,1,1,1,1,1,1,1,1,0.12273,1,1,1,1,1,1,1,0.595,0.08587,0.5,0.1127,0.595,0.12273,0.5,0.12069
4,119,sphere,1,0.11465,1,1,1,1,1,1,1,1,0.12789,1,1,1,1,1,1,1,0.6,0.09065,0.5,0.11465,0.6,0.12789,0.5,0.12197
4,120,sphere,1,0.11827,1,1,1,1,1,1,1,1,0.13124,1,1,1,1,1,1,1,0.605,0.0937,0.5,0.11827,0.605,0.13124,0.5,0.12474
4,121,sphere,1,0.12022,1,1,1,1,1,1,1,1,0.13639,1,1,1,1,1,1,1,0.61,0.09847,0.5,0.12022,0.61,0.13639,0.5,0.12602
4,122,sphere,1,0.12385,1,1,1,1,1,1,1,1,0.13974,1,1,1,1,1,1,1,0.615,0.10151,0.5,0.12385,0.615,0.13974,0.5,0.1288
4,123,sphere,1,0.12579,1,1,1,1,1,1,1,1,0.14489,1,1,1,1,1,1,1,0.62,0.10627,0.5,0.12579,0.62,0.14489,0.5,0.13007
4,124,sphere,1,0.12942,1,1,1,1,1,1,1,1,0.14823,1,1,1,1,1,1,1,0.625,0.10931,0.5,0.12942,0.625,0.14823,0.5,0.13286
4,125,sphere,1,0.13137,1,1,1,1,1,1,1,1,0.15338,1,1,1,1,1,1,1,0.63,0.11407,0.5,0.13137,0.63,0.15338,0.5,0.13413
4,126,sphere,1,0.135,1,1,1,1,1,1,1,1,0.15672,1,1,1,1,1,1,1,0.635,0.1171,0.5,0.135,0.635,0.15672,0.5,0.13692
4,127,sphere,1,0.13695,1,1,1,1,1,1,1,1,0.16186,1,1,1,1,1,1,1,0.64,0.12185,0.5,0.13695,0.64,0.16186,0.5,0.13819
4,128,sphere,1,0.14058,1,1,1,1,1,1,1,1,0.1652,1,1,1,1,1,1,1,0.645,0.12487,0.5,0.14058,0.645,0.1652,0.5,0.14098
4,129,sphere,1,0.14253,1,1,1,1,1,1,1,1,0.17034,1,1,1,1,1,1,1,0.65,0.12961,0.5,0.14253,0.65,0.17034,0.5,0.14225
5,0,sphere,0,0.00295,0,0,0,0,0,0,0,0,0.00295,0,0,0,0,0,0,0,0.005,0.00295,0.005,0.00295,0.005,0.00295,0.005,0.00295
5,1,sphere,0,0.0047,0,0,0,0,0,0,0,0,0.0047,0,0,0,0,0,0,0,0.01,0.00469,0.01,0.0047,0.01,0.00469,0.01,0.0047
5,2,sphere,0,0.00573,0,0,0,0,0,0,0,0,0.00573,0,0,0,0,0,0,0,0.015,0.00572,0.015,0.00573,0.015,0.00572,0.015,0.00573
5,3,sphere,0,0.00633,0,0,0,0,0,0,0,0,0.00633,0,0,0,0,0,0,0,0.02,0.00633,0.02,0.00633,0.02,0.00633,0.02,0.00633
5,4,sphere,0,0.00669,0,0,0,0,0,0,0,0,0.00669,0,0,0,0,0,0,0,0.025,0.00669,0.025,0.00669,0.025,0.00669,0.025,0.00669
5,5,sphere,0,0.0069,0,0,0,0,0,0,0,0,0.0069,0,0,0,0,0,0,0,0.03,0.0069,0.03,0.0069,0.03,0.0069,0.03,0.0069
5,6,sphere,0,0.00703,0,0,0,0,0,0,0,0,0.00703,0,0,0,0,0,0,0,0.035,0.00703,0.035,0.00703,0.035,0.00703,0.035,0.00703
5,7,sphere,0,0.0071,0,0,0,0,0,0,0,0,0.0071,0,0,0,0,0,0,0,0.04,0.0071,0.04,0.0071,0.04,0.0071,0.04,0.0071
5,8,sphere,0,0.00715,0,0,0,0,0,0,0,0,0.00715,0,0,0,0,0,0,0,0.045,0.00715,0.045,0.00715,0.045,0.00715,0.045,0.00715
5,9,sphere,0,0.00717,0,0,0,0,0,0,0,0,0.00717,0,0,0,0,0,0,0,0.05,0.00717,0.05,0.00717,0.05,0.00717,0.05,0.00717
5,10,sphere,0,0.00719,0,0,0,0,0,0,0,0,0.00719,0,0,0,0,0,0,0,0.055,0.00719,0.055,0.00719,0.055,0.00719,0.055,0.00719
5,11,sphere,0,0.0072,0,0,0,0,0,0,0,0,0.0072,0,0,0,0,0,0,0,0.06,0.0072,0.06,0.0072,0.06,0.0072,0.06,0.0072
5,12,sphere,0,0.0072,0,0,0,0,0,0,0,0,0.0072,0,0,0,0,0,0,0,0.065,0.0072,0.065,0.0072,0.065,0.0072,0.065,0.0072
5,13,sphere,0,0.00721,0,0,0,0,0,0,0,0,0.00721,0,0,0,0,0,0,0,0.07,0.00721,0.07,0.00721,0.07,0.00721,0.07,0.00721
5,14,sphere,0,0.00721,0,0,0,0,0,0,0,0,0.00721,0,0,0,0,0,0,0,0.075,0.00721,0.075,0.00721,0.075,0.00721,0.075,0.00721
5,15,sphere,0,0.00721,0,0,0,0,0,0,0,0,0.00721,0,0,0,0,0,0,0,0.08,0.00721,0.08,0.00721,0.08,0.00721,0.08,0.00721
5,16,sphere,0,0.00721,0,0,0,0,0,0,0,0,0.00721,0,0,0,0,0,0,0,0.085,0.00721,0.085,0.00721,0.085,0.00721,0.085,0.00721
5,17,sphere,0,0.00721,0,0,0,0,0,0,0,0,0.00721,0,0,0,0,0,0,0,0.09,0.00721,0.09,0.00721,0.09,0.00721,0.09,0.00721
5,18,sphere,0,0.00721,0,0,0,0,0,0,0,0,0.00721,0,0,0,0,0,0,0,0.095,0.00721,0.095,0.00721,0.095,0.00721,0.095,0.00721
5,19,sphere,0,0.00721,0,0,0,0,0,0,0,0,0.00721,0,0,0,0,0,0,0,0.1,0.00721,0.1,0.00721,0.1,0.00721,0.1,0.00721
5,20,sphere,0,0.00721,0,0,0,0,0,0,0,0,0.00721,0,0,0,0,0,0,0,0.105,0.00721,0.105,0.00721,0.105,0.00721,0.105,0.00721
5,21,sphere,0,0.00721,0,0,0,0,0,0,0,0,0.00721,0,0,0,0,0,0,0,0.11,0.00721,0.11,0.00721,0.11,0.00721,0.11,0.00721
5,22,sphere,0,0.00721,0,0,0,0,0,0,0,0,0.00721,0,0,0,0,0,0,0,0.115,0.00721,0.115,0.00721,0.115,0.00721,0.115,0.00721
5,23,sphere,0,0.00721,0,0,0,0,0,0,0,0,0.00721,0,0,0,0,0,0,0,0.12,0.00721,0.12,0.00721,0.12,0.00721,0.12,0.00721
5,24,sphere,0,0.00721,0,0,0,0,0,0,0,0,0.00721,0,0,0,0,0,0,0,0.125,0.00721,0.125,0.00721,0.125,0.00721,0.125,0.00721
5,25,sphere,0,0.00721,0,0,0,0,0,0,0,0,0.00721,0,0,0,0,0,0,0,0.13,0.00721,0.13,0.00721,0.13,0.00721,0.13,0.00721
5,26,sphere,0,0.00721,0,0,0,0,0,0,0,0,0.00721,0,0,0,0,0,0,0,0.135,0.00721,0.135,0.00721,0.135,0.00721,0.135,0.00721
5,27,sphere,0,0.00721,0,0,0,0,0,0,0,0,0.00721,0,0,0,0,0,0,0,0.14,0.00721,0.14,0.00721,0.14,0.00721,0.14,0.00721
5,28,sphere,0,0.00721,0,0,0,0,0,0,0,0,0.00721,0,0,0,0,0,0,0,0.145,0.00721,0.145,0.00721,0.145,0.00721,0.145,0.00721
5,29,sphere,0,0.00721,0,0,0,0,0,0,0,0,0.00721,0,0,0,0,0,0,0,0.15,0.00721,0.15,0.00721,0.15,0.00721,0.15,0.00721
5,30,sphere,0,0.00721,0,0,0,0,0,0,0,0,0.00721,0,0,0,0,0,0,0,0.155,0.00721,0.155,0.00721,0.155,0.00721,0.155,0.00721
5,31,sphere,0,0.00721,0,0,0,0,0,0,0,0,0.00721,0,0,0,0,0,0,0,0.16,0.00721,0.16,0.00721,0.16,0.00721,0.16,0.00721
5,32,sphere,0,0.00721,0,0,0,0,0,0,0,0,0.00721,0,0,0,0,0,0,0,0.165,0.00721,0.165,0.00721,0.165,0.00721,0.165,0.00721
5,33,sphere,0,0.00721,0,0,0,0,0,0,0,0,0.00721,0,0,0,0,0,0,0,0.17,0.00721,0.17,0.00721,0.17,0.00721,0.17,0.00721
5,34,sphere,0,0.00721,0,0,0,0,0,0,0,0,0.00721,0,0,0,0,0,0,0,0.175,0.00721,0.175,0.00721,0.175,0.00721,0.175,0.00721
5,35,sphere,0,0.00721,0,0,0,0,0,0,0,0,0.00721,0,0,0,0,0,0,0,0.18,0.00721,0.18,0.00721,0.18,0.00721,0.18,0.00721
5,36,sphere,0,0.00721,0,0,0,0,0,0,0,0,0.00721,0,0,0,0,0,0,0,0.185,0.00721,0.185,0.00721,0.185,0.00721,0.185,0.00721
5,37,sphere,0,0.00721,0,0,0,0,0,0,0,0,0.00721,0,0,0,0,0,0,0,0.19,0.00721,0.19,0.00721,0.19,0.00721,0.19,0.00721
5,38,sphere,0,0.00721,0,0,0,0,0,0,0,0,0.00721,0,0,0,0,0,0,0,0.195,0.00721,0.195,0.00721,0.195,0.00721,0.195,0.00721
5,39,sphere,0,0.00721,0,0,0,0,0,0,0,0,0.00721,0,0,0,0,0,0,0,0.2,0.00721,0.2,0.00721,0.2,0.00721,0.2,0.00721
5,40,sphere,0,0.00721,0,0,0,0,0,0,0,0,0.00721,0,0,0,0,0,0,0,0.205,0.00721,0.205,0.00721,0.205,0.00721,0.205,0.00721
5,41,sphere,0,0.00721,0,0,0,0,0,0,0,0,0.00721,0,0,0,0,0,0,0,0.21,0.00721,0.21,0.00721,0.21,0.00721,0.21,0.00721
5,42,sphere,0,0.00721,0,0,0,0,0,0,0,0,0.00721,0,0,0,0,0,0,0,0.215,0.00721,0.215,0.00721,0.215,0.00721,0.215,0.00721
5,43,sphere,0,0.00721,0,0,0,0,0,0,0,0,0.00721,0,0,0,0,0,0,0,0.22,0.00721,0.22,0.00721,0.22,0.00721,0.22,0.00721
5,44,sphere,0,0.00721,0,0,0,0,0,0,0,0,0.00721,0,0,0,0,0,0,0,0.225,0.00721,0.225,0.00721,0.225,0.00721,0.225,0.00721
5,45,sphere,0,0.00721,0,0,0,0,0,0,0,0,0.00721,0,0,0,0,0,0,0,0.23,0.00721,0.23,0.00721,0.23,0.00721,0.23,0.00721
5,46,sphere,0,0.00721,0,0,0,0,0,0,0,0,0.00721,0,0,0,0,0,0,0,0.235,0.00721,0.235,0.00721,0.235,0.00721,0.235,0.00721
5,47,sphere,0,0.00721,0,0,0,0,0,0,0,0,0.00721,0,0,0,0,0,0,0,0.24,0.00721,0.24,0.00721,0.24,0.00721,0.24,0.00721
5,48,sphere,0,0.00721,0,0,0,0,0,0,0,0,0.00721,0,0,0,0,0,0,0,0.245,0.00721,0.245,0.00721,0.245,0.00721,0.245,0.00721
5,49,sphere,0,0.00721,0,0,0,0,0,0,0,0,0.00721,0,0,0,0,0,0,0,0.25,0.00721,0.25,0.00721,0.25,0.00721,0.25,0.00721
5,50,sphere,0,0.00721,0,0,0,0,0,0,0,0,0.00721,0,0,0,0,0,0,0,0.255,0.00721,0.255,0.00721,0.255,0.00721,0.255,0.00721
5,51,sphere,0,0.00721,0,0,0,0,0,0,0,0,0.00721,0,0,0,0,0,0,0,0.26,0.00721,0.26,0.00721,0.26,0.00721,0.26,0.00721
5,52,sphere,0,0.00721,0,0,0,0,0,0,0,0,0.00721,0,0,0,0,0,0,0,0.265,0.00721,0.265,0.00721,0.265,0.00721,0.265,0.00721
5,53,sphere,0,0.00721,0,0,0,0,0,0,0,0,0.00721,0,0,0,0,0,0,0,0.27,0.00721,0.27,0.00721,0.27,0.00721,0.27,0.00721
5,54,sphere,0,0.00721,0,0,0,0,0,0,0,0,0.00721,0,0,0,0,0,0,0,0.275,0.00721,0.275,0.00721,0.275,0.00721,0.275,0.00721
5,55,sphere,0,0.00721,0,0,0,0,0,0,0,0,0.00721,0,0,0,0,0,0,0,0.28,0.00721,0.28,0.00721,0.28,0.00721,0.28,0.00721
5,56,sphere,0,0.00721,0,0,0,0,0,0,0,0,0.00721,0,0,0,0,0,0,0,0.285,0.00721,0.285,0.00721,0.285,0.00721,0.285,0.00721
5,57,sphere,0,0.00721,0,0,0,0,0,0,0,0,0.00721,0,0,0,0,0,0,0,0.29,0.00721,0.29,0.00721,0.29,0.00721,0.29,0.00721
5,58,sphere,0,0.00721,0,0,0,0,0,0,0,0,0.00721,0,0,0,0,0,0,0,0.295,0.00721,0.295,0.00721,0.295,0.00721,0.295,0.00721
5,59,sphere,0,0.00721,0,0,0,0,0,0,0,0,0.00721,0,0,0,0,0,0,0,0.3,0.00721,0.3,0.00721,0.3,0.00721,0.3,0.00721
5,60,sphere,0,0.00721,0,0,0,0,0,0,0,0,0.00721,0,0,0,0,0,0,0,0.305,0.00721,0.305,0.00721,0.305,0.00721,0.305,0.00721
5,61,sphere,0,0.00721,0,0,0,0,0,0,0,0,0.00721,0,0,0,0,0,0,0,0.31,0.00721,0.31,0.00721,0.31,0.00721,0.31,0.00721
5,62,sphere,0,0.00721,0,0,0,0,0,0,0,0,0.00721,0,0,0,0,0,0,0,0.315,0.00721,0.315,0.00721,0.315,0.00721,0.315,0.00721
5,63,sphere,0,0.00721,0,0,0,0,0,0,0,0,0.00721,0,0,0,0,0,0,0,0.32,0.00721,0.32,0.00721,0.32,0.00721,0.32,0.00721
5,64,sphere,0,0.00721,0,0,0,0,0,0,0,0,0.00721,0,0,0,0,0,0,0,0.325,0.00721,0.325,0.00721,0.325,0.00721,0.325,0.00721
5,65,sphere,0,0.00721,0,0,0,0,0,0,0,0,0.00721,0,0,0,0,0,0,0,0.33,0.00721,0.33,0.00721,0.33,0.00721,0.33,0.00721
5,66,sphere,0,0.00721,0,0,0,0,0,0,0,0,0.00721,0,0,0,0,0,0,0,0.335,0.00721,0.335,0.00721,0.335,0.00721,0.335,0.00721
5,67,sphere,0,0.00721,0,0,0,0,0,0,0,0,0.00721,0,0,0,0,0,0,0,0.34,0.00721,0.34,0.00721,0.34,0.00721,0.34,0.00721
5,68,sphere,0,0.00721,0,0,0,0,0,0,0,0,0.00721,0,0,0,0,0,0,0,0.345,0.00721,0.345,0.00721,0.345,0.00721,0.345,0.00721
5,69,sphere,0,0.00721,0,0,0,0,0,0,0,0,0.00721,0,0,0,0,0,0,0,0.35,0.00721,0.35,0.00721,0.35,0.00721,0.35,0.00721
5,70,sphere,0,0.00721,0,0,0,0,0,0,0,0,0.00721,0,0,0,0,0,0,0,0.355,0.00721,0.355,0.00721,0.355,0.00721,0.355,0.00721
5,71,sphere,0,0.00721,0,0,0,0,0,0,0,0,0.00721,0,0,0,0,0,0,0,0.36,0.00721,0.36,0.00721,0.36,0.00721,0.36,0.00721
5,72,sphere,0,0.00721,0,0,0,0,0,0,0,0,0.00721,0,0,0,0,0,0,0,0.365,0.00721,0.365,0.00721,0.365,0.00721,0.365,0.00721
5,73,sphere,0,0.00721,0,0,0,0,0,0,0,0,0.00721,0,0,0,0,0,0,0,0.37,0.00721,0.37,0.00721,0.37,0.00721,0.37,0.00721
5,74,sphere,0,0.00721,0,0,0,0,0,0,0,0,0.00721,0,0,0,0,0,0,0,0.375,0.00721,0.375,0.00721,0.375,0.00721,0.375,0.00721
5,75,sphere,0,0.00721,0,0,0,0,0,0,0,0,0.00721,0,0,0,0,0,0,0,0.38,0.00721,0.38,0.00721,0.38,0.00721,0.38,0.00721
5,76,sphere,0,0.00721,0,0,0,0,0,0,0,0,0.00721,0,0,0,0,0,0,0,0.385,0.00721,0.385,0.00721,0.385,0.00721,0.385,0.00721
5,77,sphere,0,0.00721,0,0,0,0,0,0,0,0,0.00721,0,0,0,0,0,0,0,0.39,0.00721,0.39,0.00721,0.39,0.00721,0.39,0.00721
5,78,sphere,0,0.00721,0,0,0,0,0,0,0,0,0.00721,0,0,0,0,0,0,0,0.395,0.00721,0.395,0.00721,0.395,0.00721,0.395,0.00721
5,79,sphere,0,0.00721,0,0,0,0,0,0,0,0,0.00721,0,0,0,0,0,0,0,0.4,0.00721,0.4,0.00721,0.4,0.00721,0.4,0.00721
5,80,sphere,0,0.00721,0,0,0,0,0,0,0,0,0.00721,0,0,0,0,0,0,0,0.405,0.00721,0.405,0.00721,0.405,0.00721,0.405,0.00721
5,81,sphere,0,0.00721,0,0,0,0,0,0,0,0,0.00721,0,0,0,0,0,0,0,0.41,0.00721,0.41,0.00721,0.41,0.00721,0.41,0.00721
5,82,sphere,0,0.00721,0,0,0,0,0,0,0,0,0.00721,0,0,0,0,0,0,0,0.415,0.00721,0.415,0.00721,0.415,0.00721,0.415,0.00721
5,83,sphere,0,0.00721,0,0,0,0,0,0,0,0,0.00721,0,0,0,0,0,0,0,0.42,0.00721,0.42,0.00721,0.42,0.00721,0.42,0.00721
5,84,sphere,0,0.00721,0,0,0,0,0,0,0,0,0.00721,0,0,0,0,0,0,0,0.425,0.00721,0.425,0.00721,0.425,0.00721,0.425,0.00721
5,85,sphere,0,0.00721,0,0,0,0,0,0,0,0,0.00721,0,0,0,0,0,0,0,0.43,0.00721,0.43,0.00721,0.43,0.00721,0.43,0.00721
5,86,sphere,0,0.00721,0,0,0,0,0,0,0,0,0.00721,0,0,0,0,0,0,0,0.435,0.00721,0.435,0.00721,0.435,0.00721,0.435,0.00721
5,87,sphere,0,0.00721,0,0,0,0,0,0,0,1,0.00721,0,0,0,0,0,0,0,0.44,0.00721,0.44,0.00721,0.44,0.00721,0.44,0.00721
5,88,sphere,0,0.00731,0,0,0,0,0,0,0,1,0.01001,0,0,0,0,0,0,0,0.445,0.00722,0.445,0.00731,0.445,0.00707,0.445,0.01001
5,89,sphere,0,0.0077,0,0,0,0,0,0,0,1,0.01529,0,0,0,0,0,0,0,0.45,0.0077,0.45,0.00659,0.45,0.00831,0.45,0.01529
5,90,sphere,0,0.00811,0,0,0,0,0,0,0,1,0.02214,1,0,0,0,0,0,0,0.455,0.00811,0.455,0.00597,0.455,0.00926,0.455,0.02214
5,91,sphere,0,0.0084,0,0,0,0,0,0,0,1,0.03001,1,1,0,0,0,0,0,0.46,0.0084,0.46,0.00553,0.46,0.01027,0.46,0.03001
5,92,sphere,0,0.00825,0,0,0,0,0,0,0,1,0.03611,1,1,0,0,0,0,0,0.465,0.00825,0.465,0.00583,0.465,0.01444,0.465,0.03611
5,93,sphere,1,0.00868,0,0,0,0,0,0,0,1,0.04383,1,1,1,0,0,0,0,0.47,0.00841,0.47,0.00868,0.47,0.01682,0.47,0.04383
5,94,sphere,1,0.01493,0,0,0,0,0,0,0,1,0.05181,1,1,1,1,0,0,0,0.475,0.00888,0.475,0.01493,0.475,0.01911,0.475,0.05181
5,95,sphere,1,0.02209,1,0,0,0,0,0,0,1,0.05977,1,1,1,1,0,0,0,0.48,0.00923,0.48,0.02209,0.48,0.02167,0.48,0.05977
5,96,sphere,1,0.03019,1,1,0,0,0,0,0,1,0.06633,1,1,1,1,1,0,0,0.485,0.00961,0.485,0.03019,0.485,0.02604,0.485,0.06633
5,97,sphere,1,0.0393,1,1,0,0,0,0,0,1,0.0742,1,1,1,1,1,0,0,0.49,0.00982,0.49,0.0393,0.49,0.02899,0.49,0.0742
5,98,sphere,1,0.04916,1,1,1,0,0,0,0,1,0.08068,1,1,1,1,1,1,0,0.495,0.01007,0.495,0.04916,0.495,0.03342,0.495,0.08068
5,99,sphere,1,0.05973,1,1,1,1,0,0,0,1,0.08858,1,1,1,1,1,1,0,0.5,0.01023,0.5,0.05973,0.5,0.03637,0.5,0.08858
5,100,sphere,1,0.06591,1,1,1,1,1,0,0,1,0.09011,1,1,1,1,1,1,0,0.505,0.01045,0.5,0.06591,0.505,0.04075,0.5,0.09011
5,101,sphere,1,0.07266,1,1,1,1,1,0,0,1,0.09315,1,1,1,1,1,1,0,0.51,0.01057,0.5,0.07266,0.51,0.04372,0.5,0.09315
5,102,sphere,1,0.07994,1,1,1,1,1,0,0,1,0.0949,1,1,1,1,1,1,0,0.515,0.01075,0.5,0.07994,0.515,0.048,0.5,0.0949
5,103,sphere,1,0.0842,1,1,1,1,1,1,0,1,0.09757,1,1,1,1,1,1,0,0.52,0.01419,0.5,0.0842,0.52,0.05122,0.5,0.09757
5,104,sphere,1,0.08666,1,1,1,1,1,1,0,1,0.09867,1,1,1,1,1,1,0,0.525,0.01944,0.5,0.08666,0.525,0.05616,0.5,0.09867
5,105,sphere,1,0.09104,1,1,1,1,1,1,0,1,0.10156,1,1,1,1,1,1,1,0.53,0.02222,0.5,0.09104,0.53,0.05919,0.5,0.10156
5,106,sphere,1,0.09379,1,1,1,1,1,1,0,1,0.10294,1,1,1,1,1,1,1,0.535,0.02645,0.5,0.09379,0.535,0.064,0.5,0.10294
5,107,sphere,1,0.09824,1,1,1,1,1,1,0,1,0.10599,1,1,1,1,1,1,1,0.54,0.02892,0.5,0.09824,0.54,0.06697,0.5,0.10599
5,108,sphere,1,0.10104,1,1,1,1,1,1,1,1,0.10744,1,1,1,1,1,1,1,0.545,0.03296,0.5,0.10104,0.545,0.07173,0.5,0.10744
5,109,sphere,1,0.1055,1,1,1,1,1,1,1,1,0.11057,1,1,1,1,1,1,1,0.55,0.0354,0.5,0.1055,0.55,0.07468,0.5,0.11057
5,110,sphere,1,0.10829,1,1,1,1,1,1,1,1,0.11207,1,1,1,1,1,1,1,0.555,0.03943,0.5,0.10829,0.555,0.07944,0.5,0.11207
5,111,sphere,1,0.11275,1,1,1,1,1,1,1,1,0.11528,1,1,1,1,1,1,1,0.56,0.04187,0.5,0.11275,0.56,0.08237,0.5,0.11528
5,112,sphere,1,0.11554,1,1,1,1,1,1,1,1,0.11683,1,1,1,1,1,1,1,0.565,0.04591,0.5,0.11554,0.565,0.08711,0.5,0.11683
5,113,sphere,1,0.12001,1,1,1,1,1,1,1,1,0.12013,1,1,1,1,1,1,1,0.57,0.04835,0.5,0.12001,0.57,0.09003,0.5,0.12013
5,114,sphere,1,0.12281,1,1,1,1,1,1,1,1,0.12173,1,1,1,1,1,1,1,0.575,0.05239,0.5,0.12281,0.575,0.09477,0.5,0.12173
5,115,sphere,1,0.12729,1,1,1,1,1,1,1,1,0.1251,1,1,1,1,1,1,1,0.58,0.05482,0.5,0.12729,0.58,0.09767,0.5,0.1251
5,116,sphere,1,0.13011,1,1,1,1,1,1,1,1,0.12676,1,1,1,1,1,1,1,0.585,0.05884,0.5,0.13011,0.585,0.10239,0.5,0.12676
5,117,sphere,1,0.13461,1,1,1,1,1,1,1,1,0.13022,1,1,1,1,1,1,1,0.59,0.06127,0.5,0.13461,0.59,0.10526,0.5,0.13022
5,118,sphere,1,0.13743,1,1,1,1,1,1,1,1,0.13193,1,1,1,1,1,1,1,0.595,0.06527,0.5,0.13743,0.595,0.10995,0.5,0.13193
5,119,sphere,1,0.14194,1,1,1,1,1,1,1,1,0.13547,1,1,1,1,1,1,1,0.6,0.06767,0.5,0.14194,0.6,0.11279,0.5,0.13547
5,120,sphere,1,0.1448,1,1,1,1,1,1,1,1,0.13732,1,1,1,1,1,1,1,0.605,0.07163,0.5,0.1448,0.605,0.11741,0.5,0.13732
5,121,sphere,1,0.14938,1,1,1,1,1,1,1,1,0.14105,1,1,1,1,1,1,1,0.61,0.07399,0.5,0.14938,0.61,0.12016,0.5,0.14105
5,122,sphere,1,0.15237,1,1,1,1,1,1,1,1,0.14319,1,1,1,1,1,1,1,0.615,0.07782,0.5,0.15237,0.615,0.12462,0.5,0.14319
5,123,sphere,1,0.15705,1,1,1,1,1,1,1,1,0.14718,1,1,1,1,1,1,1,0.62,0.08006,0.5,0.15705,0.62,0.12724,0.5,0.14718
5,124,sphere,1,0.16016,1,1,1,1,1,1,1,1,0.14957,1,1,1,1,1,1,1,0.625,0.08372,0.5,0.16016,0.625,0.13151,0.5,0.14957
5,125,sphere,1,0.16488,1,1,1,1,1,1,1,1,0.15365,1,1,1,1,1,1,1,0.63,0.08582,0.5,0.16488,0.63,0.13398,0.5,0.15365
5,126,sphere,1,0.16802,1,1,1,1,1,1,1,1,0.15597,1,1,1,1,1,1,1,0.635,0.08922,0.5,0.16802,0.635,0.13807,0.5,0.15597
5,127,sphere,1,0.17279,1,1,1,1,1,1,1,1,0.16013,1,1,1,1,1,1,1,0.64,0.09117,0.5,0.17279,0.64,0.1404,0.5,0.16013
5,128,sphere,1,0.176,1,1,1,1,1,1,1,1,0.16252,1,1,1,1,1,1,1,0.645,0.09443,0.5,0.176,0.645,0.14438,0.5,0.16252
5,129,sphere,1,0.18083,1,1,1,1,1,1,1,1,0.16685,1,1,1,1,1,1,1,0.65,0.09637,0.5,0.18083,0.65,0.14666,0.5,0.16685
6,0,sphere,0,0.00295,0,0,0,0,0,0,0,0,0.00295,0,0,0,0,0,0,0,0.005,0.00295,0.005,0.00295,0.005,0.00295,0.005,0.00295
6,1,sphere,0,0.0047,0,0,0,0,0,0,0,0,0.0047,0,0,0,0,0,0,0,0.01,0.00469,0.01,0.0047,0.01,0.00469,0.01,0.0047
6,2,sphere,0,0.00573,0,0,0,0,0,0,0,0,0.00573,0,0,0,0,0,0,0,0.015,0.00572,0.015,0.00573,0.015,0.00572,0.015,0.00573
6,3,sphere,0,0.00633,0,0,0,0,0,0,0,0,0.00633,0,0,0,0,0,0,0,0.02,0.00633,0.02,0.00633,0.02,0.00633,0.02,0.00633
6,4,sphere,0,0.00669,0,0,0,0,0,0,0,0,0.00669,0,0,0,0,0,0,0,0.025,0.00669,0.025,0.00669,0.025,0.00669,0.025,0.00669
6,5,sphere,0,0.0069,0,0,0,0,0,0,0,0,0.0069,0,0,0,0,0,0,0,0.03,0.0069,0.03,0.0069,0.03,0.0069,0.03,0.0069
6,6,sphere,0,0.00703,0,0,0,0,0,0,0,0,0.00703,0,0,0,0,0,0,0,0.035,0.00703,0.035,0.00703,0.035,0.00703,0.035,0.00703
6,7,sphere,0,0.0071,0,0,0,0,0,0,0,0,0.0071,0,0,0,0,0,0,0,0.04,0.0071,0.04,0.0071,0.04,0.0071,0.04,0.0071
6,8,sphere,0,0.00715,0,0,0,0,0,0,0,0,0.00715,0,0,0,0,0,0,0,0.045,0.00715,0.045,0.00715,0.045,0.00715,0.045,0.00715
6,9,sphere,0,0.00717,0,0,0,0,0,0,0,0,0.00717,0,0,0,0,0,0,0,0.05,0.00717,0.05,0.00717,0.05,0.00717,0.05,0.00717
6,10,sphere,0,0.00719,0,0,0,0,0,0,0,0,0.00719,0,0,0,0,0,0,0,0.055,0.00719,0.055,0.00719,0.055,0.00719,0.055,0.00719
6,11,sphere,0,0.0072,0,0,0,0,0,0,0,0,0.0072,0,0,0,0,0,0,0,0.06,0.0072,0.06,0.0072,0.06,0.0072,0.06,0.0072
6,12,sphere,0,0.0072,0,0,0,0,0,0,0,0,0.0072,0,0,0,0,0,0,0,0.065,0.0072,0.065,0.0072,0.065,0.0072,0.065,0.0072
6,13,sphere,0,0.00721,0,0,0,0,0,0,0,0,0.00721,0,0,0,0,0,0,0,0.07,0.00721,0.07,0.00721,0.07,0.00721,0.07,0.00721
6,14,sphere,0,0.00721,0,0,0,0,0,0,0,0,0.00721,0,0,0,0,0,0,0,0.075,0.00721,0.075,0.00721,0.075,0.00721,0.075,0.00721
6,15,sphere,0,0.00721,0,0,0,0,0,0,0,0,0.00721,0,0,0,0,0,0,0,0.08,0.00721,0.08,0.00721,0.08,0.00721,0.08,0.00721
6,16,sphere,0,0.00721,0,0,0,0,0,0,0,0,0.00721,0,0,0,0,0,0,0,0.085,0.00721,0.085,0.00721,0.085,0.00721,0.085,0.00721
6,17,sphere,0,0.00721,0,0,0,0,0,0,0,0,0.00721,0,0,0,0,0,0,0,0.09,0.00721,0.09,0.00721,0.09,0.00721,0.09,0.00721
6,18,sphere,0,0.00721,0,0,0,0,0,0,0,0,0.00721,0,0,0,0,0,0,0,0.095,0.00721,0.095,0.00721,0.095,0.00721,0.095,0.00721
6,19,sphere,0,0.00721,0,0,0,0,0,0,0,0,0.00721,0,0,0,0,0,0,0,0.1,0.00721,0.1,0.00721,0.1,0.00721,0.1,0.00721
6,20,sphere,0,0.00721,0,0,0,0,0,0,0,0,0.00721,0,0,0,0,0,0,0,0.105,0.00721,0.105,0.00721,0.105,0.00721,0.105,0.00721
6,21,sphere,0,0.00721,0,0,0,0,0,0,0,0,0.00721,0,0,0,0,0,0,0,0.11,0.00721,0.11,0.00721,0.11,0.00721,0.11,0.00721
6,22,sphere,0,0.00721,0,0,0,0,0,0,0,0,0.00721,0,0,0,0,0,0,0,0.115,0.00721,0.115,0.00721,0.115,0.00721,0.115,0.00721
6,23,sphere,0,0.00721,0,0,0,0,0,0,0,0,0.00721,0,0,0,0,0,0,0,0.12,0.00721,0.12,0.00721,0.12,0.00721,0.12,0.00721
6,24,sphere,0,0.00721,0,0,0,0,0,0,0,0,0.00721,0,0,0,0,0,0,0,0.125,0.00721,0.125,0.00721,0.125,0.00721,0.125,0.00721
6,25,sphere,0,0.00721,0,0,0,0,0,0,0,0,0.00721,0,0,0,0,0,0,0,0.13,0.00721,0.13,0.00721,0.13,0.00721,0.13,0.00721
6,26,sphere,0,0.00721,0,0,0,0,0,0,0,0,0.00721,0,0,0,0,0,0,0,0.135,0.00721,0.135,0.00721,0.135,0.00721,0.135,0.00721
6,27,sphere,0,0.00721,0,0,0,0,0,0,0,0,0.00721,0,0,0,0,0,0,0,0.14,0.00721,0.14,0.00721,0.14,0.00721,0.14,0.00721
6,28,sphere,0,0.00721,0,0,0,0,0,0,0,0,0.00721,0,0,0,0,0,0,0,0.145,0.00721,0.145,0.00721,0.145,0.00721,0.145,0.00721
6,29,sphere,0,0.00721,0,0,0,0,0,0,0,0,0.00721,0,0,0,0,0,0,0,0.15,0.00721,0.15,0.00721,0.15,0.00721,0.15,0.00721
6,30,sphere,0,0.00721,0,0,0,0,0,0,0,0,0.00721,0,0,0,0,0,0,0,0.155,0.00721,0.155,0.00721,0.155,0.00721,0.155,0.00721
6,31,sphere,0,0.00721,0,0,0,0,0,0,0,0,0.00721,0,0,0,0,0,0,0,0.16,0.00721,0.16,0.00721,0.16,0.00721,0.16,0.00721
6,32,sphere,0,0.00721,0,0,0,0,0,0,0,0,0.00721,0,0,0,0,0,0,0,0.165,0.00721,0.165,0.00721,0.165,0.00721,0.165,0.00721
6,33,sphere,0,0.00721,0,0,0,0,0,0,0,0,0.00721,0,0,0,0,0,0,0,0.17,0.00721,0.17,0.00721,0.17,0.00721,0.17,0.00721
6,34,sphere,0,0.00721,0,0,0,0,0,0,0,0,0.00721,0,0,0,0,0,0,0,0.175,0.00721,0.175,0.00721,0.175,0.00721,0.175,0.00721
6,35,sphere,0,0.00721,0,0,0,0,0,0,0,0,0.00721,0,0,0,0,0,0,0,0.18,0.00721,0.18,0.00721,0.18,0.00721,0.18,0.00721
6,36,sphere,0,0.00721,0,0,0,0,0,0,0,0,0.00721,0,0,0,0,0,0,0,0.185,0.00721,0.185,0.00721,0.185,0.00721,0.185,0.00721
6,37,sphere,0,0.00721,0,0,0,0,0,0,0,0,0.00721,0,0,0,0,0,0,0,0.19,0.00721,0.19,0.00721,0.19,0.00721,0.19,0.00721
6,38,sphere,0,0.00721,0,0,0,0,0,0,0,0,0.00721,0,0,0,0,0,0,0,0.195,0.00721,0.195,0.00721,0.195,0.00721,0.195,0.00721
6,39,sphere,0,0.00721,0,0,0,0,0,0,0,0,0.00721,0,0,0,0,0,0,0,0.2,0.00721,0.2,0.00721,0.2,0.00721,0.2,0.00721
6,40,sphere,0,0.00721,0,0,0,0,0,0,0,0,0.00721,0,0,0,0,0,0,0,0.205,0.00721,0.205,0.00721,0.205,0.00721,0.205,0.00721
6,41,sphere,0,0.00721,0,0,0,0,0,0,0,0,0.00721,0,0,0,0,0,0,0,0.21,0.00721,0.21,0.00721,0.21,0.00721,0.21,0.00721
6,42,sphere,0,0.00721,0,0,0,0,0,0,0,0,0.00721,0,0,0,0,0,0,0,0.215,0.00721,0.215,0.00721,0.215,0.00721,0.215,0.00721
6,43,sphere,0,0.00721,0,0,0,0,0,0,0,0,0.00721,0,0,0,0,0,0,0,0.22,0.00721,0.22,0.00721,0.22,0.00721,0.22,0.00721
6,44,sphere,0,0.00721,0,0,0,0,0,0,0,0,0.00721,0,0,0,0,0,0,0,0.225,0.00721,0.225,0.00721,0.225,0.00721,0.225,0.00721
6,45,sphere,0,0.00721,0,0,0,0,0,0,0,0,0.00721,0,0,0,0,0,0,0,0.23,0.00721,0.23,0.00721,0.23,0.00721,0.23,0.00721
6,46,sphere,0,0.00721,0,0,0,0,0,0,0,0,0.00721,0,0,0,0,0,0,0,0.235,0.00721,0.235,0.00721,0.235,0.00721,0.235,0.00721
6,47,sphere,0,0.00721,0,0,0,0,0,0,0,0,0.00721,0,0,0,0,0,0,0,0.24,0.00721,0.24,0.00721,0.24,0.00721,0.24,0.00721
6,48,sphere,0,0.00721,0,0,0,0,0,0,0,0,0.00721,0,0,0,0,0,0,0,0.245,0.00721,0.245,0.00721,0.245,0.00721,0.245,0.00721
6,49,sphere,0,0.00721,0,0,0,0,0,0,0,0,0.00721,0,0,0,0,0,0,0,0.25,0.00721,0.25,0.00721,0.25,0.00721,0.25,0.00721
6,50,sphere,0,0.00721,0,0,0,0,0,0,0,0,0.00721,0,0,0,0,0,0,0,0.255,0.00721,0.255,0.00721,0.255,0.00721,0.255,0.00721
6,51,sphere,0,0.00721,0,0,0,0,0,0,0,0,0.00721,0,0,0,0,0,0,0,0.26,0.00721,0.26,0.00721,0.26,0.00721,0.26,0.00721
6,52,sphere,0,0.00721,0,0,0,0,0,0,0,0,0.00721,0,0,0,0,0,0,0,0.265,0.00721,0.265,0.00721,0.265,0.00721,0.265,0.00721
6,53,sphere,0,0.00721,0,0,0,0,0,0,0,0,0.00721,0,0,0,0,0,0,0,0.27,0.00721,0.27,0.00721,0.27,0.00721,0.27,0.00721
6,54,sphere,0,0.00721,0,0,0,0,0,0,0,0,0.00721,0,0,0,0,0,0,0,0.275,0.00721,0.275,0.00721,0.275,0.00721,0.275,0.00721
6,55,sphere,0,0.00721,0,0,0,0,0,0,0,0,0.00721,0,0,0,0,0,0,0,0.28,0.00721,0.28,0.00721,0.28,0.00721,0.28,0.00721
6,56,sphere,0,0.00721,0,0,0,0,0,0,0,0,0.00721,0,0,0,0,0,0,0,0.285,0.00721,0.285,0.00721,0.285,0.00721,0.285,0.00721
6,57,sphere,0,0.00721,0,0,0,0,0,0,0,0,0.00721,0,0,0,0,0,0,0,0.29,0.00721,0.29,0.00721,0.29,0.00721,0.29,0.00721
6,58,sphere,0,0.00721,0,0,0,0,0,0,0,0,0.00721,0,0,0,0,0,0,0,0.295,0.00721,0.295,0.00721,0.295,0.00721,0.295,0.00721
6,59,sphere,0,0.00721,0,0,0,0,0,0,0,0,0.00721,0,0,0,0,0,0,0,0.3,0.00721,0.3,0.00721,0.3,0.00721,0.3,0.00721
6,60,sphere,0,0.00721,0,0,0,0,0,0,0,0,0.00721,0,0,0,0,0,0,0,0.305,0.00721,0.305,0.00721,0.305,0.00721,0.305,0.00721
6,61,sphere,0,0.00721,0,0,0,0,0,0,0,0,0.00721,0,0,0,0,0,0,0,0.31,0.00721,0.31,0.00721,0.31,0.00721,0.31,0.00721
6,62,sphere,0,0.00721,0,0,0,0,0,0,0,0,0.00721,0,0,0,0,0,0,0,0.315,0.00721,0.315,0.00721,0.315,0.00721,0.315,0.00721
6,63,sphere,0,0.00721,0,0,0,0,0,0,0,0,0.00721,0,0,0,0,0,0,0,0.32,0.00721,0.32,0.00721,0.32,0.00721,0.32,0.00721
6,64,sphere,0,0.00721,0,0,0,0,0,0,0,0,0.00721,0,0,0,0,0,0,0,0.325,0.00721,0.325,0.00721,0.325,0.00721,0.325,0.00721
6,65,sphere,0,0.00721,0,0,0,0,0,0,0,0,0.00721,0,0,0,0,0,0,0,0.33,0.00721,0.33,0.00721,0.33,0.00721,0.33,0.00721
6,66,sphere,0,0.00721,0,0,0,0,0,0,0,0,0.00721,0,0,0,0,0,0,0,0.335,0.00721,0.335,0.00721,0.335,0.00721,0.335,0.00721
6,67,sphere,0,0.00721,0,0,0,0,0,0,0,0,0.00721,0,0,0,0,0,0,0,0.34,0.00721,0.34,0.00721,0.34,0.00721,0.34,0.00721
6,68,sphere,0,0.00721,0,0,0,0,0,0,0,0,0.00721,0,0,0,0,0,0,0,0.345,0.00721,0.345,0.00721,0.345,0.00721,0.345,0.00721
6,69,sphere,0,0.00721,0,0,0,0,0,0,0,0,0.00721,0,0,0,0,0,0,0,0.35,0.00721,0.35,0.00721,0.35,0.00721,0.35,0.00721
6,70,sphere,0,0.00721,0,0,0,0,0,0,0,0,0.00721,0,0,0,0,0,0,0,0.355,0.00721,0.355,0.00721,0.355,0.00721,0.355,0.00721
6,71,sphere,0,0.00721,0,0,0,0,0,0,0,0,0.00721,0,0,0,0,0,0,0,0.36,0.00721,0.36,0.00721,0.36,0.00721,0.36,0.00721
6,72,sphere,0,0.00721,0,0,0,0,0,0,0,0,0.00721,0,0,0,0,0,0,0,0.365,0.00721,0.365,0.00721,0.365,0.00721,0.365,0.00721
6,73,sphere,0,0.00721,0,0,0,0,0,0,0,0,0.00721,0,0,0,0,0,0,0,0.37,0.00721,0.37,0.00721,0.37,0.00721,0.37,0.00721
6,74,sphere,0,0.00721,0,0,0,0,0,0,0,0,0.00721,0,0,0,0,0,0,0,0.375,0.00721,0.375,0.00721,0.375,0.00721,0.375,0.00721
6,75,sphere,0,0.00721,0,0,0,0,0,0,0,0,0.00721,0,0,0,0,0,0,0,0.38,0.00721,0.38,0.00721,0.38,0.00721,0.38,0.00721
6,76,sphere,0,0.00721,0,0,0,0,0,0,0,0,0.00721,0,0,0,0,0,0,0,0.385,0.00721,0.385,0.00721,0.385,0.00721,0.385,0.00721
6,77,sphere,0,0.00721,0,0,0,0,0,0,0,0,0.00721,0,0,0,0,0,0,0,0.39,0.00721,0.39,0.00721,0.39,0.00721,0.39,0.00721
6,78,sphere,0,0.00721,0,0,0,0,0,0,0,0,0.00721,0,0,0,0,0,0,0,0.395,0.00721,0.395,0.00721,0.395,0.00721,0.395,0.00721
6,79,sphere,0,0.00721,0,0,0,0,0,0,0,0,0.00721,0,0,0,0,0,0,0,0.4,0.00721,0.4,0.00721,0.4,0.00721,0.4,0.00721
6,80,sphere,0,0.00721,0,0,0,0,0,0,0,0,0.00721,0,0,0,0,0,0,0,0.405,0.00721,0.405,0.00721,0.405,0.00721,0.405,0.00721
6,81,sphere,0,0.00721,0,0,0,0,0,0,0,0,0.00721,0,0,0,0,0,0,0,0.41,0.00721,0.41,0.00721,0.41,0.00721,0.41,0.00721
6,82,sphere,0,0.00721,0,0,0,0,0,0,0,0,0.00721,0,0,0,0,0,0,0,0.415,0.00721,0.415,0.00721,0.415,0.00721,0.415,0.00721
6,83,sphere,0,0.00721,0,0,0,0,0,0,0,0,0.00721,0,0,0,0,0,0,0,0.42,0.00721,0.42,0.00721,0.42,0.00721,0.42,0.00721
6,84,sphere,0,0.00721,0,0,0,0,0,0,0,0,0.00721,0,0,0,0,0,0,0,0.425,0.00721,0.425,0.00721,0.425,0.00721,0.425,0.00721
6,85,sphere,0,0.00721,0,0,0,0,0,0,0,0,0.00721,0,0,0,0,0,0,0,0.43,0.00721,0.43,0.00721,0.43,0.00721,0.43,0.00721
6,86,sphere,0,0.00721,0,0,0,0,0,0,0,0,0.00721,0,0,0,0,0,0,0,0.435,0.00721,0.435,0.00721,0.435,0.00721,0.435,0.00721
6,87,sphere,0,0.00721,0,0,0,0,0,0,0,1,0.00721,0,0,0,0,0,0,0,0.44,0.00721,0.44,0.00721,0.44,0.00721,0.44,0.00721
6,88,sphere,0,0.00726,0,0,0,0,0,0,0,1,0.00999,0,0,0,0,0,0,0,0.445,0.00726,0.445,0.00723,0.445,0.00719,0.445,0.00999
6,89,sphere,0,0.00771,0,0,0,0,0,0,0,1,0.01532,0,0,0,0,0,0,0,0.45,0.00771,0.45,0.00658,0.45,0.00833,0.45,0.01532
6,90,sphere,0,0.00808,0,0,0,0,0,0,0,1,0.02235,1,0,0,0,0,0,0,0.455,0.00808,0.455,0.00603,0.455,0.00913,0.455,0.02235
6,91,sphere,0,0.00834,0,0,0,0,0,0,0,1,0.03129,1,1,0,0,0,0,0,0.46,0.00834,0.46,0.00567,0.46,0.00952,0.46,0.03129
6,92,sphere,0,0.00849,0,0,0,0,0,0,0,1,0.04002,1,1,1,0,0,0,0,0.465,0.00849,0.465,0.00547,0.465,0.01061,0.465,0.04002
6,93,sphere,1,0.00858,0,0,0,0,0,0,0,1,0.04818,1,1,1,0,0,0,0,0.47,0.00858,0.47,0.00855,0.47,0.01292,0.47,0.04818
6,94,sphere,1,0.01449,0,0,0,0,0,0,0,1,0.05969,1,1,1,1,0,0,0,0.475,0.00916,0.475,0.01449,0.475,0.01198,0.475,0.05969
6,95,sphere,1,0.02131,1,0,0,0,0,0,0,1,0.06877,1,1,1,1,1,0,0,0.48,0.00959,0.48,0.02131,0.48,0.01332,0.48,0.06877
6,96,sphere,1,0.02902,1,0,0,0,0,0,0,1,0.07771,1,1,1,1,1,0,0,0.485,0.00998,0.485,0.02902,0.485,0.01573,0.485,0.07771
6,97,sphere,1,0.03817,1,1,0,0,0,0,0,1,0.08662,1,1,1,1,1,1,0,0.49,0.01019,0.49,0.03817,0.49,0.01798,0.49,0.08662
6,98,sphere,1,0.04834,1,1,1,0,0,0,0,1,0.09556,1,1,1,1,1,1,0,0.495,0.01034,0.495,0.04834,0.495,0.0201,0.495,0.09556
6,99,sphere,1,0.05935,1,1,1,1,0,0,0,1,0.10455,1,1,1,1,1,1,1,0.5,0.01045,0.5,0.05935,0.5,0.02207,0.5,0.10455
6,100,sphere,1,0.06578,1,1,1,1,1,0,0,1,0.10867,1,1,1,1,1,1,1,0.505,0.01073,0.5,0.06578,0.505,0.02392,0.5,0.10867
6,101,sphere,1,0.06789,1,1,1,1,1,0,0,1,0.11176,1,1,1,1,1,1,1,0.51,0.01613,0.5,0.06789,0.51,0.02677,0.5,0.11176
6,102,sphere,1,0.07156,1,1,1,1,1,0,0,1,0.11528,1,1,1,1,1,1,1,0.515,0.01962,0.5,0.07156,0.515,0.02909,0.5,0.11528
6,103,sphere,1,0.07351,1,1,1,1,1,0,0,1,0.11705,1,1,1,1,1,1,1,0.52,0.02471,0.5,0.07351,0.52,0.033,0.5,0.11705
6,104,sphere,1,0.07731,1,1,1,1,1,0,0,1,0.12091,1,1,1,1,1,1,1,0.525,0.0277,0.5,0.07731,0.525,0.03515,0.5,0.12091
6,105,sphere,1,0.07945,1,1,1,1,1,0,0,1,0.123,1,1,1,1,1,1,1,0.53,0.03234,0.5,0.07945,0.53,0.03886,0.5,0.123
6,106,sphere,1,0.08343,1,1,1,1,1,1,0,1,0.12716,1,1,1,1,1,1,1,0.535,0.03512,0.5,0.08343,0.535,0.04082,0.5,0.12716
6,107,sphere,1,0.0857,1,1,1,1,1,1,0,1,0.12943,1,1,1,1,1,1,1,0.54,0.03967,0.5,0.0857,0.54,0.04444,0.5,0.12943
6,108,sphere,1,0.08977,1,1,1,1,1,1,0,1,0.13376,1,1,1,1,1,1,1,0.545,0.04248,0.5,0.08977,0.545,0.04638,0.5,0.13376
6,109,sphere,1,0.09204,1,1,1,1,1,1,0,1,0.13603,1,1,1,1,1,1,1,0.55,0.04717,0.5,0.09204,0.55,0.05009,0.5,0.13603
6,110,sphere,1,0.0961,1,1,1,1,1,1,0,1,0.1403,1,1,1,1,1,1,1,0.555,0.05014,0.5,0.0961,0.555,0.05209,0.5,0.1403
6,111,sphere,1,0.09838,1,1,1,1,1,1,0,1,0.1425,1,1,1,1,1,1,1,0.56,0.0549,0.5,0.09838,0.56,0.05572,0.5,0.1425
6,112,sphere,1,0.10246,1,1,1,1,1,1,1,1,0.14676,1,1,1,1,1,1,1,0.565,0.05784,0.5,0.10246,0.565,0.05766,0.5,0.14676
6,113,sphere,1,0.10472,1,1,1,1,1,1,1,1,0.14894,1,1,1,1,1,1,1,0.57,0.06261,0.5,0.10472,0.57,0.06129,0.5,0.14894
6,114,sphere,1,0.10878,1,1,1,1,1,1,1,1,0.15321,1,1,1,1,1,1,1,0.575,0.06557,0.5,0.10878,0.575,0.06325,0.5,0.15321
6,115,sphere,1,0.11101,1,1,1,1,1,1,1,1,0.15538,1,1,1,1,1,1,1,0.58,0.07037,0.5,0.11101,0.58,0.06692,0.5,0.15538
6,116,sphere,1,0.11504,1,1,1,1,1,1,1,1,0.15964,1,1,1,1,1,1,1,0.585,0.07335,0.5,0.11504,0.585,0.06892,0.5,0.15964
6,117,sphere,1,0.11722,1,1,1,1,1,1,1,1,0.16175,1,1,1,1,1,1,1,0.59,0.07821,0.5,0.11722,0.59,0.07268,0.5,0.16175
6,118,sphere,1,0.12121,1,1,1,1,1,1,1,1,0.16596,1,1,1,1,1,1,1,0.595,0.08124,0.5,0.12121,0.595,0.07474,0.5,0.16596
6,119,sphere,1,0.12336,1,1,1,1,1,1,1,1,0.16801,1,1,1,1,1,1,1,0.6,0.08612,0.5,0.12336,0.6,0.07853,0.5,0.16801
6,120,sphere,1,0.12733,1,1,1,1,1,1,1,1,0.17217,1,1,1,1,1,1,1,0.605,0.08915,0.5,0.12733,0.605,0.0806,0.5,0.17217
6,121,sphere,1,0.12945,1,1,1,1,1,1,1,1,0.17417,1,1,1,1,1,1,1,0.61,0.09404,0.5,0.12945,0.61,0.08442,0.5,0.17417
6,122,sphere,1,0.1334,1,1,1,1,1,1,1,1,0.17828,1,1,1,1,1,1,1,0.615,0.09707,0.5,0.1334,0.615,0.08651,0.5,0.17828
6,123,sphere,1,0.13548,1,1,1,1,1,1,1,1,0.18023,1,1,1,1,1,1,1,0.62,0.10198,0.5,0.13548,0.62,0.09035,0.5,0.18023
6,124,sphere,1,0.13939,1,1,1,1,1,1,1,1,0.18427,1,1,1,1,1,1,1,0.625,0.10503,0.5,0.13939,0.625,0.09247,0.5,0.18427
6,125,sphere,1,0.14143,1,1,1,1,1,1,1,1,0.18615,1,1,1,1,1,1,1,0.63,0.10995,0.5,0.14143,0.63,0.09634,0.5,0.18615
6,126,sphere,1,0.14529,1,1,1,1,1,1,1,1,0.19012,1,1,1,1,1,1,1,0.635,0.11299,0.5,0.14529,0.635,0.09848,0.5,0.19012
6,127,sphere,1,0.14729,1,1,1,1,1,1,1,1,0.19194,1,1,1,1,1,1,1,0.64,0.11791,0.5,0.14729,0.64,0.10237,0.5,0.19194
6,128,sphere,1,0.15112,1,1,1,1,1,1,1,1,0.19584,1,1,1,1,1,1,1,0.645,0.12095,0.5,0.15112,0.645,0.10452,0.5,0.19584
6,129,sphere,1,0.15308,1,1,1,1,1,1,1,1,0.1976,1,1,1,1,1,1,1,0.65,0.12586,0.5,0.15308,0.65,0.10842,0.5,0.1976
7,0,sphere,0,0.00295,0,0,0,0,0,0,0,0,0.00295,0,0,0,0,0,0,0,0.005,0.00295,0.005,0.00295,0.005,0.00295,0.005,0.00295
7,1,sphere,0,0.0047,0,0,0,0,0,0,0,0,0.0047,0,0,0,0,0,0,0,0.01,0.00469,0.01,0.0047,0.01,0.00469,0.01,0.0047
7,2,sphere,0,0.00573,0,0,0,0,0,0,0,0,0.00573,0,0,0,0,0,0,0,0.015,0.00572,0.015,0.00573,0.015,0.00572,0.015,0.00573
7,3,sphere,0,0.00633,0,0,0,0,0,0,0,0,0.00633,0,0,0,0,0,0,0,0.02,0.00633,0.02,0.00633,0.02,0.00633,0.02,0.00633
7,4,sphere,0,0.00669,0,0,0,0,0,0,0,0,0.00669,0,0,0,0,0,0,0,0.025,0.00669,0.025,0.00669,0.025,0.00669,0.025,0.00669
7,5,sphere,0,0.0069,0,0,0,0,0,0,0,0,0.0069,0,0,0,0,0,0,0,0.03,0.0069,0.03,0.0069,0.03,0.0069,0.03,0.0069
7,6,sphere,0,0.00703,0,0,0,0,0,0,0,0,0.00703,0,0,0,0,0,0,0,0.035,0.00703,0.035,0.00703,0.035,0.00703,0.035,0.00703
7,7,sphere,0,0.0071,0,0,0,0,0,0,0,0,0.0071,0,0,0,0,0,0,0,0.04,0.0071,0.04,0.0071,0.04,0.0071,0.04,0.0071
7,8,sphere,0,0.00715,0,0,0,0,0,0,0,0,0.00715,0,0,0,0,0,0,0,0.045,0.00715,0.045,0.00715,0.045,0.00715,0.045,0.00715
7,9,sphere,0,0.00717,0,0,0,0,0,0,0,0,0.00717,0,0,0,0,0,0,0,0.05,0.00717,0.05,0.00717,0.05,0.00717,0.05,0.00717
7,10,sphere,0,0.00719,0,0,0,0,0,0,0,0,0.00719,0,0,0,0,0,0,0,0.055,0.00719,0.055,0.00719,0.055,0.00719,0.055,0.00719
7,11,sphere,0,0.0072,0,0,0,0,0,0,0,0,0.0072,0,0,0,0,0,0,0,0.06,0.0072,0.06,0.0072,0.06,0.0072,0.06,0.0072
7,12,sphere,0,0.0072,0,0,0,0,0,0,0,0,0.0072,0,0,0,0,0,0,0,0.065,0.0072,0.065,0.0072,0.065,0.0072,0.065,0.0072
7,13,sphere,0,0.00721,0,0,0,0,0,0,0,0,0.00721,0,0,0,0,0,0,0,0.07,0.00721,0.07,0.00721,0.07,0.00721,0.07,0.00721
7,14,sphere,0,0.00721,0,0,0,0,0,0,0,0,0.00721,0,0,0,0,0,0,0,0.075,0.00721,0.075,0.00721,0.075,0.00721,0.075,0.00721
7,15,sphere,0,0.00721,0,0,0,0,0,0,0,0,0.00721,0,0,0,0,0,0,0,0.08,0.00721,0.08,0.00721,0.08,0.00721,0.08,0.00721
7,16,sphere,0,0.00721,0,0,0,0,0,0,0,0,0.00721,0,0,0,0,0,0,0,0.085,0.00721,0.085,0.00721,0.085,0.00721,0.085,0.00721
7,17,sphere,0,0.00721,0,0,0,0,0,0,0,0,0.00721,0,0,0,0,0,0,0,0.09,0.00721,0.09,0.00721,0.09,0.00721,0.09,0.00721
7,18,sphere,0,0.00721,0,0,0,0,0,0,0,0,0.00721,0,0,0,0,0,0,0,0.095,0.00721,0.095,0.00721,0.095,0.00721,0.095,0.00721
7,19,sphere,0,0.00721,0,0,0,0,0,0,0,0,0.00721,0,0,0,0,0,0,0,0.1,0.00721,0.1,0.00721,0.1,0.00721,0.1,0.00721
7,20,sphere,0,0.00721,0,0,0,0,0,0,0,0,0.00721,0,0,0,0,0,0,0,0.105,0.00721,0.105,0.00721,0.105,0.00721,0.105,0.00721
7,21,sphere,0,0.00721,0,0,0,0,0,0,0,0,0.00721,0,0,0,0,0,0,0,0.11,0.00721,0.11,0.00721,0.11,0.00721,0.11,0.00721
7,22,sphere,0,0.00721,0,0,0,0,0,0,0,0,0.00721,0,0,0,0,0,0,0,0.115,0.00721,0.115,0.00721,0.115,0.00721,0.115,0.00721
7,23,sphere,0,0.00721,0,0,0,0,0,0,0,0,0.00721,0,0,0,0,0,0,0,0.12,0.00721,0.12,0.00721,0.12,0.00721,0.12,0.00721
7,24,sphere,0,0.00721,0,0,0,0,0,0,0,0,0.00721,0,0,0,0,0,0,0,0.125,0.00721,0.125,0.00721,0.125,0.00721,0.125,0.00721
7,25,sphere,0,0.00721,0,0,0,0,0,0,0,0,0.00721,0,0,0,0,0,0,0,0.13,0.00721,0.13,0.00721,0.13,0.00721,0.13,0.00721
7,26,sphere,0,0.00721,0,0,0,0,0,0,0,0,0.00721,0,0,0,0,0,0,0,0.135,0.00721,0.135,0.00721,0.135,0.00721,0.135,0.00721
7,27,sphere,0,0.00721,0,0,0,0,0,0,0,0,0.00721,0,0,0,0,0,0,0,0.14,0.00721,0.14,0.00721,0.14,0.00721,0.14,0.00721
7,28,sphere,0,0.00721,0,0,0,0,0,0,0,0,0.00721,0,0,0,0,0,0,0,0.145,0.00721,0.145,0.00721,0.145,0.00721,0.145,0.00721
7,29,sphere,0,0.00721,0,0,0,0,0,0,0,0,0.00721,0,0,0,0,0,0,0,0.15,0.00721,0.15,0.00721,0.15,0.00721,0.15,0.00721
7,30,sphere,0,0.00721,0,0,0,0,0,0,0,0,0.00721,0,0,0,0,0,0,0,0.155,0.00721,0.155,0.00721,0.155,0.00721,0.155,0.00721
7,31,sphere,0,0.00721,0,0,0,0,0,0,0,0,0.00721,0,0,0,0,0,0,0,0.16,0.00721,0.16,0.00721,0.16,0.00721,0.16,0.00721
7,32,sphere,0,0.00721,0,0,0,0,0,0,0,0,0.00721,0,0,0,0,0,0,0,0.165,0.00721,0.165,0.00721,0.165,0.00721,0.165,0.00721
7,33,sphere,0,0.00721,0,0,0,0,0,0,0,0,0.00721,0,0,0,0,0,0,0,0.17,0.00721,0.17,0.00721,0.17,0.00721,0.17,0.00721
7,34,sphere,0,0.00721,0,0,0,0,0,0,0,0,0.00721,0,0,0,0,0,0,0,0.175,0.00721,0.175,0.00721,0.175,0.00721,0.175,0.00721
7,35,sphere,0,0.00721,0,0,0,0,0,0,0,0,0.00721,0,0,0,0,0,0,0,0.18,0.00721,0.18,0.00721,0.18,0.00721,0.18,0.00721
7,36,sphere,0,0.00721,0,0,0,0,0,0,0,0,0.00721,0,0,0,0,0,0,0,0.185,0.00721,0.185,0.00721,0.185,0.00721,0.185,0.00721
7,37,sphere,0,0.00721,0,0,0,0,0,0,0,0,0.00721,0,0,0,0,0,0,0,0.19,0.00721,0.19,0.00721,0.19,0.00721,0.19,0.00721
7,38,sphere,0,0.00721,0,0,0,0,0,0,0,0,0.00721,0,0,0,0,0,0,0,0.195,0.00721,0.195,0.00721,0.195,0.00721,0.195,0.00721
7,39,sphere,0,0.00721,0,0,0,0,0,0,0,0,0.00721,0,0,0,0,0,0,0,0.2,0.00721,0.2,0.00721,0.2,0.00721,0.2,0.00721
7,40,sphere,0,0.00721,0,0,0,0,0,0,0,0,0.00721,0,0,0,0,0,0,0,0.205,0.00721,0.205,0.00721,0.205,0.00721,0.205,0.00721
7,41,sphere,0,0.00721,0,0,0,0,0,0,0,0,0.00721,0,0,0,0,0,0,0,0.21,0.00721,0.21,0.00721,0.21,0.00721,0.21,0.00721
7,42,sphere,0,0.00721,0,0,0,0,0,0,0,0,0.00721,0,0,0,0,0,0,0,0.215,0.00721,0.215,0.00721,0.215,0.00721,0.215,0.00721
7,43,sphere,0,0.00721,0,0,0,0,0,0,0,0,0.00721,0,0,0,0,0,0,0,0.22,0.00721,0.22,0.00721,0.22,0.00721,0.22,0.00721
7,44,sphere,0,0.00721,0,0,0,0,0,0,0,0,0.00721,0,0,0,0,0,0,0,0.225,0.00721,0.225,0.00721,0.225,0.00721,0.225,0.00721
7,45,sphere,0,0.00721,0,0,0,0,0,0,0,0,0.00721,0,0,0,0,0,0,0,0.23,0.00721,0.23,0.00721,0.23,0.00721,0.23,0.00721
7,46,sphere,0,0.00721,0,0,0,0,0,0,0,0,0.00721,0,0,0,0,0,0,0,0.235,0.00721,0.235,0.00721,0.235,0.00721,0.235,0.00721
7,47,sphere,0,0.00721,0,0,0,0,0,0,0,0,0.00721,0,0,0,0,0,0,0,0.24,0.00721,0.24,0.00721,0.24,0.00721,0.24,0.00721
7,48,sphere,0,0.00721,0,0,0,0,0,0,0,0,0.00721,0,0,0,0,0,0,0,0.245,0.00721,0.245,0.00721,0.245,0.00721,0.245,0.00721
7,49,sphere,0,0.00721,0,0,0,0,0,0,0,0,0.00721,0,0,0,0,0,0,0,0.25,0.00721,0.25,0.00721,0.25,0.00721,0.25,0.00721
7,50,sphere,0,0.00721,0,0,0,0,0,0,0,0,0.00721,0,0,0,0,0,0,0,0.255,0.00721,0.255,0.00721,0.255,0.00721,0.255,0.00721
7,51,sphere,0,0.00721,0,0,0,0,0,0,0,0,0.00721,0,0,0,0,0,0,0,0.26,0.00721,0.26,0.00721,0.26,0.00721,0.26,0.00721
7,52,sphere,0,0.00721,0,0,0,0,0,0,0,0,0.00721,0,0,0,0,0,0,0,0.265,0.00721,0.265,0.00721,0.265,0.00721,0.265,0.00721
7,53,sphere,0,0.00721,0,0,0,0,0,0,0,0,0.00721,0,0,0,0,0,0,0,0.27,0.00721,0.27,0.00721,0.27,0.00721,0.27,0.00721
7,54,sphere,0,0.00721,0,0,0,0,0,0,0,0,0.00721,0,0,0,0,0,0,0,0.275,0.00721,0.275,0.00721,0.275,0.00721,0.275,0.00721
7,55,sphere,0,0.00721,0,0,0,0,0,0,0,0,0.00721,0,0,0,0,0,0,0,0.28,0.00721,0.28,0.00721,0.28,0.00721,0.28,0.00721
7,56,sphere,0,0.00721,0,0,0,0,0,0,0,0,0.00721,0,0,0,0,0,0,0,0.285,0.00721,0.285,0.00721,0.285,0.00721,0.285,0.00721
7,57,sphere,0,0.00721,0,0,0,0,0,0,0,0,0.00721,0,0,0,0,0,0,0,0.29,0.00721,0.29,0.00721,0.29,0.00721,0.29,0.00721
7,58,sphere,0,0.00721,0,0,0,0,0,0,0,0,0.00721,0,0,0,0,0,0,0,0.295,0.00721,0.295,0.00721,0.295,0.00721,0.295,0.00721
7,59,sphere,0,0.00721,0,0,0,0,0,0,0,0,0.00721,0,0,0,0,0,0,0,0.3,0.00721,0.3,0.00721,0.3,0.00721,0.3,0.00721
7,60,sphere,0,0.00721,0,0,0,0,0,0,0,0,0.00721,0,0,0,0,0,0,0,0.305,0.00721,0.305,0.00721,0.305,0.00721,0.305,0.00721
7,61,sphere,0,0.00721,0,0,0,0,0,0,0,0,0.00721,0,0,0,0,0,0,0,0.31,0.00721,0.31,0.00721,0.31,0.00721,0.31,0.00721
7,62,sphere,0,0.00721,0,0,0,0,0,0,0,0,0.00721,0,0,0,0,0,0,0,0.315,0.00721,0.315,0.00721,0.315,0.00721,0.315,0.00721
7,63,sphere,0,0.00721,0,0,0,0,0,0,0,0,0.00721,0,0,0,0,0,0,0,0.32,0.00721,0.32,0.00721,0.32,0.00721,0.32,0.00721
7,64,sphere,0,0.00721,0,0,0,0,0,0,0,0,0.00721,0,0,0,0,0,0,0,0.325,0.00721,0.325,0.00721,0.325,0.00721,0.325,0.00721
7,65,sphere,0,0.00721,0,0,0,0,0,0,0,0,0.00721,0,0,0,0,0,0,0,0.33,0.00721,0.33,0.00721,0.33,0.00721,0.33,0.00721
7,66,sphere,0,0.00721,0,0,0,0,0,0,0,0,0.00721,0,0,0,0,0,0,0,0.335,0.00721,0.335,0.00721,0.335,0.00721,0.335,0.00721
7,67,sphere,0,0.00721,0,0,0,0,0,0,0,0,0.00721,0,0,0,0,0,0,0,0.34,0.00721,0.34,0.00721,0.34,0.00721,0.34,0.00721
7,68,sphere,0,0.00721,0,0,0,0,0,0,0,0,0.00721,0,0,0,0,0,0,0,0.345,0.00721,0.345,0.00721,0.345,0.00721,0.345,0.00721
7,69,sphere,0,0.00721,0,0,0,0,0,0,0,0,0.00721,0,0,0,0,0,0,0,0.35,0.00721,0.35,0.00721,0.35,0.00721,0.35,0.00721
7,70,sphere,0,0.00721,0,0,0,0,0,0,0,0,0.00721,0,0,0,0,0,0,0,0.355,0.00721,0.355,0.00721,0.355,0.00721,0.355,0.00721
7,71,sphere,0,0.00721,0,0,0,0,0,0,0,0,0.00721,0,0,0,0,0,0,0,0.36,0.00721,0.36,0.00721,0.36,0.00721,0.36,0.00721
7,72,sphere,0,0.00721,0,0,0,0,0,0,0,0,0.00721,0,0,0,0,0,0,0,0.365,0.00721,0.365,0.00721,0.365,0.00721,0.365,0.00721
7,73,sphere,0,0.00721,0,0,0,0,0,0,0,0,0.00721,0,0,0,0,0,0,0,0.37,0.00721,0.37,0.00721,0.37,0.00721,0.37,0.00721
7,74,sphere,0,0.00721,0,0,0,0,0,0,0,0,0.00721,0,0,0,0,0,0,0,0.375,0.00721,0.375,0.00721,0.375,0.00721,0.375,0.00721
7,75,sphere,0,0.00721,0,0,0,0,0,0,0,0,0.00721,0,0,0,0,0,0,0,0.38,0.00721,0.38,0.00721,0.38,0.00721,0.38,0.00721
7,76,sphere,0,0.00721,0,0,0,0,0,0,0,0,0.00721,0,0,0,0,0,0,0,0.385,0.00721,0.385,0.00721,0.385,0.00721,0.385,0.00721
7,77,sphere,0,0.00721,0,0,0,0,0,0,0,0,0.00721,0,0,0,0,0,0,0,0.39,0.00721,0.39,0.00721,0.39,0.00721,0.39,0.00721
7,78,sphere,0,0.00721,0,0,0,0,0,0,0,0,0.00721,0,0,0,0,0,0,0,0.395,0.00721,0.395,0.00721,0.395,0.00721,0.395,0.00721
7,79,sphere,0,0.00721,0,0,0,0,0,0,0,0,0.00721,0,0,0,0,0,0,0,0.4,0.00721,0.4,0.00721,0.4,0.00721,0.4,0.00721
7,80,sphere,0,0.00721,0,0,0,0,0,0,0,0,0.00721,0,0,0,0,0,0,0,0.405,0.00721,0.405,0.00721,0.405,0.00721,0.405,0.00721
7,81,sphere,0,0.00721,0,0,0,0,0,0,0,0,0.00721,0,0,0,0,0,0,0,0.41,0.00721,0.41,0.00721,0.41,0.00721,0.41,0.00721
7,82,sphere,0,0.00721,0,0,0,0,0,0,0,0,0.00721,0,0,0,0,0,0,0,0.415,0.00721,0.415,0.00721,0.415,0.00721,0.415,0.00721
7,83,sphere,0,0.00721,0,0,0,0,0,0,0,0,0.00721,0,0,0,0,0,0,0,0.42,0.00721,0.42,0.00721,0.42,0.00721,0.42,0.00721
7,84,sphere,0,0.00721,0,0,0,0,0,0,0,0,0.00721,0,0,0,0,0,0,0,0.425,0.00721,0.425,0.00721,0.425,0.00721,0.425,0.00721
7,85,sphere,0,0.00721,0,0,0,0,0,0,0,0,0.00721,0,0,0,0,0,0,0,0.43,0.00721,0.43,0.00721,0.43,0.00721,0.43,0.00721
7,86,sphere,0,0.00721,0,0,0,0,0,0,0,0,0.00721,0,0,0,0,0,0,0,0.435,0.00721,0.435,0.00721,0.435,0.00721,0.435,0.00721
7,87,sphere,0,0.00721,0,0,0,0,0,0,0,1,0.00721,0,0,0,0,0,0,0,0.44,0.00721,0.44,0.00721,0.44,0.00721,0.44,0.00721
7,88,sphere,0,0.00727,0,0,0,0,0,0,0,1,0.00999,0,0,0,0,0,0,0,0.445,0.00727,0.445,0.00722,0.445,0.00719,0.445,0.00999
7,89,sphere,0,0.00772,0,0,0,0,0,0,0,1,0.01533,0,0,0,0,0,0,0,0.45,0.00772,0.45,0.00656,0.45,0.00836,0.45,0.01533
7,90,sphere,0,0.0081,0,0,0,0,0,0,0,1,0.02224,1,0,0,0,0,0,0,0.455,0.0081,0.455,0.00598,0.455,0.00923,0.455,0.02224
7,91,sphere,0,0.0084,0,0,0,0,0,0,0,1,0.03083,1,1,0,0,0,0,0,0.46,0.0084,0.46,0.00555,0.46,0.00979,0.46,0.03083
7,92,sphere,0,0.00846,0,0,0,0,0,0,0,1,0.03845,1,1,0,0,0,0,0,0.465,0.00846,0.465,0.00551,0.465,0.01197,0.465,0.03845
7,93,sphere,1,0.00873,0,0,0,0,0,0,0,1,0.04532,1,1,1,0,0,0,0,0.47,0.00847,0.47,0.00873,0.47,0.01549,0.47,0.04532
7,94,sphere,1,0.01504,0,0,0,0,0,0,0,1,0.05355,1,1,1,1,0,0,0,0.475,0.00885,0.475,0.01504,0.475,0.01764,0.475,0.05355
7,95,sphere,1,0.02206,1,0,0,0,0,0,0,1,0.06176,1,1,1,1,1,0,0,0.48,0.00916,0.48,0.02206,0.48,0.02001,0.48,0.06176
7,96,sphere,1,0.02985,1,0,0,0,0,0,0,1,0.06866,1,1,1,1,1,0,0,0.485,0.00953,0.485,0.02985,0.485,0.0241,0.485,0.06866
7,97,sphere,1,0.03864,1,1,0,0,0,0,0,1,0.07664,1,1,1,1,1,0,0,0.49,0.00974,0.49,0.03864,0.49,0.0272,0.49,0.07664
7,98,sphere,1,0.04845,1,1,1,0,0,0,0,1,0.08316,1,1,1,1,1,1,0,0.495,0.00997,0.495,0.04845,0.495,0.03193,0.495,0.08316
7,99,sphere,1,0.05917,1,1,1,1,0,0,0,1,0.09107,1,1,1,1,1,1,0,0.5,0.01005,0.5,0.05917,0.5,0.03491,0.5,0.09107
7,100,sphere,1,0.06546,1,1,1,1,1,0,0,1,0.09263,1,1,1,1,1,1,0,0.505,0.01021,0.5,0.06546,0.505,0.03935,0.5,0.09263
7,101,sphere,1,0.07235,1,1,1,1,1,0,0,1,0.09555,1,1,1,1,1,1,0,0.51,0.01027,0.5,0.07235,0.51,0.04231,0.5,0.09555
7,102,sphere,1,0.07969,1,1,1,1,1,0,0,1,0.09706,1,1,1,1,1,1,0,0.515,0.01042,0.5,0.07969,0.515,0.04684,0.5,0.09706
7,103,sphere,1,0.08754,1,1,1,1,1,1,0,1,0.10002,1,1,1,1,1,1,1,0.52,0.01046,0.5,0.08754,0.52,0.04978,0.5,0.10002
7,104,sphere,1,0.0906,1,1,1,1,1,1,0,1,0.10103,1,1,1,1,1,1,1,0.525,0.01512,0.5,0.0906,0.525,0.05448,0.5,0.10103
7,105,sphere,1,0.09543,1,1,1,1,1,1,0,1,0.10392,1,1,1,1,1,1,1,0.53,0.01786,0.5,0.09543,0.53,0.05743,0.5,0.10392
7,106,sphere,1,0.09861,1,1,1,1,1,1,0,1,0.1052,1,1,1,1,1,1,1,0.535,0.0218,0.5,0.09861,0.535,0.06215,0.5,0.1052
7,107,sphere,1,0.10363,1,1,1,1,1,1,1,1,0.10828,1,1,1,1,1,1,1,0.54,0.02396,0.5,0.10363,0.54,0.06501,0.5,0.10828
7,108,sphere,1,0.10696,1,1,1,1,1,1,1,1,0.1097,1,1,1,1,1,1,1,0.545,0.02761,0.5,0.10696,0.545,0.06968,0.5,0.1097
7,109,sphere,1,0.11204,1,1,1,1,1,1,1,1,0.11281,1,1,1,1,1,1,1,0.55,0.02967,0.5,0.11204,0.55,0.07252,0.5,0.11281
7,110,sphere,1,0.11543,1,1,1,1,1,1,1,1,0.11425,1,1,1,1,1,1,1,0.555,0.03322,0.5,0.11543,0.555,0.07716,0.5,0.11425
7,111,sphere,1,0.12055,1,1,1,1,1,1,1,1,0.11738,1,1,1,1,1,1,1,0.56,0.03523,0.5,0.12055,0.56,0.07998,0.5,0.11738
7,112,sphere,1,0.12403,1,1,1,1,1,1,1,1,0.11888,1,1,1,1,1,1,1,0.565,0.03866,0.5,0.12403,0.565,0.08456,0.5,0.11888
7,113,sphere,1,0.12923,1,1,1,1,1,1,1,1,0.12216,1,1,1,1,1,1,1,0.57,0.04058,0.5,0.12923,0.57,0.0873,0.5,0.12216
7,114,sphere,1,0.13277,1,1,1,1,1,1,1,1,0.12378,1,1,1,1,1,1,1,0.575,0.04394,0.5,0.13277,0.575,0.0918,0.5,0.12378
7,115,sphere,1,0.13803,1,1,1,1,1,1,1,1,0.12722,1,1,1,1,1,1,1,0.58,0.04585,0.5,0.13803,0.58,0.09449,0.5,0.12722
7,116,sphere,1,0.14165,1,1,1,1,1,1,1,1,0.12901,1,1,1,1,1,1,1,0.585,0.04919,0.5,0.14165,0.585,0.09893,0.5,0.12901
7,117,sphere,1,0.14697,1,1,1,1,1,1,1,1,0.13266,1,1,1,1,1,1,1,0.59,0.05107,0.5,0.14697,0.59,0.10156,0.5,0.13266
7,118,sphere,1,0.15069,1,1,1,1,1,1,1,1,0.13468,1,1,1,1,1,1,1,0.595,0.05435,0.5,0.15069,0.595,0.1059,0.5,0.13468
7,119,sphere,1,0.15615,1,1,1,1,1,1,1,1,0.13864,1,1,1,1,1,1,1,0.6,0.05613,0.5,0.15615,0.6,0.10839,0.5,0.13864
7,120,sphere,1,0.16011,1,1,1,1,1,1,1,1,0.14114,1,1,1,1,1,1,1,0.605,0.05917,0.5,0.16011,0.605,0.11247,0.5,0.14114
7,121,sphere,1,0.16569,1,1,1,1,1,1,1,1,0.14534,1,1,1,1,1,1,1,0.61,0.06075,0.5,0.16569,0.61,0.11474,0.5,0.14534
7,122,sphere,1,0.16975,1,1,1,1,1,1,1,1,0.14782,1,1,1,1,1,1,1,0.615,0.06343,0.5,0.16975,0.615,0.11858,0.5,0.14782
7,123,sphere,1,0.1754,1,1,1,1,1,1,1,1,0.15215,1,1,1,1,1,1,1,0.62,0.06485,0.5,0.1754,0.62,0.12072,0.5,0.15215
7,124,sphere,1,0.17951,1,1,1,1,1,1,1,1,0.1547,1,1,1,1,1,1,1,0.625,0.06747,0.5,0.17951,0.625,0.12448,0.5,0.1547
7,125,sphere,1,0.18519,1,1,1,1,1,1,1,1,0.15918,1,1,1,1,1,1,1,0.63,0.0689,0.5,0.18519,0.63,0.12658,0.5,0.15918
7,126,sphere,1,0.18927,1,1,1,1,1,1,1,1,0.16177,1,1,1,1,1,1,1,0.635,0.07162,0.5,0.18927,0.635,0.13038,0.5,0.16177
7,127,sphere,1,0.19494,1,1,1,1,1,1,1,1,0.16624,1,1,1,1,1,1,1,0.64,0.07313,0.5,0.19494,0.64,0.13249,0.5,0.16624
7,128,sphere,1,0.19899,1,1,1,1,1,1,1,1,0.16876,1,1,1,1,1,1,1,0.645,0.0759,0.5,0.19899,0.645,0.13633,0.5,0.16876
7,129,sphere,1,0.20468,1,1,1,1,1,1,1,1,0.17316,1,1,1,1,1,1,1,0.65,0.07742,0.5,0.20468,0.65,0.13842,0.5,0.17316
8,0,sphere,0,0.00295,0,0,0,0,0,0,0,0,0.00295,0,0,0,0,0,0,0,0.005,0.00295,0.005,0.00295,0.005,0.00295,0.005,0.00295
8,1,sphere,0,0.0047,0,0,0,0,0,0,0,0,0.0047,0,0,0,0,0,0,0,0.01,0.00469,0.01,0.0047,0.01,0.00469,0.01,0.0047
8,2,sphere,0,0.00573,0,0,0,0,0,0,0,0,0.00573,0,0,0,0,0,0,0,0.015,0.00572,0.015,0.00573,0.015,0.00572,0.015,0.00573
8,3,sphere,0,0.00633,0,0,0,0,0,0,0,0,0.00633,0,0,0,0,0,0,0,0.02,0.00633,0.02,0.00633,0.02,0.00633,0.02,0.00633
8,4,sphere,0,0.00669,0,0,0,0,0,0,0,0,0.00669,0,0,0,0,0,0,0,0.025,0.00669,0.025,0.00669,0.025,0.00669,0.025,0.00669
8,5,sphere,0,0.0069,0,0,0,0,0,0,0,0,0.0069,0,0,0,0,0,0,0,0.03,0.0069,0.03,0.0069,0.03,0.0069,0.03,0.0069
8,6,sphere,0,0.00703,0,0,0,0,0,0,0,0,0.00703,0,0,0,0,0,0,0,0.035,0.00703,0.035,0.00703,0.035,0.00703,0.035,0.00703
8,7,sphere,0,0.0071,0,0,0,0,0,0,0,0,0.0071,0,0,0,0,0,0,0,0.04,0.0071,0.04,0.0071,0.04,0.0071,0.04,0.0071
8,8,sphere,0,0.00715,0,0,0,0,0,0,0,0,0.00715,0,0,0,0,0,0,0,0.045,0.00715,0.045,0.00715,0.045,0.00715,0.045,0.00715
8,9,sphere,0,0.00717,0,0,0,0,0,0,0,0,0.00717,0,0,0,0,0,0,0,0.05,0.00717,0.05,0.00717,0.05,0.00717,0.05,0.00717
8,10,sphere,0,0.00719,0,0,0,0,0,0,0,0,0.00719,0,0,0,0,0,0,0,0.055,0.00719,0.055,0.00719,0.055,0.00719,0.055,0.00719
8,11,sphere,0,0.0072,0,0,0,0,0,0,0,0,0.0072,0,0,0,0,0,0,0,0.06,0.0072,0.06,0.0072,0.06,0.0072,0.06,0.0072
8,12,sphere,0,0.0072,0,0,0,0,0,0,0,0,0.0072,0,0,0,0,0,0,0,0.065,0.0072,0.065,0.0072,0.065,0.0072,0.065,0.0072
8,13,sphere,0,0.00721,0,0,0,0,0,0,0,0,0.00721,0,0,0,0,0,0,0,0.07,0.00721,0.07,0.00721,0.07,0.00721,0.07,0.00721
8,14,sphere,0,0.00721,0,0,0,0,0,0,0,0,0.00721,0,0,0,0,0,0,0,0.075,0.00721,0.075,0.00721,0.075,0.00721,0.075,0.00721
8,15,sphere,0,0.00721,0,0,0,0,0,0,0,0,0.00721,0,0,0,0,0,0,0,0.08,0.00721,0.08,0.00721,0.08,0.00721,0.08,0.00721
8,16,sphere,0,0.00721,0,0,0,0,0,0,0,0,0.00721,0,0,0,0,0,0,0,0.085,0.00721,0.085,0.00721,0.085,0.00721,0.085,0.00721
8,17,sphere,0,0.00721,0,0,0,0,0,0,0,0,0.00721,0,0,0,0,0,0,0,0.09,0.00721,0.09,0.00721,0.09,0.00721,0.09,0.00721
8,18,sphere,0,0.00721,0,0,0,0,0,0,0,0,0.00721,0,0,0,0,0,0,0,0.095,0.00721,0.095,0.00721,0.095,0.00721,0.095,0.00721
8,19,sphere,0,0.00721,0,0,0,0,0,0,0,0,0.00721,0,0,0,0,0,0,0,0.1,0.00721,0.1,0.00721,0.1,0.00721,0.1,0.00721
8,20,sphere,0,0.00721,0,0,0,0,0,0,0,0,0.00721,0,0,0,0,0,0,0,0.105,0.00721,0.105,0.00721,0.105,0.00721,0.105,0.00721
8,21,sphere,0,0.00721,0,0,0,0,0,0,0,0,0.00721,0,0,0,0,0,0,0,0.11,0.00721,0.11,0.00721,0.11,0.00721,0.11,0.00721
8,22,sphere,0,0.00721,0,0,0,0,0,0,0,0,0.00721,0,0,0,0,0,0,0,0.115,0.00721,0.115,0.00721,0.115,0.00721,0.115,0.00721
8,23,sphere,0,0.00721,0,0,0,0,0,0,0,0,0.00721,0,0,0,0,0,0,0,0.12,0.00721,0.12,0.00721,0.12,0.00721,0.12,0.00721
8,24,sphere,0,0.00721,0,0,0,0,0,0,0,0,0.00721,0,0,0,0,0,0,0,0.125,0.00721,0.125,0.00721,0.125,0.00721,0.125,0.00721
8,25,sphere,0,0.00721,0,0,0,0,0,0,0,0,0.00721,0,0,0,0,0,0,0,0.13,0.00721,0.13,0.00721,0.13,0.00721,0.13,0.00721
8,26,sphere,0,0.00721,0,0,0,0,0,0,0,0,0.00721,0,0,0,0,0,0,0,0.135,0.00721,0.135,0.00721,0.135,0.00721,0.135,0.00721
8,27,sphere,0,0.00721,0,0,0,0,0,0,0,0,0.00721,0,0,0,0,0,0,0,0.14,0.00721,0.14,0.00721,0.14,0.00721,0.14,0.00721
8,28,sphere,0,0.00721,0,0,0,0,0,0,0,0,0.00721,0,0,0,0,0,0,0,0.145,0.00721,0.145,0.00721,0.145,0.00721,0.145,0.00721
8,29,sphere,0,0.00721,0,0,0,0,0,0,0,0,0.00721,0,0,0,0,0,0,0,0.15,0.00721,0.15,0.00721,0.15,0.00721,0.15,0.00721
8,30,sphere,0,0.00721,0,0,0,0,0,0,0,0,0.00721,0,0,0,0,0,0,0,0.155,0.00721,0.155,0.00721,0.155,0.00721,0.155,0.00721
8,31,sphere,0,0.00721,0,0,0,0,0,0,0,0,0.00721,0,0,0,0,0,0,0,0.16,0.00721,0.16,0.00721,0.16,0.00721,0.16,0.00721
8,32,sphere,0,0.00721,0,0,0,0,0,0,0,0,0.00721,0,0,0,0,0,0,0,0.165,0.00721,0.165,0.00721,0.165,0.00721,0.165,0.00721
8,33,sphere,0,0.00721,0,0,0,0,0,0,0,0,0.00721,0,0,0,0,0,0,0,0.17,0.00721,0.17,0.00721,0.17,0.00721,0.17,0.00721
8,34,sphere,0,0.00721,0,0,0,0,0,0,0,0,0.00721,0,0,0,0,0,0,0,0.175,0.00721,0.175,0.00721,0.175,0.00721,0.175,0.00721
8,35,sphere,0,0.00721,0,0,0,0,0,0,0,0,0.00721,0,0,0,0,0,0,0,0.18,0.00721,0.18,0.00721,0.18,0.00721,0.18,0.00721
8,36,sphere,0,0.00721,0,0,0,0,0,0,0,0,0.00721,0,0,0,0,0,0,0,0.185,0.00721,0.185,0.00721,0.185,0.00721,0.185,0.00721
8,37,sphere,0,0.00721,0,0,0,0,0,0,0,0,0.00721,0,0,0,0,0,0,0,0.19,0.00721,0.19,0.00721,0.19,0.00721,0.19,0.00721
8,38,sphere,0,0.00721,0,0,0,0,0,0,0,0,0.00721,0,0,0,0,0,0,0,0.195,0.00721,0.195,0.00721,0.195,0.00721,0.195,0.00721
8,39,sphere,0,0.00721,0,0,0,0,0,0,0,0,0.00721,0,0,0,0,0,0,0,0.2,0.00721,0.2,0.00721,0.2,0.00721,0.2,0.00721
8,40,sphere,0,0.00721,0,0,0,0,0,0,0,0,0.00721,0,0,0,0,0,0,0,0.205,0.00721,0.205,0.00721,0.205,0.00721,0.205,0.00721
8,41,sphere,0,0.00721,0,0,0,0,0,0,0,0,0.00721,0,0,0,0,0,0,0,0.21,0.00721,0.21,0.00721,0.21,0.00721,0.21,0.00721
8,42,sphere,0,0.00721,0,0,0,0,0,0,0,0,0.00721,0,0,0,0,0,0,0,0.215,0.00721,0.215,0.00721,0.215,0.00721,0.215,0.00721
8,43,sphere,0,0.00721,0,0,0,0,0,0,0,0,0.00721,0,0,0,0,0,0,0,0.22,0.00721,0.22,0.00721,0.22,0.00721,0.22,0.00721
8,44,sphere,0,0.00721,0,0,0,0,0,0,0,0,0.00721,0,0,0,0,0,0,0,0.225,0.00721,0.225,0.00721,0.225,0.00721,0.225,0.00721
8,45,sphere,0,0.00721,0,0,0,0,0,0,0,0,0.00721,0,0,0,0,0,0,0,0.23,0.00721,0.23,0.00721,0.23,0.00721,0.23,0.00721
8,46,sphere,0,0.00721,0,0,0,0,0,0,0,0,0.00721,0,0,0,0,0,0,0,0.235,0.00721,0.235,0.00721,0.235,0.00721,0.235,0.00721
8,47,sphere,0,0.00721,0,0,0,0,0,0,0,0,0.00721,0,0,0,0,0,0,0,0.24,0.00721,0.24,0.00721,0.24,0.00721,0.24,0.00721
8,48,sphere,0,0.00721,0,0,0,0,0,0,0,0,0.00721,0,0,0,0,0,0,0,0.245,0.00721,0.245,0.00721,0.245,0.00721,0.245,0.00721
8,49,sphere,0,0.00721,0,0,0,0,0,0,0,0,0.00721,0,0,0,0,0,0,0,0.25,0.00721,0.25,0.00721,0.25,0.00721,0.25,0.00721
8,50,sphere,0,0.00721,0,0,0,0,0,0,0,0,0.00721,0,0,0,0,0,0,0,0.255,0.00721,0.255,0.00721,0.255,0.00721,0.255,0.00721
8,51,sphere,0,0.00721,0,0,0,0,0,0,0,0,0.00721,0,0,0,0,0,0,0,0.26,0.00721,0.26,0.00721,0.26,0.00721,0.26,0.00721
8,52,sphere,0,0.00721,0,0,0,0,0,0,0,0,0.00721,0,0,0,0,0,0,0,0.265,0.00721,0.265,0.00721,0.265,0.00721,0.265,0.00721
8,53,sphere,0,0.00721,0,0,0,0,0,0,0,0,0.00721,0,0,0,0,0,0,0,0.27,0.00721,0.27,0.00721,0.27,0.00721,0.27,0.00721
8,54,sphere,0,0.00721,0,0,0,0,0,0,0,0,0.00721,0,0,0,0,0,0,0,0.275,0.00721,0.275,0.00721,0.275,0.00721,0.275,0.00721
8,55,sphere,0,0.00721,0,0,0,0,0,0,0,0,0.00721,0,0,0,0,0,0,0,0.28,0.00721,0.28,0.00721,0.28,0.00721,0.28,0.00721
8,56,sphere,0,0.00721,0,0,0,0,0,0,0,0,0.00721,0,0,0,0,0,0,0,0.285,0.00721,0.285,0.00721,0.285,0.00721,0.285,0.00721
8,57,sphere,0,0.00721,0,0,0,0,0,0,0,0,0.00721,0,0,0,0,0,0,0,0.29,0.00721,0.29,0.00721,0.29,0.00721,0.29,0.00721
8,58,sphere,0,0.00721,0,0,0,0,0,0,0,0,0.00721,0,0,0,0,0,0,0,0.295,0.00721,0.295,0.00721,0.295,0.00721,0.295,0.00721
8,59,sphere,0,0.00721,0,0,0,0,0,0,0,0,0.00721,0,0,0,0,0,0,0,0.3,0.00721,0.3,0.00721,0.3,0.00721,0.3,0.00721
8,60,sphere,0,0.00721,0,0,0,0,0,0,0,0,0.00721,0,0,0,0,0,0,0,0.305,0.00721,0.305,0.00721,0.305,0.00721,0.305,0.00721
8,61,sphere,0,0.00721,0,0,0,0,0,0,0,0,0.00721,0,0,0,0,0,0,0,0.31,0.00721,0.31,0.00721,0.31,0.00721,0.31,0.00721
8,62,sphere,0,0.00721,0,0,0,0,0,0,0,0,0.00721,0,0,0,0,0,0,0,0.315,0.00721,0.315,0.00721,0.315,0.00721,0.315,0.00721
8,63,sphere,0,0.00721,0,0,0,0,0,0,0,0,0.00721,0,0,0,0,0,0,0,0.32,0.00721,0.32,0.00721,0.32,0.00721,0.32,0.00721
8,64,sphere,0,0.00721,0,0,0,0,0,0,0,0,0.00721,0,0,0,0,0,0,0,0.325,0.00721,0.325,0.00721,0.325,0.00721,0.325,0.00721
8,65,sphere,0,0.00721,0,0,0,0,0,0,0,0,0.00721,0,0,0,0,0,0,0,0.33,0.00721,0.33,0.00721,0.33,0.00721,0.33,0.00721
8,66,sphere,0,0.00721,0,0,0,0,0,0,0,0,0.00721,0,0,0,0,0,0,0,0.335,0.00721,0.335,0.00721,0.335,0.00721,0.335,0.00721
8,67,sphere,0,0.00721,0,0,0,0,0,0,0,0,0.00721,0,0,0,0,0,0,0,0.34,0.00721,0.34,0.00721,0.34,0.00721,0.34,0.00721
8,68,sphere,0,0.00721,0,0,0,0,0,0,0,0,0.00721,0,0,0,0,0,0,0,0.345,0.00721,0.345,0.00721,0.345,0.00721,0.345,0.00721
8,69,sphere,0,0.00721,0,0,0,0,0,0,0,0,0.00721,0,0,0,0,0,0,0,0.35,0.00721,0.35,0.00721,0.35,0.00721,0.35,0.00721
8,70,sphere,0,0.00721,0,0,0,0,0,0,0,0,0.00721,0,0,0,0,0,0,0,0.355,0.00721,0.355,0.00721,0.355,0.00721,0.355,0.00721
8,71,sphere,0,0.00721,0,0,0,0,0,0,0,0,0.00721,0,0,0,0,0,0,0,0.36,0.00721,0.36,0.00721,0.36,0.00721,0.36,0.00721
8,72,sphere,0,0.00721,0,0,0,0,0,0,0,0,0.00721,0,0,0,0,0,0,0,0.365,0.00721,0.365,0.00721,0.365,0.00721,0.365,0.00721
8,73,sphere,0,0.00721,0,0,0,0,0,0,0,0,0.00721,0,0,0,0,0,0,0,0.37,0.00721,0.37,0.00721,0.37,0.00721,0.37,0.00721
8,74,sphere,0,0.00721,0,0,0,0,0,0,0,0,0.00721,0,0,0,0,0,0,0,0.375,0.00721,0.375,0.00721,0.375,0.00721,0.375,0.00721
8,75,sphere,0,0.00721,0,0,0,0,0,0,0,0,0.00721,0,0,0,0,0,0,0,0.38,0.00721,0.38,0.00721,0.38,0.00721,0.38,0.00721
8,76,sphere,0,0.00721,0,0,0,0,0,0,0,0,0.00721,0,0,0,0,0,0,0,0.385,0.00721,0.385,0.00721,0.385,0.00721,0.385,0.00721
8,77,sphere,0,0.00721,0,0,0,0,0,0,0,0,0.00721,0,0,0,0,0,0,0,0.39,0.00721,0.39,0.00721,0.39,0.00721,0.39,0.00721
8,78,sphere,0,0.00721,0,0,0,0,0,0,0,0,0.00721,0,0,0,0,0,0,0,0.395,0.00721,0.395,0.00721,0.395,0.00721,0.395,0.00721
8,79,sphere,0,0.00721,0,0,0,0,0,0,0,0,0.00721,0,0,0,0,0,0,0,0.4,0.00721,0.4,0.00721,0.4,0.00721,0.4,0.00721
8,80,sphere,0,0.00721,0,0,0,0,0,0,0,0,0.00721,0,0,0,0,0,0,0,0.405,0.00721,0.405,0.00721,0.405,0.00721,0.405,0.00721
8,81,sphere,0,0.00721,0,0,0,0,0,0,0,0,0.00721,0,0,0,0,0,0,0,0.41,0.00721,0.41,0.00721,0.41,0.00721,0.41,0.00721
8,82,sphere,0,0.00721,0,0,0,0,0,0,0,0,0.00721,0,0,0,0,0,0,0,0.415,0.00721,0.415,0.00721,0.415,0.00721,0.415,0.00721
8,83,sphere,0,0.00721,0,0,0,0,0,0,0,0,0.00721,0,0,0,0,0,0,0,0.42,0.00721,0.42,0.00721,0.42,0.00721,0.42,0.00721
8,84,sphere,0,0.00721,0,0,0,0,0,0,0,0,0.00721,0,0,0,0,0,0,0,0.425,0.00721,0.425,0.00721,0.425,0.00721,0.425,0.00721
8,85,sphere,0,0.00721,0,0,0,0,0,0,0,0,0.00721,0,0,0,0,0,0,0,0.43,0.00721,0.43,0.00721,0.43,0.00721,0.43,0.00721
8,86,sphere,0,0.00721,0,0,0,0,0,0,0,0,0.00721,0,0,0,0,0,0,0,0.435,0.00721,0.435,0.00721,0.435,0.00721,0.435,0.00721
8,87,sphere,0,0.00721,0,0,0,0,0,0,0,1,0.00721,0,0,0,0,0,0,0,0.44,0.00721,0.44,0.00721,0.44,0.00721,0.44,0.00721
8,88,sphere,0,0.00729,0,0,0,0,0,0,0,1,0.00994,0,0,0,0,0,0,0,0.445,0.00729,0.445,0.00718,0.445,0.00729,0.445,0.00994
8,89,sphere,0,0.0077,0,0,0,0,0,0,0,1,0.01537,0,0,0,0,0,0,0,0.45,0.0077,0.45,0.0066,0.45,0.00829,0.45,0.01537
8,90,sphere,0,0.00804,0,0,0,0,0,0,0,1,0.02238,1,0,0,0,0,0,0,0.455,0.00804,0.455,0.00613,0.455,0.00898,0.455,0.02238
8,91,sphere,0,0.00826,0,0,0,0,0,0,0,1,0.03135,1,1,0,0,0,0,0,0.46,0.00826,0.46,0.00583,0.46,0.00925,0.46,0.03135
8,92,sphere,0,0.00844,0,0,0,0,0,0,0,1,0.04135,1,1,1,0,0,0,0,0.465,0.00844,0.465,0.00561,0.465,0.00947,0.465,0.04135
8,93,sphere,1,0.00867,0,0,0,0,0,0,0,1,0.05092,1,1,1,1,0,0,0,0.47,0.00867,0.47,0.00855,0.47,0.01025,0.47,0.05092
8,94,sphere,1,0.01453,0,0,0,0,0,0,0,1,0.06236,1,1,1,1,1,0,0,0.475,0.00917,0.475,0.01453,0.475,0.00967,0.475,0.06236
8,95,sphere,1,0.02124,1,0,0,0,0,0,0,1,0.07399,1,1,1,1,1,0,0,0.48,0.00962,0.48,0.02124,0.48,0.00932,0.48,0.07399
8,96,sphere,1,0.02885,1,0,0,0,0,0,0,1,0.08582,1,1,1,1,1,1,0,0.485,0.01,0.485,0.02885,0.485,0.00913,0.485,0.08582
8,97,sphere,1,0.03728,1,1,0,0,0,0,0,1,0.09778,1,1,1,1,1,1,0,0.49,0.01033,0.49,0.03728,0.49,0.00906,0.49,0.09778
8,98,sphere,1,0.0465,1,1,1,0,0,0,0,1,0.10985,1,1,1,1,1,1,1,0.495,0.01063,0.495,0.0465,0.495,0.00905,0.495,0.10985
8,99,sphere,1,0.05644,1,1,1,1,0,0,0,1,0.12199,1,1,1,1,1,1,1,0.5,0.01089,0.5,0.05644,0.5,0.00908,0.5,0.12199
8,100,sphere,1,0.05945,1,1,1,1,0,0,0,1,0.12891,1,1,1,1,1,1,1,0.505,0.01439,0.5,0.05945,0.505,0.00937,0.5,0.12891
8,101,sphere,1,0.06115,1,1,1,1,1,0,0,1,0.13596,1,1,1,1,1,1,1,0.51,0.01957,0.5,0.06115,0.51,0.00976,0.5,0.13596
8,102,sphere,1,0.06441,1,1,1,1,1,0,0,1,0.14414,1,1,1,1,1,1,1,0.515,0.02333,0.5,0.06441,0.515,0.00975,0.5,0.14414
8,103,sphere,1,0.06636,1,1,1,1,1,0,0,1,0.15099,1,1,1,1,1,1,1,0.52,0.02822,0.5,0.06636,0.52,0.01066,0.5,0.15099
8,104,sphere,1,0.06984,1,1,1,1,1,0,0,1,0.15798,1,1,1,1,1,1,1,0.525,0.03149,0.5,0.06984,0.525,0.01161,0.5,0.15798
8,105,sphere,1,0.07171,1,1,1,1,1,0,0,1,0.1609,1,1,1,1,1,1,1,0.53,0.03605,0.5,0.07171,0.53,0.01564,0.5,0.1609
8,106,sphere,1,0.07567,1,1,1,1,1,0,0,1,0.16607,1,1,1,1,1,1,1,0.535,0.03884,0.5,0.07567,0.535,0.0171,0.5,0.16607
8,107,sphere,1,0.078,1,1,1,1,1,0,0,1,0.16951,1,1,1,1,1,1,1,0.54,0.0434,0.5,0.078,0.54,0.01966,0.5,0.16951
8,108,sphere,1,0.0821,1,1,1,1,1,1,0,1,0.17488,1,1,1,1,1,1,1,0.545,0.04619,0.5,0.0821,0.545,0.02083,0.5,0.17488
8,109,sphere,1,0.08446,1,1,1,1,1,1,0,1,0.17837,1,1,1,1,1,1,1,0.55,0.05077,0.5,0.08446,0.55,0.02335,0.5,0.17837
8,110,sphere,1,0.08857,1,1,1,1,1,1,0,1,0.18378,1,1,1,1,1,1,1,0.555,0.05355,0.5,0.08857,0.555,0.02449,0.5,0.18378
8,111,sphere,1,0.09093,1,1,1,1,1,1,0,1,0.1873,1,1,1,1,1,1,1,0.56,0.05809,0.5,0.09093,0.56,0.02699,0.5,0.1873
8,112,sphere,1,0.09614,1,1,1,1,1,1,0,1,0.19204,1,1,1,1,1,1,1,0.565,0.05989,0.5,0.09614,0.565,0.02996,0.5,0.19204
8,113,sphere,1,0.09929,1,1,1,1,1,1,0,1,0.19882,1,1,1,1,1,1,1,0.57,0.06359,0.5,0.09929,0.57,0.03081,0.5,0.19882
8,114,sphere,1,0.10452,1,1,1,1,1,1,1,1,0.20246,1,1,1,1,1,1,1,0.575,0.06594,0.5,0.10452,0.575,0.03502,0.5,0.20246
8,115,sphere,1,0.10792,1,1,1,1,1,1,1,1,0.20747,1,1,1,1,1,1,1,0.58,0.06984,0.5,0.10792,0.58,0.03741,0.5,0.20747
8,116,sphere,1,0.1131,1,1,1,1,1,1,1,1,0.21196,1,1,1,1,1,1,1,0.585,0.07184,0.5,0.1131,0.585,0.03988,0.5,0.21196
8,117,sphere,1,0.11661,1,1,1,1,1,1,1,1,0.21659,1,1,1,1,1,1,1,0.59,0.07626,0.5,0.11661,0.59,0.04222,0.5,0.21659
8,118,sphere,1,0.12232,1,1,1,1,1,1,1,1,0.21946,1,1,1,1,1,1,1,0.595,0.07814,0.5,0.12232,0.595,0.0463,0.5,0.21946
8,119,sphere,1,0.12625,1,1,1,1,1,1,1,1,0.22439,1,1,1,1,1,1,1,0.6,0.08171,0.5,0.12625,0.6,0.04845,0.5,0.22439
8,120,sphere,1,0.13182,1,1,1,1,1,1,1,1,0.22753,1,1,1,1,1,1,1,0.605,0.08407,0.5,0.13182,0.605,0.05229,0.5,0.22753
8,121,sphere,1,0.13554,1,1,1,1,1,1,1,1,0.23251,1,1,1,1,1,1,1,0.61,0.08831,0.5,0.13554,0.61,0.05439,0.5,0.23251
8,122,sphere,1,0.14099,1,1,1,1,1,1,1,1,0.23569,1,1,1,1,1,1,1,0.615,0.09086,0.5,0.14099,0.615,0.05817,0.5,0.23569
8,123,sphere,1,0.14459,1,1,1,1,1,1,1,1,0.24076,1,1,1,1,1,1,1,0.62,0.09526,0.5,0.14459,0.62,0.06025,0.5,0.24076
8,124,sphere,1,0.14993,1,1,1,1,1,1,1,1,0.244,1,1,1,1,1,1,1,0.625,0.09791,0.5,0.14993,0.625,0.06401,0.5,0.244
8,125,sphere,1,0.15343,1,1,1,1,1,1,1,1,0.24915,1,1,1,1,1,1,1,0.63,0.10243,0.5,0.15343,0.63,0.06609,0.5,0.24915
8,126,sphere,1,0.15867,1,1,1,1,1,1,1,1,0.25248,1,1,1,1,1,1,1,0.635,0.10515,0.5,0.15867,0.635,0.06984,0.5,0.25248
8,127,sphere,1,0.16205,1,1,1,1,1,1,1,1,0.25771,1,1,1,1,1,1,1,0.64,0.10973,0.5,0.16205,0.64,0.07191,0.5,0.25771
8,128,sphere,1,0.16722,1,1,1,1,1,1,1,1,0.26107,1,1,1,1,1,1,1,0.645,0.11251,0.5,0.16722,0.645,0.07566,0.5,0.26107
8,129,sphere,1,0.17051,1,1,1,1,1,1,1,1,0.26637,1,1,1,1,1,1,1,0.65,0.11719,0.5,0.17051,0.65,0.07773,0.5,0.26637
9,0,sphere,0,0.00295,0,0,0,0,0,0,0,0,0.00295,0,0,0,0,0,0,0,0.005,0.00295,0.005,0.00295,0.005,0.00295,0.005,0.00295
9,1,sphere,0,0.0047,0,0,0,0,0,0,0,0,0.0047,0,0,0,0,0,0,0,0.01,0.00469,0.01,0.0047,0.01,0.00469,0.01,0.0047
9,2,sphere,0,0.00573,0,0,0,0,0,0,0,0,0.00573,0,0,0,0,0,0,0,0.015,0.00572,0.015,0.00573,0.015,0.00572,0.015,0.00573
9,3,sphere,0,0.00633,0,0,0,0,0,0,0,0,0.00633,0,0,0,0,0,0,0,0.02,0.00633,0.02,0.00633,0.02,0.00633,0.02,0.00633
9,4,sphere,0,0.00669,0,0,0,0,0,0,0,0,0.00669,0,0,0,0,0,0,0,0.025,0.00669,0.025,0.00669,0.025,0.00669,0.025,0.00669
9,5,sphere,0,0.0069,0,0,0,0,0,0,0,0,0.0069,0,0,0,0,0,0,0,0.03,0.0069,0.03,0.0069,0.03,0.0069,0.03,0.0069
9,6,sphere,0,0.00703,0,0,0,0,0,0,0,0,0.00703,0,0,0,0,0,0,0,0.035,0.00703,0.035,0.00703,0.035,0.00703,0.035,0.00703
9,7,sphere,0,0.0071,0,0,0,0,0,0,0,0,0.0071,0,0,0,0,0,0,0,0.04,0.0071,0.04,0.0071,0.04,0.0071,0.04,0.0071
9,8,sphere,0,0.00715,0,0,0,0,0,0,0,0,0.00715,0,0,0,0,0,0,0,0.045,0.00715,0.045,0.00715,0.045,0.00715,0.045,0.00715
9,9,sphere,0,0.00717,0,0,0,0,0,0,0,0,0.00717,0,0,0,0,0,0,0,0.05,0.00717,0.05,0.00717,0.05,0.00717,0.05,0.00717
9,10,sphere,0,0.00719,0,0,0,0,0,0,0,0,0.00719,0,0,0,0,0,0,0,0.055,0.00719,0.055,0.00719,0.055,0.00719,0.055,0.00719
9,11,sphere,0,0.0072,0,0,0,0,0,0,0,0,0.0072,0,0,0,0,0,0,0,0.06,0.0072,0.06,0.0072,0.06,0.0072,0.06,0.0072
9,12,sphere,0,0.0072,0,0,0,0,0,0,0,0,0.0072,0,0,0,0,0,0,0,0.065,0.0072,0.065,0.0072,0.065,0.0072,0.065,0.0072
9,13,sphere,0,0.00721,0,0,0,0,0,0,0,0,0.00721,0,0,0,0,0,0,0,0.07,0.00721,0.07,0.00721,0.07,0.00721,0.07,0.00721
9,14,sphere,0,0.00721,0,0,0,0,0,0,0,0,0.00721,0,0,0,0,0,0,0,0.075,0.00721,0.075,0.00721,0.075,0.00721,0.075,0.00721
9,15,sphere,0,0.00721,0,0,0,0,0,0,0,0,0.00721,0,0,0,0,0,0,0,0.08,0.00721,0.08,0.00721,0.08,0.00721,0.08,0.00721
9,16,sphere,0,0.00721,0,0,0,0,0,0,0,0,0.00721,0,0,0,0,0,0,0,0.085,0.00721,0.085,0.00721,0.085,0.00721,0.085,0.00721
9,17,sphere,0,0.00721,0,0,0,0,0,0,0,0,0.00721,0,0,0,0,0,0,0,0.09,0.00721,0.09,0.00721,0.09,0.00721,0.09,0.00721
9,18,sphere,0,0.00721,0,0,0,0,0,0,0,0,0.00721,0,0,0,0,0,0,0,0.095,0.00721,0.095,0.00721,0.095,0.00721,0.095,0.00721
9,19,sphere,0,0.00721,0,0,0,0,0,0,0,0,0.00721,0,0,0,0,0,0,0,0.1,0.00721,0.1,0.00721,0.1,0.00721,0.1,0.00721
9,20,sphere,0,0.00721,0,0,0,0,0,0,0,0,0.00721,0,0,0,0,0,0,0,0.105,0.00721,0.105,0.00721,0.105,0.00721,0.105,0.00721
9,21,sphere,0,0.00721,0,0,0,0,0,0,0,0,0.00721,0,0,0,0,0,0,0,0.11,0.00721,0.11,0.00721,0.11,0.00721,0.11,0.00721
9,22,sphere,0,0.00721,0,0,0,0,0,0,0,0,0.00721,0,0,0,0,0,0,0,0.115,0.00721,0.115,0.00721,0.115,0.00721,0.115,0.00721
9,23,sphere,0,0.00721,0,0,0,0,0,0,0,0,0.00721,0,0,0,0,0,0,0,0.12,0.00721,0.12,0.00721,0.12,0.00721,0.12,0.00721
9,24,sphere,0,0.00721,0,0,0,0,0,0,0,0,0.00721,0,0,0,0,0,0,0,0.125,0.00721,0.125,0.00721,0.125,0.00721,0.125,0.00721
9,25,sphere,0,0.00721,0,0,0,0,0,0,0,0,0.00721,0,0,0,0,0,0,0,0.13,0.00721,0.13,0.00721,0.13,0.00721,0.13,0.00721
9,26,sphere,0,0.00721,0,0,0,0,0,0,0,0,0.00721,0,0,0,0,0,0,0,0.135,0.00721,0.135,0.00721,0.135,0.00721,0.135,0.00721
9,27,sphere,0,0.00721,0,0,0,0,0,0,0,0,0.00721,0,0,0,0,0,0,0,0.14,0.00721,0.14,0.00721,0.14,0.00721,0.14,0.00721
9,28,sphere,0,0.00721,0,0,0,0,0,0,0,0,0.00721,0,0,0,0,0,0,0,0.145,0.00721,0.145,0.00721,0.145,0.00721,0.145,0.00721
9,29,sphere,0,0.00721,0,0,0,0,0,0,0,0,0.00721,0,0,0,0,0,0,0,0.15,0.00721,0.15,0.00721,0.15,0.00721,0.15,0.00721
9,30,sphere,0,0.00721,0,0,0,0,0,0,0,0,0.00721,0,0,0,0,0,0,0,0.155,0.00721,0.155,0.00721,0.155,0.00721,0.155,0.00721
9,31,sphere,0,0.00721,0,0,0,0,0,0,0,0,0.00721,0,0,0,0,0,0,0,0.16,0.00721,0.16,0.00721,0.16,0.00721,0.16,0.00721
9,32,sphere,0,0.00721,0,0,0,0,0,0,0,0,0.00721,0,0,0,0,0,0,0,0.165,0.00721,0.165,0.00721,0.165,0.00721,0.165,0.00721
9,33,sphere,0,0.00721,0,0,0,0,0,0,0,0,0.00721,0,0,0,0,0,0,0,0.17,0.00721,0.17,0.00721,0.17,0.00721,0.17,0.00721
9,34,sphere,0,0.00721,0,0,0,0,0,0,0,0,0.00721,0,0,0,0,0,0,0,0.175,0.00721,0.175,0.00721,0.175,0.00721,0.175,0.00721
9,35,sphere,0,0.00721,0,0,0,0,0,0,0,0,0.00721,0,0,0,0,0,0,0,0.18,0.00721,0.18,0.00721,0.18,0.00721,0.18,0.00721
9,36,sphere,0,0.00721,0,0,0,0,0,0,0,0,0.00721,0,0,0,0,0,0,0,0.185,0.00721,0.185,0.00721,0.185,0.00721,0.185,0.00721
9,37,sphere,0,0.00721,0,0,0,0,0,0,0,0,0.00721,0,0,0,0,0,0,0,0.19,0.00721,0.19,0.00721,0.19,0.00721,0.19,0.00721
9,38,sphere,0,0.00721,0,0,0,0,0,0,0,0,0.00721,0,0,0,0,0,0,0,0.195,0.00721,0.195,0.00721,0.195,0.00721,0.195,0.00721
9,39,sphere,0,0.00721,0,0,0,0,0,0,0,0,0.00721,0,0,0,0,0,0,0,0.2,0.00721,0.2,0.00721,0.2,0.00721,0.2,0.00721
9,40,sphere,0,0.00721,0,0,0,0,0,0,0,0,0.00721,0,0,0,0,0,0,0,0.205,0.00721,0.205,0.00721,0.205,0.00721,0.205,0.00721
9,41,sphere,0,0.00721,0,0,0,0,0,0,0,0,0.00721,0,0,0,0,0,0,0,0.21,0.00721,0.21,0.00721,0.21,0.00721,0.21,0.00721
9,42,sphere,0,0.00721,0,0,0,0,0,0,0,0,0.00721,0,0,0,0,0,0,0,0.215,0.00721,0.215,0.00721,0.215,0.00721,0.215,0.00721
9,43,sphere,0,0.00721,0,0,0,0,0,0,0,0,0.00721,0,0,0,0,0,0,0,0.22,0.00721,0.22,0.00721,0.22,0.00721,0.22,0.00721
9,44,sphere,0,0.00721,0,0,0,0,0,0,0,0,0.00721,0,0,0,0,0,0,0,0.225,0.00721,0.225,0.00721,0.225,0.00721,0.225,0.00721
9,45,sphere,0,0.00721,0,0,0,0,0,0,0,0,0.00721,0,0,0,0,0,0,0,0.23,0.00721,0.23,0.00721,0.23,0.00721,0.23,0.00721
9,46,sphere,0,0.00721,0,0,0,0,0,0,0,0,0.00721,0,0,0,0,0,0,0,0.235,0.00721,0.235,0.00721,0.235,0.00721,0.235,0.00721
9,47,sphere,0,0.00721,0,0,0,0,0,0,0,0,0.00721,0,0,0,0,0,0,0,0.24,0.00721,0.24,0.00721,0.24,0.00721,0.24,0.00721
9,48,sphere,0,0.00721,0,0,0,0,0,0,0,0,0.00721,0,0,0,0,0,0,0,0.245,0.00721,0.245,0.00721,0.245,0.00721,0.245,0.00721
9,49,sphere,0,0.00721,0,0,0,0,0,0,0,0,0.00721,0,0,0,0,0,0,0,0.25,0.00721,0.25,0.00721,0.25,0.00721,0.25,0.00721
9,50,sphere,0,0.00721,0,0,0,0,0,0,0,0,0.00721,0,0,0,0,0,0,0,0.255,0.00721,0.255,0.00721,0.255,0.00721,0.255,0.00721
9,51,sphere,0,0.00721,0,0,0,0,0,0,0,0,0.00721,0,0,0,0,0,0,0,0.26,0.00721,0.26,0.00721,0.26,0.00721,0.26,0.00721
9,52,sphere,0,0.00721,0,0,0,0,0,0,0,0,0.00721,0,0,0,0,0,0,0,0.265,0.00721,0.265,0.00721,0.265,0.00721,0.265,0.00721
9,53,sphere,0,0.00721,0,0,0,0,0,0,0,0,0.00721,0,0,0,0,0,0,0,0.27,0.00721,0.27,0.00721,0.27,0.00721,0.27,0.00721
9,54,sphere,0,0.00721,0,0,0,0,0,0,0,0,0.00721,0,0,0,0,0,0,0,0.275,0.00721,0.275,0.00721,0.275,0.00721,0.275,0.00721
9,55,sphere,0,0.00721,0,0,0,0,0,0,0,0,0.00721,0,0,0,0,0,0,0,0.28,0.00721,0.28,0.00721,0.28,0.00721,0.28,0.00721
9,56,sphere,0,0.00721,0,0,0,0,0,0,0,0,0.00721,0,0,0,0,0,0,0,0.285,0.00721,0.285,0.00721,0.285,0.00721,0.285,0.00721
9,57,sphere,0,0.00721,0,0,0,0,0,0,0,0,0.00721,0,0,0,0,0,0,0,0.29,0.00721,0.29,0.00721,0.29,0.00721,0.29,0.00721
9,58,sphere,0,0.00721,0,0,0,0,0,0,0,0,0.00721,0,0,0,0,0,0,0,0.295,0.00721,0.295,0.00721,0.295,0.00721,0.295,0.00721
9,59,sphere,0,0.00721,0,0,0,0,0,0,0,0,0.00721,0,0,0,0,0,0,0,0.3,0.00721,0.3,0.00721,0.3,0.00721,0.3,0.00721
9,60,sphere,0,0.00721,0,0,0,0,0,0,0,0,0.00721,0,0,0,0,0,0,0,0.305,0.00721,0.305,0.00721,0.305,0.00721,0.305,0.00721
9,61,sphere,0,0.00721,0,0,0,0,0,0,0,0,0.00721,0,0,0,0,0,0,0,0.31,0.00721,0.31,0.00721,0.31,0.00721,0.31,0.00721
9,62,sphere,0,0.00721,0,0,0,0,0,0,0,0,0.00721,0,0,0,0,0,0,0,0.315,0.00721,0.315,0.00721,0.315,0.00721,0.315,0.00721
9,63,sphere,0,0.00721,0,0,0,0,0,0,0,0,0.00721,0,0,0,0,0,0,0,0.32,0.00721,0.32,0.00721,0.32,0.00721,0.32,0.00721
9,64,sphere,0,0.00721,0,0,0,0,0,0,0,0,0.00721,0,0,0,0,0,0,0,0.325,0.00721,0.325,0.00721,0.325,0.00721,0.325,0.00721
9,65,sphere,0,0.00721,0,0,0,0,0,0,0,0,0.00721,0,0,0,0,0,0,0,0.33,0.00721,0.33,0.00721,0.33,0.00721,0.33,0.00721
9,66,sphere,0,0.00721,0,0,0,0,0,0,0,0,0.00721,0,0,0,0,0,0,0,0.335,0.00721,0.335,0.00721,0.335,0.00721,0.335,0.00721
9,67,sphere,0,0.00721,0,0,0,0,0,0,0,0,0.00721,0,0,0,0,0,0,0,0.34,0.00721,0.34,0.00721,0.34,0.00721,0.34,0.00721
9,68,sphere,0,0.00721,0,0,0,0,0,0,0,0,0.00721,0,0,0,0,0,0,0,0.345,0.00721,0.345,0.00721,0.345,0.00721,0.345,0.00721
9,69,sphere,0,0.00721,0,0,0,0,0,0,0,0,0.00721,0,0,0,0,0,0,0,0.35,0.00721,0.35,0.00721,0.35,0.00721,0.35,0.00721
9,70,sphere,0,0.00721,0,0,0,0,0,0,0,0,0.00721,0,0,0,0,0,0,0,0.355,0.00721,0.355,0.00721,0.355,0.00721,0.355,0.00721
9,71,sphere,0,0.00721,0,0,0,0,0,0,0,0,0.00721,0,0,0,0,0,0,0,0.36,0.00721,0.36,0.00721,0.36,0.00721,0.36,0.00721
9,72,sphere,0,0.00721,0,0,0,0,0,0,0,0,0.00721,0,0,0,0,0,0,0,0.365,0.00721,0.365,0.00721,0.365,0.00721,0.365,0.00721
9,73,sphere,0,0.00721,0,0,0,0,0,0,0,0,0.00721,0,0,0,0,0,0,0,0.37,0.00721,0.37,0.00721,0.37,0.00721,0.37,0.00721
9,74,sphere,0,0.00721,0,0,0,0,0,0,0,0,0.00721,0,0,0,0,0,0,0,0.375,0.00721,0.375,0.00721,0.375,0.00721,0.375,0.00721
9,75,sphere,0,0.00721,0,0,0,0,0,0,0,0,0.00721,0,0,0,0,0,0,0,0.38,0.00721,0.38,0.00721,0.38,0.00721,0.38,0.00721
9,76,sphere,0,0.00721,0,0,0,0,0,0,0,0,0.00721,0,0,0,0,0,0,0,0.385,0.00721,0.385,0.00721,0.385,0.00721,0.385,0.00721
9,77,sphere,0,0.00721,0,0,0,0,0,0,0,0,0.00721,0,0,0,0,0,0,0,0.39,0.00721,0.39,0.00721,0.39,0.00721,0.39,0.00721
9,78,sphere,0,0.00721,0,0,0,0,0,0,0,0,0.00721,0,0,0,0,0,0,0,0.395,0.00721,0.395,0.00721,0.395,0.00721,0.395,0.00721
9,79,sphere,0,0.00721,0,0,0,0,0,0,0,0,0.00721,0,0,0,0,0,0,0,0.4,0.00721,0.4,0.00721,0.4,0.00721,0.4,0.00721
9,80,sphere,0,0.00721,0,0,0,0,0,0,0,0,0.00721,0,0,0,0,0,0,0,0.405,0.00721,0.405,0.00721,0.405,0.00721,0.405,0.00721
9,81,sphere,0,0.00721,0,0,0,0,0,0,0,0,0.00721,0,0,0,0,0,0,0,0.41,0.00721,0.41,0.00721,0.41,0.00721,0.41,0.00721
9,82,sphere,0,0.00721,0,0,0,0,0,0,0,0,0.00721,0,0,0,0,0,0,0,0.415,0.00721,0.415,0.00721,0.415,0.00721,0.415,0.00721
9,83,sphere,0,0.00721,0,0,0,0,0,0,0,0,0.00721,0,0,0,0,0,0,0,0.42,0.00721,0.42,0.00721,0.42,0.00721,0.42,0.00721
9,84,sphere,0,0.00721,0,0,0,0,0,0,0,0,0.00721,0,0,0,0,0,0,0,0.425,0.00721,0.425,0.00721,0.425,0.00721,0.425,0.00721
9,85,sphere,0,0.00721,0,0,0,0,0,0,0,0,0.00721,0,0,0,0,0,0,0,0.43,0.00721,0.43,0.00721,0.43,0.00721,0.43,0.00721
9,86,sphere,0,0.00721,0,0,0,0,0,0,0,0,0.00721,0,0,0,0,0,0,0,0.435,0.00721,0.435,0.00721,0.435,0.00721,0.435,0.00721
9,87,sphere,0,0.00721,0,0,0,0,0,0,0,1,0.00721,0,0,0,0,0,0,0,0.44,0.00721,0.44,0.00721,0.44,0.00721,0.44,0.00721
9,88,sphere,0,0.0073,0,0,0,0,0,0,0,1,0.01002,0,0,0,0,0,0,0,0.445,0.00723,0.445,0.0073,0.445,0.00708,0.445,0.01002
9,89,sphere,0,0.00771,0,0,0,0,0,0,0,1,0.01531,0,0,0,0,0,0,0,0.45,0.00771,0.45,0.00657,0.45,0.00833,0.45,0.01531
9,90,sphere,0,0.00811,0,0,0,0,0,0,0,1,0.02218,1,0,0,0,0,0,0,0.455,0.00811,0.455,0.00595,0.455,0.00928,0.455,0.02218
9,91,sphere,0,0.0084,0,0,0,0,0,0,0,1,0.02947,1,0,0,0,0,0,0,0.46,0.0084,0.46,0.00551,0.46,0.01068,0.46,0.02947
9,92,sphere,0,0.00816,0,0,0,0,0,0,0,1,0.03522,1,1,0,0,0,0,0,0.465,0.00816,0.465,0.00599,0.465,0.01569,0.465,0.03522
9,93,sphere,1,0.00847,0,0,0,0,0,0,0,1,0.04237,1,1,1,0,0,0,0,0.47,0.00847,0.47,0.00847,0.47,0.01845,0.47,0.04237
9,94,sphere,1,0.01459,0,0,0,0,0,0,0,1,0.04989,1,1,1,0,0,0,0,0.475,0.00911,0.475,0.01459,0.475,0.02113,0.475,0.04989
9,95,sphere,1,0.02153,1,0,0,0,0,0,0,1,0.056,1,1,1,1,0,0,0,0.48,0.00963,0.48,0.02153,0.48,0.0255,0.48,0.056
9,96,sphere,1,0.02946,1,0,0,0,0,0,0,1,0.06342,1,1,1,1,1,0,0,0.485,0.01002,0.485,0.02946,0.485,0.02869,0.485,0.06342
9,97,sphere,1,0.03844,1,1,0,0,0,0,0,1,0.06929,1,1,1,1,1,0,0,0.49,0.01037,0.49,0.03844,0.49,0.03364,0.49,0.06929
9,98,sphere,1,0.04832,1,1,1,0,0,0,0,1,0.07663,1,1,1,1,1,0,0,0.495,0.01065,0.495,0.04832,0.495,0.03701,0.495,0.07663
9,99,sphere,1,0.05892,1,1,1,1,0,0,0,1,0.08251,1,1,1,1,1,1,0,0.5,0.01095,0.5,0.05892,0.5,0.04217,0.5,0.08251
9,100,sphere,1,0.06442,1,1,1,1,1,0,0,1,0.0849,1,1,1,1,1,1,0,0.505,0.01163,0.5,0.06442,0.505,0.04558,0.5,0.0849
9,101,sphere,1,0.06618,1,1,1,1,1,0,0,1,0.08557,1,1,1,1,1,1,0,0.51,0.01696,0.5,0.06618,0.51,0.05093,0.5,0.08557
9,102,sphere,1,0.06967,1,1,1,1,1,0,0,1,0.08793,1,1,1,1,1,1,0,0.515,0.02045,0.5,0.06967,0.515,0.05435,0.5,0.08793
9,103,sphere,1,0.07158,1,1,1,1,1,0,0,1,0.08905,1,1,1,1,1,1,0,0.52,0.02568,0.5,0.07158,0.52,0.05961,0.5,0.08905
9,104,sphere,1,0.07522,1,1,1,1,1,0,0,1,0.09175,1,1,1,1,1,1,0,0.525,0.02897,0.5,0.07522,0.525,0.06305,0.5,0.09175
9,105,sphere,1,0.07722,1,1,1,1,1,0,0,1,0.093,1,1,1,1,1,1,0,0.53,0.03398,0.5,0.07722,0.53,0.0683,0.5,0.093
9,106,sphere,1,0.08094,1,1,1,1,1,1,0,1,0.09578,1,1,1,1,1,1,0,0.535,0.03712,0.5,0.08094,0.535,0.07171,0.5,0.09578
9,107,sphere,1,0.08301,1,1,1,1,1,1,0,1,0.09708,1,1,1,1,1,1,0,0.54,0.04196,0.5,0.08301,0.54,0.07693,0.5,0.09708
9,108,sphere,1,0.08676,1,1,1,1,1,1,0,1,0.09988,1,1,1,1,1,1,0,0.545,0.04503,0.5,0.08676,0.545,0.08032,0.5,0.09988
9,109,sphere,1,0.08885,1,1,1,1,1,1,0,1,0.10119,1,1,1,1,1,1,1,0.55,0.04983,0.5,0.08885,0.55,0.08552,0.5,0.10119
9,110,sphere,1,0.09261,1,1,1,1,1,1,0,1,0.10401,1,1,1,1,1,1,1,0.555,0.05287,0.5,0.09261,0.555,0.0889,0.5,0.10401
9,111,sphere,1,0.09471,1,1,1,1,1,1,0,1,0.10532,1,1,1,1,1,1,1,0.56,0.05763,0.5,0.09471,0.56,0.09408,0.5,0.10532
9,112,sphere,1,0.09849,1,1,1,1,1,1,0,1,0.10814,1,1,1,1,1,1,1,0.565,0.06066,0.5,0.09849,0.565,0.09744,0.5,0.10814
9,113,sphere,1,0.1006,1,1,1,1,1,1,1,1,0.10947,1,1,1,1,1,1,1,0.57,0.0654,0.5,0.1006,0.57,0.1026,0.5,0.10947
9,114,sphere,1,0.10438,1,1,1,1,1,1,1,1,0.11229,1,1,1,1,1,1,1,0.575,0.06841,0.5,0.10438,0.575,0.10595,0.5,0.11229
9,115,sphere,1,0.1065,1,1,1,1,1,1,1,1,0.11362,1,1,1,1,1,1,1,0.58,0.07313,0.5,0.1065,0.58,0.11111,0.5,0.11362
9,116,sphere,1,0.11029,1,1,1,1,1,1,1,1,0.11645,1,1,1,1,1,1,1,0.585,0.07613,0.5,0.11029,0.585,0.11445,0.5,0.11645
9,117,sphere,1,0.1124,1,1,1,1,1,1,1,1,0.1196,1,1,1,1,1,1,1,0.59,0.08084,0.5,0.1124,0.59,0.1196,0.5,0.11778
9,118,sphere,1,0.1162,1,1,1,1,1,1,1,1,0.12294,1,1,1,1,1,1,1,0.595,0.08383,0.5,0.1162,0.595,0.12294,0.5,0.12062
9,119,sphere,1,0.11831,1,1,1,1,1,1,1,1,0.12808,1,1,1,1,1,1,1,0.6,0.08853,0.5,0.11831,0.6,0.12808,0.5,0.12194
9,120,sphere,1,0.12211,1,1,1,1,1,1,1,1,0.13141,1,1,1,1,1,1,1,0.605,0.09151,0.5,0.12211,0.605,0.13141,0.5,0.12479
9,121,sphere,1,0.12422,1,1,1,1,1,1,1,1,0.13656,1,1,1,1,1,1,1,0.61,0.0962,0.5,0.12422,0.61,0.13656,0.5,0.12611
9,122,sphere,1,0.12803,1,1,1,1,1,1,1,1,0.13988,1,1,1,1,1,1,1,0.615,0.09918,0.5,0.12803,0.615,0.13988,0.5,0.12896
9,123,sphere,1,0.13014,1,1,1,1,1,1,1,1,0.14502,1,1,1,1,1,1,1,0.62,0.10386,0.5,0.13014,0.62,0.14502,0.5,0.13028
9,124,sphere,1,0.13394,1,1,1,1,1,1,1,1,0.14834,1,1,1,1,1,1,1,0.625,0.10683,0.5,0.13394,0.625,0.14834,0.5,0.13313
9,125,sphere,1,0.13605,1,1,1,1,1,1,1,1,0.15348,1,1,1,1,1,1,1,0.63,0.11151,0.5,0.13605,0.63,0.15348,0.5,0.13446
9,126,sphere,1,0.13985,1,1,1,1,1,1,1,1,0.1568,1,1,1,1,1,1,1,0.635,0.11447,0.5,0.13985,0.635,0.1568,0.5,0.13731
9,127,sphere,1,0.14196,1,1,1,1,1,1,1,1,0.16194,1,1,1,1,1,1,1,0.64,0.11914,0.5,0.14196,0.64,0.16194,0.5,0.13863
9,128,sphere,1,0.14577,1,1,1,1,1,1,1,1,0.16525,1,1,1,1,1,1,1,0.645,0.12209,0.5,0.14577,0.645,0.16525,0.5,0.14149
9,129,sphere,1,0.14787,1,1,1,1,1,1,1,1,0.17038,1,1,1,1,1,1,1,0.65,0.12676,0.5,0.14787,0.65,0.17038,0.5,0.14281
0,0,cube,0,0.00296,0,0,0,0,0,0,0,0,0.00295,0,0,0,0,0,0,0,0.005,0.00296,0.005,0.00295,0.005,0.00295,0.005,0.00295
0,1,cube,0,0.0047,0,0,0,0,0,0,0,0,0.0047,0,0,0,0,0,0,0,0.01,0.0047,0.01,0.00469,0.01,0.0047,0.01,0.00469
0,2,cube,0,0.00573,0,0,0,0,0,0,0,0,0.00573,0,0,0,0,0,0,0,0.015,0.00573,0.015,0.00572,0.015,0.00573,0.015,0.00572
0,3,cube,0,0.00633,0,0,0,0,0,0,0,0,0.00633,0,0,0,0,0,0,0,0.02,0.00633,0.02,0.00633,0.02,0.00633,0.02,0.00633
0,4,cube,0,0.00669,0,0,0,0,0,0,0,0,0.00669,0,0,0,0,0,0,0,0.025,0.00669,0.025,0.00669,0.025,0.00669,0.025,0.00669
0,5,cube,0,0.0069,0,0,0,0,0,0,0,0,0.0069,0,0,0,0,0,0,0,0.03,0.0069,0.03,0.0069,0.03,0.0069,0.03,0.0069
0,6,cube,0,0.00703,0,0,0,0,0,0,0,0,0.00703,0,0,0,0,0,0,0,0.035,0.00703,0.035,0.00703,0.035,0.00703,0.035,0.00703
0,7,cube,0,0.00711,0,0,0,0,0,0,0,0,0.0071,0,0,0,0,0,0,0,0.04,0.0071,0.04,0.00711,0.04,0.0071,0.04,0.0071
0,8,cube,0,0.00715,0,0,0,0,0,0,0,0,0.00715,0,0,0,0,0,0,0,0.045,0.00715,0.045,0.00715,0.045,0.00715,0.045,0.00715
0,9,cube,0,0.00717,0,0,0,0,0,0,0,0,0.00717,0,0,0,0,0,0,0,0.05,0.00717,0.05,0.00717,0.05,0.00717,0.05,0.00717
0,10,cube,0,0.00719,0,0,0,0,0,0,0,0,0.00719,0,0,0,0,0,0,0,0.055,0.00719,0.055,0.00719,0.055,0.00719,0.055,0.00719
0,11,cube,0,0.0072,0,0,0,0,0,0,0,0,0.0072,0,0,0,0,0,0,0,0.06,0.0072,0.06,0.0072,0.06,0.0072,0.06,0.0072
0,12,cube,0,0.0072,0,0,0,0,0,0,0,0,0.0072,0,0,0,0,0,0,0,0.065,0.0072,0.065,0.0072,0.065,0.0072,0.065,0.0072
0,13,cube,0,0.00721,0,0,0,0,0,0,0,0,0.00721,0,0,0,0,0,0,0,0.07,0.00721,0.07,0.00721,0.07,0.00721,0.07,0.0072
0,14,cube,0,0.00721,0,0,0,0,0,0,0,0,0.00721,0,0,0,0,0,0,0,0.075,0.00721,0.075,0.00721,0.075,0.00721,0.075,0.00721
0,15,cube,0,0.00721,0,0,0,0,0,0,0,0,0.00721,0,0,0,0,0,0,0,0.08,0.00721,0.08,0.00721,0.08,0.00721,0.08,0.00721
0,16,cube,0,0.00721,0,0,0,0,0,0,0,0,0.00721,0,0,0,0,0,0,0,0.085,0.00721,0.085,0.00721,0.085,0.00721,0.085,0.00721
0,17,cube,0,0.00721,0,0,0,0,0,0,0,0,0.00721,0,0,0,0,0,0,0,0.09,0.00721,0.09,0.00721,0.09,0.00721,0.09,0.00721
0,18,cube,0,0.00721,0,0,0,0,0,0,0,0,0.00721,0,0,0,0,0,0,0,0.095,0.00721,0.095,0.00721,0.095,0.00721,0.095,0.00721
0,19,cube,0,0.00721,0,0,0,0,0,0,0,0,0.00721,0,0,0,0,0,0,0,0.1,0.00721,0.1,0.00721,0.1,0.00721,0.1,0.00721
0,20,cube,0,0.00721,0,0,0,0,0,0,0,0,0.00721,0,0,0,0,0,0,0,0.105,0.00721,0.105,0.00721,0.105,0.00721,0.105,0.00721
0,21,cube,0,0.00721,0,0,0,0,0,0,0,0,0.00721,0,0,0,0,0,0,0,0.11,0.00721,0.11,0.00721,0.11,0.00721,0.11,0.00721
0,22,cube,0,0.00721,0,0,0,0,0,0,0,0,0.00721,0,0,0,0,0,0,0,0.115,0.00721,0.115,0.00721,0.115,0.00721,0.115,0.00721
0,23,cube,0,0.00721,0,0,0,0,0,0,0,0,0.00721,0,0,0,0,0,0,0,0.12,0.00721,0.12,0.00721,0.12,0.00721,0.12,0.00721
0,24,cube,0,0.00721,0,0,0,0,0,0,0,0,0.00721,0,0,0,0,0,0,0,0.125,0.00721,0.125,0.00721,0.125,0.00721,0.125,0.00721
0,25,cube,0,0.00721,0,0,0,0,0,0,0,0,0.00721,0,0,0,0,0,0,0,0.13,0.00721,0.13,0.00721,0.13,0.00721,0.13,0.00721
0,26,cube,0,0.00721,0,0,0,0,0,0,0,0,0.00721,0,0,0,0,0,0,0,0.135,0.00721,0.135,0.00721,0.135,0.00721,0.135,0.00721
0,27,cube,0,0.00721,0,0,0,0,0,0,0,0,0.00721,0,0,0,0,0,0,0,0.14,0.00721,0.14,0.00721,0.14,0.00721,0.14,0.00721
0,28,cube,0,0.00721,0,0,0,0,0,0,0,0,0.00721,0,0,0,0,0,0,0,0.145,0.00721,0.145,0.00721,0.145,0.00721,0.145,0.00721
0,29,cube,0,0.00721,0,0,0,0,0,0,0,0,0.00721,0,0,0,0,0,0,0,0.15,0.00721,0.15,0.00721,0.15,0.00721,0.15,0.00721
0,30,cube,0,0.00721,0,0,0,0,0,0,0,0,0.00721,0,0,0,0,0,0,0,0.155,0.00721,0.155,0.00721,0.155,0.00721,0.155,0.00721
0,31,cube,0,0.00721,0,0,0,0,0,0,0,0,0.00721,0,0,0,0,0,0,0,0.16,0.00721,0.16,0.00721,0.16,0.00721,0.16,0.00721
0,32,cube,0,0.00721,0,0,0,0,0,0,0,0,0.00721,0,0,0,0,0,0,0,0.165,0.00721,0.165,0.00721,0.165,0.00721,0.165,0.00721
0,33,cube,0,0.00721,0,0,0,0,0,0,0,0,0.00721,0,0,0,0,0,0,0,0.17,0.00721,0.17,0.00721,0.17,0.00721,0.17,0.00721
0,34,cube,0,0.00721,0,0,0,0,0,0,0,0,0.00721,0,0,0,0,0,0,0,0.175,0.00721,0.175,0.00721,0.175,0.00721,0.175,0.00721
0,35,cube,0,0.00721,0,0,0,0,0,0,0,0,0.00721,0,0,0,0,0,0,0,0.18,0.00721,0.18,0.00721,0.18,0.00721,0.18,0.00721
0,36,cube,0,0.00721,0,0,0,0,0,0,0,0,0.00721,0,0,0,0,0,0,0,0.185,0.00721,0.185,0.00721,0.185,0.00721,0.185,0.00721
0,37,cube,0,0.00721,0,0,0,0,0,0,0,0,0.00721,0,0,0,0,0,0,0,0.19,0.00721,0.19,0.00721,0.19,0.00721,0.19,0.00721
0,38,cube,0,0.00721,0,0,0,0,0,0,0,0,0.00721,0,0,0,0,0,0,0,0.195,0.00721,0.195,0.00721,0.195,0.00721,0.195,0.00721
0,39,cube,0,0.00721,0,0,0,0,0,0,0,0,0.00721,0,0,0,0,0,0,0,0.2,0.00721,0.2,0.00721,0.2,0.00721,0.2,0.00721
0,40,cube,0,0.00721,0,0,0,0,0,0,0,0,0.00721,0,0,0,0,0,0,0,0.205,0.00721,0.205,0.00721,0.205,0.00721,0.205,0.00721
0,41,cube,0,0.00721,0,0,0,0,0,0,0,0,0.00721,0,0,0,0,0,0,0,0.21,0.00721,0.21,0.00721,0.21,0.00721,0.21,0.00721
0,42,cube,0,0.00721,0,0,0,0,0,0,0,0,0.00721,0,0,0,0,0,0,0,0.215,0.00721,0.215,0.00721,0.215,0.00721,0.215,0.00721
0,43,cube,0,0.00721,0,0,0,0,0,0,0,0,0.00721,0,0,0,0,0,0,0,0.22,0.00721,0.22,0.00721,0.22,0.00721,0.22,0.00721
0,44,cube,0,0.00721,0,0,0,0,0,0,0,0,0.00721,0,0,0,0,0,0,0,0.225,0.00721,0.225,0.00721,0.225,0.00721,0.225,0.00721
0,45,cube,0,0.00721,0,0,0,0,0,0,0,0,0.00721,0,0,0,0,0,0,0,0.23,0.00721,0.23,0.00721,0.23,0.00721,0.23,0.00721
0,46,cube,0,0.00721,0,0,0,0,0,0,0,0,0.00721,0,0,0,0,0,0,0,0.235,0.00721,0.235,0.00721,0.235,0.00721,0.235,0.00721
0,47,cube,0,0.00721,0,0,0,0,0,0,0,0,0.00721,0,0,0,0,0,0,0,0.24,0.00721,0.24,0.00721,0.24,0.00721,0.24,0.00721
0,48,cube,0,0.00721,0,0,0,0,0,0,0,0,0.00721,0,0,0,0,0,0,0,0.245,0.00721,0.245,0.00721,0.245,0.00721,0.245,0.00721
0,49,cube,0,0.00721,0,0,0,0,0,0,0,0,0.00721,0,0,0,0,0,0,0,0.25,0.00721,0.25,0.00721,0.25,0.00721,0.25,0.00721
0,50,cube,0,0.00721,0,0,0,0,0,0,0,0,0.00721,0,0,0,0,0,0,0,0.255,0.00721,0.255,0.00721,0.255,0.00721,0.255,0.00721
0,51,cube,0,0.00721,0,0,0,0,0,0,0,0,0.00721,0,0,0,0,0,0,0,0.26,0.00721,0.26,0.00721,0.26,0.00721,0.26,0.00721
0,52,cube,0,0.00721,0,0,0,0,0,0,0,0,0.00721,0,0,0,0,0,0,0,0.265,0.00721,0.265,0.00721,0.265,0.00721,0.265,0.00721
0,53,cube,0,0.00721,0,0,0,0,0,0,0,0,0.00721,0,0,0,0,0,0,0,0.27,0.00721,0.27,0.00721,0.27,0.00721,0.27,0.00721
0,54,cube,0,0.00721,0,0,0,0,0,0,0,0,0.00721,0,0,0,0,0,0,0,0.275,0.00721,0.275,0.00721,0.275,0.00721,0.275,0.00721
0,55,cube,0,0.00721,0,0,0,0,0,0,0,0,0.00721,0,0,0,0,0,0,0,0.28,0.00721,0.28,0.00721,0.28,0.00721,0.28,0.00721
0,56,cube,0,0.00721,0,0,0,0,0,0,0,0,0.00721,0,0,0,0,0,0,0,0.285,0.00721,0.285,0.00721,0.285,0.00721,0.285,0.00721
0,57,cube,0,0.00721,0,0,0,0,0,0,0,0,0.00721,0,0,0,0,0,0,0,0.29,0.00721,0.29,0.00721,0.29,0.00721,0.29,0.00721
0,58,cube,0,0.00721,0,0,0,0,0,0,0,0,0.00721,0,0,0,0,0,0,0,0.295,0.00721,0.295,0.00721,0.295,0.00721,0.295,0.00721
0,59,cube,0,0.00721,0,0,0,0,0,0,0,0,0.00721,0,0,0,0,0,0,0,0.3,0.00721,0.3,0.00721,0.3,0.00721,0.3,0.00721
0,60,cube,0,0.00721,0,0,0,0,0,0,0,0,0.00721,0,0,0,0,0,0,0,0.305,0.00721,0.305,0.00721,0.305,0.00721,0.305,0.00721
0,61,cube,0,0.00721,0,0,0,0,0,0,0,0,0.00721,0,0,0,0,0,0,0,0.31,0.00721,0.31,0.00721,0.31,0.00721,0.31,0.00721
0,62,cube,0,0.00721,0,0,0,0,0,0,0,0,0.00721,0,0,0,0,0,0,0,0.315,0.00721,0.315,0.00721,0.315,0.00721,0.315,0.00721
0,63,cube,0,0.00721,0,0,0,0,0,0,0,0,0.00721,0,0,0,0,0,0,0,0.32,0.00721,0.32,0.00721,0.32,0.00721,0.32,0.00721
0,64,cube,0,0.00721,0,0,0,0,0,0,0,0,0.00721,0,0,0,0,0,0,0,0.325,0.00721,0.325,0.00721,0.325,0.00721,0.325,0.00721
0,65,cube,0,0.00721,0,0,0,0,0,0,0,0,0.00721,0,0,0,0,0,0,0,0.33,0.00721,0.33,0.00721,0.33,0.00721,0.33,0.00721
0,66,cube,0,0.00721,0,0,0,0,0,0,0,0,0.00721,0,0,0,0,0,0,0,0.335,0.00721,0.335,0.00721,0.335,0.00721,0.335,0.00721
0,67,cube,0,0.00721,0,0,0,0,0,0,0,0,0.00721,0,0,0,0,0,0,0,0.34,0.00721,0.34,0.00721,0.34,0.00721,0.34,0.00721
0,68,cube,0,0.00721,0,0,0,0,0,0,0,0,0.00721,0,0,0,0,0,0,0,0.345,0.00721,0.345,0.00721,0.345,0.00721,0.345,0.00721
0,69,cube,0,0.00721,0,0,0,0,0,0,0,0,0.00721,0,0,0,0,0,0,0,0.35,0.00721,0.35,0.00721,0.35,0.00721,0.35,0.00721
0,70,cube,0,0.00721,0,0,0,0,0,0,0,0,0.00721,0,0,0,0,0,0,0,0.355,0.00721,0.355,0.00721,0.355,0.00721,0.355,0.00721
0,71,cube,0,0.00721,0,0,0,0,0,0,0,0,0.00721,0,0,0,0,0,0,0,0.36,0.00721,0.36,0.00721,0.36,0.00721,0.36,0.00721
0,72,cube,0,0.00721,0,0,0,0,0,0,0,0,0.00721,0,0,0,0,0,0,0,0.365,0.00721,0.365,0.00721,0.365,0.00721,0.365,0.00721
0,73,cube,0,0.00721,0,0,0,0,0,0,0,0,0.00721,0,0,0,0,0,0,0,0.37,0.00721,0.37,0.00721,0.37,0.00721,0.37,0.00721
0,74,cube,0,0.00721,0,0,0,0,0,0,0,0,0.00721,0,0,0,0,0,0,0,0.375,0.00721,0.375,0.00721,0.375,0.00721,0.375,0.00721
0,75,cube,0,0.00721,0,0,0,0,0,0,0,0,0.00721,0,0,0,0,0,0,0,0.38,0.00721,0.38,0.00721,0.38,0.00721,0.38,0.00721
0,76,cube,0,0.00721,0,0,0,0,0,0,0,0,0.00721,0,0,0,0,0,0,0,0.385,0.00721,0.385,0.00721,0.385,0.00721,0.385,0.00721
0,77,cube,0,0.00721,0,0,0,0,0,0,0,0,0.00721,0,0,0,0,0,0,0,0.39,0.00721,0.39,0.00721,0.39,0.00721,0.39,0.00721
0,78,cube,0,0.00721,0,0,0,0,0,0,0,0,0.00721,0,0,0,0,0,0,0,0.395,0.00721,0.395,0.00721,0.395,0.00721,0.395,0.00721
0,79,cube,0,0.00721,0,0,0,0,0,0,0,0,0.00721,0,0,0,0,0,0,0,0.4,0.00721,0.4,0.00721,0.4,0.00721,0.4,0.00721
0,80,cube,0,0.00721,0,0,0,0,0,0,0,0,0.00721,0,0,0,0,0,0,0,0.405,0.00721,0.405,0.00721,0.405,0.00721,0.405,0.00721
0,81,cube,0,0.00721,0,0,0,0,0,0,0,0,0.00721,0,0,0,0,0,0,0,0.41,0.00721,0.41,0.00721,0.41,0.00721,0.41,0.00721
0,82,cube,0,0.00721,0,0,0,0,0,0,0,0,0.00721,0,0,0,0,0,0,0,0.415,0.00721,0.415,0.00721,0.415,0.00721,0.415,0.00721
0,83,cube,0,0.00721,0,0,0,0,0,0,0,0,0.00721,0,0,0,0,0,0,0,0.42,0.00721,0.42,0.00721,0.42,0.00721,0.42,0.00721
0,84,cube,0,0.00721,0,0,0,0,0,0,0,0,0.00721,0,0,0,0,0,0,0,0.425,0.00721,0.425,0.00721,0.425,0.00721,0.425,0.00721
0,85,cube,0,0.0074,0,0,0,0,0,0,0,1,0.01075,0,0,0,0,0,0,0,0.43,0.0074,0.43,0.007,0.43,0.00758,0.43,0.01075
0,86,cube,0,0.0077,0,0,0,0,0,0,0,1,0.01766,0,0,0,0,0,0,0,0.435,0.0077,0.435,0.00669,0.435,0.00815,0.435,0.01766
0,87,cube,0,0.00797,0,0,0,0,0,0,0,1,0.02571,1,0,0,0,0,0,0,0.44,0.00797,0.44,0.00636,0.44,0.00865,0.44,0.02571
0,88,cube,0,0.0082,0,0,0,0,0,0,0,1,0.03496,1,1,0,0,0,0,0,0.445,0.0082,0.445,0.00605,0.445,0.00908,0.445,0.03496
0,89,cube,0,0.00841,0,0,0,0,0,0,0,1,0.04529,1,1,1,0,0,0,0,0.45,0.00841,0.45,0.00577,0.45,0.00945,0.45,0.04529
0,90,cube,1,0.01087,0,0,0,0,0,0,0,1,0.05434,1,1,1,1,0,0,0,0.455,0.00861,0.455,0.01087,0.455,0.01139,0.455,0.05434
0,91,cube,1,0.0182,0,0,0,0,0,0,0,1,0.06001,1,1,1,1,1,0,0,0.46,0.00878,0.46,0.0182,0.46,0.01793,0.46,0.06001
0,92,cube,1,0.02596,1,0,0,0,0,0,0,1,0.06718,1,1,1,1,1,0,0,0.465,0.00914,0.465,0.02596,0.465,0.02124,0.465,0.06718
0,93,cube,1,0.03478,1,1,0,0,0,0,0,1,0.07259,1,1,1,1,1,0,0,0.47,0.0094,0.47,0.03478,0.47,0.0264,0.47,0.07259
0,94,cube,1,0.04447,1,1,1,0,0,0,0,1,0.07954,1,1,1,1,1,0,0,0.475,0.00974,0.475,0.04447,0.475,0.02958,0.475,0.07954
0,95,cube,1,0.05511,1,1,1,1,0,0,0,1,0.08476,1,1,1,1,1,1,0,0.48,0.00998,0.48,0.05511,0.48,0.03483,0.48,0.08476
0,96,cube,1,0.06597,1,1,1,1,1,0,0,1,0.09141,1,1,1,1,1,1,0,0.485,0.01044,0.485,0.06597,0.485,0.03819,0.485,0.09141
0,97,cube,1,0.07242,1,1,1,1,1,0,0,1,0.09705,1,1,1,1,1,1,0,0.49,0.01597,0.49,0.07242,0.49,0.04244,0.49,0.09705
0,98,cube,1,0.08097,1,1,1,1,1,1,0,1,0.10399,1,1,1,1,1,1,1,0.495,0.01861,0.495,0.08097,0.495,0.04597,0.495,0.10399
0,99,cube,1,0.08789,1,1,1,1,1,1,0,1,0.10914,1,1,1,1,1,1,1,0.5,0.02304,0.5,0.08789,0.5,0.05153,0.5,0.10914
0,100,cube,1,0.09132,1,1,1,1,1,1,0,1,0.11084,1,1,1,1,1,1,1,0.505,0.02585,0.5,0.09132,0.505,0.05517,0.5,0.11084
0,101,cube,1,0.0932,1,1,1,1,1,1,0,1,0.11069,1,1,1,1,1,1,1,0.51,0.03033,0.5,0.0932,0.51,0.06095,0.5,0.11069
0,102,cube,1,0.09657,1,1,1,1,1,1,0,1,0.11215,1,1,1,1,1,1,1,0.515,0.03318,0.5,0.09657,0.515,0.0647,0.5,0.11215
0,103,cube,1,0.09837,1,1,1,1,1,1,0,1,0.11185,1,1,1,1,1,1,1,0.52,0.03771,0.5,0.09837,0.52,0.07057,0.5,0.11185
0,104,cube,1,0.10168,1,1,1,1,1,1,1,1,0.11321,1,1,1,1,1,1,1,0.525,0.04061,0.5,0.10168,0.525,0.07438,0.5,0.11321
0,105,cube,1,0.10343,1,1,1,1,1,1,1,1,0.11284,1,1,1,1,1,1,1,0.53,0.0452,0.5,0.10343,0.53,0.08029,0.5,0.11284
0,106,cube,1,0.10671,1,1,1,1,1,1,1,1,0.11415,1,1,1,1,1,1,1,0.535,0.04812,0.5,0.10671,0.535,0.08414,0.5,0.11415
0,107,cube,1,0.10837,1,1,1,1,1,1,1,1,0.1137,1,1,1,1,1,1,1,0.54,0.05287,0.5,0.10837,0.54,0.09021,0.5,0.1137
0,108,cube,1,0.11159,1,1,1,1,1,1,1,1,0.11495,1,1,1,1,1,1,1,0.545,0.05584,0.5,0.11159,0.545,0.09412,0.5,0.11495
0,109,cube,1,0.1132,1,1,1,1,1,1,1,1,0.11448,1,1,1,1,1,1,1,0.55,0.06056,0.5,0.1132,0.55,0.10015,0.5,0.11448
0,110,cube,1,0.11642,1,1,1,1,1,1,1,1,0.11576,1,1,1,1,1,1,1,0.555,0.06356,0.5,0.11642,0.555,0.10405,0.5,0.11576
0,111,cube,1,0.11804,1,1,1,1,1,1,1,1,0.11536,1,1,1,1,1,1,1,0.56,0.06829,0.5,0.11804,0.56,0.11005,0.5,0.11536
0,112,cube,1,0.1213,1,1,1,1,1,1,1,1,0.11674,1,1,1,1,1,1,1,0.565,0.07127,0.5,0.1213,0.565,0.1139,0.5,0.11674
0,113,cube,1,0.12295,1,1,1,1,1,1,1,1,0.11983,1,1,1,1,1,1,1,0.57,0.07599,0.5,0.12295,0.57,0.11983,0.5,0.11645
0,114,cube,1,0.12629,1,1,1,1,1,1,1,1,0.12362,1,1,1,1,1,1,1,0.575,0.07898,0.5,0.12629,0.575,0.12362,0.5,0.11797
0,115,cube,1,0.12799,1,1,1,1,1,1,1,1,0.12951,1,1,1,1,1,1,1,0.58,0.0837,0.5,0.12799,0.58,0.12951,0.5,0.11781
0,116,cube,1,0.13139,1,1,1,1,1,1,1,1,0.13327,1,1,1,1,1,1,1,0.585,0.08668,0.5,0.13139,0.585,0.13327,0.5,0.11946
0,117,cube,1,0.13317,1,1,1,1,1,1,1,1,0.13907,1,1,1,1,1,1,1,0.59,0.09138,0.5,0.13317,0.59,0.13907,0.5,0.11944
0,118,cube,1,0.13666,1,1,1,1,1,1,1,1,0.14275,1,1,1,1,1,1,1,0.595,0.09432,0.5,0.13666,0.595,0.14275,0.5,0.12124
0,119,cube,1,0.13851,1,1,1,1,1,1,1,1,0.14847,1,1,1,1,1,1,1,0.6,0.09898,0.5,0.13851,0.6,0.14847,0.5,0.12138
0,120,cube,1,0.14209,1,1,1,1,1,1,1,1,0.15208,1,1,1,1,1,1,1,0.605,0.10188,0.5,0.14209,0.605,0.15208,0.5,0.12334
0,121,cube,1,0.14402,1,1,1,1,1,1,1,1,0.15771,1,1,1,1,1,1,1,0.61,0.10649,0.5,0.14402,0.61,0.15771,0.5,0.12362
0,122,cube,1,0.14769,1,1,1,1,1,1,1,1,0.16126,1,1,1,1,1,1,1,0.615,0.10936,0.5,0.14769,0.615,0.16126,0.5,0.12574
0,123,cube,1,0.1497,1,1,1,1,1,1,1,1,0.16681,1,1,1,1,1,1,1,0.62,0.11393,0.5,0.1497,0.62,0.16681,0.5,0.12618
0,124,cube,1,0.15347,1,1,1,1,1,1,1,1,0.17029,1,1,1,1,1,1,1,0.625,0.11676,0.5,0.15347,0.625,0.17029,0.5,0.12845
0,125,cube,1,0.15555,1,1,1,1,1,1,1,1,0.17577,1,1,1,1,1,1,1,0.63,0.12129,0.5,0.15555,0.63,0.17577,0.5,0.12903
1,0,cube,0,0.00296,0,0,0,0,0,0,0,0,0.00295,0,0,0,0,0,0,0,0.005,0.00296,0.005,0.00295,0.005,0.00295,0.005,0.00295
1,1,cube,0,0.00471,0,0,0,0,0,0,0,0,0.0047,0,0,0,0,0,0,0,0.01,0.00471,0.01,0.0047,0.01,0.0047,0.01,0.00469
1,2,cube,0,0.00574,0,0,0,0,0,0,0,0,0.00574,0,0,0,0,0,0,0,0.015,0.00574,0.015,0.00573,0.015,0.00574,0.015,0.00572
1,3,cube,0,0.00635,0,0,0,0,0,0,0,0,0.00635,0,0,0,0,0,0,0,0.02,0.00635,0.02,0.00634,0.02,0.00635,0.02,0.00633
1,4,cube,0,0.0067,0,0,0,0,0,0,0,0,0.0067,0,0,0,0,0,0,0,0.025,0.0067,0.025,0.0067,0.025,0.0067,0.025,0.00669
1,5,cube,0,0.00691,0,0,0,0,0,0,0,0,0.00691,0,0,0,0,0,0,0,0.03,0.00691,0.03,0.00691,0.03,0.00691,0.03,0.0069
1,6,cube,0,0.00704,0,0,0,0,0,0,0,0,0.00704,0,0,0,0,0,0,0,0.035,0.00704,0.035,0.00704,0.035,0.00704,0.035,0.00702
1,7,cube,0,0.00711,0,0,0,0,0,0,0,0,0.00711,0,0,0,0,0,0,0,0.04,0.00711,0.04,0.00711,0.04,0.00711,0.04,0.0071
1,8,cube,0,0.00716,0,0,0,0,0,0,0,0,0.00716,0,0,0,0,0,0,0,0.045,0.00716,0.045,0.00715,0.045,0.00716,0.045,0.00714
1,9,cube,0,0.00718,0,0,0,0,0,0,0,0,0.00718,0,0,0,0,0,0,0,0.05,0.00718,0.05,0.00718,0.05,0.00718,0.05,0.00716
1,10,cube,0,0.0072,0,0,0,0,0,0,0,0,0.0072,0,0,0,0,0,0,0,0.055,0.0072,0.055,0.00719,0.055,0.0072,0.055,0.00718
1,11,cube,0,0.00721,0,0,0,0,0,0,0,0,0.00721,0,0,0,0,0,0,0,0.06,0.00721,0.06,0.0072,0.06,0.00721,0.06,0.00719
1,12,cube,0,0.00721,0,0,0,0,0,0,0,0,0.00721,0,0,0,0,0,0,0,0.065,0.00721,0.065,0.00721,0.065,0.00721,0.065,0.00719
1,13,cube,0,0.00721,0,0,0,0,0,0,0,0,0.00722,0,0,0,0,0,0,0,0.07,0.00721,0.07,0.00721,0.07,0.00722,0.07,0.0072
1,14,cube,0,0.00722,0,0,0,0,0,0,0,0,0.00722,0,0,0,0,0,0,0,0.075,0.00722,0.075,0.00721,0.075,0.00722,0.075,0.0072
1,15,cube,0,0.00722,0,0,0,0,0,0,0,0,0.00722,0,0,0,0,0,0,0,0.08,0.00722,0.08,0.00721,0.08,0.00722,0.08,0.0072
1,16,cube,0,0.00722,0,0,0,0,0,0,0,0,0.00722,0,0,0,0,0,0,0,0.085,0.00722,0.085,0.00721,0.085,0.00722,0.085,0.0072
1,17,cube,0,0.00722,0,0,0,0,0,0,0,0,0.00722,0,0,0,0,0,0,0,0.09,0.00722,0.09,0.00721,0.09,0.00722,0.09,0.0072
1,18,cube,0,0.00722,0,0,0,0,0,0,0,0,0.00722,0,0,0,0,0,0,0,0.095,0.00722,0.095,0.00721,0.095,0.00722,0.095,0.0072
1,19,cube,0,0.00722,0,0,0,0,0,0,0,0,0.00722,0,0,0,0,0,0,0,0.1,0.00722,0.1,0.00721,0.1,0.00722,0.1,0.0072
1,20,cube,0,0.00722,0,0,0,0,0,0,0,0,0.00722,0,0,0,0,0,0,0,0.105,0.00722,0.105,0.00721,0.105,0.00722,0.105,0.0072
1,21,cube,0,0.00722,0,0,0,0,0,0,0,0,0.00722,0,0,0,0,0,0,0,0.11,0.00722,0.11,0.00721,0.11,0.00722,0.11,0.0072
1,22,cube,0,0.00722,0,0,0,0,0,0,0,0,0.00722,0,0,0,0,0,0,0,0.115,0.00722,0.115,0.00721,0.115,0.00722,0.115,0.0072
1,23,cube,0,0.00722,0,0,0,0,0,0,0,0,0.00722,0,0,0,0,0,0,0,0.12,0.00722,0.12,0.00721,0.12,0.00722,0.12,0.0072
1,24,cube,0,0.00722,0,0,0,0,0,0,0,0,0.00722,0,0,0,0,0,0,0,0.125,0.00722,0.125,0.00721,0.125,0.00722,0.125,0.0072
1,25,cube,0,0.00722,0,0,0,0,0,0,0,0,0.00722,0,0,0,0,0,0,0,0.13,0.00722,0.13,0.00721,0.13,0.00722,0.13,0.0072
1,26,cube,0,0.00722,0,0,0,0,0,0,0,0,0.00722,0,0,0,0,0,0,0,0.135,0.00722,0.135,0.00721,0.135,0.00722,0.135,0.0072
1,27,cube,0,0.00722,0,0,0,0,0,0,0,0,0.00722,0,0,0,0,0,0,0,0.14,0.00722,0.14,0.00721,0.14,0.00722,0.14,0.0072
1,28,cube,0,0.00722,0,0,0,0,0,0,0,0,0.00722,0,0,0,0,0,0,0,0.145,0.00722,0.145,0.00721,0.145,0.00722,0.145,0.0072
1,29,cube,0,0.00722,0,0,0,0,0,0,0,0,0.00722,0,0,0,0,0,0,0,0.15,0.00722,0.15,0.00721,0.15,0.00722,0.15,0.0072
1,30,cube,0,0.00722,0,0,0,0,0,0,0,0,0.00722,0,0,0,0,0,0,0,0.155,0.00722,0.155,0.00721,0.155,0.00722,0.155,0.0072
1,31,cube,0,0.00722,0,0,0,0,0,0,0,0,0.00722,0,0,0,0,0,0,0,0.16,0.00722,0.16,0.00721,0.16,0.00722,0.16,0.0072
1,32,cube,0,0.00722,0,0,0,0,0,0,0,0,0.00722,0,0,0,0,0,0,0,0.165,0.00722,0.165,0.00721,0.165,0.00722,0.165,0.0072
1,33,cube,0,0.00722,0,0,0,0,0,0,0,0,0.00722,0,0,0,0,0,0,0,0.17,0.00722,0.17,0.00721,0.17,0.00722,0.17,0.0072
1,34,cube,0,0.00721,0,0,0,0,0,0,0,0,0.00722,0,0,0,0,0,0,0,0.175,0.00721,0.175,0.00721,0.175,0.00722,0.175,0.0072
1,35,cube,0,0.00721,0,0,0,0,0,0,0,0,0.00722,0,0,0,0,0,0,0,0.18,0.00721,0.18,0.00721,0.18,0.00722,0.18,0.0072
1,36,cube,0,0.00721,0,0,0,0,0,0,0,0,0.00722,0,0,0,0,0,0,0,0.185,0.00721,0.185,0.00721,0.185,0.00722,0.185,0.0072
1,37,cube,0,0.00721,0,0,0,0,0,0,0,0,0.00722,0,0,0,0,0,0,0,0.19,0.00721,0.19,0.00721,0.19,0.00722,0.19,0.0072
1,38,cube,0,0.00721,0,0,0,0,0,0,0,0,0.00722,0,0,0,0,0,0,0,0.195,0.00721,0.195,0.00721,0.195,0.00722,0.195,0.0072
1,39,cube,0,0.00721,0,0,0,0,0,0,0,0,0.00722,0,0,0,0,0,0,0,0.2,0.00721,0.2,0.00721,0.2,0.00722,0.2,0.0072
1,40,cube,0,0.00721,0,0,0,0,0,0,0,0,0.00722,0,0,0,0,0,0,0,0.205,0.00721,0.205,0.00721,0.205,0.00722,0.205,0.0072
1,41,cube,0,0.00721,0,0,0,0,0,0,0,0,0.00722,0,0,0,0,0,0,0,0.21,0.00721,0.21,0.00721,0.21,0.00722,0.21,0.0072
1,42,cube,0,0.00721,0,0,0,0,0,0,0,0,0.00722,0,0,0,0,0,0,0,0.215,0.00721,0.215,0.00721,0.215,0.00722,0.215,0.00721
1,43,cube,0,0.00721,0,0,0,0,0,0,0,0,0.00721,0,0,0,0,0,0,0,0.22,0.00721,0.22,0.00721,0.22,0.00721,0.22,0.00721
1,44,cube,0,0.00721,0,0,0,0,0,0,0,0,0.00721,0,0,0,0,0,0,0,0.225,0.00721,0.225,0.00721,0.225,0.00721,0.225,0.00721
1,45,cube,0,0.00721,0,0,0,0,0,0,0,0,0.00721,0,0,0,0,0,0,0,0.23,0.00721,0.23,0.00721,0.23,0.00721,0.23,0.00721
1,46,cube,0,0.00721,0,0,0,0,0,0,0,0,0.00721,0,0,0,0,0,0,0,0.235,0.00721,0.235,0.00721,0.235,0.00721,0.235,0.00721
1,47,cube,0,0.00721,0,0,0,0,0,0,0,0,0.00721,0,0,0,0,0,0,0,0.24,0.00721,0.24,0.00721,0.24,0.00721,0.24,0.00721
1,48,cube,0,0.00721,0,0,0,0,0,0,0,0,0.00721,0,0,0,0,0,0,0,0.245,0.00721,0.245,0.00721,0.245,0.00721,0.245,0.00721
1,49,cube,0,0.00721,0,0,0,0,0,0,0,0,0.00721,0,0,0,0,0,0,0,0.25,0.00721,0.25,0.00721,0.25,0.00721,0.25,0.00721
1,50,cube,0,0.00721,0,0,0,0,0,0,0,0,0.00721,0,0,0,0,0,0,0,0.255,0.00721,0.255,0.00721,0.255,0.00721,0.255,0.00721
1,51,cube,0,0.00721,0,0,0,0,0,0,0,0,0.00721,0,0,0,0,0,0,0,0.26,0.00721,0.26,0.00721,0.26,0.00721,0.26,0.00721
1,52,cube,0,0.00721,0,0,0,0,0,0,0,0,0.00721,0,0,0,0,0,0,0,0.265,0.00721,0.265,0.00721,0.265,0.00721,0.265,0.00721
1,53,cube,0,0.00721,0,0,0,0,0,0,0,0,0.00721,0,0,0,0,0,0,0,0.27,0.00721,0.27,0.00721,0.27,0.00721,0.27,0.00721
1,54,cube,0,0.00721,0,0,0,0,0,0,0,0,0.00721,0,0,0,0,0,0,0,0.275,0.00721,0.275,0.00721,0.275,0.00721,0.275,0.00721
1,55,cube,0,0.00721,0,0,0,0,0,0,0,0,0.00721,0,0,0,0,0,0,0,0.28,0.00721,0.28,0.00721,0.28,0.00721,0.28,0.00721
1,56,cube,0,0.00721,0,0,0,0,0,0,0,0,0.00721,0,0,0,0,0,0,0,0.285,0.00721,0.285,0.00721,0.285,0.00721,0.285,0.00721
1,57,cube,0,0.00721,0,0,0,0,0,0,0,0,0.00721,0,0,0,0,0,0,0,0.29,0.00721,0.29,0.00721,0.29,0.00721,0.29,0.00721
1,58,cube,0,0.00721,0,0,0,0,0,0,0,0,0.00721,0,0,0,0,0,0,0,0.295,0.00721,0.295,0.00721,0.295,0.00721,0.295,0.00721
1,59,cube,0,0.00721,0,0,0,0,0,0,0,0,0.00721,0,0,0,0,0,0,0,0.3,0.00721,0.3,0.00721,0.3,0.00721,0.3,0.00721
1,60,cube,0,0.00721,0,0,0,0,0,0,0,0,0.00721,0,0,0,0,0,0,0,0.305,0.00721,0.305,0.00721,0.305,0.00721,0.305,0.00721
1,61,cube,0,0.00721,0,0,0,0,0,0,0,0,0.00721,0,0,0,0,0,0,0,0.31,0.00721,0.31,0.00721,0.31,0.00721,0.31,0.00721
1,62,cube,0,0.00721,0,0,0,0,0,0,0,0,0.00721,0,0,0,0,0,0,0,0.315,0.00721,0.315,0.00721,0.315,0.00721,0.315,0.00721
1,63,cube,0,0.00721,0,0,0,0,0,0,0,0,0.00721,0,0,0,0,0,0,0,0.32,0.00721,0.32,0.00721,0.32,0.00721,0.32,0.00721
1,64,cube,0,0.00721,0,0,0,0,0,0,0,0,0.00721,0,0,0,0,0,0,0,0.325,0.00721,0.325,0.00721,0.325,0.00721,0.325,0.00721
1,65,cube,0,0.00721,0,0,0,0,0,0,0,0,0.00721,0,0,0,0,0,0,0,0.33,0.00721,0.33,0.00721,0.33,0.00721,0.33,0.00721
1,66,cube,0,0.00721,0,0,0,0,0,0,0,0,0.00721,0,0,0,0,0,0,0,0.335,0.00721,0.335,0.00721,0.335,0.00721,0.335,0.00721
1,67,cube,0,0.00721,0,0,0,0,0,0,0,0,0.00721,0,0,0,0,0,0,0,0.34,0.00721,0.34,0.00721,0.34,0.00721,0.34,0.00721
1,68,cube,0,0.00721,0,0,0,0,0,0,0,0,0.00721,0,0,0,0,0,0,0,0.345,0.00721,0.345,0.00721,0.345,0.00721,0.345,0.00721
1,69,cube,0,0.00721,0,0,0,0,0,0,0,0,0.00721,0,0,0,0,0,0,0,0.35,0.00721,0.35,0.00721,0.35,0.00721,0.35,0.00721
1,70,cube,0,0.00721,0,0,0,0,0,0,0,0,0.00721,0,0,0,0,0,0,0,0.355,0.00721,0.355,0.00721,0.355,0.00721,0.355,0.00721
1,71,cube,0,0.00721,0,0,0,0,0,0,0,0,0.00721,0,0,0,0,0,0,0,0.36,0.00721,0.36,0.00721,0.36,0.00721,0.36,0.00721
1,72,cube,0,0.00721,0,0,0,0,0,0,0,0,0.00721,0,0,0,0,0,0,0,0.365,0.00721,0.365,0.00721,0.365,0.00721,0.365,0.00721
1,73,cube,0,0.00721,0,0,0,0,0,0,0,0,0.00721,0,0,0,0,0,0,0,0.37,0.00721,0.37,0.00721,0.37,0.00721,0.37,0.00721
1,74,cube,0,0.00721,0,0,0,0,0,0,0,0,0.00721,0,0,0,0,0,0,0,0.375,0.00721,0.375,0.00721,0.375,0.00721,0.375,0.00721
1,75,cube,0,0.00721,0,0,0,0,0,0,0,0,0.00721,0,0,0,0,0,0,0,0.38,0.00721,0.38,0.00721,0.38,0.00721,0.38,0.00721
1,76,cube,0,0.00721,0,0,0,0,0,0,0,0,0.00721,0,0,0,0,0,0,0,0.385,0.00721,0.385,0.00721,0.385,0.00721,0.385,0.00721
1,77,cube,0,0.00721,0,0,0,0,0,0,0,0,0.00721,0,0,0,0,0,0,0,0.39,0.00721,0.39,0.00721,0.39,0.00721,0.39,0.00721
1,78,cube,0,0.00721,0,0,0,0,0,0,0,0,0.00721,0,0,0,0,0,0,0,0.395,0.00721,0.395,0.00721,0.395,0.00721,0.395,0.00721
1,79,cube,0,0.00721,0,0,0,0,0,0,0,0,0.00721,0,0,0,0,0,0,0,0.4,0.00721,0.4,0.00721,0.4,0.00721,0.4,0.00721
1,80,cube,0,0.00721,0,0,0,0,0,0,0,0,0.00721,0,0,0,0,0,0,0,0.405,0.00721,0.405,0.00721,0.405,0.00721,0.405,0.00721
1,81,cube,0,0.00721,0,0,0,0,0,0,0,0,0.00721,0,0,0,0,0,0,0,0.41,0.00721,0.41,0.00721,0.41,0.00721,0.41,0.00721
1,82,cube,0,0.00721,0,0,0,0,0,0,0,0,0.00721,0,0,0,0,0,0,0,0.415,0.00721,0.415,0.00721,0.415,0.00721,0.415,0.00721
1,83,cube,0,0.00721,0,0,0,0,0,0,0,0,0.00721,0,0,0,0,0,0,0,0.42,0.00721,0.42,0.00721,0.42,0.00721,0.42,0.00721
1,84,cube,0,0.00721,0,0,0,0,0,0,0,0,0.00721,0,0,0,0,0,0,0,0.425,0.00721,0.425,0.00721,0.425,0.00721,0.425,0.00721
1,85,cube,0,0.0074,0,0,0,0,0,0,0,1,0.01075,0,0,0,0,0,0,0,0.43,0.0074,0.43,0.00698,0.43,0.00761,0.43,0.01075
1,86,cube,0,0.00773,0,0,0,0,0,0,0,1,0.0178,0,0,0,0,0,0,0,0.435,0.00773,0.435,0.00663,0.435,0.00822,0.435,0.0178
1,87,cube,0,0.00801,0,0,0,0,0,0,0,1,0.02615,1,0,0,0,0,0,0,0.44,0.00801,0.44,0.00628,0.44,0.00874,0.44,0.02615
1,88,cube,0,0.00827,0,0,0,0,0,0,0,1,0.03573,1,1,0,0,0,0,0,0.445,0.00827,0.445,0.00593,0.445,0.00918,0.445,0.03573
1,89,cube,0,0.00849,0,0,0,0,0,0,0,1,0.04631,1,1,1,0,0,0,0,0.45,0.00849,0.45,0.00562,0.45,0.00958,0.45,0.04631
1,90,cube,1,0.01096,0,0,0,0,0,0,0,1,0.05278,1,1,1,1,0,0,0,0.455,0.00869,0.455,0.01096,0.455,0.0144,0.455,0.05278
1,91,cube,1,0.01826,0,0,0,0,0,0,0,1,0.0603,1,1,1,1,1,0,0,0.46,0.00907,0.46,0.01826,0.46,0.01822,0.46,0.0603
1,92,cube,1,0.02685,1,0,0,0,0,0,0,1,0.066,1,1,1,1,1,0,0,0.465,0.00931,0.465,0.02685,0.465,0.02384,0.465,0.066
1,93,cube,1,0.03655,1,1,0,0,0,0,0,1,0.07345,1,1,1,1,1,0,0,0.47,0.00966,0.47,0.03655,0.47,0.02713,0.47,0.07345
1,94,cube,1,0.04733,1,1,1,0,0,0,0,1,0.07863,1,1,1,1,1,0,0,0.475,0.00994,0.475,0.04733,0.475,0.03338,0.475,0.07863
1,95,cube,1,0.05515,1,1,1,1,0,0,0,1,0.08573,1,1,1,1,1,1,0,0.48,0.01317,0.48,0.05515,0.48,0.03663,0.48,0.08573
1,96,cube,1,0.06353,1,1,1,1,1,0,0,1,0.09122,1,1,1,1,1,1,0,0.485,0.01729,0.485,0.06353,0.485,0.04211,0.485,0.09122
1,97,cube,1,0.07023,1,1,1,1,1,0,0,1,0.09844,1,1,1,1,1,1,0,0.49,0.02271,0.49,0.07023,0.49,0.04564,0.49,0.09844
1,98,cube,1,0.07882,1,1,1,1,1,0,0,1,0.10378,1,1,1,1,1,1,1,0.495,0.02561,0.495,0.07882,0.495,0.05143,0.495,0.10378
1,99,cube,1,0.08549,1,1,1,1,1,1,0,1,0.1106,1,1,1,1,1,1,1,0.5,0.03048,0.5,0.08549,0.5,0.05508,0.5,0.1106
1,100,cube,1,0.08875,1,1,1,1,1,1,0,1,0.1106,1,1,1,1,1,1,1,0.505,0.03365,0.5,0.08875,0.505,0.06087,0.5,0.1106
1,101,cube,1,0.09003,1,1,1,1,1,1,0,1,0.1122,1,1,1,1,1,1,1,0.51,0.03895,0.5,0.09003,0.51,0.06458,0.5,0.1122
1,102,cube,1,0.09306,1,1,1,1,1,1,0,1,0.1121,1,1,1,1,1,1,1,0.515,0.0422,0.5,0.09306,0.515,0.07033,0.5,0.1121
1,103,cube,1,0.09425,1,1,1,1,1,1,0,1,0.1137,1,1,1,1,1,1,1,0.52,0.04743,0.5,0.09425,0.52,0.07392,0.5,0.1137
1,104,cube,1,0.09721,1,1,1,1,1,1,0,1,0.11354,1,1,1,1,1,1,1,0.525,0.05063,0.5,0.09721,0.525,0.07976,0.5,0.11354
1,105,cube,1,0.09839,1,1,1,1,1,1,0,1,0.11499,1,1,1,1,1,1,1,0.53,0.05576,0.5,0.09839,0.53,0.08364,0.5,0.11499
1,106,cube,1,0.10128,1,1,1,1,1,1,1,1,0.11462,1,1,1,1,1,1,1,0.535,0.05893,0.5,0.10128,0.535,0.08978,0.5,0.11462
1,107,cube,1,0.10245,1,1,1,1,1,1,1,1,0.11601,1,1,1,1,1,1,1,0.54,0.064,0.5,0.10245,0.54,0.09365,0.5,0.11601
1,108,cube,1,0.10544,1,1,1,1,1,1,1,1,0.11576,1,1,1,1,1,1,1,0.545,0.06702,0.5,0.10544,0.545,0.09947,0.5,0.11576
1,109,cube,1,0.10682,1,1,1,1,1,1,1,1,0.11729,1,1,1,1,1,1,1,0.55,0.07179,0.5,0.10682,0.55,0.10315,0.5,0.11729
1,110,cube,1,0.10998,1,1,1,1,1,1,1,1,0.11724,1,1,1,1,1,1,1,0.555,0.07478,0.5,0.10998,0.555,0.10885,0.5,0.11724
1,111,cube,1,0.11142,1,1,1,1,1,1,1,1,0.11895,1,1,1,1,1,1,1,0.56,0.0797,0.5,0.11142,0.56,0.11247,0.5,0.11895
1,112,cube,1,0.11469,1,1,1,1,1,1,1,1,0.11902,1,1,1,1,1,1,1,0.565,0.08267,0.5,0.11469,0.565,0.11815,0.5,0.11902
1,113,cube,1,0.11627,1,1,1,1,1,1,1,1,0.12174,1,1,1,1,1,1,1,0.57,0.08748,0.5,0.11627,0.57,0.12174,0.5,0.12086
1,114,cube,1,0.11967,1,1,1,1,1,1,1,1,0.12733,1,1,1,1,1,1,1,0.575,0.0904,0.5,0.11967,0.575,0.12733,0.5,0.12108
1,115,cube,1,0.1213,1,1,1,1,1,1,1,1,0.13089,1,1,1,1,1,1,1,0.58,0.09525,0.5,0.1213,0.58,0.13089,0.5,0.12304
1,116,cube,1,0.12477,1,1,1,1,1,1,1,1,0.13649,1,1,1,1,1,1,1,0.585,0.09816,0.5,0.12477,0.585,0.13649,0.5,0.12333
1,117,cube,1,0.12648,1,1,1,1,1,1,1,1,0.14001,1,1,1,1,1,1,1,0.59,0.10294,0.5,0.12648,0.59,0.14001,0.5,0.12539
1,118,cube,1,0.13002,1,1,1,1,1,1,1,1,0.14555,1,1,1,1,1,1,1,0.595,0.10583,0.5,0.13002,0.595,0.14555,0.5,0.12577
1,119,cube,1,0.13177,1,1,1,1,1,1,1,1,0.14907,1,1,1,1,1,1,1,0.6,0.1106,0.5,0.13177,0.6,0.14907,0.5,0.12789
1,120,cube,1,0.13476,1,1,1,1,1,1,1,1,0.15545,1,1,1,1,1,1,1,0.605,0.11418,0.5,0.13476,0.605,0.15545,0.5,0.12771
1,121,cube,1,0.1352,1,1,1,1,1,1,1,1,0.16023,1,1,1,1,1,1,1,0.61,0.12021,0.5,0.1352,0.61,0.16023,0.5,0.12854
1,122,cube,1,0.13771,1,1,1,1,1,1,1,1,0.16712,1,1,1,1,1,1,1,0.615,0.12386,0.5,0.13771,0.615,0.16712,0.5,0.12755
1,123,cube,1,0.13829,1,1,1,1,1,1,1,1,0.17143,1,1,1,1,1,1,1,0.62,0.1296,0.5,0.13829,0.62,0.17143,0.5,0.12852
1,124,cube,1,0.14099,1,1,1,1,1,1,1,1,0.17791,1,1,1,1,1,1,1,0.625,0.13308,0.5,0.14099,0.625,0.17791,0.5,0.12786
1,125,cube,1,0.14137,1,1,1,1,1,1,1,1,0.1818,1,1,1,1,1,1,1,0.63,0.13851,0.5,0.14137,0.63,0.1818,0.5,0.12893
2,0,cube,0,0.00295,0,0,0,0,0,0,0,0,0.00295,0,0,0,0,0,0,0,0.005,0.00295,0.005,0.00295,0.005,0.00295,0.005,0.00295
2,1,cube,0,0.0047,0,0,0,0,0,0,0,0,0.0047,0,0,0,0,0,0,0,0.01,0.0047,0.01,0.00469,0.01,0.0047,0.01,0.00469
2,2,cube,0,0.00573,0,0,0,0,0,0,0,0,0.00573,0,0,0,0,0,0,0,0.015,0.00573,0.015,0.00572,0.015,0.00573,0.015,0.00572
2,3,cube,0,0.00634,0,0,0,0,0,0,0,0,0.00634,0,0,0,0,0,0,0,0.02,0.00634,0.02,0.00634,0.02,0.00634,0.02,0.00633
2,4,cube,0,0.0067,0,0,0,0,0,0,0,0,0.0067,0,0,0,0,0,0,0,0.025,0.0067,0.025,0.0067,0.025,0.0067,0.025,0.00669
2,5,cube,0,0.00691,0,0,0,0,0,0,0,0,0.00691,0,0,0,0,0,0,0,0.03,0.00691,0.03,0.00691,0.03,0.00691,0.03,0.00691
2,6,cube,0,0.00704,0,0,0,0,0,0,0,0,0.00703,0,0,0,0,0,0,0,0.035,0.00703,0.035,0.00704,0.035,0.00703,0.035,0.00703
2,7,cube,0,0.00711,0,0,0,0,0,0,0,0,0.00711,0,0,0,0,0,0,0,0.04,0.00711,0.04,0.00711,0.04,0.00711,0.04,0.0071
2,8,cube,0,0.00715,0,0,0,0,0,0,0,0,0.00715,0,0,0,0,0,0,0,0.045,0.00715,0.045,0.00715,0.045,0.00715,0.045,0.00715
2,9,cube,0,0.00718,0,0,0,0,0,0,0,0,0.00718,0,0,0,0,0,0,0,0.05,0.00718,0.05,0.00718,0.05,0.00718,0.05,0.00717
2,10,cube,0,0.0072,0,0,0,0,0,0,0,0,0.00719,0,0,0,0,0,0,0,0.055,0.00719,0.055,0.0072,0.055,0.00719,0.055,0.00719
2,11,cube,0,0.0072,0,0,0,0,0,0,0,0,0.0072,0,0,0,0,0,0,0,0.06,0.0072,0.06,0.0072,0.06,0.0072,0.06,0.0072
2,12,cube,0,0.00721,0,0,0,0,0,0,0,0,0.00721,0,0,0,0,0,0,0,0.065,0.00721,0.065,0.00721,0.065,0.00721,0.065,0.0072
2,13,cube,0,0.00721,0,0,0,0,0,0,0,0,0.00721,0,0,0,0,0,0,0,0.07,0.00721,0.07,0.00721,0.07,0.00721,0.07,0.0072
2,14,cube,0,0.00721,0,0,0,0,0,0,0,0,0.00721,0,0,0,0,0,0,0,0.075,0.00721,0.075,0.00721,0.075,0.00721,0.075,0.00721
2,15,cube,0,0.00721,0,0,0,0,0,0,0,0,0.00721,0,0,0,0,0,0,0,0.08,0.00721,0.08,0.00721,0.08,0.00721,0.08,0.00721
2,16,cube,0,0.00721,0,0,0,0,0,0,0,0,0.00721,0,0,0,0,0,0,0,0.085,0.00721,0.085,0.00721,0.085,0.00721,0.085,0.00721
2,17,cube,0,0.00721,0,0,0,0,0,0,0,0,0.00721,0,0,0,0,0,0,0,0.09,0.00721,0.09,0.00721,0.09,0.00721,0.09,0.00721
2,18,cube,0,0.00721,0,0,0,0,0,0,0,0,0.00721,0,0,0,0,0,0,0,0.095,0.00721,0.095,0.00721,0.095,0.00721,0.095,0.00721
2,19,cube,0,0.00721,0,0,0,0,0,0,0,0,0.00721,0,0,0,0,0,0,0,0.1,0.00721,0.1,0.00721,0.1,0.00721,0.1,0.00721
2,20,cube,0,0.00721,0,0,0,0,0,0,0,0,0.00721,0,0,0,0,0,0,0,0.105,0.00721,0.105,0.00721,0.105,0.00721,0.105,0.00721
2,21,cube,0,0.00721,0,0,0,0,0,0,0,0,0.00721,0,0,0,0,0,0,0,0.11,0.00721,0.11,0.00721,0.11,0.00721,0.11,0.00721
2,22,cube,0,0.00721,0,0,0,0,0,0,0,0,0.00721,0,0,0,0,0,0,0,0.115,0.00721,0.115,0.00721,0.115,0.00721,0.115,0.00721
2,23,cube,0,0.00721,0,0,0,0,0,0,0,0,0.00721,0,0,0,0,0,0,0,0.12,0.00721,0.12,0.00721,0.12,0.00721,0.12,0.00721
2,24,cube,0,0.00721,0,0,0,0,0,0,0,0,0.00721,0,0,0,0,0,0,0,0.125,0.00721,0.125,0.00721,0.125,0.00721,0.125,0.00721
2,25,cube,0,0.00721,0,0,0,0,0,0,0,0,0.00721,0,0,0,0,0,0,0,0.13,0.00721,0.13,0.00721,0.13,0.00721,0.13,0.00721
2,26,cube,0,0.00721,0,0,0,0,0,0,0,0,0.00721,0,0,0,0,0,0,0,0.135,0.00721,0.135,0.00721,0.135,0.00721,0.135,0.00721
2,27,cube,0,0.00721,0,0,0,0,0,0,0,0,0.00721,0,0,0,0,0,0,0,0.14,0.00721,0.14,0.00721,0.14,0.00721,0.14,0.00721
2,28,cube,0,0.00721,0,0,0,0,0,0,0,0,0.00721,0,0,0,0,0,0,0,0.145,0.00721,0.145,0.00721,0.145,0.00721,0.145,0.00721
2,29,cube,0,0.00721,0,0,0,0,0,0,0,0,0.00721,0,0,0,0,0,0,0,0.15,0.00721,0.15,0.00721,0.15,0.00721,0.15,0.00721
2,30,cube,0,0.00721,0,0,0,0,0,0,0,0,0.00721,0,0,0,0,0,0,0,0.155,0.00721,0.155,0.00721,0.155,0.00721,0.155,0.00721
2,31,cube,0,0.00721,0,0,0,0,0,0,0,0,0.00721,0,0,0,0,0,0,0,0.16,0.00721,0.16,0.00721,0.16,0.00721,0.16,0.00721
2,32,cube,0,0.00721,0,0,0,0,0,0,0,0,0.00721,0,0,0,0,0,0,0,0.165,0.00721,0.165,0.00721,0.165,0.00721,0.165,0.00721
2,33,cube,0,0.00721,0,0,0,0,0,0,0,0,0.00721,0,0,0,0,0,0,0,0.17,0.00721,0.17,0.00721,0.17,0.00721,0.17,0.00721
2,34,cube,0,0.00721,0,0,0,0,0,0,0,0,0.00721,0,0,0,0,0,0,0,0.175,0.00721,0.175,0.00721,0.175,0.00721,0.175,0.00721
2,35,cube,0,0.00721,0,0,0,0,0,0,0,0,0.00721,0,0,0,0,0,0,0,0.18,0.00721,0.18,0.00721,0.18,0.00721,0.18,0.00721
2,36,cube,0,0.00721,0,0,0,0,0,0,0,0,0.00721,0,0,0,0,0,0,0,0.185,0.00721,0.185,0.00721,0.185,0.00721,0.185,0.00721
2,37,cube,0,0.00721,0,0,0,0,0,0,0,0,0.00721,0,0,0,0,0,0,0,0.19,0.00721,0.19,0.00721,0.19,0.00721,0.19,0.00721
2,38,cube,0,0.00721,0,0,0,0,0,0,0,0,0.00721,0,0,0,0,0,0,0,0.195,0.00721,0.195,0.00721,0.195,0.00721,0.195,0.00721
2,39,cube,0,0.00721,0,0,0,0,0,0,0,0,0.00721,0,0,0,0,0,0,0,0.2,0.00721,0.2,0.00721,0.2,0.00721,0.2,0.00721
2,40,cube,0,0.00721,0,0,0,0,0,0,0,0,0.00721,0,0,0,0,0,0,0,0.205,0.00721,0.205,0.00721,0.205,0.00721,0.205,0.00721
2,41,cube,0,0.00721,0,0,0,0,0,0,0,0,0.00721,0,0,0,0,0,0,0,0.21,0.00721,0.21,0.00721,0.21,0.00721,0.21,0.00721
2,42,cube,0,0.00721,0,0,0,0,0,0,0,0,0.00721,0,0,0,0,0,0,0,0.215,0.00721,0.215,0.00721,0.215,0.00721,0.215,0.00721
2,43,cube,0,0.00721,0,0,0,0,0,0,0,0,0.00721,0,0,0,0,0,0,0,0.22,0.00721,0.22,0.00721,0.22,0.00721,0.22,0.00721
2,44,cube,0,0.00721,0,0,0,0,0,0,0,0,0.00721,0,0,0,0,0,0,0,0.225,0.00721,0.225,0.00721,0.225,0.00721,0.225,0.00721
2,45,cube,0,0.00721,0,0,0,0,0,0,0,0,0.00721,0,0,0,0,0,0,0,0.23,0.00721,0.23,0.00721,0.23,0.00721,0.23,0.00721
2,46,cube,0,0.00721,0,0,0,0,0,0,0,0,0.00721,0,0,0,0,0,0,0,0.235,0.00721,0.235,0.00721,0.235,0.00721,0.235,0.00721
2,47,cube,0,0.00721,0,0,0,0,0,0,0,0,0.00721,0,0,0,0,0,0,0,0.24,0.00721,0.24,0.00721,0.24,0.00721,0.24,0.00721
2,48,cube,0,0.00721,0,0,0,0,0,0,0,0,0.00721,0,0,0,0,0,0,0,0.245,0.00721,0.245,0.00721,0.245,0.00721,0.245,0.00721
2,49,cube,0,0.00721,0,0,0,0,0,0,0,0,0.00721,0,0,0,0,0,0,0,0.25,0.00721,0.25,0.00721,0.25,0.00721,0.25,0.00721
2,50,cube,0,0.00721,0,0,0,0,0,0,0,0,0.00721,0,0,0,0,0,0,0,0.255,0.00721,0.255,0.00721,0.255,0.00721,0.255,0.00721
2,51,cube,0,0.00721,0,0,0,0,0,0,0,0,0.00721,0,0,0,0,0,0,0,0.26,0.00721,0.26,0.00721,0.26,0.00721,0.26,0.00721
2,52,cube,0,0.00721,0,0,0,0,0,0,0,0,0.00721,0,0,0,0,0,0,0,0.265,0.00721,0.265,0.00721,0.265,0.00721,0.265,0.00721
2,53,cube,0,0.00721,0,0,0,0,0,0,0,0,0.00721,0,0,0,0,0,0,0,0.27,0.00721,0.27,0.00721,0.27,0.00721,0.27,0.00721
2,54,cube,0,0.00721,0,0,0,0,0,0,0,0,0.00721,0,0,0,0,0,0,0,0.275,0.00721,0.275,0.00721,0.275,0.00721,0.275,0.00721
2,55,cube,0,0.00721,0,0,0,0,0,0,0,0,0.00721,0,0,0,0,0,0,0,0.28,0.00721,0.28,0.00721,0.28,0.00721,0.28,0.00721
2,56,cube,0,0.00721,0,0,0,0,0,0,0,0,0.00721,0,0,0,0,0,0,0,0.285,0.00721,0.285,0.00721,0.285,0.00721,0.285,0.00721
2,57,cube,0,0.00721,0,0,0,0,0,0,0,0,0.00721,0,0,0,0,0,0,0,0.29,0.00721,0.29,0.00721,0.29,0.00721,0.29,0.00721
2,58,cube,0,0.00721,0,0,0,0,0,0,0,0,0.00721,0,0,0,0,0,0,0,0.295,0.00721,0.295,0.00721,0.295,0.00721,0.295,0.00721
2,59,cube,0,0.00721,0,0,0,0,0,0,0,0,0.00721,0,0,0,0,0,0,0,0.3,0.00721,0.3,0.00721,0.3,0.00721,0.3,0.00721
2,60,cube,0,0.00721,0,0,0,0,0,0,0,0,0.00721,0,0,0,0,0,0,0,0.305,0.00721,0.305,0.00721,0.305,0.00721,0.305,0.00721
2,61,cube,0,0.00721,0,0,0,0,0,0,0,0,0.00721,0,0,0,0,0,0,0,0.31,0.00721,0.31,0.00721,0.31,0.00721,0.31,0.00721
2,62,cube,0,0.00721,0,0,0,0,0,0,0,0,0.00721,0,0,0,0,0,0,0,0.315,0.00721,0.315,0.00721,0.315,0.00721,0.315,0.00721
2,63,cube,0,0.00721,0,0,0,0,0,0,0,0,0.00721,0,0,0,0,0,0,0,0.32,0.00721,0.32,0.00721,0.32,0.00721,0.32,0.00721
2,64,cube,0,0.00721,0,0,0,0,0,0,0,0,0.00721,0,0,0,0,0,0,0,0.325,0.00721,0.325,0.00721,0.325,0.00721,0.325,0.00721
2,65,cube,0,0.00721,0,0,0,0,0,0,0,0,0.00721,0,0,0,0,0,0,0,0.33,0.00721,0.33,0.00721,0.33,0.00721,0.33,0.00721
2,66,cube,0,0.00721,0,0,0,0,0,0,0,0,0.00721,0,0,0,0,0,0,0,0.335,0.00721,0.335,0.00721,0.335,0.00721,0.335,0.00721
2,67,cube,0,0.00721,0,0,0,0,0,0,0,0,0.00721,0,0,0,0,0,0,0,0.34,0.00721,0.34,0.00721,0.34,0.00721,0.34,0.00721
2,68,cube,0,0.00721,0,0,0,0,0,0,0,0,0.00721,0,0,0,0,0,0,0,0.345,0.00721,0.345,0.00721,0.345,0.00721,0.345,0.00721
2,69,cube,0,0.00721,0,0,0,0,0,0,0,0,0.00721,0,0,0,0,0,0,0,0.35,0.00721,0.35,0.00721,0.35,0.00721,0.35,0.00721
2,70,cube,0,0.00721,0,0,0,0,0,0,0,0,0.00721,0,0,0,0,0,0,0,0.355,0.00721,0.355,0.00721,0.355,0.00721,0.355,0.00721
2,71,cube,0,0.00721,0,0,0,0,0,0,0,0,0.00721,0,0,0,0,0,0,0,0.36,0.00721,0.36,0.00721,0.36,0.00721,0.36,0.00721
2,72,cube,0,0.00721,0,0,0,0,0,0,0,0,0.00721,0,0,0,0,0,0,0,0.365,0.00721,0.365,0.00721,0.365,0.00721,0.365,0.00721
2,73,cube,0,0.00721,0,0,0,0,0,0,0,0,0.00721,0,0,0,0,0,0,0,0.37,0.00721,0.37,0.00721,0.37,0.00721,0.37,0.00721
2,74,cube,0,0.00721,0,0,0,0,0,0,0,0,0.00721,0,0,0,0,0,0,0,0.375,0.00721,0.375,0.00721,0.375,0.00721,0.375,0.00721
2,75,cube,0,0.00721,0,0,0,0,0,0,0,0,0.00721,0,0,0,0,0,0,0,0.38,0.00721,0.38,0.00721,0.38,0.00721,0.38,0.00721
2,76,cube,0,0.00721,0,0,0,0,0,0,0,0,0.00721,0,0,0,0,0,0,0,0.385,0.00721,0.385,0.00721,0.385,0.00721,0.385,0.00721
2,77,cube,0,0.00721,0,0,0,0,0,0,0,0,0.00721,0,0,0,0,0,0,0,0.39,0.00721,0.39,0.00721,0.39,0.00721,0.39,0.00721
2,78,cube,0,0.00721,0,0,0,0,0,0,0,0,0.00721,0,0,0,0,0,0,0,0.395,0.00721,0.395,0.00721,0.395,0.00721,0.395,0.00721
2,79,cube,0,0.00721,0,0,0,0,0,0,0,0,0.00721,0,0,0,0,0,0,0,0.4,0.00721,0.4,0.00721,0.4,0.00721,0.4,0.00721
2,80,cube,0,0.00721,0,0,0,0,0,0,0,0,0.00721,0,0,0,0,0,0,0,0.405,0.00721,0.405,0.00721,0.405,0.00721,0.405,0.00721
2,81,cube,0,0.00721,0,0,0,0,0,0,0,0,0.00721,0,0,0,0,0,0,0,0.41,0.00721,0.41,0.00721,0.41,0.00721,0.41,0.00721
2,82,cube,0,0.00721,0,0,0,0,0,0,0,0,0.00721,0,0,0,0,0,0,0,0.415,0.00721,0.415,0.00721,0.415,0.00721,0.415,0.00721
2,83,cube,0,0.00721,0,0,0,0,0,0,0,0,0.00721,0,0,0,0,0,0,0,0.42,0.00721,0.42,0.00721,0.42,0.00721,0.42,0.00721
2,84,cube,0,0.00721,0,0,0,0,0,0,0,0,0.00721,0,0,0,0,0,0,0,0.425,0.00721,0.425,0.00721,0.425,0.00721,0.425,0.00721
2,85,cube,0,0.00741,0,0,0,0,0,0,0,1,0.01073,0,0,0,0,0,0,0,0.43,0.00741,0.43,0.00698,0.43,0.00761,0.43,0.01073
2,86,cube,0,0.00772,0,0,0,0,0,0,0,1,0.01768,0,0,0,0,0,0,0,0.435,0.00772,0.435,0.00664,0.435,0.00822,0.435,0.01768
2,87,cube,0,0.008,0,0,0,0,0,0,0,1,0.02589,1,0,0,0,0,0,0,0.44,0.008,0.44,0.0063,0.44,0.00874,0.44,0.02589
2,88,cube,0,0.00825,0,0,0,0,0,0,0,1,0.0353,1,1,0,0,0,0,0,0.445,0.00825,0.445,0.00597,0.445,0.00919,0.445,0.0353
2,89,cube,0,0.00846,0,0,0,0,0,0,0,1,0.04576,1,1,1,0,0,0,0,0.45,0.00846,0.45,0.00568,0.45,0.00959,0.45,0.04576
2,90,cube,1,0.01112,0,0,0,0,0,0,0,1,0.05185,1,1,1,1,0,0,0,0.455,0.00856,0.455,0.01112,0.455,0.01531,0.455,0.05185
2,91,cube,1,0.01837,0,0,0,0,0,0,0,1,0.05921,1,1,1,1,0,0,0,0.46,0.0089,0.46,0.01837,0.46,0.01882,0.46,0.05921
2,92,cube,1,0.02682,1,0,0,0,0,0,0,1,0.06464,1,1,1,1,1,0,0,0.465,0.00914,0.465,0.02682,0.465,0.02435,0.465,0.06464
2,93,cube,1,0.03629,1,1,0,0,0,0,0,1,0.07154,1,1,1,1,1,0,0,0.47,0.00948,0.47,0.03629,0.47,0.02781,0.47,0.07154
2,94,cube,1,0.04678,1,1,1,0,0,0,0,1,0.07666,1,1,1,1,1,0,0,0.475,0.00974,0.475,0.04678,0.475,0.03323,0.475,0.07666
2,95,cube,1,0.0578,1,1,1,1,0,0,0,1,0.08326,1,1,1,1,1,1,0,0.48,0.01012,0.48,0.0578,0.48,0.03665,0.48,0.08326
2,96,cube,1,0.06417,1,1,1,1,1,0,0,1,0.08845,1,1,1,1,1,1,0,0.485,0.01587,0.485,0.06417,0.485,0.04168,0.485,0.08845
2,97,cube,1,0.07236,1,1,1,1,1,0,0,1,0.09516,1,1,1,1,1,1,0,0.49,0.01909,0.49,0.07236,0.49,0.04527,0.49,0.09516
2,98,cube,1,0.07883,1,1,1,1,1,0,0,1,0.10018,1,1,1,1,1,1,1,0.495,0.02417,0.495,0.07883,0.495,0.05092,0.495,0.10018
2,99,cube,1,0.08678,1,1,1,1,1,1,0,1,0.1068,1,1,1,1,1,1,1,0.5,0.02748,0.5,0.08678,0.5,0.05455,0.5,0.1068
2,100,cube,1,0.08805,1,1,1,1,1,1,0,1,0.10679,1,1,1,1,1,1,1,0.505,0.03257,0.5,0.08805,0.505,0.0601,0.5,0.10679
2,101,cube,1,0.09084,1,1,1,1,1,1,0,1,0.10837,1,1,1,1,1,1,1,0.51,0.0358,0.5,0.09084,0.51,0.06375,0.5,0.10837
2,102,cube,1,0.09211,1,1,1,1,1,1,0,1,0.10815,1,1,1,1,1,1,1,0.515,0.04065,0.5,0.09211,0.515,0.06962,0.5,0.10815
2,103,cube,1,0.09486,1,1,1,1,1,1,0,1,0.10945,1,1,1,1,1,1,1,0.52,0.04382,0.5,0.09486,0.52,0.07354,0.5,0.10945
2,104,cube,1,0.09605,1,1,1,1,1,1,0,1,0.10892,1,1,1,1,1,1,1,0.525,0.04879,0.5,0.09605,0.525,0.07967,0.5,0.10892
2,105,cube,1,0.09878,1,1,1,1,1,1,0,1,0.11005,1,1,1,1,1,1,1,0.53,0.05195,0.5,0.09878,0.53,0.08362,0.5,0.11005
2,106,cube,1,0.09991,1,1,1,1,1,1,0,1,0.10945,1,1,1,1,1,1,1,0.535,0.05697,0.5,0.09991,0.535,0.08973,0.5,0.10945
2,107,cube,1,0.10255,1,1,1,1,1,1,1,1,0.11045,1,1,1,1,1,1,1,0.54,0.06027,0.5,0.10255,0.54,0.09382,0.5,0.11045
2,108,cube,1,0.10355,1,1,1,1,1,1,1,1,0.10967,1,1,1,1,1,1,1,0.545,0.06544,0.5,0.10355,0.545,0.10015,0.5,0.10967
2,109,cube,1,0.10609,1,1,1,1,1,1,1,1,0.11053,1,1,1,1,1,1,1,0.55,0.06881,0.5,0.10609,0.55,0.10433,0.5,0.11053
2,110,cube,1,0.107,1,1,1,1,1,1,1,1,0.11074,1,1,1,1,1,1,1,0.555,0.07405,0.5,0.107,0.555,0.11074,0.5,0.10963
2,111,cube,1,0.10948,1,1,1,1,1,1,1,1,0.11499,1,1,1,1,1,1,1,0.56,0.07749,0.5,0.10948,0.56,0.11499,0.5,0.1104
2,112,cube,1,0.11031,1,1,1,1,1,1,1,1,0.12149,1,1,1,1,1,1,1,0.565,0.08281,0.5,0.11031,0.565,0.12149,0.5,0.10942
2,113,cube,1,0.11277,1,1,1,1,1,1,1,1,0.12577,1,1,1,1,1,1,1,0.57,0.08629,0.5,0.11277,0.57,0.12577,0.5,0.11017
2,114,cube,1,0.11361,1,1,1,1,1,1,1,1,0.13227,1,1,1,1,1,1,1,0.575,0.09164,0.5,0.11361,0.575,0.13227,0.5,0.10919
2,115,cube,1,0.11611,1,1,1,1,1,1,1,1,0.13655,1,1,1,1,1,1,1,0.58,0.09513,0.5,0.11611,0.58,0.13655,0.5,0.10999
2,116,cube,1,0.117,1,1,1,1,1,1,1,1,0.14302,1,1,1,1,1,1,1,0.585,0.10049,0.5,0.117,0.585,0.14302,0.5,0.10909
2,117,cube,1,0.11957,1,1,1,1,1,1,1,1,0.14727,1,1,1,1,1,1,1,0.59,0.10398,0.5,0.11957,0.59,0.14727,0.5,0.10999
2,118,cube,1,0.12053,1,1,1,1,1,1,1,1,0.15367,1,1,1,1,1,1,1,0.595,0.10932,0.5,0.12053,0.595,0.15367,0.5,0.10922
2,119,cube,1,0.12321,1,1,1,1,1,1,1,1,0.15784,1,1,1,1,1,1,1,0.6,0.11276,0.5,0.12321,0.6,0.15784,0.5,0.11028
2,120,cube,1,0.12425,1,1,1,1,1,1,1,1,0.16419,1,1,1,1,1,1,1,0.605,0.11807,0.5,0.12425,0.605,0.16419,0.5,0.10966
2,121,cube,1,0.13007,1,1,1,1,1,1,1,1,0.16604,1,1,1,1,1,1,1,0.61,0.11837,0.5,0.13007,0.61,0.16604,0.5,0.11295
2,122,cube,1,0.13234,1,1,1,1,1,1,1,1,0.16932,1,1,1,1,1,1,1,0.615,0.12293,0.5,0.13234,0.615,0.16932,0.5,0.11538
2,123,cube,1,0.13648,1,1,1,1,1,1,1,1,0.1748,1,1,1,1,1,1,1,0.62,0.12547,0.5,0.13648,0.62,0.1748,0.5,0.11599
2,124,cube,1,0.13883,1,1,1,1,1,1,1,1,0.17823,1,1,1,1,1,1,1,0.625,0.1298,0.5,0.13883,0.625,0.17823,0.5,0.11834
2,125,cube,1,0.1429,1,1,1,1,1,1,1,1,0.18378,1,1,1,1,1,1,1,0.63,0.13243,0.5,0.1429,0.63,0.18378,0.5,0.1189
3,0,cube,0,0.00295,0,0,0,0,0,0,0,0,0.00295,0,0,0,0,0,0,0,0.005,0.00295,0.005,0.00295,0.005,0.00295,0.005,0.00295
3,1,cube,0,0.0047,0,0,0,0,0,0,0,0,0.0047,0,0,0,0,0,0,0,0.01,0.0047,0.01,0.0047,0.01,0.0047,0.01,0.0047
3,2,cube,0,0.00573,0,0,0,0,0,0,0,0,0.00573,0,0,0,0,0,0,0,0.015,0.00573,0.015,0.00573,0.015,0.00573,0.015,0.00573
3,3,cube,0,0.00634,0,0,0,0,0,0,0,0,0.00633,0,0,0,0,0,0,0,0.02,0.00634,0.02,0.00633,0.02,0.00633,0.02,0.00633
3,4,cube,0,0.00669,0,0,0,0,0,0,0,0,0.00669,0,0,0,0,0,0,0,0.025,0.00669,0.025,0.00669,0.025,0.00669,0.025,0.00669
3,5,cube,0,0.00691,0,0,0,0,0,0,0,0,0.00691,0,0,0,0,0,0,0,0.03,0.00691,0.03,0.00691,0.03,0.00691,0.03,0.0069
3,6,cube,0,0.00703,0,0,0,0,0,0,0,0,0.00703,0,0,0,0,0,0,0,0.035,0.00703,0.035,0.00703,0.035,0.00703,0.035,0.00703
3,7,cube,0,0.00711,0,0,0,0,0,0,0,0,0.00711,0,0,0,0,0,0,0,0.04,0.00711,0.04,0.0071,0.04,0.00711,0.04,0.0071
3,8,cube,0,0.00715,0,0,0,0,0,0,0,0,0.00715,0,0,0,0,0,0,0,0.045,0.00715,0.045,0.00715,0.045,0.00715,0.045,0.00714
3,9,cube,0,0.00718,0,0,0,0,0,0,0,0,0.00718,0,0,0,0,0,0,0,0.05,0.00718,0.05,0.00717,0.05,0.00718,0.05,0.00717
3,10,cube,0,0.00719,0,0,0,0,0,0,0,0,0.00719,0,0,0,0,0,0,0,0.055,0.00719,0.055,0.00719,0.055,0.00719,0.055,0.00719
3,11,cube,0,0.0072,0,0,0,0,0,0,0,0,0.0072,0,0,0,0,0,0,0,0.06,0.0072,0.06,0.0072,0.06,0.0072,0.06,0.00719
3,12,cube,0,0.0072,0,0,0,0,0,0,0,0,0.00721,0,0,0,0,0,0,0,0.065,0.0072,0.065,0.0072,0.065,0.00721,0.065,0.0072
3,13,cube,0,0.00721,0,0,0,0,0,0,0,0,0.00721,0,0,0,0,0,0,0,0.07,0.00721,0.07,0.00721,0.07,0.00721,0.07,0.0072
3,14,cube,0,0.00721,0,0,0,0,0,0,0,0,0.00721,0,0,0,0,0,0,0,0.075,0.00721,0.075,0.00721,0.075,0.00721,0.075,0.0072
3,15,cube,0,0.00721,0,0,0,0,0,0,0,0,0.00721,0,0,0,0,0,0,0,0.08,0.00721,0.08,0.00721,0.08,0.00721,0.08,0.00721
3,16,cube,0,0.00721,0,0,0,0,0,0,0,0,0.00721,0,0,0,0,0,0,0,0.085,0.00721,0.085,0.00721,0.085,0.00721,0.085,0.00721
3,17,cube,0,0.00721,0,0,0,0,0,0,0,0,0.00721,0,0,0,0,0,0,0,0.09,0.00721,0.09,0.00721,0.09,0.00721,0.09,0.00721
3,18,cube,0,0.00721,0,0,0,0,0,0,0,0,0.00721,0,0,0,0,0,0,0,0.095,0.00721,0.095,0.00721,0.095,0.00721,0.095,0.00721
3,19,cube,0,0.00721,0,0,0,0,0,0,0,0,0.00721,0,0,0,0,0,0,0,0.1,0.00721,0.1,0.00721,0.1,0.00721,0.1,0.00721
3,20,cube,0,0.00721,0,0,0,0,0,0,0,0,0.00721,0,0,0,0,0,0,0,0.105,0.00721,0.105,0.00721,0.105,0.00721,0.105,0.00721
3,21,cube,0,0.00721,0,0,0,0,0,0,0,0,0.00721,0,0,0,0,0,0,0,0.11,0.00721,0.11,0.00721,0.11,0.00721,0.11,0.00721
3,22,cube,0,0.00721,0,0,0,0,0,0,0,0,0.00721,0,0,0,0,0,0,0,0.115,0.00721,0.115,0.00721,0.115,0.00721,0.115,0.00721
3,23,cube,0,0.00721,0,0,0,0,0,0,0,0,0.00721,0,0,0,0,0,0,0,0.12,0.00721,0.12,0.00721,0.12,0.00721,0.12,0.00721
3,24,cube,0,0.00721,0,0,0,0,0,0,0,0,0.00721,0,0,0,0,0,0,0,0.125,0.00721,0.125,0.00721,0.125,0.00721,0.125,0.00721
3,25,cube,0,0.00721,0,0,0,0,0,0,0,0,0.00721,0,0,0,0,0,0,0,0.13,0.00721,0.13,0.00721,0.13,0.00721,0.13,0.00721
3,26,cube,0,0.00721,0,0,0,0,0,0,0,0,0.00721,0,0,0,0,0,0,0,0.135,0.00721,0.135,0.00721,0.135,0.00721,0.135,0.00721
3,27,cube,0,0.00721,0,0,0,0,0,0,0,0,0.00721,0,0,0,0,0,0,0,0.14,0.00721,0.14,0.00721,0.14,0.00721,0.14,0.00721
3,28,cube,0,0.00721,0,0,0,0,0,0,0,0,0.00721,0,0,0,0,0,0,0,0.145,0.00721,0.145,0.00721,0.145,0.00721,0.145,0.00721
3,29,cube,0,0.00721,0,0,0,0,0,0,0,0,0.00721,0,0,0,0,0,0,0,0.15,0.00721,0.15,0.00721,0.15,0.00721,0.15,0.00721
3,30,cube,0,0.00721,0,0,0,0,0,0,0,0,0.00721,0,0,0,0,0,0,0,0.155,0.00721,0.155,0.00721,0.155,0.00721,0.155,0.00721
3,31,cube,0,0.00721,0,0,0,0,0,0,0,0,0.00721,0,0,0,0,0,0,0,0.16,0.00721,0.16,0.00721,0.16,0.00721,0.16,0.00721
3,32,cube,0,0.00721,0,0,0,0,0,0,0,0,0.00721,0,0,0,0,0,0,0,0.165,0.00721,0.165,0.00721,0.165,0.00721,0.165,0.00721
3,33,cube,0,0.00721,0,0,0,0,0,0,0,0,0.00721,0,0,0,0,0,0,0,0.17,0.00721,0.17,0.00721,0.17,0.00721,0.17,0.00721
3,34,cube,0,0.00721,0,0,0,0,0,0,0,0,0.00721,0,0,0,0,0,0,0,0.175,0.00721,0.175,0.00721,0.175,0.00721,0.175,0.00721
3,35,cube,0,0.00721,0,0,0,0,0,0,0,0,0.00721,0,0,0,0,0,0,0,0.18,0.00721,0.18,0.00721,0.18,0.00721,0.18,0.00721
3,36,cube,0,0.00721,0,0,0,0,0,0,0,0,0.00721,0,0,0,0,0,0,0,0.185,0.00721,0.185,0.00721,0.185,0.00721,0.185,0.00721
3,37,cube,0,0.00721,0,0,0,0,0,0,0,0,0.00721,0,0,0,0,0,0,0,0.19,0.00721,0.19,0.00721,0.19,0.00721,0.19,0.00721
3,38,cube,0,0.00721,0,0,0,0,0,0,0,0,0.00721,0,0,0,0,0,0,0,0.195,0.00721,0.195,0.00721,0.195,0.00721,0.195,0.00721
3,39,cube,0,0.00721,0,0,0,0,0,0,0,0,0.00721,0,0,0,0,0,0,0,0.2,0.00721,0.2,0.00721,0.2,0.00721,0.2,0.00721
3,40,cube,0,0.00721,0,0,0,0,0,0,0,0,0.00721,0,0,0,0,0,0,0,0.205,0.00721,0.205,0.00721,0.205,0.00721,0.205,0.00721
3,41,cube,0,0.00721,0,0,0,0,0,0,0,0,0.00721,0,0,0,0,0,0,0,0.21,0.00721,0.21,0.00721,0.21,0.00721,0.21,0.00721
3,42,cube,0,0.00721,0,0,0,0,0,0,0,0,0.00721,0,0,0,0,0,0,0,0.215,0.00721,0.215,0.00721,0.215,0.00721,0.215,0.00721
3,43,cube,0,0.00721,0,0,0,0,0,0,0,0,0.00721,0,0,0,0,0,0,0,0.22,0.00721,0.22,0.00721,0.22,0.00721,0.22,0.00721
3,44,cube,0,0.00721,0,0,0,0,0,0,0,0,0.00721,0,0,0,0,0,0,0,0.225,0.00721,0.225,0.00721,0.225,0.00721,0.225,0.00721
3,45,cube,0,0.00721,0,0,0,0,0,0,0,0,0.00721,0,0,0,0,0,0,0,0.23,0.00721,0.23,0.00721,0.23,0.00721,0.23,0.00721
3,46,cube,0,0.00721,0,0,0,0,0,0,0,0,0.00721,0,0,0,0,0,0,0,0.235,0.00721,0.235,0.00721,0.235,0.00721,0.235,0.00721
3,47,cube,0,0.00721,0,0,0,0,0,0,0,0,0.00721,0,0,0,0,0,0,0,0.24,0.00721,0.24,0.00721,0.24,0.00721,0.24,0.00721
3,48,cube,0,0.00721,0,0,0,0,0,0,0,0,0.00721,0,0,0,0,0,0,0,0.245,0.00721,0.245,0.00721,0.245,0.00721,0.245,0.00721
3,49,cube,0,0.00721,0,0,0,0,0,0,0,0,0.00721,0,0,0,0,0,0,0,0.25,0.00721,0.25,0.00721,0.25,0.00721,0.25,0.00721
3,50,cube,0,0.00721,0,0,0,0,0,0,0,0,0.00721,0,0,0,0,0,0,0,0.255,0.00721,0.255,0.00721,0.255,0.00721,0.255,0.00721
3,51,cube,0,0.00721,0,0,0,0,0,0,0,0,0.00721,0,0,0,0,0,0,0,0.26,0.00721,0.26,0.00721,0.26,0.00721,0.26,0.00721
3,52,cube,0,0.00721,0,0,0,0,0,0,0,0,0.00721,0,0,0,0,0,0,0,0.265,0.00721,0.265,0.00721,0.265,0.00721,0.265,0.00721
3,53,cube,0,0.00721,0,0,0,0,0,0,0,0,0.00721,0,0,0,0,0,0,0,0.27,0.00721,0.27,0.00721,0.27,0.00721,0.27,0.00721
3,54,cube,0,0.00721,0,0,0,0,0,0,0,0,0.00721,0,0,0,0,0,0,0,0.275,0.00721,0.275,0.00721,0.275,0.00721,0.275,0.00721
3,55,cube,0,0.00721,0,0,0,0,0,0,0,0,0.00721,0,0,0,0,0,0,0,0.28,0.00721,0.28,0.00721,0.28,0.00721,0.28,0.00721
3,56,cube,0,0.00721,0,0,0,0,0,0,0,0,0.00721,0,0,0,0,0,0,0,0.285,0.00721,0.285,0.00721,0.285,0.00721,0.285,0.00721
3,57,cube,0,0.00721,0,0,0,0,0,0,0,0,0.00721,0,0,0,0,0,0,0,0.29,0.00721,0.29,0.00721,0.29,0.00721,0.29,0.00721
3,58,cube,0,0.00721,0,0,0,0,0,0,0,0,0.00721,0,0,0,0,0,0,0,0.295,0.00721,0.295,0.00721,0.295,0.00721,0.295,0.00721
3,59,cube,0,0.00721,0,0,0,0,0,0,0,0,0.00721,0,0,0,0,0,0,0,0.3,0.00721,0.3,0.00721,0.3,0.00721,0.3,0.00721
3,60,cube,0,0.00721,0,0,0,0,0,0,0,0,0.00721,0,0,0,0,0,0,0,0.305,0.00721,0.305,0.00721,0.305,0.00721,0.305,0.00721
3,61,cube,0,0.00721,0,0,0,0,0,0,0,0,0.00721,0,0,0,0,0,0,0,0.31,0.00721,0.31,0.00721,0.31,0.00721,0.31,0.00721
3,62,cube,0,0.00721,0,0,0,0,0,0,0,0,0.00721,0,0,0,0,0,0,0,0.315,0.00721,0.315,0.00721,0.315,0.00721,0.315,0.00721
3,63,cube,0,0.00721,0,0,0,0,0,0,0,0,0.00721,0,0,0,0,0,0,0,0.32,0.00721,0.32,0.00721,0.32,0.00721,0.32,0.00721
3,64,cube,0,0.00721,0,0,0,0,0,0,0,0,0.00721,0,0,0,0,0,0,0,0.325,0.00721,0.325,0.00721,0.325,0.00721,0.325,0.00721
3,65,cube,0,0.00721,0,0,0,0,0,0,0,0,0.00721,0,0,0,0,0,0,0,0.33,0.00721,0.33,0.00721,0.33,0.00721,0.33,0.00721
3,66,cube,0,0.00721,0,0,0,0,0,0,0,0,0.00721,0,0,0,0,0,0,0,0.335,0.00721,0.335,0.00721,0.335,0.00721,0.335,0.00721
3,67,cube,0,0.00721,0,0,0,0,0,0,0,0,0.00721,0,0,0,0,0,0,0,0.34,0.00721,0.34,0.00721,0.34,0.00721,0.34,0.00721
3,68,cube,0,0.00721,0,0,0,0,0,0,0,0,0.00721,0,0,0,0,0,0,0,0.345,0.00721,0.345,0.00721,0.345,0.00721,0.345,0.00721
3,69,cube,0,0.00721,0,0,0,0,0,0,0,0,0.00721,0,0,0,0,0,0,0,0.35,0.00721,0.35,0.00721,0.35,0.00721,0.35,0.00721
3,70,cube,0,0.00721,0,0,0,0,0,0,0,0,0.00721,0,0,0,0,0,0,0,0.355,0.00721,0.355,0.00721,0.355,0.00721,0.355,0.00721
3,71,cube,0,0.00721,0,0,0,0,0,0,0,0,0.00721,0,0,0,0,0,0,0,0.36,0.00721,0.36,0.00721,0.36,0.00721,0.36,0.00721
3,72,cube,0,0.00721,0,0,0,0,0,0,0,0,0.00721,0,0,0,0,0,0,0,0.365,0.00721,0.365,0.00721,0.365,0.00721,0.365,0.00721
3,73,cube,0,0.00721,0,0,0,0,0,0,0,0,0.00721,0,0,0,0,0,0,0,0.37,0.00721,0.37,0.00721,0.37,0.00721,0.37,0.00721
3,74,cube,0,0.00721,0,0,0,0,0,0,0,0,0.00721,0,0,0,0,0,0,0,0.375,0.00721,0.375,0.00721,0.375,0.00721,0.375,0.00721
3,75,cube,0,0.00721,0,0,0,0,0,0,0,0,0.00721,0,0,0,0,0,0,0,0.38,0.00721,0.38,0.00721,0.38,0.00721,0.38,0.00721
3,76,cube,0,0.00721,0,0,0,0,0,0,0,0,0.00721,0,0,0,0,0,0,0,0.385,0.00721,0.385,0.00721,0.385,0.00721,0.385,0.00721
3,77,cube,0,0.00721,0,0,0,0,0,0,0,0,0.00721,0,0,0,0,0,0,0,0.39,0.00721,0.39,0.00721,0.39,0.00721,0.39,0.00721
3,78,cube,0,0.00721,0,0,0,0,0,0,0,0,0.00721,0,0,0,0,0,0,0,0.395,0.00721,0.395,0.00721,0.395,0.00721,0.395,0.00721
3,79,cube,0,0.00721,0,0,0,0,0,0,0,0,0.00721,0,0,0,0,0,0,0,0.4,0.00721,0.4,0.00721,0.4,0.00721,0.4,0.00721
3,80,cube,0,0.00721,0,0,0,0,0,0,0,0,0.00721,0,0,0,0,0,0,0,0.405,0.00721,0.405,0.00721,0.405,0.00721,0.405,0.00721
3,81,cube,0,0.00721,0,0,0,0,0,0,0,0,0.00721,0,0,0,0,0,0,0,0.41,0.00721,0.41,0.00721,0.41,0.00721,0.41,0.00721
3,82,cube,0,0.00721,0,0,0,0,0,0,0,0,0.00721,0,0,0,0,0,0,0,0.415,0.00721,0.415,0.00721,0.415,0.00721,0.415,0.00721
3,83,cube,0,0.00721,0,0,0,0,0,0,0,0,0.00721,0,0,0,0,0,0,0,0.42,0.00721,0.42,0.00721,0.42,0.00721,0.42,0.00721
3,84,cube,0,0.00721,0,0,0,0,0,0,0,0,0.00721,0,0,0,0,0,0,0,0.425,0.00721,0.425,0.00721,0.425,0.00721,0.425,0.00721
3,85,cube,0,0.0074,0,0,0,0,0,0,0,1,0.01077,0,0,0,0,0,0,0,0.43,0.0074,0.43,0.007,0.43,0.00757,0.43,0.01077
3,86,cube,0,0.0077,0,0,0,0,0,0,0,1,0.01771,0,0,0,0,0,0,0,0.435,0.0077,0.435,0.00669,0.435,0.00814,0.435,0.01771
3,87,cube,0,0.00797,0,0,0,0,0,0,0,1,0.0258,1,0,0,0,0,0,0,0.44,0.00797,0.44,0.00637,0.44,0.00864,0.44,0.0258
3,88,cube,0,0.0082,0,0,0,0,0,0,0,1,0.03513,1,1,0,0,0,0,0,0.445,0.0082,0.445,0.00606,0.445,0.00905,0.445,0.03513
3,89,cube,0,0.00841,0,0,0,0,0,0,0,1,0.04555,1,1,1,0,0,0,0,0.45,0.00841,0.45,0.00577,0.45,0.00939,0.45,0.04555
3,90,cube,1,0.01072,0,0,0,0,0,0,0,1,0.05496,1,1,1,1,0,0,0,0.455,0.00875,0.455,0.01072,0.455,0.01096,0.455,0.05496
3,91,cube,1,0.01813,0,0,0,0,0,0,0,1,0.06049,1,1,1,1,1,0,0,0.46,0.00895,0.46,0.01813,0.46,0.01802,0.46,0.06049
3,92,cube,1,0.0264,1,0,0,0,0,0,0,1,0.06781,1,1,1,1,1,0,0,0.465,0.00925,0.465,0.0264,0.465,0.02163,0.465,0.06781
3,93,cube,1,0.03609,1,1,0,0,0,0,0,1,0.07371,1,1,1,1,1,0,0,0.47,0.00942,0.47,0.03609,0.47,0.02665,0.47,0.07371
3,94,cube,1,0.04646,1,1,1,0,0,0,0,1,0.08122,1,1,1,1,1,1,0,0.475,0.00972,0.475,0.04646,0.475,0.02958,0.475,0.08122
3,95,cube,1,0.0577,1,1,1,1,0,0,0,1,0.08712,1,1,1,1,1,1,0,0.48,0.00995,0.48,0.0577,0.48,0.03443,0.48,0.08712
3,96,cube,1,0.06705,1,1,1,1,1,0,0,1,0.09503,1,1,1,1,1,1,0,0.485,0.01208,0.485,0.06705,0.485,0.03663,0.485,0.09503
3,97,cube,1,0.074,1,1,1,1,1,0,0,1,0.10154,1,1,1,1,1,1,1,0.49,0.01752,0.49,0.074,0.49,0.04104,0.49,0.10154
3,98,cube,1,0.08313,1,1,1,1,1,1,0,1,0.10987,1,1,1,1,1,1,1,0.495,0.01998,0.495,0.08313,0.495,0.04353,0.495,0.10987
3,99,cube,1,0.09054,1,1,1,1,1,1,0,1,0.11638,1,1,1,1,1,1,1,0.5,0.02439,0.5,0.09054,0.5,0.04819,0.5,0.11638
3,100,cube,1,0.09427,1,1,1,1,1,1,0,1,0.11904,1,1,1,1,1,1,1,0.505,0.02709,0.5,0.09427,0.505,0.05117,0.5,0.11904
3,101,cube,1,0.09634,1,1,1,1,1,1,0,1,0.11996,1,1,1,1,1,1,1,0.51,0.03146,0.5,0.09634,0.51,0.05596,0.5,0.11996
3,102,cube,1,0.10003,1,1,1,1,1,1,1,1,0.1226,1,1,1,1,1,1,1,0.515,0.03419,0.5,0.10003,0.515,0.05892,0.5,0.1226
3,103,cube,1,0.10213,1,1,1,1,1,1,1,1,0.12341,1,1,1,1,1,1,1,0.52,0.03853,0.5,0.10213,0.52,0.06397,0.5,0.12341
3,104,cube,1,0.10586,1,1,1,1,1,1,1,1,0.12587,1,1,1,1,1,1,1,0.525,0.04124,0.5,0.10586,0.525,0.06725,0.5,0.12587
3,105,cube,1,0.108,1,1,1,1,1,1,1,1,0.12643,1,1,1,1,1,1,1,0.53,0.04559,0.5,0.108,0.53,0.07265,0.5,0.12643
3,106,cube,1,0.11181,1,1,1,1,1,1,1,1,0.1287,1,1,1,1,1,1,1,0.535,0.0483,0.5,0.11181,0.535,0.07618,0.5,0.1287
3,107,cube,1,0.11405,1,1,1,1,1,1,1,1,0.12907,1,1,1,1,1,1,1,0.54,0.05261,0.5,0.11405,0.54,0.08189,0.5,0.12907
3,108,cube,1,0.11793,1,1,1,1,1,1,1,1,0.13123,1,1,1,1,1,1,1,0.545,0.05533,0.5,0.11793,0.545,0.0856,0.5,0.13123
3,109,cube,1,0.12017,1,1,1,1,1,1,1,1,0.13159,1,1,1,1,1,1,1,0.55,0.05973,0.5,0.12017,0.55,0.09135,0.5,0.13159
3,110,cube,1,0.12408,1,1,1,1,1,1,1,1,0.13384,1,1,1,1,1,1,1,0.555,0.06242,0.5,0.12408,0.555,0.09493,0.5,0.13384
3,111,cube,1,0.12639,1,1,1,1,1,1,1,1,0.1343,1,1,1,1,1,1,1,0.56,0.06675,0.5,0.12639,0.56,0.10057,0.5,0.1343
3,112,cube,1,0.13039,1,1,1,1,1,1,1,1,0.13665,1,1,1,1,1,1,1,0.565,0.06942,0.5,0.13039,0.565,0.1041,0.5,0.13665
3,113,cube,1,0.13277,1,1,1,1,1,1,1,1,0.13722,1,1,1,1,1,1,1,0.57,0.07374,0.5,0.13277,0.57,0.1097,0.5,0.13722
3,114,cube,1,0.1368,1,1,1,1,1,1,1,1,0.13965,1,1,1,1,1,1,1,0.575,0.07647,0.5,0.1368,0.575,0.11328,0.5,0.13965
3,115,cube,1,0.13922,1,1,1,1,1,1,1,1,0.14029,1,1,1,1,1,1,1,0.58,0.0808,0.5,0.13922,0.58,0.11888,0.5,0.14029
3,116,cube,1,0.14331,1,1,1,1,1,1,1,1,0.1428,1,1,1,1,1,1,1,0.585,0.08352,0.5,0.14331,0.585,0.12242,0.5,0.1428
3,117,cube,1,0.14576,1,1,1,1,1,1,1,1,0.1435,1,1,1,1,1,1,1,0.59,0.08786,0.5,0.14576,0.59,0.12803,0.5,0.1435
3,118,cube,1,0.1499,1,1,1,1,1,1,1,1,0.14608,1,1,1,1,1,1,1,0.595,0.09053,0.5,0.1499,0.595,0.13154,0.5,0.14608
3,119,cube,1,0.1524,1,1,1,1,1,1,1,1,0.14684,1,1,1,1,1,1,1,0.6,0.09481,0.5,0.1524,0.6,0.1371,0.5,0.14684
3,120,cube,1,0.15659,1,1,1,1,1,1,1,1,0.1495,1,1,1,1,1,1,1,0.605,0.09745,0.5,0.15659,0.605,0.14056,0.5,0.1495
3,121,cube,1,0.1591,1,1,1,1,1,1,1,1,0.15031,1,1,1,1,1,1,1,0.61,0.10175,0.5,0.1591,0.61,0.14611,0.5,0.15031
3,122,cube,1,0.16336,1,1,1,1,1,1,1,1,0.15305,1,1,1,1,1,1,1,0.615,0.10431,0.5,0.16336,0.615,0.14954,0.5,0.15305
3,123,cube,1,0.16593,1,1,1,1,1,1,1,1,0.155,1,1,1,1,1,1,1,0.62,0.1085,0.5,0.16593,0.62,0.155,0.5,0.15393
3,124,cube,1,0.17023,1,1,1,1,1,1,1,1,0.15839,1,1,1,1,1,1,1,0.625,0.11103,0.5,0.17023,0.625,0.15839,0.5,0.15674
3,125,cube,1,0.17284,1,1,1,1,1,1,1,1,0.16382,1,1,1,1,1,1,1,0.63,0.11516,0.5,0.17284,0.63,0.16382,0.5,0.15767
4,0,cube,0,0.00296,0,0,0,0,0,0,0,0,0.00296,0,0,0,0,0,0,0,0.005,0.00296,0.005,0.00295,0.005,0.00296,0.005,0.00295
4,1,cube,0,0.00471,0,0,0,0,0,0,0,0,0.0047,0,0,0,0,0,0,0,0.01,0.00471,0.01,0.0047,0.01,0.0047,0.01,0.0047
4,2,cube,0,0.00574,0,0,0,0,0,0,0,0,0.00574,0,0,0,0,0,0,0,0.015,0.00574,0.015,0.00574,0.015,0.00574,0.015,0.00572
4,3,cube,0,0.00635,0,0,0,0,0,0,0,0,0.00635,0,0,0,0,0,0,0,0.02,0.00635,0.02,0.00635,0.02,0.00635,0.02,0.00633
4,4,cube,0,0.00671,0,0,0,0,0,0,0,0,0.0067,0,0,0,0,0,0,0,0.025,0.0067,0.025,0.00671,0.025,0.0067,0.025,0.00669
4,5,cube,0,0.00693,0,0,0,0,0,0,0,0,0.00692,0,0,0,0,0,0,0,0.03,0.00692,0.03,0.00693,0.03,0.00692,0.03,0.0069
4,6,cube,0,0.00705,0,0,0,0,0,0,0,0,0.00704,0,0,0,0,0,0,0,0.035,0.00704,0.035,0.00705,0.035,0.00704,0.035,0.00703
4,7,cube,0,0.00713,0,0,0,0,0,0,0,0,0.00712,0,0,0,0,0,0,0,0.04,0.00712,0.04,0.00713,0.04,0.00712,0.04,0.0071
4,8,cube,0,0.00717,0,0,0,0,0,0,0,0,0.00716,0,0,0,0,0,0,0,0.045,0.00716,0.045,0.00717,0.045,0.00716,0.045,0.00715
4,9,cube,0,0.00719,0,0,0,0,0,0,0,0,0.00719,0,0,0,0,0,0,0,0.05,0.00718,0.05,0.00719,0.05,0.00719,0.05,0.00717
4,10,cube,0,0.00721,0,0,0,0,0,0,0,0,0.0072,0,0,0,0,0,0,0,0.055,0.0072,0.055,0.00721,0.055,0.0072,0.055,0.00719
4,11,cube,0,0.00721,0,0,0,0,0,0,0,0,0.00721,0,0,0,0,0,0,0,0.06,0.00721,0.06,0.00721,0.06,0.00721,0.06,0.00719
4,12,cube,0,0.00722,0,0,0,0,0,0,0,0,0.00722,0,0,0,0,0,0,0,0.065,0.00721,0.065,0.00722,0.065,0.00722,0.065,0.0072
4,13,cube,0,0.00722,0,0,0,0,0,0,0,0,0.00722,0,0,0,0,0,0,0,0.07,0.00722,0.07,0.00722,0.07,0.00722,0.07,0.0072
4,14,cube,0,0.00722,0,0,0,0,0,0,0,0,0.00722,0,0,0,0,0,0,0,0.075,0.00722,0.075,0.00722,0.075,0.00722,0.075,0.0072
4,15,cube,0,0.00722,0,0,0,0,0,0,0,0,0.00722,0,0,0,0,0,0,0,0.08,0.00722,0.08,0.00722,0.08,0.00722,0.08,0.0072
4,16,cube,0,0.00722,0,0,0,0,0,0,0,0,0.00722,0,0,0,0,0,0,0,0.085,0.00722,0.085,0.00722,0.085,0.00722,0.085,0.0072
4,17,cube,0,0.00722,0,0,0,0,0,0,0,0,0.00722,0,0,0,0,0,0,0,0.09,0.00722,0.09,0.00722,0.09,0.00722,0.09,0.0072
4,18,cube,0,0.00722,0,0,0,0,0,0,0,0,0.00722,0,0,0,0,0,0,0,0.095,0.00722,0.095,0.00722,0.095,0.00722,0.095,0.0072
4,19,cube,0,0.00722,0,0,0,0,0,0,0,0,0.00722,0,0,0,0,0,0,0,0.1,0.00722,0.1,0.00722,0.1,0.00722,0.1,0.0072
4,20,cube,0,0.00722,0,0,0,0,0,0,0,0,0.00722,0,0,0,0,0,0,0,0.105,0.00722,0.105,0.00722,0.105,0.00722,0.105,0.0072
4,21,cube,0,0.00722,0,0,0,0,0,0,0,0,0.00722,0,0,0,0,0,0,0,0.11,0.00722,0.11,0.00722,0.11,0.00722,0.11,0.0072
4,22,cube,0,0.00722,0,0,0,0,0,0,0,0,0.00722,0,0,0,0,0,0,0,0.115,0.00722,0.115,0.00722,0.115,0.00722,0.115,0.0072
4,23,cube,0,0.00722,0,0,0,0,0,0,0,0,0.00723,0,0,0,0,0,0,0,0.12,0.00722,0.12,0.00722,0.12,0.00723,0.12,0.0072
4,24,cube,0,0.00722,0,0,0,0,0,0,0,0,0.00723,0,0,0,0,0,0,0,0.125,0.00722,0.125,0.00722,0.125,0.00723,0.125,0.0072
4,25,cube,0,0.00722,0,0,0,0,0,0,0,0,0.00723,0,0,0,0,0,0,0,0.13,0.00722,0.13,0.00722,0.13,0.00723,0.13,0.0072
4,26,cube,0,0.00722,0,0,0,0,0,0,0,0,0.00723,0,0,0,0,0,0,0,0.135,0.00722,0.135,0.00722,0.135,0.00723,0.135,0.0072
4,27,cube,0,0.00722,0,0,0,0,0,0,0,0,0.00723,0,0,0,0,0,0,0,0.14,0.00722,0.14,0.00722,0.14,0.00723,0.14,0.0072
4,28,cube,0,0.00722,0,0,0,0,0,0,0,0,0.00723,0,0,0,0,0,0,0,0.145,0.00722,0.145,0.00722,0.145,0.00723,0.145,0.0072
4,29,cube,0,0.00722,0,0,0,0,0,0,0,0,0.00723,0,0,0,0,0,0,0,0.15,0.00722,0.15,0.00722,0.15,0.00723,0.15,0.0072
4,30,cube,0,0.00722,0,0,0,0,0,0,0,0,0.00723,0,0,0,0,0,0,0,0.155,0.00722,0.155,0.00722,0.155,0.00723,0.155,0.0072
4,31,cube,0,0.00722,0,0,0,0,0,0,0,0,0.00723,0,0,0,0,0,0,0,0.16,0.00722,0.16,0.00721,0.16,0.00723,0.16,0.0072
4,32,cube,0,0.00722,0,0,0,0,0,0,0,0,0.00723,0,0,0,0,0,0,0,0.165,0.00722,0.165,0.00721,0.165,0.00723,0.165,0.0072
4,33,cube,0,0.00722,0,0,0,0,0,0,0,0,0.00723,0,0,0,0,0,0,0,0.17,0.00722,0.17,0.00721,0.17,0.00723,0.17,0.0072
4,34,cube,0,0.00722,0,0,0,0,0,0,0,0,0.00723,0,0,0,0,0,0,0,0.175,0.00722,0.175,0.00721,0.175,0.00723,0.175,0.0072
4,35,cube,0,0.00722,0,0,0,0,0,0,0,0,0.00723,0,0,0,0,0,0,0,0.18,0.00722,0.18,0.00721,0.18,0.00723,0.18,0.0072
4,36,cube,0,0.00722,0,0,0,0,0,0,0,0,0.00723,0,0,0,0,0,0,0,0.185,0.00722,0.185,0.00721,0.185,0.00723,0.185,0.0072
4,37,cube,0,0.00722,0,0,0,0,0,0,0,0,0.00723,0,0,0,0,0,0,0,0.19,0.00722,0.19,0.00721,0.19,0.00723,0.19,0.0072
4,38,cube,0,0.00722,0,0,0,0,0,0,0,0,0.00723,0,0,0,0,0,0,0,0.195,0.00722,0.195,0.00721,0.195,0.00723,0.195,0.0072
4,39,cube,0,0.00722,0,0,0,0,0,0,0,0,0.00723,0,0,0,0,0,0,0,0.2,0.00722,0.2,0.00721,0.2,0.00723,0.2,0.0072
4,40,cube,0,0.00722,0,0,0,0,0,0,0,0,0.00723,0,0,0,0,0,0,0,0.205,0.00722,0.205,0.00721,0.205,0.00723,0.205,0.0072
4,41,cube,0,0.00722,0,0,0,0,0,0,0,0,0.00723,0,0,0,0,0,0,0,0.21,0.00722,0.21,0.00721,0.21,0.00723,0.21,0.0072
4,42,cube,0,0.00722,0,0,0,0,0,0,0,0,0.00723,0,0,0,0,0,0,0,0.215,0.00722,0.215,0.00721,0.215,0.00723,0.215,0.0072
4,43,cube,0,0.00722,0,0,0,0,0,0,0,0,0.00723,0,0,0,0,0,0,0,0.22,0.00722,0.22,0.00721,0.22,0.00723,0.22,0.0072
4,44,cube,0,0.00722,0,0,0,0,0,0,0,0,0.00723,0,0,0,0,0,0,0,0.225,0.00722,0.225,0.00721,0.225,0.00723,0.225,0.0072
4,45,cube,0,0.00722,0,0,0,0,0,0,0,0,0.00723,0,0,0,0,0,0,0,0.23,0.00722,0.23,0.00721,0.23,0.00723,0.23,0.0072
4,46,cube,0,0.00722,0,0,0,0,0,0,0,0,0.00723,0,0,0,0,0,0,0,0.235,0.00722,0.235,0.00721,0.235,0.00723,0.235,0.0072
4,47,cube,0,0.00722,0,0,0,0,0,0,0,0,0.00723,0,0,0,0,0,0,0,0.24,0.00722,0.24,0.00721,0.24,0.00723,0.24,0.0072
4,48,cube,0,0.00722,0,0,0,0,0,0,0,0,0.00723,0,0,0,0,0,0,0,0.245,0.00722,0.245,0.00721,0.245,0.00723,0.245,0.0072
4,49,cube,0,0.00722,0,0,0,0,0,0,0,0,0.00723,0,0,0,0,0,0,0,0.25,0.00722,0.25,0.00721,0.25,0.00723,0.25,0.0072
4,50,cube,0,0.00722,0,0,0,0,0,0,0,0,0.00723,0,0,0,0,0,0,0,0.255,0.00722,0.255,0.00721,0.255,0.00723,0.255,0.0072
4,51,cube,0,0.00722,0,0,0,0,0,0,0,0,0.00723,0,0,0,0,0,0,0,0.26,0.00722,0.26,0.00721,0.26,0.00723,0.26,0.0072
4,52,cube,0,0.00722,0,0,0,0,0,0,0,0,0.00723,0,0,0,0,0,0,0,0.265,0.00722,0.265,0.00721,0.265,0.00723,0.265,0.0072
4,53,cube,0,0.00722,0,0,0,0,0,0,0,0,0.00723,0,0,0,0,0,0,0,0.27,0.00722,0.27,0.00721,0.27,0.00723,0.27,0.0072
4,54,cube,0,0.00722,0,0,0,0,0,0,0,0,0.00723,0,0,0,0,0,0,0,0.275,0.00722,0.275,0.00721,0.275,0.00723,0.275,0.0072
4,55,cube,0,0.00722,0,0,0,0,0,0,0,0,0.00723,0,0,0,0,0,0,0,0.28,0.00722,0.28,0.00721,0.28,0.00723,0.28,0.0072
4,56,cube,0,0.00722,0,0,0,0,0,0,0,0,0.00723,0,0,0,0,0,0,0,0.285,0.00722,0.285,0.00721,0.285,0.00723,0.285,0.0072
4,57,cube,0,0.00722,0,0,0,0,0,0,0,0,0.00723,0,0,0,0,0,0,0,0.29,0.00722,0.29,0.00721,0.29,0.00723,0.29,0.0072
4,58,cube,0,0.00722,0,0,0,0,0,0,0,0,0.00723,0,0,0,0,0,0,0,0.295,0.00722,0.295,0.00721,0.295,0.00723,0.295,0.0072
4,59,cube,0,0.00722,0,0,0,0,0,0,0,0,0.00723,0,0,0,0,0,0,0,0.3,0.00722,0.3,0.00722,0.3,0.00723,0.3,0.0072
4,60,cube,0,0.00722,0,0,0,0,0,0,0,0,0.00723,0,0,0,0,0,0,0,0.305,0.00722,0.305,0.00722,0.305,0.00723,0.305,0.0072
4,61,cube,0,0.00722,0,0,0,0,0,0,0,0,0.00722,0,0,0,0,0,0,0,0.31,0.00722,0.31,0.00722,0.31,0.00722,0.31,0.0072
4,62,cube,0,0.00722,0,0,0,0,0,0,0,0,0.00723,0,0,0,0,0,0,0,0.315,0.00722,0.315,0.00722,0.315,0.00723,0.315,0.0072
4,63,cube,0,0.00722,0,0,0,0,0,0,0,0,0.00723,0,0,0,0,0,0,0,0.32,0.00722,0.32,0.00722,0.32,0.00723,0.32,0.0072
4,64,cube,0,0.00722,0,0,0,0,0,0,0,0,0.00723,0,0,0,0,0,0,0,0.325,0.00722,0.325,0.00722,0.325,0.00723,0.325,0.0072
4,65,cube,0,0.00722,0,0,0,0,0,0,0,0,0.00723,0,0,0,0,0,0,0,0.33,0.00722,0.33,0.00722,0.33,0.00723,0.33,0.0072
4,66,cube,0,0.00722,0,0,0,0,0,0,0,0,0.00722,0,0,0,0,0,0,0,0.335,0.00722,0.335,0.00722,0.335,0.00722,0.335,0.0072
4,67,cube,0,0.00722,0,0,0,0,0,0,0,0,0.00722,0,0,0,0,0,0,0,0.34,0.00722,0.34,0.00722,0.34,0.00722,0.34,0.0072
4,68,cube,0,0.00722,0,0,0,0,0,0,0,0,0.00722,0,0,0,0,0,0,0,0.345,0.00722,0.345,0.00722,0.345,0.00722,0.345,0.00721
4,69,cube,0,0.00722,0,0,0,0,0,0,0,0,0.00722,0,0,0,0,0,0,0,0.35,0.00722,0.35,0.00722,0.35,0.00722,0.35,0.00721
4,70,cube,0,0.00722,0,0,0,0,0,0,0,0,0.00722,0,0,0,0,0,0,0,0.355,0.00722,0.355,0.00722,0.355,0.00722,0.355,0.00721
4,71,cube,0,0.00722,0,0,0,0,0,0,0,0,0.00722,0,0,0,0,0,0,0,0.36,0.00722,0.36,0.00722,0.36,0.00722,0.36,0.00721
4,72,cube,0,0.00722,0,0,0,0,0,0,0,0,0.00722,0,0,0,0,0,0,0,0.365,0.00722,0.365,0.00722,0.365,0.00722,0.365,0.00721
4,73,cube,0,0.00722,0,0,0,0,0,0,0,0,0.00722,0,0,0,0,0,0,0,0.37,0.00722,0.37,0.00722,0.37,0.00722,0.37,0.00721
4,74,cube,0,0.00722,0,0,0,0,0,0,0,0,0.00722,0,0,0,0,0,0,0,0.375,0.00722,0.375,0.00722,0.375,0.00722,0.375,0.00721
4,75,cube,0,0.00722,0,0,0,0,0,0,0,0,0.00722,0,0,0,0,0,0,0,0.38,0.00722,0.38,0.00722,0.38,0.00722,0.38,0.00721
4,76,cube,0,0.00722,0,0,0,0,0,0,0,0,0.00722,0,0,0,0,0,0,0,0.385,0.00722,0.385,0.00722,0.385,0.00722,0.385,0.00721
4,77,cube,0,0.00722,0,0,0,0,0,0,0,0,0.00722,0,0,0,0,0,0,0,0.39,0.00722,0.39,0.00722,0.39,0.00722,0.39,0.00721
4,78,cube,0,0.00723,0,0,0,0,0,0,0,0,0.00722,0,0,0,0,0,0,0,0.395,0.00722,0.395,0.00723,0.395,0.00722,0.395,0.00721
4,79,cube,0,0.00723,0,0,0,0,0,0,0,0,0.00722,0,0,0,0,0,0,0,0.4,0.00722,0.4,0.00723,0.4,0.00722,0.4,0.00721
4,80,cube,0,0.00723,0,0,0,0,0,0,0,0,0.00722,0,0,0,0,0,0,0,0.405,0.00722,0.405,0.00723,0.405,0.00722,0.405,0.00721
4,81,cube,0,0.00723,0,0,0,0,0,0,0,0,0.00722,0,0,0,0,0,0,0,0.41,0.00722,0.41,0.00723,0.41,0.00722,0.41,0.00721
4,82,cube,0,0.00723,0,0,0,0,0,0,0,0,0.00722,0,0,0,0,0,0,0,0.415,0.00722,0.415,0.00723,0.415,0.00722,0.415,0.00721
4,83,cube,0,0.00723,0,0,0,0,0,0,0,0,0.00722,0,0,0,0,0,0,0,0.42,0.00722,0.42,0.00723,0.42,0.00722,0.42,0.00721
4,84,cube,0,0.00723,0,0,0,0,0,0,0,0,0.00722,0,0,0,0,0,0,0,0.425,0.00722,0.425,0.00723,0.425,0.00722,0.425,0.00721
4,85,cube,0,0.00741,0,0,0,0,0,0,0,1,0.01073,0,0,0,0,0,0,0,0.43,0.00741,0.43,0.00699,0.43,0.00764,0.43,0.01073
4,86,cube,0,0.00774,0,0,0,0,0,0,0,1,0.01779,0,0,0,0,0,0,0,0.435,0.00774,0.435,0.00661,0.435,0.00826,0.435,0.01779
4,87,cube,0,0.00804,0,0,0,0,0,0,0,1,0.02614,1,0,0,0,0,0,0,0.44,0.00804,0.44,0.00624,0.44,0.0088,0.44,0.02614
4,88,cube,0,0.0083,0,0,0,0,0,0,0,1,0.03575,1,1,0,0,0,0,0,0.445,0.0083,0.445,0.00589,0.445,0.00926,0.445,0.03575
4,89,cube,0,0.00849,0,0,0,0,0,0,0,1,0.04573,1,1,1,0,0,0,0,0.45,0.00849,0.45,0.00561,0.45,0.01,0.45,0.04573
4,90,cube,1,0.01096,0,0,0,0,0,0,0,1,0.05225,1,1,1,1,0,0,0,0.455,0.00866,0.455,0.01096,0.455,0.0147,0.455,0.05225
4,91,cube,1,0.01816,0,0,0,0,0,0,0,1,0.06013,1,1,1,1,1,0,0,0.46,0.00906,0.46,0.01816,0.46,0.01785,0.46,0.06013
4,92,cube,1,0.02671,1,0,0,0,0,0,0,1,0.06597,1,1,1,1,1,0,0,0.465,0.00935,0.465,0.02671,0.465,0.02347,0.465,0.06597
4,93,cube,1,0.0363,1,1,0,0,0,0,0,1,0.07322,1,1,1,1,1,0,0,0.47,0.00973,0.47,0.0363,0.47,0.0271,0.47,0.07322
4,94,cube,1,0.04701,1,1,1,0,0,0,0,1,0.07852,1,1,1,1,1,0,0,0.475,0.01003,0.475,0.04701,0.475,0.03292,0.475,0.07852
4,95,cube,1,0.05335,1,1,1,1,0,0,0,1,0.08554,1,1,1,1,1,1,0,0.48,0.01572,0.48,0.05335,0.48,0.03644,0.48,0.08554
4,96,cube,1,0.06141,1,1,1,1,1,0,0,1,0.09063,1,1,1,1,1,1,0,0.485,0.01934,0.485,0.06141,0.485,0.0425,0.485,0.09063
4,97,cube,1,0.0676,1,1,1,1,1,0,0,1,0.09739,1,1,1,1,1,1,0,0.49,0.02495,0.49,0.0676,0.49,0.04634,0.49,0.09739
4,98,cube,1,0.0755,1,1,1,1,1,0,0,1,0.10229,1,1,1,1,1,1,1,0.495,0.02839,0.495,0.0755,0.495,0.05236,0.495,0.10229
4,99,cube,1,0.08154,1,1,1,1,1,1,0,1,0.10887,1,1,1,1,1,1,1,0.5,0.03389,0.5,0.08154,0.5,0.05616,0.5,0.10887
4,100,cube,1,0.08426,1,1,1,1,1,1,0,1,0.10857,1,1,1,1,1,1,1,0.505,0.0373,0.5,0.08426,0.505,0.06226,0.5,0.10857
4,101,cube,1,0.08514,1,1,1,1,1,1,0,1,0.10994,1,1,1,1,1,1,1,0.51,0.04277,0.5,0.08514,0.51,0.06616,0.5,0.10994
4,102,cube,1,0.08771,1,1,1,1,1,1,0,1,0.1095,1,1,1,1,1,1,1,0.515,0.04619,0.5,0.08771,0.515,0.07229,0.5,0.1095
4,103,cube,1,0.08847,1,1,1,1,1,1,0,1,0.11078,1,1,1,1,1,1,1,0.52,0.05165,0.5,0.08847,0.52,0.07618,0.5,0.11078
4,104,cube,1,0.09091,1,1,1,1,1,1,0,1,0.11027,1,1,1,1,1,1,1,0.525,0.05507,0.5,0.09091,0.525,0.08227,0.5,0.11027
4,105,cube,1,0.09157,1,1,1,1,1,1,0,1,0.11148,1,1,1,1,1,1,1,0.53,0.06046,0.5,0.09157,0.53,0.08615,0.5,0.11148
4,106,cube,1,0.09392,1,1,1,1,1,1,0,1,0.11096,1,1,1,1,1,1,1,0.535,0.06385,0.5,0.09392,0.535,0.09215,0.5,0.11096
4,107,cube,1,0.09456,1,1,1,1,1,1,0,1,0.11217,1,1,1,1,1,1,1,0.54,0.06919,0.5,0.09456,0.54,0.09598,0.5,0.11217
4,108,cube,1,0.09689,1,1,1,1,1,1,0,1,0.11166,1,1,1,1,1,1,1,0.545,0.07256,0.5,0.09689,0.545,0.10197,0.5,0.11166
4,109,cube,1,0.09747,1,1,1,1,1,1,0,1,0.11286,1,1,1,1,1,1,1,0.55,0.07796,0.5,0.09747,0.55,0.10584,0.5,0.11286
4,110,cube,1,0.09975,1,1,1,1,1,1,0,1,0.11233,1,1,1,1,1,1,1,0.555,0.08137,0.5,0.09975,0.555,0.11188,0.5,0.11233
4,111,cube,1,0.10032,1,1,1,1,1,1,1,1,0.11574,1,1,1,1,1,1,1,0.56,0.08672,0.5,0.10032,0.56,0.11574,0.5,0.11351
4,112,cube,1,0.10268,1,1,1,1,1,1,1,1,0.12154,1,1,1,1,1,1,1,0.565,0.08998,0.5,0.10268,0.565,0.12154,0.5,0.11306
4,113,cube,1,0.10351,1,1,1,1,1,1,1,1,0.12519,1,1,1,1,1,1,1,0.57,0.09491,0.5,0.10351,0.57,0.12519,0.5,0.11431
4,114,cube,1,0.10602,1,1,1,1,1,1,1,1,0.13102,1,1,1,1,1,1,1,0.575,0.09812,0.5,0.10602,0.575,0.13102,0.5,0.11386
4,115,cube,1,0.10686,1,1,1,1,1,1,1,1,0.1348,1,1,1,1,1,1,1,0.58,0.10323,0.5,0.10686,0.58,0.1348,0.5,0.11512
4,116,cube,1,0.10943,1,1,1,1,1,1,1,1,0.14066,1,1,1,1,1,1,1,0.585,0.10645,0.5,0.10943,0.585,0.14066,0.5,0.1147
4,117,cube,1,0.11156,1,1,1,1,1,1,1,1,0.14442,1,1,1,1,1,1,1,0.59,0.11156,0.5,0.11034,0.59,0.14442,0.5,0.116
4,118,cube,1,0.11481,1,1,1,1,1,1,1,1,0.15031,1,1,1,1,1,1,1,0.595,0.11481,0.5,0.11296,0.595,0.15031,0.5,0.1156
4,119,cube,1,0.11995,1,1,1,1,1,1,1,1,0.15407,1,1,1,1,1,1,1,0.6,0.11995,0.5,0.1139,0.6,0.15407,0.5,0.11694
4,120,cube,1,0.12312,1,1,1,1,1,1,1,1,0.15995,1,1,1,1,1,1,1,0.605,0.12312,0.5,0.11663,0.605,0.15995,0.5,0.11658
4,121,cube,1,0.1283,1,1,1,1,1,1,1,1,0.16372,1,1,1,1,1,1,1,0.61,0.1283,0.5,0.1176,0.61,0.16372,0.5,0.11796
4,122,cube,1,0.1315,1,1,1,1,1,1,1,1,0.16963,1,1,1,1,1,1,1,0.615,0.1315,0.5,0.12038,0.615,0.16963,0.5,0.11762
4,123,cube,1,0.13659,1,1,1,1,1,1,1,1,0.1734,1,1,1,1,1,1,1,0.62,0.13659,0.5,0.12143,0.62,0.1734,0.5,0.11903
4,124,cube,1,0.13983,1,1,1,1,1,1,1,1,0.17933,1,1,1,1,1,1,1,0.625,0.13983,0.5,0.12424,0.625,0.17933,0.5,0.11871
4,125,cube,1,0.14495,1,1,1,1,1,1,1,1,0.18306,1,1,1,1,1,1,1,0.63,0.14495,0.5,0.12531,0.63,0.18306,0.5,0.12016
5,0,cube,0,0.00296,0,0,0,0,0,0,0,0,0.00296,0,0,0,0,0,0,0,0.005,0.00296,0.005,0.00296,0.005,0.00296,0.005,0.00295
5,1,cube,0,0.00471,0,0,0,0,0,0,0,0,0.00471,0,0,0,0,0,0,0,0.01,0.00471,0.01,0.0047,0.01,0.00471,0.01,0.00469
5,2,cube,0,0.00574,0,0,0,0,0,0,0,0,0.00574,0,0,0,0,0,0,0,0.015,0.00574,0.015,0.00574,0.015,0.00574,0.015,0.00572
5,3,cube,0,0.00635,0,0,0,0,0,0,0,0,0.00635,0,0,0,0,0,0,0,0.02,0.00635,0.02,0.00635,0.02,0.00635,0.02,0.00633
5,4,cube,0,0.00671,0,0,0,0,0,0,0,0,0.00671,0,0,0,0,0,0,0,0.025,0.00671,0.025,0.00671,0.025,0.00671,0.025,0.00669
5,5,cube,0,0.00692,0,0,0,0,0,0,0,0,0.00692,0,0,0,0,0,0,0,0.03,0.00692,0.03,0.00692,0.03,0.00692,0.03,0.0069
5,6,cube,0,0.00705,0,0,0,0,0,0,0,0,0.00705,0,0,0,0,0,0,0,0.035,0.00704,0.035,0.00705,0.035,0.00705,0.035,0.00702
5,7,cube,0,0.00712,0,0,0,0,0,0,0,0,0.00712,0,0,0,0,0,0,0,0.04,0.00712,0.04,0.00712,0.04,0.00712,0.04,0.0071
5,8,cube,0,0.00716,0,0,0,0,0,0,0,0,0.00717,0,0,0,0,0,0,0,0.045,0.00716,0.045,0.00716,0.045,0.00717,0.045,0.00714
5,9,cube,0,0.00719,0,0,0,0,0,0,0,0,0.00719,0,0,0,0,0,0,0,0.05,0.00719,0.05,0.00719,0.05,0.00719,0.05,0.00716
5,10,cube,0,0.0072,0,0,0,0,0,0,0,0,0.00721,0,0,0,0,0,0,0,0.055,0.0072,0.055,0.0072,0.055,0.00721,0.055,0.00718
5,11,cube,0,0.00721,0,0,0,0,0,0,0,0,0.00722,0,0,0,0,0,0,0,0.06,0.00721,0.06,0.00721,0.06,0.00722,0.06,0.00719
5,12,cube,0,0.00722,0,0,0,0,0,0,0,0,0.00722,0,0,0,0,0,0,0,0.065,0.00722,0.065,0.00721,0.065,0.00722,0.065,0.00719
5,13,cube,0,0.00722,0,0,0,0,0,0,0,0,0.00723,0,0,0,0,0,0,0,0.07,0.00722,0.07,0.00722,0.07,0.00723,0.07,0.00719
5,14,cube,0,0.00722,0,0,0,0,0,0,0,0,0.00723,0,0,0,0,0,0,0,0.075,0.00722,0.075,0.00722,0.075,0.00723,0.075,0.00719
5,15,cube,0,0.00722,0,0,0,0,0,0,0,0,0.00723,0,0,0,0,0,0,0,0.08,0.00722,0.08,0.00722,0.08,0.00723,0.08,0.00719
5,16,cube,0,0.00723,0,0,0,0,0,0,0,0,0.00723,0,0,0,0,0,0,0,0.085,0.00723,0.085,0.00722,0.085,0.00723,0.085,0.00719
5,17,cube,0,0.00723,0,0,0,0,0,0,0,0,0.00723,0,0,0,0,0,0,0,0.09,0.00723,0.09,0.00722,0.09,0.00723,0.09,0.00719
5,18,cube,0,0.00723,0,0,0,0,0,0,0,0,0.00723,0,0,0,0,0,0,0,0.095,0.00723,0.095,0.00722,0.095,0.00723,0.095,0.00719
5,19,cube,0,0.00723,0,0,0,0,0,0,0,0,0.00724,0,0,0,0,0,0,0,0.1,0.00723,0.1,0.00722,0.1,0.00724,0.1,0.00719
5,20,cube,0,0.00723,0,0,0,0,0,0,0,0,0.00724,0,0,0,0,0,0,0,0.105,0.00723,0.105,0.00721,0.105,0.00724,0.105,0.00719
5,21,cube,0,0.00723,0,0,0,0,0,0,0,0,0.00724,0,0,0,0,0,0,0,0.11,0.00723,0.11,0.00721,0.11,0.00724,0.11,0.00719
5,22,cube,0,0.00723,0,0,0,0,0,0,0,0,0.00724,0,0,0,0,0,0,0,0.115,0.00723,0.115,0.00721,0.115,0.00724,0.115,0.00719
5,23,cube,0,0.00723,0,0,0,0,0,0,0,0,0.00724,0,0,0,0,0,0,0,0.12,0.00723,0.12,0.00721,0.12,0.00724,0.12,0.00719
5,24,cube,0,0.00723,0,0,0,0,0,0,0,0,0.00724,0,0,0,0,0,0,0,0.125,0.00723,0.125,0.00721,0.125,0.00724,0.125,0.00719
5,25,cube,0,0.00723,0,0,0,0,0,0,0,0,0.00724,0,0,0,0,0,0,0,0.13,0.00723,0.13,0.00721,0.13,0.00724,0.13,0.00719
5,26,cube,0,0.00723,0,0,0,0,0,0,0,0,0.00723,0,0,0,0,0,0,0,0.135,0.00723,0.135,0.00721,0.135,0.00723,0.135,0.00719
5,27,cube,0,0.00723,0,0,0,0,0,0,0,0,0.00723,0,0,0,0,0,0,0,0.14,0.00723,0.14,0.00721,0.14,0.00723,0.14,0.00719
5,28,cube,0,0.00722,0,0,0,0,0,0,0,0,0.00723,0,0,0,0,0,0,0,0.145,0.00722,0.145,0.00721,0.145,0.00723,0.145,0.00719
5,29,cube,0,0.00722,0,0,0,0,0,0,0,0,0.00723,0,0,0,0,0,0,0,0.15,0.00722,0.15,0.00721,0.15,0.00723,0.15,0.00719
5,30,cube,0,0.00722,0,0,0,0,0,0,0,0,0.00723,0,0,0,0,0,0,0,0.155,0.00722,0.155,0.00721,0.155,0.00723,0.155,0.00719
5,31,cube,0,0.00722,0,0,0,0,0,0,0,0,0.00723,0,0,0,0,0,0,0,0.16,0.00722,0.16,0.00721,0.16,0.00723,0.16,0.00719
5,32,cube,0,0.00722,0,0,0,0,0,0,0,0,0.00723,0,0,0,0,0,0,0,0.165,0.00722,0.165,0.00721,0.165,0.00723,0.165,0.00719
5,33,cube,0,0.00722,0,0,0,0,0,0,0,0,0.00723,0,0,0,0,0,0,0,0.17,0.00722,0.17,0.00721,0.17,0.00723,0.17,0.00719
5,34,cube,0,0.00722,0,0,0,0,0,0,0,0,0.00723,0,0,0,0,0,0,0,0.175,0.00722,0.175,0.00721,0.175,0.00723,0.175,0.00719
5,35,cube,0,0.00722,0,0,0,0,0,0,0,0,0.00723,0,0,0,0,0,0,0,0.18,0.00722,0.18,0.00721,0.18,0.00723,0.18,0.00719
5,36,cube,0,0.00722,0,0,0,0,0,0,0,0,0.00723,0,0,0,0,0,0,0,0.185,0.00722,0.185,0.00721,0.185,0.00723,0.185,0.00719
5,37,cube,0,0.00722,0,0,0,0,0,0,0,0,0.00723,0,0,0,0,0,0,0,0.19,0.00722,0.19,0.00721,0.19,0.00723,0.19,0.0072
5,38,cube,0,0.00722,0,0,0,0,0,0,0,0,0.00723,0,0,0,0,0,0,0,0.195,0.00722,0.195,0.00721,0.195,0.00723,0.195,0.0072
5,39,cube,0,0.00722,0,0,0,0,0,0,0,0,0.00723,0,0,0,0,0,0,0,0.2,0.00722,0.2,0.00721,0.2,0.00723,0.2,0.0072
5,40,cube,0,0.00722,0,0,0,0,0,0,0,0,0.00722,0,0,0,0,0,0,0,0.205,0.00722,0.205,0.00721,0.205,0.00722,0.205,0.0072
5,41,cube,0,0.00722,0,0,0,0,0,0,0,0,0.00722,0,0,0,0,0,0,0,0.21,0.00722,0.21,0.00721,0.21,0.00722,0.21,0.0072
5,42,cube,0,0.00722,0,0,0,0,0,0,0,0,0.00722,0,0,0,0,0,0,0,0.215,0.00722,0.215,0.00721,0.215,0.00722,0.215,0.0072
5,43,cube,0,0.00722,0,0,0,0,0,0,0,0,0.00722,0,0,0,0,0,0,0,0.22,0.00722,0.22,0.00721,0.22,0.00722,0.22,0.0072
5,44,cube,0,0.00722,0,0,0,0,0,0,0,0,0.00722,0,0,0,0,0,0,0,0.225,0.00722,0.225,0.00721,0.225,0.00722,0.225,0.0072
5,45,cube,0,0.00722,0,0,0,0,0,0,0,0,0.00722,0,0,0,0,0,0,0,0.23,0.00722,0.23,0.00721,0.23,0.00722,0.23,0.0072
5,46,cube,0,0.00722,0,0,0,0,0,0,0,0,0.00722,0,0,0,0,0,0,0,0.235,0.00722,0.235,0.00721,0.235,0.00722,0.235,0.0072
5,47,cube,0,0.00722,0,0,0,0,0,0,0,0,0.00722,0,0,0,0,0,0,0,0.24,0.00722,0.24,0.00721,0.24,0.00722,0.24,0.0072
5,48,cube,0,0.00722,0,0,0,0,0,0,0,0,0.00722,0,0,0,0,0,0,0,0.245,0.00722,0.245,0.00721,0.245,0.00722,0.245,0.0072
5,49,cube,0,0.00722,0,0,0,0,0,0,0,0,0.00722,0,0,0,0,0,0,0,0.25,0.00722,0.25,0.00721,0.25,0.00722,0.25,0.0072
5,50,cube,0,0.00722,0,0,0,0,0,0,0,0,0.00722,0,0,0,0,0,0,0,0.255,0.00722,0.255,0.00721,0.255,0.00722,0.255,0.0072
5,51,cube,0,0.00722,0,0,0,0,0,0,0,0,0.00722,0,0,0,0,0,0,0,0.26,0.00722,0.26,0.00721,0.26,0.00722,0.26,0.0072
5,52,cube,0,0.00722,0,0,0,0,0,0,0,0,0.00722,0,0,0,0,0,0,0,0.265,0.00722,0.265,0.00721,0.265,0.00722,0.265,0.0072
5,53,cube,0,0.00722,0,0,0,0,0,0,0,0,0.00722,0,0,0,0,0,0,0,0.27,0.00722,0.27,0.00721,0.27,0.00722,0.27,0.0072
5,54,cube,0,0.00722,0,0,0,0,0,0,0,0,0.00722,0,0,0,0,0,0,0,0.275,0.00722,0.275,0.00721,0.275,0.00722,0.275,0.0072
5,55,cube,0,0.00721,0,0,0,0,0,0,0,0,0.00722,0,0,0,0,0,0,0,0.28,0.00721,0.28,0.00721,0.28,0.00722,0.28,0.0072
5,56,cube,0,0.00721,0,0,0,0,0,0,0,0,0.00722,0,0,0,0,0,0,0,0.285,0.00721,0.285,0.00721,0.285,0.00722,0.285,0.0072
5,57,cube,0,0.00721,0,0,0,0,0,0,0,0,0.00722,0,0,0,0,0,0,0,0.29,0.00721,0.29,0.00721,0.29,0.00722,0.29,0.0072
5,58,cube,0,0.00721,0,0,0,0,0,0,0,0,0.00722,0,0,0,0,0,0,0,0.295,0.00721,0.295,0.00721,0.295,0.00722,0.295,0.0072
5,59,cube,0,0.00721,0,0,0,0,0,0,0,0,0.00722,0,0,0,0,0,0,0,0.3,0.00721,0.3,0.00721,0.3,0.00722,0.3,0.0072
5,60,cube,0,0.00721,0,0,0,0,0,0,0,0,0.00722,0,0,0,0,0,0,0,0.305,0.00721,0.305,0.00721,0.305,0.00722,0.305,0.0072
5,61,cube,0,0.00721,0,0,0,0,0,0,0,0,0.00722,0,0,0,0,0,0,0,0.31,0.00721,0.31,0.00721,0.31,0.00722,0.31,0.0072
5,62,cube,0,0.00721,0,0,0,0,0,0,0,0,0.00722,0,0,0,0,0,0,0,0.315,0.00721,0.315,0.00721,0.315,0.00722,0.315,0.0072
5,63,cube,0,0.00721,0,0,0,0,0,0,0,0,0.00722,0,0,0,0,0,0,0,0.32,0.00721,0.32,0.00721,0.32,0.00722,0.32,0.0072
5,64,cube,0,0.00721,0,0,0,0,0,0,0,0,0.00722,0,0,0,0,0,0,0,0.325,0.00721,0.325,0.00721,0.325,0.00722,0.325,0.0072
5,65,cube,0,0.00721,0,0,0,0,0,0,0,0,0.00722,0,0,0,0,0,0,0,0.33,0.00721,0.33,0.00721,0.33,0.00722,0.33,0.0072
5,66,cube,0,0.00721,0,0,0,0,0,0,0,0,0.00722,0,0,0,0,0,0,0,0.335,0.00721,0.335,0.00721,0.335,0.00722,0.335,0.0072
5,67,cube,0,0.00721,0,0,0,0,0,0,0,0,0.00721,0,0,0,0,0,0,0,0.34,0.00721,0.34,0.00721,0.34,0.00721,0.34,0.00721
5,68,cube,0,0.00721,0,0,0,0,0,0,0,0,0.00721,0,0,0,0,0,0,0,0.345,0.00721,0.345,0.00721,0.345,0.00721,0.345,0.00721
5,69,cube,0,0.00721,0,0,0,0,0,0,0,0,0.00721,0,0,0,0,0,0,0,0.35,0.00721,0.35,0.00721,0.35,0.00721,0.35,0.00721
5,70,cube,0,0.00721,0,0,0,0,0,0,0,0,0.00721,0,0,0,0,0,0,0,0.355,0.00721,0.355,0.00721,0.355,0.00721,0.355,0.00721
5,71,cube,0,0.00721,0,0,0,0,0,0,0,0,0.00721,0,0,0,0,0,0,0,0.36,0.00721,0.36,0.00721,0.36,0.00721,0.36,0.00721
5,72,cube,0,0.00721,0,0,0,0,0,0,0,0,0.00721,0,0,0,0,0,0,0,0.365,0.00721,0.365,0.00721,0.365,0.00721,0.365,0.00721
5,73,cube,0,0.00721,0,0,0,0,0,0,0,0,0.00721,0,0,0,0,0,0,0,0.37,0.00721,0.37,0.00721,0.37,0.00721,0.37,0.00721
5,74,cube,0,0.00721,0,0,0,0,0,0,0,0,0.00721,0,0,0,0,0,0,0,0.375,0.00721,0.375,0.00721,0.375,0.00721,0.375,0.00721
5,75,cube,0,0.00721,0,0,0,0,0,0,0,0,0.00721,0,0,0,0,0,0,0,0.38,0.00721,0.38,0.00721,0.38,0.00721,0.38,0.00721
5,76,cube,0,0.00721,0,0,0,0,0,0,0,0,0.00721,0,0,0,0,0,0,0,0.385,0.00721,0.385,0.00721,0.385,0.00721,0.385,0.00721
5,77,cube,0,0.00721,0,0,0,0,0,0,0,0,0.00721,0,0,0,0,0,0,0,0.39,0.00721,0.39,0.00721,0.39,0.00721,0.39,0.00721
5,78,cube,0,0.00721,0,0,0,0,0,0,0,0,0.00721,0,0,0,0,0,0,0,0.395,0.00721,0.395,0.00721,0.395,0.00721,0.395,0.00721
5,79,cube,0,0.00721,0,0,0,0,0,0,0,0,0.00721,0,0,0,0,0,0,0,0.4,0.00721,0.4,0.00721,0.4,0.00721,0.4,0.00721
5,80,cube,0,0.00721,0,0,0,0,0,0,0,0,0.00721,0,0,0,0,0,0,0,0.405,0.00721,0.405,0.00721,0.405,0.00721,0.405,0.00721
5,81,cube,0,0.00721,0,0,0,0,0,0,0,0,0.00721,0,0,0,0,0,0,0,0.41,0.00721,0.41,0.00721,0.41,0.00721,0.41,0.00721
5,82,cube,0,0.00721,0,0,0,0,0,0,0,0,0.00721,0,0,0,0,0,0,0,0.415,0.00721,0.415,0.00721,0.415,0.00721,0.415,0.00721
5,83,cube,0,0.00721,0,0,0,0,0,0,0,0,0.00721,0,0,0,0,0,0,0,0.42,0.00721,0.42,0.00721,0.42,0.00721,0.42,0.00721
5,84,cube,0,0.00721,0,0,0,0,0,0,0,0,0.00721,0,0,0,0,0,0,0,0.425,0.00721,0.425,0.00721,0.425,0.00721,0.425,0.00721
5,85,cube,0,0.00741,0,0,0,0,0,0,0,1,0.01076,0,0,0,0,0,0,0,0.43,0.00741,0.43,0.00698,0.43,0.00761,0.43,0.01076
5,86,cube,0,0.00773,0,0,0,0,0,0,0,1,0.01786,0,0,0,0,0,0,0,0.435,0.00773,0.435,0.00662,0.435,0.00821,0.435,0.01786
5,87,cube,0,0.00802,0,0,0,0,0,0,0,1,0.02626,1,0,0,0,0,0,0,0.44,0.00802,0.44,0.00625,0.44,0.00874,0.44,0.02626
5,88,cube,0,0.00828,0,0,0,0,0,0,0,1,0.03584,1,1,0,0,0,0,0,0.445,0.00828,0.445,0.0059,0.445,0.00919,0.445,0.03584
5,89,cube,0,0.0085,0,0,0,0,0,0,0,1,0.04639,1,1,1,0,0,0,0,0.45,0.0085,0.45,0.00559,0.45,0.00962,0.45,0.04639
5,90,cube,1,0.01094,0,0,0,0,0,0,0,1,0.05276,1,1,1,1,0,0,0,0.455,0.00872,0.455,0.01094,0.455,0.01454,0.455,0.05276
5,91,cube,1,0.01822,0,0,0,0,0,0,0,1,0.0606,1,1,1,1,1,0,0,0.46,0.00912,0.46,0.01822,0.46,0.01782,0.46,0.0606
5,92,cube,1,0.02676,1,0,0,0,0,0,0,1,0.06645,1,1,1,1,1,0,0,0.465,0.00942,0.465,0.02676,0.465,0.02344,0.465,0.06645
5,93,cube,1,0.03641,1,1,0,0,0,0,0,1,0.0737,1,1,1,1,1,0,0,0.47,0.00982,0.47,0.03641,0.47,0.02714,0.47,0.0737
5,94,cube,1,0.04722,1,1,1,0,0,0,0,1,0.07905,1,1,1,1,1,0,0,0.475,0.0101,0.475,0.04722,0.475,0.03301,0.475,0.07905
5,95,cube,1,0.05353,1,1,1,1,0,0,0,1,0.08621,1,1,1,1,1,1,0,0.48,0.01611,0.48,0.05353,0.48,0.03654,0.48,0.08621
5,96,cube,1,0.06174,1,1,1,1,1,0,0,1,0.09146,1,1,1,1,1,1,0,0.485,0.01959,0.485,0.06174,0.485,0.0426,0.485,0.09146
5,97,cube,1,0.06815,1,1,1,1,1,0,0,1,0.0984,1,1,1,1,1,1,0,0.49,0.025,0.49,0.06815,0.49,0.0464,0.49,0.0984
5,98,cube,1,0.07631,1,1,1,1,1,0,0,1,0.10347,1,1,1,1,1,1,1,0.495,0.02825,0.495,0.07631,0.495,0.05243,0.495,0.10347
5,99,cube,1,0.08261,1,1,1,1,1,1,0,1,0.11014,1,1,1,1,1,1,1,0.5,0.0335,0.5,0.08261,0.5,0.05625,0.5,0.11014
5,100,cube,1,0.08561,1,1,1,1,1,1,0,1,0.10998,1,1,1,1,1,1,1,0.505,0.03675,0.5,0.08561,0.505,0.06223,0.5,0.10998
5,101,cube,1,0.0867,1,1,1,1,1,1,0,1,0.11146,1,1,1,1,1,1,1,0.51,0.04211,0.5,0.0867,0.51,0.06603,0.5,0.11146
5,102,cube,1,0.08952,1,1,1,1,1,1,0,1,0.1112,1,1,1,1,1,1,1,0.515,0.04542,0.5,0.08952,0.515,0.07192,0.5,0.1112
5,103,cube,1,0.09046,1,1,1,1,1,1,0,1,0.11263,1,1,1,1,1,1,1,0.52,0.05082,0.5,0.09046,0.52,0.07565,0.5,0.11263
5,104,cube,1,0.09314,1,1,1,1,1,1,0,1,0.11224,1,1,1,1,1,1,1,0.525,0.05415,0.5,0.09314,0.525,0.08165,0.5,0.11224
5,105,cube,1,0.09398,1,1,1,1,1,1,0,1,0.11349,1,1,1,1,1,1,1,0.53,0.05954,0.5,0.09398,0.53,0.08559,0.5,0.11349
5,106,cube,1,0.09658,1,1,1,1,1,1,0,1,0.11295,1,1,1,1,1,1,1,0.535,0.06289,0.5,0.09658,0.535,0.09178,0.5,0.11295
5,107,cube,1,0.09737,1,1,1,1,1,1,0,1,0.11429,1,1,1,1,1,1,1,0.54,0.06829,0.5,0.09737,0.54,0.09564,0.5,0.11429
5,108,cube,1,0.0998,1,1,1,1,1,1,0,1,0.114,1,1,1,1,1,1,1,0.545,0.07109,0.5,0.0998,0.545,0.10104,0.5,0.114
5,109,cube,1,0.1003,1,1,1,1,1,1,1,1,0.11544,1,1,1,1,1,1,1,0.55,0.07668,0.5,0.1003,0.55,0.1046,0.5,0.11544
5,110,cube,1,0.10264,1,1,1,1,1,1,1,1,0.11511,1,1,1,1,1,1,1,0.555,0.08024,0.5,0.10264,0.555,0.11062,0.5,0.11511
5,111,cube,1,0.10313,1,1,1,1,1,1,1,1,0.11662,1,1,1,1,1,1,1,0.56,0.08593,0.5,0.10313,0.56,0.11431,0.5,0.11662
5,112,cube,1,0.10556,1,1,1,1,1,1,1,1,0.12028,1,1,1,1,1,1,1,0.565,0.08935,0.5,0.10556,0.565,0.12028,0.5,0.11641
5,113,cube,1,0.10615,1,1,1,1,1,1,1,1,0.12388,1,1,1,1,1,1,1,0.57,0.09487,0.5,0.10615,0.57,0.12388,0.5,0.11803
5,114,cube,1,0.10864,1,1,1,1,1,1,1,1,0.12974,1,1,1,1,1,1,1,0.575,0.09819,0.5,0.10864,0.575,0.12974,0.5,0.1179
5,115,cube,1,0.10928,1,1,1,1,1,1,1,1,0.13328,1,1,1,1,1,1,1,0.58,0.10361,0.5,0.10928,0.58,0.13328,0.5,0.11957
5,116,cube,1,0.11179,1,1,1,1,1,1,1,1,0.13909,1,1,1,1,1,1,1,0.585,0.10688,0.5,0.11179,0.585,0.13909,0.5,0.1195
5,117,cube,1,0.11247,1,1,1,1,1,1,1,1,0.14262,1,1,1,1,1,1,1,0.59,0.11226,0.5,0.11247,0.59,0.14262,0.5,0.12122
5,118,cube,1,0.1155,1,1,1,1,1,1,1,1,0.14842,1,1,1,1,1,1,1,0.595,0.1155,0.5,0.11501,0.595,0.14842,0.5,0.12118
5,119,cube,1,0.12083,1,1,1,1,1,1,1,1,0.15194,1,1,1,1,1,1,1,0.6,0.12083,0.5,0.11571,0.6,0.15194,0.5,0.12293
5,120,cube,1,0.12404,1,1,1,1,1,1,1,1,0.15772,1,1,1,1,1,1,1,0.605,0.12404,0.5,0.11829,0.605,0.15772,0.5,0.12291
5,121,cube,1,0.12934,1,1,1,1,1,1,1,1,0.16123,1,1,1,1,1,1,1,0.61,0.12934,0.5,0.11903,0.61,0.16123,0.5,0.12472
5,122,cube,1,0.13253,1,1,1,1,1,1,1,1,0.16699,1,1,1,1,1,1,1,0.615,0.13253,0.5,0.12167,0.615,0.16699,0.5,0.12475
5,123,cube,1,0.1378,1,1,1,1,1,1,1,1,0.17048,1,1,1,1,1,1,1,0.62,0.1378,0.5,0.12247,0.62,0.17048,0.5,0.12661
5,124,cube,1,0.14096,1,1,1,1,1,1,1,1,0.17623,1,1,1,1,1,1,1,0.625,0.14096,0.5,0.12516,0.625,0.17623,0.5,0.12669
5,125,cube,1,0.14623,1,1,1,1,1,1,1,1,0.17971,1,1,1,1,1,1,1,0.63,0.14623,0.5,0.12597,0.63,0.17971,0.5,0.12858
6,0,cube,0,0.00296,0,0,0,0,0,0,0,0,0.00295,0,0,0,0,0,0,0,0.005,0.00296,0.005,0.00295,0.005,0.00295,0.005,0.00295
6,1,cube,0,0.0047,0,0,0,0,0,0,0,0,0.0047,0,0,0,0,0,0,0,0.01,0.0047,0.01,0.00469,0.01,0.0047,0.01,0.00469
6,2,cube,0,0.00573,0,0,0,0,0,0,0,0,0.00573,0,0,0,0,0,0,0,0.015,0.00573,0.015,0.00573,0.015,0.00573,0.015,0.00572
6,3,cube,0,0.00634,0,0,0,0,0,0,0,0,0.00634,0,0,0,0,0,0,0,0.02,0.00634,0.02,0.00634,0.02,0.00634,0.02,0.00633
6,4,cube,0,0.0067,0,0,0,0,0,0,0,0,0.0067,0,0,0,0,0,0,0,0.025,0.0067,0.025,0.0067,0.025,0.0067,0.025,0.00669
6,5,cube,0,0.00691,0,0,0,0,0,0,0,0,0.00692,0,0,0,0,0,0,0,0.03,0.00691,0.03,0.00691,0.03,0.00692,0.03,0.0069
6,6,cube,0,0.00704,0,0,0,0,0,0,0,0,0.00704,0,0,0,0,0,0,0,0.035,0.00704,0.035,0.00704,0.035,0.00704,0.035,0.00702
6,7,cube,0,0.00711,0,0,0,0,0,0,0,0,0.00712,0,0,0,0,0,0,0,0.04,0.00711,0.04,0.00711,0.04,0.00712,0.04,0.0071
6,8,cube,0,0.00716,0,0,0,0,0,0,0,0,0.00716,0,0,0,0,0,0,0,0.045,0.00716,0.045,0.00715,0.045,0.00716,0.045,0.00714
6,9,cube,0,0.00718,0,0,0,0,0,0,0,0,0.00719,0,0,0,0,0,0,0,0.05,0.00718,0.05,0.00718,0.05,0.00719,0.05,0.00716
6,10,cube,0,0.0072,0,0,0,0,0,0,0,0,0.0072,0,0,0,0,0,0,0,0.055,0.0072,0.055,0.00719,0.055,0.0072,0.055,0.00718
6,11,cube,0,0.00721,0,0,0,0,0,0,0,0,0.00721,0,0,0,0,0,0,0,0.06,0.00721,0.06,0.0072,0.06,0.00721,0.06,0.00719
6,12,cube,0,0.00721,0,0,0,0,0,0,0,0,0.00722,0,0,0,0,0,0,0,0.065,0.00721,0.065,0.00721,0.065,0.00722,0.065,0.00719
6,13,cube,0,0.00722,0,0,0,0,0,0,0,0,0.00722,0,0,0,0,0,0,0,0.07,0.00722,0.07,0.00721,0.07,0.00722,0.07,0.0072
6,14,cube,0,0.00722,0,0,0,0,0,0,0,0,0.00722,0,0,0,0,0,0,0,0.075,0.00722,0.075,0.00721,0.075,0.00722,0.075,0.0072
6,15,cube,0,0.00722,0,0,0,0,0,0,0,0,0.00722,0,0,0,0,0,0,0,0.08,0.00722,0.08,0.00721,0.08,0.00722,0.08,0.0072
6,16,cube,0,0.00722,0,0,0,0,0,0,0,0,0.00722,0,0,0,0,0,0,0,0.085,0.00722,0.085,0.00721,0.085,0.00722,0.085,0.0072
6,17,cube,0,0.00722,0,0,0,0,0,0,0,0,0.00722,0,0,0,0,0,0,0,0.09,0.00722,0.09,0.00721,0.09,0.00722,0.09,0.0072
6,18,cube,0,0.00722,0,0,0,0,0,0,0,0,0.00723,0,0,0,0,0,0,0,0.095,0.00722,0.095,0.00721,0.095,0.00723,0.095,0.0072
6,19,cube,0,0.00722,0,0,0,0,0,0,0,0,0.00723,0,0,0,0,0,0,0,0.1,0.00722,0.1,0.00721,0.1,0.00723,0.1,0.0072
6,20,cube,0,0.00722,0,0,0,0,0,0,0,0,0.00723,0,0,0,0,0,0,0,0.105,0.00722,0.105,0.00721,0.105,0.00723,0.105,0.0072
6,21,cube,0,0.00722,0,0,0,0,0,0,0,0,0.00722,0,0,0,0,0,0,0,0.11,0.00722,0.11,0.00721,0.11,0.00722,0.11,0.0072
6,22,cube,0,0.00722,0,0,0,0,0,0,0,0,0.00722,0,0,0,0,0,0,0,0.115,0.00722,0.115,0.00721,0.115,0.00722,0.115,0.0072
6,23,cube,0,0.00722,0,0,0,0,0,0,0,0,0.00723,0,0,0,0,0,0,0,0.12,0.00722,0.12,0.00721,0.12,0.00723,0.12,0.0072
6,24,cube,0,0.00722,0,0,0,0,0,0,0,0,0.00723,0,0,0,0,0,0,0,0.125,0.00722,0.125,0.00721,0.125,0.00723,0.125,0.0072
6,25,cube,0,0.00722,0,0,0,0,0,0,0,0,0.00723,0,0,0,0,0,0,0,0.13,0.00722,0.13,0.00721,0.13,0.00723,0.13,0.0072
6,26,cube,0,0.00722,0,0,0,0,0,0,0,0,0.00723,0,0,0,0,0,0,0,0.135,0.00722,0.135,0.00721,0.135,0.00723,0.135,0.0072
6,27,cube,0,0.00722,0,0,0,0,0,0,0,0,0.00722,0,0,0,0,0,0,0,0.14,0.00722,0.14,0.00721,0.14,0.00722,0.14,0.0072
6,28,cube,0,0.00722,0,0,0,0,0,0,0,0,0.00722,0,0,0,0,0,0,0,0.145,0.00722,0.145,0.00721,0.145,0.00722,0.145,0.0072
6,29,cube,0,0.00722,0,0,0,0,0,0,0,0,0.00722,0,0,0,0,0,0,0,0.15,0.00722,0.15,0.00721,0.15,0.00722,0.15,0.0072
6,30,cube,0,0.00722,0,0,0,0,0,0,0,0,0.00722,0,0,0,0,0,0,0,0.155,0.00722,0.155,0.00721,0.155,0.00722,0.155,0.0072
6,31,cube,0,0.00722,0,0,0,0,0,0,0,0,0.00722,0,0,0,0,0,0,0,0.16,0.00722,0.16,0.00721,0.16,0.00722,0.16,0.0072
6,32,cube,0,0.00722,0,0,0,0,0,0,0,0,0.00722,0,0,0,0,0,0,0,0.165,0.00722,0.165,0.00721,0.165,0.00722,0.165,0.0072
6,33,cube,0,0.00722,0,0,0,0,0,0,0,0,0.00722,0,0,0,0,0,0,0,0.17,0.00722,0.17,0.00721,0.17,0.00722,0.17,0.0072
6,34,cube,0,0.00722,0,0,0,0,0,0,0,0,0.00722,0,0,0,0,0,0,0,0.175,0.00722,0.175,0.00721,0.175,0.00722,0.175,0.0072
6,35,cube,0,0.00722,0,0,0,0,0,0,0,0,0.00722,0,0,0,0,0,0,0,0.18,0.00722,0.18,0.00721,0.18,0.00722,0.18,0.0072
6,36,cube,0,0.00722,0,0,0,0,0,0,0,0,0.00722,0,0,0,0,0,0,0,0.185,0.00722,0.185,0.00721,0.185,0.00722,0.185,0.0072
6,37,cube,0,0.00722,0,0,0,0,0,0,0,0,0.00722,0,0,0,0,0,0,0,0.19,0.00722,0.19,0.00721,0.19,0.00722,0.19,0.0072
6,38,cube,0,0.00722,0,0,0,0,0,0,0,0,0.00722,0,0,0,0,0,0,0,0.195,0.00722,0.195,0.00721,0.195,0.00722,0.195,0.0072
6,39,cube,0,0.00722,0,0,0,0,0,0,0,0,0.00722,0,0,0,0,0,0,0,0.2,0.00722,0.2,0.00721,0.2,0.00722,0.2,0.0072
6,40,cube,0,0.00721,0,0,0,0,0,0,0,0,0.00722,0,0,0,0,0,0,0,0.205,0.00721,0.205,0.00721,0.205,0.00722,0.205,0.0072
6,41,cube,0,0.00721,0,0,0,0,0,0,0,0,0.00722,0,0,0,0,0,0,0,0.21,0.00721,0.21,0.00721,0.21,0.00722,0.21,0.0072
6,42,cube,0,0.00721,0,0,0,0,0,0,0,0,0.00722,0,0,0,0,0,0,0,0.215,0.00721,0.215,0.00721,0.215,0.00722,0.215,0.0072
6,43,cube,0,0.00721,0,0,0,0,0,0,0,0,0.00722,0,0,0,0,0,0,0,0.22,0.00721,0.22,0.00721,0.22,0.00722,0.22,0.0072
6,44,cube,0,0.00721,0,0,0,0,0,0,0,0,0.00722,0,0,0,0,0,0,0,0.225,0.00721,0.225,0.00721,0.225,0.00722,0.225,0.0072
6,45,cube,0,0.00721,0,0,0,0,0,0,0,0,0.00722,0,0,0,0,0,0,0,0.23,0.00721,0.23,0.00721,0.23,0.00722,0.23,0.0072
6,46,cube,0,0.00721,0,0,0,0,0,0,0,0,0.00722,0,0,0,0,0,0,0,0.235,0.00721,0.235,0.00721,0.235,0.00722,0.235,0.0072
6,47,cube,0,0.00721,0,0,0,0,0,0,0,0,0.00722,0,0,0,0,0,0,0,0.24,0.00721,0.24,0.00721,0.24,0.00722,0.24,0.0072
6,48,cube,0,0.00721,0,0,0,0,0,0,0,0,0.00722,0,0,0,0,0,0,0,0.245,0.00721,0.245,0.00721,0.245,0.00722,0.245,0.0072
6,49,cube,0,0.00721,0,0,0,0,0,0,0,0,0.00722,0,0,0,0,0,0,0,0.25,0.00721,0.25,0.00721,0.25,0.00722,0.25,0.0072
6,50,cube,0,0.00721,0,0,0,0,0,0,0,0,0.00722,0,0,0,0,0,0,0,0.255,0.00721,0.255,0.00721,0.255,0.00722,0.255,0.00721
6,51,cube,0,0.00721,0,0,0,0,0,0,0,0,0.00721,0,0,0,0,0,0,0,0.26,0.00721,0.26,0.00721,0.26,0.00721,0.26,0.00721
6,52,cube,0,0.00721,0,0,0,0,0,0,0,0,0.00721,0,0,0,0,0,0,0,0.265,0.00721,0.265,0.00721,0.265,0.00721,0.265,0.00721
6,53,cube,0,0.00721,0,0,0,0,0,0,0,0,0.00721,0,0,0,0,0,0,0,0.27,0.00721,0.27,0.00721,0.27,0.00721,0.27,0.00721
6,54,cube,0,0.00721,0,0,0,0,0,0,0,0,0.00721,0,0,0,0,0,0,0,0.275,0.00721,0.275,0.00721,0.275,0.00721,0.275,0.00721
6,55,cube,0,0.00721,0,0,0,0,0,0,0,0,0.00721,0,0,0,0,0,0,0,0.28,0.00721,0.28,0.00721,0.28,0.00721,0.28,0.00721
6,56,cube,0,0.00721,0,0,0,0,0,0,0,0,0.00721,0,0,0,0,0,0,0,0.285,0.00721,0.285,0.00721,0.285,0.00721,0.285,0.00721
6,57,cube,0,0.00721,0,0,0,0,0,0,0,0,0.00721,0,0,0,0,0,0,0,0.29,0.00721,0.29,0.00721,0.29,0.00721,0.29,0.00721
6,58,cube,0,0.00721,0,0,0,0,0,0,0,0,0.00721,0,0,0,0,0,0,0,0.295,0.00721,0.295,0.00721,0.295,0.00721,0.295,0.00721
6,59,cube,0,0.00721,0,0,0,0,0,0,0,0,0.00721,0,0,0,0,0,0,0,0.3,0.00721,0.3,0.00721,0.3,0.00721,0.3,0.00721
6,60,cube,0,0.00721,0,0,0,0,0,0,0,0,0.00721,0,0,0,0,0,0,0,0.305,0.00721,0.305,0.00721,0.305,0.00721,0.305,0.00721
6,61,cube,0,0.00721,0,0,0,0,0,0,0,0,0.00721,0,0,0,0,0,0,0,0.31,0.00721,0.31,0.00721,0.31,0.00721,0.31,0.00721
6,62,cube,0,0.00721,0,0,0,0,0,0,0,0,0.00721,0,0,0,0,0,0,0,0.315,0.00721,0.315,0.00721,0.315,0.00721,0.315,0.00721
6,63,cube,0,0.00721,0,0,0,0,0,0,0,0,0.00721,0,0,0,0,0,0,0,0.32,0.00721,0.32,0.00721,0.32,0.00721,0.32,0.00721
6,64,cube,0,0.00721,0,0,0,0,0,0,0,0,0.00721,0,0,0,0,0,0,0,0.325,0.00721,0.325,0.00721,0.325,0.00721,0.325,0.00721
6,65,cube,0,0.00721,0,0,0,0,0,0,0,0,0.00721,0,0,0,0,0,0,0,0.33,0.00721,0.33,0.00721,0.33,0.00721,0.33,0.00721
6,66,cube,0,0.00721,0,0,0,0,0,0,0,0,0.00721,0,0,0,0,0,0,0,0.335,0.00721,0.335,0.00721,0.335,0.00721,0.335,0.00721
6,67,cube,0,0.00721,0,0,0,0,0,0,0,0,0.00721,0,0,0,0,0,0,0,0.34,0.00721,0.34,0.00721,0.34,0.00721,0.34,0.00721
6,68,cube,0,0.00721,0,0,0,0,0,0,0,0,0.00721,0,0,0,0,0,0,0,0.345,0.00721,0.345,0.00721,0.345,0.00721,0.345,0.00721
6,69,cube,0,0.00721,0,0,0,0,0,0,0,0,0.00721,0,0,0,0,0,0,0,0.35,0.00721,0.35,0.00721,0.35,0.00721,0.35,0.00721
6,70,cube,0,0.00721,0,0,0,0,0,0,0,0,0.00721,0,0,0,0,0,0,0,0.355,0.00721,0.355,0.00721,0.355,0.00721,0.355,0.00721
6,71,cube,0,0.00721,0,0,0,0,0,0,0,0,0.00721,0,0,0,0,0,0,0,0.36,0.00721,0.36,0.00721,0.36,0.00721,0.36,0.00721
6,72,cube,0,0.00721,0,0,0,0,0,0,0,0,0.00721,0,0,0,0,0,0,0,0.365,0.00721,0.365,0.00721,0.365,0.00721,0.365,0.00721
6,73,cube,0,0.00721,0,0,0,0,0,0,0,0,0.00721,0,0,0,0,0,0,0,0.37,0.00721,0.37,0.00721,0.37,0.00721,0.37,0.00721
6,74,cube,0,0.00721,0,0,0,0,0,0,0,0,0.00721,0,0,0,0,0,0,0,0.375,0.00721,0.375,0.00721,0.375,0.00721,0.375,0.00721
6,75,cube,0,0.00721,0,0,0,0,0,0,0,0,0.00721,0,0,0,0,0,0,0,0.38,0.00721,0.38,0.00721,0.38,0.00721,0.38,0.00721
6,76,cube,0,0.00721,0,0,0,0,0,0,0,0,0.00721,0,0,0,0,0,0,0,0.385,0.00721,0.385,0.00721,0.385,0.00721,0.385,0.00721
6,77,cube,0,0.00721,0,0,0,0,0,0,0,0,0.00721,0,0,0,0,0,0,0,0.39,0.00721,0.39,0.00721,0.39,0.00721,0.39,0.00721
6,78,cube,0,0.00721,0,0,0,0,0,0,0,0,0.00721,0,0,0,0,0,0,0,0.395,0.00721,0.395,0.00721,0.395,0.00721,0.395,0.00721
6,79,cube,0,0.00721,0,0,0,0,0,0,0,0,0.00721,0,0,0,0,0,0,0,0.4,0.00721,0.4,0.00721,0.4,0.00721,0.4,0.00721
6,80,cube,0,0.00721,0,0,0,0,0,0,0,0,0.00721,0,0,0,0,0,0,0,0.405,0.00721,0.405,0.00721,0.405,0.00721,0.405,0.00721
6,81,cube,0,0.00721,0,0,0,0,0,0,0,0,0.00721,0,0,0,0,0,0,0,0.41,0.00721,0.41,0.00721,0.41,0.00721,0.41,0.00721
6,82,cube,0,0.00721,0,0,0,0,0,0,0,0,0.00721,0,0,0,0,0,0,0,0.415,0.00721,0.415,0.00721,0.415,0.00721,0.415,0.00721
6,83,cube,0,0.00721,0,0,0,0,0,0,0,0,0.00721,0,0,0,0,0,0,0,0.42,0.00721,0.42,0.00721,0.42,0.00721,0.42,0.00721
6,84,cube,0,0.00721,0,0,0,0,0,0,0,0,0.00721,0,0,0,0,0,0,0,0.425,0.00721,0.425,0.00721,0.425,0.00721,0.425,0.00721
6,85,cube,0,0.0074,0,0,0,0,0,0,0,1,0.01077,0,0,0,0,0,0,0,0.43,0.0074,0.43,0.00699,0.43,0.0076,0.43,0.01077
6,86,cube,0,0.00772,0,0,0,0,0,0,0,1,0.01782,0,0,0,0,0,0,0,0.435,0.00772,0.435,0.00664,0.435,0.0082,0.435,0.01782
6,87,cube,0,0.00801,0,0,0,0,0,0,0,1,0.02606,1,0,0,0,0,0,0,0.44,0.00801,0.44,0.00628,0.44,0.00876,0.44,0.02606
6,88,cube,0,0.00827,0,0,0,0,0,0,0,1,0.03554,1,1,0,0,0,0,0,0.445,0.00827,0.445,0.00593,0.445,0.00924,0.445,0.03554
6,89,cube,0,0.00849,0,0,0,0,0,0,0,1,0.04586,1,1,1,0,0,0,0,0.45,0.00849,0.45,0.00561,0.45,0.00979,0.45,0.04586
6,90,cube,1,0.01091,0,0,0,0,0,0,0,1,0.05163,1,1,1,1,0,0,0,0.455,0.00873,0.455,0.01091,0.455,0.01613,0.455,0.05163
6,91,cube,1,0.01812,0,0,0,0,0,0,0,1,0.05884,1,1,1,1,0,0,0,0.46,0.0092,0.46,0.01812,0.46,0.01977,0.46,0.05884
6,92,cube,1,0.02661,1,0,0,0,0,0,0,1,0.06402,1,1,1,1,1,0,0,0.465,0.00952,0.465,0.02661,0.465,0.02577,0.465,0.06402
6,93,cube,1,0.03614,1,1,0,0,0,0,0,1,0.07064,1,1,1,1,1,0,0,0.47,0.00993,0.47,0.03614,0.47,0.02972,0.47,0.07064
6,94,cube,1,0.04693,1,1,1,0,0,0,0,1,0.07548,1,1,1,1,1,0,0,0.475,0.01021,0.475,0.04693,0.475,0.0357,0.475,0.07548
6,95,cube,1,0.05354,1,1,1,1,0,0,0,1,0.08285,1,1,1,1,1,1,0,0.48,0.01581,0.48,0.05354,0.48,0.0383,0.48,0.08285
6,96,cube,1,0.06211,1,1,1,1,1,0,0,1,0.08844,1,1,1,1,1,1,0,0.485,0.01903,0.485,0.06211,0.485,0.0439,0.485,0.08844
6,97,cube,1,0.0689,1,1,1,1,1,0,0,1,0.09562,1,1,1,1,1,1,0,0.49,0.02406,0.49,0.0689,0.49,0.0475,0.49,0.09562
6,98,cube,1,0.07744,1,1,1,1,1,0,0,1,0.10097,1,1,1,1,1,1,1,0.495,0.02711,0.495,0.07744,0.495,0.0533,0.495,0.10097
6,99,cube,1,0.08385,1,1,1,1,1,1,0,1,0.10773,1,1,1,1,1,1,1,0.5,0.03248,0.5,0.08385,0.5,0.05711,0.5,0.10773
6,100,cube,1,0.08704,1,1,1,1,1,1,0,1,0.1077,1,1,1,1,1,1,1,0.505,0.03565,0.5,0.08704,0.505,0.063,0.5,0.1077
6,101,cube,1,0.08834,1,1,1,1,1,1,0,1,0.10935,1,1,1,1,1,1,1,0.51,0.04085,0.5,0.08834,0.51,0.0667,0.5,0.10935
6,102,cube,1,0.09137,1,1,1,1,1,1,0,1,0.10919,1,1,1,1,1,1,1,0.515,0.04404,0.5,0.09137,0.515,0.07263,0.5,0.10919
6,103,cube,1,0.09269,1,1,1,1,1,1,0,1,0.11088,1,1,1,1,1,1,1,0.52,0.04909,0.5,0.09269,0.52,0.07606,0.5,0.11088
6,104,cube,1,0.09554,1,1,1,1,1,1,0,1,0.11088,1,1,1,1,1,1,1,0.525,0.05251,0.5,0.09554,0.525,0.08159,0.5,0.11088
6,105,cube,1,0.09657,1,1,1,1,1,1,0,1,0.11242,1,1,1,1,1,1,1,0.53,0.05782,0.5,0.09657,0.53,0.08535,0.5,0.11242
6,106,cube,1,0.0994,1,1,1,1,1,1,0,1,0.11214,1,1,1,1,1,1,1,0.535,0.06103,0.5,0.0994,0.535,0.09141,0.5,0.11214
6,107,cube,1,0.1004,1,1,1,1,1,1,1,1,0.11352,1,1,1,1,1,1,1,0.54,0.06622,0.5,0.1004,0.54,0.09533,0.5,0.11352
6,108,cube,1,0.10321,1,1,1,1,1,1,1,1,0.11317,1,1,1,1,1,1,1,0.545,0.06937,0.5,0.10321,0.545,0.1014,0.5,0.11317
6,109,cube,1,0.10453,1,1,1,1,1,1,1,1,0.1147,1,1,1,1,1,1,1,0.55,0.07412,0.5,0.10453,0.55,0.10511,0.5,0.1147
6,110,cube,1,0.10772,1,1,1,1,1,1,1,1,0.11454,1,1,1,1,1,1,1,0.555,0.07683,0.5,0.10772,0.555,0.11096,0.5,0.11454
6,111,cube,1,0.10911,1,1,1,1,1,1,1,1,0.11611,1,1,1,1,1,1,1,0.56,0.08173,0.5,0.10911,0.56,0.11469,0.5,0.11611
6,112,cube,1,0.11219,1,1,1,1,1,1,1,1,0.12039,1,1,1,1,1,1,1,0.565,0.0848,0.5,0.11219,0.565,0.12039,0.5,0.11603
6,113,cube,1,0.1136,1,1,1,1,1,1,1,1,0.12403,1,1,1,1,1,1,1,0.57,0.08971,0.5,0.1136,0.57,0.12403,0.5,0.11769
6,114,cube,1,0.11681,1,1,1,1,1,1,1,1,0.12981,1,1,1,1,1,1,1,0.575,0.09269,0.5,0.11681,0.575,0.12981,0.5,0.11766
6,115,cube,1,0.11825,1,1,1,1,1,1,1,1,0.13342,1,1,1,1,1,1,1,0.58,0.09761,0.5,0.11825,0.58,0.13342,0.5,0.11939
6,116,cube,1,0.12149,1,1,1,1,1,1,1,1,0.13918,1,1,1,1,1,1,1,0.585,0.1006,0.5,0.12149,0.585,0.13918,0.5,0.11941
6,117,cube,1,0.123,1,1,1,1,1,1,1,1,0.14281,1,1,1,1,1,1,1,0.59,0.10547,0.5,0.123,0.59,0.14281,0.5,0.12119
6,118,cube,1,0.12629,1,1,1,1,1,1,1,1,0.14852,1,1,1,1,1,1,1,0.595,0.10845,0.5,0.12629,0.595,0.14852,0.5,0.12127
6,119,cube,1,0.12783,1,1,1,1,1,1,1,1,0.15215,1,1,1,1,1,1,1,0.6,0.11331,0.5,0.12783,0.6,0.15215,0.5,0.12309
6,120,cube,1,0.13117,1,1,1,1,1,1,1,1,0.15787,1,1,1,1,1,1,1,0.605,0.11626,0.5,0.13117,0.605,0.15787,0.5,0.1232
6,121,cube,1,0.13275,1,1,1,1,1,1,1,1,0.16149,1,1,1,1,1,1,1,0.61,0.12109,0.5,0.13275,0.61,0.16149,0.5,0.12506
6,122,cube,1,0.13611,1,1,1,1,1,1,1,1,0.16722,1,1,1,1,1,1,1,0.615,0.12407,0.5,0.13611,0.615,0.16722,0.5,0.12518
6,123,cube,1,0.13771,1,1,1,1,1,1,1,1,0.17084,1,1,1,1,1,1,1,0.62,0.12891,0.5,0.13771,0.62,0.17084,0.5,0.12706
6,124,cube,1,0.14111,1,1,1,1,1,1,1,1,0.17655,1,1,1,1,1,1,1,0.625,0.13185,0.5,0.14111,0.625,0.17655,0.5,0.12721
6,125,cube,1,0.14273,1,1,1,1,1,1,1,1,0.18015,1,1,1,1,1,1,1,0.63,0.13668,0.5,0.14273,0.63,0.18015,0.5,0.12912
7,0,cube,0,0.00296,0,0,0,0,0,0,0,0,0.00296,0,0,0,0,0,0,0,0.005,0.00296,0.005,0.00295,0.005,0.00296,0.005,0.00295
7,1,cube,0,0.00471,0,0,0,0,0,0,0,0,0.00471,0,0,0,0,0,0,0,0.01,0.00471,0.01,0.0047,0.01,0.00471,0.01,0.00469
7,2,cube,0,0.00574,0,0,0,0,0,0,0,0,0.00574,0,0,0,0,0,0,0,0.015,0.00574,0.015,0.00573,0.015,0.00574,0.015,0.00572
7,3,cube,0,0.00634,0,0,0,0,0,0,0,0,0.00634,0,0,0,0,0,0,0,0.02,0.00634,0.02,0.00634,0.02,0.00634,0.02,0.00633
7,4,cube,0,0.00671,0,0,0,0,0,0,0,0,0.0067,0,0,0,0,0,0,0,0.025,0.0067,0.025,0.00671,0.025,0.0067,0.025,0.00669
7,5,cube,0,0.00692,0,0,0,0,0,0,0,0,0.00691,0,0,0,0,0,0,0,0.03,0.00691,0.03,0.00692,0.03,0.00691,0.03,0.0069
7,6,cube,0,0.00704,0,0,0,0,0,0,0,0,0.00704,0,0,0,0,0,0,0,0.035,0.00704,0.035,0.00704,0.035,0.00704,0.035,0.00703
7,7,cube,0,0.00712,0,0,0,0,0,0,0,0,0.00711,0,0,0,0,0,0,0,0.04,0.00711,0.04,0.00712,0.04,0.00711,0.04,0.0071
7,8,cube,0,0.00716,0,0,0,0,0,0,0,0,0.00715,0,0,0,0,0,0,0,0.045,0.00715,0.045,0.00716,0.045,0.00715,0.045,0.00715
7,9,cube,0,0.00719,0,0,0,0,0,0,0,0,0.00718,0,0,0,0,0,0,0,0.05,0.00718,0.05,0.00719,0.05,0.00718,0.05,0.00717
7,10,cube,0,0.0072,0,0,0,0,0,0,0,0,0.00719,0,0,0,0,0,0,0,0.055,0.00719,0.055,0.0072,0.055,0.00719,0.055,0.00719
7,11,cube,0,0.00721,0,0,0,0,0,0,0,0,0.0072,0,0,0,0,0,0,0,0.06,0.0072,0.06,0.00721,0.06,0.0072,0.06,0.0072
7,12,cube,0,0.00721,0,0,0,0,0,0,0,0,0.00721,0,0,0,0,0,0,0,0.065,0.00721,0.065,0.00721,0.065,0.00721,0.065,0.0072
7,13,cube,0,0.00721,0,0,0,0,0,0,0,0,0.00721,0,0,0,0,0,0,0,0.07,0.00721,0.07,0.00721,0.07,0.00721,0.07,0.0072
7,14,cube,0,0.00722,0,0,0,0,0,0,0,0,0.00721,0,0,0,0,0,0,0,0.075,0.00721,0.075,0.00722,0.075,0.00721,0.075,0.0072
7,15,cube,0,0.00722,0,0,0,0,0,0,0,0,0.00722,0,0,0,0,0,0,0,0.08,0.00721,0.08,0.00722,0.08,0.00722,0.08,0.00721
7,16,cube,0,0.00722,0,0,0,0,0,0,0,0,0.00722,0,0,0,0,0,0,0,0.085,0.00721,0.085,0.00722,0.085,0.00722,0.085,0.00721
7,17,cube,0,0.00722,0,0,0,0,0,0,0,0,0.00722,0,0,0,0,0,0,0,0.09,0.00721,0.09,0.00722,0.09,0.00722,0.09,0.00721
7,18,cube,0,0.00722,0,0,0,0,0,0,0,0,0.00722,0,0,0,0,0,0,0,0.095,0.00722,0.095,0.00722,0.095,0.00722,0.095,0.00721
7,19,cube,0,0.00722,0,0,0,0,0,0,0,0,0.00722,0,0,0,0,0,0,0,0.1,0.00722,0.1,0.00722,0.1,0.00722,0.1,0.00721
7,20,cube,0,0.00722,0,0,0,0,0,0,0,0,0.00722,0,0,0,0,0,0,0,0.105,0.00722,0.105,0.00722,0.105,0.00722,0.105,0.00721
7,21,cube,0,0.00722,0,0,0,0,0,0,0,0,0.00722,0,0,0,0,0,0,0,0.11,0.00722,0.11,0.00722,0.11,0.00722,0.11,0.00721
7,22,cube,0,0.00722,0,0,0,0,0,0,0,0,0.00722,0,0,0,0,0,0,0,0.115,0.00722,0.115,0.00722,0.115,0.00722,0.115,0.00721
7,23,cube,0,0.00722,0,0,0,0,0,0,0,0,0.00722,0,0,0,0,0,0,0,0.12,0.00722,0.12,0.00722,0.12,0.00722,0.12,0.00721
7,24,cube,0,0.00721,0,0,0,0,0,0,0,0,0.00722,0,0,0,0,0,0,0,0.125,0.00721,0.125,0.00721,0.125,0.00722,0.125,0.00721
7,25,cube,0,0.00721,0,0,0,0,0,0,0,0,0.00722,0,0,0,0,0,0,0,0.13,0.00721,0.13,0.00721,0.13,0.00722,0.13,0.00721
7,26,cube,0,0.00721,0,0,0,0,0,0,0,0,0.00722,0,0,0,0,0,0,0,0.135,0.00721,0.135,0.00721,0.135,0.00722,0.135,0.00721
7,27,cube,0,0.00721,0,0,0,0,0,0,0,0,0.00722,0,0,0,0,0,0,0,0.14,0.00721,0.14,0.00721,0.14,0.00722,0.14,0.00721
7,28,cube,0,0.00721,0,0,0,0,0,0,0,0,0.00722,0,0,0,0,0,0,0,0.145,0.00721,0.145,0.00721,0.145,0.00722,0.145,0.00721
7,29,cube,0,0.00721,0,0,0,0,0,0,0,0,0.00722,0,0,0,0,0,0,0,0.15,0.00721,0.15,0.00721,0.15,0.00722,0.15,0.00721
7,30,cube,0,0.00721,0,0,0,0,0,0,0,0,0.00722,0,0,0,0,0,0,0,0.155,0.00721,0.155,0.00721,0.155,0.00722,0.155,0.00721
7,31,cube,0,0.00721,0,0,0,0,0,0,0,0,0.00722,0,0,0,0,0,0,0,0.16,0.00721,0.16,0.00721,0.16,0.00722,0.16,0.00721
7,32,cube,0,0.00721,0,0,0,0,0,0,0,0,0.00722,0,0,0,0,0,0,0,0.165,0.00721,0.165,0.00721,0.165,0.00722,0.165,0.00721
7,33,cube,0,0.00721,0,0,0,0,0,0,0,0,0.00722,0,0,0,0,0,0,0,0.17,0.00721,0.17,0.00721,0.17,0.00722,0.17,0.00721
7,34,cube,0,0.00721,0,0,0,0,0,0,0,0,0.00722,0,0,0,0,0,0,0,0.175,0.00721,0.175,0.00721,0.175,0.00722,0.175,0.00721
7,35,cube,0,0.00721,0,0,0,0,0,0,0,0,0.00722,0,0,0,0,0,0,0,0.18,0.00721,0.18,0.00721,0.18,0.00722,0.18,0.00721
7,36,cube,0,0.00721,0,0,0,0,0,0,0,0,0.00722,0,0,0,0,0,0,0,0.185,0.00721,0.185,0.00721,0.185,0.00722,0.185,0.00721
7,37,cube,0,0.00721,0,0,0,0,0,0,0,0,0.00722,0,0,0,0,0,0,0,0.19,0.00721,0.19,0.00721,0.19,0.00722,0.19,0.00721
7,38,cube,0,0.00721,0,0,0,0,0,0,0,0,0.00722,0,0,0,0,0,0,0,0.195,0.00721,0.195,0.00721,0.195,0.00722,0.195,0.00721
7,39,cube,0,0.00721,0,0,0,0,0,0,0,0,0.00722,0,0,0,0,0,0,0,0.2,0.00721,0.2,0.00721,0.2,0.00722,0.2,0.00721
7,40,cube,0,0.00721,0,0,0,0,0,0,0,0,0.00722,0,0,0,0,0,0,0,0.205,0.00721,0.205,0.00721,0.205,0.00722,0.205,0.00721
7,41,cube,0,0.00721,0,0,0,0,0,0,0,0,0.00722,0,0,0,0,0,0,0,0.21,0.00721,0.21,0.00721,0.21,0.00722,0.21,0.00721
7,42,cube,0,0.00721,0,0,0,0,0,0,0,0,0.00722,0,0,0,0,0,0,0,0.215,0.00721,0.215,0.00721,0.215,0.00722,0.215,0.00721
7,43,cube,0,0.00721,0,0,0,0,0,0,0,0,0.00722,0,0,0,0,0,0,0,0.22,0.00721,0.22,0.00721,0.22,0.00722,0.22,0.00721
7,44,cube,0,0.00721,0,0,0,0,0,0,0,0,0.00722,0,0,0,0,0,0,0,0.225,0.00721,0.225,0.00721,0.225,0.00722,0.225,0.00721
7,45,cube,0,0.00721,0,0,0,0,0,0,0,0,0.00722,0,0,0,0,0,0,0,0.23,0.00721,0.23,0.00721,0.23,0.00722,0.23,0.00721
7,46,cube,0,0.00721,0,0,0,0,0,0,0,0,0.00722,0,0,0,0,0,0,0,0.235,0.00721,0.235,0.00721,0.235,0.00722,0.235,0.00721
7,47,cube,0,0.00721,0,0,0,0,0,0,0,0,0.00722,0,0,0,0,0,0,0,0.24,0.00721,0.24,0.00721,0.24,0.00722,0.24,0.00721
7,48,cube,0,0.00721,0,0,0,0,0,0,0,0,0.00722,0,0,0,0,0,0,0,0.245,0.00721,0.245,0.00721,0.245,0.00722,0.245,0.00721
7,49,cube,0,0.00721,0,0,0,0,0,0,0,0,0.00722,0,0,0,0,0,0,0,0.25,0.00721,0.25,0.00721,0.25,0.00722,0.25,0.00721
7,50,cube,0,0.00721,0,0,0,0,0,0,0,0,0.00722,0,0,0,0,0,0,0,0.255,0.00721,0.255,0.00721,0.255,0.00722,0.255,0.00721
7,51,cube,0,0.00721,0,0,0,0,0,0,0,0,0.00722,0,0,0,0,0,0,0,0.26,0.00721,0.26,0.00721,0.26,0.00722,0.26,0.00721
7,52,cube,0,0.00721,0,0,0,0,0,0,0,0,0.00722,0,0,0,0,0,0,0,0.265,0.00721,0.265,0.00721,0.265,0.00722,0.265,0.00721
7,53,cube,0,0.00721,0,0,0,0,0,0,0,0,0.00722,0,0,0,0,0,0,0,0.27,0.00721,0.27,0.00721,0.27,0.00722,0.27,0.00721
7,54,cube,0,0.00721,0,0,0,0,0,0,0,0,0.00722,0,0,0,0,0,0,0,0.275,0.00721,0.275,0.00721,0.275,0.00722,0.275,0.00721
7,55,cube,0,0.00721,0,0,0,0,0,0,0,0,0.00722,0,0,0,0,0,0,0,0.28,0.00721,0.28,0.00721,0.28,0.00722,0.28,0.00721
7,56,cube,0,0.00721,0,0,0,0,0,0,0,0,0.00722,0,0,0,0,0,0,0,0.285,0.00721,0.285,0.00721,0.285,0.00722,0.285,0.00721
7,57,cube,0,0.00721,0,0,0,0,0,0,0,0,0.00722,0,0,0,0,0,0,0,0.29,0.00721,0.29,0.00721,0.29,0.00722,0.29,0.00721
7,58,cube,0,0.00721,0,0,0,0,0,0,0,0,0.00722,0,0,0,0,0,0,0,0.295,0.00721,0.295,0.00721,0.295,0.00722,0.295,0.00721
7,59,cube,0,0.00721,0,0,0,0,0,0,0,0,0.00722,0,0,0,0,0,0,0,0.3,0.00721,0.3,0.00721,0.3,0.00722,0.3,0.00721
7,60,cube,0,0.00721,0,0,0,0,0,0,0,0,0.00722,0,0,0,0,0,0,0,0.305,0.00721,0.305,0.00721,0.305,0.00722,0.305,0.00721
7,61,cube,0,0.00721,0,0,0,0,0,0,0,0,0.00722,0,0,0,0,0,0,0,0.31,0.00721,0.31,0.00721,0.31,0.00722,0.31,0.00721
7,62,cube,0,0.00721,0,0,0,0,0,0,0,0,0.00721,0,0,0,0,0,0,0,0.315,0.00721,0.315,0.00721,0.315,0.00721,0.315,0.00721
7,63,cube,0,0.00721,0,0,0,0,0,0,0,0,0.00721,0,0,0,0,0,0,0,0.32,0.00721,0.32,0.00721,0.32,0.00721,0.32,0.00721
7,64,cube,0,0.00721,0,0,0,0,0,0,0,0,0.00721,0,0,0,0,0,0,0,0.325,0.00721,0.325,0.00721,0.325,0.00721,0.325,0.00721
7,65,cube,0,0.00721,0,0,0,0,0,0,0,0,0.00721,0,0,0,0,0,0,0,0.33,0.00721,0.33,0.00721,0.33,0.00721,0.33,0.00721
7,66,cube,0,0.00721,0,0,0,0,0,0,0,0,0.00721,0,0,0,0,0,0,0,0.335,0.00721,0.335,0.00721,0.335,0.00721,0.335,0.00721
7,67,cube,0,0.00721,0,0,0,0,0,0,0,0,0.00721,0,0,0,0,0,0,0,0.34,0.00721,0.34,0.00721,0.34,0.00721,0.34,0.00721
7,68,cube,0,0.00721,0,0,0,0,0,0,0,0,0.00721,0,0,0,0,0,0,0,0.345,0.00721,0.345,0.00721,0.345,0.00721,0.345,0.00721
7,69,cube,0,0.00721,0,0,0,0,0,0,0,0,0.00721,0,0,0,0,0,0,0,0.35,0.00721,0.35,0.00721,0.35,0.00721,0.35,0.00721
7,70,cube,0,0.00721,0,0,0,0,0,0,0,0,0.00721,0,0,0,0,0,0,0,0.355,0.00721,0.355,0.00721,0.355,0.00721,0.355,0.00721
7,71,cube,0,0.00721,0,0,0,0,0,0,0,0,0.00721,0,0,0,0,0,0,0,0.36,0.00721,0.36,0.00721,0.36,0.00721,0.36,0.00721
7,72,cube,0,0.00721,0,0,0,0,0,0,0,0,0.00721,0,0,0,0,0,0,0,0.365,0.00721,0.365,0.00721,0.365,0.00721,0.365,0.00721
7,73,cube,0,0.00721,0,0,0,0,0,0,0,0,0.00721,0,0,0,0,0,0,0,0.37,0.00721,0.37,0.00721,0.37,0.00721,0.37,0.00721
7,74,cube,0,0.00721,0,0,0,0,0,0,0,0,0.00721,0,0,0,0,0,0,0,0.375,0.00721,0.375,0.00721,0.375,0.00721,0.375,0.00721
7,75,cube,0,0.00721,0,0,0,0,0,0,0,0,0.00721,0,0,0,0,0,0,0,0.38,0.00721,0.38,0.00721,0.38,0.00721,0.38,0.00721
7,76,cube,0,0.00721,0,0,0,0,0,0,0,0,0.00721,0,0,0,0,0,0,0,0.385,0.00721,0.385,0.00721,0.385,0.00721,0.385,0.00721
7,77,cube,0,0.00721,0,0,0,0,0,0,0,0,0.00721,0,0,0,0,0,0,0,0.39,0.00721,0.39,0.00721,0.39,0.00721,0.39,0.00721
7,78,cube,0,0.00721,0,0,0,0,0,0,0,0,0.00721,0,0,0,0,0,0,0,0.395,0.00721,0.395,0.00721,0.395,0.00721,0.395,0.00721
7,79,cube,0,0.00721,0,0,0,0,0,0,0,0,0.00721,0,0,0,0,0,0,0,0.4,0.00721,0.4,0.00721,0.4,0.00721,0.4,0.00721
7,80,cube,0,0.00721,0,0,0,0,0,0,0,0,0.00721,0,0,0,0,0,0,0,0.405,0.00721,0.405,0.00721,0.405,0.00721,0.405,0.00721
7,81,cube,0,0.00721,0,0,0,0,0,0,0,0,0.00721,0,0,0,0,0,0,0,0.41,0.00721,0.41,0.00721,0.41,0.00721,0.41,0.00721
7,82,cube,0,0.00721,0,0,0,0,0,0,0,0,0.00721,0,0,0,0,0,0,0,0.415,0.00721,0.415,0.00721,0.415,0.00721,0.415,0.00721
7,83,cube,0,0.00721,0,0,0,0,0,0,0,0,0.00721,0,0,0,0,0,0,0,0.42,0.00721,0.42,0.00721,0.42,0.00721,0.42,0.00721
7,84,cube,0,0.00721,0,0,0,0,0,0,0,0,0.00721,0,0,0,0,0,0,0,0.425,0.00721,0.425,0.00721,0.425,0.00721,0.425,0.00721
7,85,cube,0,0.00741,0,0,0,0,0,0,0,1,0.01072,0,0,0,0,0,0,0,0.43,0.00741,0.43,0.00697,0.43,0.00763,0.43,0.01072
7,86,cube,0,0.00773,0,0,0,0,0,0,0,1,0.01769,0,0,0,0,0,0,0,0.435,0.00773,0.435,0.00662,0.435,0.00826,0.435,0.01769
7,87,cube,0,0.00803,0,0,0,0,0,0,0,1,0.02602,1,0,0,0,0,0,0,0.44,0.00803,0.44,0.00625,0.44,0.00881,0.44,0.02602
7,88,cube,0,0.00829,0,0,0,0,0,0,0,1,0.03559,1,1,0,0,0,0,0,0.445,0.00829,0.445,0.00589,0.445,0.00927,0.445,0.03559
7,89,cube,0,0.00851,0,0,0,0,0,0,0,1,0.04622,1,1,1,0,0,0,0,0.45,0.00851,0.45,0.00559,0.45,0.00969,0.45,0.04622
7,90,cube,1,0.01106,0,0,0,0,0,0,0,1,0.05218,1,1,1,1,0,0,0,0.455,0.00864,0.455,0.01106,0.455,0.01579,0.455,0.05218
7,91,cube,1,0.01837,0,0,0,0,0,0,0,1,0.05955,1,1,1,1,0,0,0,0.46,0.00903,0.46,0.01837,0.46,0.01912,0.46,0.05955
7,92,cube,1,0.02694,1,0,0,0,0,0,0,1,0.06507,1,1,1,1,1,0,0,0.465,0.00931,0.465,0.02694,0.465,0.02458,0.465,0.06507
7,93,cube,1,0.03659,1,1,0,0,0,0,0,1,0.07237,1,1,1,1,1,0,0,0.47,0.00966,0.47,0.03659,0.47,0.02773,0.47,0.07237
7,94,cube,1,0.04729,1,1,1,0,0,0,0,1,0.07771,1,1,1,1,1,0,0,0.475,0.00992,0.475,0.04729,0.475,0.03333,0.475,0.07771
7,95,cube,1,0.0548,1,1,1,1,0,0,0,1,0.08438,1,1,1,1,1,1,0,0.48,0.01334,0.48,0.0548,0.48,0.03715,0.48,0.08438
7,96,cube,1,0.06281,1,1,1,1,1,0,0,1,0.08916,1,1,1,1,1,1,0,0.485,0.01768,0.485,0.06281,0.485,0.04323,0.485,0.08916
7,97,cube,1,0.06889,1,1,1,1,1,0,0,1,0.09567,1,1,1,1,1,1,0,0.49,0.02372,0.49,0.06889,0.49,0.04704,0.49,0.09567
7,98,cube,1,0.0768,1,1,1,1,1,0,0,1,0.10031,1,1,1,1,1,1,1,0.495,0.02719,0.495,0.0768,0.495,0.05315,0.495,0.10031
7,99,cube,1,0.08282,1,1,1,1,1,1,0,1,0.10662,1,1,1,1,1,1,1,0.5,0.03268,0.5,0.08282,0.5,0.05699,0.5,0.10662
7,100,cube,1,0.08551,1,1,1,1,1,1,0,1,0.10614,1,1,1,1,1,1,1,0.505,0.03608,0.5,0.08551,0.505,0.063,0.5,0.10614
7,101,cube,1,0.08635,1,1,1,1,1,1,0,1,0.10735,1,1,1,1,1,1,1,0.51,0.04151,0.5,0.08635,0.51,0.06678,0.5,0.10735
7,102,cube,1,0.0889,1,1,1,1,1,1,0,1,0.10673,1,1,1,1,1,1,1,0.515,0.04489,0.5,0.0889,0.515,0.0729,0.5,0.10673
7,103,cube,1,0.08963,1,1,1,1,1,1,0,1,0.10772,1,1,1,1,1,1,1,0.52,0.05031,0.5,0.08963,0.52,0.07692,0.5,0.10772
7,104,cube,1,0.09205,1,1,1,1,1,1,0,1,0.1069,1,1,1,1,1,1,1,0.525,0.05372,0.5,0.09205,0.525,0.08322,0.5,0.1069
7,105,cube,1,0.09267,1,1,1,1,1,1,0,1,0.10779,1,1,1,1,1,1,1,0.53,0.05916,0.5,0.09267,0.53,0.08726,0.5,0.10779
7,106,cube,1,0.09498,1,1,1,1,1,1,0,1,0.10692,1,1,1,1,1,1,1,0.535,0.06257,0.5,0.09498,0.535,0.09352,0.5,0.10692
7,107,cube,1,0.09553,1,1,1,1,1,1,0,1,0.10775,1,1,1,1,1,1,1,0.54,0.06802,0.5,0.09553,0.54,0.09756,0.5,0.10775
7,108,cube,1,0.09779,1,1,1,1,1,1,0,1,0.10682,1,1,1,1,1,1,1,0.545,0.07147,0.5,0.09779,0.545,0.10387,0.5,0.10682
7,109,cube,1,0.09831,1,1,1,1,1,1,0,1,0.10794,1,1,1,1,1,1,1,0.55,0.07694,0.5,0.09831,0.55,0.10794,0.5,0.10762
7,110,cube,1,0.10059,1,1,1,1,1,1,1,1,0.11422,1,1,1,1,1,1,1,0.555,0.08036,0.5,0.10059,0.555,0.11422,0.5,0.10669
7,111,cube,1,0.10116,1,1,1,1,1,1,1,1,0.11826,1,1,1,1,1,1,1,0.56,0.08576,0.5,0.10116,0.56,0.11826,0.5,0.10752
7,112,cube,1,0.1035,1,1,1,1,1,1,1,1,0.12453,1,1,1,1,1,1,1,0.565,0.08916,0.5,0.1035,0.565,0.12453,0.5,0.10662
7,113,cube,1,0.10414,1,1,1,1,1,1,1,1,0.12856,1,1,1,1,1,1,1,0.57,0.09451,0.5,0.10414,0.57,0.12856,0.5,0.10749
7,114,cube,1,0.10654,1,1,1,1,1,1,1,1,0.13483,1,1,1,1,1,1,1,0.575,0.0979,0.5,0.10654,0.575,0.13483,0.5,0.10662
7,115,cube,1,0.10723,1,1,1,1,1,1,1,1,0.13886,1,1,1,1,1,1,1,0.58,0.10327,0.5,0.10723,0.58,0.13886,0.5,0.10753
7,116,cube,1,0.10967,1,1,1,1,1,1,1,1,0.14513,1,1,1,1,1,1,1,0.585,0.10667,0.5,0.10967,0.585,0.14513,0.5,0.10669
7,117,cube,1,0.11209,1,1,1,1,1,1,1,1,0.14916,1,1,1,1,1,1,1,0.59,0.11209,0.5,0.11039,0.59,0.14916,0.5,0.10767
7,118,cube,1,0.1155,1,1,1,1,1,1,1,1,0.15546,1,1,1,1,1,1,1,0.595,0.1155,0.5,0.11287,0.595,0.15546,0.5,0.10689
7,119,cube,1,0.12076,1,1,1,1,1,1,1,1,0.15939,1,1,1,1,1,1,1,0.6,0.12076,0.5,0.11367,0.6,0.15939,0.5,0.10794
7,120,cube,1,0.124,1,1,1,1,1,1,1,1,0.16553,1,1,1,1,1,1,1,0.605,0.124,0.5,0.11629,0.605,0.16553,0.5,0.10725
7,121,cube,1,0.12913,1,1,1,1,1,1,1,1,0.16944,1,1,1,1,1,1,1,0.61,0.12913,0.5,0.1172,0.61,0.16944,0.5,0.10836
7,122,cube,1,0.13232,1,1,1,1,1,1,1,1,0.17556,1,1,1,1,1,1,1,0.615,0.13232,0.5,0.11991,0.615,0.17556,0.5,0.10772
7,123,cube,1,0.13742,1,1,1,1,1,1,1,1,0.17945,1,1,1,1,1,1,1,0.62,0.13742,0.5,0.12091,0.62,0.17945,0.5,0.10888
7,124,cube,1,0.14059,1,1,1,1,1,1,1,1,0.18557,1,1,1,1,1,1,1,0.625,0.14059,0.5,0.12371,0.625,0.18557,0.5,0.10829
7,125,cube,1,0.14566,1,1,1,1,1,1,1,1,0.18945,1,1,1,1,1,1,1,0.63,0.14566,0.5,0.12477,0.63,0.18945,0.5,0.1095
8,0,cube,0,0.00296,0,0,0,0,0,0,0,0,0.00295,0,0,0,0,0,0,0,0.005,0.00296,0.005,0.00295,0.005,0.00295,0.005,0.00295
8,1,cube,0,0.0047,0,0,0,0,0,0,0,0,0.0047,0,0,0,0,0,0,0,0.01,0.0047,0.01,0.00469,0.01,0.0047,0.01,0.00469
8,2,cube,0,0.00573,0,0,0,0,0,0,0,0,0.00573,0,0,0,0,0,0,0,0.015,0.00573,0.015,0.00572,0.015,0.00573,0.015,0.00572
8,3,cube,0,0.00634,0,0,0,0,0,0,0,0,0.00634,0,0,0,0,0,0,0,0.02,0.00634,0.02,0.00634,0.02,0.00634,0.02,0.00633
8,4,cube,0,0.0067,0,0,0,0,0,0,0,0,0.0067,0,0,0,0,0,0,0,0.025,0.0067,0.025,0.0067,0.025,0.0067,0.025,0.00669
8,5,cube,0,0.00691,0,0,0,0,0,0,0,0,0.00691,0,0,0,0,0,0,0,0.03,0.00691,0.03,0.00691,0.03,0.00691,0.03,0.0069
8,6,cube,0,0.00704,0,0,0,0,0,0,0,0,0.00704,0,0,0,0,0,0,0,0.035,0.00704,0.035,0.00704,0.035,0.00704,0.035,0.00703
8,7,cube,0,0.00711,0,0,0,0,0,0,0,0,0.00711,0,0,0,0,0,0,0,0.04,0.00711,0.04,0.00711,0.04,0.00711,0.04,0.0071
8,8,cube,0,0.00715,0,0,0,0,0,0,0,0,0.00715,0,0,0,0,0,0,0,0.045,0.00715,0.045,0.00715,0.045,0.00715,0.045,0.00714
8,9,cube,0,0.00718,0,0,0,0,0,0,0,0,0.00718,0,0,0,0,0,0,0,0.05,0.00718,0.05,0.00718,0.05,0.00718,0.05,0.00717
8,10,cube,0,0.0072,0,0,0,0,0,0,0,0,0.00719,0,0,0,0,0,0,0,0.055,0.00719,0.055,0.0072,0.055,0.00719,0.055,0.00719
8,11,cube,0,0.0072,0,0,0,0,0,0,0,0,0.0072,0,0,0,0,0,0,0,0.06,0.0072,0.06,0.0072,0.06,0.0072,0.06,0.0072
8,12,cube,0,0.00721,0,0,0,0,0,0,0,0,0.00721,0,0,0,0,0,0,0,0.065,0.00721,0.065,0.00721,0.065,0.00721,0.065,0.0072
8,13,cube,0,0.00721,0,0,0,0,0,0,0,0,0.00721,0,0,0,0,0,0,0,0.07,0.00721,0.07,0.00721,0.07,0.00721,0.07,0.0072
8,14,cube,0,0.00721,0,0,0,0,0,0,0,0,0.00721,0,0,0,0,0,0,0,0.075,0.00721,0.075,0.00721,0.075,0.00721,0.075,0.00721
8,15,cube,0,0.00721,0,0,0,0,0,0,0,0,0.00721,0,0,0,0,0,0,0,0.08,0.00721,0.08,0.00721,0.08,0.00721,0.08,0.00721
8,16,cube,0,0.00721,0,0,0,0,0,0,0,0,0.00721,0,0,0,0,0,0,0,0.085,0.00721,0.085,0.00721,0.085,0.00721,0.085,0.00721
8,17,cube,0,0.00721,0,0,0,0,0,0,0,0,0.00721,0,0,0,0,0,0,0,0.09,0.00721,0.09,0.00721,0.09,0.00721,0.09,0.00721
8,18,cube,0,0.00721,0,0,0,0,0,0,0,0,0.00721,0,0,0,0,0,0,0,0.095,0.00721,0.095,0.00721,0.095,0.00721,0.095,0.00721
8,19,cube,0,0.00721,0,0,0,0,0,0,0,0,0.00721,0,0,0,0,0,0,0,0.1,0.00721,0.1,0.00721,0.1,0.00721,0.1,0.00721
8,20,cube,0,0.00721,0,0,0,0,0,0,0,0,0.00721,0,0,0,0,0,0,0,0.105,0.00721,0.105,0.00721,0.105,0.00721,0.105,0.00721
8,21,cube,0,0.00721,0,0,0,0,0,0,0,0,0.00721,0,0,0,0,0,0,0,0.11,0.00721,0.11,0.00721,0.11,0.00721,0.11,0.00721
8,22,cube,0,0.00721,0,0,0,0,0,0,0,0,0.00721,0,0,0,0,0,0,0,0.115,0.00721,0.115,0.00721,0.115,0.00721,0.115,0.00721
8,23,cube,0,0.00721,0,0,0,0,0,0,0,0,0.00721,0,0,0,0,0,0,0,0.12,0.00721,0.12,0.00721,0.12,0.00721,0.12,0.00721
8,24,cube,0,0.00721,0,0,0,0,0,0,0,0,0.00721,0,0,0,0,0,0,0,0.125,0.00721,0.125,0.00721,0.125,0.00721,0.125,0.00721
8,25,cube,0,0.00721,0,0,0,0,0,0,0,0,0.00721,0,0,0,0,0,0,0,0.13,0.00721,0.13,0.00721,0.13,0.00721,0.13,0.00721
8,26,cube,0,0.00721,0,0,0,0,0,0,0,0,0.00721,0,0,0,0,0,0,0,0.135,0.00721,0.135,0.00721,0.135,0.00721,0.135,0.00721
8,27,cube,0,0.00721,0,0,0,0,0,0,0,0,0.00721,0,0,0,0,0,0,0,0.14,0.00721,0.14,0.00721,0.14,0.00721,0.14,0.00721
8,28,cube,0,0.00721,0,0,0,0,0,0,0,0,0.00721,0,0,0,0,0,0,0,0.145,0.00721,0.145,0.00721,0.145,0.00721,0.145,0.00721
8,29,cube,0,0.00721,0,0,0,0,0,0,0,0,0.00721,0,0,0,0,0,0,0,0.15,0.00721,0.15,0.00721,0.15,0.00721,0.15,0.00721
8,30,cube,0,0.00721,0,0,0,0,0,0,0,0,0.00721,0,0,0,0,0,0,0,0.155,0.00721,0.155,0.00721,0.155,0.00721,0.155,0.00721
8,31,cube,0,0.00721,0,0,0,0,0,0,0,0,0.00721,0,0,0,0,0,0,0,0.16,0.00721,0.16,0.00721,0.16,0.00721,0.16,0.00721
8,32,cube,0,0.00721,0,0,0,0,0,0,0,0,0.00721,0,0,0,0,0,0,0,0.165,0.00721,0.165,0.00721,0.165,0.00721,0.165,0.00721
8,33,cube,0,0.00721,0,0,0,0,0,0,0,0,0.00721,0,0,0,0,0,0,0,0.17,0.00721,0.17,0.00721,0.17,0.00721,0.17,0.00721
8,34,cube,0,0.00721,0,0,0,0,0,0,0,0,0.00721,0,0,0,0,0,0,0,0.175,0.00721,0.175,0.00721,0.175,0.00721,0.175,0.00721
8,35,cube,0,0.00721,0,0,0,0,0,0,0,0,0.00721,0,0,0,0,0,0,0,0.18,0.00721,0.18,0.00721,0.18,0.00721,0.18,0.00721
8,36,cube,0,0.00721,0,0,0,0,0,0,0,0,0.00721,0,0,0,0,0,0,0,0.185,0.00721,0.185,0.00721,0.185,0.00721,0.185,0.00721
8,37,cube,0,0.00721,0,0,0,0,0,0,0,0,0.00721,0,0,0,0,0,0,0,0.19,0.00721,0.19,0.00721,0.19,0.00721,0.19,0.00721
8,38,cube,0,0.00721,0,0,0,0,0,0,0,0,0.00721,0,0,0,0,0,0,0,0.195,0.00721,0.195,0.00721,0.195,0.00721,0.195,0.00721
8,39,cube,0,0.00721,0,0,0,0,0,0,0,0,0.00721,0,0,0,0,0,0,0,0.2,0.00721,0.2,0.00721,0.2,0.00721,0.2,0.00721
8,40,cube,0,0.00721,0,0,0,0,0,0,0,0,0.00721,0,0,0,0,0,0,0,0.205,0.00721,0.205,0.00721,0.205,0.00721,0.205,0.00721
8,41,cube,0,0.00721,0,0,0,0,0,0,0,0,0.00721,0,0,0,0,0,0,0,0.21,0.00721,0.21,0.00721,0.21,0.00721,0.21,0.00721
8,42,cube,0,0.00721,0,0,0,0,0,0,0,0,0.00721,0,0,0,0,0,0,0,0.215,0.00721,0.215,0.00721,0.215,0.00721,0.215,0.00721
8,43,cube,0,0.00721,0,0,0,0,0,0,0,0,0.00721,0,0,0,0,0,0,0,0.22,0.00721,0.22,0.00721,0.22,0.00721,0.22,0.00721
8,44,cube,0,0.00721,0,0,0,0,0,0,0,0,0.00721,0,0,0,0,0,0,0,0.225,0.00721,0.225,0.00721,0.225,0.00721,0.225,0.00721
8,45,cube,0,0.00721,0,0,0,0,0,0,0,0,0.00721,0,0,0,0,0,0,0,0.23,0.00721,0.23,0.00721,0.23,0.00721,0.23,0.00721
8,46,cube,0,0.00721,0,0,0,0,0,0,0,0,0.00721,0,0,0,0,0,0,0,0.235,0.00721,0.235,0.00721,0.235,0.00721,0.235,0.00721
8,47,cube,0,0.00721,0,0,0,0,0,0,0,0,0.00721,0,0,0,0,0,0,0,0.24,0.00721,0.24,0.00721,0.24,0.00721,0.24,0.00721
8,48,cube,0,0.00721,0,0,0,0,0,0,0,0,0.00721,0,0,0,0,0,0,0,0.245,0.00721,0.245,0.00721,0.245,0.00721,0.245,0.00721
8,49,cube,0,0.00721,0,0,0,0,0,0,0,0,0.00721,0,0,0,0,0,0,0,0.25,0.00721,0.25,0.00721,0.25,0.00721,0.25,0.00721
8,50,cube,0,0.00721,0,0,0,0,0,0,0,0,0.00721,0,0,0,0,0,0,0,0.255,0.00721,0.255,0.00721,0.255,0.00721,0.255,0.00721
8,51,cube,0,0.00721,0,0,0,0,0,0,0,0,0.00721,0,0,0,0,0,0,0,0.26,0.00721,0.26,0.00721,0.26,0.00721,0.26,0.00721
8,52,cube,0,0.00721,0,0,0,0,0,0,0,0,0.00721,0,0,0,0,0,0,0,0.265,0.00721,0.265,0.00721,0.265,0.00721,0.265,0.00721
8,53,cube,0,0.00721,0,0,0,0,0,0,0,0,0.00721,0,0,0,0,0,0,0,0.27,0.00721,0.27,0.00721,0.27,0.00721,0.27,0.00721
8,54,cube,0,0.00721,0,0,0,0,0,0,0,0,0.00721,0,0,0,0,0,0,0,0.275,0.00721,0.275,0.00721,0.275,0.00721,0.275,0.00721
8,55,cube,0,0.00721,0,0,0,0,0,0,0,0,0.00721,0,0,0,0,0,0,0,0.28,0.00721,0.28,0.00721,0.28,0.00721,0.28,0.00721
8,56,cube,0,0.00721,0,0,0,0,0,0,0,0,0.00721,0,0,0,0,0,0,0,0.285,0.00721,0.285,0.00721,0.285,0.00721,0.285,0.00721
8,57,cube,0,0.00721,0,0,0,0,0,0,0,0,0.00721,0,0,0,0,0,0,0,0.29,0.00721,0.29,0.00721,0.29,0.00721,0.29,0.00721
8,58,cube,0,0.00721,0,0,0,0,0,0,0,0,0.00721,0,0,0,0,0,0,0,0.295,0.00721,0.295,0.00721,0.295,0.00721,0.295,0.00721
8,59,cube,0,0.00721,0,0,0,0,0,0,0,0,0.00721,0,0,0,0,0,0,0,0.3,0.00721,0.3,0.00721,0.3,0.00721,0.3,0.00721
8,60,cube,0,0.00721,0,0,0,0,0,0,0,0,0.00721,0,0,0,0,0,0,0,0.305,0.00721,0.305,0.00721,0.305,0.00721,0.305,0.00721
8,61,cube,0,0.00721,0,0,0,0,0,0,0,0,0.00721,0,0,0,0,0,0,0,0.31,0.00721,0.31,0.00721,0.31,0.00721,0.31,0.00721
8,62,cube,0,0.00721,0,0,0,0,0,0,0,0,0.00721,0,0,0,0,0,0,0,0.315,0.00721,0.315,0.00721,0.315,0.00721,0.315,0.00721
8,63,cube,0,0.00721,0,0,0,0,0,0,0,0,0.00721,0,0,0,0,0,0,0,0.32,0.00721,0.32,0.00721,0.32,0.00721,0.32,0.00721
8,64,cube,0,0.00721,0,0,0,0,0,0,0,0,0.00721,0,0,0,0,0,0,0,0.325,0.00721,0.325,0.00721,0.325,0.00721,0.325,0.00721
8,65,cube,0,0.00721,0,0,0,0,0,0,0,0,0.00721,0,0,0,0,0,0,0,0.33,0.00721,0.33,0.00721,0.33,0.00721,0.33,0.00721
8,66,cube,0,0.00721,0,0,0,0,0,0,0,0,0.00721,0,0,0,0,0,0,0,0.335,0.00721,0.335,0.00721,0.335,0.00721,0.335,0.00721
8,67,cube,0,0.00721,0,0,0,0,0,0,0,0,0.00721,0,0,0,0,0,0,0,0.34,0.00721,0.34,0.00721,0.34,0.00721,0.34,0.00721
8,68,cube,0,0.00721,0,0,0,0,0,0,0,0,0.00721,0,0,0,0,0,0,0,0.345,0.00721,0.345,0.00721,0.345,0.00721,0.345,0.00721
8,69,cube,0,0.00721,0,0,0,0,0,0,0,0,0.00721,0,0,0,0,0,0,0,0.35,0.00721,0.35,0.00721,0.35,0.00721,0.35,0.00721
8,70,cube,0,0.00721,0,0,0,0,0,0,0,0,0.00721,0,0,0,0,0,0,0,0.355,0.00721,0.355,0.00721,0.355,0.00721,0.355,0.00721
8,71,cube,0,0.00721,0,0,0,0,0,0,0,0,0.00721,0,0,0,0,0,0,0,0.36,0.00721,0.36,0.00721,0.36,0.00721,0.36,0.00721
8,72,cube,0,0.00721,0,0,0,0,0,0,0,0,0.00721,0,0,0,0,0,0,0,0.365,0.00721,0.365,0.00721,0.365,0.00721,0.365,0.00721
8,73,cube,0,0.00721,0,0,0,0,0,0,0,0,0.00721,0,0,0,0,0,0,0,0.37,0.00721,0.37,0.00721,0.37,0.00721,0.37,0.00721
8,74,cube,0,0.00721,0,0,0,0,0,0,0,0,0.00721,0,0,0,0,0,0,0,0.375,0.00721,0.375,0.00721,0.375,0.00721,0.375,0.00721
8,75,cube,0,0.00721,0,0,0,0,0,0,0,0,0.00721,0,0,0,0,0,0,0,0.38,0.00721,0.38,0.00721,0.38,0.00721,0.38,0.00721
8,76,cube,0,0.00721,0,0,0,0,0,0,0,0,0.00721,0,0,0,0,0,0,0,0.385,0.00721,0.385,0.00721,0.385,0.00721,0.385,0.00721
8,77,cube,0,0.00721,0,0,0,0,0,0,0,0,0.00721,0,0,0,0,0,0,0,0.39,0.00721,0.39,0.00721,0.39,0.00721,0.39,0.00721
8,78,cube,0,0.00721,0,0,0,0,0,0,0,0,0.00721,0,0,0,0,0,0,0,0.395,0.00721,0.395,0.00721,0.395,0.00721,0.395,0.00721
8,79,cube,0,0.00721,0,0,0,0,0,0,0,0,0.00721,0,0,0,0,0,0,0,0.4,0.00721,0.4,0.00721,0.4,0.00721,0.4,0.00721
8,80,cube,0,0.00721,0,0,0,0,0,0,0,0,0.00721,0,0,0,0,0,0,0,0.405,0.00721,0.405,0.00721,0.405,0.00721,0.405,0.00721
8,81,cube,0,0.00721,0,0,0,0,0,0,0,0,0.00721,0,0,0,0,0,0,0,0.41,0.00721,0.41,0.00721,0.41,0.00721,0.41,0.00721
8,82,cube,0,0.00721,0,0,0,0,0,0,0,0,0.00721,0,0,0,0,0,0,0,0.415,0.00721,0.415,0.00721,0.415,0.00721,0.415,0.00721
8,83,cube,0,0.00721,0,0,0,0,0,0,0,0,0.00721,0,0,0,0,0,0,0,0.42,0.00721,0.42,0.00721,0.42,0.00721,0.42,0.00721
8,84,cube,0,0.00721,0,0,0,0,0,0,0,0,0.00721,0,0,0,0,0,0,0,0.425,0.00721,0.425,0.00721,0.425,0.00721,0.425,0.00721
8,85,cube,0,0.00741,0,0,0,0,0,0,0,1,0.01073,0,0,0,0,0,0,0,0.43,0.00741,0.43,0.00698,0.43,0.00761,0.43,0.01073
8,86,cube,0,0.00772,0,0,0,0,0,0,0,1,0.0177,0,0,0,0,0,0,0,0.435,0.00772,0.435,0.00665,0.435,0.00822,0.435,0.0177
8,87,cube,0,0.008,0,0,0,0,0,0,0,1,0.02591,1,0,0,0,0,0,0,0.44,0.008,0.44,0.0063,0.44,0.00875,0.44,0.02591
8,88,cube,0,0.00825,0,0,0,0,0,0,0,1,0.03536,1,1,0,0,0,0,0,0.445,0.00825,0.445,0.00597,0.445,0.0092,0.445,0.03536
8,89,cube,0,0.00848,0,0,0,0,0,0,0,1,0.04596,1,1,1,0,0,0,0,0.45,0.00848,0.45,0.00565,0.45,0.0096,0.45,0.04596
8,90,cube,1,0.01115,0,0,0,0,0,0,0,1,0.05226,1,1,1,1,0,0,0,0.455,0.00857,0.455,0.01115,0.455,0.01502,0.455,0.05226
8,91,cube,1,0.01854,0,0,0,0,0,0,0,1,0.05971,1,1,1,1,0,0,0,0.46,0.00889,0.46,0.01854,0.46,0.01863,0.46,0.05971
8,92,cube,1,0.02724,1,0,0,0,0,0,0,1,0.06536,1,1,1,1,1,0,0,0.465,0.00911,0.465,0.02724,0.465,0.02405,0.465,0.06536
8,93,cube,1,0.03688,1,1,0,0,0,0,0,1,0.0726,1,1,1,1,1,0,0,0.47,0.00944,0.47,0.03688,0.47,0.02726,0.47,0.0726
8,94,cube,1,0.04753,1,1,1,0,0,0,0,1,0.07862,1,1,1,1,1,0,0,0.475,0.00966,0.475,0.04753,0.475,0.03151,0.475,0.07862
8,95,cube,1,0.05875,1,1,1,1,0,0,0,1,0.08581,1,1,1,1,1,1,0,0.48,0.00997,0.48,0.05875,0.48,0.03482,0.48,0.08581
8,96,cube,1,0.06975,1,1,1,1,1,0,0,1,0.09111,1,1,1,1,1,1,0,0.485,0.01077,0.485,0.06975,0.485,0.04025,0.485,0.09111
8,97,cube,1,0.07614,1,1,1,1,1,0,0,1,0.09829,1,1,1,1,1,1,0,0.49,0.0179,0.49,0.07614,0.49,0.04365,0.49,0.09829
8,98,cube,1,0.08457,1,1,1,1,1,1,0,1,0.1036,1,1,1,1,1,1,1,0.495,0.02151,0.495,0.08457,0.495,0.04927,0.495,0.1036
8,99,cube,1,0.09128,1,1,1,1,1,1,0,1,0.11057,1,1,1,1,1,1,1,0.5,0.02659,0.5,0.09128,0.5,0.05272,0.5,0.11057
8,100,cube,1,0.09472,1,1,1,1,1,1,0,1,0.11085,1,1,1,1,1,1,1,0.505,0.02958,0.5,0.09472,0.505,0.05811,0.5,0.11085
8,101,cube,1,0.09642,1,1,1,1,1,1,0,1,0.11276,1,1,1,1,1,1,1,0.51,0.03436,0.5,0.09642,0.51,0.06155,0.5,0.11276
8,102,cube,1,0.09979,1,1,1,1,1,1,0,1,0.11284,1,1,1,1,1,1,1,0.515,0.03724,0.5,0.09979,0.515,0.06722,0.5,0.11284
8,103,cube,1,0.10143,1,1,1,1,1,1,1,1,0.11451,1,1,1,1,1,1,1,0.52,0.04199,0.5,0.10143,0.52,0.07092,0.5,0.11451
8,104,cube,1,0.10475,1,1,1,1,1,1,1,1,0.1144,1,1,1,1,1,1,1,0.525,0.0449,0.5,0.10475,0.525,0.07675,0.5,0.1144
8,105,cube,1,0.10638,1,1,1,1,1,1,1,1,0.11602,1,1,1,1,1,1,1,0.53,0.04964,0.5,0.10638,0.53,0.0804,0.5,0.11602
8,106,cube,1,0.10969,1,1,1,1,1,1,1,1,0.11591,1,1,1,1,1,1,1,0.535,0.05257,0.5,0.10969,0.535,0.08616,0.5,0.11591
8,107,cube,1,0.1113,1,1,1,1,1,1,1,1,0.11751,1,1,1,1,1,1,1,0.54,0.05734,0.5,0.1113,0.54,0.08982,0.5,0.11751
8,108,cube,1,0.11461,1,1,1,1,1,1,1,1,0.11739,1,1,1,1,1,1,1,0.545,0.06027,0.5,0.11461,0.545,0.09557,0.5,0.11739
8,109,cube,1,0.11626,1,1,1,1,1,1,1,1,0.11901,1,1,1,1,1,1,1,0.55,0.06501,0.5,0.11626,0.55,0.09924,0.5,0.11901
8,110,cube,1,0.1196,1,1,1,1,1,1,1,1,0.11889,1,1,1,1,1,1,1,0.555,0.06794,0.5,0.1196,0.555,0.10503,0.5,0.11889
8,111,cube,1,0.12123,1,1,1,1,1,1,1,1,0.12051,1,1,1,1,1,1,1,0.56,0.07274,0.5,0.12123,0.56,0.10872,0.5,0.12051
8,112,cube,1,0.12459,1,1,1,1,1,1,1,1,0.12038,1,1,1,1,1,1,1,0.565,0.07569,0.5,0.12459,0.565,0.11455,0.5,0.12038
8,113,cube,1,0.12625,1,1,1,1,1,1,1,1,0.12203,1,1,1,1,1,1,1,0.57,0.08045,0.5,0.12625,0.57,0.11819,0.5,0.12203
8,114,cube,1,0.12966,1,1,1,1,1,1,1,1,0.12395,1,1,1,1,1,1,1,0.575,0.08335,0.5,0.12966,0.575,0.12395,0.5,0.12194
8,115,cube,1,0.13133,1,1,1,1,1,1,1,1,0.12764,1,1,1,1,1,1,1,0.58,0.08814,0.5,0.13133,0.58,0.12764,0.5,0.1236
8,116,cube,1,0.13474,1,1,1,1,1,1,1,1,0.13343,1,1,1,1,1,1,1,0.585,0.09106,0.5,0.13474,0.585,0.13343,0.5,0.12353
8,117,cube,1,0.13641,1,1,1,1,1,1,1,1,0.13707,1,1,1,1,1,1,1,0.59,0.09585,0.5,0.13641,0.59,0.13707,0.5,0.12524
8,118,cube,1,0.13987,1,1,1,1,1,1,1,1,0.14285,1,1,1,1,1,1,1,0.595,0.09875,0.5,0.13987,0.595,0.14285,0.5,0.12521
8,119,cube,1,0.14156,1,1,1,1,1,1,1,1,0.1466,1,1,1,1,1,1,1,0.6,0.10354,0.5,0.14156,0.6,0.1466,0.5,0.12693
8,120,cube,1,0.14501,1,1,1,1,1,1,1,1,0.15265,1,1,1,1,1,1,1,0.605,0.10654,0.5,0.14501,0.605,0.15265,0.5,0.12681
8,121,cube,1,0.14657,1,1,1,1,1,1,1,1,0.15656,1,1,1,1,1,1,1,0.61,0.1116,0.5,0.14657,0.61,0.15656,0.5,0.12847
8,122,cube,1,0.14996,1,1,1,1,1,1,1,1,0.1628,1,1,1,1,1,1,1,0.615,0.11478,0.5,0.14996,0.615,0.1628,0.5,0.12827
8,123,cube,1,0.15144,1,1,1,1,1,1,1,1,0.1668,1,1,1,1,1,1,1,0.62,0.11999,0.5,0.15144,0.62,0.1668,0.5,0.12991
8,124,cube,1,0.15482,1,1,1,1,1,1,1,1,0.17313,1,1,1,1,1,1,1,0.625,0.12323,0.5,0.15482,0.625,0.17313,0.5,0.12967
8,125,cube,1,0.15628,1,1,1,1,1,1,1,1,0.1772,1,1,1,1,1,1,1,0.63,0.1285,0.5,0.15628,0.63,0.1772,0.5,0.1313
9,0,cube,0,0.00296,0,0,0,0,0,0,0,0,0.00296,0,0,0,0,0,0,0,0.005,0.00296,0.005,0.00296,0.005,0.00296,0.005,0.00295
9,1,cube,0,0.0047,0,0,0,0,0,0,0,0,0.0047,0,0,0,0,0,0,0,0.01,0.0047,0.01,0.0047,0.01,0.0047,0.01,0.0047
9,2,cube,0,0.00574,0,0,0,0,0,0,0,0,0.00573,0,0,0,0,0,0,0,0.015,0.00573,0.015,0.00574,0.015,0.00573,0.015,0.00573
9,3,cube,0,0.00635,0,0,0,0,0,0,0,0,0.00634,0,0,0,0,0,0,0,0.02,0.00634,0.02,0.00635,0.02,0.00634,0.02,0.00633
9,4,cube,0,0.00671,0,0,0,0,0,0,0,0,0.0067,0,0,0,0,0,0,0,0.025,0.0067,0.025,0.00671,0.025,0.0067,0.025,0.00669
9,5,cube,0,0.00692,0,0,0,0,0,0,0,0,0.00692,0,0,0,0,0,0,0,0.03,0.00691,0.03,0.00692,0.03,0.00692,0.03,0.0069
9,6,cube,0,0.00705,0,0,0,0,0,0,0,0,0.00704,0,0,0,0,0,0,0,0.035,0.00704,0.035,0.00705,0.035,0.00704,0.035,0.00703
9,7,cube,0,0.00712,0,0,0,0,0,0,0,0,0.00712,0,0,0,0,0,0,0,0.04,0.00711,0.04,0.00712,0.04,0.00712,0.04,0.0071
9,8,cube,0,0.00716,0,0,0,0,0,0,0,0,0.00716,0,0,0,0,0,0,0,0.045,0.00716,0.045,0.00716,0.045,0.00716,0.045,0.00714
9,9,cube,0,0.00719,0,0,0,0,0,0,0,0,0.00719,0,0,0,0,0,0,0,0.05,0.00718,0.05,0.00719,0.05,0.00719,0.05,0.00717
9,10,cube,0,0.0072,0,0,0,0,0,0,0,0,0.0072,0,0,0,0,0,0,0,0.055,0.0072,0.055,0.0072,0.055,0.0072,0.055,0.00718
9,11,cube,0,0.00721,0,0,0,0,0,0,0,0,0.00721,0,0,0,0,0,0,0,0.06,0.00721,0.06,0.00721,0.06,0.00721,0.06,0.00719
9,12,cube,0,0.00722,0,0,0,0,0,0,0,0,0.00722,0,0,0,0,0,0,0,0.065,0.00721,0.065,0.00722,0.065,0.00722,0.065,0.0072
9,13,cube,0,0.00722,0,0,0,0,0,0,0,0,0.00722,0,0,0,0,0,0,0,0.07,0.00721,0.07,0.00722,0.07,0.00722,0.07,0.0072
9,14,cube,0,0.00722,0,0,0,0,0,0,0,0,0.00722,0,0,0,0,0,0,0,0.075,0.00722,0.075,0.00722,0.075,0.00722,0.075,0.0072
9,15,cube,0,0.00722,0,0,0,0,0,0,0,0,0.00722,0,0,0,0,0,0,0,0.08,0.00722,0.08,0.00722,0.08,0.00722,0.08,0.0072
9,16,cube,0,0.00722,0,0,0,0,0,0,0,0,0.00722,0,0,0,0,0,0,0,0.085,0.00722,0.085,0.00722,0.085,0.00722,0.085,0.0072
9,17,cube,0,0.00722,0,0,0,0,0,0,0,0,0.00723,0,0,0,0,0,0,0,0.09,0.00722,0.09,0.00722,0.09,0.00723,0.09,0.0072
9,18,cube,0,0.00722,0,0,0,0,0,0,0,0,0.00723,0,0,0,0,0,0,0,0.095,0.00722,0.095,0.00722,0.095,0.00723,0.095,0.0072
9,19,cube,0,0.00722,0,0,0,0,0,0,0,0,0.00722,0,0,0,0,0,0,0,0.1,0.00722,0.1,0.00722,0.1,0.00722,0.1,0.0072
9,20,cube,0,0.00722,0,0,0,0,0,0,0,0,0.00722,0,0,0,0,0,0,0,0.105,0.00722,0.105,0.00722,0.105,0.00722,0.105,0.0072
9,21,cube,0,0.00722,0,0,0,0,0,0,0,0,0.00722,0,0,0,0,0,0,0,0.11,0.00722,0.11,0.00722,0.11,0.00722,0.11,0.0072
9,22,cube,0,0.00722,0,0,0,0,0,0,0,0,0.00722,0,0,0,0,0,0,0,0.115,0.00722,0.115,0.00722,0.115,0.00722,0.115,0.0072
9,23,cube,0,0.00722,0,0,0,0,0,0,0,0,0.00722,0,0,0,0,0,0,0,0.12,0.00722,0.12,0.00722,0.12,0.00722,0.12,0.0072
9,24,cube,0,0.00722,0,0,0,0,0,0,0,0,0.00722,0,0,0,0,0,0,0,0.125,0.00722,0.125,0.00722,0.125,0.00722,0.125,0.0072
9,25,cube,0,0.00722,0,0,0,0,0,0,0,0,0.00722,0,0,0,0,0,0,0,0.13,0.00722,0.13,0.00722,0.13,0.00722,0.13,0.0072
9,26,cube,0,0.00722,0,0,0,0,0,0,0,0,0.00722,0,0,0,0,0,0,0,0.135,0.00722,0.135,0.00722,0.135,0.00722,0.135,0.0072
9,27,cube,0,0.00722,0,0,0,0,0,0,0,0,0.00723,0,0,0,0,0,0,0,0.14,0.00722,0.14,0.00722,0.14,0.00723,0.14,0.0072
9,28,cube,0,0.00722,0,0,0,0,0,0,0,0,0.00722,0,0,0,0,0,0,0,0.145,0.00722,0.145,0.00722,0.145,0.00722,0.145,0.0072
9,29,cube,0,0.00722,0,0,0,0,0,0,0,0,0.00722,0,0,0,0,0,0,0,0.15,0.00722,0.15,0.00722,0.15,0.00722,0.15,0.0072
9,30,cube,0,0.00722,0,0,0,0,0,0,0,0,0.00722,0,0,0,0,0,0,0,0.155,0.00722,0.155,0.00722,0.155,0.00722,0.155,0.0072
9,31,cube,0,0.00722,0,0,0,0,0,0,0,0,0.00722,0,0,0,0,0,0,0,0.16,0.00722,0.16,0.00722,0.16,0.00722,0.16,0.0072
9,32,cube,0,0.00722,0,0,0,0,0,0,0,0,0.00722,0,0,0,0,0,0,0,0.165,0.00722,0.165,0.00722,0.165,0.00722,0.165,0.0072
9,33,cube,0,0.00722,0,0,0,0,0,0,0,0,0.00722,0,0,0,0,0,0,0,0.17,0.00722,0.17,0.00722,0.17,0.00722,0.17,0.0072
9,34,cube,0,0.00722,0,0,0,0,0,0,0,0,0.00722,0,0,0,0,0,0,0,0.175,0.00722,0.175,0.00722,0.175,0.00722,0.175,0.0072
9,35,cube,0,0.00722,0,0,0,0,0,0,0,0,0.00722,0,0,0,0,0,0,0,0.18,0.00722,0.18,0.00722,0.18,0.00722,0.18,0.0072
9,36,cube,0,0.00722,0,0,0,0,0,0,0,0,0.00722,0,0,0,0,0,0,0,0.185,0.00722,0.185,0.00722,0.185,0.00722,0.185,0.0072
9,37,cube,0,0.00722,0,0,0,0,0,0,0,0,0.00722,0,0,0,0,0,0,0,0.19,0.00722,0.19,0.00722,0.19,0.00722,0.19,0.0072
9,38,cube,0,0.00722,0,0,0,0,0,0,0,0,0.00722,0,0,0,0,0,0,0,0.195,0.00722,0.195,0.00722,0.195,0.00722,0.195,0.0072
9,39,cube,0,0.00722,0,0,0,0,0,0,0,0,0.00722,0,0,0,0,0,0,0,0.2,0.00722,0.2,0.00722,0.2,0.00722,0.2,0.0072
9,40,cube,0,0.00722,0,0,0,0,0,0,0,0,0.00722,0,0,0,0,0,0,0,0.205,0.00722,0.205,0.00722,0.205,0.00722,0.205,0.0072
9,41,cube,0,0.00722,0,0,0,0,0,0,0,0,0.00722,0,0,0,0,0,0,0,0.21,0.00722,0.21,0.00722,0.21,0.00722,0.21,0.0072
9,42,cube,0,0.00722,0,0,0,0,0,0,0,0,0.00722,0,0,0,0,0,0,0,0.215,0.00721,0.215,0.00722,0.215,0.00722,0.215,0.0072
9,43,cube,0,0.00722,0,0,0,0,0,0,0,0,0.00722,0,0,0,0,0,0,0,0.22,0.00721,0.22,0.00722,0.22,0.00722,0.22,0.0072
9,44,cube,0,0.00722,0,0,0,0,0,0,0,0,0.00722,0,0,0,0,0,0,0,0.225,0.00721,0.225,0.00722,0.225,0.00722,0.225,0.00721
9,45,cube,0,0.00722,0,0,0,0,0,0,0,0,0.00722,0,0,0,0,0,0,0,0.23,0.00721,0.23,0.00722,0.23,0.00722,0.23,0.00721
9,46,cube,0,0.00722,0,0,0,0,0,0,0,0,0.00722,0,0,0,0,0,0,0,0.235,0.00721,0.235,0.00722,0.235,0.00722,0.235,0.00721
9,47,cube,0,0.00722,0,0,0,0,0,0,0,0,0.00722,0,0,0,0,0,0,0,0.24,0.00721,0.24,0.00722,0.24,0.00722,0.24,0.00721
9,48,cube,0,0.00722,0,0,0,0,0,0,0,0,0.00722,0,0,0,0,0,0,0,0.245,0.00721,0.245,0.00722,0.245,0.00722,0.245,0.00721
9,49,cube,0,0.00722,0,0,0,0,0,0,0,0,0.00722,0,0,0,0,0,0,0,0.25,0.00721,0.25,0.00722,0.25,0.00722,0.25,0.00721
9,50,cube,0,0.00722,0,0,0,0,0,0,0,0,0.00722,0,0,0,0,0,0,0,0.255,0.00721,0.255,0.00722,0.255,0.00722,0.255,0.00721
9,51,cube,0,0.00722,0,0,0,0,0,0,0,0,0.00722,0,0,0,0,0,0,0,0.26,0.00721,0.26,0.00722,0.26,0.00722,0.26,0.00721
9,52,cube,0,0.00722,0,0,0,0,0,0,0,0,0.00722,0,0,0,0,0,0,0,0.265,0.00721,0.265,0.00722,0.265,0.00722,0.265,0.00721
9,53,cube,0,0.00722,0,0,0,0,0,0,0,0,0.00722,0,0,0,0,0,0,0,0.27,0.00721,0.27,0.00722,0.27,0.00722,0.27,0.00721
9,54,cube,0,0.00722,0,0,0,0,0,0,0,0,0.00722,0,0,0,0,0,0,0,0.275,0.00721,0.275,0.00722,0.275,0.00722,0.275,0.00721
9,55,cube,0,0.00722,0,0,0,0,0,0,0,0,0.00722,0,0,0,0,0,0,0,0.28,0.00721,0.28,0.00722,0.28,0.00722,0.28,0.00721
9,56,cube,0,0.00722,0,0,0,0,0,0,0,0,0.00722,0,0,0,0,0,0,0,0.285,0.00721,0.285,0.00722,0.285,0.00722,0.285,0.00721
9,57,cube,0,0.00722,0,0,0,0,0,0,0,0,0.00722,0,0,0,0,0,0,0,0.29,0.00721,0.29,0.00722,0.29,0.00722,0.29,0.00721
9,58,cube,0,0.00722,0,0,0,0,0,0,0,0,0.00722,0,0,0,0,0,0,0,0.295,0.00721,0.295,0.00722,0.295,0.00722,0.295,0.00721
9,59,cube,0,0.00722,0,0,0,0,0,0,0,0,0.00722,0,0,0,0,0,0,0,0.3,0.00721,0.3,0.00722,0.3,0.00722,0.3,0.00721
9,60,cube,0,0.00722,0,0,0,0,0,0,0,0,0.00722,0,0,0,0,0,0,0,0.305,0.00721,0.305,0.00722,0.305,0.00722,0.305,0.00721
9,61,cube,0,0.00722,0,0,0,0,0,0,0,0,0.00722,0,0,0,0,0,0,0,0.31,0.00721,0.31,0.00722,0.31,0.00722,0.31,0.00721
9,62,cube,0,0.00722,0,0,0,0,0,0,0,0,0.00722,0,0,0,0,0,0,0,0.315,0.00721,0.315,0.00722,0.315,0.00722,0.315,0.00721
9,63,cube,0,0.00722,0,0,0,0,0,0,0,0,0.00722,0,0,0,0,0,0,0,0.32,0.00721,0.32,0.00722,0.32,0.00722,0.32,0.00721
9,64,cube,0,0.00722,0,0,0,0,0,0,0,0,0.00722,0,0,0,0,0,0,0,0.325,0.00721,0.325,0.00722,0.325,0.00722,0.325,0.00721
9,65,cube,0,0.00722,0,0,0,0,0,0,0,0,0.00722,0,0,0,0,0,0,0,0.33,0.00721,0.33,0.00722,0.33,0.00722,0.33,0.00721
9,66,cube,0,0.00722,0,0,0,0,0,0,0,0,0.00722,0,0,0,0,0,0,0,0.335,0.00721,0.335,0.00722,0.335,0.00722,0.335,0.00721
9,67,cube,0,0.00722,0,0,0,0,0,0,0,0,0.00722,0,0,0,0,0,0,0,0.34,0.00721,0.34,0.00722,0.34,0.00722,0.34,0.00721
9,68,cube,0,0.00722,0,0,0,0,0,0,0,0,0.00722,0,0,0,0,0,0,0,0.345,0.00721,0.345,0.00722,0.345,0.00722,0.345,0.00721
9,69,cube,0,0.00722,0,0,0,0,0,0,0,0,0.00722,0,0,0,0,0,0,0,0.35,0.00721,0.35,0.00722,0.35,0.00722,0.35,0.00721
9,70,cube,0,0.00722,0,0,0,0,0,0,0,0,0.00722,0,0,0,0,0,0,0,0.355,0.00721,0.355,0.00722,0.355,0.00722,0.355,0.00721
9,71,cube,0,0.00722,0,0,0,0,0,0,0,0,0.00722,0,0,0,0,0,0,0,0.36,0.00721,0.36,0.00722,0.36,0.00722,0.36,0.00721
9,72,cube,0,0.00722,0,0,0,0,0,0,0,0,0.00722,0,0,0,0,0,0,0,0.365,0.00721,0.365,0.00722,0.365,0.00722,0.365,0.00721
9,73,cube,0,0.00722,0,0,0,0,0,0,0,0,0.00722,0,0,0,0,0,0,0,0.37,0.00721,0.37,0.00722,0.37,0.00722,0.37,0.00721
9,74,cube,0,0.00722,0,0,0,0,0,0,0,0,0.00722,0,0,0,0,0,0,0,0.375,0.00721,0.375,0.00722,0.375,0.00722,0.375,0.00721
9,75,cube,0,0.00722,0,0,0,0,0,0,0,0,0.00722,0,0,0,0,0,0,0,0.38,0.00721,0.38,0.00722,0.38,0.00722,0.38,0.00721
9,76,cube,0,0.00722,0,0,0,0,0,0,0,0,0.00722,0,0,0,0,0,0,0,0.385,0.00721,0.385,0.00722,0.385,0.00722,0.385,0.00721
9,77,cube,0,0.00722,0,0,0,0,0,0,0,0,0.00722,0,0,0,0,0,0,0,0.39,0.00721,0.39,0.00722,0.39,0.00722,0.39,0.00721
9,78,cube,0,0.00722,0,0,0,0,0,0,0,0,0.00722,0,0,0,0,0,0,0,0.395,0.00721,0.395,0.00722,0.395,0.00722,0.395,0.00721
9,79,cube,0,0.00722,0,0,0,0,0,0,0,0,0.00722,0,0,0,0,0,0,0,0.4,0.00721,0.4,0.00722,0.4,0.00722,0.4,0.00721
9,80,cube,0,0.00721,0,0,0,0,0,0,0,0,0.00722,0,0,0,0,0,0,0,0.405,0.00721,0.405,0.00721,0.405,0.00722,0.405,0.00721
9,81,cube,0,0.00721,0,0,0,0,0,0,0,0,0.00722,0,0,0,0,0,0,0,0.41,0.00721,0.41,0.00721,0.41,0.00722,0.41,0.00721
9,82,cube,0,0.00721,0,0,0,0,0,0,0,0,0.00722,0,0,0,0,0,0,0,0.415,0.00721,0.415,0.00721,0.415,0.00722,0.415,0.00721
9,83,cube,0,0.00721,0,0,0,0,0,0,0,0,0.00722,0,0,0,0,0,0,0,0.42,0.00721,0.42,0.00721,0.42,0.00722,0.42,0.00721
9,84,cube,0,0.00721,0,0,0,0,0,0,0,0,0.00722,0,0,0,0,0,0,0,0.425,0.00721,0.425,0.00721,0.425,0.00722,0.425,0.00721
9,85,cube,0,0.00741,0,0,0,0,0,0,0,1,0.0107,0,0,0,0,0,0,0,0.43,0.00741,0.43,0.00697,0.43,0.00764,0.43,0.0107
9,86,cube,0,0.00773,0,0,0,0,0,0,0,1,0.01768,0,0,0,0,0,0,0,0.435,0.00773,0.435,0.00663,0.435,0.00827,0.435,0.01768
9,87,cube,0,0.00802,0,0,0,0,0,0,0,1,0.026,1,0,0,0,0,0,0,0.44,0.00802,0.44,0.00626,0.44,0.00881,0.44,0.026
9,88,cube,0,0.00829,0,0,0,0,0,0,0,1,0.03558,1,1,0,0,0,0,0,0.445,0.00829,0.445,0.00589,0.445,0.00928,0.445,0.03558
9,89,cube,0,0.00849,0,0,0,0,0,0,0,1,0.04528,1,1,1,0,0,0,0,0.45,0.00849,0.45,0.00561,0.45,0.01016,0.45,0.04528
9,90,cube,1,0.01098,0,0,0,0,0,0,0,1,0.05177,1,1,1,1,0,0,0,0.455,0.00865,0.455,0.01098,0.455,0.015,0.455,0.05177
9,91,cube,1,0.01818,0,0,0,0,0,0,0,1,0.05943,1,1,1,1,0,0,0,0.46,0.00906,0.46,0.01818,0.46,0.01846,0.46,0.05943
9,92,cube,1,0.02669,1,0,0,0,0,0,0,1,0.06514,1,1,1,1,1,0,0,0.465,0.00934,0.465,0.02669,0.465,0.02415,0.465,0.06514
9,93,cube,1,0.03625,1,1,0,0,0,0,0,1,0.07213,1,1,1,1,1,0,0,0.47,0.00973,0.47,0.03625,0.47,0.02798,0.47,0.07213
9,94,cube,1,0.04693,1,1,1,0,0,0,0,1,0.07716,1,1,1,1,1,0,0,0.475,0.01003,0.475,0.04693,0.475,0.03392,0.475,0.07716
9,95,cube,1,0.05326,1,1,1,1,0,0,0,1,0.08398,1,1,1,1,1,1,0,0.48,0.01585,0.48,0.05326,0.48,0.03747,0.48,0.08398
9,96,cube,1,0.06125,1,1,1,1,1,0,0,1,0.08882,1,1,1,1,1,1,0,0.485,0.01945,0.485,0.06125,0.485,0.04368,0.485,0.08882
9,97,cube,1,0.06734,1,1,1,1,1,0,0,1,0.09533,1,1,1,1,1,1,0,0.49,0.02512,0.49,0.06734,0.49,0.04761,0.49,0.09533
9,98,cube,1,0.07514,1,1,1,1,1,0,0,1,0.09995,1,1,1,1,1,1,0,0.495,0.02861,0.495,0.07514,0.495,0.05379,0.495,0.09995
9,99,cube,1,0.08103,1,1,1,1,1,1,0,1,0.10626,1,1,1,1,1,1,1,0.5,0.0342,0.5,0.08103,0.5,0.05767,0.5,0.10626
9,100,cube,1,0.08359,1,1,1,1,1,1,0,1,0.10577,1,1,1,1,1,1,1,0.505,0.03767,0.5,0.08359,0.505,0.06373,0.5,0.10577
9,101,cube,1,0.08432,1,1,1,1,1,1,0,1,0.10692,1,1,1,1,1,1,1,0.51,0.0432,0.5,0.08432,0.51,0.06764,0.5,0.10692
9,102,cube,1,0.08674,1,1,1,1,1,1,0,1,0.10624,1,1,1,1,1,1,1,0.515,0.04663,0.5,0.08674,0.515,0.07381,0.5,0.10624
9,103,cube,1,0.08738,1,1,1,1,1,1,0,1,0.10725,1,1,1,1,1,1,1,0.52,0.05207,0.5,0.08738,0.52,0.07777,0.5,0.10725
9,104,cube,1,0.08972,1,1,1,1,1,1,0,1,0.1065,1,1,1,1,1,1,1,0.525,0.05547,0.5,0.08972,0.525,0.08391,0.5,0.1065
9,105,cube,1,0.09033,1,1,1,1,1,1,0,1,0.10748,1,1,1,1,1,1,1,0.53,0.06082,0.5,0.09033,0.53,0.08781,0.5,0.10748
9,106,cube,1,0.09265,1,1,1,1,1,1,0,1,0.10676,1,1,1,1,1,1,1,0.535,0.06418,0.5,0.09265,0.535,0.09388,0.5,0.10676
9,107,cube,1,0.0933,1,1,1,1,1,1,0,1,0.10783,1,1,1,1,1,1,1,0.54,0.06949,0.5,0.0933,0.54,0.09773,0.5,0.10783
9,108,cube,1,0.09568,1,1,1,1,1,1,0,1,0.10735,1,1,1,1,1,1,1,0.545,0.07275,0.5,0.09568,0.545,0.1034,0.5,0.10735
9,109,cube,1,0.0964,1,1,1,1,1,1,0,1,0.10861,1,1,1,1,1,1,1,0.55,0.07802,0.5,0.0964,0.55,0.10709,0.5,0.10861
9,110,cube,1,0.0988,1,1,1,1,1,1,0,1,0.11295,1,1,1,1,1,1,1,0.555,0.08137,0.5,0.0988,0.555,0.11295,0.5,0.10816
9,111,cube,1,0.09955,1,1,1,1,1,1,0,1,0.11665,1,1,1,1,1,1,1,0.56,0.08661,0.5,0.09955,0.56,0.11665,0.5,0.10945
9,112,cube,1,0.10198,1,1,1,1,1,1,1,1,0.12252,1,1,1,1,1,1,1,0.565,0.08994,0.5,0.10198,0.565,0.12252,0.5,0.10901
9,113,cube,1,0.10263,1,1,1,1,1,1,1,1,0.12639,1,1,1,1,1,1,1,0.57,0.09539,0.5,0.10263,0.57,0.12639,0.5,0.11024
9,114,cube,1,0.10497,1,1,1,1,1,1,1,1,0.13271,1,1,1,1,1,1,1,0.575,0.09888,0.5,0.10497,0.575,0.13271,0.5,0.10957
9,115,cube,1,0.10552,1,1,1,1,1,1,1,1,0.13684,1,1,1,1,1,1,1,0.58,0.10445,0.5,0.10552,0.58,0.13684,0.5,0.11058
9,116,cube,1,0.10788,1,1,1,1,1,1,1,1,0.1431,1,1,1,1,1,1,1,0.585,0.10788,0.5,0.10785,0.585,0.1431,0.5,0.10982
9,117,cube,1,0.11314,1,1,1,1,1,1,1,1,0.14705,1,1,1,1,1,1,1,0.59,0.11314,0.5,0.10852,0.59,0.14705,0.5,0.11083
9,118,cube,1,0.11644,1,1,1,1,1,1,1,1,0.15314,1,1,1,1,1,1,1,0.595,0.11644,0.5,0.11094,0.595,0.15314,0.5,0.11013
9,119,cube,1,0.12167,1,1,1,1,1,1,1,1,0.15706,1,1,1,1,1,1,1,0.6,0.12167,0.5,0.11167,0.6,0.15706,0.5,0.11117
9,120,cube,1,0.12494,1,1,1,1,1,1,1,1,0.16311,1,1,1,1,1,1,1,0.605,0.12494,0.5,0.11416,0.605,0.16311,0.5,0.11049
9,121,cube,1,0.13016,1,1,1,1,1,1,1,1,0.16701,1,1,1,1,1,1,1,0.61,0.13016,0.5,0.11494,0.61,0.16701,0.5,0.11157
9,122,cube,1,0.13344,1,1,1,1,1,1,1,1,0.17315,1,1,1,1,1,1,1,0.615,0.13344,0.5,0.11748,0.615,0.17315,0.5,0.11089
9,123,cube,1,0.13863,1,1,1,1,1,1,1,1,0.17701,1,1,1,1,1,1,1,0.62,0.13863,0.5,0.1183,0.62,0.17701,0.5,0.11199
9,124,cube,1,0.1419,1,1,1,1,1,1,1,1,0.18312,1,1,1,1,1,1,1,0.625,0.1419,0.5,0.1209,0.625,0.18312,0.5,0.11134
9,125,cube,1,0.14711,1,1,1,1,1,1,1,1,0.18705,1,1,1,1,1,1,1,0.63,0.14711,0.5,0.12175,0.63,0.18705,0.5,0.11244
